<?xml version="1.0" encoding="UTF-8"?><kml xmlns="http://www.opengis.net/kml/2.2"><Document><name>Auckland Walks — LINZ unnamed foot-track clusters</name><Style id="c"><LineStyle><color>ffff00ff</color><width>5</width></LineStyle></Style><Placemark><name>Algies Bay LINZ foot track 1</name><description>Sheet row 811; LINZ t50_fid(s) 3574116</description><styleUrl>#c</styleUrl><MultiGeometry><LineString><tessellate>1</tessellate><coordinates>174.738791,-36.427818 174.738890,-36.427895 174.739011,-36.428149 174.739158,-36.428278 174.739714,-36.428439 174.739825,-36.428493 174.739880,-36.428613 174.739843,-36.428846 174.740003,-36.429087 174.739999,-36.429202 174.739876,-36.429537 174.739821,-36.429612 174.739881,-36.429733 174.739888,-36.429801 174.739909,-36.429862 174.739839,-36.429942 174.739561,-36.430084 174.739379,-36.430119 174.739264,-36.430103 174.739061,-36.430143 174.738798,-36.430094 174.738615,-36.430089 174.738195,-36.430188 174.737958,-36.430198</coordinates></LineString></MultiGeometry></Placemark><Placemark><name>Algies Bay LINZ foot track 2</name><description>Sheet row 812; LINZ t50_fid(s) 3574115</description><styleUrl>#c</styleUrl><MultiGeometry><LineString><tessellate>1</tessellate><coordinates>174.744595,-36.437808 174.744475,-36.437811 174.744389,-36.437807 174.743774,-36.437747 174.742748,-36.437649 174.742108,-36.437606 174.741576,-36.437627 174.741159,-36.437659 174.740847,-36.437691 174.740686,-36.437697</coordinates></LineString></MultiGeometry></Placemark><Placemark><name>Algies Bay LINZ foot track 3</name><description>Sheet row 813; LINZ t50_fid(s) 100053497</description><styleUrl>#c</styleUrl><MultiGeometry><LineString><tessellate>1</tessellate><coordinates>174.740124,-36.434504 174.740395,-36.434398 174.740860,-36.434198 174.740953,-36.434148 174.741143,-36.433994 174.741190,-36.433970 174.741790,-36.433879</coordinates></LineString></MultiGeometry></Placemark><Placemark><name>Whangaparapara, Aotea / Great Barrier LINZ foot track 1</name><description>Sheet row 814; LINZ t50_fid(s) 3593477</description><styleUrl>#c</styleUrl><MultiGeometry><LineString><tessellate>1</tessellate><coordinates>175.392832,-36.217057 175.392733,-36.217003 175.392606,-36.216861 175.392494,-36.216781 175.392300,-36.216692 175.392165,-36.216675 175.392040,-36.216694 175.391969,-36.216785 175.391970,-36.216930 175.392006,-36.217057 175.392070,-36.217255</coordinates></LineString></MultiGeometry></Placemark><Placemark><name>Arataki / Waitākere LINZ foot track 1</name><description>Sheet row 815; LINZ t50_fid(s) 3584278</description><styleUrl>#c</styleUrl><MultiGeometry><LineString><tessellate>1</tessellate><coordinates>174.619417,-36.950844 174.619204,-36.950855 174.618876,-36.950930 174.618076,-36.951191</coordinates></LineString></MultiGeometry></Placemark><Placemark><name>Mt Albert LINZ foot track 1</name><description>Sheet row 816; LINZ t50_fid(s) 6250315,6250157,6250316,8520555,8520918,8520919,8520969,6249958,8520883,8520884,8520917,8520970,8520971</description><styleUrl>#c</styleUrl><MultiGeometry><LineString><tessellate>1</tessellate><coordinates>174.725540,-36.896295 174.725608,-36.896334 174.725623,-36.896375 174.725648,-36.896398 174.725682,-36.896414 174.725719,-36.896421 174.725756,-36.896420 174.725939,-36.896415 174.725986,-36.896424 174.726037,-36.896445 174.726088,-36.896460</coordinates></LineString><LineString><tessellate>1</tessellate><coordinates>174.726088,-36.896460 174.726133,-36.896451 174.726181,-36.896487 174.726222,-36.896527 174.726281,-36.896563 174.726364,-36.896579 174.726442,-36.896608 174.726507,-36.896653 174.726533,-36.896702 174.726568,-36.896756 174.726655,-36.896804 174.726770,-36.896862 174.726890,-36.896904 174.726993,-36.896955 174.727113,-36.896980 174.727249,-36.897022 174.727398,-36.897109 174.727451,-36.897132 174.727459,-36.897136 174.727550,-36.897176 174.727696,-36.897248 174.727836,-36.897337 174.727988,-36.897391 174.728068,-36.897397 174.728218,-36.897398 174.728366,-36.897425 174.728490,-36.897475</coordinates></LineString><LineString><tessellate>1</tessellate><coordinates>174.729346,-36.896822 174.729268,-36.897178 174.729248,-36.897262 174.729232,-36.897295 174.729197,-36.897323 174.729165,-36.897336 174.729079,-36.897338 174.728992,-36.897329 174.728913,-36.897322 174.728857,-36.897324 174.728777,-36.897340 174.728648,-36.897382 174.728568,-36.897414 174.728508,-36.897440 174.728490,-36.897475</coordinates></LineString><LineString><tessellate>1</tessellate><coordinates>174.712678,-36.899545 174.713000,-36.899681 174.713492,-36.899841 174.714419,-36.900093 174.715125,-36.900295 174.715115,-36.900409 174.715136,-36.900475 174.715172,-36.900535 174.715217,-36.900590 174.715291,-36.900635 174.715377,-36.900675 174.715482,-36.900691 174.715609,-36.900689 174.715766,-36.900671 174.715918,-36.900636 174.716034,-36.900591 174.716149,-36.900536 174.716283,-36.900446 174.716362,-36.900376 174.716960,-36.899849 174.717426,-36.899388 174.717679,-36.899108 174.717825,-36.898932 174.718069,-36.898593 174.718211,-36.898663 174.718276,-36.898666 174.718312,-36.898649 174.718336,-36.898604 174.718345,-36.898535 174.718369,-36.898487 174.718448,-36.898412 174.718598,-36.898318 174.718744,-36.898235 174.718837,-36.898183 174.718989,-36.898089 174.719146,-36.897988 174.719268,-36.897936 174.719397,-36.897907 174.719502,-36.897909 174.719570,-36.897881 174.719719,-36.897813 174.719811,-36.897781 174.719896,-36.897749 174.719994,-36.897715 174.720059,-36.897703 174.720121,-36.897697 174.720179,-36.897690 174.720237,-36.897665 174.720301,-36.897631 174.720365,-36.897586 174.720447,-36.897551 174.720535,-36.897531 174.720621,-36.897527 174.720706,-36.897515 174.720771,-36.897492 174.720852,-36.897460 174.720948,-36.897437 174.721238,-36.897375 174.721521,-36.897313 174.721688,-36.897269 174.721845,-36.897248 174.722050,-36.897223 174.722194,-36.897207 174.722337,-36.897209 174.722528,-36.897211 174.722694,-36.897205 174.722818,-36.897193 174.723189,-36.897130</coordinates></LineString><LineString><tessellate>1</tessellate><coordinates>174.723189,-36.897130 174.723182,-36.897060 174.723101,-36.896803 174.723074,-36.896740 174.723039,-36.896700 174.722849,-36.896572 174.722797,-36.896516 174.722769,-36.896424 174.722769,-36.896317 174.722791,-36.896238 174.722788,-36.896110 174.722762,-36.896007 174.722712,-36.895926 174.722646,-36.895847 174.722608,-36.895767 174.722567,-36.895614 174.722599,-36.895470 174.722610,-36.895356 174.722600,-36.895290 174.722528,-36.895204 174.722435,-36.895156 174.722301,-36.895119 174.722165,-36.894943</coordinates></LineString><LineString><tessellate>1</tessellate><coordinates>174.723189,-36.897130 174.723313,-36.897103 174.723397,-36.897099 174.723622,-36.897104 174.723716,-36.897097 174.723862,-36.897057 174.723975,-36.897037 174.724205,-36.897014 174.724576,-36.896962 174.724807,-36.896911 174.724956,-36.896872 174.725242,-36.896759 174.725317,-36.896739 174.725395,-36.896737 174.725610,-36.896736 174.725707,-36.896724 174.725796,-36.896717 174.725870,-36.896680 174.725903,-36.896638 174.725914,-36.896620 174.725930,-36.896591 174.725953,-36.896538 174.725983,-36.896508 174.726017,-36.896488 174.726088,-36.896460</coordinates></LineString><LineString><tessellate>1</tessellate><coordinates>174.712678,-36.899545 174.712628,-36.899639 174.712631,-36.899696 174.712716,-36.899927 174.712834,-36.900244 174.713003,-36.900717</coordinates></LineString><LineString><tessellate>1</tessellate><coordinates>174.728490,-36.897475 174.728621,-36.897562 174.728702,-36.897608 174.728862,-36.897635 174.728995,-36.897682 174.729104,-36.897732 174.729200,-36.897802 174.729282,-36.897890 174.729341,-36.897931 174.729481,-36.897983 174.729620,-36.898053 174.729704,-36.898108 174.729767,-36.898149 174.729858,-36.898232 174.729927,-36.898312 174.729987,-36.898407 174.730073,-36.898522 174.730201,-36.898626 174.730344,-36.898708 174.730380,-36.898786 174.730419,-36.898892 174.730454,-36.898968 174.730576,-36.899052 174.730685,-36.899110 174.730751,-36.899188 174.730799,-36.899258 174.730877,-36.899336 174.730995,-36.899411 174.731118,-36.899535 174.731187,-36.899615 174.731202,-36.899736 174.731260,-36.899831 174.731317,-36.900015 174.731328,-36.900049 174.731513,-36.900342 174.731746,-36.900683 174.731947,-36.900927 174.732067,-36.901055 174.732124,-36.901142 174.732177,-36.901213 174.732313,-36.901310 174.732386,-36.901392 174.732443,-36.901490 174.732498,-36.901619 174.732524,-36.901704 174.732599,-36.901782 174.732698,-36.901847 174.732890,-36.901969 174.733052,-36.902085 174.733177,-36.902180 174.733344,-36.902296 174.733505,-36.902415 174.733574,-36.902456 174.733635,-36.902487 174.733625,-36.902528 174.733586,-36.902696 174.733583,-36.902705 174.733660,-36.902752 174.733792,-36.902848 174.733926,-36.902941 174.734114,-36.903079 174.734306,-36.903205 174.734452,-36.903322 174.734595,-36.903424 174.734721,-36.903513 174.734853,-36.903591 174.735076,-36.903701 174.735223,-36.903768 174.735334,-36.903793 174.735466,-36.903788 174.735564,-36.903769 174.735679,-36.903702 174.735788,-36.903650 174.735946,-36.903585 174.736123,-36.903537 174.736359,-36.903478 174.736547,-36.903498 174.736699,-36.903545 174.736837,-36.903581 174.737043,-36.903603 174.737255,-36.903718 174.737311,-36.903759 174.737436,-36.903829 174.737531,-36.903959 174.737641,-36.904104 174.737739,-36.904204 174.737838,-36.904327 174.737926,-36.904424 174.737993,-36.904506 174.738139,-36.904592 174.738270,-36.904637 174.738405,-36.904706 174.738651,-36.904827</coordinates></LineString><LineString><tessellate>1</tessellate><coordinates>174.705677,-36.894851 174.705852,-36.894688 174.705860,-36.894681 174.705965,-36.894628 174.706055,-36.894617 174.706132,-36.894624 174.706216,-36.894662 174.706659,-36.894986 174.706908,-36.895223 174.707098,-36.895461 174.707614,-36.896128 174.707774,-36.896335 174.707849,-36.896389 174.707913,-36.896418 174.707988,-36.896433 174.708066,-36.896442 174.708150,-36.896452 174.708269,-36.896496 174.708489,-36.896641 174.708941,-36.896948 174.709145,-36.897073</coordinates></LineString><LineString><tessellate>1</tessellate><coordinates>174.712678,-36.899545 174.711923,-36.899204 174.711806,-36.899127 174.711655,-36.899015 174.711476,-36.898909 174.710747,-36.898524 174.710316,-36.898276 174.710189,-36.898230 174.709958,-36.898161 174.709763,-36.898088</coordinates></LineString><LineString><tessellate>1</tessellate><coordinates>174.709763,-36.898088 174.709720,-36.898149 174.709724,-36.898180 174.709778,-36.898248 174.710039,-36.898576 174.710118,-36.898673 174.710174,-36.898728 174.710189,-36.898758 174.710171,-36.898773 174.710142,-36.898774 174.710075,-36.898736 174.710041,-36.898736 174.710030,-36.898757 174.710033,-36.898780 174.710314,-36.898990 174.710520,-36.899154 174.710413,-36.899290 174.710337,-36.899362 174.710214,-36.899468</coordinates></LineString><LineString><tessellate>1</tessellate><coordinates>174.709763,-36.898088 174.709489,-36.897913 174.709300,-36.897759 174.709246,-36.897669 174.709235,-36.897588 174.709297,-36.897337 174.709291,-36.897291 174.709282,-36.897233 174.709258,-36.897175 174.709145,-36.897073</coordinates></LineString><LineString><tessellate>1</tessellate><coordinates>174.709145,-36.897073 174.709224,-36.897021 174.709389,-36.896938 174.709478,-36.896872 174.709815,-36.896565 174.709906,-36.896501</coordinates></LineString></MultiGeometry></Placemark><Placemark><name>Waiatarua Reserve LINZ foot track network (likely)</name><description>Sheet row 817; LINZ t50_fid(s) 3574980,3585328,3573831,3593015,3584663,3573832,3593007,3593008,3584665,3585329,3554627</description><styleUrl>#c</styleUrl><MultiGeometry><LineString><tessellate>1</tessellate><coordinates>174.824440,-36.886562 174.823824,-36.886630 174.823636,-36.886617 174.823420,-36.886512 174.823182,-36.886500 174.822761,-36.886517 174.822462,-36.886561 174.821941,-36.886651 174.821732,-36.886667 174.821573,-36.886518 174.821297,-36.886258</coordinates></LineString><LineString><tessellate>1</tessellate><coordinates>174.824440,-36.886562 174.824202,-36.886287 174.824053,-36.885882 174.823883,-36.885584 174.823809,-36.885478 174.823703,-36.885373 174.823690,-36.885287 174.823694,-36.885202 174.823722,-36.885113 174.823745,-36.885076 174.823746,-36.885050 174.823730,-36.885032 174.823692,-36.885009 174.823564,-36.884931</coordinates></LineString><LineString><tessellate>1</tessellate><coordinates>174.823298,-36.882967 174.823375,-36.883038 174.823375,-36.883073 174.823333,-36.883127 174.823265,-36.883267 174.823201,-36.883647 174.823250,-36.884185 174.823484,-36.884726 174.823564,-36.884931</coordinates></LineString><LineString><tessellate>1</tessellate><coordinates>174.823298,-36.882967 174.823146,-36.882899 174.823039,-36.882843 174.823021,-36.882785 174.822946,-36.882747 174.822700,-36.882671</coordinates></LineString><LineString><tessellate>1</tessellate><coordinates>174.823298,-36.882967 174.823263,-36.883050 174.823195,-36.883161 174.822847,-36.883630 174.822119,-36.884321 174.821662,-36.884766 174.821625,-36.884823 174.821668,-36.885008 174.821550,-36.885175 174.821317,-36.885652 174.821294,-36.885761 174.821361,-36.886141 174.821356,-36.886203 174.821297,-36.886258</coordinates></LineString><LineString><tessellate>1</tessellate><coordinates>174.826898,-36.880732 174.826802,-36.880817 174.826704,-36.881034 174.826657,-36.881174 174.826634,-36.881394 174.826563,-36.881526 174.826464,-36.881603 174.826237,-36.881679 174.826042,-36.881766 174.825924,-36.881873 174.826000,-36.882155 174.825961,-36.882266 174.825832,-36.882356 174.825665,-36.882407 174.825224,-36.882334 174.825059,-36.882414 174.824768,-36.882447 174.824450,-36.882441 174.824183,-36.882430 174.823835,-36.882466 174.823740,-36.882493 174.823670,-36.882540 174.823521,-36.882740 174.823455,-36.882811 174.823392,-36.882904 174.823298,-36.882967</coordinates></LineString><LineString><tessellate>1</tessellate><coordinates>174.821297,-36.886258 174.821066,-36.886276 174.820768,-36.886384 174.820578,-36.886433 174.820292,-36.886435</coordinates></LineString><LineString><tessellate>1</tessellate><coordinates>174.827731,-36.878062 174.827930,-36.878316 174.827939,-36.878437 174.827991,-36.878525 174.827974,-36.878710 174.828028,-36.878771 174.828141,-36.879000 174.828054,-36.879234 174.828017,-36.879451</coordinates></LineString><LineString><tessellate>1</tessellate><coordinates>174.828017,-36.879451 174.827725,-36.879686 174.827489,-36.879927 174.827114,-36.880529 174.826973,-36.880640 174.826898,-36.880732</coordinates></LineString><LineString><tessellate>1</tessellate><coordinates>174.826898,-36.880732 174.827029,-36.880705 174.827148,-36.880751 174.827285,-36.880845 174.827426,-36.880942 174.827864,-36.881127 174.828371,-36.881154 174.828554,-36.881199 174.828743,-36.881270 174.828957,-36.881455</coordinates></LineString><LineString><tessellate>1</tessellate><coordinates>174.828017,-36.879451 174.828169,-36.879540 174.828271,-36.879629 174.828408,-36.879688 174.828556,-36.879827 174.828616,-36.879902 174.828771,-36.880001 174.828919,-36.880113 174.828959,-36.880196 174.828994,-36.880314 174.829014,-36.880464 174.829044,-36.880598 174.829041,-36.880761 174.829026,-36.880853 174.828975,-36.880968 174.828960,-36.881036 174.828957,-36.881455 174.828930,-36.881570 174.828861,-36.881691 174.828759,-36.881800 174.828539,-36.882008 174.828296,-36.882188 174.828129,-36.882548 174.828126,-36.882741 174.828206,-36.882871 174.828221,-36.882996 174.828119,-36.883168 174.828096,-36.883361 174.827917,-36.883574 174.827900,-36.883727 174.827904,-36.883881 174.827691,-36.884207 174.827616,-36.884467 174.827478,-36.884849 174.827404,-36.885028 174.827426,-36.885313 174.827213,-36.885348 174.827043,-36.885406 174.826761,-36.885606 174.826502,-36.885645 174.826378,-36.885707 174.826062,-36.885992 174.825773,-36.886157 174.825634,-36.886407 174.825560,-36.886479 174.825465,-36.886520 174.825353,-36.886530 174.825128,-36.886486 174.824440,-36.886562</coordinates></LineString></MultiGeometry></Placemark><Placemark><name>Waterview LINZ foot track 1</name><description>Sheet row 818; LINZ t50_fid(s) 8465982,8466364</description><styleUrl>#c</styleUrl><MultiGeometry><LineString><tessellate>1</tessellate><coordinates>174.705063,-36.874016 174.705276,-36.874278 174.705495,-36.874634 174.705466,-36.875031 174.705527,-36.875380 174.705565,-36.875647 174.705413,-36.876029 174.705154,-36.876474 174.705016,-36.876882 174.704945,-36.877729 174.704509,-36.878167 174.704253,-36.878250 174.703990,-36.878452 174.703983,-36.878601 174.704174,-36.878846 174.704240,-36.879044 174.704225,-36.879276 174.704146,-36.879426 174.704070,-36.879708 174.704055,-36.879973 174.703987,-36.880165 174.703724,-36.880383 174.703531,-36.880494 174.703412,-36.880694 174.703375,-36.880901 174.703422,-36.881132 174.703406,-36.881356 174.703308,-36.881572 174.703488,-36.881793 174.703523,-36.881983 174.703435,-36.882431 174.703332,-36.882810 174.703211,-36.883145 174.703163,-36.883403 174.703179,-36.883651 174.703132,-36.883831 174.703061,-36.883985 174.703062,-36.884124 174.703057,-36.884251 174.702978,-36.884416 174.702847,-36.884571 174.702813,-36.884646 174.702800,-36.884773 174.702835,-36.884893 174.702821,-36.884999 174.702788,-36.885066 174.702741,-36.885104 174.702606,-36.885152 174.702527,-36.885218 174.702426,-36.885446 174.702393,-36.885656 174.702314,-36.885733 174.702177,-36.885770 174.702035,-36.885790 174.701986,-36.885816 174.701923,-36.885885 174.701880,-36.885919 174.701921,-36.885968 174.702028,-36.886022 174.702178,-36.886084 174.702318,-36.886077 174.702401,-36.886124 174.702444,-36.886160 174.702459,-36.886274 174.702493,-36.886438 174.702541,-36.886575 174.702669,-36.886781 174.702848,-36.887089 174.703048,-36.887080 174.703315,-36.886991 174.703565,-36.886849 174.703699,-36.886764 174.703854,-36.886757 174.704296,-36.886866 174.704429,-36.886941 174.704517,-36.886981 174.704610,-36.887084 174.704774,-36.887160 174.704808,-36.887283 174.704989,-36.887387 174.705018,-36.887604 174.704919,-36.887837 174.705047,-36.887895 174.705066,-36.887971 174.705039,-36.888027 174.704947,-36.888049 174.704907,-36.888203 174.704863,-36.888435 174.704803,-36.888647 174.704771,-36.888744 174.704786,-36.888841 174.704869,-36.888907 174.704894,-36.888972 174.705083,-36.888978 174.705129,-36.888928 174.705084,-36.888883 174.705080,-36.888831 174.705106,-36.888809 174.705143,-36.888828 174.705202,-36.888865 174.705306,-36.888861 174.705413,-36.888829 174.705495,-36.888850 174.705548,-36.888844 174.705602,-36.888808 174.705777,-36.888829 174.705854,-36.888762</coordinates></LineString><LineString><tessellate>1</tessellate><coordinates>174.705945,-36.888156 174.705815,-36.888224 174.705726,-36.888314 174.705671,-36.888445 174.705655,-36.888545 174.705673,-36.888643 174.705738,-36.888716 174.705854,-36.888762 174.705896,-36.888778 174.706056,-36.888837 174.706124,-36.888888 174.706281,-36.889071 174.706392,-36.889165 174.706551,-36.889277 174.706644,-36.889404 174.706684,-36.889525 174.706675,-36.889614 174.706624,-36.889706 174.706526,-36.889825 174.706554,-36.890031 174.706572,-36.890116 174.706611,-36.890209 174.706787,-36.890473 174.706855,-36.890689 174.706822,-36.890857 174.706752,-36.891167 174.706279,-36.891532 174.705965,-36.891760 174.705621,-36.892063 174.705277,-36.892316 174.704910,-36.892478 174.704606,-36.892723 174.704397,-36.892808 174.704197,-36.892890 174.704167,-36.892903 174.704012,-36.892995 174.703781,-36.893132 174.703576,-36.893184 174.703215,-36.893353 174.702924,-36.893516 174.702654,-36.893632 174.702506,-36.893721 174.702261,-36.893807 174.701966,-36.893960 174.701680,-36.894095</coordinates></LineString></MultiGeometry></Placemark><Placemark><name>Panmure LINZ foot track 1</name><description>Sheet row 819; LINZ t50_fid(s) 3531486</description><styleUrl>#c</styleUrl><MultiGeometry><LineString><tessellate>1</tessellate><coordinates>174.854511,-36.902738 174.854364,-36.902717 174.853721,-36.902069 174.853551,-36.901897 174.853425,-36.901847 174.853326,-36.901835 174.853067,-36.901853 174.852849,-36.901848 174.852713,-36.901845 174.852332,-36.901851 174.852056,-36.901855 174.851763,-36.901852 174.851384,-36.901798 174.850944,-36.901760 174.850641,-36.901746 174.850126,-36.901804 174.849975,-36.901687 174.849806,-36.901663 174.849576,-36.901761 174.849378,-36.901924 174.849335,-36.902067 174.848527,-36.902171 174.847932,-36.902329 174.847351,-36.902755 174.846288,-36.903310 174.846024,-36.903382 174.845960,-36.903532 174.845574,-36.903762 174.845506,-36.903916 174.845388,-36.904138 174.845290,-36.904620 174.845132,-36.904887 174.844898,-36.905135 174.844699,-36.905311 174.844370,-36.905468 174.844239,-36.905630 174.844159,-36.905838 174.844094,-36.906113 174.843874,-36.906256 174.843734,-36.906368 174.843909,-36.906622 174.843969,-36.906794 174.844111,-36.907028 174.844183,-36.907143 174.844383,-36.907320 174.844600,-36.907382 174.844813,-36.907427 174.845015,-36.907514 174.845409,-36.907524 174.845544,-36.907591 174.846009,-36.907848 174.846196,-36.907954 174.846436,-36.908114 174.846660,-36.908270 174.846995,-36.908430 174.847247,-36.908484 174.847651,-36.908431 174.847740,-36.908434 174.847781,-36.908462 174.847791,-36.908531 174.848048,-36.908512 174.848332,-36.908425 174.848545,-36.908466 174.848907,-36.908443 174.849324,-36.908298 174.849698,-36.908028 174.849892,-36.908051 174.850071,-36.908043 174.850391,-36.907935 174.850646,-36.907907 174.850929,-36.907809 174.851251,-36.907780 174.851366,-36.907693 174.851466,-36.907610 174.851648,-36.907577 174.851884,-36.907512 174.852470,-36.907362 174.852644,-36.907334 174.852613,-36.907239 174.852640,-36.907139 174.852791,-36.907004 174.852872,-36.906903 174.852916,-36.906741 174.852997,-36.906628 174.853120,-36.906550 174.853363,-36.906466 174.853614,-36.906395 174.853796,-36.906236 174.854109,-36.906149 174.854361,-36.906116 174.854658,-36.905994 174.854863,-36.905849 174.854980,-36.905839 174.855123,-36.905886 174.855202,-36.905938 174.855376,-36.906179 174.855499,-36.906439 174.855676,-36.906777 174.856068,-36.907264 174.856296,-36.907637 174.856368,-36.907718 174.856442,-36.907876 174.856452,-36.908008 174.856498,-36.908120 174.856599,-36.908303 174.856628,-36.908467 174.856788,-36.908689 174.856791,-36.908816 174.856594,-36.908954 174.856452,-36.909150 174.856387,-36.909379 174.856446,-36.909580 174.856432,-36.909875 174.856402,-36.910016 174.856324,-36.910058 174.856272,-36.910042</coordinates></LineString></MultiGeometry></Placemark><Placemark><name>Western Springs LINZ foot track 1</name><description>Sheet row 820; LINZ t50_fid(s) 3592938,3592939,3592941,3584651,3592940,3554622,3556070,3592942,3592943</description><styleUrl>#c</styleUrl><MultiGeometry><LineString><tessellate>1</tessellate><coordinates>174.720597,-36.866807 174.720546,-36.866925 174.720471,-36.867084 174.720358,-36.867142 174.720222,-36.867191 174.720006,-36.867251 174.719867,-36.867307 174.719815,-36.867355 174.719764,-36.867433 174.719704,-36.867615 174.719640,-36.867763 174.719750,-36.867989</coordinates></LineString><LineString><tessellate>1</tessellate><coordinates>174.720726,-36.866043 174.720635,-36.866480 174.720597,-36.866807</coordinates></LineString><LineString><tessellate>1</tessellate><coordinates>174.720211,-36.865323 174.720441,-36.865192 174.720620,-36.865099 174.720781,-36.864998 174.720905,-36.864866</coordinates></LineString><LineString><tessellate>1</tessellate><coordinates>174.720905,-36.864866 174.720878,-36.865008 174.720861,-36.865142 174.720798,-36.865331 174.720680,-36.865712 174.720717,-36.865900 174.720726,-36.866043</coordinates></LineString><LineString><tessellate>1</tessellate><coordinates>174.720726,-36.866043 174.721034,-36.866073 174.721342,-36.866181 174.721440,-36.866378 174.721425,-36.866486 174.721406,-36.866619 174.721209,-36.866819 174.720883,-36.866853 174.720597,-36.866807</coordinates></LineString><LineString><tessellate>1</tessellate><coordinates>174.721272,-36.864891 174.721500,-36.864657 174.721848,-36.864648 174.722181,-36.864691 174.722601,-36.864817 174.723129,-36.864760 174.723580,-36.864681 174.723813,-36.864688 174.724013,-36.864740 174.724117,-36.864801 174.724288,-36.864968 174.724429,-36.865389 174.724838,-36.865610 174.725210,-36.865898 174.725320,-36.865952 174.725585,-36.866082 174.725704,-36.866224 174.725816,-36.866360 174.726166,-36.866552 174.726368,-36.866730</coordinates></LineString><LineString><tessellate>1</tessellate><coordinates>174.721272,-36.864891 174.721646,-36.865013 174.721940,-36.865504 174.722077,-36.865880 174.722102,-36.866114 174.722010,-36.866794 174.722159,-36.867272 174.722322,-36.867429 174.722636,-36.867645 174.722913,-36.867649 174.723156,-36.867541 174.723177,-36.867297 174.723117,-36.867184 174.723067,-36.867149 174.722840,-36.866987 174.722826,-36.866798 174.722991,-36.866724 174.723323,-36.866812 174.723535,-36.866741 174.723700,-36.866865 174.723913,-36.867042 174.723924,-36.867051 174.724072,-36.867133 174.724278,-36.867127 174.724792,-36.867293 174.725537,-36.867542 174.725762,-36.867687 174.726085,-36.867675 174.726470,-36.867544 174.726642,-36.867385 174.726730,-36.867183 174.726574,-36.866823 174.726368,-36.866730</coordinates></LineString><LineString><tessellate>1</tessellate><coordinates>174.726368,-36.866730 174.726432,-36.866313 174.726733,-36.866080 174.726994,-36.865919</coordinates></LineString><LineString><tessellate>1</tessellate><coordinates>174.720905,-36.864866 174.721078,-36.864824 174.721272,-36.864891</coordinates></LineString></MultiGeometry></Placemark><Placemark><name>Glendowie LINZ foot track 1</name><description>Sheet row 821; LINZ t50_fid(s) 3554630,3584677,6082545,3593054,3554629</description><styleUrl>#c</styleUrl><MultiGeometry><LineString><tessellate>1</tessellate><coordinates>174.868269,-36.879828 174.867974,-36.880617 174.867712,-36.880877 174.867493,-36.880954 174.867321,-36.880959 174.867075,-36.880919 174.866909,-36.880922 174.866791,-36.880893 174.866598,-36.880774 174.866371,-36.880745 174.865849,-36.880772 174.865711,-36.880801 174.865432,-36.880866 174.864289,-36.880696 174.864062,-36.880707 174.863239,-36.880630 174.862676,-36.880565 174.862306,-36.880608 174.860969,-36.880475 174.859770,-36.880283 174.859701,-36.880230 174.859693,-36.880168</coordinates></LineString><LineString><tessellate>1</tessellate><coordinates>174.859800,-36.878394 174.859530,-36.879413 174.859542,-36.879527 174.859542,-36.879667 174.859437,-36.879746 174.859502,-36.879860 174.859651,-36.880039</coordinates></LineString><LineString><tessellate>1</tessellate><coordinates>174.859651,-36.880039 174.859693,-36.880168</coordinates></LineString><LineString><tessellate>1</tessellate><coordinates>174.859693,-36.880168 174.859589,-36.880286 174.859444,-36.880789</coordinates></LineString><LineString><tessellate>1</tessellate><coordinates>174.859651,-36.880039 174.858765,-36.879749 174.858595,-36.879661 174.858423,-36.879625 174.858231,-36.879542 174.857930,-36.879399 174.857694,-36.879254 174.857718,-36.879093 174.857712,-36.878821 174.857802,-36.878525 174.857941,-36.878313 174.858101,-36.878103 174.858175,-36.878004 174.858337,-36.877777 174.858430,-36.877593 174.858390,-36.877185 174.858276,-36.876964 174.858078,-36.876479 174.857836,-36.876232 174.857303,-36.876093 174.857295,-36.876091 174.857245,-36.875863 174.857062,-36.875725 174.856701,-36.875554 174.856590,-36.875369 174.856511,-36.875015 174.856418,-36.874804 174.856304,-36.874720 174.855820,-36.874492 174.855384,-36.874536 174.855147,-36.874514 174.854907,-36.874417 174.854732,-36.874266 174.854670,-36.874189 174.854666,-36.874036 174.854741,-36.873889 174.854744,-36.873799 174.854550,-36.873683 174.854350,-36.873664 174.854207,-36.873714 174.854067,-36.873668 174.853911,-36.873372 174.853614,-36.873216 174.853308,-36.873208</coordinates></LineString></MultiGeometry></Placemark><Placemark><name>Herne Bay LINZ foot track 1</name><description>Sheet row 822; LINZ t50_fid(s) 8466996,3593151,3593700,8520930,3573867,8520998,8520999,3554670</description><styleUrl>#c</styleUrl><MultiGeometry><LineString><tessellate>1</tessellate><coordinates>174.729630,-36.851342 174.729926,-36.851512 174.730201,-36.851656 174.730262,-36.851728 174.730349,-36.851919 174.730433,-36.852097 174.730552,-36.852277 174.730650,-36.852426 174.730794,-36.852491 174.730937,-36.852538 174.731081,-36.852612 174.731183,-36.852678 174.731328,-36.852719 174.731397,-36.852776 174.731457,-36.852851 174.731478,-36.852909 174.731568,-36.853024 174.731621,-36.853093 174.731701,-36.853168</coordinates></LineString><LineString><tessellate>1</tessellate><coordinates>174.731701,-36.853168 174.731801,-36.853267 174.732070,-36.853579 174.732376,-36.854084 174.732555,-36.854252</coordinates></LineString><LineString><tessellate>1</tessellate><coordinates>174.732514,-36.852880 174.732120,-36.852985 174.732055,-36.852928 174.731972,-36.852797 174.731870,-36.852760 174.731795,-36.852779 174.731750,-36.852881 174.731702,-36.852946 174.731689,-36.853025 174.731701,-36.853168</coordinates></LineString><LineString><tessellate>1</tessellate><coordinates>174.731698,-36.850520 174.731576,-36.850668 174.731458,-36.850759 174.731352,-36.850803 174.731271,-36.850866 174.731164,-36.850921 174.731062,-36.850925 174.730989,-36.850947 174.730852,-36.851024 174.730670,-36.851143 174.730602,-36.851155 174.730293,-36.851059 174.730229,-36.851085 174.730163,-36.851074 174.730094,-36.851043</coordinates></LineString><LineString><tessellate>1</tessellate><coordinates>174.726321,-36.853001 174.726407,-36.852865 174.726493,-36.852768 174.726630,-36.852624 174.726870,-36.852430 174.726929,-36.852271 174.726993,-36.852176 174.727079,-36.852079 174.727205,-36.851995 174.727369,-36.851940 174.727481,-36.851836 174.727562,-36.851761 174.727896,-36.851680 174.728250,-36.851705 174.728695,-36.851987 174.728999,-36.852188 174.729071,-36.852208 174.729127,-36.852196 174.729166,-36.852168 174.729366,-36.851934 174.729420,-36.851802 174.729537,-36.851780 174.729579,-36.851763 174.729629,-36.851708 174.729648,-36.851648 174.729658,-36.851453 174.729630,-36.851342</coordinates></LineString><LineString><tessellate>1</tessellate><coordinates>174.729630,-36.851342 174.729720,-36.851176 174.729845,-36.850973 174.730094,-36.851043</coordinates></LineString><LineString><tessellate>1</tessellate><coordinates>174.730094,-36.851043 174.730191,-36.850845 174.730129,-36.849911</coordinates></LineString><LineString><tessellate>1</tessellate><coordinates>174.725174,-36.852463 174.725221,-36.852428 174.725218,-36.852395 174.725169,-36.852349 174.725085,-36.852269 174.725020,-36.852242 174.724963,-36.852236 174.724737,-36.852270 174.724628,-36.852231 174.724256,-36.851962 174.724160,-36.851875 174.724114,-36.851805 174.724107,-36.851729 174.724141,-36.851670 174.724326,-36.851544 174.724514,-36.851354 174.724731,-36.851195 174.724904,-36.851147 174.725144,-36.851082 174.725411,-36.851045 174.725931,-36.851120 174.726254,-36.851052 174.726601,-36.850971 174.726780,-36.850932 174.726922,-36.850936 174.727083,-36.850991 174.727231,-36.851008 174.727355,-36.850986 174.727769,-36.850839 174.727904,-36.850823 174.728043,-36.850862 174.728155,-36.850887 174.728546,-36.850883 174.728698,-36.850896 174.728767,-36.850908 174.728823,-36.850930 174.728894,-36.851052 174.729104,-36.851283 174.729177,-36.851324 174.729235,-36.851351 174.729351,-36.851356 174.729478,-36.851387 174.729560,-36.851384 174.729593,-36.851379 174.729630,-36.851342</coordinates></LineString></MultiGeometry></Placemark><Placemark><name>Birkenhead LINZ foot track 1</name><description>Sheet row 823; LINZ t50_fid(s) 3593161,8520887,8520931,8520932,8521001,8521002,3573870</description><styleUrl>#c</styleUrl><MultiGeometry><LineString><tessellate>1</tessellate><coordinates>174.736550,-36.813007 174.736549,-36.812962 174.736484,-36.812678</coordinates></LineString><LineString><tessellate>1</tessellate><coordinates>174.740961,-36.812315 174.740866,-36.812477 174.740835,-36.812608 174.740836,-36.812737 174.740807,-36.812808 174.740785,-36.812824 174.740727,-36.812866 174.740686,-36.812920 174.740667,-36.812963 174.740676,-36.813064 174.740647,-36.813133 174.740541,-36.813340 174.740473,-36.813552 174.740429,-36.813672 174.740405,-36.813839 174.740317,-36.814041 174.740054,-36.814311 174.739783,-36.814468 174.739292,-36.814671 174.739061,-36.814703 174.738790,-36.814849 174.738765,-36.814951</coordinates></LineString><LineString><tessellate>1</tessellate><coordinates>174.734766,-36.813888 174.735031,-36.813891 174.735236,-36.813955 174.735375,-36.813963 174.735560,-36.813906 174.735721,-36.813812 174.735897,-36.813630 174.736023,-36.813387 174.736241,-36.813154 174.736550,-36.813007</coordinates></LineString><LineString><tessellate>1</tessellate><coordinates>174.738765,-36.814951 174.738584,-36.814962 174.738380,-36.814953 174.738007,-36.815006 174.737851,-36.814933 174.737737,-36.814704 174.737531,-36.814383 174.737001,-36.813766 174.736647,-36.813196 174.736550,-36.813007</coordinates></LineString><LineString><tessellate>1</tessellate><coordinates>174.733647,-36.815357 174.733631,-36.815224 174.733734,-36.815162 174.733839,-36.815035 174.734004,-36.814966 174.734139,-36.814865 174.734234,-36.814753 174.734383,-36.814693 174.734482,-36.814584 174.734555,-36.814496 174.734666,-36.814356 174.734702,-36.814227 174.734766,-36.813888</coordinates></LineString><LineString><tessellate>1</tessellate><coordinates>174.738765,-36.814951 174.738836,-36.814948 174.738974,-36.814932 174.739059,-36.814915 174.739126,-36.814917 174.739194,-36.814957 174.739272,-36.815019</coordinates></LineString><LineString><tessellate>1</tessellate><coordinates>174.734766,-36.813888 174.734768,-36.813837 174.734730,-36.813762 174.734648,-36.813704 174.734506,-36.813660 174.734434,-36.813615 174.734276,-36.813447 174.734055,-36.813340 174.733853,-36.813300 174.733626,-36.813195 174.733530,-36.813097 174.733374,-36.813039 174.732914,-36.812954 174.732375,-36.812606 174.731928,-36.812399 174.731570,-36.812191 174.731079,-36.812032 174.730708,-36.811930 174.730218,-36.811772 174.729844,-36.811528 174.729741,-36.811080 174.729651,-36.810819 174.729619,-36.810036</coordinates></LineString></MultiGeometry></Placemark><Placemark><name>Blockhouse Bay LINZ foot track 1</name><description>Sheet row 824; LINZ t50_fid(s) 3573820,3592889,3592888,3592878,3573821,3584633</description><styleUrl>#c</styleUrl><MultiGeometry><LineString><tessellate>1</tessellate><coordinates>174.701701,-36.923806 174.701795,-36.923793 174.702822,-36.923654 174.702999,-36.923631 174.703064,-36.923604 174.703090,-36.923554 174.703366,-36.923515 174.703411,-36.923632 174.704481,-36.923940 174.705591,-36.923959 174.705730,-36.924072 174.705900,-36.924183 174.706043,-36.924261 174.706085,-36.924308 174.706094,-36.924398 174.706634,-36.924370 174.706640,-36.924452 174.706528,-36.924586 174.706417,-36.924664 174.706301,-36.924734 174.706264,-36.924815 174.706288,-36.924915 174.706425,-36.925020 174.706385,-36.925097 174.706280,-36.925142 174.706231,-36.925204 174.706114,-36.925200 174.705942,-36.925297 174.705775,-36.925294 174.705578,-36.925410</coordinates></LineString><LineString><tessellate>1</tessellate><coordinates>174.705920,-36.925917 174.706790,-36.925594</coordinates></LineString><LineString><tessellate>1</tessellate><coordinates>174.705920,-36.925917 174.705578,-36.925410</coordinates></LineString><LineString><tessellate>1</tessellate><coordinates>174.705920,-36.925917 174.705313,-36.926345 174.704992,-36.926675</coordinates></LineString><LineString><tessellate>1</tessellate><coordinates>174.701413,-36.927294 174.702104,-36.927461 174.702827,-36.927477 174.703043,-36.927481 174.703664,-36.927642 174.704394,-36.927798 174.704677,-36.927728 174.704881,-36.927565 174.705040,-36.927290 174.705089,-36.926985 174.704992,-36.926675</coordinates></LineString><LineString><tessellate>1</tessellate><coordinates>174.705578,-36.925410 174.704860,-36.925220 174.704307,-36.925297 174.704206,-36.925302 174.703076,-36.925649 174.704170,-36.925992 174.704272,-36.926063 174.704773,-36.926399 174.704992,-36.926675</coordinates></LineString></MultiGeometry></Placemark><Placemark><name>Northcote LINZ foot track 1</name><description>Sheet row 825; LINZ t50_fid(s) 3554672</description><styleUrl>#c</styleUrl><MultiGeometry><LineString><tessellate>1</tessellate><coordinates>174.756642,-36.806924 174.757046,-36.806123 174.757009,-36.806005 174.757251,-36.805921 174.757416,-36.805827 174.757275,-36.805499 174.757052,-36.805030 174.756910,-36.804849 174.756724,-36.804677 174.756576,-36.804202 174.756684,-36.803925 174.756651,-36.803648 174.756486,-36.803446 174.756224,-36.803370 174.755937,-36.803419 174.755751,-36.803535 174.755589,-36.803707 174.755366,-36.803836 174.755168,-36.803952 174.755013,-36.803995 174.754795,-36.804087 174.754672,-36.804177 174.754461,-36.804281 174.754350,-36.804383 174.754200,-36.804400 174.754005,-36.804381 174.753765,-36.804409 174.753385,-36.804405 174.753083,-36.804475 174.752568,-36.804324 174.752043,-36.804120 174.751803,-36.804052 174.751519,-36.803850 174.751391,-36.803785 174.751311,-36.803749 174.751133,-36.803532 174.751051,-36.803325 174.750998,-36.803040 174.750878,-36.802274 174.750928,-36.802083 174.750839,-36.801744 174.750844,-36.801518 174.750802,-36.801351 174.750684,-36.801161 174.750674,-36.800991 174.750670,-36.800920 174.750706,-36.800799 174.750783,-36.800641 174.750867,-36.800546 174.750991,-36.800479 174.751104,-36.800305 174.751125,-36.800349 174.751251,-36.800362 174.751341,-36.800140 174.751366,-36.799946 174.752033,-36.799448 174.752525,-36.799277 174.752630,-36.799108 174.752609,-36.798960 174.752503,-36.798854 174.752529,-36.798728 174.752596,-36.798611 174.752484,-36.798511 174.752421,-36.798497 174.752147,-36.798437 174.751931,-36.798324 174.751737,-36.798149</coordinates></LineString></MultiGeometry></Placemark><Placemark><name>Northcote LINZ foot track 2</name><description>Sheet row 826; LINZ t50_fid(s) 3584733,3584735,3593701,3573871,3585333,3593159,3585334</description><styleUrl>#c</styleUrl><MultiGeometry><LineString><tessellate>1</tessellate><coordinates>174.734472,-36.805963 174.734948,-36.805722 174.735311,-36.805430 174.735750,-36.805077 174.736407,-36.804962 174.736554,-36.805076</coordinates></LineString><LineString><tessellate>1</tessellate><coordinates>174.733315,-36.807409 174.733537,-36.807109 174.734138,-36.806297 174.734387,-36.806045 174.734472,-36.805963</coordinates></LineString><LineString><tessellate>1</tessellate><coordinates>174.733192,-36.804886 174.733711,-36.805032 174.733906,-36.805145 174.734093,-36.805533 174.734177,-36.805709 174.734472,-36.805963</coordinates></LineString><LineString><tessellate>1</tessellate><coordinates>174.736554,-36.805076 174.737118,-36.805183 174.737438,-36.805101 174.737752,-36.804850 174.738001,-36.804549 174.738306,-36.804519 174.738754,-36.804703 174.739421,-36.804890 174.739479,-36.804766 174.739492,-36.804641 174.739585,-36.804495 174.739709,-36.804395 174.739843,-36.804207 174.739517,-36.804258 174.739149,-36.804143 174.739050,-36.804038 174.738950,-36.804012</coordinates></LineString><LineString><tessellate>1</tessellate><coordinates>174.733192,-36.804886 174.733089,-36.804603 174.733091,-36.804009 174.733022,-36.803933 174.732897,-36.803908 174.732892,-36.803767 174.732888,-36.803599 174.733042,-36.803451</coordinates></LineString><LineString><tessellate>1</tessellate><coordinates>174.733192,-36.804886 174.732606,-36.804925 174.732529,-36.804931 174.732390,-36.804977 174.732357,-36.805072 174.732293,-36.805124 174.732199,-36.805092 174.732181,-36.804996</coordinates></LineString><LineString><tessellate>1</tessellate><coordinates>174.737012,-36.806603 174.737037,-36.806547 174.736958,-36.806478 174.736866,-36.806366 174.736739,-36.806214 174.736532,-36.806076 174.736406,-36.805963 174.736317,-36.805858 174.736262,-36.805585 174.736454,-36.805251 174.736554,-36.805076</coordinates></LineString></MultiGeometry></Placemark><Placemark><name>Grey Lynn LINZ foot track 1</name><description>Sheet row 827; LINZ t50_fid(s) 8520920,8520921,8520922,8520923,8520972,8520973</description><styleUrl>#c</styleUrl><MultiGeometry><LineString><tessellate>1</tessellate><coordinates>174.736557,-36.857482 174.736626,-36.857499 174.736719,-36.857557 174.737117,-36.857745 174.737327,-36.857905 174.737719,-36.858195 174.738057,-36.858337 174.738153,-36.858485 174.738257,-36.858874 174.738397,-36.859028 174.738630,-36.859105 174.739013,-36.859383</coordinates></LineString><LineString><tessellate>1</tessellate><coordinates>174.736643,-36.858298 174.736800,-36.858275 174.736849,-36.858361 174.736895,-36.858537 174.736952,-36.858597 174.737001,-36.858693 174.737058,-36.858770 174.737125,-36.858824 174.737178,-36.858863 174.737282,-36.858856 174.737289,-36.858913 174.737355,-36.859067 174.737443,-36.859249 174.737529,-36.859354 174.737645,-36.859540 174.737709,-36.859724 174.737766,-36.859756 174.737823,-36.859760 174.738116,-36.859755 174.738189,-36.859763 174.738266,-36.859786 174.738316,-36.859835 174.738328,-36.859765 174.738378,-36.859721 174.738544,-36.859627 174.738692,-36.859581 174.738832,-36.859523 174.738920,-36.859465 174.739013,-36.859383</coordinates></LineString><LineString><tessellate>1</tessellate><coordinates>174.741926,-36.861434 174.741852,-36.861588 174.741767,-36.861605 174.741667,-36.861608 174.741597,-36.861533 174.741464,-36.861568 174.741321,-36.861513 174.741215,-36.861495 174.740966,-36.861527 174.740475,-36.861783 174.740402,-36.861801 174.740341,-36.861798 174.740299,-36.861770 174.739513,-36.860912 174.739458,-36.860766 174.739450,-36.860705 174.739574,-36.860497</coordinates></LineString><LineString><tessellate>1</tessellate><coordinates>174.739574,-36.860497 174.739733,-36.860479 174.740159,-36.860509 174.740434,-36.860496 174.740630,-36.860609 174.740726,-36.860720 174.740969,-36.860966 174.741201,-36.861134 174.741653,-36.861314 174.741926,-36.861434</coordinates></LineString><LineString><tessellate>1</tessellate><coordinates>174.739013,-36.859383 174.739070,-36.859561 174.739325,-36.860071 174.739504,-36.860402 174.739574,-36.860497</coordinates></LineString><LineString><tessellate>1</tessellate><coordinates>174.741926,-36.861434 174.742162,-36.861483 174.742345,-36.861528 174.742515,-36.861569 174.742659,-36.861577 174.742680,-36.861574 174.742699,-36.861662 174.742704,-36.861723 174.742701,-36.861784 174.742704,-36.861929</coordinates></LineString></MultiGeometry></Placemark><Placemark><name>Takapuna LINZ foot track 1</name><description>Sheet row 828; LINZ t50_fid(s) 3593231,3584773,3556078</description><styleUrl>#c</styleUrl><MultiGeometry><LineString><tessellate>1</tessellate><coordinates>174.782014,-36.804505 174.782023,-36.804478 174.781776,-36.803880 174.781671,-36.803874 174.781624,-36.803720 174.781629,-36.803664 174.781362,-36.803467 174.781252,-36.803242</coordinates></LineString><LineString><tessellate>1</tessellate><coordinates>174.781252,-36.803242 174.781487,-36.802695 174.781711,-36.802253 174.781845,-36.802161 174.782114,-36.801785</coordinates></LineString><LineString><tessellate>1</tessellate><coordinates>174.781165,-36.812488 174.781118,-36.812423 174.781055,-36.812336 174.780414,-36.811449 174.780246,-36.811217 174.779908,-36.810214 174.779704,-36.809673 174.779052,-36.807952 174.778971,-36.807797 174.778818,-36.807667 174.778746,-36.807422 174.778854,-36.806786 174.779007,-36.806500 174.779218,-36.806243 174.779471,-36.806001 174.779779,-36.805560 174.780209,-36.805002 174.780432,-36.804803 174.780519,-36.804751 174.780677,-36.804614 174.780725,-36.804511 174.780705,-36.804336 174.780895,-36.803949 174.780948,-36.803758 174.780953,-36.803547 174.780991,-36.803452 174.781252,-36.803242</coordinates></LineString></MultiGeometry></Placemark><Placemark><name>Meadowbank LINZ foot track 2</name><description>Sheet row 829; LINZ t50_fid(s) 3554632,3584679</description><styleUrl>#c</styleUrl><MultiGeometry><LineString><tessellate>1</tessellate><coordinates>174.837517,-36.865733 174.837580,-36.865856 174.837599,-36.866059 174.837679,-36.866192 174.838258,-36.866482 174.838771,-36.866566 174.839083,-36.866469 174.839273,-36.866432 174.839426,-36.866433 174.839493,-36.866467 174.839501,-36.866601 174.839546,-36.866688 174.839782,-36.866754 174.840392,-36.866948 174.840793,-36.867139 174.841851,-36.867654 174.842574,-36.867967 174.842894,-36.868016 174.844221,-36.868136 174.844642,-36.868186 174.844831,-36.868072 174.845047,-36.867958 174.845157,-36.867924 174.845321,-36.867901</coordinates></LineString><LineString><tessellate>1</tessellate><coordinates>174.837517,-36.865733 174.837598,-36.865521 174.837317,-36.865385 174.835538,-36.865033 174.835268,-36.865141 174.835141,-36.865251 174.835534,-36.865401 174.835923,-36.865439 174.836391,-36.865522 174.836900,-36.865729 174.837191,-36.865751 174.837517,-36.865733</coordinates></LineString></MultiGeometry></Placemark><Placemark><name>Epsom LINZ foot track 1</name><description>Sheet row 830; LINZ t50_fid(s) 3584660,3573829,3593004,3584661,3593000</description><styleUrl>#c</styleUrl><MultiGeometry><LineString><tessellate>1</tessellate><coordinates>174.783454,-36.893004 174.783349,-36.893157 174.783221,-36.893341 174.783181,-36.893591 174.783140,-36.893827 174.783157,-36.894076 174.783225,-36.894246 174.783315,-36.894433 174.783422,-36.894566 174.783769,-36.894798 174.784876,-36.895198</coordinates></LineString><LineString><tessellate>1</tessellate><coordinates>174.783405,-36.897101 174.783518,-36.897135 174.783911,-36.897256 174.784115,-36.897386 174.784381,-36.897573 174.784509,-36.897723 174.784701,-36.897830 174.784903,-36.897813 174.785070,-36.897863 174.785189,-36.897866 174.785270,-36.897774 174.785285,-36.897664 174.785319,-36.897602 174.785505,-36.897437 174.785621,-36.897287 174.785758,-36.897066 174.785783,-36.896856 174.785886,-36.896711 174.785907,-36.896573 174.785748,-36.896460 174.785572,-36.896001 174.785300,-36.895599 174.784876,-36.895198</coordinates></LineString><LineString><tessellate>1</tessellate><coordinates>174.786122,-36.895872 174.786093,-36.895412</coordinates></LineString><LineString><tessellate>1</tessellate><coordinates>174.786860,-36.893909 174.786325,-36.894206 174.786034,-36.894718 174.786093,-36.895412</coordinates></LineString><LineString><tessellate>1</tessellate><coordinates>174.786093,-36.895412 174.785368,-36.895203 174.784876,-36.895198</coordinates></LineString></MultiGeometry></Placemark><Placemark><name>Māngere / Onehunga LINZ foot track 1</name><description>Sheet row 831; LINZ t50_fid(s) 6638316</description><styleUrl>#c</styleUrl><MultiGeometry><LineString><tessellate>1</tessellate><coordinates>174.771221,-36.923631 174.771328,-36.923708 174.771466,-36.923886 174.771581,-36.924002 174.771646,-36.924123 174.771666,-36.924195 174.771663,-36.924270 174.771638,-36.924357 174.771447,-36.924802 174.771323,-36.925041 174.771267,-36.925117 174.771276,-36.925153 174.771366,-36.925151 174.771724,-36.925171 174.771858,-36.925147 174.772017,-36.925080 174.772185,-36.924959 174.772363,-36.924752 174.772412,-36.924719 174.772483,-36.924707 174.772532,-36.924714 174.772641,-36.924773 174.772753,-36.924793 174.772916,-36.924862 174.773001,-36.924865 174.773210,-36.924811 174.773349,-36.924806 174.773461,-36.924825 174.773619,-36.924906 174.773728,-36.924972 174.774471,-36.925378 174.774698,-36.925507 174.774798,-36.925592 174.774845,-36.925660 174.774855,-36.925742 174.774845,-36.925857 174.774869,-36.925932 174.774937,-36.925981 174.775041,-36.926009 174.775116,-36.925997 174.775195,-36.925938 174.775340,-36.925807 174.775442,-36.925769 174.775536,-36.925761 174.775644,-36.925788 174.775803,-36.925886 174.776034,-36.926033 174.776253,-36.926206 174.776427,-36.926361 174.776573,-36.926506 174.776670,-36.926631 174.776708,-36.926727 174.776702,-36.926842 174.776594,-36.927020 174.776446,-36.927219 174.776408,-36.927310 174.776437,-36.927410 174.776529,-36.927480 174.776828,-36.927648 174.777045,-36.927760 174.777203,-36.927819 174.777396,-36.927852 174.777557,-36.927828 174.777653,-36.927751 174.777678,-36.927668 174.777684,-36.927531 174.777708,-36.927434 174.777760,-36.927347 174.777871,-36.927288 174.778102,-36.927231 174.778280,-36.927210 174.778482,-36.927207 174.778662,-36.927204</coordinates></LineString></MultiGeometry></Placemark><Placemark><name>Remuera LINZ foot track 1</name><description>Sheet row 832; LINZ t50_fid(s) 3573830</description><styleUrl>#c</styleUrl><MultiGeometry><LineString><tessellate>1</tessellate><coordinates>174.786736,-36.875909 174.786628,-36.876062 174.786572,-36.876159 174.786519,-36.876232 174.786518,-36.876310 174.787304,-36.876614 174.787648,-36.876778 174.787839,-36.876879 174.787940,-36.876947 174.787966,-36.877041 174.787868,-36.877087 174.787672,-36.877100 174.787336,-36.877112 174.787129,-36.877106 174.786913,-36.877095 174.786796,-36.877080 174.786636,-36.877214 174.786897,-36.877306 174.787177,-36.877387 174.787307,-36.877510 174.787621,-36.877812 174.787844,-36.878066 174.787950,-36.878429 174.787985,-36.878619 174.787942,-36.878787 174.787774,-36.878975 174.787668,-36.879008 174.787569,-36.878994 174.787386,-36.878712 174.787165,-36.878439 174.786984,-36.878188 174.786919,-36.878167 174.786818,-36.878161 174.786459,-36.878306 174.785923,-36.878558 174.785475,-36.879020 174.785489,-36.879154 174.785559,-36.879244 174.785847,-36.879349 174.786369,-36.879765 174.786656,-36.879974 174.786542,-36.880098</coordinates></LineString></MultiGeometry></Placemark><Placemark><name>Māngere Bridge LINZ foot track 1</name><description>Sheet row 833; LINZ t50_fid(s) 6082502</description><styleUrl>#c</styleUrl><MultiGeometry><LineString><tessellate>1</tessellate><coordinates>174.786270,-36.937593 174.786815,-36.937608 174.787305,-36.937612 174.787553,-36.937585 174.787729,-36.937526 174.787861,-36.937404 174.787914,-36.937284 174.787926,-36.937164 174.787885,-36.936618 174.787924,-36.936458 174.788027,-36.936331 174.788181,-36.936243 174.788329,-36.936207 174.788632,-36.936117 174.788898,-36.935965 174.789121,-36.935790 174.789229,-36.935742 174.789231,-36.935741 174.789233,-36.935740 174.789332,-36.935696 174.789517,-36.935710 174.790028,-36.936323 174.790119,-36.936590 174.790278,-36.937288 174.790424,-36.937770 174.790568,-36.938178 174.790779,-36.938722 174.791055,-36.939259 174.791298,-36.939654 174.791447,-36.939867 174.791525,-36.939938 174.791642,-36.939976 174.791842,-36.939991 174.792171,-36.940032 174.792409,-36.940103 174.792582,-36.940269 174.792584,-36.940270</coordinates></LineString></MultiGeometry></Placemark><Placemark><name>Hillsborough LINZ foot track 1</name><description>Sheet row 834; LINZ t50_fid(s) 3592882,3584635,3592877,3584636</description><styleUrl>#c</styleUrl><MultiGeometry><LineString><tessellate>1</tessellate><coordinates>174.733079,-36.934499 174.732842,-36.934817 174.732440,-36.935033 174.731620,-36.935193</coordinates></LineString><LineString><tessellate>1</tessellate><coordinates>174.734440,-36.933773 174.734701,-36.934115 174.734879,-36.934441 174.734723,-36.934482 174.734318,-36.934422 174.733828,-36.934448 174.733079,-36.934499</coordinates></LineString><LineString><tessellate>1</tessellate><coordinates>174.734440,-36.933773 174.734226,-36.933536 174.733766,-36.933300 174.733620,-36.933488 174.733375,-36.933530 174.733101,-36.933803 174.732933,-36.934124 174.733079,-36.934499</coordinates></LineString><LineString><tessellate>1</tessellate><coordinates>174.733702,-36.931122 174.733979,-36.931968 174.734129,-36.932389 174.734197,-36.932948 174.734439,-36.933308 174.734705,-36.933449 174.734987,-36.933535 174.734440,-36.933773</coordinates></LineString></MultiGeometry></Placemark><Placemark><name>Birkenhead LINZ foot track 2</name><description>Sheet row 835; LINZ t50_fid(s) 3584730,3584728,3584729</description><styleUrl>#c</styleUrl><MultiGeometry><LineString><tessellate>1</tessellate><coordinates>174.708771,-36.820798 174.708665,-36.821117 174.708680,-36.821299 174.708685,-36.821385 174.708794,-36.821888 174.708985,-36.822433 174.709014,-36.822489 174.709102,-36.822634 174.709146,-36.822690 174.709275,-36.822835 174.710003,-36.823139</coordinates></LineString><LineString><tessellate>1</tessellate><coordinates>174.710003,-36.823139 174.708986,-36.823103 174.708620,-36.823152 174.708300,-36.823297 174.708121,-36.823448 174.708039,-36.823623</coordinates></LineString><LineString><tessellate>1</tessellate><coordinates>174.710003,-36.823139 174.710231,-36.823243 174.710433,-36.823437 174.710723,-36.823615 174.711219,-36.823797 174.711968,-36.823864 174.712573,-36.823656 174.712901,-36.823406 174.713015,-36.823246 174.713041,-36.823090 174.713086,-36.822921 174.713114,-36.822915 174.713175,-36.822866 174.713236,-36.822780 174.713112,-36.822328</coordinates></LineString></MultiGeometry></Placemark><Placemark><name>Mt Roskill LINZ foot track 1</name><description>Sheet row 836; LINZ t50_fid(s) 8466365</description><styleUrl>#c</styleUrl><MultiGeometry><LineString><tessellate>1</tessellate><coordinates>174.731362,-36.901525 174.731460,-36.901582 174.731510,-36.901719 174.731490,-36.901749 174.731395,-36.901843 174.731294,-36.902019 174.731245,-36.902047 174.731206,-36.902051 174.731140,-36.902051 174.731070,-36.902133 174.731113,-36.902203 174.731310,-36.902369 174.731537,-36.902539 174.731677,-36.902640 174.732010,-36.902896 174.732197,-36.903007 174.732306,-36.903049 174.732431,-36.903083 174.732609,-36.903150 174.732835,-36.903262 174.732960,-36.903295 174.733036,-36.903416 174.733109,-36.903529 174.733215,-36.903719 174.733243,-36.903743 174.733289,-36.903751 174.733551,-36.903754 174.733803,-36.903795 174.733968,-36.903860 174.734052,-36.903859 174.734194,-36.903953 174.734444,-36.904079 174.734609,-36.904168 174.734696,-36.904212 174.734752,-36.904232 174.734794,-36.904264 174.734841,-36.904329 174.734929,-36.904421 174.734977,-36.904528 174.735183,-36.904676 174.735519,-36.904882 174.735721,-36.904951 174.735809,-36.904970 174.735864,-36.905011 174.736036,-36.905121 174.736099,-36.905147 174.736155,-36.905216 174.736268,-36.905287 174.736350,-36.905308 174.736410,-36.905367 174.736494,-36.905394 174.736577,-36.905453 174.736718,-36.905523 174.736886,-36.905619 174.737036,-36.905707 174.737136,-36.905740 174.737224,-36.905751 174.737334,-36.905747 174.737455,-36.905789 174.737543,-36.905869 174.737581,-36.905858 174.737574,-36.905823 174.737530,-36.905691 174.737588,-36.905573 174.737724,-36.905431 174.737848,-36.905402 174.737954,-36.905398 174.738130,-36.905432</coordinates></LineString></MultiGeometry></Placemark><Placemark><name>Sandringham LINZ foot track 1</name><description>Sheet row 837; LINZ t50_fid(s) 8466770</description><styleUrl>#c</styleUrl><MultiGeometry><LineString><tessellate>1</tessellate><coordinates>174.726433,-36.882446 174.726589,-36.882450 174.726683,-36.882510 174.726830,-36.882554 174.726853,-36.882604 174.726864,-36.882765 174.726877,-36.882798 174.726946,-36.882864 174.726994,-36.882957 174.727105,-36.883027 174.727140,-36.883066 174.727151,-36.883099 174.727185,-36.883166 174.727265,-36.883236 174.727271,-36.883287 174.727294,-36.883335 174.727337,-36.883366 174.727388,-36.883394 174.727488,-36.883429 174.727639,-36.883473 174.727735,-36.883475 174.727794,-36.883454 174.727889,-36.883398 174.727973,-36.883346 174.728044,-36.883313 174.728201,-36.883296 174.728391,-36.883322 174.728483,-36.883370 174.728631,-36.883427 174.728702,-36.883459 174.728851,-36.883513 174.728979,-36.883525 174.729125,-36.883588 174.729240,-36.883635 174.729357,-36.883674 174.729426,-36.883726 174.729455,-36.883755 174.729476,-36.883790 174.729479,-36.883925 174.729484,-36.884147 174.729478,-36.884290 174.729468,-36.884405 174.729443,-36.884491 174.729437,-36.884746 174.729433,-36.884802 174.729405,-36.884854 174.729264,-36.885084 174.729138,-36.885255 174.728987,-36.885432 174.728870,-36.885617 174.728791,-36.885758 174.728639,-36.886044 174.728443,-36.886386 174.728394,-36.886522 174.728355,-36.886610 174.728307,-36.886693 174.728234,-36.886769 174.728152,-36.886846 174.728075,-36.886906 174.727960,-36.886978 174.728102,-36.887010 174.728197,-36.887035 174.728317,-36.887068 174.728378,-36.887077 174.728470,-36.887077 174.728644,-36.887079 174.728762,-36.887088 174.728883,-36.887105 174.729004,-36.887124 174.729039,-36.887056</coordinates></LineString></MultiGeometry></Placemark><Placemark><name>Meadowbank LINZ foot track 3</name><description>Sheet row 838; LINZ t50_fid(s) 3554631</description><styleUrl>#c</styleUrl><MultiGeometry><LineString><tessellate>1</tessellate><coordinates>174.845681,-36.869306 174.845853,-36.869271 174.845989,-36.869304 174.846048,-36.869412 174.846066,-36.869526 174.846098,-36.869587 174.846302,-36.869584 174.846525,-36.869597 174.846710,-36.869555 174.847016,-36.869514 174.847219,-36.869492 174.847583,-36.869536 174.847737,-36.869589 174.848317,-36.870111 174.849203,-36.870835 174.849460,-36.870999 174.850218,-36.871484 174.850804,-36.871749 174.851489,-36.872188 174.851878,-36.872317 174.851950,-36.872439 174.852227,-36.872550 174.852537,-36.872665 174.852832,-36.872776 174.853125,-36.872789</coordinates></LineString></MultiGeometry></Placemark><Placemark><name>Hillsborough LINZ foot track 2</name><description>Sheet row 839; LINZ t50_fid(s) 3554620</description><styleUrl>#c</styleUrl><MultiGeometry><LineString><tessellate>1</tessellate><coordinates>174.734923,-36.933342 174.735372,-36.933119 174.735683,-36.933086 174.735905,-36.933226 174.736171,-36.933237 174.736409,-36.933157 174.736914,-36.932822 174.737205,-36.932818 174.737618,-36.933003 174.738068,-36.933017 174.738543,-36.933000 174.738729,-36.933008 174.738957,-36.933153 174.739247,-36.933138 174.739388,-36.932934 174.739501,-36.932667 174.739734,-36.932473 174.740059,-36.932245 174.740271,-36.932232 174.740748,-36.932320 174.741255,-36.932493 174.741681,-36.932635 174.742107,-36.932778 174.742361,-36.932851 174.742544,-36.932878 174.742681,-36.932873 174.742808,-36.932845</coordinates></LineString></MultiGeometry></Placemark><Placemark><name>Devonport LINZ foot track 1</name><description>Sheet row 840; LINZ t50_fid(s) 3573881,3593233,3584760</description><styleUrl>#c</styleUrl><MultiGeometry><LineString><tessellate>1</tessellate><coordinates>174.787132,-36.813655 174.787147,-36.813805 174.786681,-36.813809 174.786394,-36.813857 174.785597,-36.813942 174.785531,-36.814042 174.784559,-36.814296 174.784227,-36.814509 174.783996,-36.814578 174.783772,-36.814544 174.783728,-36.813953</coordinates></LineString><LineString><tessellate>1</tessellate><coordinates>174.788262,-36.812775 174.788026,-36.812895 174.787923,-36.812953 174.787533,-36.813310 174.787132,-36.813655</coordinates></LineString><LineString><tessellate>1</tessellate><coordinates>174.787132,-36.813655 174.787584,-36.813956 174.787781,-36.814014 174.787831,-36.814058 174.787601,-36.814224 174.787369,-36.814543 174.787195,-36.814759 174.786895,-36.815097 174.786809,-36.815355</coordinates></LineString></MultiGeometry></Placemark><Placemark><name>Hillsborough LINZ foot track 3</name><description>Sheet row 841; LINZ t50_fid(s) 3592899,3584639,3592894</description><styleUrl>#c</styleUrl><MultiGeometry><LineString><tessellate>1</tessellate><coordinates>174.755784,-36.921191 174.754834,-36.920805 174.753757,-36.920381 174.753655,-36.920344 174.753523,-36.920256 174.753482,-36.920096 174.753495,-36.919979 174.753187,-36.919808</coordinates></LineString><LineString><tessellate>1</tessellate><coordinates>174.755275,-36.918370 174.755140,-36.918512 174.755128,-36.918562 174.754918,-36.918826 174.754874,-36.918961 174.754848,-36.919001 174.754735,-36.919089 174.754613,-36.919232 174.754579,-36.919272 174.754448,-36.919341 174.753380,-36.919777 174.753187,-36.919808</coordinates></LineString><LineString><tessellate>1</tessellate><coordinates>174.751948,-36.919401 174.753187,-36.919808</coordinates></LineString></MultiGeometry></Placemark><Placemark><name>Birkenhead LINZ foot track 3</name><description>Sheet row 842; LINZ t50_fid(s) 3574983</description><styleUrl>#c</styleUrl><MultiGeometry><LineString><tessellate>1</tessellate><coordinates>174.724617,-36.820269 174.724645,-36.820260 174.724703,-36.820185 174.725329,-36.820142 174.725378,-36.819984 174.725502,-36.818962 174.725520,-36.818919 174.725564,-36.818888 174.725745,-36.818789 174.725811,-36.818742 174.726101,-36.818421 174.726482,-36.818248 174.726791,-36.818165 174.727043,-36.817927 174.727202,-36.817870 174.727521,-36.817851 174.727675,-36.817827 174.727805,-36.817800 174.728124,-36.817659 174.728343,-36.817541 174.728514,-36.817426 174.728706,-36.817351</coordinates></LineString></MultiGeometry></Placemark><Placemark><name>Auckland CBD LINZ foot track 1</name><description>Sheet row 843; LINZ t50_fid(s) 3573868</description><styleUrl>#c</styleUrl><MultiGeometry><LineString><tessellate>1</tessellate><coordinates>174.753130,-36.854493 174.752894,-36.854795 174.752870,-36.854971 174.752791,-36.855174 174.752801,-36.855359 174.752901,-36.855648 174.752851,-36.855720 174.752722,-36.855797 174.752514,-36.855876 174.752390,-36.855941 174.752325,-36.856060 174.752318,-36.856254 174.752190,-36.856356 174.751962,-36.856444 174.751768,-36.856472 174.751608,-36.856550 174.751512,-36.856707 174.751442,-36.856856 174.751278,-36.857001 174.751004,-36.857189 174.750375,-36.857959 174.750169,-36.858169 174.750123,-36.858285</coordinates></LineString></MultiGeometry></Placemark><Placemark><name>Mt Albert LINZ foot track 2</name><description>Sheet row 844; LINZ t50_fid(s) 3592929,3584647,3592928</description><styleUrl>#c</styleUrl><MultiGeometry><LineString><tessellate>1</tessellate><coordinates>174.716281,-36.896970 174.716320,-36.896910 174.716316,-36.896596 174.716039,-36.896640 174.715196,-36.896786</coordinates></LineString><LineString><tessellate>1</tessellate><coordinates>174.715196,-36.896786 174.714841,-36.896541 174.714577,-36.896309 174.714633,-36.895974 174.714642,-36.895923 174.714567,-36.895482</coordinates></LineString><LineString><tessellate>1</tessellate><coordinates>174.715196,-36.896786 174.714485,-36.897190 174.714394,-36.897268 174.714310,-36.897359 174.714155,-36.897551 174.714168,-36.897691 174.714066,-36.898106</coordinates></LineString></MultiGeometry></Placemark><Placemark><name>Parnell LINZ foot track 1</name><description>Sheet row 845; LINZ t50_fid(s) 3573880</description><styleUrl>#c</styleUrl><MultiGeometry><LineString><tessellate>1</tessellate><coordinates>174.771405,-36.855029 174.771517,-36.855133 174.771602,-36.855250 174.772049,-36.855696 174.772260,-36.856146 174.772486,-36.857201 174.772803,-36.857931 174.773613,-36.858883</coordinates></LineString></MultiGeometry></Placemark><Placemark><name>Birkenhead LINZ foot track 4</name><description>Sheet row 846; LINZ t50_fid(s) 3593181,8520935</description><styleUrl>#c</styleUrl><MultiGeometry><LineString><tessellate>1</tessellate><coordinates>174.716206,-36.800114 174.716000,-36.800051 174.715812,-36.799527 174.715749,-36.799343 174.715734,-36.799216</coordinates></LineString><LineString><tessellate>1</tessellate><coordinates>174.713745,-36.802616 174.713930,-36.802404 174.714016,-36.802272 174.714116,-36.802157 174.714156,-36.802088 174.714264,-36.801927 174.714952,-36.801198 174.715146,-36.800983 174.715755,-36.800336 174.715904,-36.800178 174.715976,-36.800156 174.716039,-36.800145 174.716132,-36.800147 174.716206,-36.800114</coordinates></LineString></MultiGeometry></Placemark><Placemark><name>Panmure LINZ foot track 2</name><description>Sheet row 847; LINZ t50_fid(s) 6082516</description><styleUrl>#c</styleUrl><MultiGeometry><LineString><tessellate>1</tessellate><coordinates>174.835106,-36.889514 174.835153,-36.889554 174.835269,-36.889541 174.835564,-36.889339 174.835868,-36.889198 174.836183,-36.889105 174.836448,-36.889071 174.836690,-36.889059 174.836960,-36.889085 174.837200,-36.889131 174.837437,-36.889209 174.837654,-36.889304 174.837848,-36.889425 174.838025,-36.889564 174.838197,-36.889748 174.838310,-36.889930 174.838378,-36.890066 174.838412,-36.890194 174.838755,-36.890128 174.838889,-36.890143 174.838926,-36.890157</coordinates></LineString></MultiGeometry></Placemark><Placemark><name>Mt Roskill LINZ foot track 2</name><description>Sheet row 848; LINZ t50_fid(s) 3584649</description><styleUrl>#c</styleUrl><MultiGeometry><LineString><tessellate>1</tessellate><coordinates>174.755484,-36.903311 174.755430,-36.903470 174.755348,-36.903567 174.755099,-36.903686 174.754584,-36.903738 174.754127,-36.903849 174.753729,-36.903913 174.753534,-36.903860 174.753427,-36.903834 174.753321,-36.903735 174.753270,-36.903648 174.753240,-36.903535 174.753177,-36.903419 174.753087,-36.903359 174.753032,-36.903280 174.753045,-36.903185 174.753210,-36.902911 174.753161,-36.902734 174.752880,-36.902547 174.752996,-36.902242</coordinates></LineString></MultiGeometry></Placemark><Placemark><name>Hillsborough LINZ foot track 4</name><description>Sheet row 849; LINZ t50_fid(s) 8520966,8520967,8520968</description><styleUrl>#c</styleUrl><MultiGeometry><LineString><tessellate>1</tessellate><coordinates>174.741117,-36.925471 174.741263,-36.925570 174.741463,-36.925788 174.742110,-36.925373 174.742133,-36.925228 174.742258,-36.925115 174.742383,-36.925037 174.742484,-36.924751</coordinates></LineString><LineString><tessellate>1</tessellate><coordinates>174.740364,-36.925233 174.740553,-36.925303 174.740819,-36.925392 174.740982,-36.925450 174.741025,-36.925448 174.741117,-36.925471</coordinates></LineString><LineString><tessellate>1</tessellate><coordinates>174.741117,-36.925471 174.741164,-36.925400 174.741314,-36.925220 174.741377,-36.925163 174.741450,-36.925136 174.741798,-36.925024 174.741927,-36.924981 174.742134,-36.924636</coordinates></LineString></MultiGeometry></Placemark><Placemark><name>Birkenhead LINZ foot track 5</name><description>Sheet row 850; LINZ t50_fid(s) 3573876</description><styleUrl>#c</styleUrl><MultiGeometry><LineString><tessellate>1</tessellate><coordinates>174.718057,-36.800814 174.717847,-36.800829 174.717723,-36.800825 174.717458,-36.800816 174.716674,-36.800854 174.715848,-36.801249 174.715666,-36.801417 174.715543,-36.801567 174.715354,-36.801627 174.715498,-36.801815 174.715545,-36.801903 174.715550,-36.802003 174.715537,-36.802099 174.715452,-36.802329 174.715423,-36.802494</coordinates></LineString></MultiGeometry></Placemark><Placemark><name>Birkenhead LINZ foot track 6</name><description>Sheet row 851; LINZ t50_fid(s) 3573869</description><styleUrl>#c</styleUrl><MultiGeometry><LineString><tessellate>1</tessellate><coordinates>174.723090,-36.818829 174.723144,-36.818757 174.723132,-36.818693 174.723081,-36.818597 174.723024,-36.818522 174.722932,-36.818408 174.722850,-36.818297 174.722819,-36.818186 174.722771,-36.818042 174.722823,-36.817917 174.722663,-36.817892 174.722633,-36.817700 174.722582,-36.817578 174.722679,-36.817468 174.722800,-36.817360 174.722863,-36.817292 174.722916,-36.817207 174.723054,-36.817149 174.723087,-36.817044 174.723119,-36.816928 174.723098,-36.816880 174.723116,-36.816776 174.723018,-36.816617 174.722964,-36.816449 174.722970,-36.816315 174.722980,-36.816108 174.722980,-36.816105</coordinates></LineString></MultiGeometry></Placemark><Placemark><name>Northcote LINZ foot track 3</name><description>Sheet row 852; LINZ t50_fid(s) 3573879</description><styleUrl>#c</styleUrl><MultiGeometry><LineString><tessellate>1</tessellate><coordinates>174.734648,-36.801409 174.733759,-36.800628 174.733502,-36.800191 174.733465,-36.800148 174.732645,-36.799167</coordinates></LineString></MultiGeometry></Placemark><Placemark><name>Mission Bay LINZ foot track 1</name><description>Sheet row 853; LINZ t50_fid(s) 3593011</description><styleUrl>#c</styleUrl><MultiGeometry><LineString><tessellate>1</tessellate><coordinates>174.827030,-36.856091 174.825779,-36.856062 174.824993,-36.856026 174.824886,-36.856058 174.824817,-36.856143 174.824700,-36.856380 174.824630,-36.856434 174.824536,-36.856459 174.823890,-36.856492</coordinates></LineString></MultiGeometry></Placemark><Placemark><name>Māngere Bridge LINZ foot track 2</name><description>Sheet row 854; LINZ t50_fid(s) 3592949,3592950,3584652</description><styleUrl>#c</styleUrl><MultiGeometry><LineString><tessellate>1</tessellate><coordinates>174.771868,-36.947128 174.771327,-36.947109 174.771065,-36.946491</coordinates></LineString><LineString><tessellate>1</tessellate><coordinates>174.771868,-36.947128 174.771871,-36.947134 174.772305,-36.947362</coordinates></LineString><LineString><tessellate>1</tessellate><coordinates>174.771868,-36.947128 174.772122,-36.947043 174.773323,-36.946671</coordinates></LineString></MultiGeometry></Placemark><Placemark><name>Mt Albert LINZ foot track 3</name><description>Sheet row 855; LINZ t50_fid(s) 3584646</description><styleUrl>#c</styleUrl><MultiGeometry><LineString><tessellate>1</tessellate><coordinates>174.707895,-36.891540 174.707903,-36.891544 174.707993,-36.891660 174.708542,-36.892061 174.709152,-36.892534 174.709220,-36.892545 174.709329,-36.892483 174.709758,-36.892133 174.709806,-36.892141 174.710134,-36.892424 174.710347,-36.892598</coordinates></LineString></MultiGeometry></Placemark><Placemark><name>Northcote LINZ foot track 4</name><description>Sheet row 856; LINZ t50_fid(s) 8520933</description><styleUrl>#c</styleUrl><MultiGeometry><LineString><tessellate>1</tessellate><coordinates>174.740521,-36.808516 174.740672,-36.808463 174.740769,-36.808399 174.740910,-36.808320 174.741107,-36.808253 174.741416,-36.808192 174.741692,-36.808157 174.741913,-36.808118 174.742146,-36.808044 174.742380,-36.808007 174.742598,-36.807999 174.742719,-36.807996 174.742871,-36.808020 174.742987,-36.808020 174.743201,-36.808026 174.743465,-36.808045 174.743769,-36.808047</coordinates></LineString></MultiGeometry></Placemark><Placemark><name>Māngere Bridge LINZ foot track 3</name><description>Sheet row 857; LINZ t50_fid(s) 3593697</description><styleUrl>#c</styleUrl><MultiGeometry><LineString><tessellate>1</tessellate><coordinates>174.792891,-36.945429 174.792845,-36.945456 174.792860,-36.945554 174.792917,-36.945630 174.793017,-36.945917 174.793002,-36.945919 174.792921,-36.945932 174.792778,-36.945453 174.792501,-36.945516 174.792269,-36.945569 174.792416,-36.946043 174.792338,-36.946061 174.792280,-36.946074 174.792124,-36.945642 174.792054,-36.945583</coordinates></LineString></MultiGeometry></Placemark><Placemark><name>Ōrākei LINZ foot track 1</name><description>Sheet row 858; LINZ t50_fid(s) 3584759</description><styleUrl>#c</styleUrl><MultiGeometry><LineString><tessellate>1</tessellate><coordinates>174.817687,-36.852783 174.818151,-36.852131 174.818572,-36.851746 174.818800,-36.851619 174.818988,-36.851538 174.819325,-36.851427 174.819789,-36.851401 174.819991,-36.851340</coordinates></LineString></MultiGeometry></Placemark><Placemark><name>Hillsborough LINZ foot track 5</name><description>Sheet row 859; LINZ t50_fid(s) 3584638</description><styleUrl>#c</styleUrl><MultiGeometry><LineString><tessellate>1</tessellate><coordinates>174.751837,-36.926980 174.752158,-36.926980 174.752292,-36.926979 174.752407,-36.926969 174.752674,-36.926850 174.752950,-36.926857 174.753470,-36.927335 174.753530,-36.927465 174.753449,-36.927882 174.753449,-36.928110</coordinates></LineString></MultiGeometry></Placemark><Placemark><name>Māngere / Onehunga LINZ foot track 2</name><description>Sheet row 860; LINZ t50_fid(s) 3592873,3592875,3592876</description><styleUrl>#c</styleUrl><MultiGeometry><LineString><tessellate>1</tessellate><coordinates>174.765852,-36.944844 174.766048,-36.944776 174.766453,-36.944453 174.766495,-36.944378</coordinates></LineString><LineString><tessellate>1</tessellate><coordinates>174.766987,-36.944696 174.766521,-36.944396 174.766495,-36.944378</coordinates></LineString><LineString><tessellate>1</tessellate><coordinates>174.766495,-36.944378 174.766617,-36.944161 174.766553,-36.943883 174.766704,-36.943804 174.766958,-36.943652</coordinates></LineString></MultiGeometry></Placemark><Placemark><name>Takapuna LINZ foot track 2</name><description>Sheet row 861; LINZ t50_fid(s) 3584772</description><styleUrl>#c</styleUrl><MultiGeometry><LineString><tessellate>1</tessellate><coordinates>174.772414,-36.802142 174.773092,-36.801259 174.773094,-36.801256 174.773856,-36.800391</coordinates></LineString></MultiGeometry></Placemark><Placemark><name>Glendowie LINZ foot track 2</name><description>Sheet row 862; LINZ t50_fid(s) 3584680</description><styleUrl>#c</styleUrl><MultiGeometry><LineString><tessellate>1</tessellate><coordinates>174.857752,-36.868506 174.857748,-36.869171 174.857594,-36.869510 174.857583,-36.869533 174.857183,-36.870522</coordinates></LineString></MultiGeometry></Placemark><Placemark><name>Onehunga LINZ foot track 1</name><description>Sheet row 863; LINZ t50_fid(s) 3584656</description><styleUrl>#c</styleUrl><MultiGeometry><LineString><tessellate>1</tessellate><coordinates>174.776986,-36.921337 174.776636,-36.922412 174.776330,-36.923351</coordinates></LineString></MultiGeometry></Placemark><Placemark><name>Māngere Bridge LINZ foot track 4</name><description>Sheet row 864; LINZ t50_fid(s) 3584655</description><styleUrl>#c</styleUrl><MultiGeometry><LineString><tessellate>1</tessellate><coordinates>174.789175,-36.936501 174.789121,-36.936520 174.789057,-36.936567 174.789024,-36.936663 174.789340,-36.937787 174.789345,-36.937867 174.789321,-36.937932 174.788884,-36.938328 174.788882,-36.938329 174.788882,-36.938329</coordinates></LineString></MultiGeometry></Placemark><Placemark><name>Meadowbank LINZ foot track 4</name><description>Sheet row 865; LINZ t50_fid(s) 3584664</description><styleUrl>#c</styleUrl><MultiGeometry><LineString><tessellate>1</tessellate><coordinates>174.817869,-36.875787 174.816946,-36.875792 174.815794,-36.875756 174.815328,-36.875719</coordinates></LineString></MultiGeometry></Placemark><Placemark><name>St Heliers LINZ foot track 1</name><description>Sheet row 866; LINZ t50_fid(s) 3584764</description><styleUrl>#c</styleUrl><MultiGeometry><LineString><tessellate>1</tessellate><coordinates>174.852596,-36.854017 174.852800,-36.853964 174.853544,-36.853730 174.854911,-36.853234 174.854930,-36.853227</coordinates></LineString></MultiGeometry></Placemark><Placemark><name>Northcote LINZ foot track 5</name><description>Sheet row 867; LINZ t50_fid(s) 3584734,3593162</description><styleUrl>#c</styleUrl><MultiGeometry><LineString><tessellate>1</tessellate><coordinates>174.739991,-36.804053 174.740436,-36.804126 174.740508,-36.804216 174.740528,-36.804300 174.740447,-36.804330 174.740327,-36.804374 174.740280,-36.804859 174.740286,-36.805086</coordinates></LineString><LineString><tessellate>1</tessellate><coordinates>174.740286,-36.805086 174.740496,-36.805374 174.740649,-36.805424 174.740660,-36.805520</coordinates></LineString></MultiGeometry></Placemark><Placemark><name>Herne Bay LINZ foot track 2</name><description>Sheet row 868; LINZ t50_fid(s) 3584727</description><styleUrl>#c</styleUrl><MultiGeometry><LineString><tessellate>1</tessellate><coordinates>174.736395,-36.854372 174.736698,-36.853674 174.736742,-36.853527 174.736826,-36.853067 174.736822,-36.852862 174.736785,-36.852577</coordinates></LineString></MultiGeometry></Placemark><Placemark><name>Ōrākei LINZ foot track 2</name><description>Sheet row 869; LINZ t50_fid(s) 3584666</description><styleUrl>#c</styleUrl><MultiGeometry><LineString><tessellate>1</tessellate><coordinates>174.818389,-36.859067 174.817537,-36.859801 174.816854,-36.860390</coordinates></LineString></MultiGeometry></Placemark><Placemark><name>Māngere Bridge LINZ foot track 5</name><description>Sheet row 870; LINZ t50_fid(s) 100085811</description><styleUrl>#c</styleUrl><MultiGeometry><LineString><tessellate>1</tessellate><coordinates>174.773911,-36.942556 174.773914,-36.942557 174.774518,-36.942818 174.775830,-36.943385</coordinates></LineString></MultiGeometry></Placemark><Placemark><name>Sandringham LINZ foot track 2</name><description>Sheet row 871; LINZ t50_fid(s) 3584648</description><styleUrl>#c</styleUrl><MultiGeometry><LineString><tessellate>1</tessellate><coordinates>174.746547,-36.900234 174.746833,-36.899400 174.746856,-36.899333 174.747055,-36.898551</coordinates></LineString></MultiGeometry></Placemark><Placemark><name>Greenlane LINZ foot track 1</name><description>Sheet row 872; LINZ t50_fid(s) 3592999</description><styleUrl>#c</styleUrl><MultiGeometry><LineString><tessellate>1</tessellate><coordinates>174.798362,-36.898187 174.798161,-36.898473 174.798142,-36.898998 174.798191,-36.899164 174.798118,-36.899276 174.797715,-36.899458 174.797512,-36.899502</coordinates></LineString></MultiGeometry></Placemark><Placemark><name>Epsom LINZ foot track 2</name><description>Sheet row 873; LINZ t50_fid(s) 6082543,3584650,6082544</description><styleUrl>#c</styleUrl><MultiGeometry><LineString><tessellate>1</tessellate><coordinates>174.765769,-36.906192 174.765458,-36.906527 174.765396,-36.906533</coordinates></LineString><LineString><tessellate>1</tessellate><coordinates>174.764582,-36.905934 174.764588,-36.905935 174.765769,-36.906192</coordinates></LineString><LineString><tessellate>1</tessellate><coordinates>174.765769,-36.906192 174.766030,-36.906209</coordinates></LineString></MultiGeometry></Placemark><Placemark><name>Ellerslie LINZ foot track 1</name><description>Sheet row 874; LINZ t50_fid(s) 3584662</description><styleUrl>#c</styleUrl><MultiGeometry><LineString><tessellate>1</tessellate><coordinates>174.830811,-36.900356 174.830805,-36.900352 174.830728,-36.900296 174.829060,-36.899548</coordinates></LineString></MultiGeometry></Placemark><Placemark><name>Ellerslie LINZ foot track 2</name><description>Sheet row 875; LINZ t50_fid(s) 3592998</description><styleUrl>#c</styleUrl><MultiGeometry><LineString><tessellate>1</tessellate><coordinates>174.796652,-36.905813 174.797285,-36.906134 174.798371,-36.906635</coordinates></LineString></MultiGeometry></Placemark><Placemark><name>St Heliers LINZ foot track 2</name><description>Sheet row 876; LINZ t50_fid(s) 3593047</description><styleUrl>#c</styleUrl><MultiGeometry><LineString><tessellate>1</tessellate><coordinates>174.848017,-36.858415 174.847580,-36.858651 174.847078,-36.858984 174.846647,-36.859513</coordinates></LineString></MultiGeometry></Placemark><Placemark><name>Mission Bay LINZ foot track 2</name><description>Sheet row 877; LINZ t50_fid(s) 3593236</description><styleUrl>#c</styleUrl><MultiGeometry><LineString><tessellate>1</tessellate><coordinates>174.843552,-36.852987 174.844048,-36.851482</coordinates></LineString></MultiGeometry></Placemark><Placemark><name>Mission Bay LINZ foot track 3</name><description>Sheet row 878; LINZ t50_fid(s) 3584668</description><styleUrl>#c</styleUrl><MultiGeometry><LineString><tessellate>1</tessellate><coordinates>174.826950,-36.857554 174.828013,-36.857619 174.828149,-36.857584 174.828785,-36.857342</coordinates></LineString></MultiGeometry></Placemark><Placemark><name>Ōrākei LINZ foot track 3</name><description>Sheet row 879; LINZ t50_fid(s) 3584667</description><styleUrl>#c</styleUrl><MultiGeometry><LineString><tessellate>1</tessellate><coordinates>174.817160,-36.858134 174.817564,-36.857856 174.817602,-36.857741 174.817504,-36.856858 174.817546,-36.856772</coordinates></LineString></MultiGeometry></Placemark><Placemark><name>Birkenhead LINZ foot track 7</name><description>Sheet row 880; LINZ t50_fid(s) 3584731</description><styleUrl>#c</styleUrl><MultiGeometry><LineString><tessellate>1</tessellate><coordinates>174.705072,-36.818142 174.705193,-36.818287 174.705979,-36.819348 174.705981,-36.819352</coordinates></LineString></MultiGeometry></Placemark><Placemark><name>Meadowbank LINZ foot track 5</name><description>Sheet row 881; LINZ t50_fid(s) 3584678</description><styleUrl>#c</styleUrl><MultiGeometry><LineString><tessellate>1</tessellate><coordinates>174.841344,-36.875519 174.841403,-36.875641 174.841921,-36.875860 174.842008,-36.875835 174.842090,-36.875722 174.842818,-36.875591</coordinates></LineString></MultiGeometry></Placemark><Placemark><name>Mt Roskill LINZ foot track 3</name><description>Sheet row 882; LINZ t50_fid(s) 3592934</description><styleUrl>#c</styleUrl><MultiGeometry><LineString><tessellate>1</tessellate><coordinates>174.737427,-36.901612 174.737085,-36.901911 174.736665,-36.902288 174.736276,-36.901991</coordinates></LineString></MultiGeometry></Placemark><Placemark><name>Devonport LINZ foot track 2</name><description>Sheet row 883; LINZ t50_fid(s) 3593230</description><styleUrl>#c</styleUrl><MultiGeometry><LineString><tessellate>1</tessellate><coordinates>174.793162,-36.811177 174.792817,-36.811105 174.791581,-36.811345</coordinates></LineString></MultiGeometry></Placemark><Placemark><name>Panmure LINZ foot track 3</name><description>Sheet row 884; LINZ t50_fid(s) 3593018</description><styleUrl>#c</styleUrl><MultiGeometry><LineString><tessellate>1</tessellate><coordinates>174.857832,-36.898019 174.857517,-36.898385 174.857504,-36.898850 174.857154,-36.898931 174.857089,-36.898921</coordinates></LineString></MultiGeometry></Placemark><Placemark><name>Grey Lynn LINZ foot track 2</name><description>Sheet row 885; LINZ t50_fid(s) 3593154</description><styleUrl>#c</styleUrl><MultiGeometry><LineString><tessellate>1</tessellate><coordinates>174.735327,-36.856688 174.734734,-36.856154 174.734641,-36.856050 174.734394,-36.855750</coordinates></LineString></MultiGeometry></Placemark><Placemark><name>Ōrākei LINZ foot track 4</name><description>Sheet row 886; LINZ t50_fid(s) 3593010</description><styleUrl>#c</styleUrl><MultiGeometry><LineString><tessellate>1</tessellate><coordinates>174.815801,-36.857102 174.816235,-36.856727 174.816330,-36.856576 174.816520,-36.856102</coordinates></LineString></MultiGeometry></Placemark><Placemark><name>Mt Roskill LINZ foot track 4</name><description>Sheet row 887; LINZ t50_fid(s) 3592881</description><styleUrl>#c</styleUrl><MultiGeometry><LineString><tessellate>1</tessellate><coordinates>174.727699,-36.926001 174.727826,-36.926021 174.728513,-36.925995 174.728441,-36.925941 174.728465,-36.925575 174.728487,-36.925504</coordinates></LineString></MultiGeometry></Placemark><Placemark><name>Takapuna LINZ foot track 3</name><description>Sheet row 888; LINZ t50_fid(s) 3593243</description><styleUrl>#c</styleUrl><MultiGeometry><LineString><tessellate>1</tessellate><coordinates>174.783061,-36.802269 174.783584,-36.801590 174.783819,-36.801411 174.783889,-36.801348</coordinates></LineString></MultiGeometry></Placemark><Placemark><name>Birkenhead LINZ foot track 8</name><description>Sheet row 889; LINZ t50_fid(s) 3593157</description><styleUrl>#c</styleUrl><MultiGeometry><LineString><tessellate>1</tessellate><coordinates>174.726812,-36.803240 174.727139,-36.803638 174.727532,-36.804201</coordinates></LineString></MultiGeometry></Placemark><Placemark><name>Panmure LINZ foot track 4</name><description>Sheet row 890; LINZ t50_fid(s) 3593020</description><styleUrl>#c</styleUrl><MultiGeometry><LineString><tessellate>1</tessellate><coordinates>174.857748,-36.894711 174.857267,-36.893971 174.857155,-36.893729</coordinates></LineString></MultiGeometry></Placemark><Placemark><name>Mt Roskill LINZ foot track 5</name><description>Sheet row 891; LINZ t50_fid(s) 3592883</description><styleUrl>#c</styleUrl><MultiGeometry><LineString><tessellate>1</tessellate><coordinates>174.731338,-36.931840 174.730301,-36.931140</coordinates></LineString></MultiGeometry></Placemark><Placemark><name>Ellerslie LINZ foot track 3</name><description>Sheet row 892; LINZ t50_fid(s) 3592997</description><styleUrl>#c</styleUrl><MultiGeometry><LineString><tessellate>1</tessellate><coordinates>174.799198,-36.907622 174.798049,-36.907050</coordinates></LineString></MultiGeometry></Placemark><Placemark><name>Ōrākei LINZ foot track 5</name><description>Sheet row 893; LINZ t50_fid(s) 3593228</description><styleUrl>#c</styleUrl><MultiGeometry><LineString><tessellate>1</tessellate><coordinates>174.814594,-36.852716 174.815071,-36.853268 174.815213,-36.853663</coordinates></LineString></MultiGeometry></Placemark><Placemark><name>Panmure LINZ foot track 5</name><description>Sheet row 894; LINZ t50_fid(s) 3584670</description><styleUrl>#c</styleUrl><MultiGeometry><LineString><tessellate>1</tessellate><coordinates>174.858789,-36.890896 174.857689,-36.891520</coordinates></LineString></MultiGeometry></Placemark><Placemark><name>Māngere Bridge LINZ foot track 6</name><description>Sheet row 895; LINZ t50_fid(s) 3592944</description><styleUrl>#c</styleUrl><MultiGeometry><LineString><tessellate>1</tessellate><coordinates>174.775926,-36.943235 174.776535,-36.943491 174.777176,-36.943597</coordinates></LineString></MultiGeometry></Placemark><Placemark><name>Ellerslie LINZ foot track 4</name><description>Sheet row 896; LINZ t50_fid(s) 3593002</description><styleUrl>#c</styleUrl><MultiGeometry><LineString><tessellate>1</tessellate><coordinates>174.797473,-36.904756 174.796347,-36.904193 174.796337,-36.904188</coordinates></LineString></MultiGeometry></Placemark><Placemark><name>Mt Albert LINZ foot track 4</name><description>Sheet row 897; LINZ t50_fid(s) 3592924</description><styleUrl>#c</styleUrl><MultiGeometry><LineString><tessellate>1</tessellate><coordinates>174.712757,-36.895547 174.711731,-36.894860</coordinates></LineString></MultiGeometry></Placemark><Placemark><name>Blockhouse Bay LINZ foot track 2</name><description>Sheet row 898; LINZ t50_fid(s) 3584634</description><styleUrl>#c</styleUrl><MultiGeometry><LineString><tessellate>1</tessellate><coordinates>174.717522,-36.929267 174.716211,-36.929225</coordinates></LineString></MultiGeometry></Placemark><Placemark><name>Panmure LINZ foot track 6</name><description>Sheet row 899; LINZ t50_fid(s) 3593022</description><styleUrl>#c</styleUrl><MultiGeometry><LineString><tessellate>1</tessellate><coordinates>174.860063,-36.894264 174.859731,-36.894067 174.859057,-36.893612</coordinates></LineString></MultiGeometry></Placemark><Placemark><name>Blockhouse Bay LINZ foot track 3</name><description>Sheet row 900; LINZ t50_fid(s) 3592880</description><styleUrl>#c</styleUrl><MultiGeometry><LineString><tessellate>1</tessellate><coordinates>174.715886,-36.930932 174.716147,-36.930925 174.716857,-36.930927 174.717166,-36.930954</coordinates></LineString></MultiGeometry></Placemark><Placemark><name>Mission Bay LINZ foot track 4</name><description>Sheet row 901; LINZ t50_fid(s) 3593040</description><styleUrl>#c</styleUrl><MultiGeometry><LineString><tessellate>1</tessellate><coordinates>174.842134,-36.858982 174.842200,-36.859044 174.843161,-36.859592</coordinates></LineString></MultiGeometry></Placemark><Placemark><name>Epsom LINZ foot track 3</name><description>Sheet row 902; LINZ t50_fid(s) 3592932</description><styleUrl>#c</styleUrl><MultiGeometry><LineString><tessellate>1</tessellate><coordinates>174.763063,-36.892493 174.764308,-36.892728</coordinates></LineString></MultiGeometry></Placemark><Placemark><name>Meadowbank LINZ foot track 6</name><description>Sheet row 903; LINZ t50_fid(s) 3593041</description><styleUrl>#c</styleUrl><MultiGeometry><LineString><tessellate>1</tessellate><coordinates>174.837688,-36.874511 174.838142,-36.873552</coordinates></LineString></MultiGeometry></Placemark><Placemark><name>Sandringham LINZ foot track 3</name><description>Sheet row 904; LINZ t50_fid(s) 3592927</description><styleUrl>#c</styleUrl><MultiGeometry><LineString><tessellate>1</tessellate><coordinates>174.734682,-36.899598 174.734672,-36.899604 174.734083,-36.899944 174.733571,-36.899821</coordinates></LineString></MultiGeometry></Placemark><Placemark><name>St Heliers LINZ foot track 3</name><description>Sheet row 905; LINZ t50_fid(s) 3584762</description><styleUrl>#c</styleUrl><MultiGeometry><LineString><tessellate>1</tessellate><coordinates>174.848783,-36.855543 174.848673,-36.855455 174.848905,-36.854580</coordinates></LineString></MultiGeometry></Placemark><Placemark><name>Sandringham LINZ foot track 4</name><description>Sheet row 906; LINZ t50_fid(s) 3592936</description><styleUrl>#c</styleUrl><MultiGeometry><LineString><tessellate>1</tessellate><coordinates>174.748265,-36.893094 174.748791,-36.892877 174.748924,-36.892352</coordinates></LineString></MultiGeometry></Placemark><Placemark><name>Hillsborough LINZ foot track 6</name><description>Sheet row 907; LINZ t50_fid(s) 3592895</description><styleUrl>#c</styleUrl><MultiGeometry><LineString><tessellate>1</tessellate><coordinates>174.743529,-36.933381 174.743599,-36.933454 174.743770,-36.933518 174.744016,-36.933561 174.744648,-36.933328</coordinates></LineString></MultiGeometry></Placemark><Placemark><name>Māngere / Onehunga LINZ foot track 3</name><description>Sheet row 908; LINZ t50_fid(s) 3592874</description><styleUrl>#c</styleUrl><MultiGeometry><LineString><tessellate>1</tessellate><coordinates>174.767793,-36.944806 174.769006,-36.945053</coordinates></LineString></MultiGeometry></Placemark><Placemark><name>Mt Roskill LINZ foot track 6</name><description>Sheet row 909; LINZ t50_fid(s) 3592887</description><styleUrl>#c</styleUrl><MultiGeometry><LineString><tessellate>1</tessellate><coordinates>174.731449,-36.916397 174.731842,-36.916155 174.731829,-36.916091 174.732005,-36.915960 174.732059,-36.915860 174.732155,-36.915636</coordinates></LineString></MultiGeometry></Placemark><Placemark><name>Devonport LINZ foot track 3</name><description>Sheet row 910; LINZ t50_fid(s) 3593232</description><styleUrl>#c</styleUrl><MultiGeometry><LineString><tessellate>1</tessellate><coordinates>174.784496,-36.812564 174.784810,-36.813006 174.784925,-36.813260 174.785051,-36.813455</coordinates></LineString></MultiGeometry></Placemark><Placemark><name>Devonport LINZ foot track 4</name><description>Sheet row 911; LINZ t50_fid(s) 3593234</description><styleUrl>#c</styleUrl><MultiGeometry><LineString><tessellate>1</tessellate><coordinates>174.793923,-36.810844 174.794097,-36.810885 174.795132,-36.810697</coordinates></LineString></MultiGeometry></Placemark><Placemark><name>Chamberlins Island LINZ foot track 1</name><description>Sheet row 912; LINZ t50_fid(s) 7878454</description><styleUrl>#c</styleUrl><MultiGeometry><LineString><tessellate>1</tessellate><coordinates>175.189124,-36.894561 175.189324,-36.894515 175.189446,-36.894534 175.189641,-36.894626 175.189770,-36.894642 175.189955,-36.894706 175.190108,-36.894770 175.190338,-36.894871 175.190491,-36.894966 175.190757,-36.895135 175.191060,-36.895274 175.191305,-36.895340 175.191481,-36.895312 175.191718,-36.895311 175.192003,-36.895283 175.192372,-36.895191 175.192498,-36.895123 175.192722,-36.894911 175.192961,-36.894746 175.193308,-36.894644 175.194074,-36.894534 175.194550,-36.894457 175.194788,-36.894261 175.195408,-36.893823 175.195702,-36.893590 175.196156,-36.893198 175.196518,-36.892879 175.196941,-36.892466 175.197021,-36.892299 175.197067,-36.892214 175.197079,-36.892149 175.196995,-36.892075 175.196790,-36.892022 175.196599,-36.891982 175.196461,-36.891920 175.196351,-36.891827 175.196263,-36.891711 175.196191,-36.891443 175.196219,-36.891191 175.196193,-36.890896 175.196005,-36.890374 175.195822,-36.889858 175.195775,-36.889443 175.195818,-36.888795 175.196031,-36.888493 175.196350,-36.888199 175.196395,-36.888078 175.196337,-36.887908 175.196225,-36.887569 175.196356,-36.887179 175.196399,-36.886816 175.196579,-36.886638 175.196883,-36.886419 175.197024,-36.886260 175.197025,-36.886125 175.197033,-36.885798 175.197217,-36.885407 175.197528,-36.885174 175.198065,-36.884905 175.198648,-36.884723 175.198887,-36.884584 175.199035,-36.884318 175.199129,-36.884064 175.199302,-36.883922 175.199478,-36.883741 175.199547,-36.883498 175.199526,-36.883247 175.199441,-36.883042 175.199416,-36.882790 175.199437,-36.882470 175.199368,-36.882197 175.199326,-36.881836 175.199384,-36.881529 175.199512,-36.881217 175.199554,-36.880843 175.199563,-36.880541 175.199708,-36.880339 175.199949,-36.880108 175.200079,-36.879849 175.200156,-36.879471 175.200181,-36.879233 175.200181,-36.878941 175.200102,-36.878662 175.199920,-36.878480 175.199854,-36.878339 175.199864,-36.878066 175.199933,-36.877851 175.200031,-36.877711 175.200328,-36.877588 175.200704,-36.877424 175.200874,-36.877190 175.200812,-36.877024 175.200682,-36.876814 175.200581,-36.876538 175.200329,-36.876244 175.200223,-36.876076 175.200198,-36.875842 175.200267,-36.875616 175.200323,-36.875413 175.200300,-36.875221 175.200202,-36.875056 175.199870,-36.874877 175.199514,-36.874660 175.199417,-36.874346 175.199310,-36.874006 175.199143,-36.873914 175.198854,-36.873869 175.198570,-36.873814 175.198296,-36.873663 175.198142,-36.873570 175.198222,-36.873422 175.198309,-36.873218 175.198264,-36.873041 175.198073,-36.872860 175.197800,-36.872588 175.197591,-36.872375 175.197183,-36.872208 175.196729,-36.871936 175.196416,-36.871679 175.196214,-36.871419 175.196197,-36.871288 175.196092,-36.871013 175.195913,-36.870800 175.195700,-36.870601 175.195715,-36.870366 175.195751,-36.870216 175.195680,-36.870068 175.195364,-36.870017 175.195116,-36.869990 175.194864,-36.870001 175.194658,-36.869909 175.194587,-36.869765 175.194526,-36.869638 175.194354,-36.869503 175.194235,-36.869363 175.194204,-36.869193 175.194130,-36.869091 175.193958,-36.869094 175.193692,-36.869227 175.193505,-36.869341 175.193337,-36.869500 175.193084,-36.869615 175.192845,-36.869634 175.192713,-36.869636 175.192333,-36.869671 175.192013,-36.869610 175.191852,-36.869549 175.191733,-36.869420 175.191491,-36.869293 175.191118,-36.869235 175.190790,-36.869241 175.190499,-36.869265 175.190151,-36.869470 175.189903,-36.869617 175.189608,-36.869818 175.189293,-36.870083 175.189029,-36.870433 175.188371,-36.871280</coordinates></LineString></MultiGeometry></Placemark><Placemark><name>Crocodile Island LINZ foot track 1</name><description>Sheet row 913; LINZ t50_fid(s) 7646318,7645702,7646459,7646140,7646137,3575006,7646139,3584880,3593379,7646322,3593377,7645699</description><styleUrl>#c</styleUrl><MultiGeometry><LineString><tessellate>1</tessellate><coordinates>174.693237,-36.590299 174.693287,-36.590433 174.693298,-36.590559 174.693282,-36.590703 174.693286,-36.590880 174.693279,-36.591163 174.693273,-36.591305 174.693262,-36.591390 174.693235,-36.591443 174.693152,-36.591546 174.693112,-36.591721 174.693056,-36.591917 174.692930,-36.591928 174.692838,-36.591980 174.692718,-36.592028 174.692512,-36.592083</coordinates></LineString><LineString><tessellate>1</tessellate><coordinates>174.692512,-36.592083 174.692487,-36.592114 174.692523,-36.592217 174.692493,-36.592306 174.692383,-36.592745 174.692370,-36.592809 174.692398,-36.592873 174.692502,-36.592937 174.692600,-36.593141 174.692746,-36.593388 174.693009,-36.593690 174.693146,-36.593856 174.693222,-36.593946 174.693282,-36.594003 174.693453,-36.594110 174.693574,-36.594269 174.693631,-36.594354 174.693616,-36.594443 174.693628,-36.594620 174.693672,-36.594747 174.693692,-36.595132 174.693711,-36.595311 174.693764,-36.595602 174.693818,-36.595884 174.693874,-36.596088</coordinates></LineString><LineString><tessellate>1</tessellate><coordinates>174.692089,-36.590653 174.692171,-36.590771 174.692247,-36.590882 174.692287,-36.590919 174.692344,-36.590957 174.692456,-36.590994 174.692478,-36.591030 174.692492,-36.591116 174.692527,-36.591199 174.692571,-36.591263 174.692624,-36.591324 174.692653,-36.591390 174.692662,-36.591432 174.692648,-36.591479 174.692598,-36.591614 174.692500,-36.591765 174.692499,-36.591804 174.692524,-36.591879 174.692536,-36.591955 174.692512,-36.592083</coordinates></LineString><LineString><tessellate>1</tessellate><coordinates>174.692512,-36.592083 174.692365,-36.592120 174.691354,-36.592350 174.691289,-36.592365 174.691206,-36.592417 174.691140,-36.592597 174.691040,-36.592789 174.690916,-36.592830 174.690441,-36.592924 174.690347,-36.592925 174.689957,-36.592892 174.689921,-36.592856 174.689886,-36.592663 174.689842,-36.592531</coordinates></LineString><LineString><tessellate>1</tessellate><coordinates>174.693874,-36.596088 174.694013,-36.596281 174.694106,-36.596433 174.694230,-36.596556 174.694574,-36.596738 174.694735,-36.596796 174.694851,-36.596831 174.694971,-36.596888 174.695271,-36.597056 174.695725,-36.597346 174.695783,-36.597393 174.695896,-36.597505 174.695970,-36.597591 174.696072,-36.597716 174.696160,-36.597785 174.696258,-36.597849 174.696362,-36.597902 174.696867,-36.598073 174.697002,-36.598112 174.697086,-36.598165 174.697166,-36.598242 174.697229,-36.598320 174.697260,-36.598380 174.697338,-36.598435 174.697362,-36.598475 174.697363,-36.598529 174.697361,-36.598616 174.697376,-36.598680 174.697453,-36.598857 174.697539,-36.599064 174.697575,-36.599136 174.697572,-36.599355 174.697595,-36.599477 174.697579,-36.599568 174.697600,-36.599611 174.697667,-36.599671</coordinates></LineString><LineString><tessellate>1</tessellate><coordinates>174.686598,-36.589366 174.686410,-36.589303 174.686289,-36.589276 174.686203,-36.589251 174.686150,-36.589227 174.686112,-36.589199 174.685976,-36.589031 174.685901,-36.588953 174.685881,-36.588945 174.685839,-36.588937 174.685786,-36.588939 174.685685,-36.588956 174.685589,-36.588982 174.685531,-36.589016 174.685449,-36.589080 174.685390,-36.589145 174.685301,-36.589237 174.685186,-36.589317 174.685159,-36.589353 174.685157,-36.589398 174.685058,-36.589401 174.684965,-36.589413 174.684825,-36.589464 174.684668,-36.589547 174.684506,-36.589677 174.684309,-36.589554 174.684269,-36.589550 174.684241,-36.589558 174.684174,-36.589591 174.684131,-36.589597 174.684094,-36.589592 174.684040,-36.589573 174.683902,-36.589495 174.683856,-36.589482 174.683856,-36.589479 174.683858,-36.589455 174.683850,-36.589425 174.683827,-36.589400 174.683679,-36.589437 174.683402,-36.589484 174.683327,-36.589470 174.683233,-36.589447</coordinates></LineString><LineString><tessellate>1</tessellate><coordinates>174.683468,-36.592399 174.683561,-36.592013 174.683587,-36.591807 174.683531,-36.591542 174.683498,-36.591431 174.683475,-36.591352 174.683412,-36.591263 174.683450,-36.590791 174.683422,-36.590646 174.683444,-36.590528 174.683413,-36.590219 174.683450,-36.590109 174.683628,-36.589955 174.683750,-36.589763 174.683826,-36.589579 174.683856,-36.589482</coordinates></LineString><LineString><tessellate>1</tessellate><coordinates>174.689846,-36.596254 174.689856,-36.596185 174.689418,-36.594964 174.688932,-36.594688 174.688780,-36.594459</coordinates></LineString><LineString><tessellate>1</tessellate><coordinates>174.688508,-36.594906 174.688586,-36.594741 174.688780,-36.594459</coordinates></LineString><LineString><tessellate>1</tessellate><coordinates>174.681223,-36.590102 174.681569,-36.590099 174.681791,-36.590112 174.681904,-36.590090 174.682158,-36.590006 174.682358,-36.590037 174.682591,-36.590062 174.682789,-36.590013 174.682894,-36.589989 174.683036,-36.590000 174.683262,-36.590064 174.683416,-36.590105 174.683450,-36.590109</coordinates></LineString><LineString><tessellate>1</tessellate><coordinates>174.688780,-36.594459 174.688023,-36.594621 174.687495,-36.594230 174.687373,-36.593850 174.687079,-36.593601</coordinates></LineString><LineString><tessellate>1</tessellate><coordinates>174.693874,-36.596088 174.693714,-36.595998 174.693633,-36.595960 174.693582,-36.595943 174.693439,-36.595913 174.693381,-36.595888 174.693289,-36.595833 174.693253,-36.595816 174.693166,-36.595787 174.693081,-36.595773 174.693011,-36.595771 174.692877,-36.595777 174.692740,-36.595781 174.692634,-36.595757 174.692574,-36.595735 174.692481,-36.595678 174.692378,-36.595636 174.692316,-36.595624 174.692283,-36.595618 174.692228,-36.595641 174.692188,-36.595702 174.692131,-36.595801 174.692070,-36.595857 174.691941,-36.595879 174.691881,-36.595914 174.691742,-36.595996 174.691668,-36.596021 174.691321,-36.596063 174.691014,-36.596101 174.690838,-36.596143 174.690625,-36.596176 174.690442,-36.596191 174.690118,-36.596184 174.690091,-36.596198 174.690065,-36.596222 174.690029,-36.596249 174.689969,-36.596266 174.689918,-36.596269 174.689846,-36.596254 174.689788,-36.596268 174.689651,-36.596319 174.689521,-36.596355 174.689331,-36.596396 174.689134,-36.596413 174.688902,-36.596438 174.688679,-36.596451 174.688436,-36.596448 174.688362,-36.596439 174.688294,-36.596413 174.688201,-36.596353 174.688090,-36.596261 174.687967,-36.596135 174.687917,-36.596063 174.687874,-36.596017 174.687807,-36.595983 174.687671,-36.595945 174.687600,-36.595905 174.687563,-36.595869 174.687541,-36.595820 174.687513,-36.595781 174.687472,-36.595752 174.687368,-36.595711 174.687317,-36.595672 174.687281,-36.595615 174.687239,-36.595558 174.687169,-36.595501 174.687091,-36.595468 174.687003,-36.595458 174.686874,-36.595469 174.686737,-36.595457 174.686667,-36.595465 174.686584,-36.595509 174.686537,-36.595528 174.686485,-36.595524 174.686390,-36.595481 174.686276,-36.595460 174.686175,-36.595429 174.686046,-36.595372 174.685949,-36.595296 174.685860,-36.595238 174.685784,-36.595185 174.685717,-36.595112 174.685669,-36.595066 174.685563,-36.595004 174.685481,-36.594932 174.685395,-36.594848 174.685353,-36.594764 174.685241,-36.594602 174.685221,-36.594542 174.685208,-36.594480 174.685180,-36.594417 174.685052,-36.594250 174.684868,-36.594007 174.684782,-36.593849 174.684708,-36.593806 174.684504,-36.593704 174.684381,-36.593632 174.684183,-36.593498 174.684108,-36.593433 174.684068,-36.593390 174.684043,-36.593340 174.684024,-36.593275 174.684025,-36.593069 174.684003,-36.593019 174.683943,-36.592966 174.683849,-36.592906 174.683807,-36.592869 174.683779,-36.592816 174.683756,-36.592702 174.683708,-36.592603 174.683656,-36.592541 174.683468,-36.592399 174.683465,-36.592397 174.683419,-36.592384 174.683253,-36.592342 174.683013,-36.592213 174.682826,-36.592164 174.682570,-36.592139 174.682023,-36.591972 174.681853,-36.591914 174.681719,-36.591860 174.681639,-36.591816 174.681508,-36.591719 174.681285,-36.591545 174.681060,-36.591352 174.680919,-36.591203 174.680841,-36.591106 174.680790,-36.591016 174.680753,-36.590978 174.680692,-36.590949 174.680540,-36.590883 174.680377,-36.590837 174.680337,-36.590821 174.680325,-36.590751</coordinates></LineString></MultiGeometry></Placemark><Placemark><name>Crocodile Island LINZ foot track 2</name><description>Sheet row 914; LINZ t50_fid(s) 8493683,7646317,8494000,7646460,7646321</description><styleUrl>#c</styleUrl><MultiGeometry><LineString><tessellate>1</tessellate><coordinates>174.677006,-36.592269 174.677064,-36.592322 174.677132,-36.592420 174.677172,-36.592476 174.677224,-36.592531 174.677271,-36.592576 174.677341,-36.592613 174.677459,-36.592646 174.677618,-36.592675 174.677770,-36.592722 174.677873,-36.592766 174.677997,-36.592844 174.678133,-36.592980 174.678165,-36.593012 174.678235,-36.593155 174.678214,-36.593358 174.678112,-36.593619 174.678061,-36.593756 174.678018,-36.593825 174.677954,-36.593902 174.677867,-36.593975 174.677751,-36.594049 174.677619,-36.594092 174.677387,-36.594211 174.677290,-36.594293 174.677144,-36.594344 174.676944,-36.594402 174.676516,-36.594584 174.676316,-36.594693 174.676192,-36.594762 174.675898,-36.594845 174.675660,-36.594873 174.675461,-36.594862 174.675321,-36.594838 174.675325,-36.594770 174.675015,-36.594752 174.674687,-36.594722 174.674118,-36.594647 174.674000,-36.594686 174.673767,-36.594676 174.673647,-36.594650 174.673474,-36.594652 174.673049,-36.594674 174.672957,-36.594706 174.672857,-36.594817 174.672744,-36.594919 174.672681,-36.594975 174.672369,-36.594998 174.672188,-36.595040 174.672063,-36.595085 174.671956,-36.595072 174.671769,-36.595081 174.671526,-36.595098 174.671380,-36.595086 174.671187,-36.595040 174.671083,-36.595046</coordinates></LineString><LineString><tessellate>1</tessellate><coordinates>174.670323,-36.592993 174.670221,-36.592934 174.669797,-36.592864 174.669722,-36.592825 174.669688,-36.592781 174.669670,-36.592723 174.669677,-36.592658 174.669711,-36.592590 174.669779,-36.592533 174.669864,-36.592487 174.670005,-36.592438 174.670278,-36.592361 174.670398,-36.592294 174.670537,-36.592180 174.670631,-36.592134 174.670722,-36.592108 174.670832,-36.592099 174.670846,-36.592098 174.670991,-36.592127 174.671100,-36.592155 174.671165,-36.592207 174.671205,-36.592272 174.671223,-36.592350 174.671227,-36.592412 174.671245,-36.592448 174.671292,-36.592465 174.671347,-36.592453 174.671408,-36.592419 174.671590,-36.592271 174.671708,-36.592193 174.671829,-36.592135 174.671947,-36.592091 174.672074,-36.592065 174.672182,-36.592052 174.672343,-36.592063 174.672599,-36.592096 174.672700,-36.592130 174.672767,-36.592153 174.673471,-36.592120 174.673822,-36.592078 174.674049,-36.592099 174.674203,-36.592111 174.674466,-36.592112 174.674644,-36.592134 174.674809,-36.592130 174.675225,-36.592098 174.675343,-36.592099 174.675480,-36.592125 174.675560,-36.592145 174.676088,-36.592085 174.676322,-36.592016 174.676417,-36.592001 174.676530,-36.592000 174.676681,-36.592028 174.676803,-36.592083 174.676895,-36.592152 174.677006,-36.592269</coordinates></LineString><LineString><tessellate>1</tessellate><coordinates>174.677853,-36.591785 174.677835,-36.591795 174.677074,-36.592229 174.677006,-36.592269</coordinates></LineString><LineString><tessellate>1</tessellate><coordinates>174.677853,-36.591785 174.677863,-36.591759 174.677852,-36.591721 174.677859,-36.591684 174.678055,-36.591420 174.678110,-36.591393 174.678196,-36.591401</coordinates></LineString><LineString><tessellate>1</tessellate><coordinates>174.679845,-36.590968 174.679866,-36.591053 174.679886,-36.591252 174.679883,-36.591360 174.679876,-36.591398 174.679855,-36.591424 174.679822,-36.591441 174.679744,-36.591450 174.679551,-36.591457 174.679437,-36.591467 174.679335,-36.591489 174.679227,-36.591520 174.679051,-36.591583 174.678952,-36.591638 174.678624,-36.591818 174.678526,-36.591870 174.678395,-36.591940 174.678347,-36.591955 174.678296,-36.591959 174.678239,-36.591951 174.678098,-36.591912 174.678040,-36.591885 174.677977,-36.591842 174.677899,-36.591789 174.677853,-36.591785</coordinates></LineString></MultiGeometry></Placemark><Placemark><name>Ōrewa LINZ foot track 1</name><description>Sheet row 915; LINZ t50_fid(s) 7644983</description><styleUrl>#c</styleUrl><MultiGeometry><LineString><tessellate>1</tessellate><coordinates>174.691447,-36.574844 174.691586,-36.574713 174.691661,-36.574578 174.691743,-36.574518 174.692143,-36.574871 174.692410,-36.575364 174.692728,-36.576107 174.692972,-36.576837 174.693189,-36.577333 174.693457,-36.577985 174.693746,-36.578705 174.693809,-36.578994 174.693904,-36.579280 174.694006,-36.579497 174.694076,-36.579828 174.694175,-36.580072 174.694313,-36.580358 174.694407,-36.580646 174.694428,-36.580834 174.694519,-36.581049 174.694620,-36.581243 174.694756,-36.581607 174.694996,-36.582130 174.695114,-36.582308 174.695222,-36.582580 174.695363,-36.582902 174.695542,-36.583238 174.695753,-36.583653 174.695867,-36.584034 174.695958,-36.584285 174.696033,-36.584441 174.696178,-36.584558 174.696327,-36.584830 174.696512,-36.585223 174.696618,-36.585398 174.696827,-36.585685 174.696974,-36.586127 174.697095,-36.586433 174.697314,-36.586809 174.697523,-36.587227 174.697696,-36.587588 174.698146,-36.588541 174.698182,-36.588782 174.698068,-36.588820 174.698022,-36.588859 174.697893,-36.588979 174.697822,-36.589030 174.697787,-36.589122 174.697724,-36.589185 174.697696,-36.589242 174.697704,-36.589344 174.697737,-36.589416 174.697814,-36.589477 174.697852,-36.589597 174.697991,-36.589675 174.698045,-36.589726 174.698086,-36.589818 174.698187,-36.589975 174.698198,-36.590041 174.698226,-36.590103 174.698228,-36.590171 174.698210,-36.590231 174.698201,-36.590270 174.698203,-36.590290 174.698228,-36.590339 174.698242,-36.590450 174.698280,-36.590504 174.698314,-36.590535 174.698369,-36.590553 174.698468,-36.590577 174.698533,-36.590613 174.698588,-36.590704 174.698684,-36.590941 174.698757,-36.591056 174.698828,-36.591200</coordinates></LineString></MultiGeometry></Placemark><Placemark><name>Red Beach LINZ foot track 1</name><description>Sheet row 916; LINZ t50_fid(s) 7645698</description><styleUrl>#c</styleUrl><MultiGeometry><LineString><tessellate>1</tessellate><coordinates>174.699578,-36.593149 174.699666,-36.593712 174.699697,-36.593818 174.699717,-36.593883 174.699887,-36.594025 174.700098,-36.594198 174.700164,-36.594289 174.700172,-36.594357 174.700147,-36.594406 174.700210,-36.594525 174.700254,-36.594664 174.700275,-36.594825 174.700295,-36.594933 174.700285,-36.594995 174.700223,-36.595113 174.700208,-36.595198 174.700233,-36.595416 174.700260,-36.595719 174.700260,-36.595987 174.700339,-36.596134 174.700338,-36.596217 174.700388,-36.596503 174.700390,-36.596585 174.700341,-36.596743 174.700325,-36.596835 174.700328,-36.596955 174.700354,-36.597093 174.700331,-36.597232 174.700257,-36.597437 174.700223,-36.597577 174.700162,-36.597784 174.700001,-36.598186 174.699879,-36.598418 174.699774,-36.598551 174.699650,-36.598753 174.699598,-36.598809 174.699552,-36.598852 174.699506,-36.598887 174.699374,-36.598943 174.699252,-36.599027 174.699138,-36.599092 174.699078,-36.599129 174.698960,-36.599218 174.698874,-36.599266 174.698631,-36.599295 174.698452,-36.599361 174.698345,-36.599383 174.698260,-36.599436 174.698223,-36.599435 174.698126,-36.599401 174.697952,-36.599280</coordinates></LineString></MultiGeometry></Placemark><Placemark><name>Crocodile Island LINZ foot track 3</name><description>Sheet row 917; LINZ t50_fid(s) 8493885,8493886,8493884</description><styleUrl>#c</styleUrl><MultiGeometry><LineString><tessellate>1</tessellate><coordinates>174.686883,-36.582465 174.686948,-36.582562 174.686900,-36.582586 174.686891,-36.582646 174.686871,-36.582733 174.686872,-36.582776 174.686898,-36.582820 174.687165,-36.583112 174.687204,-36.583125 174.687258,-36.583122 174.687636,-36.583032 174.687861,-36.583021 174.687898,-36.583035 174.688010,-36.582980 174.688147,-36.582928 174.688243,-36.582899 174.688422,-36.582883 174.688582,-36.582873 174.688719,-36.582880 174.689016,-36.582944 174.689266,-36.583077 174.689348,-36.583124 174.689373,-36.583149</coordinates></LineString><LineString><tessellate>1</tessellate><coordinates>174.688864,-36.581870 174.688862,-36.581982 174.689186,-36.582695 174.689304,-36.582975 174.689373,-36.583149</coordinates></LineString><LineString><tessellate>1</tessellate><coordinates>174.689373,-36.583149 174.689446,-36.583358 174.689476,-36.583506 174.689491,-36.583626 174.689485,-36.583712 174.689453,-36.583803 174.689298,-36.584038 174.689212,-36.584114 174.689076,-36.584216 174.688901,-36.584338 174.688817,-36.584404 174.688775,-36.584467 174.688752,-36.584526 174.688744,-36.584605 174.688852,-36.584891 174.688802,-36.584988</coordinates></LineString></MultiGeometry></Placemark><Placemark><name>Crocodile Island LINZ foot track 4</name><description>Sheet row 918; LINZ t50_fid(s) 3593382,3593381,3593380</description><styleUrl>#c</styleUrl><MultiGeometry><LineString><tessellate>1</tessellate><coordinates>174.688722,-36.592885 174.688362,-36.591934 174.688317,-36.591803</coordinates></LineString><LineString><tessellate>1</tessellate><coordinates>174.688408,-36.593628 174.688882,-36.593307 174.688722,-36.592885</coordinates></LineString><LineString><tessellate>1</tessellate><coordinates>174.688722,-36.592885 174.687876,-36.592809</coordinates></LineString></MultiGeometry></Placemark><Placemark><name>Crocodile Island LINZ foot track 5</name><description>Sheet row 919; LINZ t50_fid(s) 3593375</description><styleUrl>#c</styleUrl><MultiGeometry><LineString><tessellate>1</tessellate><coordinates>174.686398,-36.589689 174.686518,-36.589747 174.686614,-36.589771 174.687010,-36.589808 174.687359,-36.590591 174.687336,-36.590699</coordinates></LineString></MultiGeometry></Placemark><Placemark><name>Ōrewa LINZ foot track 2</name><description>Sheet row 920; LINZ t50_fid(s) 3584887</description><styleUrl>#c</styleUrl><MultiGeometry><LineString><tessellate>1</tessellate><coordinates>174.689515,-36.576514 174.689554,-36.576459 174.689582,-36.576421 174.689627,-36.576392 174.690073,-36.576151 174.690891,-36.575927 174.690904,-36.575924</coordinates></LineString></MultiGeometry></Placemark><Placemark><name>Ōrewa LINZ foot track 3</name><description>Sheet row 921; LINZ t50_fid(s) 3584888</description><styleUrl>#c</styleUrl><MultiGeometry><LineString><tessellate>1</tessellate><coordinates>174.691964,-36.578452 174.690673,-36.578789</coordinates></LineString></MultiGeometry></Placemark><Placemark><name>Ōrewa LINZ foot track 4</name><description>Sheet row 922; LINZ t50_fid(s) 3593394</description><styleUrl>#c</styleUrl><MultiGeometry><LineString><tessellate>1</tessellate><coordinates>174.692234,-36.582113 174.692545,-36.581902 174.692607,-36.581868 174.693341,-36.581650</coordinates></LineString></MultiGeometry></Placemark><Placemark><name>Dome Valley LINZ foot track 1</name><description>Sheet row 923; LINZ t50_fid(s) 7646313,7645674,7644973,3517378,3517613</description><styleUrl>#c</styleUrl><MultiGeometry><LineString><tessellate>1</tessellate><coordinates>174.646564,-36.328729 174.646620,-36.328751 174.646822,-36.328840 174.647235,-36.328668 174.647700,-36.328568 174.648377,-36.328515 174.648957,-36.328241 174.649064,-36.328151</coordinates></LineString><LineString><tessellate>1</tessellate><coordinates>174.640080,-36.323917 174.640106,-36.323930 174.640276,-36.324011 174.640422,-36.324100 174.640462,-36.324211 174.640527,-36.324317 174.640666,-36.324356 174.640830,-36.324404 174.641033,-36.324503 174.641141,-36.324578 174.641273,-36.324601 174.641362,-36.324651 174.641500,-36.324669 174.641562,-36.324623 174.641705,-36.324585 174.641831,-36.324619 174.641965,-36.324698 174.642154,-36.324736 174.642279,-36.324724 174.642398,-36.324743 174.642493,-36.324792 174.642658,-36.324856 174.642905,-36.324990 174.643090,-36.325139 174.643281,-36.325274 174.643458,-36.325363 174.643610,-36.325411 174.643748,-36.325430 174.643987,-36.325431 174.644112,-36.325420 174.644245,-36.325489 174.644323,-36.325635 174.644426,-36.325775 174.644578,-36.325809 174.644753,-36.325781 174.644959,-36.325763 174.645087,-36.325908 174.645130,-36.326126 174.645157,-36.326237 174.645525,-36.326435 174.645768,-36.326645 174.645793,-36.326969 174.645755,-36.327259 174.645779,-36.327477 174.646053,-36.327711 174.646245,-36.327856 174.646362,-36.328057 174.646453,-36.328223 174.646518,-36.328461 174.646564,-36.328729</coordinates></LineString><LineString><tessellate>1</tessellate><coordinates>174.635209,-36.336188 174.634887,-36.335410 174.634987,-36.335272 174.635298,-36.335096 174.635582,-36.334681 174.636271,-36.333623 174.636450,-36.333400 174.636933,-36.333160 174.637677,-36.332806 174.637898,-36.332661 174.638173,-36.332576 174.638598,-36.331922 174.638549,-36.331380 174.638585,-36.331294 174.638695,-36.331206 174.638956,-36.331136 174.639142,-36.331012 174.639053,-36.330649 174.639170,-36.330566 174.639410,-36.330601 174.639958,-36.330628 174.640331,-36.330901 174.640466,-36.331151 174.640684,-36.331277 174.640923,-36.331130 174.641026,-36.330981 174.641078,-36.330778 174.641143,-36.330569 174.641359,-36.330314 174.641977,-36.330249 174.642082,-36.330169 174.643056,-36.329801 174.643961,-36.329803 174.644320,-36.329648 174.644832,-36.329285 174.645082,-36.329063 174.645258,-36.329035 174.645695,-36.329119 174.645956,-36.329029 174.646209,-36.328833 174.646399,-36.328663 174.646564,-36.328729</coordinates></LineString><LineString><tessellate>1</tessellate><coordinates>174.638934,-36.346573 174.639123,-36.346598 174.639353,-36.346656 174.639596,-36.346887 174.639865,-36.347177 174.640246,-36.347405 174.640810,-36.347367 174.641095,-36.347211 174.641300,-36.346802 174.641869,-36.346399 174.642428,-36.346148 174.642851,-36.345979 174.642973,-36.345815 174.643223,-36.345213 174.643451,-36.344703 174.643831,-36.344302 174.644078,-36.344085 174.644295,-36.343687 174.644618,-36.343540 174.645031,-36.343514 174.645408,-36.343549 174.645586,-36.343537 174.645982,-36.343344 174.646136,-36.342988 174.646372,-36.342771 174.646483,-36.342614 174.646479,-36.342434 174.646682,-36.342121 174.646804,-36.341901 174.647018,-36.341825 174.647106,-36.341707 174.647125,-36.341508 174.647272,-36.341331 174.647424,-36.341144 174.647524,-36.341056 174.647743,-36.340936 174.647950,-36.340763 174.648041,-36.340548 174.647941,-36.340365 174.647895,-36.340157 174.647896,-36.339895 174.647983,-36.339763 174.648067,-36.339499 174.647889,-36.339303 174.647638,-36.339059 174.647439,-36.338755 174.647484,-36.338585 174.647865,-36.338439 174.648108,-36.338280 174.648364,-36.338199 174.648451,-36.338052 174.648416,-36.337824 174.648424,-36.337654 174.648625,-36.337482 174.648709,-36.337189 174.648697,-36.336942 174.648685,-36.336660 174.648578,-36.336419 174.648446,-36.336134 174.648433,-36.335778 174.648428,-36.335525 174.648256,-36.335353 174.648201,-36.335024 174.648291,-36.334721 174.648490,-36.334495 174.648495,-36.334185 174.648620,-36.333824 174.648977,-36.333712 174.649094,-36.333535 174.649087,-36.333205 174.649272,-36.332902 174.649424,-36.332696 174.649309,-36.332387 174.649350,-36.332017 174.649619,-36.331683 174.649864,-36.331379 174.650010,-36.330882 174.650063,-36.330570 174.650056,-36.330231 174.650053,-36.330075 174.649853,-36.329690 174.649677,-36.329342 174.649670,-36.328993 174.649458,-36.328627 174.649213,-36.328368 174.649064,-36.328151 174.649291,-36.327384 174.649653,-36.327072 174.650102,-36.326933 174.650953,-36.326589 174.651293,-36.326205 174.651497,-36.325790 174.651855,-36.325542 174.652187,-36.325493 174.652658,-36.325556 174.653381,-36.325281 174.653522,-36.325249 174.653697,-36.325332 174.653877,-36.325514 174.654169,-36.325735 174.654500,-36.325616 174.654890,-36.325360 174.655240,-36.325317 174.655388,-36.325385 174.655946,-36.325518 174.656901,-36.325552 174.656967,-36.325531</coordinates></LineString><LineString><tessellate>1</tessellate><coordinates>174.644808,-36.346755 174.644726,-36.346713 174.644630,-36.346630 174.644740,-36.346110 174.645520,-36.345740 174.646280,-36.345270 174.646472,-36.345138 174.646462,-36.345149 174.646476,-36.345140 174.647770,-36.344280 174.648170,-36.344220 174.648440,-36.344250 174.648820,-36.344110 174.649030,-36.343810 174.649250,-36.343610 174.649680,-36.343360 174.649930,-36.343030 174.650270,-36.342900 174.650680,-36.342640 174.650970,-36.342530 174.651420,-36.342440 174.651560,-36.342100 174.652060,-36.341690 174.652290,-36.341350 174.652530,-36.341120 174.653430,-36.340540 174.653740,-36.340210 174.653950,-36.339770 174.653970,-36.339010 174.654220,-36.338840 174.654230,-36.338470 174.654470,-36.338440 174.654430,-36.337810 174.654470,-36.337520 174.654450,-36.337220 174.654110,-36.336710 174.654540,-36.336540 174.655160,-36.336060 174.655160,-36.335650 174.655430,-36.335330 174.655830,-36.334760 174.656010,-36.334550 174.656600,-36.334140 174.656860,-36.333910 174.656960,-36.333570 174.656920,-36.333320 174.657200,-36.333270 174.658040,-36.333380 174.658430,-36.333340 174.658980,-36.332780 174.658970,-36.332460 174.659100,-36.332260 174.659190,-36.331940 174.659060,-36.331700 174.659000,-36.331450 174.659040,-36.331140 174.659260,-36.330990 174.659340,-36.330710 174.659470,-36.330490 174.659740,-36.330260 174.659840,-36.330060 174.659820,-36.329740 174.660140,-36.329520 174.660250,-36.329300 174.660160,-36.328990 174.660180,-36.328780 174.660030,-36.328590 174.659700,-36.328280 174.659340,-36.328170 174.659168,-36.328033 174.658650,-36.327620 174.658320,-36.327550 174.658060,-36.327440 174.657970,-36.327130 174.658040,-36.326850 174.657900,-36.326500 174.657630,-36.326230 174.657350,-36.326090 174.657060,-36.326010 174.656730,-36.325860 174.656853,-36.325654 174.656967,-36.325531 174.657205,-36.325384 174.657321,-36.325150 174.657310,-36.325110 174.657257,-36.324996 174.657230,-36.324930 174.657330,-36.324730 174.657800,-36.324620 174.658030,-36.324510 174.658200,-36.324330 174.658450,-36.324270 174.659020,-36.324170 174.659660,-36.324180 174.659970,-36.324060 174.660830,-36.323550 174.660980,-36.323110 174.661250,-36.322980 174.661490,-36.322910 174.661450,-36.322690 174.661190,-36.322480 174.660980,-36.322410 174.660910,-36.322240 174.661070,-36.322080 174.661620,-36.321970 174.661834,-36.321853 174.661840,-36.321850 174.661960,-36.321670 174.661940,-36.321220 174.662150,-36.321110 174.662330,-36.321250 174.662430,-36.321470 174.662590,-36.321620 174.662800,-36.321740 174.663030,-36.321830 174.663270,-36.321720 174.663770,-36.321870 174.664040,-36.321910 174.664340,-36.321850 174.664890,-36.321590 174.665390,-36.321280 174.665650,-36.321190 174.665770,-36.321030 174.665794,-36.320953 174.665830,-36.320840 174.665820,-36.320610 174.665910,-36.320430 174.666160,-36.320340 174.666430,-36.320410 174.666700,-36.320370 174.666860,-36.320240 174.666960,-36.319860 174.666890,-36.319210 174.666780,-36.318830 174.666570,-36.318480 174.666500,-36.318300 174.666490,-36.317910 174.666370,-36.317410 174.666420,-36.317280 174.666380,-36.317100 174.666160,-36.316730 174.666160,-36.316550 174.666320,-36.316400 174.666730,-36.316190 174.666920,-36.316060 174.667420,-36.315640 174.667630,-36.315580 174.667719,-36.315415</coordinates></LineString></MultiGeometry></Placemark><Placemark><name>Dome Valley LINZ foot track 2</name><description>Sheet row 924; LINZ t50_fid(s) 3517612</description><styleUrl>#c</styleUrl><MultiGeometry><LineString><tessellate>1</tessellate><coordinates>174.641563,-36.349516 174.641794,-36.349891 174.641890,-36.350000 174.641990,-36.350190 174.642070,-36.350470 174.642350,-36.350600 174.642820,-36.350360 174.642980,-36.350180 174.643240,-36.350130 174.643780,-36.350250 174.643860,-36.350380 174.644050,-36.350530 174.644350,-36.351200 174.644480,-36.351350 174.644690,-36.351490 174.644970,-36.351600 174.645290,-36.351680 174.645340,-36.351660 174.645430,-36.351730 174.645690,-36.351740 174.646230,-36.351660 174.646450,-36.351700 174.646740,-36.351790 174.646990,-36.351830 174.647410,-36.352030 174.648120,-36.352300 174.648410,-36.352370 174.649790,-36.352380 174.650360,-36.352270 174.650680,-36.352250 174.651160,-36.352060 174.651386,-36.351945 174.651560,-36.352210 174.651670,-36.352450 174.651920,-36.352730 174.651940,-36.353020 174.651900,-36.353540 174.652100,-36.353830 174.652300,-36.353990 174.652140,-36.354070 174.652210,-36.354850 174.652070,-36.355140 174.651800,-36.355540 174.651650,-36.356090 174.651280,-36.356750 174.651380,-36.357150 174.651220,-36.357400 174.650630,-36.357850 174.650177,-36.357962 174.649983,-36.358160 174.649761,-36.358338 174.649130,-36.358761 174.649093,-36.358773 174.648924,-36.359019 174.648800,-36.359200 174.648530,-36.359460 174.648210,-36.359550 174.647750,-36.359540 174.647440,-36.359640 174.647110,-36.359700 174.646820,-36.359680 174.646210,-36.359890 174.645970,-36.360060 174.645650,-36.360220 174.645307,-36.360337 174.645010,-36.360270 174.644610,-36.360280 174.644350,-36.360400 174.644000,-36.360860 174.644030,-36.361100 174.643870,-36.361510 174.643610,-36.361670 174.643270,-36.361950 174.642590,-36.362330 174.642390,-36.362490 174.642190,-36.362570 174.641570,-36.362540 174.641322,-36.362615 174.640940,-36.362730 174.640640,-36.362850 174.640530,-36.363230 174.640410,-36.363430 174.639830,-36.363770 174.639610,-36.364180 174.639310,-36.364340 174.638980,-36.364360 174.638360,-36.364520 174.638140,-36.364730 174.637988,-36.364824 174.637808,-36.364838 174.637530,-36.364860 174.637340,-36.364690 174.637270,-36.364500 174.636790,-36.364320 174.636590,-36.364140 174.636320,-36.363820 174.636140,-36.363710 174.635990,-36.363570 174.635890,-36.363360 174.635160,-36.362900 174.634920,-36.362680 174.634630,-36.362600 174.634310,-36.362610 174.633980,-36.362520 174.633710,-36.362350 174.633370,-36.362200 174.632670,-36.362070 174.632120,-36.361680 174.631720,-36.361700 174.631330,-36.361670 174.631012,-36.361567 174.630560,-36.361420 174.630190,-36.361370 174.629670,-36.361440 174.629040,-36.361220 174.627690,-36.361030 174.627350,-36.361150 174.627050,-36.361120 174.626290,-36.361120 174.625980,-36.361060 174.625650,-36.360920 174.625470,-36.360740 174.625200,-36.360560 174.624950,-36.360260 174.624690,-36.360030 174.624150,-36.359440 174.624130,-36.359170 174.623910,-36.358930 174.623520,-36.358920 174.623190,-36.359030 174.622840,-36.359050 174.622700,-36.358940 174.622420,-36.358970 174.622130,-36.358920 174.621770,-36.359000 174.621410,-36.359020 174.620980,-36.359170 174.620540,-36.359650 174.620190,-36.359790 174.619440,-36.359870 174.618570,-36.359810 174.618090,-36.359860 174.617650,-36.360020 174.617150,-36.359670 174.616100,-36.359190 174.615860,-36.358990 174.615560,-36.358860 174.614590,-36.358750 174.613780,-36.358760 174.613680,-36.359030 174.613690,-36.359330 174.613580,-36.359610 174.613320,-36.360000 174.613190,-36.360340 174.612990,-36.361200 174.613110,-36.361450 174.613150,-36.361800 174.613140,-36.362090 174.613090,-36.362370 174.613110,-36.362660 174.613050,-36.363200 174.612920,-36.363500 174.612870,-36.363760 174.612958,-36.364010 174.612977,-36.364058 174.612968,-36.364217 174.613190,-36.364541</coordinates></LineString></MultiGeometry></Placemark><Placemark><name>Karamuramu Island LINZ foot track 1</name><description>Sheet row 925; LINZ t50_fid(s) 8405714,8405937,8405936,8405935,8405712,8405464,8405463,8405713,8405462</description><styleUrl>#c</styleUrl><MultiGeometry><LineString><tessellate>1</tessellate><coordinates>175.140440,-36.939164 175.140374,-36.939225 175.140311,-36.939390 175.140266,-36.939470 175.140232,-36.939541 175.140094,-36.939537 175.139962,-36.939503 175.139892,-36.939517 175.139822,-36.939565 175.139798,-36.939613 175.139784,-36.939684 175.139696,-36.939745 175.139679,-36.939782 175.139671,-36.939851 175.139650,-36.939880 175.139574,-36.939936 175.139565,-36.940001 175.139592,-36.940079 175.139645,-36.940116 175.139720,-36.940140 175.139799,-36.940149 175.139825,-36.940167 175.139839,-36.940187 175.139828,-36.940216 175.139777,-36.940226 175.139659,-36.940232 175.139616,-36.940231 175.139494,-36.940206 175.139373,-36.940210 175.139324,-36.940197 175.139288,-36.940182 175.139245,-36.940178 175.139222,-36.940202 175.139225,-36.940230 175.139248,-36.940261 175.139337,-36.940309 175.139413,-36.940340 175.139483,-36.940344 175.139500,-36.940353 175.139504,-36.940367 175.139492,-36.940386 175.139459,-36.940393 175.139339,-36.940393 175.139260,-36.940382 175.139184,-36.940363 175.139145,-36.940369 175.139120,-36.940388 175.139115,-36.940413 175.139125,-36.940437 175.139189,-36.940480 175.139297,-36.940513 175.139340,-36.940549 175.139370,-36.940581 175.139478,-36.940609 175.139506,-36.940626 175.139571,-36.940687 175.139595,-36.940701 175.139633,-36.940708 175.139663,-36.940728 175.139693,-36.940773 175.139709,-36.940784 175.139762,-36.940798 175.139769,-36.940815 175.139762,-36.940842 175.139657,-36.940865 175.139632,-36.940896 175.139626,-36.941055 175.139691,-36.941150 175.139761,-36.941257 175.139817,-36.941298 175.139897,-36.941347 175.139910,-36.941357 175.139929,-36.941400 175.139979,-36.941451 175.140031,-36.941504 175.140051,-36.941552 175.140052,-36.941593 175.140007,-36.941664 175.139986,-36.941709 175.139951,-36.941749 175.139873,-36.941791 175.139874,-36.941812 175.139899,-36.941833 175.139994,-36.941784 175.140091,-36.941769 175.140165,-36.941727 175.140301,-36.941702 175.140372,-36.941698 175.140425,-36.941700 175.140459,-36.941709 175.140442,-36.941727 175.140344,-36.941779 175.140250,-36.941885 175.140179,-36.941943 175.140085,-36.941997 175.139984,-36.942071 175.139956,-36.942088 175.139846,-36.942105 175.139779,-36.942124 175.139710,-36.942169 175.139638,-36.942199 175.139616,-36.942223 175.139617,-36.942255 175.139634,-36.942265 175.139674,-36.942262 175.139832,-36.942207 175.140000,-36.942196 175.140050,-36.942182 175.140112,-36.942158 175.140142,-36.942156 175.140167,-36.942185 175.140164,-36.942213 175.140147,-36.942254 175.140154,-36.942276 175.140182,-36.942281 175.140218,-36.942270 175.140307,-36.942187 175.140403,-36.942145 175.140498,-36.942074 175.140580,-36.942053 175.140651,-36.942063 175.140676,-36.942072 175.140689,-36.942109 175.140672,-36.942160 175.140578,-36.942251 175.140514,-36.942279 175.140418,-36.942307 175.140350,-36.942360 175.140254,-36.942399 175.140126,-36.942506 175.139935,-36.942623 175.139934,-36.942650 175.139950,-36.942663 175.139968,-36.942663 175.140067,-36.942633 175.140153,-36.942627 175.140259,-36.942575 175.140316,-36.942570 175.140451,-36.942575 175.140499,-36.942556 175.140548,-36.942544 175.140628,-36.942536 175.140730,-36.942544 175.140784,-36.942525 175.140907,-36.942459 175.140952,-36.942453 175.141012,-36.942430 175.141087,-36.942391 175.141215,-36.942307 175.141266,-36.942274 175.141288,-36.942272 175.141311,-36.942281 175.141308,-36.942309 175.141275,-36.942368 175.141206,-36.942441 175.141170,-36.942516 175.141102,-36.942591 175.141030,-36.942656 175.140980,-36.942687 175.140927,-36.942715 175.140914,-36.942731 175.140914,-36.942754 175.140930,-36.942769 175.140953,-36.942770 175.140996,-36.942754 175.141109,-36.942717 175.141177,-36.942688 175.141208,-36.942685 175.141233,-36.942692 175.141229,-36.942725 175.141194,-36.942767 175.141123,-36.942826 175.141061,-36.942859 175.141015,-36.942892 175.140967,-36.942984 175.140939,-36.943029 175.140821,-36.943120 175.140730,-36.943153 175.140659,-36.943182 175.140613,-36.943209 175.140576,-36.943256 175.140542,-36.943324 175.140507,-36.943569 175.140433,-36.943683 175.140428,-36.943806 175.140419,-36.943865 175.140389,-36.943912 175.140225,-36.944031 175.140171,-36.944065 175.140114,-36.944076 175.140095,-36.944086 175.140080,-36.944112 175.140094,-36.944134 175.140158,-36.944166 175.140214,-36.944197 175.140242,-36.944252 175.140221,-36.944316 175.140045,-36.944426 175.140009,-36.944458 175.140000,-36.944493 175.140010,-36.944532 175.140099,-36.944695</coordinates></LineString><LineString><tessellate>1</tessellate><coordinates>175.140099,-36.944695 175.140123,-36.944777 175.140227,-36.944969 175.140259,-36.945047 175.140291,-36.945061 175.140382,-36.945028 175.140425,-36.945016 175.140490,-36.944979 175.140534,-36.944970 175.140566,-36.944977 175.140587,-36.944997 175.140579,-36.945027 175.140404,-36.945077 175.140377,-36.945104 175.140376,-36.945131 175.140385,-36.945148 175.140404,-36.945147 175.140458,-36.945126 175.140495,-36.945133 175.140498,-36.945158 175.140469,-36.945181 175.140396,-36.945192 175.140341,-36.945235</coordinates></LineString><LineString><tessellate>1</tessellate><coordinates>175.133469,-36.942528 175.133782,-36.942776 175.133896,-36.942856</coordinates></LineString><LineString><tessellate>1</tessellate><coordinates>175.133896,-36.942856 175.133874,-36.942999 175.133879,-36.943077 175.133897,-36.943138</coordinates></LineString><LineString><tessellate>1</tessellate><coordinates>175.133896,-36.942856 175.133962,-36.942953 175.134029,-36.943088 175.134218,-36.943241 175.134531,-36.943286 175.134799,-36.943324 175.134923,-36.943415 175.134983,-36.943457 175.135089,-36.943611 175.135217,-36.943679 175.135305,-36.943693 175.135404,-36.943746 175.135571,-36.943798 175.135678,-36.943808 175.135803,-36.943759 175.136002,-36.943579 175.136077,-36.943480 175.136250,-36.943411 175.136400,-36.943373 175.136560,-36.943374 175.136715,-36.943332 175.136810,-36.943268 175.136859,-36.943138 175.136875,-36.942940 175.136843,-36.942839 175.136860,-36.942811 175.136894,-36.942817 175.136956,-36.942833 175.137030,-36.942909 175.137085,-36.942964 175.137187,-36.942985 175.137306,-36.943011 175.137512,-36.942987 175.137564,-36.943002 175.137597,-36.943023 175.137598,-36.943069 175.137558,-36.943147 175.137369,-36.943241 175.137119,-36.943390 175.137048,-36.943474 175.136990,-36.943497 175.136972,-36.943560 175.136887,-36.943623 175.136789,-36.943649 175.136542,-36.943697 175.136425,-36.943742 175.136348,-36.943805 175.136292,-36.943824 175.136132,-36.943832 175.136094,-36.943859 175.136093,-36.943916 175.136069,-36.943962 175.136012,-36.944034 175.136001,-36.944066 175.136037,-36.944142 175.136097,-36.944228 175.136263,-36.944358 175.136321,-36.944420 175.136456,-36.944483 175.136570,-36.944532 175.136621,-36.944592 175.136680,-36.944655 175.136750,-36.944703 175.136840,-36.944739 175.136914,-36.944755 175.137118,-36.944740 175.137189,-36.944721 175.137283,-36.944667 175.137403,-36.944632 175.137464,-36.944603 175.137526,-36.944550 175.137545,-36.944507 175.137551,-36.944400 175.137582,-36.944348 175.137620,-36.944312 175.137691,-36.944275 175.137741,-36.944207 175.137819,-36.944185 175.137900,-36.944194 175.137979,-36.944202 175.138013,-36.944172 175.138063,-36.944112 175.138079,-36.944086 175.138131,-36.944075 175.138166,-36.944086 175.138196,-36.944121 175.138211,-36.944204 175.138212,-36.944265 175.138170,-36.944404 175.138168,-36.944442 175.138148,-36.944521 175.138146,-36.944610 175.138095,-36.944716 175.138091,-36.944746 175.138124,-36.944789 175.138149,-36.944818 175.138233,-36.944893 175.138324,-36.944917 175.138515,-36.944948 175.138699,-36.944940 175.138945,-36.944920 175.139233,-36.944903 175.139360,-36.944883 175.139455,-36.944866 175.139474,-36.944856 175.139475,-36.944837 175.139392,-36.944829 175.139330,-36.944790 175.139308,-36.944741 175.139425,-36.944736 175.139472,-36.944715 175.139723,-36.944739 175.139910,-36.944749 175.139952,-36.944732 175.140049,-36.944723 175.140099,-36.944695</coordinates></LineString><LineString><tessellate>1</tessellate><coordinates>175.134059,-36.943331 175.134029,-36.943370 175.133985,-36.943376 175.133763,-36.943366 175.133743,-36.943386 175.133760,-36.943399 175.133847,-36.943428 175.133760,-36.943492 175.133668,-36.943502 175.133575,-36.943476 175.133434,-36.943424 175.133383,-36.943431 175.133249,-36.943526 175.133147,-36.943662 175.133048,-36.943785 175.132881,-36.943924 175.132775,-36.944162 175.132736,-36.944349 175.132671,-36.944487 175.132650,-36.944578 175.132640,-36.944701 175.132471,-36.944762 175.132350,-36.944830 175.132284,-36.944900 175.132292,-36.944954 175.132321,-36.945030 175.132308,-36.945085 175.132325,-36.945152 175.132419,-36.945250 175.132470,-36.945326 175.132561,-36.945397 175.132670,-36.945453 175.132681,-36.945474 175.132684,-36.945498 175.132646,-36.945516 175.132545,-36.945530 175.132456,-36.945514 175.132357,-36.945525 175.132176,-36.945495 175.132113,-36.945486 175.132057,-36.945490 175.132001,-36.945509 175.131985,-36.945544 175.131987,-36.945597 175.131996,-36.945632 175.132027,-36.945654 175.132112,-36.945676 175.132192,-36.945697 175.132238,-36.945722 175.132377,-36.945758 175.132392,-36.945766 175.132401,-36.945789 175.132400,-36.945816 175.132377,-36.945834 175.132336,-36.945855 175.132242,-36.945878 175.132178,-36.945908 175.132059,-36.945940 175.132010,-36.945974 175.131992,-36.946023 175.131989,-36.946062 175.132018,-36.946114 175.132080,-36.946173 175.132172,-36.946234 175.132249,-36.946257 175.132335,-36.946253 175.132378,-36.946270 175.132440,-36.946340 175.132512,-36.946359 175.132598,-36.946370 175.132719,-36.946350 175.132856,-36.946318 175.132919,-36.946285 175.132988,-36.946229 175.133048,-36.946133 175.133118,-36.946102 175.133202,-36.946084 175.133297,-36.946081 175.133366,-36.946087 175.133423,-36.946109 175.133443,-36.946135 175.133450,-36.946155 175.133442,-36.946171 175.133424,-36.946173 175.133353,-36.946159 175.133297,-36.946160 175.133236,-36.946176 175.133228,-36.946197 175.133235,-36.946222 175.133312,-36.946284 175.133375,-36.946340 175.133402,-36.946416 175.133430,-36.946458 175.133504,-36.946539 175.133512,-36.946564 175.133507,-36.946580 175.133480,-36.946587 175.133436,-36.946575 175.133383,-36.946551 175.133357,-36.946558 175.133346,-36.946586 175.133345,-36.946795 175.133357,-36.946841 175.133395,-36.946876 175.133445,-36.946903 175.133492,-36.946917 175.133550,-36.946916 175.133632,-36.946908 175.133853,-36.946855 175.133911,-36.946848 175.134169,-36.946849 175.134223,-36.946837 175.134358,-36.946789 175.134490,-36.946714 175.134636,-36.946633 175.134693,-36.946584 175.134730,-36.946542 175.134783,-36.946434 175.134829,-36.946404 175.134948,-36.946328 175.135006,-36.946270 175.135082,-36.946161 175.135137,-36.946113 175.135172,-36.946092 175.135207,-36.946080 175.135307,-36.946059 175.135399,-36.946025 175.135474,-36.945994 175.135535,-36.945955 175.135611,-36.945892 175.135654,-36.945866 175.135709,-36.945845 175.135771,-36.945837 175.135836,-36.945840 175.135884,-36.945851 175.136002,-36.945886 175.136078,-36.945908 175.136186,-36.945944 175.136260,-36.945957 175.136389,-36.945955 175.136493,-36.946004 175.136664,-36.946073 175.136727,-36.946136 175.136790,-36.946201 175.136855,-36.946254 175.136870,-36.946275 175.136872,-36.946301 175.136860,-36.946321 175.136830,-36.946331 175.136797,-36.946323 175.136755,-36.946291 175.136680,-36.946212 175.136622,-36.946175 175.136584,-36.946164 175.136564,-36.946179 175.136544,-36.946204 175.136537,-36.946264 175.136536,-36.946350 175.136525,-36.946375 175.136501,-36.946384 175.136472,-36.946377 175.136448,-36.946353 175.136441,-36.946331 175.136424,-36.946322 175.136403,-36.946330 175.136400,-36.946346 175.136417,-36.946398 175.136412,-36.946541 175.136434,-36.946599 175.136434,-36.946617 175.136423,-36.946632 175.136397,-36.946633 175.136353,-36.946613 175.136237,-36.946542 175.136161,-36.946507 175.136111,-36.946466 175.136074,-36.946412 175.136054,-36.946398 175.136039,-36.946398 175.136031,-36.946398 175.136012,-36.946424 175.136003,-36.946531 175.135981,-36.946618 175.135982,-36.946655 175.136006,-36.946703 175.136061,-36.946755 175.136141,-36.946801 175.136224,-36.946840 175.136321,-36.946873 175.136404,-36.946891 175.136475,-36.946899 175.136541,-36.946896 175.136589,-36.946885 175.136638,-36.946855 175.136691,-36.946795 175.136735,-36.946764 175.136756,-36.946754 175.136809,-36.946743 175.136846,-36.946712 175.136904,-36.946664 175.136965,-36.946642 175.137027,-36.946639 175.137142,-36.946648 175.137195,-36.946639 175.137227,-36.946626 175.137250,-36.946613 175.137291,-36.946603 175.137328,-36.946599 175.137484,-36.946612 175.137515,-36.946611 175.137594,-36.946588 175.137688,-36.946590 175.137743,-36.946577 175.137791,-36.946551 175.137829,-36.946515 175.137851,-36.946473 175.137955,-36.946355 175.138053,-36.946298 175.138097,-36.946245 175.138145,-36.946221 175.138215,-36.946186 175.138302,-36.946111 175.138397,-36.946055 175.138453,-36.946000 175.138532,-36.945932 175.138609,-36.945881 175.138758,-36.945844 175.138866,-36.945773 175.138949,-36.945753 175.139055,-36.945728 175.139110,-36.945701 175.139164,-36.945665 175.139205,-36.945655 175.139303,-36.945658 175.139394,-36.945668 175.139437,-36.945659 175.139540,-36.945619 175.139680,-36.945621 175.139775,-36.945602 175.139845,-36.945585 175.139928,-36.945539 175.139975,-36.945531 175.140042,-36.945543 175.140099,-36.945557 175.140135,-36.945550 175.140171,-36.945526 175.140191,-36.945494 175.140205,-36.945452 175.140208,-36.945388 175.140199,-36.945367 175.140171,-36.945350 175.140104,-36.945341 175.140007,-36.945312 175.140007,-36.945294 175.140018,-36.945279 175.140051,-36.945275 175.140080,-36.945275 175.140143,-36.945249 175.140195,-36.945240 175.140239,-36.945243 175.140292,-36.945256 175.140341,-36.945235</coordinates></LineString><LineString><tessellate>1</tessellate><coordinates>175.133896,-36.942856 175.133926,-36.942753 175.133965,-36.942687 175.134016,-36.942645 175.134153,-36.942624 175.134233,-36.942590 175.134327,-36.942540 175.134680,-36.942431 175.134919,-36.942327 175.135006,-36.942268 175.135091,-36.942220 175.135200,-36.942122 175.135302,-36.941962 175.135327,-36.941889 175.135387,-36.941814 175.135429,-36.941724 175.135492,-36.941652 175.135579,-36.941489 175.135649,-36.941398 175.135722,-36.941263 175.135782,-36.941165 175.135922,-36.941015 175.136039,-36.940949 175.136034,-36.940931 175.136005,-36.940905 175.136004,-36.940881 175.136096,-36.940849 175.136195,-36.940816 175.136300,-36.940819 175.136324,-36.940774 175.136321,-36.940692 175.136276,-36.940641 175.136145,-36.940575 175.136101,-36.940475 175.136111,-36.940404 175.136193,-36.940299 175.136204,-36.940266 175.136193,-36.940196 175.136208,-36.940125 175.136230,-36.940040 175.136278,-36.939905 175.136318,-36.939737 175.136356,-36.939647 175.136456,-36.939542 175.136550,-36.939441 175.136632,-36.939331 175.136688,-36.939156 175.136766,-36.938997 175.136830,-36.938871 175.136917,-36.938736 175.137060,-36.938604 175.137215,-36.938483 175.137330,-36.938413 175.137433,-36.938271 175.137482,-36.938163 175.137574,-36.938048 175.137610,-36.937966 175.137625,-36.937880 175.137581,-36.937767 175.137559,-36.937718 175.137491,-36.937636 175.137512,-36.937564 175.137524,-36.937489 175.137581,-36.937353 175.137684,-36.937210 175.137765,-36.937087 175.137804,-36.937047 175.137870,-36.937020 175.137916,-36.937015 175.137966,-36.936956 175.138063,-36.936903 175.138136,-36.936827</coordinates></LineString><LineString><tessellate>1</tessellate><coordinates>175.133469,-36.942528 175.133507,-36.942468 175.133552,-36.942391 175.133632,-36.942259 175.133690,-36.942203 175.133736,-36.942176 175.133796,-36.942109 175.133831,-36.942087 175.133883,-36.942069 175.133998,-36.942034 175.134126,-36.941961 175.134198,-36.941933 175.134249,-36.941901 175.134352,-36.941857 175.134392,-36.941782 175.134516,-36.941729 175.134558,-36.941692 175.134601,-36.941632 175.134715,-36.941480 175.134797,-36.941383 175.134868,-36.941283 175.134917,-36.941183 175.134945,-36.941135 175.134956,-36.941101 175.135053,-36.940978 175.135117,-36.940874 175.135158,-36.940787 175.135209,-36.940702 175.135222,-36.940667 175.135235,-36.940599 175.135255,-36.940590 175.135300,-36.940580 175.135329,-36.940567 175.135356,-36.940541 175.135388,-36.940494 175.135422,-36.940471 175.135463,-36.940446 175.135501,-36.940405 175.135539,-36.940352 175.135577,-36.940321 175.135644,-36.940190 175.135695,-36.940074 175.135768,-36.939960 175.135808,-36.939849 175.135825,-36.939782 175.135831,-36.939725 175.135878,-36.939610 175.135949,-36.939475 175.136047,-36.939311 175.136070,-36.939238 175.136138,-36.939169 175.136174,-36.939094 175.136205,-36.939030 175.136212,-36.939000 175.136198,-36.938935 175.136239,-36.938851 175.136336,-36.938736 175.136368,-36.938663 175.136462,-36.938565 175.136531,-36.938491 175.136730,-36.938279 175.136820,-36.938214 175.136911,-36.938141 175.136954,-36.938041 175.136978,-36.937985 175.136992,-36.937886 175.137059,-36.937786 175.137075,-36.937734 175.137055,-36.937652 175.137084,-36.937590 175.137063,-36.937522 175.137059,-36.937434 175.137101,-36.937288 175.137148,-36.937188 175.137185,-36.937135 175.137257,-36.937093 175.137300,-36.937023 175.137341,-36.936987 175.137410,-36.936965 175.137490,-36.936922 175.137524,-36.936912 175.137578,-36.936894 175.137659,-36.936835</coordinates></LineString><LineString><tessellate>1</tessellate><coordinates>175.136793,-36.936851 175.136607,-36.937116 175.136426,-36.937388 175.136288,-36.937531 175.135944,-36.937776 175.135799,-36.937890 175.135696,-36.938002 175.135401,-36.938428 175.135347,-36.938525 175.135225,-36.938639 175.135032,-36.938806 175.134847,-36.939031 175.134734,-36.939143 175.134635,-36.939237 175.134492,-36.939348 175.134424,-36.939438 175.134309,-36.939569 175.134139,-36.939735 175.133988,-36.939895 175.133889,-36.939993 175.133727,-36.940104 175.133707,-36.940235 175.133656,-36.940348 175.133601,-36.940485 175.133566,-36.940574 175.133561,-36.940662 175.133499,-36.940785 175.133490,-36.941051 175.133465,-36.941160 175.133427,-36.941219 175.133345,-36.941290 175.133109,-36.941405 175.132999,-36.941479 175.132924,-36.941570 175.132737,-36.941827 175.132629,-36.942002 175.132550,-36.942103 175.132408,-36.942194 175.132236,-36.942242 175.132117,-36.942282 175.132034,-36.942343 175.132009,-36.942480 175.132066,-36.942799 175.132130,-36.942982 175.132224,-36.943058 175.132390,-36.943086 175.132685,-36.942995 175.132893,-36.942980 175.133061,-36.942887 175.133254,-36.942684 175.133469,-36.942528</coordinates></LineString></MultiGeometry></Placemark><Placemark><name>Half Moon Bay LINZ foot track 1</name><description>Sheet row 926; LINZ t50_fid(s) 6082511,3593127,3584717,3584718,6082528,3573860,3593130,6082546,3593122,6082527,3593128,3584716,3584715,3573858</description><styleUrl>#c</styleUrl><MultiGeometry><LineString><tessellate>1</tessellate><coordinates>174.917618,-36.879639 174.917639,-36.879801 174.917771,-36.880065 174.917841,-36.880581 174.917854,-36.880937 174.917760,-36.881235 174.917802,-36.881634 174.917758,-36.881812 174.917473,-36.882236 174.917234,-36.882428 174.916752,-36.883231 174.916714,-36.883377 174.916709,-36.883685 174.916710,-36.883926 174.916650,-36.884064 174.916679,-36.884140 174.916852,-36.884220 174.917038,-36.884367 174.917234,-36.884603 174.917380,-36.884737 174.917661,-36.884844 174.917855,-36.884841 174.917996,-36.884775 174.918130,-36.884667 174.918474,-36.884592 174.918742,-36.884457 174.918879,-36.884459 174.919015,-36.884609 174.919169,-36.884712 174.919283,-36.884703 174.919335,-36.884594 174.919410,-36.884389 174.919591,-36.884036 174.919568,-36.883903 174.919198,-36.883458 174.919102,-36.883269 174.919152,-36.882978 174.919334,-36.882786 174.919463,-36.882712 174.920014,-36.882530</coordinates></LineString><LineString><tessellate>1</tessellate><coordinates>174.916263,-36.879276 174.916527,-36.879345 174.916745,-36.879435 174.916956,-36.879456 174.917113,-36.879522 174.917260,-36.879506 174.917417,-36.879526 174.917618,-36.879639</coordinates></LineString><LineString><tessellate>1</tessellate><coordinates>174.917618,-36.879639 174.917752,-36.879646 174.917889,-36.879678 174.917979,-36.879779</coordinates></LineString><LineString><tessellate>1</tessellate><coordinates>174.918989,-36.878145 174.918967,-36.878273 174.918662,-36.878566 174.918492,-36.878775 174.918410,-36.878924 174.918345,-36.879119 174.918302,-36.879335 174.918282,-36.879437 174.918245,-36.879512 174.918130,-36.879586 174.918041,-36.879681 174.917979,-36.879779</coordinates></LineString><LineString><tessellate>1</tessellate><coordinates>174.917979,-36.879779 174.918076,-36.880017 174.918129,-36.880002 174.918208,-36.879976 174.918283,-36.880025 174.918308,-36.880113 174.918382,-36.880137 174.918478,-36.880129 174.918510,-36.880019 174.918538,-36.880018 174.918616,-36.880086 174.918656,-36.880083 174.918669,-36.880032 174.918667,-36.879964 174.918679,-36.879884 174.918749,-36.879817 174.918838,-36.879777 174.918898,-36.879776 174.918975,-36.879797 174.919053,-36.879851 174.919147,-36.879881 174.919241,-36.879884 174.919340,-36.879871 174.919658,-36.879897 174.920053,-36.879868 174.920386,-36.879846 174.920652,-36.879842</coordinates></LineString><LineString><tessellate>1</tessellate><coordinates>174.920652,-36.879842 174.920588,-36.880026 174.920596,-36.880137 174.920674,-36.880385 174.920551,-36.880516 174.920450,-36.880688 174.920322,-36.880834</coordinates></LineString><LineString><tessellate>1</tessellate><coordinates>174.920652,-36.879842 174.920807,-36.879831 174.920874,-36.879828 174.920868,-36.879769</coordinates></LineString><LineString><tessellate>1</tessellate><coordinates>174.920322,-36.880834 174.920471,-36.880784 174.920652,-36.880766 174.920704,-36.880767</coordinates></LineString><LineString><tessellate>1</tessellate><coordinates>174.920014,-36.882530 174.920073,-36.882462 174.920134,-36.882440 174.920244,-36.882464 174.920369,-36.882488 174.920437,-36.882596</coordinates></LineString><LineString><tessellate>1</tessellate><coordinates>174.920322,-36.880834 174.920207,-36.880932 174.920028,-36.881167 174.919958,-36.881181 174.919649,-36.881131 174.919538,-36.881177 174.919478,-36.881353 174.919507,-36.881651 174.919478,-36.881716 174.919391,-36.881745 174.919276,-36.881755 174.919142,-36.881713 174.919068,-36.881722 174.919019,-36.881770 174.919018,-36.881862 174.919037,-36.881952 174.919075,-36.882015 174.919199,-36.882049 174.919362,-36.882094 174.919510,-36.882153 174.919599,-36.882203 174.919640,-36.882258 174.919675,-36.882375 174.919732,-36.882442 174.919840,-36.882507 174.920014,-36.882530</coordinates></LineString><LineString><tessellate>1</tessellate><coordinates>174.912799,-36.875441 174.912862,-36.875263 174.912920,-36.875247 174.912960,-36.875045 174.912978,-36.874946 174.913007,-36.874781 174.913111,-36.874476</coordinates></LineString><LineString><tessellate>1</tessellate><coordinates>174.912799,-36.875441 174.912693,-36.875879 174.912606,-36.876151 174.912592,-36.876321 174.912482,-36.876604 174.912430,-36.876872 174.912389,-36.877082</coordinates></LineString><LineString><tessellate>1</tessellate><coordinates>174.913435,-36.881095 174.913653,-36.881091 174.913720,-36.880681 174.913713,-36.880538 174.913740,-36.880385 174.913823,-36.880163 174.914054,-36.879918 174.914362,-36.879789 174.914525,-36.879711 174.914733,-36.879758 174.915528,-36.879979 174.915632,-36.879968 174.915801,-36.879887 174.915945,-36.879788 174.916105,-36.879578 174.916263,-36.879276</coordinates></LineString><LineString><tessellate>1</tessellate><coordinates>174.912799,-36.875441 174.912869,-36.875378 174.912972,-36.875337 174.913011,-36.875278 174.913161,-36.875352 174.914374,-36.876094 174.914588,-36.876177 174.914693,-36.876262 174.914815,-36.876274 174.914892,-36.876327 174.914995,-36.876477 174.915269,-36.876668 174.915392,-36.876877 174.915397,-36.876940 174.915183,-36.877236 174.915087,-36.877434 174.915072,-36.877594 174.915086,-36.877693 174.915127,-36.877792 174.915259,-36.877949 174.915305,-36.878061 174.915279,-36.878267 174.915328,-36.878351 174.915453,-36.878408 174.915602,-36.878458 174.915715,-36.878482 174.915885,-36.878444 174.916099,-36.878435 174.916212,-36.878474 174.916276,-36.878550 174.916334,-36.878705 174.916336,-36.878911 174.916263,-36.879276</coordinates></LineString></MultiGeometry></Placemark><Placemark><name>Rotoroa Island LINZ foot track 1</name><description>Sheet row 927; LINZ t50_fid(s) 7878813</description><styleUrl>#c</styleUrl><MultiGeometry><LineString><tessellate>1</tessellate><coordinates>175.143525,-36.840676 175.143560,-36.840617 175.143678,-36.840412 175.143836,-36.840216 175.143927,-36.839991 175.143935,-36.839752 175.143904,-36.839526 175.143921,-36.839294 175.143953,-36.839065 175.144102,-36.838859 175.144103,-36.838628 175.143951,-36.838420 175.143776,-36.838230 175.143758,-36.838002 175.143594,-36.837808 175.143312,-36.837722 175.143020,-36.837694 175.142796,-36.837550 175.142523,-36.837458 175.142262,-36.837352 175.141980,-36.837293 175.141694,-36.837291 175.141407,-36.837279 175.141126,-36.837315 175.141094,-36.837084 175.141293,-36.836913 175.141573,-36.836819 175.141833,-36.836720 175.142068,-36.836591 175.142293,-36.836427 175.142340,-36.836192 175.142235,-36.835974 175.142390,-36.835773 175.142491,-36.835557 175.142271,-36.835415 175.141999,-36.835354 175.141730,-36.835439 175.141443,-36.835400 175.141224,-36.835240 175.140988,-36.835111 175.140697,-36.835064 175.140556,-36.834866 175.140440,-36.834660 175.140466,-36.834435 175.140261,-36.834281 175.140026,-36.834148 175.139765,-36.834046 175.139486,-36.834008 175.139203,-36.833931 175.138921,-36.833859 175.138619,-36.833826 175.138358,-36.833735 175.138319,-36.833506 175.138493,-36.833316 175.138744,-36.833199 175.138983,-36.833064 175.139260,-36.833001 175.139544,-36.833037 175.139586,-36.832810 175.139417,-36.832614 175.139129,-36.832571 175.138846,-36.832533 175.138562,-36.832485 175.138277,-36.832529 175.137988,-36.832559 175.137703,-36.832620 175.137431,-36.832680 175.137171,-36.832773 175.137039,-36.832978 175.136848,-36.833156 175.136700,-36.833348 175.136512,-36.833516 175.136244,-36.833611 175.135966,-36.833660 175.135699,-36.833756 175.135408,-36.833736 175.135138,-36.833825 175.134872,-36.833921 175.134647,-36.834069 175.134397,-36.834184 175.134181,-36.834336 175.133888,-36.834324 175.133621,-36.834424 175.133362,-36.834518 175.133156,-36.834358 175.133033,-36.834139 175.132848,-36.834315 175.132659,-36.834507 175.132445,-36.834658 175.132371,-36.834437 175.132320,-36.834206 175.132037,-36.834205 175.131979,-36.833981 175.131982,-36.833738 175.131979,-36.833511 175.131946,-36.833272 175.131994,-36.833038 175.132123,-36.832833 175.132387,-36.832737 175.132669,-36.832730 175.132959,-36.832734 175.133251,-36.832742 175.133530,-36.832692 175.133737,-36.832529 175.134004,-36.832429 175.134227,-36.832288 175.134480,-36.832169 175.134745,-36.832069 175.135018,-36.831995 175.135209,-36.831826 175.135432,-36.831683 175.135563,-36.831482 175.135721,-36.831283 175.135910,-36.831109 175.136191,-36.831035 175.136473,-36.831010 175.136746,-36.830950 175.136940,-36.830785 175.137031,-36.830566 175.137176,-36.830359 175.137417,-36.830215 175.137710,-36.830237 175.137997,-36.830210 175.138284,-36.830197 175.138259,-36.829965 175.138007,-36.829837 175.137862,-36.829640 175.137760,-36.829430 175.137695,-36.829206 175.137666,-36.828977 175.137669,-36.828747 175.137629,-36.828519 175.137575,-36.828297 175.137748,-36.828119 175.137972,-36.827975 175.138238,-36.827900 175.138520,-36.827912 175.138776,-36.827809 175.138923,-36.827610 175.139124,-36.827452 175.139307,-36.827267</coordinates></LineString></MultiGeometry></Placemark><Placemark><name>Half Moon Bay LINZ foot track 2</name><description>Sheet row 928; LINZ t50_fid(s) 3554628,6082525,3584675,6082540,6082518,6082533,6082526</description><styleUrl>#c</styleUrl><MultiGeometry><LineString><tessellate>1</tessellate><coordinates>174.879987,-36.891714 174.880111,-36.891667 174.880344,-36.891686 174.880661,-36.891707 174.881107,-36.891711 174.881425,-36.891755 174.881662,-36.891755 174.881949,-36.891713 174.882192,-36.891747 174.882578,-36.891726 174.882838,-36.891733 174.883269,-36.891666 174.883436,-36.891652 174.883599,-36.891641 174.883967,-36.891609 174.884535,-36.891607 174.884856,-36.891608 174.885116,-36.891611 174.885325,-36.891693 174.885868,-36.891856 174.885947,-36.891861 174.886043,-36.891866 174.886193,-36.891844 174.886301,-36.891800 174.886412,-36.891698 174.886647,-36.891661 174.886872,-36.891613 174.887184,-36.891623 174.887394,-36.891653 174.887586,-36.891702 174.887751,-36.891778 174.888024,-36.891938 174.888198,-36.892010 174.888353,-36.892052 174.888503,-36.892091 174.888625,-36.892145 174.888748,-36.892251 174.888838,-36.892306 174.888964,-36.892323 174.889174,-36.892334 174.889383,-36.892324 174.889597,-36.892335 174.889741,-36.892318 174.889865,-36.892286 174.889963,-36.892292 174.890049,-36.892369 174.890093,-36.892450 174.890078,-36.892669 174.890033,-36.892822 174.889945,-36.892962 174.889934,-36.893184 174.889879,-36.893350 174.890004,-36.893395 174.890155,-36.893354 174.890356,-36.893203 174.890546,-36.892983 174.890574,-36.892835 174.890638,-36.892769 174.890740,-36.892763 174.890979,-36.892815 174.891170,-36.892873 174.891411,-36.892987 174.891673,-36.893091 174.891729,-36.893173 174.891935,-36.893178 174.892256,-36.893264 174.892382,-36.893336 174.892547,-36.893451 174.892709,-36.893431 174.892871,-36.893437 174.892962,-36.893392 174.893041,-36.893304 174.893207,-36.893227 174.893444,-36.893189 174.893572,-36.893148 174.893757,-36.893171 174.893779,-36.893214 174.893678,-36.893267 174.893730,-36.893393 174.893791,-36.893444 174.893841,-36.893517 174.893962,-36.893602 174.894047,-36.893744 174.894136,-36.893842 174.894192,-36.893928 174.894339,-36.893961 174.894474,-36.893963 174.894681,-36.894046 174.894792,-36.894039 174.894929,-36.893985 174.895144,-36.893926 174.895211,-36.893836 174.895453,-36.893717 174.895764,-36.893464 174.895990,-36.893264 174.896109,-36.893233 174.896473,-36.893223 174.896619,-36.893169 174.896737,-36.893060 174.896789,-36.892944 174.896829,-36.892677 174.896895,-36.892565 174.896917,-36.892331</coordinates></LineString><LineString><tessellate>1</tessellate><coordinates>174.894612,-36.891060 174.894720,-36.891258 174.894872,-36.891379 174.895006,-36.891526 174.895120,-36.891619 174.895181,-36.891687 174.895287,-36.891784 174.895315,-36.891831 174.895375,-36.891998 174.895468,-36.892155 174.895536,-36.892225 174.895667,-36.892253 174.895826,-36.892218 174.895973,-36.892149 174.896055,-36.892127 174.896122,-36.892138 174.896183,-36.892197 174.896245,-36.892321 174.896287,-36.892368 174.896340,-36.892394 174.896426,-36.892399 174.896606,-36.892339 174.896755,-36.892319 174.896917,-36.892331</coordinates></LineString><LineString><tessellate>1</tessellate><coordinates>174.895549,-36.890258 174.895061,-36.890771 174.894923,-36.890892 174.894612,-36.891060</coordinates></LineString><LineString><tessellate>1</tessellate><coordinates>174.894612,-36.891060 174.894275,-36.891102 174.893082,-36.891555</coordinates></LineString><LineString><tessellate>1</tessellate><coordinates>174.896917,-36.892331 174.896998,-36.892122 174.897022,-36.891941 174.897080,-36.891833 174.897112,-36.891633 174.897146,-36.891593 174.897462,-36.891505 174.897561,-36.891431 174.897655,-36.891402 174.897778,-36.891399 174.897782,-36.891399 174.897967,-36.891394 174.898025,-36.891403 174.898163,-36.891479 174.898178,-36.891509 174.898377,-36.891497 174.898408,-36.891459 174.898508,-36.891423 174.898720,-36.891382 174.898971,-36.891369 174.899090,-36.891404 174.899168,-36.891392 174.899231,-36.891365 174.899247,-36.891328 174.899230,-36.891205 174.899228,-36.891147 174.899243,-36.891024 174.899382,-36.890822 174.899495,-36.890721 174.899771,-36.890570</coordinates></LineString><LineString><tessellate>1</tessellate><coordinates>174.899771,-36.890570 174.899989,-36.890485 174.900112,-36.890465 174.900202,-36.890477 174.900238,-36.890516 174.900239,-36.890563 174.900211,-36.890603 174.900140,-36.890652 174.900101,-36.890723 174.900097,-36.890774 174.900121,-36.890803 174.900196,-36.890818 174.900251,-36.890799 174.900350,-36.890749 174.900428,-36.890738 174.900541,-36.890732 174.900668,-36.890760 174.900768,-36.890809 174.900927,-36.890825 174.901129,-36.890827</coordinates></LineString><LineString><tessellate>1</tessellate><coordinates>174.899771,-36.890570 174.899875,-36.890405 174.899904,-36.890239 174.899893,-36.890111 174.899846,-36.889949 174.899836,-36.889842 174.899956,-36.889703 174.900079,-36.889594 174.900165,-36.889407 174.900146,-36.889204 174.900078,-36.889112 174.900117,-36.889082 174.900223,-36.889092 174.900273,-36.888955 174.900358,-36.888866 174.900500,-36.888812</coordinates></LineString></MultiGeometry></Placemark><Placemark><name>Whakanewha / central Waiheke LINZ foot track 1</name><description>Sheet row 929; LINZ t50_fid(s) 7878453</description><styleUrl>#c</styleUrl><MultiGeometry><LineString><tessellate>1</tessellate><coordinates>175.111318,-36.814888 175.111281,-36.814876 175.111193,-36.814857 175.110902,-36.814799 175.110613,-36.814812 175.110329,-36.814806 175.110052,-36.814731 175.109816,-36.814589 175.109577,-36.814460 175.109359,-36.814370 175.109653,-36.814241 175.109898,-36.814128 175.109634,-36.814034 175.109365,-36.813952 175.109097,-36.813881 175.108815,-36.813859 175.108533,-36.813817 175.108266,-36.813741 175.108032,-36.813613 175.107839,-36.813446 175.107589,-36.813340 175.107319,-36.813271 175.107052,-36.813199 175.106791,-36.813098 175.106539,-36.812990 175.106293,-36.812875 175.106189,-36.812653 175.106122,-36.812425 175.106064,-36.812203 175.106007,-36.811976 175.105929,-36.811757 175.105844,-36.811526 175.105770,-36.811293 175.105676,-36.811071 175.105578,-36.810855 175.105489,-36.810635 175.105402,-36.810410 175.105325,-36.810189 175.105229,-36.809972 175.105138,-36.809757 175.104999,-36.809543 175.104802,-36.809377 175.104577,-36.809215 175.104374,-36.809057 175.104159,-36.808890 175.104106,-36.808660 175.104130,-36.808430 175.104138,-36.808185 175.104160,-36.807955 175.103929,-36.807820 175.103657,-36.807754 175.103379,-36.807713 175.103112,-36.807640 175.102831,-36.807583 175.102550,-36.807555 175.102274,-36.807473 175.101997,-36.807418 175.101722,-36.807350 175.101436,-36.807326 175.101171,-36.807238 175.100880,-36.807192 175.100602,-36.807120 175.100338,-36.807041 175.100061,-36.806981 175.099781,-36.806902 175.099507,-36.806840 175.099237,-36.806764 175.098962,-36.806706 175.098682,-36.806645 175.098398,-36.806585 175.098109,-36.806522 175.097844,-36.806444 175.097570,-36.806390 175.097297,-36.806328 175.097012,-36.806302 175.096730,-36.806239 175.096446,-36.806212 175.096484,-36.806435 175.096584,-36.806660 175.096565,-36.806887 175.096460,-36.807109 175.096183,-36.807039 175.095987,-36.806871 175.095794,-36.806704 175.095553,-36.806581 175.095273,-36.806538 175.095014,-36.806448 175.094728,-36.806396 175.094469,-36.806308 175.094196,-36.806241 175.093922,-36.806172 175.093648,-36.806096 175.093418,-36.805956 175.093199,-36.805814 175.093058,-36.805613 175.092873,-36.805437 175.092613,-36.805346 175.092331,-36.805310 175.092033,-36.805285 175.091746,-36.805267 175.091458,-36.805274 175.091171,-36.805291 175.090883,-36.805331 175.090600,-36.805349 175.090319,-36.805376 175.090035,-36.805391 175.089749,-36.805394 175.089459,-36.805386 175.089171,-36.805316 175.088899,-36.805245 175.088607,-36.805288 175.088370,-36.805167 175.088138,-36.805022 175.087929,-36.804871 175.087754,-36.804679 175.087628,-36.804471 175.087404,-36.804316 175.087123,-36.804273 175.086843,-36.804205 175.086569,-36.804122 175.086350,-36.804065 175.086347,-36.804064</coordinates></LineString></MultiGeometry></Placemark><Placemark><name>Whakanewha / central Waiheke LINZ foot track 2</name><description>Sheet row 930; LINZ t50_fid(s) 7878812</description><styleUrl>#c</styleUrl><MultiGeometry><LineString><tessellate>1</tessellate><coordinates>175.127429,-36.821268 175.127166,-36.821244 175.126880,-36.821200 175.126712,-36.821006 175.126481,-36.820868 175.126185,-36.820829 175.125889,-36.820825 175.125607,-36.820868 175.125304,-36.820878 175.125003,-36.820871 175.124732,-36.820811 175.124587,-36.820617 175.124308,-36.820650 175.124137,-36.820830 175.123862,-36.820886 175.123924,-36.820692 175.123842,-36.820675 175.123722,-36.820723 175.123558,-36.820887 175.123356,-36.821130 175.123164,-36.821146 175.122978,-36.821123 175.122879,-36.821028 175.122742,-36.820708 175.122637,-36.820684 175.122340,-36.820696 175.122076,-36.820758 175.121844,-36.820801 175.121538,-36.820755 175.121479,-36.820653 175.121475,-36.820524 175.121656,-36.820365 175.122029,-36.820223 175.122490,-36.820047 175.122473,-36.819909 175.122443,-36.819918 175.122147,-36.819935 175.121892,-36.820031 175.121611,-36.820055 175.121313,-36.820080 175.121089,-36.820217 175.120803,-36.820189 175.120541,-36.820096 175.120606,-36.819868 175.120861,-36.819758 175.121129,-36.819670 175.121403,-36.819599 175.121683,-36.819525 175.121725,-36.819297 175.121495,-36.819165 175.121208,-36.819137 175.120919,-36.819206 175.120641,-36.819253 175.120364,-36.819214 175.120097,-36.819170 175.120000,-36.819163 175.119913,-36.819216 175.119862,-36.819304 175.119780,-36.819321 175.119713,-36.819359 175.119711,-36.819435 175.119662,-36.819484 175.119611,-36.819568 175.119675,-36.819644 175.119621,-36.819716 175.119615,-36.819806 175.119566,-36.819946 175.119552,-36.820044 175.119465,-36.820101 175.119351,-36.820103 175.119064,-36.820046 175.118798,-36.819942 175.118606,-36.820110 175.118352,-36.820185 175.118340,-36.820188 175.118070,-36.820267 175.117796,-36.820333 175.117608,-36.820150 175.117344,-36.820064 175.117107,-36.819934 175.116853,-36.819810 175.116564,-36.819765 175.116301,-36.819655 175.116005,-36.819628 175.115720,-36.819625 175.115431,-36.819611 175.115152,-36.819640 175.114863,-36.819638 175.114708,-36.819677 175.114592,-36.819707 175.114402,-36.819884 175.114199,-36.820040 175.113942,-36.820134 175.113658,-36.820128 175.113391,-36.820051 175.113137,-36.819954 175.112872,-36.819869 175.112608,-36.819776 175.112536,-36.819767 175.112385,-36.819768 175.112224,-36.819793 175.112088,-36.819839 175.111966,-36.819940 175.111736,-36.820068 175.111644,-36.820058 175.111413,-36.820037 175.111320,-36.819970 175.111103,-36.819845 175.110694,-36.819562 175.110593,-36.819396 175.110563,-36.819262 175.110578,-36.819083 175.110359,-36.818948 175.110217,-36.818874 175.109993,-36.818720 175.109752,-36.818600 175.109494,-36.818480 175.109262,-36.818344 175.109013,-36.818221 175.108771,-36.818096 175.108519,-36.817975 175.108418,-36.817942</coordinates></LineString></MultiGeometry></Placemark><Placemark><name>Maraetai LINZ foot track 1</name><description>Sheet row 931; LINZ t50_fid(s) 7879448,3554667</description><styleUrl>#c</styleUrl><MultiGeometry><LineString><tessellate>1</tessellate><coordinates>175.082668,-36.908443 175.082819,-36.908343 175.082883,-36.908123 175.082892,-36.907767 175.082981,-36.907562 175.083155,-36.907422 175.083418,-36.907321 175.083586,-36.907237 175.083706,-36.906975 175.083951,-36.906697 175.084376,-36.906278 175.085131,-36.905385 175.085524,-36.904951 175.085978,-36.904440 175.086281,-36.904181 175.086543,-36.904044 175.086789,-36.903999 175.086972,-36.903981 175.087077,-36.903918 175.087126,-36.903841 175.087159,-36.903760</coordinates></LineString><LineString><tessellate>1</tessellate><coordinates>175.097568,-36.900816 175.097203,-36.900887 175.096814,-36.901054 175.096526,-36.901155 175.096294,-36.901150 175.096019,-36.901163 175.095720,-36.901260 175.095264,-36.901363 175.094933,-36.901460 175.094601,-36.901535 175.094137,-36.901716 175.093784,-36.901852 175.093180,-36.902022 175.092642,-36.902236 175.092082,-36.902382 175.091613,-36.902413 175.091258,-36.902545 175.091039,-36.902557 175.090657,-36.902560 175.090377,-36.902603 175.090144,-36.902696 175.089895,-36.902976 175.089313,-36.903337 175.089211,-36.903437 175.088969,-36.903770 175.088731,-36.903935 175.088381,-36.903924 175.088116,-36.903943 175.087610,-36.903805 175.087161,-36.903765</coordinates></LineString></MultiGeometry></Placemark><Placemark><name>Glendowie LINZ foot track 3</name><description>Sheet row 932; LINZ t50_fid(s) 6638769,6638770,6638315</description><styleUrl>#c</styleUrl><MultiGeometry><LineString><tessellate>1</tessellate><coordinates>174.878230,-36.862608 174.878308,-36.862716 174.878394,-36.862838 174.878316,-36.863075 174.878245,-36.863378 174.878244,-36.863531 174.878269,-36.863595 174.878393,-36.863712 174.878498,-36.863849 174.878563,-36.864019 174.878664,-36.864152 174.878792,-36.864270 174.878944,-36.864391 174.879113,-36.864479 174.879640,-36.864598 174.879828,-36.864679</coordinates></LineString><LineString><tessellate>1</tessellate><coordinates>174.879828,-36.864679 174.879926,-36.864508 174.879994,-36.864348 174.880001,-36.864084 174.880032,-36.863870 174.880032,-36.863685 174.880021,-36.863450 174.880036,-36.863331 174.880083,-36.863218 174.880116,-36.863080 174.880125,-36.862906 174.880153,-36.862768 174.880149,-36.862584 174.880162,-36.862513 174.880184,-36.862443 174.880186,-36.862397 174.880185,-36.862359 174.880162,-36.862299 174.880145,-36.862221 174.880139,-36.862083</coordinates></LineString><LineString><tessellate>1</tessellate><coordinates>174.879828,-36.864679 174.879698,-36.864924 174.879689,-36.865024 174.879749,-36.865114 174.879928,-36.865270 174.880343,-36.865435 174.880649,-36.865726 174.880721,-36.865834 174.880745,-36.866018 174.880958,-36.866298 174.881045,-36.866518 174.881543,-36.867364 174.881419,-36.867810 174.881315,-36.867996 174.881209,-36.868206 174.881176,-36.868474 174.881216,-36.868899 174.881468,-36.869347 174.882176,-36.869700 174.882370,-36.869849 174.882437,-36.869867 174.882608,-36.869847 174.882692,-36.869972 174.882804,-36.870234 174.882771,-36.870364 174.882624,-36.870498 174.882688,-36.870579 174.882706,-36.870702 174.882628,-36.870806 174.882412,-36.870906 174.882275,-36.871113 174.882198,-36.871356 174.882200,-36.871612 174.882083,-36.871767 174.881953,-36.871913 174.881702,-36.871972</coordinates></LineString></MultiGeometry></Placemark><Placemark><name>St Heliers LINZ foot track 4</name><description>Sheet row 933; LINZ t50_fid(s) 3573883,3584766,3573882</description><styleUrl>#c</styleUrl><MultiGeometry><LineString><tessellate>1</tessellate><coordinates>174.873981,-36.852006 174.873279,-36.851993 174.872868,-36.852012 174.872662,-36.851947 174.872491,-36.851678 174.872464,-36.851604 174.872330,-36.851126 174.872242,-36.850843 174.872115,-36.850435 174.872277,-36.850215 174.871829,-36.849977 174.871376,-36.849393</coordinates></LineString><LineString><tessellate>1</tessellate><coordinates>174.874774,-36.850347 174.874308,-36.850650 174.874290,-36.850678 174.874151,-36.850889 174.874045,-36.851304 174.873982,-36.851648 174.873981,-36.852006</coordinates></LineString><LineString><tessellate>1</tessellate><coordinates>174.875671,-36.858126 174.875658,-36.857955 174.875700,-36.857824 174.875944,-36.857498 174.876085,-36.857423 174.876446,-36.856898 174.876550,-36.856622 174.876601,-36.856361 174.876661,-36.856163 174.876722,-36.855747 174.876286,-36.855089 174.876216,-36.854623 174.876170,-36.854216 174.876191,-36.853718 174.875927,-36.853277 174.875761,-36.853076 174.875579,-36.852731 174.875472,-36.852668 174.875340,-36.852664 174.875172,-36.852711 174.875053,-36.852702 174.874960,-36.852523 174.874733,-36.852421 174.874539,-36.852281 174.874094,-36.852101 174.873981,-36.852006</coordinates></LineString></MultiGeometry></Placemark><Placemark><name>Rotoroa Island LINZ foot track 2</name><description>Sheet row 934; LINZ t50_fid(s) 3554697</description><styleUrl>#c</styleUrl><MultiGeometry><LineString><tessellate>1</tessellate><coordinates>175.147752,-36.844398 175.147460,-36.844410 175.147169,-36.844444 175.146863,-36.844594 175.146643,-36.844783 175.146525,-36.845063 175.145939,-36.845479 175.145950,-36.845654 175.145737,-36.845888 175.145609,-36.846082 175.145481,-36.846292 175.145296,-36.846487 175.145062,-36.846676 175.144758,-36.846854 175.144733,-36.847185 175.144467,-36.847466 175.144139,-36.847403 175.144335,-36.847068 175.144066,-36.846632 175.143806,-36.846526 175.142931,-36.846304 175.142441,-36.846144 175.142013,-36.846006 175.141363,-36.846002 175.140879,-36.846078 175.140524,-36.846191 175.139907,-36.846376 175.139755,-36.846489 175.139294,-36.846566 175.138795,-36.846520 175.138558,-36.846385 175.138149,-36.846090 175.137777,-36.845683 175.137976,-36.845445 175.138122,-36.845406 175.138858,-36.845428 175.139016,-36.845383</coordinates></LineString></MultiGeometry></Placemark><Placemark><name>Ōtara LINZ foot track 1</name><description>Sheet row 935; LINZ t50_fid(s) 3554626,8063327</description><styleUrl>#c</styleUrl><MultiGeometry><LineString><tessellate>1</tessellate><coordinates>174.876293,-36.947497 174.876368,-36.947504 174.876815,-36.947564 174.877094,-36.947553 174.877278,-36.947568 174.877441,-36.947612 174.877548,-36.947593 174.877655,-36.947611 174.877723,-36.947652 174.877785,-36.947692 174.877832,-36.947715 174.877867,-36.947745 174.877886,-36.947786 174.877894,-36.947830 174.877911,-36.947851 174.877946,-36.947891 174.877968,-36.947936 174.877974,-36.947997 174.877960,-36.948055 174.877936,-36.948093 174.877915,-36.948148 174.877896,-36.948212 174.877882,-36.948245 174.877865,-36.948272 174.877852,-36.948308 174.877839,-36.948354 174.877837,-36.948392 174.877843,-36.948418 174.877861,-36.948441 174.877884,-36.948462 174.877923,-36.948481 174.877964,-36.948494 174.877973,-36.948497 174.878002,-36.948506 174.878020,-36.948518 174.878048,-36.948557 174.878035,-36.948655 174.878039,-36.948695 174.878040,-36.948720 174.878022,-36.948768 174.878017,-36.948810 174.878008,-36.948849 174.877981,-36.948888 174.877986,-36.948927 174.877988,-36.948936 174.877981,-36.948964 174.877973,-36.948976 174.877945,-36.949019 174.877919,-36.949088 174.877910,-36.949109 174.877907,-36.949115 174.877850,-36.949162 174.877844,-36.949166 174.877785,-36.949201 174.877758,-36.949224 174.877748,-36.949225 174.877706,-36.949230 174.877597,-36.949212 174.877394,-36.949209 174.877292,-36.949210 174.875869,-36.948972</coordinates></LineString><LineString><tessellate>1</tessellate><coordinates>174.873410,-36.949717 174.873642,-36.948857 174.873750,-36.948589 174.873785,-36.948549 174.873874,-36.948518 174.873957,-36.948499 174.874062,-36.948490 174.874179,-36.948453 174.874267,-36.948409 174.874311,-36.948400 174.874361,-36.948399 174.874532,-36.948438 174.874648,-36.948470 174.874731,-36.948470 174.874835,-36.948432 174.874941,-36.948371 174.874990,-36.948330 174.875017,-36.948280 174.874983,-36.948244 174.874886,-36.948172 174.874829,-36.948087 174.874808,-36.948044 174.874682,-36.947831 174.874642,-36.947573 174.874646,-36.947378 174.874675,-36.947319 174.874921,-36.947127 174.875117,-36.946997 174.875328,-36.946894 174.875503,-36.946843 174.875703,-36.946912 174.875852,-36.946945 174.876039,-36.947041 174.876058,-36.947075 174.876022,-36.947174 174.876002,-36.947222 174.876031,-36.947323 174.876013,-36.947362 174.875953,-36.947424 174.875896,-36.947495 174.875883,-36.947553 174.875897,-36.947685 174.875921,-36.947718 174.876002,-36.947750 174.876098,-36.947776 174.876127,-36.947809 174.876156,-36.947939 174.876154,-36.948100 174.876086,-36.948362 174.875869,-36.948972 174.875676,-36.949515</coordinates></LineString></MultiGeometry></Placemark><Placemark><name>Half Moon Bay LINZ foot track 3</name><description>Sheet row 936; LINZ t50_fid(s) 6638772,6638867,6638648,6638773</description><styleUrl>#c</styleUrl><MultiGeometry><LineString><tessellate>1</tessellate><coordinates>174.900488,-36.904255 174.900553,-36.904331 174.900722,-36.904393 174.901133,-36.904490 174.902777,-36.904891</coordinates></LineString><LineString><tessellate>1</tessellate><coordinates>174.902777,-36.904891 174.902741,-36.905046 174.902247,-36.906110 174.902167,-36.906274 174.902102,-36.906339 174.902018,-36.906407</coordinates></LineString><LineString><tessellate>1</tessellate><coordinates>174.902777,-36.904891 174.903276,-36.906526 174.903230,-36.906650 174.903383,-36.906750 174.903468,-36.906858 174.903527,-36.906977 174.903560,-36.907070 174.903610,-36.907106 174.903711,-36.907122 174.903892,-36.907122 174.903985,-36.907109 174.904049,-36.907114 174.904126,-36.907155 174.904160,-36.907196 174.904200,-36.907268 174.904554,-36.907326 174.904593,-36.907515 174.904624,-36.907560 174.904681,-36.907601 174.904757,-36.907609 174.904914,-36.907604 174.905225,-36.907655</coordinates></LineString><LineString><tessellate>1</tessellate><coordinates>174.902777,-36.904891 174.903534,-36.903224 174.903690,-36.903271 174.903751,-36.903270 174.903924,-36.903238 174.904142,-36.903299 174.904198,-36.903298 174.904482,-36.903264 174.904533,-36.903337 174.904585,-36.903421 174.904629,-36.903455 174.904684,-36.903459 174.904783,-36.903443 174.904833,-36.903457 174.904939,-36.903505 174.905049,-36.903507</coordinates></LineString></MultiGeometry></Placemark><Placemark><name>Maraetai LINZ foot track 2</name><description>Sheet row 937; LINZ t50_fid(s) 7879920</description><styleUrl>#c</styleUrl><MultiGeometry><LineString><tessellate>1</tessellate><coordinates>175.077960,-36.906528 175.077923,-36.906770 175.077855,-36.906995 175.077750,-36.907097 175.077628,-36.907161 175.077556,-36.907200 175.077539,-36.907277 175.077509,-36.907391 175.077463,-36.907557 175.077464,-36.907667 175.077512,-36.907860 175.077510,-36.908030 175.077470,-36.908227 175.077449,-36.908547 175.077457,-36.908885 175.077594,-36.909232 175.077649,-36.909425 175.077649,-36.909436 175.077581,-36.909684 175.077463,-36.909954 175.077353,-36.910305 175.077286,-36.910507 175.077286,-36.910518 175.077221,-36.910727 175.077152,-36.910824 175.076926,-36.910943 175.076642,-36.911054 175.076543,-36.911078 175.076418,-36.911052 175.076277,-36.911020 175.076154,-36.910996 175.076066,-36.910994 175.076004,-36.911007 175.076009,-36.911057 175.076010,-36.911156 175.075964,-36.911318 175.075893,-36.911526 175.075790,-36.911800 175.075722,-36.911953 175.075757,-36.912290 175.075725,-36.912388 175.075513,-36.912507 175.075264,-36.912667 175.075092,-36.912803 175.075064,-36.912869 175.075068,-36.912955</coordinates></LineString></MultiGeometry></Placemark><Placemark><name>Ōtāhuhu LINZ foot track 1</name><description>Sheet row 938; LINZ t50_fid(s) 8062697</description><styleUrl>#c</styleUrl><MultiGeometry><LineString><tessellate>1</tessellate><coordinates>174.862552,-36.943354 174.862832,-36.943187 174.862936,-36.942985 174.863032,-36.942905 174.863149,-36.942881 174.863290,-36.942882 174.863466,-36.942876 174.863656,-36.942823 174.863776,-36.942758 174.863941,-36.942633 174.864018,-36.942588 174.864150,-36.942548 174.864395,-36.942488 174.864586,-36.942488 174.864985,-36.942485 174.865217,-36.942519 174.865345,-36.942514 174.865575,-36.942466 174.865968,-36.942378 174.866179,-36.942369 174.866414,-36.942393 174.866631,-36.942471 174.866947,-36.942601 174.867132,-36.942649 174.867355,-36.942664 174.867551,-36.942667 174.867807,-36.942754 174.867997,-36.942855 174.868181,-36.943006 174.868294,-36.943170 174.868376,-36.943332 174.868394,-36.943429 174.868406,-36.943573 174.868367,-36.943916 174.868351,-36.944073 174.868358,-36.944174 174.868380,-36.944296 174.868454,-36.944426 174.868624,-36.944669 174.868687,-36.944847 174.868698,-36.944988 174.868699,-36.945176 174.868682,-36.945424</coordinates></LineString></MultiGeometry></Placemark><Placemark><name>Glendowie LINZ foot track 4</name><description>Sheet row 939; LINZ t50_fid(s) 3584684,3593057,3593060,6082532</description><styleUrl>#c</styleUrl><MultiGeometry><LineString><tessellate>1</tessellate><coordinates>174.874197,-36.859387 174.874140,-36.859624 174.874130,-36.859820 174.874149,-36.860016 174.874211,-36.860183 174.874307,-36.860296 174.874532,-36.860403 174.874857,-36.860478 174.875111,-36.860555 174.875422,-36.860683 174.875663,-36.860829 174.875890,-36.861010 174.876133,-36.861243 174.876272,-36.861356 174.876447,-36.861457 174.876637,-36.861485</coordinates></LineString><LineString><tessellate>1</tessellate><coordinates>174.875870,-36.862526 174.876637,-36.861485</coordinates></LineString><LineString><tessellate>1</tessellate><coordinates>174.876637,-36.861485 174.876958,-36.861133 174.876927,-36.860639</coordinates></LineString><LineString><tessellate>1</tessellate><coordinates>174.876637,-36.861485 174.876762,-36.861514 174.877208,-36.861465 174.877396,-36.861478 174.877530,-36.861539 174.877920,-36.861741 174.878005,-36.861847 174.878056,-36.861962 174.878126,-36.861995 174.878198,-36.862012 174.878306,-36.862000</coordinates></LineString></MultiGeometry></Placemark><Placemark><name>Botany Downs LINZ foot track 1</name><description>Sheet row 940; LINZ t50_fid(s) 6082512</description><styleUrl>#c</styleUrl><MultiGeometry><LineString><tessellate>1</tessellate><coordinates>174.903747,-36.924566 174.904003,-36.924497 174.904256,-36.924497 174.904501,-36.924523 174.904856,-36.924446 174.905055,-36.924337 174.905087,-36.924306 174.905107,-36.924151 174.905204,-36.923912 174.905450,-36.923633 174.905676,-36.923456 174.905827,-36.923060 174.905831,-36.923050 174.905866,-36.922959 174.905868,-36.922861 174.905787,-36.922629 174.905685,-36.922491 174.905583,-36.922372 174.905476,-36.922031 174.905484,-36.921586 174.905435,-36.921386 174.905431,-36.921372 174.905427,-36.921353 174.905443,-36.921262 174.905427,-36.921191 174.905391,-36.921075 174.905390,-36.920815 174.905414,-36.920645 174.905483,-36.920399 174.905525,-36.920361 174.905565,-36.920325 174.905666,-36.920234 174.905874,-36.920076 174.905928,-36.919992 174.905926,-36.919924 174.905886,-36.919834 174.905899,-36.919759 174.905921,-36.919706 174.906050,-36.919624 174.906278,-36.919530 174.906372,-36.919525 174.906421,-36.919607</coordinates></LineString></MultiGeometry></Placemark><Placemark><name>Pakuranga LINZ foot track 1</name><description>Sheet row 941; LINZ t50_fid(s) 6082517</description><styleUrl>#c</styleUrl><MultiGeometry><LineString><tessellate>1</tessellate><coordinates>174.881285,-36.897321 174.880755,-36.896848 174.880642,-36.896735 174.880056,-36.895972 174.879771,-36.895858 174.879728,-36.895733 174.879779,-36.895537 174.879876,-36.895417 174.880137,-36.895255 174.880402,-36.895004 174.880472,-36.894830 174.880755,-36.894521 174.880756,-36.894423 174.880693,-36.894268 174.880455,-36.893937 174.880521,-36.893922 174.880697,-36.893899 174.880867,-36.893857 174.881082,-36.893741</coordinates></LineString></MultiGeometry></Placemark><Placemark><name>Maraetai LINZ foot track 3</name><description>Sheet row 942; LINZ t50_fid(s) 3584724,3593134,3593135</description><styleUrl>#c</styleUrl><MultiGeometry><LineString><tessellate>1</tessellate><coordinates>175.041051,-36.877692 175.040922,-36.877493 175.040715,-36.877107 175.040710,-36.876945 175.040470,-36.876775 175.040330,-36.876443 175.040047,-36.876070 175.039805,-36.875854 175.039546,-36.875702 175.039304,-36.875579 175.039031,-36.875460 175.038687,-36.875308</coordinates></LineString><LineString><tessellate>1</tessellate><coordinates>175.040049,-36.878188 175.041051,-36.877692</coordinates></LineString><LineString><tessellate>1</tessellate><coordinates>175.041198,-36.878000 175.041122,-36.877801 175.041051,-36.877692</coordinates></LineString></MultiGeometry></Placemark><Placemark><name>St Heliers LINZ foot track 5</name><description>Sheet row 943; LINZ t50_fid(s) 3584765</description><styleUrl>#c</styleUrl><MultiGeometry><LineString><tessellate>1</tessellate><coordinates>174.869166,-36.846277 174.869161,-36.846219 174.868830,-36.845807 174.868337,-36.845623 174.867665,-36.845352 174.867403,-36.845376 174.867211,-36.845626 174.866888,-36.845790 174.866634,-36.846148 174.866574,-36.846401 174.866458,-36.846604 174.866340,-36.846815 174.866323,-36.846893 174.866283,-36.847146 174.866159,-36.847213</coordinates></LineString></MultiGeometry></Placemark><Placemark><name>Pakuranga LINZ foot track 2</name><description>Sheet row 944; LINZ t50_fid(s) 3573828</description><styleUrl>#c</styleUrl><MultiGeometry><LineString><tessellate>1</tessellate><coordinates>174.867945,-36.916725 174.867874,-36.916713 174.867648,-36.916719 174.867414,-36.916683 174.866964,-36.916677 174.866833,-36.916706 174.866744,-36.916794 174.865989,-36.916959 174.865850,-36.917004 174.865836,-36.917008 174.865699,-36.917053 174.865221,-36.917240 174.864963,-36.917420 174.864494,-36.917847</coordinates></LineString></MultiGeometry></Placemark><Placemark><name>Half Moon Bay LINZ foot track 4</name><description>Sheet row 945; LINZ t50_fid(s) 3573857</description><styleUrl>#c</styleUrl><MultiGeometry><LineString><tessellate>1</tessellate><coordinates>174.904241,-36.881986 174.904359,-36.882176 174.904312,-36.882359 174.903576,-36.882241 174.903408,-36.882303 174.903104,-36.882247 174.903104,-36.882247 174.902907,-36.882211 174.902476,-36.882277 174.901707,-36.882307 174.901598,-36.882344 174.901608,-36.882462 174.901169,-36.882603</coordinates></LineString></MultiGeometry></Placemark><Placemark><name>Glendowie LINZ foot track 5</name><description>Sheet row 946; LINZ t50_fid(s) 3573834</description><styleUrl>#c</styleUrl><MultiGeometry><LineString><tessellate>1</tessellate><coordinates>174.881661,-36.872544 174.882297,-36.872750 174.882721,-36.872771 174.882953,-36.872813 174.883471,-36.872838 174.883560,-36.872865 174.883696,-36.872835 174.883808,-36.872777 174.883949,-36.872752 174.884158,-36.872761 174.884342,-36.872774 174.884548,-36.872831 174.884738,-36.872826 174.884851,-36.872799 174.884983,-36.872794 174.885123,-36.872820 174.885312,-36.872807 174.885424,-36.872853</coordinates></LineString></MultiGeometry></Placemark><Placemark><name>Pakuranga LINZ foot track 3</name><description>Sheet row 947; LINZ t50_fid(s) 3584674</description><styleUrl>#c</styleUrl><MultiGeometry><LineString><tessellate>1</tessellate><coordinates>174.885849,-36.899171 174.884602,-36.898786 174.884330,-36.897787 174.883885,-36.897742 174.883242,-36.897566</coordinates></LineString></MultiGeometry></Placemark><Placemark><name>Bucklands Beach LINZ foot track 1</name><description>Sheet row 948; LINZ t50_fid(s) 3584686,3593063,3593061</description><styleUrl>#c</styleUrl><MultiGeometry><LineString><tessellate>1</tessellate><coordinates>174.901601,-36.864030 174.900644,-36.862580</coordinates></LineString><LineString><tessellate>1</tessellate><coordinates>174.900644,-36.862580 174.901207,-36.862342</coordinates></LineString><LineString><tessellate>1</tessellate><coordinates>174.899820,-36.862935 174.899945,-36.862868 174.900151,-36.862783 174.900175,-36.862773 174.900644,-36.862580</coordinates></LineString></MultiGeometry></Placemark><Placemark><name>Bucklands Beach LINZ foot track 2</name><description>Sheet row 949; LINZ t50_fid(s) 3573861</description><styleUrl>#c</styleUrl><MultiGeometry><LineString><tessellate>1</tessellate><coordinates>174.903298,-36.862948 174.903907,-36.862664 174.904637,-36.862344 174.905200,-36.862097 174.905750,-36.861857 174.905907,-36.861788</coordinates></LineString></MultiGeometry></Placemark><Placemark><name>Glendowie LINZ foot track 6</name><description>Sheet row 950; LINZ t50_fid(s) 3584685</description><styleUrl>#c</styleUrl><MultiGeometry><LineString><tessellate>1</tessellate><coordinates>174.883218,-36.859946 174.882506,-36.859963 174.882162,-36.860202 174.882047,-36.860166 174.880649,-36.859652</coordinates></LineString></MultiGeometry></Placemark><Placemark><name>Maraetai LINZ foot track 4</name><description>Sheet row 951; LINZ t50_fid(s) 3584722</description><styleUrl>#c</styleUrl><MultiGeometry><LineString><tessellate>1</tessellate><coordinates>175.032012,-36.877216 175.032095,-36.877370 175.032256,-36.877577 175.032262,-36.877987 175.032713,-36.878763 175.033019,-36.879156</coordinates></LineString></MultiGeometry></Placemark><Placemark><name>Cockle Bay LINZ foot track 1</name><description>Sheet row 952; LINZ t50_fid(s) 3584714</description><styleUrl>#c</styleUrl><MultiGeometry><LineString><tessellate>1</tessellate><coordinates>174.953243,-36.902524 174.953133,-36.902443 174.953087,-36.902375 174.952987,-36.902246 174.952871,-36.902116 174.952701,-36.902017 174.952485,-36.901992 174.952221,-36.901885 174.952085,-36.901852 174.951997,-36.901847 174.951763,-36.901855 174.951633,-36.901833 174.951378,-36.901760 174.951229,-36.901745 174.951136,-36.901775 174.951038,-36.901808</coordinates></LineString></MultiGeometry></Placemark><Placemark><name>Glendowie LINZ foot track 7</name><description>Sheet row 953; LINZ t50_fid(s) 3584681</description><styleUrl>#c</styleUrl><MultiGeometry><LineString><tessellate>1</tessellate><coordinates>174.864372,-36.865678 174.863906,-36.864772 174.863443,-36.863870</coordinates></LineString></MultiGeometry></Placemark><Placemark><name>Glendowie LINZ foot track 8</name><description>Sheet row 954; LINZ t50_fid(s) 3584683</description><styleUrl>#c</styleUrl><MultiGeometry><LineString><tessellate>1</tessellate><coordinates>174.877414,-36.871446 174.877427,-36.871522 174.877133,-36.872031 174.877013,-36.872223 174.876893,-36.872389 174.876728,-36.872545 174.876698,-36.872659 174.876251,-36.872894 174.876169,-36.872989</coordinates></LineString></MultiGeometry></Placemark><Placemark><name>Howick LINZ foot track 1</name><description>Sheet row 955; LINZ t50_fid(s) 3584711</description><styleUrl>#c</styleUrl><MultiGeometry><LineString><tessellate>1</tessellate><coordinates>174.918531,-36.903430 174.917617,-36.903868 174.916722,-36.904276</coordinates></LineString></MultiGeometry></Placemark><Placemark><name>Botany Downs LINZ foot track 2</name><description>Sheet row 956; LINZ t50_fid(s) 3593699</description><styleUrl>#c</styleUrl><MultiGeometry><LineString><tessellate>1</tessellate><coordinates>174.910191,-36.931369 174.910098,-36.931395 174.909667,-36.931351 174.909308,-36.931500 174.909135,-36.931543 174.908860,-36.931716 174.908631,-36.931932 174.908431,-36.932033</coordinates></LineString></MultiGeometry></Placemark><Placemark><name>Bucklands Beach LINZ foot track 3</name><description>Sheet row 957; LINZ t50_fid(s) 3584720</description><styleUrl>#c</styleUrl><MultiGeometry><LineString><tessellate>1</tessellate><coordinates>174.908904,-36.867525 174.909539,-36.867678 174.910062,-36.867787 174.910196,-36.867828 174.910321,-36.867867 174.910311,-36.868029 174.910490,-36.868139 174.910526,-36.868243</coordinates></LineString></MultiGeometry></Placemark><Placemark><name>Half Moon Bay LINZ foot track 5</name><description>Sheet row 958; LINZ t50_fid(s) 3593038</description><styleUrl>#c</styleUrl><MultiGeometry><LineString><tessellate>1</tessellate><coordinates>174.894831,-36.895230 174.894564,-36.895322 174.893969,-36.895210 174.893608,-36.895101 174.893192,-36.895024 174.893171,-36.894855</coordinates></LineString></MultiGeometry></Placemark><Placemark><name>Maraetai LINZ foot track 5</name><description>Sheet row 959; LINZ t50_fid(s) 3593133</description><styleUrl>#c</styleUrl><MultiGeometry><LineString><tessellate>1</tessellate><coordinates>175.037124,-36.875455 175.038033,-36.875929 175.038055,-36.876432</coordinates></LineString></MultiGeometry></Placemark><Placemark><name>Bucklands Beach LINZ foot track 4</name><description>Sheet row 960; LINZ t50_fid(s) 3584719</description><styleUrl>#c</styleUrl><MultiGeometry><LineString><tessellate>1</tessellate><coordinates>174.904215,-36.868264 174.904753,-36.868112 174.905874,-36.867975</coordinates></LineString></MultiGeometry></Placemark><Placemark><name>Half Moon Bay LINZ foot track 6</name><description>Sheet row 961; LINZ t50_fid(s) 3584712</description><styleUrl>#c</styleUrl><MultiGeometry><LineString><tessellate>1</tessellate><coordinates>174.904454,-36.890172 174.904502,-36.890245 174.904527,-36.890289 174.904638,-36.890478 174.904761,-36.890715 174.905186,-36.891356</coordinates></LineString></MultiGeometry></Placemark><Placemark><name>Pakuranga LINZ foot track 4</name><description>Sheet row 962; LINZ t50_fid(s) 3584659</description><styleUrl>#c</styleUrl><MultiGeometry><LineString><tessellate>1</tessellate><coordinates>174.894050,-36.910162 174.893331,-36.910188 174.893025,-36.910090 174.892867,-36.910055 174.892719,-36.910050 174.892594,-36.910065 174.892543,-36.910072</coordinates></LineString></MultiGeometry></Placemark><Placemark><name>Pakuranga LINZ foot track 5</name><description>Sheet row 963; LINZ t50_fid(s) 3592993</description><styleUrl>#c</styleUrl><MultiGeometry><LineString><tessellate>1</tessellate><coordinates>174.886312,-36.910843 174.885836,-36.911957</coordinates></LineString></MultiGeometry></Placemark><Placemark><name>Half Moon Bay LINZ foot track 7</name><description>Sheet row 964; LINZ t50_fid(s) 3593114</description><styleUrl>#c</styleUrl><MultiGeometry><LineString><tessellate>1</tessellate><coordinates>174.910499,-36.887797 174.910271,-36.888069 174.910160,-36.888485 174.910274,-36.888882</coordinates></LineString></MultiGeometry></Placemark><Placemark><name>Half Moon Bay LINZ foot track 8</name><description>Sheet row 965; LINZ t50_fid(s) 3593033</description><styleUrl>#c</styleUrl><MultiGeometry><LineString><tessellate>1</tessellate><coordinates>174.893162,-36.886520 174.892315,-36.887454</coordinates></LineString></MultiGeometry></Placemark><Placemark><name>Half Moon Bay LINZ foot track 9</name><description>Sheet row 966; LINZ t50_fid(s) 3593034</description><styleUrl>#c</styleUrl><MultiGeometry><LineString><tessellate>1</tessellate><coordinates>174.895848,-36.884539 174.895530,-36.884250 174.894917,-36.884835</coordinates></LineString></MultiGeometry></Placemark><Placemark><name>Howick LINZ foot track 2</name><description>Sheet row 967; LINZ t50_fid(s) 3593124</description><styleUrl>#c</styleUrl><MultiGeometry><LineString><tessellate>1</tessellate><coordinates>174.924884,-36.881292 174.923631,-36.881789</coordinates></LineString></MultiGeometry></Placemark><Placemark><name>Pakuranga LINZ foot track 6</name><description>Sheet row 968; LINZ t50_fid(s) 3592990</description><styleUrl>#c</styleUrl><MultiGeometry><LineString><tessellate>1</tessellate><coordinates>174.878416,-36.917227 174.878396,-36.917322 174.878259,-36.917971 174.878386,-36.918314</coordinates></LineString></MultiGeometry></Placemark><Placemark><name>Pakuranga LINZ foot track 7</name><description>Sheet row 969; LINZ t50_fid(s) 3592988</description><styleUrl>#c</styleUrl><MultiGeometry><LineString><tessellate>1</tessellate><coordinates>174.864660,-36.912905 174.864753,-36.913015 174.865957,-36.913132</coordinates></LineString></MultiGeometry></Placemark><Placemark><name>Pakuranga LINZ foot track 8</name><description>Sheet row 970; LINZ t50_fid(s) 3584669</description><styleUrl>#c</styleUrl><MultiGeometry><LineString><tessellate>1</tessellate><coordinates>174.865799,-36.909595 174.865524,-36.910665</coordinates></LineString></MultiGeometry></Placemark><Placemark><name>Half Moon Bay LINZ foot track 10</name><description>Sheet row 971; LINZ t50_fid(s) 3593115</description><styleUrl>#c</styleUrl><MultiGeometry><LineString><tessellate>1</tessellate><coordinates>174.911920,-36.896424 174.912007,-36.896625 174.912151,-36.896987 174.912323,-36.897429</coordinates></LineString></MultiGeometry></Placemark><Placemark><name>St Heliers LINZ foot track 6</name><description>Sheet row 972; LINZ t50_fid(s) 3593050</description><styleUrl>#c</styleUrl><MultiGeometry><LineString><tessellate>1</tessellate><coordinates>174.863711,-36.862009 174.864132,-36.861816 174.864815,-36.861442</coordinates></LineString></MultiGeometry></Placemark><Placemark><name>Glendowie LINZ foot track 9</name><description>Sheet row 973; LINZ t50_fid(s) 3593059</description><styleUrl>#c</styleUrl><MultiGeometry><LineString><tessellate>1</tessellate><coordinates>174.870816,-36.871125 174.870418,-36.870975 174.870253,-36.870904 174.870096,-36.870858 174.869608,-36.870722</coordinates></LineString></MultiGeometry></Placemark><Placemark><name>Half Moon Bay LINZ foot track 11</name><description>Sheet row 974; LINZ t50_fid(s) 3593126</description><styleUrl>#c</styleUrl><MultiGeometry><LineString><tessellate>1</tessellate><coordinates>174.907947,-36.879750 174.909224,-36.879954</coordinates></LineString></MultiGeometry></Placemark><Placemark><name>Glendowie LINZ foot track 10</name><description>Sheet row 975; LINZ t50_fid(s) 8225050</description><styleUrl>#c</styleUrl><MultiGeometry><LineString><tessellate>1</tessellate><coordinates>174.872974,-36.875676 174.872313,-36.875255 174.871994,-36.875007</coordinates></LineString></MultiGeometry></Placemark><Placemark><name>Howick LINZ foot track 3</name><description>Sheet row 976; LINZ t50_fid(s) 3593116</description><styleUrl>#c</styleUrl><MultiGeometry><LineString><tessellate>1</tessellate><coordinates>174.921373,-36.897204 174.920265,-36.896691</coordinates></LineString></MultiGeometry></Placemark><Placemark><name>Panmure LINZ foot track 7</name><description>Sheet row 977; LINZ t50_fid(s) 3593023</description><styleUrl>#c</styleUrl><MultiGeometry><LineString><tessellate>1</tessellate><coordinates>174.861415,-36.893367 174.861452,-36.893295 174.861589,-36.892826 174.861569,-36.892680 174.861416,-36.892568 174.861278,-36.892473</coordinates></LineString></MultiGeometry></Placemark><Placemark><name>Howick LINZ foot track 4</name><description>Sheet row 978; LINZ t50_fid(s) 3593118</description><styleUrl>#c</styleUrl><MultiGeometry><LineString><tessellate>1</tessellate><coordinates>174.921874,-36.894380 174.922970,-36.894892</coordinates></LineString></MultiGeometry></Placemark><Placemark><name>Pakuranga LINZ foot track 9</name><description>Sheet row 979; LINZ t50_fid(s) 3593027</description><styleUrl>#c</styleUrl><MultiGeometry><LineString><tessellate>1</tessellate><coordinates>174.887382,-36.907974 174.887785,-36.908710 174.887858,-36.908891</coordinates></LineString></MultiGeometry></Placemark><Placemark><name>Bombay LINZ foot track 1</name><description>Sheet row 980; LINZ t50_fid(s) 8405113,8405112</description><styleUrl>#c</styleUrl><MultiGeometry><LineString><tessellate>1</tessellate><coordinates>175.073821,-37.233261 175.074302,-37.233653 175.074460,-37.233533 175.075175,-37.233087 175.076750,-37.230956 175.077620,-37.230492 175.077709,-37.230443 175.084014,-37.226869 175.090445,-37.220046 175.092927,-37.217775 175.093627,-37.216483</coordinates></LineString><LineString><tessellate>1</tessellate><coordinates>175.058218,-37.255854 175.058111,-37.255326 175.052503,-37.246212 175.052410,-37.245945 175.052586,-37.245701 175.052933,-37.245518 175.055866,-37.244329 175.056194,-37.243916 175.057195,-37.242322 175.057592,-37.242023 175.058824,-37.241720 175.059729,-37.241380 175.060553,-37.240948 175.061749,-37.240280 175.062383,-37.240050 175.062940,-37.239873 175.064266,-37.239662 175.065445,-37.239339 175.066791,-37.238898 175.067466,-37.238740 175.067937,-37.238562 175.068942,-37.238093 175.069407,-37.237634 175.070268,-37.236920 175.071527,-37.236308 175.071780,-37.236197 175.071655,-37.236015 175.071450,-37.235622 175.072176,-37.234976 175.072911,-37.234065 175.073305,-37.233713 175.073821,-37.233261 175.073536,-37.233027 175.073318,-37.232450 175.070948,-37.223808 175.070828,-37.223663 175.070576,-37.223344 175.070305,-37.222993 175.070208,-37.222871</coordinates></LineString></MultiGeometry></Placemark><Placemark><name>Bombay LINZ foot track 2</name><description>Sheet row 982; LINZ t50_fid(s) 8405449</description><styleUrl>#c</styleUrl><MultiGeometry><LineString><tessellate>1</tessellate><coordinates>175.055580,-37.219945 175.055934,-37.219863 175.056149,-37.220000 175.056375,-37.220744 175.057235,-37.221197 175.064598,-37.219979 175.064311,-37.218727 175.069267,-37.217913</coordinates></LineString></MultiGeometry></Placemark><Placemark><name>Pukekohe LINZ foot track 1</name><description>Sheet row 983; LINZ t50_fid(s) 3592626</description><styleUrl>#c</styleUrl><MultiGeometry><LineString><tessellate>1</tessellate><coordinates>174.894086,-37.200119 174.894063,-37.200342 174.893876,-37.200634 174.893287,-37.200950 174.893209,-37.200992</coordinates></LineString></MultiGeometry></Placemark><Placemark><name>Pukekohe LINZ foot track 2</name><description>Sheet row 984; LINZ t50_fid(s) 3584440</description><styleUrl>#c</styleUrl><MultiGeometry><LineString><tessellate>1</tessellate><coordinates>174.909744,-37.201297 174.909775,-37.201292 174.910391,-37.201196 174.911029,-37.201151</coordinates></LineString></MultiGeometry></Placemark><Placemark><name>Waiuku LINZ foot track 1</name><description>Sheet row 985; LINZ t50_fid(s) 7879885</description><styleUrl>#c</styleUrl><MultiGeometry><LineString><tessellate>1</tessellate><coordinates>174.730835,-37.254316 174.730915,-37.254332 174.731032,-37.254426 174.731090,-37.254446 174.731184,-37.254383 174.731827,-37.253675 174.732175,-37.253302 174.732325,-37.253138 174.732539,-37.252948 174.732807,-37.252763 174.733056,-37.252575 174.733366,-37.252368 174.733754,-37.252118</coordinates></LineString></MultiGeometry></Placemark><Placemark><name>Waiuku LINZ foot track 2</name><description>Sheet row 986; LINZ t50_fid(s) 7880131</description><styleUrl>#c</styleUrl><MultiGeometry><LineString><tessellate>1</tessellate><coordinates>174.733833,-37.245229 174.734227,-37.246367 174.734511,-37.246401 174.734804,-37.247237</coordinates></LineString></MultiGeometry></Placemark><Placemark><name>Graves Island LINZ foot track 1</name><description>Sheet row 987; LINZ t50_fid(s) 3593483</description><styleUrl>#c</styleUrl><MultiGeometry><LineString><tessellate>1</tessellate><coordinates>175.357650,-36.177796 175.358384,-36.177390 175.358639,-36.177101 175.358868,-36.176898</coordinates></LineString></MultiGeometry></Placemark><Placemark><name>Medlands–Rosalie Bay, Aotea LINZ foot track 1</name><description>Sheet row 988; LINZ t50_fid(s) 3554991</description><styleUrl>#c</styleUrl><MultiGeometry><LineString><tessellate>1</tessellate><coordinates>175.442649,-36.265309 175.442244,-36.265557 175.441951,-36.265736 175.441613,-36.265973 175.441147,-36.266171 175.440883,-36.266352 175.440357,-36.266551 175.440091,-36.266678 175.439832,-36.266762 175.439772,-36.267012 175.439750,-36.267274 175.439733,-36.267681 175.439997,-36.267730 175.440407,-36.267685 175.440606,-36.267809 175.440962,-36.267963 175.441200,-36.268222 175.441567,-36.268496 175.441721,-36.268687 175.441809,-36.268877 175.441954,-36.268991 175.441881,-36.269408 175.442050,-36.269455 175.442285,-36.269452 175.442508,-36.269442 175.442658,-36.269578 175.442683,-36.269712 175.442630,-36.269860 175.442504,-36.269989 175.442305,-36.270089 175.442167,-36.270142 175.442087,-36.270253 175.442077,-36.270434 175.442069,-36.270674 175.442007,-36.270843 175.441934,-36.270987 175.441795,-36.271188 175.441662,-36.271253 175.441363,-36.271314 175.441028,-36.271388 175.440755,-36.271457 175.440363,-36.271688 175.440355,-36.271927 175.440284,-36.272168 175.440290,-36.272336</coordinates></LineString></MultiGeometry></Placemark><Placemark><name>Great Barrier Island LINZ foot track 1</name><description>Sheet row 989; LINZ t50_fid(s) 3555007</description><styleUrl>#c</styleUrl><MultiGeometry><LineString><tessellate>1</tessellate><coordinates>175.486962,-36.183404 175.486639,-36.183572 175.486383,-36.183664 175.486208,-36.183673 175.485871,-36.183612 175.485511,-36.183552 175.485018,-36.183630 175.484736,-36.183611 175.484439,-36.183624 175.484151,-36.183685 175.483903,-36.183783 175.483601,-36.183876 175.483323,-36.183987 175.482913,-36.184044 175.482592,-36.184008 175.482344,-36.183877 175.482141,-36.183715 175.482029,-36.183556 175.481820,-36.183443 175.481523,-36.183449 175.481209,-36.183635 175.480902,-36.183827 175.480524,-36.183909 175.480197,-36.183928 175.479966,-36.183865 175.479741,-36.183715 175.479568,-36.183546 175.479368,-36.183494 175.479010,-36.183495 175.478796,-36.183469 175.478679,-36.183340 175.478676,-36.183336</coordinates></LineString></MultiGeometry></Placemark><Placemark><name>Great Barrier Island LINZ foot track 2</name><description>Sheet row 990; LINZ t50_fid(s) 3554997</description><styleUrl>#c</styleUrl><MultiGeometry><LineString><tessellate>1</tessellate><coordinates>175.480834,-36.200557 175.481248,-36.200213 175.481507,-36.199977 175.481858,-36.199540 175.481947,-36.199368 175.481870,-36.199253 175.481680,-36.199123 175.481485,-36.199022 175.481252,-36.198865 175.481229,-36.198772 175.481565,-36.198547 175.481720,-36.197986 175.481789,-36.197606 175.481682,-36.197387 175.481262,-36.196979 175.481078,-36.196880 175.480887,-36.196877 175.480696,-36.196935 175.480519,-36.197183 175.480235,-36.197214 175.480154,-36.197109 175.480143,-36.196866 175.480160,-36.196736 175.480027,-36.196485 175.479872,-36.196190 175.479758,-36.196108 175.479643,-36.195975 175.479652,-36.195839 175.479696,-36.195686 175.479595,-36.195559 175.479488,-36.195425</coordinates></LineString></MultiGeometry></Placemark><Placemark><name>Port Fitzroy LINZ foot track 1</name><description>Sheet row 991; LINZ t50_fid(s) 3584974</description><styleUrl>#c</styleUrl><MultiGeometry><LineString><tessellate>1</tessellate><coordinates>175.354684,-36.152693 175.354957,-36.152718 175.355378,-36.152996 175.355803,-36.153097 175.356163,-36.153141 175.356485,-36.153074 175.356485,-36.152958 175.356212,-36.152770 175.355831,-36.152440 175.355738,-36.152236 175.355598,-36.151991 175.355369,-36.151836 175.355248,-36.151584 175.355082,-36.151354 175.354995,-36.151100 175.355321,-36.150766 175.355250,-36.150283 175.355314,-36.150082 175.355353,-36.149945</coordinates></LineString></MultiGeometry></Placemark><Placemark><name>Warren's Creek, Aotea LINZ foot track 1</name><description>Sheet row 992; LINZ t50_fid(s) 8174634</description><styleUrl>#c</styleUrl><MultiGeometry><LineString><tessellate>1</tessellate><coordinates>175.365146,-36.180823 175.365317,-36.181392 175.366246,-36.182049</coordinates></LineString></MultiGeometry></Placemark><Placemark><name>Northern Aotea / Great Barrier LINZ foot track 1</name><description>Sheet row 993; LINZ t50_fid(s) 3593476</description><styleUrl>#c</styleUrl><MultiGeometry><LineString><tessellate>1</tessellate><coordinates>175.381257,-36.201276 175.381208,-36.201210 175.381055,-36.201096 175.380875,-36.201035 175.380635,-36.200888 175.380507,-36.200753 175.380421,-36.200575 175.380385,-36.200164</coordinates></LineString></MultiGeometry></Placemark><Placemark><name>Whakanewha / central Waiheke LINZ foot track 3</name><description>Sheet row 994; LINZ t50_fid(s) 7880304,7880166,7879936,3593290,7879462,7879463,7879937</description><styleUrl>#c</styleUrl><MultiGeometry><LineString><tessellate>1</tessellate><coordinates>175.088589,-36.791817 175.088314,-36.791749 175.087898,-36.791622 175.087683,-36.791459 175.087241,-36.790818 175.087237,-36.790812</coordinates></LineString><LineString><tessellate>1</tessellate><coordinates>175.088589,-36.791817 175.088656,-36.792179 175.088524,-36.792319 175.088481,-36.792329 175.088577,-36.792382 175.088737,-36.792581 175.088769,-36.792742 175.088766,-36.793059 175.088758,-36.793339 175.088762,-36.793446</coordinates></LineString><LineString><tessellate>1</tessellate><coordinates>175.094650,-36.792603 175.094369,-36.792522 175.094063,-36.792462 175.093946,-36.792466 175.093759,-36.792410 175.093497,-36.792251 175.093273,-36.792104 175.093104,-36.791936 175.092792,-36.791859 175.092582,-36.791866 175.092404,-36.791950 175.092220,-36.791885 175.092250,-36.791687 175.092413,-36.791458 175.092728,-36.791257 175.092949,-36.791168 175.093051,-36.791187 175.093273,-36.791327 175.093538,-36.791365 175.093704,-36.791430 175.093969,-36.791500 175.094159,-36.791572 175.094211,-36.791549 175.094386,-36.791334 175.094500,-36.791108 175.094526,-36.790928 175.094509,-36.790755 175.094392,-36.790639 175.094392,-36.790494 175.094509,-36.790393 175.094570,-36.790365 175.094818,-36.790132 175.094867,-36.789934 175.095042,-36.789735 175.095135,-36.789565 175.095359,-36.789403 175.095511,-36.789252 175.095613,-36.789170 175.095619,-36.789133 175.095532,-36.789133 175.095421,-36.789191 175.095164,-36.789236 175.095007,-36.789448 175.094797,-36.789565 175.094666,-36.789632 175.094511,-36.789759 175.094503,-36.789801 175.094418,-36.789873 175.094060,-36.789964 175.093736,-36.790008 175.093459,-36.790088 175.093156,-36.790151 175.092946,-36.790153 175.092774,-36.790160 175.092605,-36.790209 175.092355,-36.790239 175.092086,-36.790172 175.091678,-36.790239 175.091527,-36.790349 175.091206,-36.790428 175.091019,-36.790419 175.090748,-36.790454 175.090597,-36.790468 175.090369,-36.790529 175.090157,-36.790608 175.089926,-36.790828 175.089684,-36.790958 175.089609,-36.791119 175.089349,-36.791320 175.089081,-36.791498 175.088833,-36.791607 175.088746,-36.791654 175.088670,-36.791710 175.088589,-36.791817</coordinates></LineString><LineString><tessellate>1</tessellate><coordinates>175.094549,-36.793380 175.094374,-36.793366 175.094048,-36.793116 175.094004,-36.793112 175.093611,-36.793083 175.093412,-36.793168</coordinates></LineString><LineString><tessellate>1</tessellate><coordinates>175.094412,-36.795322 175.094355,-36.795302 175.093959,-36.795429 175.093653,-36.795572 175.093535,-36.795647 175.093341,-36.795747 175.093217,-36.795840 175.093048,-36.795847 175.092705,-36.796003 175.092462,-36.796040 175.091744,-36.796664 175.091638,-36.796907 175.091569,-36.797020 175.091420,-36.797095 175.091264,-36.797207 175.091151,-36.797257 175.090977,-36.797382 175.090845,-36.797475 175.090733,-36.797613 175.090502,-36.797725 175.090315,-36.797831 175.090134,-36.797850 175.089847,-36.798006 175.089654,-36.798168 175.089485,-36.798249 175.089229,-36.798374 175.088986,-36.798424 175.088830,-36.798449 175.088612,-36.798436 175.088316,-36.798341 175.088202,-36.798386 175.088115,-36.798478 175.087932,-36.798409 175.087816,-36.798387</coordinates></LineString><LineString><tessellate>1</tessellate><coordinates>175.087300,-36.793742 175.087302,-36.793742 175.087447,-36.793769 175.087523,-36.793850 175.087802,-36.793938 175.087898,-36.794019 175.087927,-36.794046 175.088527,-36.794434 175.088536,-36.794034 175.088599,-36.793773 175.088762,-36.793446 175.088781,-36.793623 175.088916,-36.793876 175.089017,-36.794069 175.089329,-36.794157 175.089799,-36.794342 175.090294,-36.794372 175.090380,-36.794369 175.090558,-36.794550 175.090803,-36.794623 175.090947,-36.794673 175.091053,-36.794704 175.091177,-36.794819 175.091321,-36.794838 175.091672,-36.794934 175.091960,-36.795038 175.092114,-36.795057 175.092094,-36.795211 175.092008,-36.795304 175.091960,-36.795442 175.091811,-36.795565 175.091715,-36.795603 175.091629,-36.795726 175.091653,-36.795757 175.091624,-36.796026 175.091648,-36.796080 175.091725,-36.796153 175.091758,-36.796257 175.091686,-36.796434 175.091533,-36.796580 175.091369,-36.796772 175.091321,-36.796926 175.091293,-36.797076 175.091264,-36.797207</coordinates></LineString><LineString><tessellate>1</tessellate><coordinates>175.092705,-36.796003 175.092745,-36.795869 175.092708,-36.795709 175.092980,-36.795366 175.092984,-36.795277 175.093081,-36.795113 175.093081,-36.795018 175.093186,-36.794961 175.093223,-36.794874 175.093276,-36.794831 175.093329,-36.794601 175.093502,-36.794536 175.093635,-36.794483 175.094014,-36.794006 175.093989,-36.793912 175.093993,-36.793792 175.093968,-36.793603 175.093957,-36.793532 175.094042,-36.793330 175.094046,-36.793202 175.094026,-36.793174 175.094004,-36.793112 175.093975,-36.793032 175.093886,-36.792956 175.093678,-36.792862 175.093499,-36.792650 175.093416,-36.792474 175.093497,-36.792251</coordinates></LineString></MultiGeometry></Placemark><Placemark><name>Whakanewha / central Waiheke LINZ foot track 4</name><description>Sheet row 995; LINZ t50_fid(s) 3584813</description><styleUrl>#c</styleUrl><MultiGeometry><LineString><tessellate>1</tessellate><coordinates>175.086743,-36.798073 175.086816,-36.797750 175.086826,-36.797406 175.086865,-36.797133 175.086990,-36.796830 175.086931,-36.796644 175.086687,-36.796218 175.086507,-36.795907</coordinates></LineString></MultiGeometry></Placemark><Placemark><name>Hauturu / Little Barrier Island LINZ foot track 1</name><description>Sheet row 996; LINZ t50_fid(s) 3554952,3593456,3531654,3574148,3593457,3584951,3593458,3593455,3531653,3554953</description><styleUrl>#c</styleUrl><MultiGeometry><LineString><tessellate>1</tessellate><coordinates>175.056234,-36.219641 175.056034,-36.219711 175.055856,-36.219663 175.055610,-36.219580 175.055120,-36.219500 175.054610,-36.219440 175.054370,-36.219470 175.054120,-36.219410 175.053880,-36.219400 175.053497,-36.219329 175.052683,-36.219505 175.052001,-36.219507 175.051674,-36.219448 175.051575,-36.219378 175.051537,-36.219309 175.051330,-36.219250</coordinates></LineString><LineString><tessellate>1</tessellate><coordinates>175.056234,-36.219641 175.056230,-36.219647 175.056014,-36.219930 175.055928,-36.220305 175.055773,-36.220386</coordinates></LineString><LineString><tessellate>1</tessellate><coordinates>175.056234,-36.219641 175.055997,-36.219486 175.055744,-36.219247 175.055479,-36.218935 175.054931,-36.218607 175.054790,-36.218353 175.054334,-36.217902 175.054146,-36.217641 175.053821,-36.217308 175.053649,-36.217064 175.053355,-36.216839 175.053142,-36.216076 175.052884,-36.215629 175.052812,-36.215331 175.052685,-36.215160 175.052589,-36.214980 175.052621,-36.214776 175.052880,-36.214546 175.053147,-36.214432 175.053112,-36.214311 175.053256,-36.214184 175.053287,-36.214056 175.052661,-36.213771 175.052596,-36.213647 175.052593,-36.213527 175.053189,-36.212717 175.053630,-36.212240 175.054359,-36.211840 175.054697,-36.211717 175.055094,-36.211487 175.055270,-36.211315 175.055428,-36.211224 175.055569,-36.211070 175.055656,-36.210872 175.055782,-36.210735 175.056552,-36.210222 175.057241,-36.209552 175.057610,-36.209340 175.059405,-36.208563 175.059657,-36.208427 175.059980,-36.208180 175.060184,-36.208094 175.061015,-36.207588 175.061257,-36.207482 175.061461,-36.207421 175.062189,-36.207330 175.062460,-36.207230 175.062682,-36.207185 175.063191,-36.207160 175.063570,-36.207080 175.063971,-36.207067 175.064386,-36.207065 175.064805,-36.207132 175.064949,-36.207124 175.065416,-36.207057 175.065768,-36.206931 175.065980,-36.206909 175.067098,-36.206957 175.067816,-36.207078 175.066933,-36.208487 175.066548,-36.208944 175.066432,-36.209143 175.066060,-36.209410 175.065736,-36.209709 175.065107,-36.209998 175.064936,-36.210136 175.064753,-36.210403 175.064183,-36.210768 175.063891,-36.210921 175.063762,-36.211026 175.063611,-36.211399 175.063358,-36.211718 175.063344,-36.212217 175.063283,-36.212450 175.062954,-36.212804 175.062800,-36.213245 175.062404,-36.213765 175.062210,-36.214108 175.062010,-36.214570 175.061840,-36.214770 175.061650,-36.214860 175.061340,-36.215150 175.061040,-36.215550 175.060860,-36.215710 175.060690,-36.215810 175.060510,-36.216070 175.059840,-36.216370 175.059690,-36.216380 175.059160,-36.216620 175.058830,-36.216820 175.058580,-36.216910 175.057790,-36.217380 175.057630,-36.217390 175.057480,-36.217360 175.057280,-36.217390 175.056710,-36.217600 175.056664,-36.217604 175.056286,-36.217596 175.056122,-36.217601 175.055630,-36.217680 175.055560,-36.217790 175.055610,-36.217890 175.055710,-36.217980 175.056120,-36.218160 175.056230,-36.218270 175.056520,-36.218400 175.056650,-36.218610 175.057190,-36.219040 175.057276,-36.219216</coordinates></LineString><LineString><tessellate>1</tessellate><coordinates>175.062149,-36.222769 175.062050,-36.222630 175.061701,-36.222396 175.061603,-36.222320 175.061363,-36.222068 175.060776,-36.221623 175.060580,-36.221427 175.060360,-36.221211 175.060023,-36.221132 175.059809,-36.221034 175.059502,-36.220786 175.059189,-36.220643 175.058685,-36.220179 175.058430,-36.220070 175.058338,-36.220116 175.058262,-36.220190</coordinates></LineString><LineString><tessellate>1</tessellate><coordinates>175.057276,-36.219216 175.057341,-36.219298 175.057480,-36.219260 175.057690,-36.219240 175.057808,-36.219272 175.057886,-36.219345</coordinates></LineString><LineString><tessellate>1</tessellate><coordinates>175.058262,-36.220190 175.058108,-36.220175 175.057849,-36.220151 175.057260,-36.220170 175.056988,-36.220079 175.056234,-36.219641</coordinates></LineString><LineString><tessellate>1</tessellate><coordinates>175.058262,-36.220190 175.058197,-36.220796</coordinates></LineString><LineString><tessellate>1</tessellate><coordinates>175.057886,-36.219345 175.057935,-36.219455 175.058083,-36.219686 175.058262,-36.220190</coordinates></LineString><LineString><tessellate>1</tessellate><coordinates>175.057276,-36.219216 175.057760,-36.219030 175.057820,-36.218980 175.058730,-36.218840 175.059322,-36.218716 175.059590,-36.218660 175.060440,-36.218270 175.061510,-36.217900 175.062540,-36.217390 175.062970,-36.216950 175.065240,-36.215470 175.065920,-36.214940 175.067710,-36.213430 175.068760,-36.212630 175.068900,-36.212500 175.069160,-36.212100 175.069540,-36.211770 175.070030,-36.211550 175.070450,-36.211250 175.070993,-36.210944 175.071710,-36.210400 175.072066,-36.209983 175.072131,-36.210008 175.072057,-36.210155 175.071950,-36.210470 175.071508,-36.211170 175.071450,-36.211458 175.071201,-36.211796 175.070691,-36.212261 175.070542,-36.212597 175.070170,-36.213220 175.070020,-36.213650 175.069610,-36.214460 175.069236,-36.215535 175.068889,-36.215905 175.068528,-36.216171 175.067760,-36.216490 175.067410,-36.216840 175.066990,-36.217140 175.066750,-36.217391 175.066459,-36.217512 175.066080,-36.217580 175.065590,-36.217800 175.065140,-36.218080 175.064620,-36.218220 175.064060,-36.218310 175.063510,-36.218450 175.062663,-36.218809 175.062232,-36.219106 175.062080,-36.219140 175.060573,-36.219361 175.059865,-36.219433 175.059596,-36.219416 175.059436,-36.219383 175.058520,-36.219195 175.057886,-36.219345</coordinates></LineString><LineString><tessellate>1</tessellate><coordinates>175.071080,-36.218618 175.071090,-36.219134 175.070965,-36.219472 175.070586,-36.219802 175.070387,-36.220070 175.070336,-36.220277 175.070157,-36.220532 175.070106,-36.220726 175.069948,-36.220830 175.069513,-36.220817 175.069193,-36.220853 175.068912,-36.220971 175.068817,-36.221107 175.068881,-36.221345 175.069259,-36.221703 175.069508,-36.222420 175.069047,-36.222752 175.068775,-36.222837 175.068485,-36.223036 175.068480,-36.223199 175.068678,-36.223422 175.068720,-36.223627 175.068701,-36.223682 175.068562,-36.223886 175.068150,-36.224133 175.067836,-36.224567 175.067669,-36.224696 175.067517,-36.224632 175.067337,-36.224497 175.067178,-36.224546 175.067031,-36.224641 175.066937,-36.224639 175.066661,-36.224409 175.066575,-36.224285 175.066415,-36.224150 175.065994,-36.223562 175.065840,-36.222830 175.065610,-36.222680 175.065180,-36.222530 175.064862,-36.222186 175.064498,-36.221867 175.064139,-36.221412 175.063436,-36.221135 175.062812,-36.221050 175.062442,-36.220900 175.062178,-36.220884 175.061874,-36.220821 175.061256,-36.220626 175.060950,-36.220470 175.060842,-36.220505 175.060725,-36.220647 175.060582,-36.220713 175.060528,-36.220688 175.060496,-36.220674 175.060203,-36.220539 175.059732,-36.220526 175.059442,-36.220383 175.058953,-36.220028 175.058787,-36.219949 175.058410,-36.219930 175.058296,-36.220062 175.058262,-36.220190</coordinates></LineString></MultiGeometry></Placemark><Placemark><name>Arataki / Waitākere LINZ foot track 2</name><description>Sheet row 997; LINZ t50_fid(s) 3584274</description><styleUrl>#c</styleUrl><MultiGeometry><LineString><tessellate>1</tessellate><coordinates>174.602060,-36.956280 174.601647,-36.955860 174.600435,-36.955507 174.599607,-36.955146</coordinates></LineString></MultiGeometry></Placemark><Placemark><name>Kakamatua LINZ foot track 1</name><description>Sheet row 998; LINZ t50_fid(s) 3592494</description><styleUrl>#c</styleUrl><MultiGeometry><LineString><tessellate>1</tessellate><coordinates>174.577674,-37.003540 174.577672,-37.003551 174.577611,-37.003823 174.577557,-37.003991 174.577534,-37.004059 174.577523,-37.004187 174.577579,-37.004346 174.577465,-37.004654 174.577411,-37.004819</coordinates></LineString></MultiGeometry></Placemark><Placemark><name>Hunua LINZ foot track 1</name><description>Sheet row 999; LINZ t50_fid(s) 3573600</description><styleUrl>#c</styleUrl><MultiGeometry><LineString><tessellate>1</tessellate><coordinates>175.146885,-37.100316 175.146789,-37.100173 175.146634,-37.100126 175.146335,-37.100043 175.146276,-37.099987 175.146283,-37.099902 175.146360,-37.099732 175.146319,-37.099644 175.146232,-37.099615 175.146027,-37.099634 175.145743,-37.099605 175.145737,-37.099559 175.145757,-37.099413 175.145727,-37.099352 175.145585,-37.099240 175.145469,-37.099219 175.145297,-37.099222 175.145214,-37.099173 175.145212,-37.099116 175.145302,-37.099068 175.145530,-37.098999 175.145900,-37.098881 175.146027,-37.098802 175.146035,-37.098744 175.146019,-37.098698 175.145893,-37.098635 175.145803,-37.098511 175.145678,-37.098467 175.145169,-37.098438 175.145087,-37.098401 175.145066,-37.098340 175.145083,-37.098278 175.145434,-37.098141 175.145543,-37.098124 175.145874,-37.098133 175.146267,-37.098122 175.146454,-37.098134 175.146747,-37.098167 175.146842,-37.098162 175.146879,-37.098115 175.146877,-37.098042 175.146775,-37.097979 175.146610,-37.097901 175.146569,-37.097818 175.146587,-37.097748 175.146657,-37.097716 175.147051,-37.097728 175.147315,-37.097781 175.147512,-37.097785 175.147669,-37.097759 175.147901,-37.097813 175.148125,-37.097789 175.148195,-37.097731 175.148283,-37.097602 175.148386,-37.097531 175.148384,-37.097474 175.148321,-37.097421 175.147982,-37.097297 175.147888,-37.097188 175.147804,-37.097109 175.147802,-37.097036 175.147844,-37.096977 175.148065,-37.097008 175.148321,-37.097091 175.148612,-37.097067 175.148727,-37.097065 175.148889,-37.097031 175.149009,-37.097048 175.149270,-37.097136 175.149419,-37.097144 175.149639,-37.097129 175.149773,-37.097107 175.149861,-37.097025 175.149897,-37.096952 175.149915,-37.096878 175.150012,-37.096781 175.150223,-37.096608 175.150342,-37.096406 175.150377,-37.096287 175.150406,-37.096144 175.150571,-37.096065 175.150876,-37.095812 175.150998,-37.095780</coordinates></LineString></MultiGeometry></Placemark><Placemark><name>Hūnua / south-east Auckland LINZ foot track 1</name><description>Sheet row 1000; LINZ t50_fid(s) 3531519,3573932</description><styleUrl>#c</styleUrl><MultiGeometry><LineString><tessellate>1</tessellate><coordinates>175.272244,-36.986596 175.271972,-36.986257 175.271640,-36.985896 175.271360,-36.985718 175.270958,-36.985554 175.270770,-36.985386 175.270597,-36.985218 175.270409,-36.985038 175.270069,-36.984922 175.269834,-36.984718 175.269436,-36.984664 175.269220,-36.984590 175.268801,-36.984533 175.268569,-36.984399 175.268345,-36.984169 175.268028,-36.984051 175.267755,-36.984035 175.267440,-36.983950 175.267169,-36.983910 175.266873,-36.983825 175.266637,-36.983816 175.266356,-36.983888 175.266112,-36.983954 175.266020,-36.983907 175.265946,-36.983715 175.265805,-36.983507 175.265757,-36.983378 175.265599,-36.983313 175.265485,-36.983359 175.265404,-36.983308 175.265298,-36.983334 175.265210,-36.983410 175.264964,-36.983419 175.264814,-36.983369 175.264596,-36.983237 175.264460,-36.983158 175.264259,-36.983145 175.264099,-36.983183 175.263916,-36.983272 175.263794,-36.983268 175.263752,-36.983233 175.263731,-36.983129 175.263834,-36.982755 175.263828,-36.982625 175.263824,-36.982530 175.263648,-36.982004 175.263449,-36.981835 175.263071,-36.981436 175.262911,-36.981360 175.262775,-36.981368 175.262511,-36.981462 175.262350,-36.981494 175.262207,-36.981476 175.262079,-36.981398 175.261952,-36.981275 175.261718,-36.981036 175.261582,-36.980723 175.261518,-36.980542 175.261297,-36.980188 175.261224,-36.980119 175.261223,-36.979995 175.261267,-36.979903 175.261511,-36.979845 175.261719,-36.979786 175.261826,-36.979671 175.261949,-36.979472 175.262011,-36.979304 175.262063,-36.979082 175.262071,-36.978432 175.262042,-36.978273 175.261979,-36.978107 175.261662,-36.977673 175.261296,-36.977224 175.261158,-36.977055 175.260770,-36.976861 175.260282,-36.976861 175.259461,-36.976769 175.259130,-36.976743 175.259035,-36.976751 175.258916,-36.976783</coordinates></LineString><LineString><tessellate>1</tessellate><coordinates>175.277868,-36.989599 175.276027,-36.988340 175.275122,-36.987910 175.274312,-36.987475 175.274305,-36.987425 175.274321,-36.987302 175.274306,-36.987216 175.274202,-36.987111 175.274034,-36.987039 175.273784,-36.987006 175.273433,-36.986981 175.273076,-36.986907 175.272244,-36.986596</coordinates></LineString></MultiGeometry></Placemark><Placemark><name>Hūnua Falls LINZ foot track 1</name><description>Sheet row 1001; LINZ t50_fid(s) 6097594</description><styleUrl>#c</styleUrl><MultiGeometry><LineString><tessellate>1</tessellate><coordinates>175.082752,-37.049218 175.082943,-37.049872 175.083270,-37.050421 175.083279,-37.050732 175.083280,-37.051119 175.083301,-37.051195 175.083309,-37.051357 175.084070,-37.052089 175.086091,-37.052624 175.087026,-37.053342 175.088468,-37.055577 175.088826,-37.056432 175.088825,-37.056564 175.088824,-37.056875 175.088494,-37.057568 175.088400,-37.057873 175.088582,-37.058126 175.088993,-37.058293 175.089688,-37.058701 175.089689,-37.058705 175.089740,-37.058893</coordinates></LineString></MultiGeometry></Placemark><Placemark><name>Hūnua Falls LINZ foot track 2</name><description>Sheet row 1002; LINZ t50_fid(s) 6097596</description><styleUrl>#c</styleUrl><MultiGeometry><LineString><tessellate>1</tessellate><coordinates>175.072923,-37.037698 175.072688,-37.037917 175.072608,-37.038105 175.072602,-37.038283 175.072838,-37.038771 175.073026,-37.039065 175.073179,-37.039303 175.073248,-37.039410 175.073271,-37.039454 175.073537,-37.039856 175.074045,-37.040454 175.074329,-37.041052 175.074387,-37.041080 175.074391,-37.041136 175.074997,-37.041699 175.075370,-37.042093 175.075581,-37.042321 175.076080,-37.042858 175.076552,-37.043420 175.077687,-37.044436 175.077989,-37.044874 175.078158,-37.045312 175.078333,-37.046467 175.078496,-37.046588 175.078675,-37.046661 175.079110,-37.046619 175.079163,-37.046587 175.079276,-37.046516</coordinates></LineString></MultiGeometry></Placemark><Placemark><name>Ihumoana Island LINZ foot track 1</name><description>Sheet row 1003; LINZ t50_fid(s) 3573048</description><styleUrl>#c</styleUrl><MultiGeometry><LineString><tessellate>1</tessellate><coordinates>174.448853,-36.891883 174.448663,-36.892046 174.448421,-36.892142 174.448247,-36.892227 174.448103,-36.892245 174.447950,-36.892196 174.447838,-36.892200 174.447636,-36.892305 174.447471,-36.892253 174.447128,-36.892315 174.446748,-36.892305 174.446384,-36.892416 174.446150,-36.892443 174.445733,-36.892456 174.445501,-36.892565</coordinates></LineString></MultiGeometry></Placemark><Placemark><name>Islington Bay, Rangitoto Island LINZ foot track 1</name><description>Sheet row 1004; LINZ t50_fid(s) 3554676</description><styleUrl>#c</styleUrl><MultiGeometry><LineString><tessellate>1</tessellate><coordinates>174.895099,-36.778016 174.895042,-36.778027 174.894942,-36.777962 174.894798,-36.778006 174.894641,-36.778027 174.894404,-36.778161 174.894190,-36.778398 174.894185,-36.778499 174.894288,-36.778567 174.894418,-36.778704 174.894562,-36.778803 174.894580,-36.778907 174.894555,-36.779003 174.894546,-36.779142 174.894478,-36.779225 174.894345,-36.779265 174.894143,-36.779360 174.893938,-36.779491 174.893835,-36.779864 174.893707,-36.780133 174.893502,-36.780318 174.893447,-36.780491 174.893485,-36.780635 174.893509,-36.780769 174.893440,-36.780900 174.893329,-36.780902 174.893164,-36.780970 174.893119,-36.781053 174.893176,-36.781135 174.893188,-36.781248 174.892947,-36.781358 174.892596,-36.781579 174.892547,-36.782087 174.892540,-36.782100 174.892338,-36.782339 174.892100,-36.782540 174.891985,-36.782613 174.891720,-36.782743 174.891402,-36.782840 174.891239,-36.782972 174.891198,-36.783152 174.891316,-36.783427 174.891539,-36.783666 174.891545,-36.783694 174.891546,-36.783730 174.891515,-36.783837 174.891156,-36.784120 174.890989,-36.784307</coordinates></LineString></MultiGeometry></Placemark><Placemark><name>Kakamatua LINZ foot track 2</name><description>Sheet row 1005; LINZ t50_fid(s) 3584261</description><styleUrl>#c</styleUrl><MultiGeometry><LineString><tessellate>1</tessellate><coordinates>174.603077,-37.005721 174.603083,-37.005990 174.603206,-37.006213 174.602972,-37.006399 174.602619,-37.006655 174.602545,-37.007049 174.602534,-37.007584 174.602302,-37.007874 174.601843,-37.008008 174.601700,-37.008043</coordinates></LineString></MultiGeometry></Placemark><Placemark><name>Kakamatua LINZ foot track 3</name><description>Sheet row 1006; LINZ t50_fid(s) 3584260</description><styleUrl>#c</styleUrl><MultiGeometry><LineString><tessellate>1</tessellate><coordinates>174.587986,-37.006076 174.588046,-37.006234 174.588087,-37.006364 174.588107,-37.006445 174.588225,-37.006689 174.588549,-37.006861 174.588985,-37.007025 174.589619,-37.006990 174.590200,-37.007109 174.590364,-37.007243 174.590419,-37.007353</coordinates></LineString></MultiGeometry></Placemark><Placemark><name>Kakamatua LINZ foot track 4</name><description>Sheet row 1007; LINZ t50_fid(s) 3584262</description><styleUrl>#c</styleUrl><MultiGeometry><LineString><tessellate>1</tessellate><coordinates>174.602810,-37.015527 174.602717,-37.015448 174.602661,-37.015410 174.602616,-37.015398 174.602560,-37.015398 174.602471,-37.015378 174.602422,-37.015399 174.602340,-37.015428 174.602228,-37.015412 174.602156,-37.015371 174.602140,-37.015339 174.602082,-37.015332 174.602030,-37.015368 174.601969,-37.015376 174.601922,-37.015356 174.601847,-37.015355 174.601751,-37.015368 174.601684,-37.015421 174.601606,-37.015504 174.601546,-37.015540 174.601493,-37.015542 174.601380,-37.015569 174.601339,-37.015555 174.601275,-37.015530 174.601224,-37.015548 174.601172,-37.015578 174.601091,-37.015614 174.601063,-37.015617</coordinates></LineString></MultiGeometry></Placemark><Placemark><name>Kakamatua LINZ foot track 5</name><description>Sheet row 1008; LINZ t50_fid(s) 3584263</description><styleUrl>#c</styleUrl><MultiGeometry><LineString><tessellate>1</tessellate><coordinates>174.603362,-37.009865 174.603777,-37.009479 174.603997,-37.009090 174.604213,-37.008539</coordinates></LineString></MultiGeometry></Placemark><Placemark><name>Karamuramu Island LINZ foot track 2</name><description>Sheet row 1009; LINZ t50_fid(s) 8405715</description><styleUrl>#c</styleUrl><MultiGeometry><LineString><tessellate>1</tessellate><coordinates>175.142002,-36.941977 175.141956,-36.941940 175.141927,-36.941895 175.141850,-36.941861 175.141810,-36.941820 175.141788,-36.941758 175.141776,-36.941677 175.141790,-36.941627 175.141830,-36.941544 175.141832,-36.941512 175.141813,-36.941487 175.141764,-36.941454 175.141658,-36.941428 175.141559,-36.941414 175.141408,-36.941407 175.141292,-36.941389 175.141143,-36.941318 175.140982,-36.941291 175.140871,-36.941253 175.140787,-36.941202 175.140728,-36.941125 175.140670,-36.941067 175.140641,-36.941010 175.140587,-36.940846 175.140535,-36.940769 175.140505,-36.940702 175.140493,-36.940640 175.140490,-36.940595 175.140517,-36.940173 175.140540,-36.940120 175.140628,-36.940061 175.140688,-36.940012 175.140783,-36.939964 175.140890,-36.939924 175.140939,-36.939872 175.140974,-36.939815 175.141021,-36.939735 175.141104,-36.939702 175.141142,-36.939676 175.141172,-36.939629 175.141174,-36.939593 175.141132,-36.939553 175.141129,-36.939510 175.141142,-36.939378 175.141163,-36.939297 175.141159,-36.939241 175.141111,-36.939168 175.141107,-36.939118 175.141123,-36.939074 175.141185,-36.938997 175.141230,-36.938935 175.141250,-36.938874 175.141320,-36.938846 175.141375,-36.938834 175.141426,-36.938833 175.141465,-36.938841 175.141530,-36.938858 175.141599,-36.938851 175.141704,-36.938836 175.141777,-36.938816 175.141922,-36.938798 175.142015,-36.938780 175.142064,-36.938759 175.142083,-36.938750 175.142106,-36.938747 175.142174,-36.938785 175.142256,-36.938790 175.142395,-36.938767 175.142490,-36.938747 175.142548,-36.938707 175.142579,-36.938656 175.142602,-36.938594 175.142608,-36.938534 175.142610,-36.938424 175.142612,-36.938406 175.142664,-36.938368 175.142713,-36.938346 175.142800,-36.938271 175.142849,-36.938241 175.142904,-36.938233 175.142971,-36.938241 175.143070,-36.938262 175.143149,-36.938291 175.143215,-36.938299 175.143312,-36.938299 175.143437,-36.938285 175.143514,-36.938280 175.143528,-36.938296 175.143511,-36.938327 175.143432,-36.938407 175.143388,-36.938488 175.143347,-36.938573 175.143348,-36.938600 175.143370,-36.938621 175.143404,-36.938648 175.143458,-36.938664 175.143591,-36.938655 175.143683,-36.938644 175.143746,-36.938645 175.143859,-36.938692 175.143946,-36.938798 175.143960,-36.938836 175.143923,-36.938893 175.143904,-36.938975 175.143845,-36.939123 175.143754,-36.939420 175.143719,-36.939523 175.143564,-36.939843 175.143439,-36.940063 175.143343,-36.940220 175.143275,-36.940346 175.143178,-36.940589 175.143029,-36.940850 175.142904,-36.941028 175.142749,-36.941237 175.142636,-36.941417 175.142590,-36.941476 175.142514,-36.941564 175.142447,-36.941671 175.142340,-36.941860 175.142243,-36.941966 175.142160,-36.941987 175.142104,-36.941978 175.142052,-36.941989 175.142002,-36.941977</coordinates></LineString></MultiGeometry></Placemark><Placemark><name>Karamuramu Island LINZ foot track 3</name><description>Sheet row 1010; LINZ t50_fid(s) 8405864,8405865,8405938</description><styleUrl>#c</styleUrl><MultiGeometry><LineString><tessellate>1</tessellate><coordinates>175.140415,-36.938748 175.140579,-36.938572 175.140657,-36.938522 175.140671,-36.938495 175.140677,-36.938438 175.140693,-36.938405 175.140733,-36.938390 175.140783,-36.938379 175.140809,-36.938359 175.140855,-36.938313 175.140894,-36.938253 175.140916,-36.938239 175.140966,-36.938206 175.141056,-36.938173 175.141288,-36.938118 175.141405,-36.938073 175.141566,-36.938051 175.142057,-36.938037 175.142159,-36.938011 175.142410,-36.937938 175.142500,-36.937921 175.142652,-36.937911 175.142776,-36.937888 175.142915,-36.937882 175.143029,-36.937894 175.143152,-36.937921 175.143283,-36.937931 175.143352,-36.937937 175.143519,-36.937921 175.143623,-36.937928</coordinates></LineString><LineString><tessellate>1</tessellate><coordinates>175.140106,-36.936791 175.140069,-36.936885 175.140049,-36.936930 175.139921,-36.937012 175.139852,-36.937074 175.139854,-36.937128 175.139884,-36.937260 175.139873,-36.937350 175.139857,-36.937426 175.139830,-36.937492 175.139839,-36.937546 175.139896,-36.937618 175.139894,-36.937715 175.139932,-36.937763 175.139954,-36.937823 175.139986,-36.937845 175.140031,-36.937853 175.140154,-36.937857 175.140272,-36.937884 175.140384,-36.937878 175.140499,-36.937868 175.140632,-36.937857 175.140777,-36.937812 175.140884,-36.937821 175.140989,-36.937808 175.141065,-36.937824 175.141149,-36.937858 175.141194,-36.937861 175.141272,-36.937858 175.141451,-36.937892 175.141516,-36.937900 175.141567,-36.937916 175.141640,-36.937924 175.141647,-36.937940 175.141634,-36.937956 175.141534,-36.937945 175.141474,-36.937953 175.141402,-36.937982 175.141311,-36.937992 175.141269,-36.938001 175.141192,-36.938035 175.141099,-36.938037 175.141009,-36.938072 175.140952,-36.938071 175.140883,-36.938070 175.140850,-36.938080 175.140831,-36.938115 175.140840,-36.938167 175.140862,-36.938197 175.140916,-36.938239</coordinates></LineString><LineString><tessellate>1</tessellate><coordinates>175.142991,-36.936739 175.143024,-36.936808 175.143014,-36.936895 175.143055,-36.936931 175.143063,-36.937000 175.142741,-36.937008 175.142572,-36.937029 175.142527,-36.937057 175.142497,-36.937104 175.142517,-36.937158 175.142556,-36.937207 175.142696,-36.937293 175.142793,-36.937447 175.142931,-36.937550 175.143134,-36.937660 175.143185,-36.937736 175.143190,-36.937805 175.143282,-36.937897 175.143283,-36.937931</coordinates></LineString></MultiGeometry></Placemark><Placemark><name>Mahurangi Island LINZ foot track 1</name><description>Sheet row 1011; LINZ t50_fid(s) 7646319,3556119,3574101</description><styleUrl>#c</styleUrl><MultiGeometry><LineString><tessellate>1</tessellate><coordinates>174.708344,-36.534402 174.708620,-36.534582 174.708718,-36.534605 174.708894,-36.534562 174.709236,-36.534500 174.709705,-36.534456 174.710103,-36.534392 174.710321,-36.534378 174.710659,-36.534432 174.710949,-36.534554 174.711214,-36.534685 174.711319,-36.534720 174.711501,-36.534696 174.711673,-36.534602 174.711769,-36.534432</coordinates></LineString><LineString><tessellate>1</tessellate><coordinates>174.705316,-36.539862 174.705619,-36.539996 174.705863,-36.540167 174.706046,-36.540255 174.706207,-36.540420 174.706312,-36.540690 174.706375,-36.540922 174.707154,-36.541122 174.708326,-36.541033 174.709284,-36.540796 174.709801,-36.540706 174.710391,-36.540686 174.710847,-36.540803 174.711129,-36.540895 174.711390,-36.540988 174.711798,-36.541115 174.711994,-36.541106 174.712483,-36.541142 174.713352,-36.541128 174.713815,-36.541035 174.714137,-36.540786 174.714215,-36.540503 174.714214,-36.540066 174.714015,-36.539677 174.713890,-36.539362 174.713859,-36.538513 174.713862,-36.538231 174.714194,-36.537499 174.714225,-36.537088 174.714165,-36.536756 174.714096,-36.536543 174.713899,-36.536316 174.713388,-36.536196 174.713354,-36.535976 174.713012,-36.535431 174.712267,-36.534862 174.711769,-36.534432 174.711761,-36.534425 174.711740,-36.534307 174.711829,-36.534145 174.711877,-36.533958 174.712014,-36.533280 174.712009,-36.533062 174.711981,-36.532962 174.711822,-36.532774 174.711521,-36.532403</coordinates></LineString><LineString><tessellate>1</tessellate><coordinates>174.713388,-36.536196 174.713386,-36.536195 174.711865,-36.536306 174.710255,-36.536324 174.709407,-36.536294 174.708916,-36.536209 174.708433,-36.535775 174.708266,-36.535489 174.708283,-36.535235 174.708122,-36.534921 174.708348,-36.534824 174.708718,-36.534605</coordinates></LineString></MultiGeometry></Placemark><Placemark><name>Matakana LINZ foot track 1</name><description>Sheet row 1012; LINZ t50_fid(s) 100118694</description><styleUrl>#c</styleUrl><MultiGeometry><LineString><tessellate>1</tessellate><coordinates>174.738993,-36.353650 174.738594,-36.353632 174.738396,-36.353467 174.738336,-36.353414 174.738242,-36.353457 174.738130,-36.353678 174.738127,-36.353843 174.738047,-36.353856 174.738009,-36.353827 174.737956,-36.353739 174.737790,-36.353499 174.737679,-36.353412 174.737452,-36.353398 174.737183,-36.353467 174.733939,-36.354791 174.732429,-36.356834 174.731744,-36.357751 174.731219,-36.358442 174.730829,-36.358977</coordinates></LineString></MultiGeometry></Placemark><Placemark><name>Medlands–Rosalie Bay, Aotea LINZ foot track 2</name><description>Sheet row 1013; LINZ t50_fid(s) 3574196</description><styleUrl>#c</styleUrl><MultiGeometry><LineString><tessellate>1</tessellate><coordinates>175.486995,-36.287221 175.486994,-36.287221 175.486732,-36.286850 175.486624,-36.286662 175.486781,-36.286317 175.487099,-36.285272 175.487162,-36.285148</coordinates></LineString></MultiGeometry></Placemark><Placemark><name>Motuihe Island LINZ foot track 1</name><description>Sheet row 1014; LINZ t50_fid(s) 8225051,8224233,8223207,8224232,8225054,8225057,8225056,8224235,8223209,8224236,8224234,8223208,8225053,8225055,8224694,8225052</description><styleUrl>#c</styleUrl><MultiGeometry><LineString><tessellate>1</tessellate><coordinates>174.945692,-36.811176 174.945762,-36.810856</coordinates></LineString><LineString><tessellate>1</tessellate><coordinates>174.946428,-36.813898 174.947138,-36.812869 174.947145,-36.812844 174.947345,-36.812118 174.946789,-36.811248 174.946069,-36.811006 174.945692,-36.811176 174.945471,-36.811596 174.944649,-36.811692 174.944186,-36.812262 174.944391,-36.813454 174.944316,-36.813547 174.943951,-36.813386 174.943642,-36.813610 174.943841,-36.814352 174.943403,-36.814153 174.943207,-36.814220 174.943384,-36.814590 174.943165,-36.815260 174.943464,-36.815168 174.943744,-36.814795 174.944010,-36.814971 174.943747,-36.815586 174.943906,-36.815557 174.944936,-36.815371 174.944882,-36.814799 174.945374,-36.814759 174.946428,-36.813898</coordinates></LineString><LineString><tessellate>1</tessellate><coordinates>174.946428,-36.813898 174.946280,-36.814960 174.944911,-36.815982 174.944403,-36.816076 174.943512,-36.817147</coordinates></LineString><LineString><tessellate>1</tessellate><coordinates>174.943512,-36.817147 174.943971,-36.817540 174.944007,-36.818123 174.944389,-36.818863 174.944156,-36.819365 174.944266,-36.819930 174.944016,-36.820613 174.943003,-36.821735 174.943374,-36.822231 174.941491,-36.822112 174.941527,-36.821214 174.940690,-36.820710 174.940453,-36.820177 174.940665,-36.819991 174.941328,-36.819957 174.942064,-36.819065 174.943278,-36.818912 174.943443,-36.818471 174.943261,-36.818242 174.943147,-36.817790 174.943512,-36.817147</coordinates></LineString><LineString><tessellate>1</tessellate><coordinates>174.943906,-36.815557 174.943889,-36.815636 174.943835,-36.815891 174.943329,-36.816004 174.943145,-36.816379 174.942511,-36.816734 174.942449,-36.817092 174.941864,-36.817661 174.942237,-36.818166 174.943261,-36.818242</coordinates></LineString><LineString><tessellate>1</tessellate><coordinates>174.942167,-36.806959 174.941335,-36.806694</coordinates></LineString><LineString><tessellate>1</tessellate><coordinates>174.952872,-36.812800 174.952899,-36.813288 174.953934,-36.812797</coordinates></LineString><LineString><tessellate>1</tessellate><coordinates>174.952148,-36.809109 174.951849,-36.809370</coordinates></LineString><LineString><tessellate>1</tessellate><coordinates>174.951600,-36.814330 174.951337,-36.814415 174.949932,-36.813853 174.948863,-36.813223 174.948299,-36.812891 174.947145,-36.812844 174.946302,-36.812809</coordinates></LineString><LineString><tessellate>1</tessellate><coordinates>174.952872,-36.812800 174.952638,-36.811497 174.952180,-36.810720 174.952273,-36.809564 174.951849,-36.809370 174.950540,-36.809160 174.950047,-36.808743 174.950240,-36.807520 174.948876,-36.807816 174.948446,-36.807649 174.947779,-36.807636 174.947201,-36.807658 174.946062,-36.807156 174.945292,-36.807112 174.945150,-36.806882</coordinates></LineString><LineString><tessellate>1</tessellate><coordinates>174.950540,-36.809160 174.949986,-36.809227 174.949353,-36.808728 174.949048,-36.809048 174.947437,-36.809380 174.947145,-36.809809</coordinates></LineString><LineString><tessellate>1</tessellate><coordinates>174.947145,-36.809809 174.947315,-36.808735 174.947779,-36.807636</coordinates></LineString><LineString><tessellate>1</tessellate><coordinates>174.942167,-36.806959 174.942383,-36.808343 174.943617,-36.809426 174.944780,-36.810370 174.945548,-36.810406 174.945762,-36.810856 174.946999,-36.810650 174.947342,-36.810614 174.948137,-36.810966 174.948425,-36.812523 174.948823,-36.812997 174.948863,-36.813223 174.949257,-36.815457 174.949557,-36.815805 174.949785,-36.815913 174.950343,-36.815570 174.951216,-36.815622 174.951590,-36.814920 174.951600,-36.814330 174.952218,-36.813321 174.952872,-36.812800</coordinates></LineString><LineString><tessellate>1</tessellate><coordinates>174.946999,-36.810650 174.947145,-36.809809</coordinates></LineString><LineString><tessellate>1</tessellate><coordinates>174.945150,-36.806882 174.945306,-36.806722</coordinates></LineString><LineString><tessellate>1</tessellate><coordinates>174.945150,-36.806882 174.944677,-36.806734 174.944312,-36.806943 174.943789,-36.806721 174.943198,-36.806734 174.942871,-36.806478 174.942167,-36.806959</coordinates></LineString><LineString><tessellate>1</tessellate><coordinates>174.943686,-36.810208 174.943685,-36.810205 174.943617,-36.809426</coordinates></LineString></MultiGeometry></Placemark><Placemark><name>Motuihe Island LINZ foot track 2</name><description>Sheet row 1015; LINZ t50_fid(s) 3584803</description><styleUrl>#c</styleUrl><MultiGeometry><LineString><tessellate>1</tessellate><coordinates>174.934434,-36.802127 174.933988,-36.802428 174.933822,-36.802641 174.933439,-36.802858 174.933453,-36.803418 174.933594,-36.803641</coordinates></LineString></MultiGeometry></Placemark><Placemark><name>Motukaraka Island LINZ foot track 1</name><description>Sheet row 1016; LINZ t50_fid(s) 3574982</description><styleUrl>#c</styleUrl><MultiGeometry><LineString><tessellate>1</tessellate><coordinates>174.989034,-36.894707 174.988973,-36.894630 174.988860,-36.894448 174.988807,-36.894331 174.988746,-36.894232 174.988736,-36.894162 174.988778,-36.894030 174.988892,-36.893918 174.988905,-36.893756 174.988985,-36.893621 174.989088,-36.893431 174.989243,-36.893247 174.989284,-36.893135 174.989282,-36.893065 174.989401,-36.892912 174.989441,-36.892789 174.989508,-36.892543 174.989604,-36.892361 174.989601,-36.892216 174.989498,-36.892171 174.989446,-36.892119 174.989443,-36.892014 174.989538,-36.891756 174.989498,-36.891623 174.989357,-36.891509 174.989129,-36.891361 174.988948,-36.891130 174.988553,-36.890865 174.988423,-36.890770</coordinates></LineString></MultiGeometry></Placemark><Placemark><name>Beachlands LINZ foot track 1</name><description>Sheet row 1017; LINZ t50_fid(s) 3584721</description><styleUrl>#c</styleUrl><MultiGeometry><LineString><tessellate>1</tessellate><coordinates>175.004450,-36.882358 175.004217,-36.882525 175.004181,-36.882549 175.004024,-36.882675 175.003966,-36.882986 175.003651,-36.883184 175.003515,-36.883352 175.003272,-36.883983 175.003114,-36.884095</coordinates></LineString></MultiGeometry></Placemark><Placemark><name>Beachlands LINZ foot track 2</name><description>Sheet row 1018; LINZ t50_fid(s) 3593131</description><styleUrl>#c</styleUrl><MultiGeometry><LineString><tessellate>1</tessellate><coordinates>175.002630,-36.884010 175.002460,-36.884034 175.000906,-36.883697 175.000861,-36.883687</coordinates></LineString></MultiGeometry></Placemark><Placemark><name>Motuora Island LINZ foot track 1</name><description>Sheet row 1019; LINZ t50_fid(s) 3593428,3593423,6227519,6227496,6227478,3584923,6227497,3593418,6227518</description><styleUrl>#c</styleUrl><MultiGeometry><LineString><tessellate>1</tessellate><coordinates>174.791297,-36.507218 174.791543,-36.507004 174.791645,-36.506892 174.791750,-36.506744 174.791825,-36.506602 174.791846,-36.506463 174.791844,-36.506385 174.791816,-36.506299</coordinates></LineString><LineString><tessellate>1</tessellate><coordinates>174.791297,-36.507218 174.791042,-36.507532</coordinates></LineString><LineString><tessellate>1</tessellate><coordinates>174.791816,-36.506299 174.791682,-36.506005 174.791677,-36.505759 174.791649,-36.505524 174.791650,-36.505231 174.791624,-36.505192 174.791505,-36.505129 174.791442,-36.505121 174.791370,-36.505131 174.791338,-36.505121 174.791379,-36.504935 174.791383,-36.504724 174.791375,-36.504639 174.791351,-36.504597 174.791263,-36.504687 174.791188,-36.504735 174.791166,-36.504720 174.791223,-36.504613 174.791245,-36.504565 174.791218,-36.504527 174.791156,-36.504587 174.791111,-36.504650 174.791070,-36.504660 174.791087,-36.504614 174.791081,-36.504538 174.791098,-36.504482 174.791050,-36.504468 174.790932,-36.504525 174.790876,-36.504595 174.790776,-36.504617 174.790730,-36.504626 174.790649,-36.504696</coordinates></LineString><LineString><tessellate>1</tessellate><coordinates>174.790001,-36.508951 174.789631,-36.509499 174.789236,-36.509697 174.789033,-36.509799 174.788881,-36.510080 174.788805,-36.510185 174.788627,-36.510270 174.788461,-36.510324 174.788393,-36.510378 174.788232,-36.510526 174.787820,-36.510826 174.787287,-36.511054 174.786987,-36.511258 174.786619,-36.511595 174.786635,-36.511891 174.786676,-36.512291 174.786593,-36.512560</coordinates></LineString><LineString><tessellate>1</tessellate><coordinates>174.791816,-36.506299 174.791954,-36.506121 174.792168,-36.505780 174.792474,-36.505396 174.792975,-36.504848 174.793132,-36.504750 174.793252,-36.504715 174.793556,-36.504678 174.793790,-36.504628 174.793993,-36.504568 174.794117,-36.504511 174.794229,-36.504440 174.794325,-36.504335 174.794380,-36.504206 174.794504,-36.503801 174.794608,-36.503590 174.794752,-36.503408 174.794881,-36.503282 174.795558,-36.502796 174.795756,-36.502740 174.796119,-36.502655 174.796329,-36.502585 174.796654,-36.502454 174.797178,-36.502232 174.797998,-36.502142 174.798251,-36.502073 174.798409,-36.502010 174.798607,-36.501873 174.798730,-36.501738 174.798950,-36.501334 174.799315,-36.501090 174.799586,-36.500924 174.800151,-36.500718 174.800475,-36.500517</coordinates></LineString><LineString><tessellate>1</tessellate><coordinates>174.790774,-36.509560 174.790707,-36.509649 174.790519,-36.509818 174.790473,-36.509812 174.790430,-36.509755 174.790385,-36.509674 174.790355,-36.509555 174.790310,-36.509421 174.790155,-36.509088 174.790001,-36.508951</coordinates></LineString><LineString><tessellate>1</tessellate><coordinates>174.789556,-36.505095 174.789517,-36.505142 174.789457,-36.505247 174.789121,-36.505524 174.789054,-36.505584 174.789032,-36.505637 174.789041,-36.505692 174.789084,-36.505730 174.789158,-36.505740 174.789257,-36.505717 174.789348,-36.505686 174.789512,-36.505605 174.789637,-36.505543 174.789747,-36.505518 174.790112,-36.505490 174.790170,-36.505495 174.790207,-36.505518 174.790218,-36.505552 174.790206,-36.505586 174.790051,-36.505733 174.789908,-36.505890 174.789788,-36.506046 174.789763,-36.506110 174.789770,-36.506168 174.789787,-36.506216 174.789838,-36.506264 174.789992,-36.506328 174.790013,-36.506368 174.790045,-36.506494 174.790074,-36.506577 174.790115,-36.506657 174.790163,-36.506713 174.790217,-36.506740 174.790446,-36.506783 174.790544,-36.506805 174.790637,-36.506853 174.790838,-36.507003 174.790958,-36.507077 174.791151,-36.507142 174.791297,-36.507218</coordinates></LineString><LineString><tessellate>1</tessellate><coordinates>174.791042,-36.507532 174.790776,-36.507772 174.790711,-36.507854 174.790627,-36.508056 174.790600,-36.508221 174.790577,-36.508304 174.790126,-36.508806 174.790001,-36.508951</coordinates></LineString><LineString><tessellate>1</tessellate><coordinates>174.792146,-36.508646 174.792161,-36.508863 174.792215,-36.508949 174.792216,-36.508959 174.792171,-36.508946 174.792074,-36.508878 174.792032,-36.508813 174.791976,-36.508740 174.791878,-36.508648 174.791771,-36.508618 174.791740,-36.508562 174.791681,-36.508511 174.791607,-36.508510 174.791564,-36.508526 174.791624,-36.508586 174.791611,-36.508661 174.791606,-36.508727 174.791631,-36.508789 174.791625,-36.508811 174.791536,-36.508854 174.791475,-36.508852 174.791456,-36.508823 174.791421,-36.508771 174.791350,-36.508683 174.791287,-36.508660 174.791263,-36.508622 174.791273,-36.508494 174.791269,-36.508430 174.791253,-36.508361 174.791250,-36.508320 174.791271,-36.508229 174.791296,-36.508149 174.791383,-36.508004 174.791390,-36.507959 174.791378,-36.507918 174.791346,-36.507863 174.791183,-36.507690 174.791042,-36.507532</coordinates></LineString></MultiGeometry></Placemark><Placemark><name>Ngarango Otainui Island LINZ foot track 1</name><description>Sheet row 1020; LINZ t50_fid(s) 3592954</description><styleUrl>#c</styleUrl><MultiGeometry><LineString><tessellate>1</tessellate><coordinates>174.821867,-36.957341 174.821868,-36.957355 174.821933,-36.958219 174.822364,-36.958324 174.822944,-36.958655</coordinates></LineString></MultiGeometry></Placemark><Placemark><name>Ōtāhuhu LINZ foot track 2</name><description>Sheet row 1021; LINZ t50_fid(s) 3592970</description><styleUrl>#c</styleUrl><MultiGeometry><LineString><tessellate>1</tessellate><coordinates>174.838971,-36.945261 174.840026,-36.944650</coordinates></LineString></MultiGeometry></Placemark><Placemark><name>Silverdale LINZ foot track 1</name><description>Sheet row 1022; LINZ t50_fid(s) 7644984,7645688,7646136</description><styleUrl>#c</styleUrl><MultiGeometry><LineString><tessellate>1</tessellate><coordinates>174.622681,-36.613937 174.622957,-36.614038 174.623345,-36.613921 174.623620,-36.613884 174.623820,-36.613993 174.623968,-36.614009 174.624330,-36.613971 174.624589,-36.614031 174.624800,-36.614224 174.624987,-36.614385 174.625279,-36.614496 174.625587,-36.614669 174.625826,-36.614812 174.625997,-36.615099 174.626348,-36.615378 174.626521,-36.615606 174.626571,-36.615751 174.626639,-36.615805 174.626693,-36.615849 174.626726,-36.616048 174.626861,-36.616086 174.627066,-36.616051 174.627230,-36.616149 174.627506,-36.615909 174.627478,-36.615837 174.627491,-36.615739 174.627611,-36.615668 174.627643,-36.615129 174.627453,-36.614645 174.627461,-36.614344 174.627196,-36.613681 174.627137,-36.613259 174.627084,-36.612473 174.627097,-36.612050 174.627001,-36.611941 174.626712,-36.611829 174.626587,-36.611715 174.626531,-36.611432 174.626497,-36.611184 174.626501,-36.611010 174.626619,-36.610823 174.626699,-36.610561 174.626854,-36.610391 174.626878,-36.610148 174.627013,-36.609775 174.626938,-36.609585 174.626691,-36.609484 174.626412,-36.609523 174.626235,-36.609288 174.626133,-36.609231 174.625839,-36.609241 174.625593,-36.609192 174.625349,-36.609196 174.625318,-36.609098 174.625403,-36.609021 174.625524,-36.608985 174.625747,-36.609005 174.626019,-36.608926 174.626406,-36.608915 174.626602,-36.608657 174.626877,-36.608411 174.627016,-36.608183 174.626963,-36.608068 174.626703,-36.607996 174.626536,-36.607917 174.626271,-36.607938 174.625934,-36.607966 174.625696,-36.607923 174.625378,-36.607811 174.625270,-36.607842 174.625034,-36.607880 174.624421,-36.607755 174.624210,-36.607636 174.624164,-36.607486 174.624052,-36.607291 174.623920,-36.607142 174.623571,-36.606927 174.623488,-36.606889 174.623417,-36.606856 174.623411,-36.606854 174.623249,-36.606659 174.623166,-36.606487 174.622964,-36.606426 174.622926,-36.606345 174.622868,-36.606288 174.622659,-36.606273 174.622566,-36.606304 174.622351,-36.606229</coordinates></LineString><LineString><tessellate>1</tessellate><coordinates>174.626639,-36.615805 174.626866,-36.615697 174.626911,-36.615617 174.626934,-36.615504 174.626829,-36.615397 174.626681,-36.615249 174.626593,-36.615046 174.626653,-36.614911 174.626676,-36.614802 174.626563,-36.614587 174.626463,-36.614513 174.626229,-36.614458 174.626034,-36.614298 174.625873,-36.614025 174.625672,-36.613823 174.625477,-36.613638 174.625406,-36.613472 174.625149,-36.613280 174.625135,-36.613130 174.625220,-36.612962 174.625376,-36.612788 174.625390,-36.612709 174.625309,-36.612547 174.625328,-36.612447 174.625509,-36.612215 174.625595,-36.612084 174.625727,-36.611995 174.625815,-36.611756 174.625777,-36.611677 174.625717,-36.611519 174.625654,-36.611458 174.625420,-36.611398 174.625311,-36.611375 174.625208,-36.611439 174.625125,-36.611419 174.625083,-36.611382 174.625061,-36.611316 174.624940,-36.611246 174.624847,-36.611223 174.624815,-36.611181 174.624549,-36.610851 174.624590,-36.610567 174.624687,-36.610278 174.624840,-36.610167 174.624865,-36.610104 174.624725,-36.609864 174.624495,-36.609775 174.624494,-36.609688 174.624526,-36.609503 174.624491,-36.609428 174.624164,-36.609415 174.623932,-36.609422 174.623679,-36.609502 174.623490,-36.609473 174.623317,-36.609417 174.623029,-36.609403 174.622972,-36.609324 174.622775,-36.608893 174.622748,-36.608679 174.622611,-36.608467 174.622656,-36.608270 174.622609,-36.608146 174.622579,-36.608003 174.622598,-36.607891 174.622577,-36.607664 174.622646,-36.607507 174.622645,-36.607333 174.622626,-36.607199 174.622718,-36.607102 174.623185,-36.606935 174.623417,-36.606856</coordinates></LineString><LineString><tessellate>1</tessellate><coordinates>174.630588,-36.608332 174.630595,-36.608270 174.630548,-36.608083 174.630639,-36.607864 174.630550,-36.607782 174.630240,-36.607898 174.630116,-36.607760 174.630079,-36.607648 174.629723,-36.607639 174.629575,-36.607606 174.628903,-36.607454 174.628866,-36.607315 174.628645,-36.607164 174.628435,-36.607062 174.627981,-36.606935 174.627685,-36.606904 174.627371,-36.606832 174.627214,-36.607004 174.627126,-36.607115 174.626929,-36.607271 174.626814,-36.607314 174.626644,-36.607303 174.625168,-36.606876 174.624593,-36.606758 174.624333,-36.606803 174.624148,-36.606673 174.623905,-36.606641 174.623740,-36.606664 174.623640,-36.606834 174.623488,-36.606889</coordinates></LineString></MultiGeometry></Placemark><Placemark><name>Wenderholm / Waiwera LINZ foot track 1</name><description>Sheet row 1023; LINZ t50_fid(s) 7646323,7646461,3517611</description><styleUrl>#c</styleUrl><MultiGeometry><LineString><tessellate>1</tessellate><coordinates>174.708625,-36.545289 174.708590,-36.545395 174.708552,-36.545580 174.708347,-36.545940 174.708298,-36.545986 174.708168,-36.546181 174.707962,-36.546636 174.707942,-36.546764 174.707936,-36.546926</coordinates></LineString><LineString><tessellate>1</tessellate><coordinates>174.708053,-36.561718 174.707904,-36.561724 174.707804,-36.561644 174.707775,-36.561452 174.707698,-36.561309 174.707476,-36.561210 174.707319,-36.561183</coordinates></LineString><LineString><tessellate>1</tessellate><coordinates>174.707768,-36.547216 174.707926,-36.547161 174.707936,-36.546926 174.708128,-36.546933 174.708155,-36.547878 174.708208,-36.547990 174.708326,-36.548050 174.708360,-36.548089 174.708378,-36.548216 174.708508,-36.548466 174.708865,-36.548851 174.709081,-36.548899 174.709472,-36.548903 174.709949,-36.549388 174.710212,-36.550651 174.710088,-36.550848 174.709732,-36.551174 174.709610,-36.551742 174.709736,-36.552867 174.709997,-36.554325 174.710157,-36.554975 174.709658,-36.555135 174.708955,-36.555845 174.708493,-36.555978 174.707470,-36.556029 174.707261,-36.556323 174.707132,-36.557201 174.707250,-36.558132 174.707845,-36.560276 174.708231,-36.560892 174.707960,-36.561278 174.707918,-36.561557 174.708053,-36.561718 174.708219,-36.561916 174.708285,-36.562370 174.708174,-36.562580 174.707799,-36.562470 174.707301,-36.562734 174.707190,-36.563023 174.705176,-36.563917 174.704421,-36.563658 174.703909,-36.563798 174.703464,-36.563826 174.702819,-36.562785 174.702278,-36.562322 174.701689,-36.562352 174.701206,-36.562528 174.700311,-36.562166 174.699579,-36.562071 174.699148,-36.562010 174.697268,-36.561634 174.696943,-36.561662 174.696761,-36.561943 174.696653,-36.562397 174.696647,-36.562563 174.696378,-36.563145 174.696019,-36.563827 174.695264,-36.565092 174.694998,-36.565569 174.694802,-36.566115 174.694791,-36.566301 174.694714,-36.566589 174.694672,-36.566757 174.694633,-36.567051 174.694506,-36.567230 174.694478,-36.567330 174.694424,-36.567380 174.694384,-36.567419 174.694356,-36.567482 174.694306,-36.567522 174.694231,-36.567542 174.694127,-36.567569 174.693705,-36.567600 174.693329,-36.567599</coordinates></LineString></MultiGeometry></Placemark><Placemark><name>Long Bay LINZ foot track 1</name><description>Sheet row 1024; LINZ t50_fid(s) 100141562,8466780,8467009</description><styleUrl>#c</styleUrl><MultiGeometry><LineString><tessellate>1</tessellate><coordinates>174.740545,-36.662695 174.740475,-36.663162 174.740552,-36.663210 174.740868,-36.663247 174.740982,-36.663147 174.741330,-36.662790 174.741849,-36.662623 174.742101,-36.662655 174.742536,-36.662795 174.743955,-36.663138 174.744687,-36.663254 174.745147,-36.663376 174.745343,-36.663297 174.745533,-36.663197 174.745825,-36.663087 174.746096,-36.663269 174.746279,-36.663421 174.746334,-36.663561 174.746416,-36.663951 174.746453,-36.664104 174.746544,-36.664257 174.746644,-36.664396 174.746736,-36.664476 174.746898,-36.664508 174.748168,-36.664457 174.748221,-36.664570 174.748244,-36.664729 174.747133,-36.665550 174.746483,-36.665125 174.746114,-36.665122 174.746022,-36.665202 174.745837,-36.665351 174.745646,-36.665664 174.746049,-36.666842 174.746097,-36.667063 174.746080,-36.667461 174.746155,-36.667905 174.746252,-36.668129 174.746146,-36.668364 174.746143,-36.668470 174.746109,-36.668559 174.746330,-36.669191 174.746467,-36.669628 174.746465,-36.669743 174.746228,-36.669917 174.746223,-36.669941 174.746212,-36.670027 174.746225,-36.670116 174.746205,-36.670150 174.746136,-36.670198 174.746087,-36.670232 174.746076,-36.670275 174.746107,-36.670316 174.746196,-36.670391 174.746314,-36.670436 174.746475,-36.670486 174.746668,-36.670610 174.746873,-36.670680 174.746974,-36.670748 174.747073,-36.670815 174.747107,-36.670867 174.747080,-36.670950 174.747071,-36.670982 174.747056,-36.671035 174.747072,-36.671124 174.747081,-36.671170 174.747068,-36.671226 174.747061,-36.671255 174.747034,-36.671370 174.747018,-36.671459 174.746939,-36.671513 174.746823,-36.671517 174.746648,-36.671526 174.746510,-36.671542 174.746366,-36.671621 174.746219,-36.671731 174.746068,-36.671810 174.745996,-36.671858 174.745963,-36.671985 174.745937,-36.672132 174.745943,-36.672258 174.745920,-36.672332 174.745874,-36.672385 174.745806,-36.672451 174.745776,-36.672604 174.745751,-36.672754 174.745761,-36.672868 174.745799,-36.672944 174.745844,-36.673008 174.745933,-36.673062 174.746102,-36.673139 174.746256,-36.673198 174.746390,-36.673305 174.746483,-36.673418 174.746572,-36.673475 174.746756,-36.673537 174.746829,-36.673571 174.746889,-36.673629 174.746921,-36.673758 174.746927,-36.673849 174.746885,-36.673949 174.746826,-36.674079 174.746799,-36.674185 174.746830,-36.674264 174.746926,-36.674286 174.747002,-36.674285 174.747038,-36.674284 174.747086,-36.674295 174.747105,-36.674336 174.747099,-36.674380 174.747042,-36.674457 174.747032,-36.674478 174.747007,-36.674525 174.747035,-36.674633 174.747060,-36.674665 174.747118,-36.674741 174.747196,-36.674798 174.747297,-36.674878 174.747297,-36.674878 174.747275,-36.674932 174.747178,-36.674986 174.747038,-36.675050 174.746850,-36.675147 174.746681,-36.675384 174.746564,-36.675544 174.746484,-36.675695 174.746454,-36.675842 174.746356,-36.675993 174.746287,-36.676170 174.746279,-36.676308 174.746292,-36.676387 174.746329,-36.676419 174.746407,-36.676465 174.746502,-36.676487 174.746744,-36.676548 174.746957,-36.676642 174.747071,-36.676669 174.747253,-36.676681 174.747490,-36.676687 174.747595,-36.676703 174.747622,-36.676732 174.747638,-36.676805 174.747637,-36.676902 174.747604,-36.677072 174.747512,-36.677344 174.747477,-36.677412 174.747320,-36.677546 174.747129,-36.677654 174.746985,-36.677742 174.746860,-36.677843 174.746741,-36.677874 174.746588,-36.677883 174.746373,-36.677877 174.746025,-36.677812 174.745912,-36.677799 174.745888,-36.677805 174.745863,-36.677811 174.745801,-36.677836 174.745699,-36.677892 174.745483,-36.678057 174.745266,-36.678187 174.745173,-36.678254 174.745019,-36.678436 174.744922,-36.678575 174.744876,-36.678701 174.744862,-36.678798 174.744871,-36.678912 174.744910,-36.679039 174.744918,-36.679109 174.744892,-36.679243 174.744850,-36.679553 174.744813,-36.679619 174.744734,-36.679714 174.744623,-36.679806 174.744451,-36.679918 174.744275,-36.679996 174.744076,-36.680062 174.743793,-36.680118 174.743642,-36.680154 174.743552,-36.680202 174.743486,-36.680284 174.743452,-36.680365 174.743480,-36.680427 174.743577,-36.680457 174.743697,-36.680458 174.743788,-36.680470 174.743853,-36.680497 174.743877,-36.680547 174.743891,-36.680604 174.743873,-36.680666 174.743788,-36.680751 174.743687,-36.680891 174.743529,-36.681036 174.743457,-36.681134 174.743401,-36.681241 174.743387,-36.681325 174.743378,-36.681452 174.743397,-36.681544 174.743409,-36.681587 174.743459,-36.681654 174.743549,-36.681778 174.743621,-36.681819</coordinates></LineString><LineString><tessellate>1</tessellate><coordinates>174.745951,-36.681699 174.745804,-36.681711 174.745647,-36.681750 174.745275,-36.681891 174.745128,-36.681969 174.744986,-36.682002 174.744844,-36.681996 174.744675,-36.681949 174.744614,-36.681984 174.744517,-36.681988 174.744409,-36.681943 174.744353,-36.681897 174.744304,-36.681832 174.744241,-36.681789 174.744183,-36.681782 174.744112,-36.681783 174.743986,-36.681813 174.743828,-36.681826 174.743705,-36.681838 174.743621,-36.681819</coordinates></LineString><LineString><tessellate>1</tessellate><coordinates>174.742496,-36.683681 174.742525,-36.683527 174.742608,-36.683380 174.742621,-36.683302 174.742628,-36.683005 174.742700,-36.682798 174.742894,-36.682473 174.742989,-36.682364 174.743145,-36.682260 174.743291,-36.682165 174.743387,-36.682099 174.743553,-36.681923 174.743621,-36.681819</coordinates></LineString></MultiGeometry></Placemark><Placemark><name>Puhoi LINZ foot track 1</name><description>Sheet row 1025; LINZ t50_fid(s) 3530955,3573144,3553636</description><styleUrl>#c</styleUrl><MultiGeometry><LineString><tessellate>1</tessellate><coordinates>174.605066,-36.565065 174.605206,-36.565115 174.605528,-36.565036 174.605739,-36.564983 174.605943,-36.564959 174.606141,-36.565065 174.606278,-36.565071 174.606755,-36.565318 174.607360,-36.565497 174.607719,-36.565597 174.607974,-36.565281 174.608278,-36.565089 174.608438,-36.565311 174.608559,-36.565858 174.608709,-36.565905 174.608965,-36.566176 174.609173,-36.566420 174.609133,-36.566689 174.609526,-36.566930 174.610629,-36.567497 174.611388,-36.567847 174.612378,-36.567919 174.613087,-36.567833 174.613451,-36.567554 174.613852,-36.567547 174.614066,-36.567444 174.614060,-36.567170 174.614624,-36.567523 174.615071,-36.568127 174.615171,-36.568179 174.615352,-36.568273 174.615672,-36.568081 174.616364,-36.567945 174.616737,-36.567391 174.617130,-36.567158 174.617261,-36.567043 174.617645,-36.566942 174.617891,-36.566538</coordinates></LineString><LineString><tessellate>1</tessellate><coordinates>174.601767,-36.560293 174.602042,-36.560371 174.602292,-36.560362 174.602689,-36.560435 174.603074,-36.560593 174.603532,-36.560603 174.603899,-36.560525 174.604261,-36.560593 174.604536,-36.560786 174.604949,-36.560954 174.605325,-36.561055 174.605728,-36.561055 174.606039,-36.560978 174.606351,-36.560974 174.606512,-36.561033 174.606223,-36.561166 174.606187,-36.561195 174.606046,-36.561308 174.605630,-36.561331 174.605320,-36.561453 174.605143,-36.561634 174.605235,-36.561706 174.605588,-36.561690 174.605748,-36.561684 174.605817,-36.561681 174.606012,-36.561712 174.606033,-36.561756 174.606070,-36.561834 174.605789,-36.561973 174.604903,-36.562449 174.604672,-36.562671 174.604446,-36.562812 174.604375,-36.562962 174.604575,-36.563266 174.604781,-36.563345 174.605112,-36.563288 174.605270,-36.563301 174.605217,-36.563429 174.605053,-36.563528 174.605046,-36.563655 174.605268,-36.563674 174.605474,-36.563791 174.605621,-36.564155 174.605569,-36.564342 174.605214,-36.564600 174.605226,-36.564772 174.605166,-36.564967 174.605066,-36.565065</coordinates></LineString><LineString><tessellate>1</tessellate><coordinates>174.600131,-36.564875 174.600429,-36.564865 174.600760,-36.564766 174.601101,-36.564834 174.601382,-36.564987 174.601645,-36.565269 174.602281,-36.565714 174.603052,-36.565660 174.603917,-36.565647 174.604292,-36.565451 174.604518,-36.565325 174.604827,-36.565192 174.605066,-36.565065</coordinates></LineString></MultiGeometry></Placemark><Placemark><name>Glenfield LINZ foot track 1</name><description>Sheet row 1026; LINZ t50_fid(s) 3573877,3573878,3531501</description><styleUrl>#c</styleUrl><MultiGeometry><LineString><tessellate>1</tessellate><coordinates>174.721302,-36.793288 174.721274,-36.793336 174.721065,-36.793692 174.720750,-36.793793 174.720417,-36.793973 174.719729,-36.794206 174.719222,-36.794548 174.718598,-36.794971 174.718384,-36.795165 174.717915,-36.795443 174.717641,-36.795590</coordinates></LineString><LineString><tessellate>1</tessellate><coordinates>174.717641,-36.795590 174.717447,-36.796081 174.717348,-36.796334 174.717065,-36.796646 174.716749,-36.797043 174.716522,-36.797289 174.716455,-36.797402 174.716314,-36.797833 174.716077,-36.798202</coordinates></LineString><LineString><tessellate>1</tessellate><coordinates>174.717641,-36.795590 174.716925,-36.795473 174.716526,-36.795335 174.716065,-36.795135 174.715548,-36.795031 174.715024,-36.794840 174.714631,-36.794773 174.714111,-36.794558 174.713497,-36.794551 174.712626,-36.794579 174.711910,-36.794446 174.711509,-36.794245 174.710926,-36.794056 174.710058,-36.793602 174.709276,-36.792895 174.708743,-36.792408 174.708292,-36.791929 174.708027,-36.791504 174.707508,-36.791147 174.706968,-36.790987 174.706461,-36.791022</coordinates></LineString></MultiGeometry></Placemark><Placemark><name>Long Bay LINZ foot track 2</name><description>Sheet row 1027; LINZ t50_fid(s) 8221955</description><styleUrl>#c</styleUrl><MultiGeometry><LineString><tessellate>1</tessellate><coordinates>174.745903,-36.679572 174.745949,-36.679593 174.745997,-36.679614 174.746279,-36.679800 174.746386,-36.679920 174.746368,-36.679984 174.746360,-36.680012 174.746424,-36.680136 174.746516,-36.680256 174.746644,-36.680296 174.746771,-36.680260 174.746961,-36.680117 174.747155,-36.679897 174.747394,-36.679860 174.747811,-36.679930 174.748154,-36.680061 174.748406,-36.680339 174.748576,-36.680576 174.748942,-36.681327 174.749394,-36.682320 174.749733,-36.683121 174.750211,-36.684186 174.750642,-36.685115 174.750817,-36.685526 174.751123,-36.686115 174.751444,-36.686771 174.751766,-36.687409 174.752179,-36.688167 174.752308,-36.688443 174.752364,-36.688624 174.752328,-36.688697 174.752040,-36.688694 174.751582,-36.688875 174.751525,-36.689134 174.751522,-36.689150 174.751578,-36.689194 174.751685,-36.689280 174.751921,-36.689072 174.752160,-36.688988 174.752473,-36.689033 174.752668,-36.689121 174.752861,-36.689107 174.752976,-36.689174 174.753256,-36.689229 174.753442,-36.689325 174.753555,-36.689370 174.753556,-36.689439 174.753591,-36.689534 174.753588,-36.689631 174.753709,-36.689766 174.753870,-36.689883 174.754049,-36.689973 174.754180,-36.690008 174.754218,-36.690047 174.754251,-36.690132 174.754304,-36.690179 174.754329,-36.690234 174.754444,-36.690296 174.754471,-36.690351 174.754479,-36.690395 174.754242,-36.690575 174.754195,-36.690695 174.754173,-36.690767</coordinates></LineString></MultiGeometry></Placemark><Placemark><name>Hobsonville LINZ foot track 1</name><description>Sheet row 1028; LINZ t50_fid(s) 8520757,8520934,8521004,8521005</description><styleUrl>#c</styleUrl><MultiGeometry><LineString><tessellate>1</tessellate><coordinates>174.660487,-36.789067 174.660630,-36.789099 174.660712,-36.789100 174.660782,-36.789082 174.660836,-36.789060 174.660879,-36.789013 174.660897,-36.788973 174.660901,-36.788929 174.660890,-36.788875 174.660863,-36.788800 174.660856,-36.788709 174.660881,-36.788641 174.660938,-36.788567 174.661213,-36.788306 174.661372,-36.788159 174.661495,-36.788073 174.661638,-36.787993 174.662148,-36.787728 174.662348,-36.787630 174.662482,-36.787570 174.662578,-36.787534 174.662665,-36.787519 174.662746,-36.787510 174.662815,-36.787510 174.662917,-36.787536 174.662972,-36.787539 174.663040,-36.787527 174.663108,-36.787497 174.663161,-36.787457 174.663193,-36.787413 174.663202,-36.787376 174.663203,-36.787321 174.663181,-36.787254 174.663145,-36.787168 174.663147,-36.787110 174.663171,-36.787070 174.663232,-36.787037 174.663331,-36.787010 174.663445,-36.786974 174.663463,-36.786928 174.663484,-36.786766 174.663527,-36.786725 174.663598,-36.786704 174.663657,-36.786696 174.663734,-36.786710 174.663998,-36.786816 174.664085,-36.786825 174.664227,-36.786818 174.664343,-36.786826 174.664457,-36.786810 174.664623,-36.786740 174.664711,-36.786646 174.664781,-36.786575 174.664852,-36.786539 174.664941,-36.786518 174.665025,-36.786484 174.665067,-36.786431 174.665102,-36.786341 174.665145,-36.786318 174.665204,-36.786310 174.665370,-36.786367 174.665535,-36.786410 174.665636,-36.786461 174.665696,-36.786528 174.665753,-36.786589 174.665786,-36.786661 174.665797,-36.786731 174.665783,-36.786774 174.665830,-36.786813 174.665915,-36.786861 174.666016,-36.786872 174.666173,-36.786931 174.666319,-36.786995 174.666412,-36.787013 174.666491,-36.787013 174.666590,-36.787001 174.666685,-36.786960 174.666787,-36.786882 174.666844,-36.786811 174.666880,-36.786733 174.666964,-36.786673 174.667056,-36.786631 174.667191,-36.786615 174.667290,-36.786624 174.667414,-36.786660 174.667490,-36.786720 174.667557,-36.786758 174.667625,-36.786775 174.667697,-36.786763 174.667906,-36.786674 174.668057,-36.786638 174.668197,-36.786622 174.668268,-36.786634 174.668310,-36.786654 174.668348,-36.786692 174.668389,-36.786761 174.668434,-36.786903 174.668463,-36.787025 174.668505,-36.787128</coordinates></LineString><LineString><tessellate>1</tessellate><coordinates>174.659556,-36.791276 174.659472,-36.791234 174.659466,-36.791184 174.659392,-36.791110 174.659074,-36.790897 174.658860,-36.790798 174.658694,-36.790686 174.658587,-36.790585 174.658516,-36.790482 174.658448,-36.790337 174.658360,-36.790094 174.658284,-36.789830 174.658283,-36.789748 174.658313,-36.789662 174.658378,-36.789577 174.658486,-36.789476 174.658930,-36.789076 174.659038,-36.788997 174.659382,-36.788769 174.659450,-36.788737 174.659518,-36.788723 174.659580,-36.788719 174.659703,-36.788738 174.659849,-36.788772 174.660006,-36.788820 174.660190,-36.788897 174.660322,-36.788959 174.660442,-36.789035 174.660487,-36.789067</coordinates></LineString><LineString><tessellate>1</tessellate><coordinates>174.660487,-36.789067 174.660582,-36.789144 174.660680,-36.789197 174.660819,-36.789264 174.661000,-36.789342 174.661090,-36.789374 174.661219,-36.789448 174.661342,-36.789516 174.661410,-36.789565</coordinates></LineString><LineString><tessellate>1</tessellate><coordinates>174.668505,-36.787128 174.668559,-36.787294 174.668561,-36.787395 174.668529,-36.787481 174.668442,-36.787556 174.668288,-36.787650 174.668096,-36.787773 174.668056,-36.787805 174.668070,-36.787889 174.668081,-36.787931 174.668145,-36.787997 174.668151,-36.788055 174.668143,-36.788096 174.668071,-36.788146 174.667958,-36.788183 174.667783,-36.788240</coordinates></LineString></MultiGeometry></Placemark><Placemark><name>Browns Bay LINZ foot track 1</name><description>Sheet row 1029; LINZ t50_fid(s) 3573892,3584790,3584798,3584792,3573893,3593275,3593269</description><styleUrl>#c</styleUrl><MultiGeometry><LineString><tessellate>1</tessellate><coordinates>174.737105,-36.717190 174.737012,-36.717228 174.736953,-36.717260 174.736908,-36.717297 174.736866,-36.717362 174.736832,-36.717420 174.736799,-36.717461 174.736767,-36.717484 174.736693,-36.717507 174.736614,-36.717572 174.736578,-36.717624 174.736563,-36.717645 174.736521,-36.717683 174.736382,-36.717729 174.736302,-36.717774 174.736231,-36.717841 174.736175,-36.717925 174.736156,-36.718027 174.736117,-36.718171 174.736042,-36.718232 174.735950,-36.718253 174.735687,-36.718267 174.735610,-36.718293 174.735559,-36.718338 174.735514,-36.718378 174.735447,-36.718507 174.735346,-36.718619 174.734929,-36.719028 174.734852,-36.719110 174.734730,-36.719216 174.734635,-36.719264 174.734519,-36.719324 174.734119,-36.719565 174.733779,-36.719740 174.733584,-36.719864 174.733349,-36.719998 174.733207,-36.720046 174.733113,-36.720097 174.733069,-36.720146 174.733062,-36.720208 174.733096,-36.720308 174.733163,-36.720373</coordinates></LineString><LineString><tessellate>1</tessellate><coordinates>174.736877,-36.714574 174.737423,-36.714533 174.737421,-36.714589 174.737503,-36.714987 174.737595,-36.715121 174.737817,-36.715238 174.737861,-36.715302 174.737892,-36.715364 174.737970,-36.715735 174.737974,-36.715906 174.737947,-36.716244 174.737934,-36.716345 174.737919,-36.716433 174.737904,-36.716480 174.737853,-36.716540 174.737830,-36.716575 174.737795,-36.716725 174.737729,-36.716768 174.737673,-36.716783 174.737624,-36.716778 174.737585,-36.716752 174.737549,-36.716714 174.737499,-36.716669 174.737454,-36.716656 174.737393,-36.716666 174.737184,-36.716799 174.737078,-36.716912 174.737015,-36.716989 174.737105,-36.717190</coordinates></LineString><LineString><tessellate>1</tessellate><coordinates>174.737105,-36.717190 174.737186,-36.717144 174.737294,-36.717049 174.737365,-36.717014 174.737440,-36.716999 174.737570,-36.717016 174.737911,-36.717041 174.738010,-36.717034 174.738078,-36.717028 174.738194,-36.716994</coordinates></LineString><LineString><tessellate>1</tessellate><coordinates>174.738427,-36.718375 174.738267,-36.717230 174.738256,-36.717140 174.738194,-36.716994</coordinates></LineString><LineString><tessellate>1</tessellate><coordinates>174.738194,-36.716994 174.738417,-36.716893 174.738562,-36.716716 174.738873,-36.716634 174.739090,-36.716561 174.739247,-36.716507 174.739359,-36.716479 174.739539,-36.716448 174.739731,-36.716401 174.739836,-36.716364 174.739953,-36.716366 174.740063,-36.716365 174.740204,-36.716347 174.740866,-36.716275 174.741206,-36.716293 174.741542,-36.716462 174.741678,-36.716498</coordinates></LineString><LineString><tessellate>1</tessellate><coordinates>174.741219,-36.716782 174.741335,-36.716660 174.741678,-36.716498</coordinates></LineString><LineString><tessellate>1</tessellate><coordinates>174.741678,-36.716498 174.741813,-36.716521 174.742050,-36.716579 174.742113,-36.716627 174.742161,-36.716679 174.742191,-36.716705 174.742224,-36.716770</coordinates></LineString></MultiGeometry></Placemark><Placemark><name>Stanmore Bay LINZ foot track 1</name><description>Sheet row 1030; LINZ t50_fid(s) 3554896</description><styleUrl>#c</styleUrl><MultiGeometry><LineString><tessellate>1</tessellate><coordinates>174.728821,-36.619424 174.729134,-36.619541 174.729194,-36.619642 174.729376,-36.619750 174.729860,-36.619986 174.730058,-36.620257 174.730364,-36.620452 174.731003,-36.620802 174.731347,-36.621036 174.732018,-36.621387 174.732856,-36.621874 174.732963,-36.621957 174.734064,-36.622592 174.734512,-36.622840 174.735044,-36.623067 174.735448,-36.623258 174.736843,-36.623845 174.738455,-36.624352 174.739410,-36.624497 174.740136,-36.624544 174.740995,-36.624542 174.741291,-36.624575 174.741458,-36.624688 174.741902,-36.624649 174.742012,-36.624646 174.742162,-36.624660 174.742255,-36.624662 174.742387,-36.624657 174.742425,-36.624654 174.742551,-36.624591 174.742800,-36.624556 174.743145,-36.624507 174.743262,-36.624477 174.743458,-36.624418 174.743645,-36.624415 174.743731,-36.624395 174.743779,-36.624374 174.743854,-36.624312 174.743898,-36.624295 174.743961,-36.624294 174.744003,-36.624327 174.744140,-36.624431 174.744226,-36.624527 174.744245,-36.624636 174.744340,-36.624646</coordinates></LineString></MultiGeometry></Placemark><Placemark><name>Albany LINZ foot track 1</name><description>Sheet row 1031; LINZ t50_fid(s) 8466370</description><styleUrl>#c</styleUrl><MultiGeometry><LineString><tessellate>1</tessellate><coordinates>174.695762,-36.723043 174.695826,-36.723134 174.696174,-36.723230 174.696423,-36.723234 174.696518,-36.723252 174.696839,-36.723337 174.696994,-36.723377 174.697138,-36.723380 174.697232,-36.723356 174.697324,-36.723332 174.697393,-36.723346 174.697489,-36.723381 174.697620,-36.723432 174.697753,-36.723467 174.697898,-36.723493 174.698031,-36.723491 174.698198,-36.723447 174.698283,-36.723438 174.698385,-36.723465 174.698507,-36.723519 174.698792,-36.723572 174.698892,-36.723563 174.699118,-36.723523 174.699252,-36.723474 174.699340,-36.723415 174.699414,-36.723325 174.699460,-36.723242 174.699532,-36.723091 174.699574,-36.722962 174.699636,-36.722876 174.699751,-36.722720 174.699853,-36.722619 174.699956,-36.722544 174.700089,-36.722485 174.700252,-36.722443 174.700478,-36.722416 174.700616,-36.722422 174.700763,-36.722458 174.700952,-36.722515 174.701244,-36.722565 174.701502,-36.722592 174.701716,-36.722602 174.701840,-36.722583 174.702016,-36.722526 174.702199,-36.722473 174.702341,-36.722441 174.702425,-36.722440 174.702628,-36.722461 174.702703,-36.722458 174.702789,-36.722443 174.702876,-36.722409 174.702922,-36.722361 174.702972,-36.722245 174.702987,-36.722155 174.702977,-36.722021 174.702988,-36.721944 174.703040,-36.721892 174.703208,-36.721811 174.703392,-36.721759 174.703550,-36.721681 174.703677,-36.721652 174.703873,-36.721635 174.704008,-36.721625 174.704152,-36.721569 174.704218,-36.721505 174.704291,-36.721428 174.704371,-36.721381 174.704539,-36.721332 174.704575,-36.721317 174.704679,-36.721273 174.704739,-36.721215 174.704760,-36.721111 174.704772,-36.721029 174.704780,-36.720937 174.704817,-36.720860 174.705080,-36.720601 174.705252,-36.720448 174.705376,-36.720369 174.705495,-36.720316 174.705606,-36.720291 174.705772,-36.720272 174.705852,-36.720278 174.705949,-36.720312 174.706135,-36.720395 174.706271,-36.720463 174.706372,-36.720496 174.706466,-36.720506 174.706641,-36.720487 174.706946,-36.720472 174.707098,-36.720451 174.707245,-36.720392 174.707401,-36.720339 174.707612,-36.720261 174.707806,-36.720221 174.707961,-36.720189 174.708205,-36.720174 174.708379,-36.720138 174.708558,-36.720077 174.708721,-36.720031 174.708874,-36.720012 174.709040,-36.719994 174.709156,-36.720019 174.709255,-36.720073 174.709389,-36.720103 174.709493,-36.720181</coordinates></LineString></MultiGeometry></Placemark><Placemark><name>Unsworth Heights LINZ foot track 1</name><description>Sheet row 1032; LINZ t50_fid(s) 8520893,8521017,8521018,3584752,3584754,3593214,3593225</description><styleUrl>#c</styleUrl><MultiGeometry><LineString><tessellate>1</tessellate><coordinates>174.738989,-36.757487 174.739198,-36.757605 174.739331,-36.757721 174.739453,-36.757832 174.739628,-36.757927 174.740025,-36.758144 174.740226,-36.758254 174.740749,-36.758408 174.740921,-36.758471 174.740973,-36.758463 174.741039,-36.758426 174.741118,-36.758439 174.741229,-36.758491 174.741383,-36.758554</coordinates></LineString><LineString><tessellate>1</tessellate><coordinates>174.738922,-36.756068 174.738943,-36.756257 174.738964,-36.756406 174.738982,-36.756811 174.738976,-36.756932 174.738937,-36.757135 174.738931,-36.757225 174.738940,-36.757345 174.738989,-36.757487</coordinates></LineString><LineString><tessellate>1</tessellate><coordinates>174.738989,-36.757487 174.738896,-36.757551 174.738440,-36.757821</coordinates></LineString><LineString><tessellate>1</tessellate><coordinates>174.739342,-36.755566 174.739424,-36.755678 174.739673,-36.755866 174.740265,-36.756321 174.740505,-36.756441 174.740740,-36.756618 174.740852,-36.756722 174.740896,-36.756857 174.740898,-36.756957 174.740940,-36.757021 174.741356,-36.757283 174.741756,-36.757523 174.741884,-36.757611</coordinates></LineString><LineString><tessellate>1</tessellate><coordinates>174.737404,-36.754246 174.737576,-36.754329 174.737842,-36.754535 174.737935,-36.754604 174.738055,-36.754671 174.738175,-36.754752 174.738263,-36.754821 174.738356,-36.754936 174.738485,-36.755054 174.738546,-36.755371 174.738854,-36.755985 174.738922,-36.756068</coordinates></LineString><LineString><tessellate>1</tessellate><coordinates>174.739342,-36.755566 174.739351,-36.755489 174.739637,-36.755248 174.739946,-36.754976 174.739942,-36.754922 174.739716,-36.754631 174.739709,-36.754582 174.739657,-36.754532 174.740061,-36.754159</coordinates></LineString><LineString><tessellate>1</tessellate><coordinates>174.738922,-36.756068 174.739342,-36.755566</coordinates></LineString></MultiGeometry></Placemark><Placemark><name>Unsworth Heights LINZ foot track 2</name><description>Sheet row 1033; LINZ t50_fid(s) 8520891,8520892,8520940,8521010</description><styleUrl>#c</styleUrl><MultiGeometry><LineString><tessellate>1</tessellate><coordinates>174.716772,-36.759074 174.716719,-36.759061 174.716672,-36.759008 174.716606,-36.758748 174.716554,-36.758618 174.716450,-36.758385 174.716358,-36.758213 174.716282,-36.758106 174.716248,-36.758042 174.716162,-36.757922 174.716090,-36.757781 174.715804,-36.756927 174.715763,-36.756768 174.715669,-36.756569 174.715633,-36.756277 174.715557,-36.756290 174.715447,-36.756220 174.715409,-36.756179 174.715370,-36.756065 174.715339,-36.756012 174.715239,-36.755917 174.715168,-36.755840 174.715061,-36.755676 174.714929,-36.755507 174.714756,-36.755343</coordinates></LineString><LineString><tessellate>1</tessellate><coordinates>174.717708,-36.759590 174.717925,-36.759507 174.718000,-36.759499 174.718426,-36.759889 174.718502,-36.759933 174.718502,-36.759936 174.718554,-36.759926 174.718660,-36.759867 174.719740,-36.759177 174.719711,-36.759139 174.719790,-36.759100 174.719841,-36.759092 174.719973,-36.759132 174.720060,-36.759115 174.720198,-36.759055</coordinates></LineString><LineString><tessellate>1</tessellate><coordinates>174.718719,-36.761646 174.718690,-36.761522 174.718693,-36.761471 174.718737,-36.761409 174.718750,-36.761365 174.718746,-36.761316 174.718730,-36.761274 174.718677,-36.761190 174.718566,-36.761083 174.718221,-36.760747 174.717961,-36.760485 174.717899,-36.760406 174.717858,-36.760324 174.717849,-36.760253 174.717861,-36.760157 174.717863,-36.760029 174.717844,-36.759949 174.717803,-36.759829 174.717744,-36.759675 174.717708,-36.759590 174.717599,-36.759326 174.717466,-36.759124 174.717347,-36.758987 174.717240,-36.758939 174.717160,-36.758944 174.717052,-36.758974 174.716846,-36.759062 174.716772,-36.759074</coordinates></LineString><LineString><tessellate>1</tessellate><coordinates>174.715602,-36.760052 174.715799,-36.760057 174.715882,-36.760050 174.715915,-36.760035 174.715963,-36.760004 174.716030,-36.759950 174.716089,-36.759881 174.716442,-36.759421 174.716541,-36.759295 174.716638,-36.759201 174.716765,-36.759099 174.716772,-36.759074</coordinates></LineString></MultiGeometry></Placemark><Placemark><name>Stanmore Bay LINZ foot track 2</name><description>Sheet row 1034; LINZ t50_fid(s) 8520894,8521035,3593386,8520895</description><styleUrl>#c</styleUrl><MultiGeometry><LineString><tessellate>1</tessellate><coordinates>174.729949,-36.623104 174.730282,-36.623193 174.730464,-36.623253 174.730670,-36.623373 174.731105,-36.623558 174.731534,-36.623884 174.731768,-36.624156 174.731969,-36.624369 174.732098,-36.624551 174.732317,-36.624694 174.732493,-36.624845 174.732672,-36.625089 174.732855,-36.625310 174.732985,-36.625511 174.733059,-36.625594 174.733143,-36.625652 174.733288,-36.625725 174.733403,-36.625798 174.733447,-36.625877 174.733516,-36.626055 174.733598,-36.626345 174.733635,-36.626651 174.733703,-36.627101 174.733722,-36.627275 174.733701,-36.627398</coordinates></LineString><LineString><tessellate>1</tessellate><coordinates>174.730008,-36.622371 174.730002,-36.622545 174.729996,-36.622755 174.729982,-36.622876 174.729974,-36.622955 174.729949,-36.623104</coordinates></LineString><LineString><tessellate>1</tessellate><coordinates>174.732098,-36.624551 174.732773,-36.624133 174.732979,-36.624013 174.733091,-36.623898</coordinates></LineString><LineString><tessellate>1</tessellate><coordinates>174.725639,-36.621389 174.725766,-36.621514 174.725851,-36.621634 174.725940,-36.621695 174.726102,-36.621750 174.726605,-36.621884 174.726655,-36.621871 174.726751,-36.621864 174.726869,-36.621877 174.727004,-36.621902 174.727111,-36.621933 174.727226,-36.621980 174.727328,-36.621991 174.727443,-36.622035 174.727572,-36.622069 174.727673,-36.622088 174.727814,-36.622133 174.727890,-36.622158 174.727964,-36.622183 174.728097,-36.622277 174.728176,-36.622312 174.728329,-36.622427 174.728464,-36.622499 174.728937,-36.622685 174.729208,-36.622802 174.729432,-36.622913 174.729494,-36.622950 174.729722,-36.623045 174.729905,-36.623130 174.729949,-36.623104</coordinates></LineString></MultiGeometry></Placemark><Placemark><name>Red Beach LINZ foot track 2</name><description>Sheet row 1035; LINZ t50_fid(s) 3556118</description><styleUrl>#c</styleUrl><MultiGeometry><LineString><tessellate>1</tessellate><coordinates>174.708347,-36.602990 174.708409,-36.602970 174.708515,-36.602888 174.708673,-36.603098 174.708950,-36.603484 174.709119,-36.603731 174.709458,-36.604256 174.709670,-36.604466 174.709807,-36.604681 174.710029,-36.605014 174.710217,-36.605366 174.710400,-36.605580 174.710514,-36.605651 174.710581,-36.605664 174.710673,-36.605683 174.710822,-36.605806 174.710909,-36.605901 174.711076,-36.606028 174.711147,-36.606135 174.711236,-36.606288 174.711387,-36.606490 174.711629,-36.606748 174.711864,-36.607191 174.712096,-36.607474 174.712292,-36.607662 174.712461,-36.607942 174.712541,-36.608005 174.712711,-36.608012 174.712866,-36.608104 174.713241,-36.608232 174.713674,-36.608693 174.713768,-36.608851 174.714012,-36.609018 174.714056,-36.609131 174.714147,-36.609297 174.714245,-36.609445 174.714441,-36.609679 174.714538,-36.609788 174.714620,-36.609927 174.714727,-36.610056 174.714759,-36.610202 174.714806,-36.610271 174.714646,-36.610410 174.714210,-36.610647 174.713969,-36.610800 174.713685,-36.610949</coordinates></LineString></MultiGeometry></Placemark><Placemark><name>Mairangi Bay LINZ foot track 1</name><description>Sheet row 1036; LINZ t50_fid(s) 6082541,6082548,6082504</description><styleUrl>#c</styleUrl><MultiGeometry><LineString><tessellate>1</tessellate><coordinates>174.753466,-36.726304 174.753696,-36.726392 174.754159,-36.726737 174.754240,-36.726786 174.754352,-36.726810 174.754534,-36.726979 174.754664,-36.727010 174.754767,-36.727023 174.754844,-36.727075 174.754838,-36.727172 174.754786,-36.727259 174.754788,-36.727331 174.754860,-36.727366 174.754966,-36.727325 174.755042,-36.727334 174.755065,-36.727391 174.755076,-36.727449</coordinates></LineString><LineString><tessellate>1</tessellate><coordinates>174.754543,-36.728185 174.754618,-36.727982 174.754679,-36.727625 174.754723,-36.727565 174.754894,-36.727570 174.754899,-36.727545 174.755076,-36.727449</coordinates></LineString><LineString><tessellate>1</tessellate><coordinates>174.755076,-36.727449 174.755169,-36.727405 174.755377,-36.727356 174.755483,-36.727348 174.755575,-36.727330 174.755628,-36.727346 174.755685,-36.727457 174.755734,-36.727593 174.755792,-36.727699 174.755821,-36.727795 174.755819,-36.727890 174.755782,-36.727996 174.755798,-36.728169 174.755838,-36.728245 174.755924,-36.728295 174.756040,-36.728363 174.756084,-36.728431 174.756175,-36.728621 174.756267,-36.728840 174.756347,-36.728998 174.756930,-36.729537 174.757087,-36.729636 174.757107,-36.729716 174.757115,-36.729800 174.757157,-36.729877 174.757125,-36.729952 174.757053,-36.730010 174.756994,-36.730079 174.756925,-36.730116 174.756903,-36.730152 174.756916,-36.730191 174.756932,-36.730244 174.756944,-36.730338 174.756864,-36.730385 174.756767,-36.730435 174.756702,-36.730434 174.756460,-36.730344 174.756361,-36.730332 174.756123,-36.730337 174.756005,-36.730354 174.755860,-36.730383 174.755771,-36.730428 174.755271,-36.730817 174.754880,-36.730964 174.754742,-36.731033 174.754665,-36.731113 174.754530,-36.731284 174.754482,-36.731381 174.754420,-36.731489 174.754307,-36.731508 174.754163,-36.731556 174.754063,-36.731604 174.753880,-36.731625 174.753600,-36.731811</coordinates></LineString></MultiGeometry></Placemark><Placemark><name>Stanmore Bay LINZ foot track 3</name><description>Sheet row 1037; LINZ t50_fid(s) 8467011,8466782,8467012,8467150,8467013</description><styleUrl>#c</styleUrl><MultiGeometry><LineString><tessellate>1</tessellate><coordinates>174.740994,-36.630666 174.741132,-36.630503 174.741179,-36.630464 174.741265,-36.630436 174.741403,-36.630381 174.741758,-36.630300 174.741694,-36.630238 174.741682,-36.630193 174.741689,-36.630130 174.741714,-36.630077 174.741754,-36.630029 174.741927,-36.629903 174.742109,-36.629753 174.742255,-36.629659 174.742583,-36.629450 174.742667,-36.629391 174.742728,-36.629325</coordinates></LineString><LineString><tessellate>1</tessellate><coordinates>174.742103,-36.626911 174.742143,-36.627378 174.742167,-36.627642 174.742177,-36.627725 174.742195,-36.627807 174.742236,-36.627897 174.742373,-36.628169 174.742386,-36.628221 174.742392,-36.628324 174.742410,-36.628415 174.742432,-36.628492 174.742500,-36.628685 174.742635,-36.628970 174.742689,-36.629100 174.742728,-36.629206 174.742735,-36.629257 174.742728,-36.629325</coordinates></LineString><LineString><tessellate>1</tessellate><coordinates>174.743530,-36.629952 174.743615,-36.630152 174.743701,-36.630419 174.743712,-36.630736 174.743629,-36.630951 174.743581,-36.631085 174.743561,-36.631140 174.743527,-36.631244 174.743513,-36.631348 174.743540,-36.631458 174.743613,-36.631585</coordinates></LineString><LineString><tessellate>1</tessellate><coordinates>174.742728,-36.629325 174.742756,-36.629342 174.742901,-36.629425 174.743331,-36.629673 174.743393,-36.629737 174.743530,-36.629952</coordinates></LineString><LineString><tessellate>1</tessellate><coordinates>174.743530,-36.629952 174.743829,-36.629863 174.743953,-36.629843 174.744100,-36.629849 174.744233,-36.629878 174.744324,-36.629919 174.744401,-36.629988 174.744467,-36.630072 174.744542,-36.630202 174.744671,-36.630400 174.744681,-36.630720 174.744763,-36.630971 174.744777,-36.631126 174.744783,-36.631220 174.744812,-36.631228</coordinates></LineString></MultiGeometry></Placemark><Placemark><name>Hibiscus Coast / Ōrewa LINZ foot track 1</name><description>Sheet row 1038; LINZ t50_fid(s) 7645700</description><styleUrl>#c</styleUrl><MultiGeometry><LineString><tessellate>1</tessellate><coordinates>174.678479,-36.598919 174.678784,-36.598838 174.679122,-36.598803 174.679459,-36.598792 174.679700,-36.598807 174.679953,-36.598719 174.680148,-36.598692 174.680465,-36.598772 174.682709,-36.599757 174.682787,-36.599883 174.682745,-36.600029 174.682527,-36.600371 174.682472,-36.600602 174.682463,-36.600905 174.682542,-36.601400 174.682501,-36.601595 174.682371,-36.601827 174.682216,-36.601956 174.681334,-36.602232 174.681004,-36.602313 174.680736,-36.602395 174.680559,-36.602459 174.680362,-36.602523 174.680261,-36.602541 174.680096,-36.602513 174.679952,-36.602490 174.679743,-36.602542 174.679630,-36.602870 174.679538,-36.603132 174.679323,-36.603232 174.679019,-36.603275</coordinates></LineString></MultiGeometry></Placemark><Placemark><name>Greenhithe LINZ foot track 1</name><description>Sheet row 1039; LINZ t50_fid(s) 8466998,8466774,8466997</description><styleUrl>#c</styleUrl><MultiGeometry><LineString><tessellate>1</tessellate><coordinates>174.673993,-36.769147 174.674215,-36.769065 174.674919,-36.768849 174.675499,-36.768740 174.675956,-36.768584 174.676306,-36.768510</coordinates></LineString><LineString><tessellate>1</tessellate><coordinates>174.676978,-36.772754 174.676955,-36.772649 174.677572,-36.772542 174.677598,-36.772145 174.677590,-36.771919 174.677561,-36.771798 174.677503,-36.771664 174.677476,-36.771620 174.677139,-36.771024 174.677056,-36.770868 174.677025,-36.770788 174.676997,-36.770676 174.676997,-36.770568 174.677002,-36.770507 174.676824,-36.769997 174.676817,-36.769934 174.676825,-36.769899 174.676873,-36.769818 174.676866,-36.769764 174.676847,-36.769708 174.676793,-36.769646 174.676731,-36.769583 174.676673,-36.769502 174.676637,-36.769425 174.676432,-36.768888 174.676306,-36.768510</coordinates></LineString><LineString><tessellate>1</tessellate><coordinates>174.676306,-36.768510 174.676879,-36.768381 174.677158,-36.768315 174.677622,-36.768204 174.678314,-36.768043 174.678406,-36.768015 174.678456,-36.767976 174.678542,-36.767971 174.679097,-36.767976</coordinates></LineString></MultiGeometry></Placemark><Placemark><name>Hobsonville LINZ foot track 2</name><description>Sheet row 1040; LINZ t50_fid(s) 8520888,8520889,8521003</description><styleUrl>#c</styleUrl><MultiGeometry><LineString><tessellate>1</tessellate><coordinates>174.657409,-36.799631 174.658493,-36.798533 174.658561,-36.798480 174.658598,-36.798492 174.658927,-36.798702 174.658994,-36.798704 174.659057,-36.798669 174.659253,-36.798471 174.660508,-36.799258 174.660662,-36.799100 174.661108,-36.799372 174.661163,-36.799417 174.661207,-36.799495 174.661218,-36.799583 174.661238,-36.799646 174.661272,-36.799692 174.661328,-36.799749 174.661466,-36.799824</coordinates></LineString><LineString><tessellate>1</tessellate><coordinates>174.660549,-36.800946 174.660438,-36.800888 174.660371,-36.800954 174.660087,-36.800792 174.659384,-36.800401 174.658601,-36.800394 174.658538,-36.800376 174.658239,-36.800188 174.657824,-36.799931 174.657409,-36.799631</coordinates></LineString><LineString><tessellate>1</tessellate><coordinates>174.656089,-36.798795 174.657409,-36.799631</coordinates></LineString></MultiGeometry></Placemark><Placemark><name>Albany LINZ foot track 2</name><description>Sheet row 1041; LINZ t50_fid(s) 3593246,3573887,3556082</description><styleUrl>#c</styleUrl><MultiGeometry><LineString><tessellate>1</tessellate><coordinates>174.693206,-36.728563 174.693172,-36.728560 174.693056,-36.728564 174.692976,-36.728570 174.692914,-36.728586 174.692871,-36.728610 174.692829,-36.728652 174.692787,-36.728710 174.692723,-36.728876 174.692626,-36.728987</coordinates></LineString><LineString><tessellate>1</tessellate><coordinates>174.693206,-36.728563 174.693225,-36.728650 174.693319,-36.728952 174.693317,-36.729257 174.693280,-36.729915 174.693296,-36.730109 174.693361,-36.730317 174.693442,-36.730493 174.693516,-36.730585 174.693605,-36.730659 174.693697,-36.730715 174.693864,-36.730781 174.694001,-36.730874 174.694099,-36.730965 174.694163,-36.731056 174.694232,-36.731216 174.694280,-36.731418 174.694268,-36.731718 174.694333,-36.731772 174.694295,-36.731906 174.694324,-36.731996</coordinates></LineString><LineString><tessellate>1</tessellate><coordinates>174.694224,-36.724948 174.694167,-36.725217 174.694053,-36.725361 174.693961,-36.725491 174.693839,-36.725578 174.693723,-36.725703 174.693554,-36.725971 174.693588,-36.726207 174.693619,-36.726519 174.693655,-36.726808 174.693720,-36.727101 174.693660,-36.727275 174.693587,-36.727514 174.693499,-36.727958 174.693401,-36.728325 174.693206,-36.728563</coordinates></LineString></MultiGeometry></Placemark><Placemark><name>Unsworth Heights LINZ foot track 3</name><description>Sheet row 1042; LINZ t50_fid(s) 8520759</description><styleUrl>#c</styleUrl><MultiGeometry><LineString><tessellate>1</tessellate><coordinates>174.705395,-36.746823 174.705811,-36.746868 174.706465,-36.746777 174.706570,-36.746727 174.707533,-36.746597 174.707647,-36.746585 174.707694,-36.746584 174.707745,-36.746600 174.707793,-36.746635 174.707840,-36.746716 174.708064,-36.747080 174.708090,-36.747114 174.708141,-36.747133 174.708201,-36.747130 174.708354,-36.747104 174.708472,-36.747093 174.708540,-36.747098 174.708596,-36.747109 174.708637,-36.747118 174.708758,-36.747148 174.708869,-36.747143 174.708959,-36.747122 174.709049,-36.747083 174.709108,-36.747043 174.709164,-36.746992 174.709189,-36.746943 174.709203,-36.746897 174.709213,-36.746823 174.709227,-36.746797 174.709281,-36.746775 174.709315,-36.746770 174.709359,-36.746774 174.709361,-36.746845 174.709382,-36.746910 174.709431,-36.746995 174.709503,-36.747089 174.709532,-36.747116 174.709573,-36.747117 174.709793,-36.747083 174.709880,-36.747080 174.710104,-36.747082 174.710297,-36.747049 174.710405,-36.747002 174.710363,-36.746798 174.709970,-36.745284 174.709970,-36.745279 174.709974,-36.745246 174.710012,-36.745208 174.710068,-36.745183 174.711171,-36.745011 174.711203,-36.744986 174.711295,-36.744853 174.711426,-36.744831</coordinates></LineString></MultiGeometry></Placemark><Placemark><name>Kumeū / Huapai LINZ foot track 1</name><description>Sheet row 1043; LINZ t50_fid(s) 8520885</description><styleUrl>#c</styleUrl><MultiGeometry><LineString><tessellate>1</tessellate><coordinates>174.556930,-36.773805 174.556923,-36.773781 174.556601,-36.773870 174.556533,-36.773717 174.556530,-36.773643 174.556561,-36.773573 174.556615,-36.773519 174.556675,-36.773485 174.556740,-36.773467 174.556831,-36.773468 174.556951,-36.773500 174.557141,-36.773494 174.557254,-36.773474 174.557432,-36.773433 174.557576,-36.773399 174.557684,-36.773344 174.557786,-36.773295 174.557879,-36.773271 174.557987,-36.773260 174.558031,-36.773267 174.558068,-36.773298 174.558095,-36.773358 174.558124,-36.773410 174.558141,-36.773441 174.558216,-36.773585 174.558276,-36.773686 174.558359,-36.773789 174.558458,-36.773905 174.558533,-36.773970 174.558602,-36.774000 174.558668,-36.774018 174.558805,-36.774042 174.558879,-36.774048 174.558946,-36.774041 174.558964,-36.774030 174.559092,-36.773950 174.559375,-36.773827 174.559433,-36.773786 174.559517,-36.773680 174.559626,-36.773613 174.559697,-36.773580 174.559749,-36.773571 174.559790,-36.773571 174.559859,-36.773584 174.559934,-36.773628 174.560004,-36.773707 174.560041,-36.773804 174.560073,-36.773913 174.560085,-36.774035 174.560078,-36.774219 174.560052,-36.774343 174.560044,-36.774423 174.560041,-36.774456 174.560042,-36.774617 174.560029,-36.774792 174.560001,-36.774915 174.559943,-36.775032 174.559819,-36.775218 174.559764,-36.775297 174.559729,-36.775388 174.559742,-36.775475 174.559836,-36.775634 174.559920,-36.775932 174.559773,-36.776372 174.560533,-36.776698</coordinates></LineString></MultiGeometry></Placemark><Placemark><name>Albany LINZ foot track 3</name><description>Sheet row 1044; LINZ t50_fid(s) 8520941,8521024,8521025,8521026</description><styleUrl>#c</styleUrl><MultiGeometry><LineString><tessellate>1</tessellate><coordinates>174.708733,-36.725760 174.709756,-36.725746 174.709891,-36.725912 174.709945,-36.726035 174.709971,-36.726168 174.709968,-36.726299 174.709944,-36.726405 174.709833,-36.726545 174.709704,-36.726662 174.709572,-36.726749 174.709397,-36.726843 174.709250,-36.726903 174.709113,-36.726937 174.708974,-36.726964 174.708766,-36.726976</coordinates></LineString><LineString><tessellate>1</tessellate><coordinates>174.708766,-36.726976 174.708178,-36.726994 174.708011,-36.726976 174.707853,-36.726923 174.707723,-36.726847 174.707621,-36.726765 174.707536,-36.726684 174.707468,-36.726586 174.707409,-36.726469 174.707381,-36.726368 174.707381,-36.726251 174.707405,-36.726147 174.707465,-36.726034 174.707543,-36.725948 174.707610,-36.725894 174.707720,-36.725837 174.707825,-36.725806 174.707939,-36.725788 174.708062,-36.725781 174.708733,-36.725760</coordinates></LineString><LineString><tessellate>1</tessellate><coordinates>174.708766,-36.726976 174.708762,-36.726686 174.708761,-36.726648 174.708748,-36.726048 174.708733,-36.725760</coordinates></LineString><LineString><tessellate>1</tessellate><coordinates>174.708766,-36.726976 174.708770,-36.727250 174.708690,-36.727521</coordinates></LineString></MultiGeometry></Placemark><Placemark><name>Unsworth Heights LINZ foot track 4</name><description>Sheet row 1045; LINZ t50_fid(s) 8466999,8467000,8467001</description><styleUrl>#c</styleUrl><MultiGeometry><LineString><tessellate>1</tessellate><coordinates>174.710593,-36.750797 174.710608,-36.750953 174.710705,-36.751121 174.710735,-36.751224 174.710754,-36.751378 174.710778,-36.751603 174.710812,-36.751725 174.710903,-36.751947 174.710943,-36.751981 174.711062,-36.752079 174.711134,-36.752166 174.711182,-36.752219 174.711395,-36.752335 174.711574,-36.752471 174.711784,-36.752640 174.711880,-36.752714 174.712116,-36.752786</coordinates></LineString><LineString><tessellate>1</tessellate><coordinates>174.710916,-36.750747 174.710964,-36.750818 174.711104,-36.750905 174.711147,-36.750960 174.711144,-36.750991 174.711138,-36.751062 174.711235,-36.751328 174.711282,-36.751515 174.711331,-36.751681 174.711391,-36.751800 174.711513,-36.751946 174.711623,-36.752052 174.711747,-36.752149 174.711819,-36.752262 174.711978,-36.752377 174.712080,-36.752486 174.712073,-36.752526 174.712040,-36.752594 174.712060,-36.752631 174.712154,-36.752710 174.712144,-36.752762 174.712116,-36.752786</coordinates></LineString><LineString><tessellate>1</tessellate><coordinates>174.712116,-36.752786 174.712227,-36.752819 174.712286,-36.752850 174.712498,-36.752960 174.712549,-36.752987 174.712598,-36.753012 174.712778,-36.753107 174.712888,-36.753164 174.713133,-36.753317 174.713248,-36.753378 174.713325,-36.753412 174.713542,-36.753467 174.713611,-36.753541 174.713700,-36.753649 174.713797,-36.753713 174.714008,-36.753815 174.714135,-36.753944 174.714161,-36.753963 174.714229,-36.753968</coordinates></LineString></MultiGeometry></Placemark><Placemark><name>Takapuna LINZ foot track 4</name><description>Sheet row 1046; LINZ t50_fid(s) 3554675</description><styleUrl>#c</styleUrl><MultiGeometry><LineString><tessellate>1</tessellate><coordinates>174.766235,-36.790898 174.766242,-36.790962 174.766411,-36.790992 174.766545,-36.790862 174.766625,-36.790860 174.766674,-36.790976 174.766677,-36.791009 174.766645,-36.791064 174.766668,-36.791167 174.766642,-36.791276 174.766429,-36.791541 174.766189,-36.791690 174.766149,-36.791873 174.766107,-36.792046 174.766157,-36.792303 174.766151,-36.792498 174.766274,-36.792806 174.766361,-36.792871 174.766565,-36.792987 174.766626,-36.793058 174.766636,-36.793162 174.766626,-36.793270 174.766584,-36.793373 174.766496,-36.793468 174.766208,-36.793653 174.765983,-36.793835 174.765953,-36.794026 174.766013,-36.794250 174.766101,-36.794365 174.766301,-36.794435 174.766788,-36.794461 174.766879,-36.794486 174.766921,-36.794523 174.766944,-36.794633 174.766953,-36.794917 174.766985,-36.795079 174.767040,-36.795219 174.767006,-36.795319 174.766885,-36.795442 174.766799,-36.795534 174.766708,-36.795594 174.766632,-36.795664 174.766570,-36.795791 174.766541,-36.795871 174.766468,-36.795976 174.766413,-36.796020 174.766315,-36.796032</coordinates></LineString></MultiGeometry></Placemark><Placemark><name>Unsworth Heights LINZ foot track 5</name><description>Sheet row 1047; LINZ t50_fid(s) 8467004,8466777,8467144</description><styleUrl>#c</styleUrl><MultiGeometry><LineString><tessellate>1</tessellate><coordinates>174.729276,-36.758102 174.729245,-36.758221 174.729176,-36.758281 174.729095,-36.758414 174.729055,-36.758514 174.729029,-36.758612 174.729035,-36.758648 174.729131,-36.758792 174.729195,-36.758877 174.729313,-36.759006 174.729388,-36.759066 174.729442,-36.759111 174.729536,-36.759155 174.729667,-36.759203 174.729865,-36.759257 174.730166,-36.759361 174.730413,-36.759473 174.730527,-36.759530 174.730575,-36.759579 174.730630,-36.759650 174.730664,-36.759720 174.730704,-36.759800 174.730730,-36.759840 174.730820,-36.759913 174.730960,-36.760010 174.731004,-36.760035 174.731080,-36.760030</coordinates></LineString><LineString><tessellate>1</tessellate><coordinates>174.728090,-36.760321 174.728149,-36.760258 174.728205,-36.760236 174.728193,-36.760213 174.728229,-36.760193 174.728365,-36.760130 174.728457,-36.760101 174.728613,-36.760063 174.728696,-36.760062 174.728952,-36.760054 174.729050,-36.760063 174.729131,-36.760085 174.729515,-36.760176 174.729684,-36.760217 174.729805,-36.760242 174.729893,-36.760243 174.729997,-36.760230 174.730165,-36.760192 174.730306,-36.760162 174.730465,-36.760146 174.730592,-36.760140 174.730895,-36.760136 174.731045,-36.760069 174.731080,-36.760030</coordinates></LineString><LineString><tessellate>1</tessellate><coordinates>174.731080,-36.760030 174.731207,-36.760007 174.731355,-36.759991 174.731525,-36.759977 174.731660,-36.759981 174.731793,-36.760001 174.731954,-36.760028 174.731994,-36.760033 174.732088,-36.760023 174.732189,-36.760025 174.732244,-36.759989 174.732303,-36.759980 174.732369,-36.759987 174.732421,-36.760015 174.732502,-36.760004</coordinates></LineString></MultiGeometry></Placemark><Placemark><name>Greenhithe LINZ foot track 2</name><description>Sheet row 1048; LINZ t50_fid(s) 8466368</description><styleUrl>#c</styleUrl><MultiGeometry><LineString><tessellate>1</tessellate><coordinates>174.679659,-36.762183 174.679665,-36.762262 174.679651,-36.762360 174.679664,-36.762412 174.679713,-36.762465 174.679852,-36.762556 174.679953,-36.762644 174.680187,-36.762784 174.680339,-36.762904 174.680514,-36.762989 174.680696,-36.763063 174.680801,-36.763128 174.680950,-36.763163 174.681211,-36.763208 174.681369,-36.763216 174.681945,-36.763208 174.682077,-36.763208 174.682197,-36.763220 174.682302,-36.763164 174.682410,-36.763131 174.682552,-36.763103 174.682638,-36.763098 174.682752,-36.763035 174.682850,-36.763004 174.682973,-36.762999 174.683057,-36.762957 174.683202,-36.762834 174.683362,-36.762743 174.683467,-36.762685 174.683512,-36.762674 174.683672,-36.762695 174.683868,-36.762683 174.684108,-36.762652 174.684298,-36.762612 174.684394,-36.762576 174.684446,-36.762525 174.684510,-36.762490 174.684602,-36.762472 174.684692,-36.762477 174.684779,-36.762451 174.684912,-36.762412 174.685001,-36.762435 174.685066,-36.762380 174.685221,-36.762254 174.685667,-36.762067 174.686154,-36.761862 174.686343,-36.761857 174.686405,-36.761843 174.686450,-36.761765</coordinates></LineString></MultiGeometry></Placemark><Placemark><name>Glenfield LINZ foot track 2</name><description>Sheet row 1049; LINZ t50_fid(s) 3584745,3593198,3593206,3593205</description><styleUrl>#c</styleUrl><MultiGeometry><LineString><tessellate>1</tessellate><coordinates>174.732748,-36.782550 174.732594,-36.782571 174.732495,-36.782662 174.732415,-36.782703 174.732131,-36.782798 174.732055,-36.782837 174.732031,-36.782872 174.732021,-36.782917 174.732038,-36.782966 174.732058,-36.783052 174.732125,-36.783068 174.732170,-36.783129 174.732232,-36.783278 174.732311,-36.783397 174.732400,-36.783468 174.732526,-36.783558 174.732632,-36.783586 174.732970,-36.783573 174.733195,-36.783549 174.733309,-36.783511 174.733442,-36.783507 174.733481,-36.783443 174.733487,-36.783372 174.733474,-36.783318 174.733421,-36.783210</coordinates></LineString><LineString><tessellate>1</tessellate><coordinates>174.735147,-36.784062 174.734920,-36.783880 174.734721,-36.783702 174.734635,-36.783659 174.734250,-36.783548 174.734160,-36.783498 174.734052,-36.783408 174.733965,-36.783323 174.733802,-36.783251 174.733674,-36.783242 174.733527,-36.783285 174.733421,-36.783210</coordinates></LineString><LineString><tessellate>1</tessellate><coordinates>174.733491,-36.781805 174.733061,-36.782146 174.733023,-36.782265 174.732987,-36.782284 174.732886,-36.782385 174.732769,-36.782462 174.732748,-36.782550</coordinates></LineString><LineString><tessellate>1</tessellate><coordinates>174.733421,-36.783210 174.733187,-36.783041 174.732931,-36.782801 174.732810,-36.782651 174.732748,-36.782550</coordinates></LineString></MultiGeometry></Placemark><Placemark><name>Hobsonville LINZ foot track 3</name><description>Sheet row 1050; LINZ t50_fid(s) 8520890</description><styleUrl>#c</styleUrl><MultiGeometry><LineString><tessellate>1</tessellate><coordinates>174.663756,-36.795432 174.663863,-36.795419 174.663986,-36.795408 174.664140,-36.795346 174.664462,-36.795341 174.664892,-36.795440 174.665112,-36.795596 174.665349,-36.795638 174.665432,-36.795706 174.665725,-36.795871 174.665798,-36.795924 174.665870,-36.796008 174.665960,-36.796150 174.666036,-36.796343 174.666047,-36.796420 174.666077,-36.796447 174.666146,-36.796428 174.666222,-36.796394 174.666287,-36.796332 174.666346,-36.796279 174.666427,-36.796295 174.666522,-36.796315 174.666589,-36.796328 174.666733,-36.796440 174.666983,-36.796569 174.667185,-36.796646 174.667582,-36.796737 174.667665,-36.796749 174.667788,-36.796747 174.667932,-36.796846 174.668036,-36.796889 174.668291,-36.796989 174.668447,-36.797007 174.668585,-36.797103 174.668708,-36.797242 174.668814,-36.797393 174.668932,-36.797498 174.669120,-36.797622 174.669169,-36.797666 174.669224,-36.797769 174.669321,-36.797822 174.669347,-36.797860 174.669348,-36.797892 174.669309,-36.797922 174.669267,-36.797937 174.669059,-36.798051 174.668965,-36.798046</coordinates></LineString></MultiGeometry></Placemark><Placemark><name>Birkenhead LINZ foot track 9</name><description>Sheet row 1051; LINZ t50_fid(s) 3584738,8520937,3593182,3593193,3593194</description><styleUrl>#c</styleUrl><MultiGeometry><LineString><tessellate>1</tessellate><coordinates>174.728616,-36.797216 174.728581,-36.797356 174.728514,-36.797530 174.728535,-36.797679 174.728827,-36.798028 174.728928,-36.798146 174.729026,-36.798287 174.729082,-36.798341 174.729211,-36.798435 174.729307,-36.798519</coordinates></LineString><LineString><tessellate>1</tessellate><coordinates>174.730737,-36.797078 174.730877,-36.797165 174.731195,-36.797396 174.731145,-36.797463 174.730643,-36.797866 174.730674,-36.797999 174.730570,-36.798468 174.730493,-36.798812</coordinates></LineString><LineString><tessellate>1</tessellate><coordinates>174.730493,-36.798812 174.729956,-36.798493 174.729880,-36.798467 174.729785,-36.798466 174.729715,-36.798478 174.729506,-36.798551 174.729434,-36.798562 174.729307,-36.798519</coordinates></LineString><LineString><tessellate>1</tessellate><coordinates>174.729307,-36.798519 174.729264,-36.798588 174.728952,-36.798902 174.728801,-36.799041</coordinates></LineString><LineString><tessellate>1</tessellate><coordinates>174.730682,-36.799362 174.730666,-36.799230 174.730618,-36.799043 174.730591,-36.798945 174.730544,-36.798863 174.730493,-36.798812</coordinates></LineString></MultiGeometry></Placemark><Placemark><name>Silverdale LINZ foot track 2</name><description>Sheet row 1052; LINZ t50_fid(s) 8493684</description><styleUrl>#c</styleUrl><MultiGeometry><LineString><tessellate>1</tessellate><coordinates>174.674714,-36.612064 174.674603,-36.611915 174.674573,-36.611859 174.674567,-36.611808 174.674607,-36.611766 174.674660,-36.611730 174.674942,-36.611655 174.675104,-36.611588 174.675294,-36.611457 174.675518,-36.611342 174.675602,-36.611258 174.675868,-36.610928 174.676023,-36.610735 174.676199,-36.610567 174.676307,-36.610481 174.676404,-36.610434 174.676537,-36.610383 174.676782,-36.610319 174.676852,-36.610274 174.676943,-36.610169 174.677016,-36.610072 174.677060,-36.609982 174.677074,-36.609917 174.677057,-36.609840 174.677042,-36.609714 174.676993,-36.609439 174.676997,-36.609332 174.677058,-36.609235 174.677143,-36.609139 174.677212,-36.609038 174.677292,-36.608908 174.677356,-36.608822 174.677545,-36.608597 174.677595,-36.608542 174.677620,-36.608485 174.677628,-36.608427 174.677613,-36.608370 174.677574,-36.608297 174.677503,-36.608209 174.677447,-36.608154 174.677400,-36.608129 174.677350,-36.608117 174.677029,-36.608118 174.676667,-36.608099</coordinates></LineString></MultiGeometry></Placemark><Placemark><name>Mairangi Bay LINZ foot track 2</name><description>Sheet row 1053; LINZ t50_fid(s) 3573889</description><styleUrl>#c</styleUrl><MultiGeometry><LineString><tessellate>1</tessellate><coordinates>174.753125,-36.732946 174.753297,-36.732929 174.753389,-36.732908 174.753513,-36.733105 174.753601,-36.733290 174.753637,-36.733490 174.753692,-36.733589 174.753865,-36.733825 174.754013,-36.734032 174.754094,-36.734192 174.754104,-36.734284 174.754200,-36.734403 174.754289,-36.734626 174.754275,-36.734745 174.754265,-36.734860 174.754256,-36.735003 174.754284,-36.735074 174.754386,-36.735140 174.754438,-36.735251 174.754498,-36.735316 174.754614,-36.735329 174.754674,-36.735375 174.754742,-36.735454 174.754754,-36.735572 174.754765,-36.735778 174.754741,-36.735838 174.754750,-36.735899 174.754786,-36.735948 174.755000,-36.736021 174.755067,-36.736048 174.755059,-36.736108 174.755005,-36.736159 174.755034,-36.736238 174.755248,-36.736468 174.755257,-36.736539 174.755230,-36.736613 174.755235,-36.736659 174.755289,-36.736718 174.755298,-36.736786 174.755240,-36.736863 174.755242,-36.736983 174.755273,-36.737082 174.755378,-36.737353 174.755386,-36.737413 174.755370,-36.737461 174.755321,-36.737493 174.755287,-36.737575</coordinates></LineString></MultiGeometry></Placemark><Placemark><name>Browns Bay LINZ foot track 2</name><description>Sheet row 1054; LINZ t50_fid(s) 8467146,8467145,8467147,8467148</description><styleUrl>#c</styleUrl><MultiGeometry><LineString><tessellate>1</tessellate><coordinates>174.738789,-36.723729 174.738746,-36.723568 174.738759,-36.723525 174.738852,-36.723421 174.738981,-36.723311 174.739063,-36.723190 174.739201,-36.723069 174.739563,-36.722799 174.739626,-36.722787 174.739694,-36.722800 174.739783,-36.722850 174.739916,-36.722947 174.740097,-36.722996 174.740144,-36.723023 174.740167,-36.723062 174.740167,-36.723092 174.740157,-36.723126 174.740116,-36.723163 174.740061,-36.723196 174.740008,-36.723195 174.739947,-36.723178 174.739865,-36.723170 174.739779,-36.723185 174.739674,-36.723262 174.739587,-36.723354 174.739451,-36.723501 174.739413,-36.723584 174.739373,-36.723611 174.739278,-36.723638 174.739080,-36.723694 174.739003,-36.723713 174.738918,-36.723711 174.738789,-36.723729</coordinates></LineString><LineString><tessellate>1</tessellate><coordinates>174.737599,-36.724111 174.737712,-36.724095 174.737913,-36.724103 174.738040,-36.724059 174.738525,-36.723935 174.738671,-36.723859 174.738747,-36.723787 174.738789,-36.723729</coordinates></LineString><LineString><tessellate>1</tessellate><coordinates>174.737599,-36.724111 174.737515,-36.724143 174.737361,-36.724234 174.737254,-36.724332</coordinates></LineString><LineString><tessellate>1</tessellate><coordinates>174.737312,-36.723459 174.737357,-36.723577 174.737382,-36.723596 174.737443,-36.723632 174.737454,-36.723658 174.737448,-36.723703 174.737415,-36.723806 174.737427,-36.723854 174.737464,-36.723908 174.737539,-36.723964 174.737599,-36.724111</coordinates></LineString></MultiGeometry></Placemark><Placemark><name>Unsworth Heights LINZ foot track 6</name><description>Sheet row 1055; LINZ t50_fid(s) 8466778</description><styleUrl>#c</styleUrl><MultiGeometry><LineString><tessellate>1</tessellate><coordinates>174.721507,-36.738688 174.721668,-36.738820 174.721808,-36.738871 174.721989,-36.738890 174.722309,-36.738897 174.722549,-36.738871 174.722723,-36.738824 174.723008,-36.738738 174.723174,-36.738702 174.723350,-36.738692 174.723568,-36.738711 174.723757,-36.738679 174.724010,-36.738608 174.724194,-36.738572 174.724309,-36.738563 174.724481,-36.738586 174.724634,-36.738602 174.724723,-36.738657 174.724856,-36.738782 174.724951,-36.738911 174.725052,-36.739099 174.725149,-36.739277 174.725363,-36.739538 174.725477,-36.739659 174.725599,-36.739743 174.725748,-36.739800 174.725917,-36.739876 174.726046,-36.739885 174.726180,-36.739872 174.726345,-36.739799 174.726845,-36.739804</coordinates></LineString></MultiGeometry></Placemark><Placemark><name>Greenhithe LINZ foot track 3</name><description>Sheet row 1056; LINZ t50_fid(s) 8466775</description><styleUrl>#c</styleUrl><MultiGeometry><LineString><tessellate>1</tessellate><coordinates>174.682575,-36.764177 174.682382,-36.763780 174.682288,-36.763726 174.682271,-36.763689 174.682320,-36.763657 174.682441,-36.763634 174.682546,-36.763643 174.682648,-36.763625 174.682753,-36.763592 174.682808,-36.763554 174.682872,-36.763498 174.682960,-36.763468 174.683066,-36.763492 174.683125,-36.763470 174.683242,-36.763395 174.683322,-36.763325 174.683417,-36.763270 174.683531,-36.763234 174.683776,-36.763178 174.683995,-36.763074 174.684079,-36.763031 174.684174,-36.763011 174.684279,-36.763004 174.684378,-36.763027 174.684451,-36.763036 174.684532,-36.762993 174.684635,-36.762888 174.684754,-36.762771 174.684800,-36.762708 174.684844,-36.762650 174.684933,-36.762632 174.685000,-36.762615 174.685095,-36.762613 174.685187,-36.762642 174.685215,-36.762637 174.685274,-36.762600 174.685346,-36.762523 174.685400,-36.762468 174.685521,-36.762407 174.685614,-36.762323 174.685678,-36.762279 174.685752,-36.762233 174.685867,-36.762179 174.685912,-36.762140 174.685938,-36.762080 174.685987,-36.762053 174.686099,-36.762024 174.686184,-36.761970 174.686231,-36.761957 174.686392,-36.761969 174.686528,-36.761979 174.686581,-36.761943 174.686658,-36.761904 174.686726,-36.761869 174.686751,-36.761777</coordinates></LineString></MultiGeometry></Placemark><Placemark><name>Gulf Harbour LINZ foot track 1</name><description>Sheet row 1057; LINZ t50_fid(s) 3584890,3585340,3593399</description><styleUrl>#c</styleUrl><MultiGeometry><LineString><tessellate>1</tessellate><coordinates>174.782957,-36.621537 174.782921,-36.621440 174.782928,-36.621294 174.782943,-36.621220 174.783002,-36.621140 174.783207,-36.620973 174.783321,-36.620850 174.783357,-36.620722 174.783368,-36.620560 174.783403,-36.620393 174.783426,-36.620308 174.783491,-36.620245 174.783739,-36.620227 174.784029,-36.620132</coordinates></LineString><LineString><tessellate>1</tessellate><coordinates>174.784029,-36.620132 174.784328,-36.620178 174.784582,-36.620154 174.784788,-36.620196 174.784973,-36.620138 174.785181,-36.620124 174.785568,-36.619948 174.785691,-36.619934 174.785701,-36.619933</coordinates></LineString><LineString><tessellate>1</tessellate><coordinates>174.784349,-36.619013 174.784338,-36.619175 174.784376,-36.619286 174.784337,-36.619477 174.784335,-36.619667 174.784213,-36.619784 174.784067,-36.619911 174.784029,-36.620132</coordinates></LineString></MultiGeometry></Placemark><Placemark><name>Silverdale LINZ foot track 3</name><description>Sheet row 1058; LINZ t50_fid(s) 8493685</description><styleUrl>#c</styleUrl><MultiGeometry><LineString><tessellate>1</tessellate><coordinates>174.663780,-36.601445 174.663636,-36.601390 174.663572,-36.601346 174.663543,-36.601304 174.663505,-36.601182 174.663467,-36.601057 174.663457,-36.600973 174.663468,-36.600903 174.663494,-36.600828 174.663538,-36.600766 174.663629,-36.600694 174.663726,-36.600608 174.663791,-36.600519 174.663946,-36.600269 174.664035,-36.600112 174.664026,-36.599995 174.663999,-36.599871 174.663953,-36.599762 174.663832,-36.599629 174.663617,-36.599384 174.663534,-36.599271 174.663397,-36.599190 174.663210,-36.599128 174.663131,-36.599057 174.663077,-36.598948 174.663029,-36.598897 174.662927,-36.598881 174.662800,-36.598888 174.662612,-36.598910 174.662495,-36.598908 174.662359,-36.598906 174.662140,-36.598892 174.662038,-36.598908 174.661968,-36.598949 174.661948,-36.599019 174.661948,-36.599089 174.661621,-36.599291</coordinates></LineString></MultiGeometry></Placemark><Placemark><name>Browns Bay LINZ foot track 3</name><description>Sheet row 1059; LINZ t50_fid(s) 3554678</description><styleUrl>#c</styleUrl><MultiGeometry><LineString><tessellate>1</tessellate><coordinates>174.739126,-36.719634 174.739251,-36.719681 174.739471,-36.719678 174.739647,-36.719648 174.740096,-36.719608 174.740531,-36.719560 174.740604,-36.719581 174.741859,-36.719444 174.742451,-36.719379 174.742926,-36.719327 174.742941,-36.719326 174.743224,-36.719318 174.743580,-36.719295 174.743854,-36.719265 174.743909,-36.719265 174.744218,-36.719246 174.744345,-36.719314</coordinates></LineString></MultiGeometry></Placemark><Placemark><name>Unsworth Heights LINZ foot track 7</name><description>Sheet row 1060; LINZ t50_fid(s) 8466779</description><styleUrl>#c</styleUrl><MultiGeometry><LineString><tessellate>1</tessellate><coordinates>174.722375,-36.738029 174.722493,-36.738097 174.722669,-36.738145 174.722889,-36.738214 174.722994,-36.738218 174.723153,-36.738219 174.723298,-36.738223 174.723549,-36.738157 174.724041,-36.738078 174.724381,-36.738034 174.724762,-36.737975 174.724899,-36.737928 174.725016,-36.737857 174.725107,-36.737805 174.725204,-36.737792 174.725293,-36.737827 174.725361,-36.737861 174.725380,-36.737900 174.725386,-36.737975 174.725442,-36.738001 174.725516,-36.737997 174.725582,-36.737963 174.725696,-36.737889 174.725799,-36.737870 174.725941,-36.737919 174.726023,-36.737926 174.726674,-36.737977 174.726728,-36.737896 174.726921,-36.737903</coordinates></LineString></MultiGeometry></Placemark><Placemark><name>Mairangi Bay LINZ foot track 3</name><description>Sheet row 1061; LINZ t50_fid(s) 3593262,3593251,3593259,3593261</description><styleUrl>#c</styleUrl><MultiGeometry><LineString><tessellate>1</tessellate><coordinates>174.742754,-36.728683 174.742972,-36.728572 174.743579,-36.728281</coordinates></LineString><LineString><tessellate>1</tessellate><coordinates>174.743601,-36.730169 174.743165,-36.729441 174.742754,-36.728683</coordinates></LineString><LineString><tessellate>1</tessellate><coordinates>174.742586,-36.728363 174.742180,-36.727629</coordinates></LineString><LineString><tessellate>1</tessellate><coordinates>174.742754,-36.728683 174.742627,-36.728430 174.742586,-36.728363</coordinates></LineString></MultiGeometry></Placemark><Placemark><name>Greenhithe LINZ foot track 4</name><description>Sheet row 1062; LINZ t50_fid(s) 8466776</description><styleUrl>#c</styleUrl><MultiGeometry><LineString><tessellate>1</tessellate><coordinates>174.685609,-36.764506 174.685660,-36.764505 174.685714,-36.764424 174.685879,-36.764287 174.686048,-36.764102 174.686174,-36.764020 174.686241,-36.763967 174.686304,-36.763869 174.686349,-36.763788 174.686392,-36.763780 174.686445,-36.763782 174.686600,-36.763794 174.686649,-36.763759 174.686738,-36.763735 174.686850,-36.763731 174.686944,-36.763740 174.687055,-36.763769 174.687266,-36.763852 174.687448,-36.763869 174.687534,-36.763876 174.687658,-36.763885 174.687816,-36.763883 174.688015,-36.763926 174.688139,-36.763935 174.688278,-36.763933 174.688386,-36.763966 174.688473,-36.764014 174.688590,-36.764101 174.688618,-36.764154 174.688656,-36.764281 174.688708,-36.764336 174.688733,-36.764381 174.688713,-36.764453 174.688692,-36.764464 174.688628,-36.764478 174.688623,-36.764508 174.688662,-36.764594</coordinates></LineString></MultiGeometry></Placemark><Placemark><name>Albany LINZ foot track 4</name><description>Sheet row 1063; LINZ t50_fid(s) 8467005</description><styleUrl>#c</styleUrl><MultiGeometry><LineString><tessellate>1</tessellate><coordinates>174.713175,-36.729643 174.713378,-36.729463 174.713387,-36.729408 174.713373,-36.729362 174.713361,-36.729285 174.713380,-36.729211 174.713529,-36.728987 174.713650,-36.728816 174.713776,-36.728664 174.713991,-36.728484 174.714280,-36.728262 174.714949,-36.727782 174.715243,-36.727572 174.715396,-36.727462 174.715463,-36.727414 174.715560,-36.727369 174.715732,-36.727303 174.715931,-36.727289</coordinates></LineString></MultiGeometry></Placemark><Placemark><name>Albany LINZ foot track 5</name><description>Sheet row 1064; LINZ t50_fid(s) 8467008</description><styleUrl>#c</styleUrl><MultiGeometry><LineString><tessellate>1</tessellate><coordinates>174.711557,-36.713552 174.711726,-36.713700 174.711856,-36.713784 174.712131,-36.713986 174.712239,-36.714041 174.712301,-36.714044 174.712420,-36.714069 174.712487,-36.714077 174.712543,-36.714077 174.712662,-36.714056 174.712844,-36.714049 174.712901,-36.714018 174.713003,-36.713930 174.713121,-36.713883 174.713155,-36.713892 174.713224,-36.713945 174.713261,-36.713998 174.713312,-36.714036 174.713373,-36.714074 174.713503,-36.714131 174.713548,-36.714187 174.713632,-36.714255 174.713671,-36.714363 174.713728,-36.714417 174.713806,-36.714476 174.713841,-36.714536 174.713858,-36.714567 174.713933,-36.714704 174.713981,-36.714744 174.714003,-36.714769 174.714012,-36.714798 174.713969,-36.714899 174.713983,-36.714954 174.714019,-36.715013 174.714322,-36.714949 174.714491,-36.714935</coordinates></LineString></MultiGeometry></Placemark><Placemark><name>Red Beach LINZ foot track 3</name><description>Sheet row 1065; LINZ t50_fid(s) 3593391,3593392,3593393</description><styleUrl>#c</styleUrl><MultiGeometry><LineString><tessellate>1</tessellate><coordinates>174.707261,-36.606332 174.707292,-36.606325 174.708436,-36.606076</coordinates></LineString><LineString><tessellate>1</tessellate><coordinates>174.708436,-36.606076 174.708391,-36.606307 174.708698,-36.606525 174.708882,-36.606619 174.709107,-36.606508 174.709219,-36.606503</coordinates></LineString><LineString><tessellate>1</tessellate><coordinates>174.708436,-36.606076 174.708696,-36.605678 174.709306,-36.605454 174.709347,-36.605439</coordinates></LineString></MultiGeometry></Placemark><Placemark><name>Browns Bay LINZ foot track 4</name><description>Sheet row 1066; LINZ t50_fid(s) 3573894</description><styleUrl>#c</styleUrl><MultiGeometry><LineString><tessellate>1</tessellate><coordinates>174.750921,-36.721144 174.750972,-36.721131 174.751069,-36.721083 174.751121,-36.721011 174.751171,-36.720979 174.751358,-36.720775 174.751492,-36.720579 174.751471,-36.720429 174.751316,-36.720029 174.751226,-36.719845 174.751193,-36.719545 174.751137,-36.719155 174.750965,-36.718926 174.750529,-36.718731</coordinates></LineString></MultiGeometry></Placemark><Placemark><name>Red Beach LINZ foot track 4</name><description>Sheet row 1067; LINZ t50_fid(s) 3593385,3584881,3593384</description><styleUrl>#c</styleUrl><MultiGeometry><LineString><tessellate>1</tessellate><coordinates>174.722133,-36.617940 174.722194,-36.617650 174.721931,-36.617370 174.721661,-36.617140 174.721584,-36.617036</coordinates></LineString><LineString><tessellate>1</tessellate><coordinates>174.721796,-36.619105 174.721988,-36.618682 174.722133,-36.617940</coordinates></LineString><LineString><tessellate>1</tessellate><coordinates>174.722818,-36.617972 174.722668,-36.617976 174.722133,-36.617940</coordinates></LineString></MultiGeometry></Placemark><Placemark><name>Northcote LINZ foot track 6</name><description>Sheet row 1068; LINZ t50_fid(s) 8520939</description><styleUrl>#c</styleUrl><MultiGeometry><LineString><tessellate>1</tessellate><coordinates>174.740556,-36.794590 174.740637,-36.794646 174.740699,-36.794668 174.740850,-36.794830 174.740918,-36.794880 174.740991,-36.794920 174.741064,-36.794938 174.741138,-36.794941 174.741218,-36.794941 174.741341,-36.794927 174.741438,-36.794959 174.741476,-36.795054 174.741514,-36.795114 174.741567,-36.795135 174.741628,-36.795140 174.741761,-36.795132 174.741845,-36.795175 174.741968,-36.795255 174.742103,-36.795329 174.742274,-36.795378 174.742409,-36.795439 174.742478,-36.795510 174.742553,-36.795628 174.742629,-36.795693 174.742768,-36.795766 174.742989,-36.795930</coordinates></LineString></MultiGeometry></Placemark><Placemark><name>Stanmore Bay LINZ foot track 4</name><description>Sheet row 1069; LINZ t50_fid(s) 8467010</description><styleUrl>#c</styleUrl><MultiGeometry><LineString><tessellate>1</tessellate><coordinates>174.741656,-36.643651 174.741801,-36.643716 174.741900,-36.643740 174.741976,-36.643749 174.742064,-36.643732 174.742348,-36.643654 174.742562,-36.643620 174.742913,-36.643595 174.743160,-36.643563 174.743374,-36.643516 174.743491,-36.643489 174.743667,-36.643453 174.743833,-36.643374 174.744016,-36.643323 174.744050,-36.643310 174.744088,-36.643274 174.744204,-36.643086 174.744325,-36.642979 174.744315,-36.642921</coordinates></LineString></MultiGeometry></Placemark><Placemark><name>Long Bay LINZ foot track 3</name><description>Sheet row 1070; LINZ t50_fid(s) 8520942</description><styleUrl>#c</styleUrl><MultiGeometry><LineString><tessellate>1</tessellate><coordinates>174.735729,-36.683227 174.736029,-36.683204 174.736530,-36.683176 174.736705,-36.683138 174.736879,-36.683199 174.736920,-36.683064 174.736955,-36.683053 174.737100,-36.683114 174.737126,-36.682982 174.737155,-36.682975 174.737281,-36.683029 174.737304,-36.683021 174.737329,-36.682906 174.737353,-36.682896 174.737482,-36.682952 174.737505,-36.682942 174.737529,-36.682821 174.737563,-36.682814 174.737697,-36.682871 174.737719,-36.682823 174.738067,-36.682694</coordinates></LineString></MultiGeometry></Placemark><Placemark><name>Milford LINZ foot track 1</name><description>Sheet row 1071; LINZ t50_fid(s) 3584775</description><styleUrl>#c</styleUrl><MultiGeometry><LineString><tessellate>1</tessellate><coordinates>174.773915,-36.772501 174.773981,-36.772422 174.773986,-36.772377 174.773961,-36.772329 174.773888,-36.772247 174.773211,-36.771424 174.772789,-36.770922 174.772525,-36.770657 174.772400,-36.770845</coordinates></LineString></MultiGeometry></Placemark><Placemark><name>Browns Bay LINZ foot track 5</name><description>Sheet row 1072; LINZ t50_fid(s) 3584795</description><styleUrl>#c</styleUrl><MultiGeometry><LineString><tessellate>1</tessellate><coordinates>174.751497,-36.704304 174.751309,-36.704429 174.750935,-36.704690 174.750574,-36.704960 174.749038,-36.705172 174.748808,-36.705195</coordinates></LineString></MultiGeometry></Placemark><Placemark><name>Browns Bay LINZ foot track 6</name><description>Sheet row 1073; LINZ t50_fid(s) 3593276,3593273,3593265</description><styleUrl>#c</styleUrl><MultiGeometry><LineString><tessellate>1</tessellate><coordinates>174.749016,-36.706267 174.748920,-36.706267 174.748741,-36.706262 174.748660,-36.706254 174.748609,-36.706214 174.748566,-36.706144 174.748542,-36.705932 174.748500,-36.705752</coordinates></LineString><LineString><tessellate>1</tessellate><coordinates>174.749016,-36.706267 174.748915,-36.706478 174.748813,-36.706619 174.748553,-36.706809</coordinates></LineString><LineString><tessellate>1</tessellate><coordinates>174.750106,-36.706269 174.749016,-36.706267</coordinates></LineString></MultiGeometry></Placemark><Placemark><name>Crocodile Island LINZ foot track 6</name><description>Sheet row 1074; LINZ t50_fid(s) 7646320</description><styleUrl>#c</styleUrl><MultiGeometry><LineString><tessellate>1</tessellate><coordinates>174.671412,-36.596558 174.671652,-36.596575 174.671926,-36.596603 174.672038,-36.596675 174.672230,-36.596845 174.672741,-36.596964 174.672932,-36.597051 174.673000,-36.597202 174.673165,-36.597594 174.673427,-36.597904</coordinates></LineString></MultiGeometry></Placemark><Placemark><name>Milford LINZ foot track 2</name><description>Sheet row 1075; LINZ t50_fid(s) 3584756</description><styleUrl>#c</styleUrl><MultiGeometry><LineString><tessellate>1</tessellate><coordinates>174.762928,-36.763561 174.764827,-36.764979 174.764966,-36.765086</coordinates></LineString></MultiGeometry></Placemark><Placemark><name>Browns Bay LINZ foot track 7</name><description>Sheet row 1076; LINZ t50_fid(s) 3584796</description><styleUrl>#c</styleUrl><MultiGeometry><LineString><tessellate>1</tessellate><coordinates>174.749205,-36.701225 174.749514,-36.701290 174.749695,-36.701365 174.749780,-36.701436 174.749871,-36.701490 174.750092,-36.701562 174.750244,-36.701638 174.750395,-36.701792 174.750509,-36.701909 174.750755,-36.702085 174.750925,-36.702118 174.751539,-36.702121</coordinates></LineString></MultiGeometry></Placemark><Placemark><name>Hibiscus Coast / Ōrewa LINZ foot track 2</name><description>Sheet row 1077; LINZ t50_fid(s) 8493883</description><styleUrl>#c</styleUrl><MultiGeometry><LineString><tessellate>1</tessellate><coordinates>174.696173,-36.606660 174.696109,-36.606545 174.695994,-36.606365 174.695952,-36.606260 174.695937,-36.606185 174.695951,-36.606109 174.695985,-36.606049 174.696053,-36.605995 174.696122,-36.605933 174.696143,-36.605890 174.696142,-36.605851 174.696139,-36.605812 174.696173,-36.605735 174.696233,-36.605679 174.696297,-36.605637 174.696384,-36.605603 174.696453,-36.605599 174.696521,-36.605607 174.696577,-36.605633 174.696724,-36.605763 174.696807,-36.605852 174.696855,-36.605925 174.696901,-36.605997 174.697000,-36.606069 174.697054,-36.606100 174.697132,-36.606135 174.697178,-36.606221</coordinates></LineString></MultiGeometry></Placemark><Placemark><name>Milford LINZ foot track 3</name><description>Sheet row 1078; LINZ t50_fid(s) 3584744</description><styleUrl>#c</styleUrl><MultiGeometry><LineString><tessellate>1</tessellate><coordinates>174.759307,-36.781645 174.759584,-36.781665 174.759998,-36.781703 174.760252,-36.781887 174.760373,-36.782092 174.760455,-36.782272 174.760450,-36.782375 174.760344,-36.782531 174.759894,-36.782775 174.759750,-36.782854</coordinates></LineString></MultiGeometry></Placemark><Placemark><name>Red Beach LINZ foot track 5</name><description>Sheet row 1079; LINZ t50_fid(s) 8494002</description><styleUrl>#c</styleUrl><MultiGeometry><LineString><tessellate>1</tessellate><coordinates>174.697724,-36.604241 174.697798,-36.604222 174.698290,-36.604174 174.698321,-36.604182 174.698345,-36.604192 174.698445,-36.604249 174.698481,-36.604264 174.698530,-36.604272 174.698583,-36.604267 174.698837,-36.604229 174.698870,-36.604231 174.699315,-36.604396 174.699400,-36.604456 174.699462,-36.604503 174.699486,-36.604542 174.699501,-36.604578 174.699503,-36.604615 174.699498,-36.604663 174.699430,-36.604731 174.699452,-36.604818 174.699470,-36.604954 174.699487,-36.605060</coordinates></LineString></MultiGeometry></Placemark><Placemark><name>Milford LINZ foot track 4</name><description>Sheet row 1080; LINZ t50_fid(s) 3584776,3593245</description><styleUrl>#c</styleUrl><MultiGeometry><LineString><tessellate>1</tessellate><coordinates>174.767752,-36.760353 174.767571,-36.760289 174.767468,-36.760301 174.767186,-36.760247 174.767038,-36.760592 174.766563,-36.761185</coordinates></LineString><LineString><tessellate>1</tessellate><coordinates>174.766638,-36.759981 174.766804,-36.760163 174.767186,-36.760247</coordinates></LineString></MultiGeometry></Placemark><Placemark><name>Red Beach LINZ foot track 6</name><description>Sheet row 1081; LINZ t50_fid(s) 7646324</description><styleUrl>#c</styleUrl><MultiGeometry><LineString><tessellate>1</tessellate><coordinates>174.717809,-36.615736 174.717765,-36.615863 174.717531,-36.616524 174.717508,-36.616643 174.717480,-36.616684 174.717225,-36.616876 174.717186,-36.616974 174.717104,-36.617032 174.716418,-36.617332</coordinates></LineString></MultiGeometry></Placemark><Placemark><name>Milford LINZ foot track 5</name><description>Sheet row 1082; LINZ t50_fid(s) 3584755</description><styleUrl>#c</styleUrl><MultiGeometry><LineString><tessellate>1</tessellate><coordinates>174.750225,-36.766845 174.750495,-36.766767 174.750589,-36.766722 174.750690,-36.766673 174.750850,-36.766542 174.750942,-36.766439 174.751041,-36.766295 174.751113,-36.766142 174.751175,-36.765883 174.751206,-36.765727 174.751276,-36.765547 174.751255,-36.765286 174.751212,-36.765129</coordinates></LineString></MultiGeometry></Placemark><Placemark><name>Browns Bay LINZ foot track 8</name><description>Sheet row 1083; LINZ t50_fid(s) 3584791</description><styleUrl>#c</styleUrl><MultiGeometry><LineString><tessellate>1</tessellate><coordinates>174.733160,-36.719399 174.732776,-36.719136 174.732501,-36.719384 174.732341,-36.719513 174.732227,-36.719561 174.732110,-36.719586 174.732000,-36.719577 174.731826,-36.719531 174.731621,-36.719526 174.731293,-36.719596 174.730984,-36.719601</coordinates></LineString></MultiGeometry></Placemark><Placemark><name>Glenfield LINZ foot track 3</name><description>Sheet row 1084; LINZ t50_fid(s) 3584740</description><styleUrl>#c</styleUrl><MultiGeometry><LineString><tessellate>1</tessellate><coordinates>174.711901,-36.785061 174.711902,-36.784875 174.711866,-36.784810 174.711780,-36.784654 174.711389,-36.784223 174.710942,-36.783914 174.710717,-36.783694 174.710658,-36.783529 174.710737,-36.783390</coordinates></LineString></MultiGeometry></Placemark><Placemark><name>Glenfield LINZ foot track 4</name><description>Sheet row 1085; LINZ t50_fid(s) 3584736</description><styleUrl>#c</styleUrl><MultiGeometry><LineString><tessellate>1</tessellate><coordinates>174.722356,-36.790971 174.722364,-36.790965 174.723064,-36.790405 174.723448,-36.790222 174.723560,-36.790150 174.723739,-36.790077 174.724153,-36.790048 174.724270,-36.790011 174.724384,-36.789901</coordinates></LineString></MultiGeometry></Placemark><Placemark><name>Albany LINZ foot track 6</name><description>Sheet row 1086; LINZ t50_fid(s) 8467006</description><styleUrl>#c</styleUrl><MultiGeometry><LineString><tessellate>1</tessellate><coordinates>174.710554,-36.741676 174.710273,-36.740542 174.710067,-36.739717</coordinates></LineString></MultiGeometry></Placemark><Placemark><name>Browns Bay LINZ foot track 9</name><description>Sheet row 1087; LINZ t50_fid(s) 3584789</description><styleUrl>#c</styleUrl><MultiGeometry><LineString><tessellate>1</tessellate><coordinates>174.728955,-36.720588 174.728641,-36.720612 174.728594,-36.720611 174.728558,-36.720578 174.728494,-36.720522 174.728388,-36.720444 174.728268,-36.720329 174.728154,-36.720246 174.728089,-36.720177 174.727968,-36.720093 174.727881,-36.720013 174.727792,-36.719936 174.727685,-36.719844 174.727662,-36.719835 174.727613,-36.719832 174.727504,-36.719853 174.727392,-36.719870 174.727236,-36.719890 174.727149,-36.719896 174.727066,-36.719890 174.727020,-36.719885 174.727001,-36.719880 174.726969,-36.719824</coordinates></LineString></MultiGeometry></Placemark><Placemark><name>Glenfield LINZ foot track 5</name><description>Sheet row 1088; LINZ t50_fid(s) 3584741</description><styleUrl>#c</styleUrl><MultiGeometry><LineString><tessellate>1</tessellate><coordinates>174.725665,-36.777644 174.726232,-36.777427 174.727099,-36.777276 174.727514,-36.776773</coordinates></LineString></MultiGeometry></Placemark><Placemark><name>Mairangi Bay LINZ foot track 4</name><description>Sheet row 1089; LINZ t50_fid(s) 3593250</description><styleUrl>#c</styleUrl><MultiGeometry><LineString><tessellate>1</tessellate><coordinates>174.755912,-36.738625 174.755993,-36.738732 174.756020,-36.738824 174.756082,-36.738905 174.756087,-36.739105 174.756164,-36.739164 174.756186,-36.739229 174.756230,-36.739297 174.756368,-36.739410 174.756463,-36.739436 174.756622,-36.739448 174.756744,-36.739464 174.756799,-36.739502 174.756791,-36.739540 174.756754,-36.739585 174.756681,-36.739648 174.756544,-36.739740 174.756417,-36.739935</coordinates></LineString></MultiGeometry></Placemark><Placemark><name>Browns Bay LINZ foot track 10</name><description>Sheet row 1090; LINZ t50_fid(s) 3584797</description><styleUrl>#c</styleUrl><MultiGeometry><LineString><tessellate>1</tessellate><coordinates>174.749908,-36.699812 174.750624,-36.700133 174.751338,-36.700488 174.751869,-36.700658</coordinates></LineString></MultiGeometry></Placemark><Placemark><name>West Harbour LINZ foot track 1</name><description>Sheet row 1091; LINZ t50_fid(s) 8520986</description><styleUrl>#c</styleUrl><MultiGeometry><LineString><tessellate>1</tessellate><coordinates>174.619707,-36.787587 174.619834,-36.787549 174.619927,-36.787518 174.620018,-36.787487 174.620142,-36.787450 174.620360,-36.787385 174.620554,-36.787327 174.620666,-36.787295 174.620701,-36.787282 174.620721,-36.787272 174.620734,-36.787266 174.620763,-36.787246 174.620825,-36.787202 174.620936,-36.787117 174.620990,-36.787071 174.621036,-36.787026 174.621069,-36.786994 174.621098,-36.786960 174.621114,-36.786913 174.621126,-36.786866 174.621112,-36.786777 174.621108,-36.786733 174.621108,-36.786688 174.621114,-36.786621 174.621113,-36.786553 174.621108,-36.786512</coordinates></LineString></MultiGeometry></Placemark><Placemark><name>Unsworth Heights LINZ foot track 8</name><description>Sheet row 1092; LINZ t50_fid(s) 8467002</description><styleUrl>#c</styleUrl><MultiGeometry><LineString><tessellate>1</tessellate><coordinates>174.722902,-36.766963 174.723136,-36.766967 174.723453,-36.766953 174.723497,-36.766953 174.723536,-36.766966 174.723576,-36.766997 174.723606,-36.767035 174.723663,-36.767095 174.723846,-36.767205 174.723956,-36.767284 174.724007,-36.767305 174.724119,-36.767328 174.724244,-36.767342 174.724401,-36.767360 174.724467,-36.767372 174.724572,-36.767401 174.724731,-36.767418 174.724890,-36.767443</coordinates></LineString></MultiGeometry></Placemark><Placemark><name>Mairangi Bay LINZ foot track 5</name><description>Sheet row 1093; LINZ t50_fid(s) 100053423</description><styleUrl>#c</styleUrl><MultiGeometry><LineString><tessellate>1</tessellate><coordinates>174.746536,-36.738605 174.746625,-36.738649 174.746767,-36.738617 174.747010,-36.738996 174.747257,-36.739388 174.747669,-36.739973</coordinates></LineString></MultiGeometry></Placemark><Placemark><name>Stanmore Bay LINZ foot track 5</name><description>Sheet row 1094; LINZ t50_fid(s) 3593397</description><styleUrl>#c</styleUrl><MultiGeometry><LineString><tessellate>1</tessellate><coordinates>174.765348,-36.628777 174.765909,-36.629299 174.765727,-36.629424 174.766441,-36.630043</coordinates></LineString></MultiGeometry></Placemark><Placemark><name>Glenfield LINZ foot track 6</name><description>Sheet row 1095; LINZ t50_fid(s) 8520936</description><styleUrl>#c</styleUrl><MultiGeometry><LineString><tessellate>1</tessellate><coordinates>174.717087,-36.790711 174.717271,-36.791232 174.717319,-36.791311 174.717421,-36.791301 174.717764,-36.792272</coordinates></LineString></MultiGeometry></Placemark><Placemark><name>Unsworth Heights LINZ foot track 9</name><description>Sheet row 1096; LINZ t50_fid(s) 8467003</description><styleUrl>#c</styleUrl><MultiGeometry><LineString><tessellate>1</tessellate><coordinates>174.717584,-36.754395 174.717569,-36.754409 174.717567,-36.754420 174.717569,-36.754431 174.717589,-36.754440 174.717611,-36.754447 174.717645,-36.754456 174.717664,-36.754466 174.717685,-36.754479 174.717697,-36.754492 174.717703,-36.754504 174.717709,-36.754519 174.717718,-36.754531 174.717732,-36.754539 174.717755,-36.754550 174.717783,-36.754560 174.717824,-36.754573 174.717844,-36.754582 174.717857,-36.754594 174.717870,-36.754610 174.717880,-36.754631 174.717890,-36.754656 174.717897,-36.754694 174.717901,-36.754725 174.717908,-36.754750 174.717919,-36.754770 174.717931,-36.754788 174.717947,-36.754806 174.717996,-36.754851 174.718083,-36.754926 174.718173,-36.755010 174.718204,-36.755037 174.718212,-36.755047 174.718238,-36.755102 174.718254,-36.755133 174.718265,-36.755149 174.718279,-36.755163 174.718306,-36.755194 174.718333,-36.755225 174.718351,-36.755249 174.718382,-36.755298 174.718420,-36.755363 174.718446,-36.755421 174.718462,-36.755463 174.718484,-36.755500 174.718498,-36.755521 174.718518,-36.755546 174.718550,-36.755591 174.718560,-36.755606 174.718566,-36.755623 174.718575,-36.755663 174.718620,-36.755759</coordinates></LineString></MultiGeometry></Placemark><Placemark><name>Bayview LINZ foot track 1</name><description>Sheet row 1097; LINZ t50_fid(s) 3584747</description><styleUrl>#c</styleUrl><MultiGeometry><LineString><tessellate>1</tessellate><coordinates>174.714571,-36.774063 174.714456,-36.773972 174.714188,-36.773729 174.714055,-36.773643 174.713691,-36.773488 174.713696,-36.773427 174.713285,-36.773246 174.713045,-36.773131</coordinates></LineString></MultiGeometry></Placemark><Placemark><name>Bayview LINZ foot track 2</name><description>Sheet row 1098; LINZ t50_fid(s) 8467143</description><styleUrl>#c</styleUrl><MultiGeometry><LineString><tessellate>1</tessellate><coordinates>174.716531,-36.774600 174.716500,-36.774326 174.716383,-36.773439 174.716356,-36.773366 174.716320,-36.773330 174.716214,-36.773276 174.716134,-36.773234 174.716048,-36.773215 174.716003,-36.773231</coordinates></LineString></MultiGeometry></Placemark><Placemark><name>Unsworth Heights LINZ foot track 10</name><description>Sheet row 1099; LINZ t50_fid(s) 3593211,3593213,3593212</description><styleUrl>#c</styleUrl><MultiGeometry><LineString><tessellate>1</tessellate><coordinates>174.729980,-36.761986 174.729837,-36.761878 174.729360,-36.761682 174.729344,-36.761612</coordinates></LineString><LineString><tessellate>1</tessellate><coordinates>174.730400,-36.761805 174.730213,-36.761851 174.730122,-36.761835 174.729980,-36.761986</coordinates></LineString><LineString><tessellate>1</tessellate><coordinates>174.729980,-36.761986 174.729914,-36.762478</coordinates></LineString></MultiGeometry></Placemark><Placemark><name>Mairangi Bay LINZ foot track 6</name><description>Sheet row 1100; LINZ t50_fid(s) 100053422</description><styleUrl>#c</styleUrl><MultiGeometry><LineString><tessellate>1</tessellate><coordinates>174.747341,-36.752706 174.747560,-36.752750 174.747723,-36.752726 174.748371,-36.752692 174.748688,-36.752399 174.748937,-36.752129</coordinates></LineString></MultiGeometry></Placemark><Placemark><name>Red Beach LINZ foot track 7</name><description>Sheet row 1101; LINZ t50_fid(s) 8494001</description><styleUrl>#c</styleUrl><MultiGeometry><LineString><tessellate>1</tessellate><coordinates>174.703974,-36.606613 174.703978,-36.606774 174.703973,-36.606836 174.703922,-36.606889 174.703756,-36.607068 174.703641,-36.607189 174.703552,-36.607246 174.703285,-36.607373 174.703165,-36.607450 174.703132,-36.607484 174.703081,-36.607549 174.703011,-36.607659 174.702918,-36.607815</coordinates></LineString></MultiGeometry></Placemark><Placemark><name>Albany LINZ foot track 7</name><description>Sheet row 1102; LINZ t50_fid(s) 3593247</description><styleUrl>#c</styleUrl><MultiGeometry><LineString><tessellate>1</tessellate><coordinates>174.722792,-36.727095 174.723010,-36.727121 174.723309,-36.727095 174.723483,-36.727049 174.723800,-36.726897 174.724172,-36.726682 174.724456,-36.726467</coordinates></LineString></MultiGeometry></Placemark><Placemark><name>Mairangi Bay LINZ foot track 7</name><description>Sheet row 1103; LINZ t50_fid(s) 8521020</description><styleUrl>#c</styleUrl><MultiGeometry><LineString><tessellate>1</tessellate><coordinates>174.739848,-36.751287 174.739972,-36.751281 174.740078,-36.751272 174.740793,-36.751345 174.740802,-36.751334 174.740548,-36.750708 174.740540,-36.750635</coordinates></LineString></MultiGeometry></Placemark><Placemark><name>Mairangi Bay LINZ foot track 8</name><description>Sheet row 1104; LINZ t50_fid(s) 3584787</description><styleUrl>#c</styleUrl><MultiGeometry><LineString><tessellate>1</tessellate><coordinates>174.753191,-36.741609 174.753724,-36.742271 174.754028,-36.742935</coordinates></LineString></MultiGeometry></Placemark><Placemark><name>Browns Bay LINZ foot track 11</name><description>Sheet row 1105; LINZ t50_fid(s) 3584794</description><styleUrl>#c</styleUrl><MultiGeometry><LineString><tessellate>1</tessellate><coordinates>174.743813,-36.709864 174.743909,-36.710024 174.744113,-36.710050 174.744261,-36.710042 174.744427,-36.710059 174.745076,-36.710138 174.745367,-36.710180 174.745514,-36.710234</coordinates></LineString></MultiGeometry></Placemark><Placemark><name>Ōrewa LINZ foot track 5</name><description>Sheet row 1106; LINZ t50_fid(s) 3584886</description><styleUrl>#c</styleUrl><MultiGeometry><LineString><tessellate>1</tessellate><coordinates>174.687134,-36.570781 174.687053,-36.571052 174.687510,-36.571501 174.687636,-36.571702 174.687709,-36.572087 174.687711,-36.572095</coordinates></LineString></MultiGeometry></Placemark><Placemark><name>Glenfield LINZ foot track 7</name><description>Sheet row 1107; LINZ t50_fid(s) 3584748</description><styleUrl>#c</styleUrl><MultiGeometry><LineString><tessellate>1</tessellate><coordinates>174.724618,-36.770555 174.724564,-36.770558 174.724156,-36.770308 174.724113,-36.770230 174.724013,-36.770010 174.723709,-36.769372</coordinates></LineString></MultiGeometry></Placemark><Placemark><name>Milford LINZ foot track 6</name><description>Sheet row 1108; LINZ t50_fid(s) 3593221</description><styleUrl>#c</styleUrl><MultiGeometry><LineString><tessellate>1</tessellate><coordinates>174.746041,-36.766314 174.746446,-36.766621 174.746816,-36.766774 174.747110,-36.767385</coordinates></LineString></MultiGeometry></Placemark><Placemark><name>Mairangi Bay LINZ foot track 9</name><description>Sheet row 1109; LINZ t50_fid(s) 3593256</description><styleUrl>#c</styleUrl><MultiGeometry><LineString><tessellate>1</tessellate><coordinates>174.749460,-36.743695 174.749649,-36.743755 174.750172,-36.744005 174.750297,-36.743806 174.750924,-36.744035</coordinates></LineString></MultiGeometry></Placemark><Placemark><name>Mairangi Bay LINZ foot track 10</name><description>Sheet row 1110; LINZ t50_fid(s) 3593254</description><styleUrl>#c</styleUrl><MultiGeometry><LineString><tessellate>1</tessellate><coordinates>174.739136,-36.730506 174.739598,-36.730696 174.739869,-36.730705 174.740104,-36.730875 174.740375,-36.731022 174.740413,-36.731296</coordinates></LineString></MultiGeometry></Placemark><Placemark><name>Mairangi Bay LINZ foot track 11</name><description>Sheet row 1111; LINZ t50_fid(s) 3584786</description><styleUrl>#c</styleUrl><MultiGeometry><LineString><tessellate>1</tessellate><coordinates>174.749927,-36.727991 174.750699,-36.727957 174.750921,-36.728050 174.751548,-36.727720</coordinates></LineString></MultiGeometry></Placemark><Placemark><name>Browns Bay LINZ foot track 12</name><description>Sheet row 1112; LINZ t50_fid(s) 3593264</description><styleUrl>#c</styleUrl><MultiGeometry><LineString><tessellate>1</tessellate><coordinates>174.749784,-36.718814 174.749722,-36.718290 174.749672,-36.718099 174.749304,-36.717474</coordinates></LineString></MultiGeometry></Placemark><Placemark><name>Beach Haven LINZ foot track 1</name><description>Sheet row 1113; LINZ t50_fid(s) 3593175</description><styleUrl>#c</styleUrl><MultiGeometry><LineString><tessellate>1</tessellate><coordinates>174.700260,-36.789867 174.699529,-36.790090 174.698609,-36.790339</coordinates></LineString></MultiGeometry></Placemark><Placemark><name>Mairangi Bay LINZ foot track 12</name><description>Sheet row 1114; LINZ t50_fid(s) 3584785</description><styleUrl>#c</styleUrl><MultiGeometry><LineString><tessellate>1</tessellate><coordinates>174.753725,-36.736458 174.754200,-36.737807</coordinates></LineString></MultiGeometry></Placemark><Placemark><name>Greenhithe LINZ foot track 5</name><description>Sheet row 1115; LINZ t50_fid(s) 3593174</description><styleUrl>#c</styleUrl><MultiGeometry><LineString><tessellate>1</tessellate><coordinates>174.679518,-36.774747 174.679420,-36.774798 174.679399,-36.774875 174.679306,-36.775024 174.678643,-36.775527 174.678432,-36.775679 174.678327,-36.775727</coordinates></LineString></MultiGeometry></Placemark><Placemark><name>Mairangi Bay LINZ foot track 13</name><description>Sheet row 1116; LINZ t50_fid(s) 3584783</description><styleUrl>#c</styleUrl><MultiGeometry><LineString><tessellate>1</tessellate><coordinates>174.751655,-36.741093 174.751949,-36.741778 174.752012,-36.741992 174.752193,-36.742293 174.752287,-36.742371</coordinates></LineString></MultiGeometry></Placemark><Placemark><name>Mairangi Bay LINZ foot track 14</name><description>Sheet row 1117; LINZ t50_fid(s) 3593252</description><styleUrl>#c</styleUrl><MultiGeometry><LineString><tessellate>1</tessellate><coordinates>174.737717,-36.746850 174.737225,-36.746773 174.737193,-36.746752 174.737176,-36.746717 174.737177,-36.746672 174.737198,-36.746548 174.737238,-36.746421 174.737261,-36.746336 174.737241,-36.746244 174.737264,-36.746125 174.737256,-36.746102 174.737160,-36.745967 174.737123,-36.745862</coordinates></LineString></MultiGeometry></Placemark><Placemark><name>Red Beach LINZ foot track 8</name><description>Sheet row 1118; LINZ t50_fid(s) 3584885</description><styleUrl>#c</styleUrl><MultiGeometry><LineString><tessellate>1</tessellate><coordinates>174.711827,-36.609732 174.711824,-36.609702 174.712044,-36.609633 174.712313,-36.609522 174.712342,-36.609206 174.712345,-36.609180 174.712395,-36.608630</coordinates></LineString></MultiGeometry></Placemark><Placemark><name>Red Beach LINZ foot track 9</name><description>Sheet row 1119; LINZ t50_fid(s) 3593390</description><styleUrl>#c</styleUrl><MultiGeometry><LineString><tessellate>1</tessellate><coordinates>174.706067,-36.609288 174.706045,-36.609431 174.706073,-36.609754 174.707017,-36.610188 174.707024,-36.610192</coordinates></LineString></MultiGeometry></Placemark><Placemark><name>Glenfield LINZ foot track 8</name><description>Sheet row 1120; LINZ t50_fid(s) 8521009</description><styleUrl>#c</styleUrl><MultiGeometry><LineString><tessellate>1</tessellate><coordinates>174.726360,-36.772377 174.727078,-36.771953 174.727630,-36.771521</coordinates></LineString></MultiGeometry></Placemark><Placemark><name>Glenfield LINZ foot track 9</name><description>Sheet row 1121; LINZ t50_fid(s) 3593188</description><styleUrl>#c</styleUrl><MultiGeometry><LineString><tessellate>1</tessellate><coordinates>174.718583,-36.778162 174.718699,-36.778306 174.718771,-36.778356 174.718924,-36.778366 174.719061,-36.778378 174.719376,-36.778388 174.719934,-36.778328 174.720089,-36.778296</coordinates></LineString></MultiGeometry></Placemark><Placemark><name>Birkenhead LINZ foot track 10</name><description>Sheet row 1122; LINZ t50_fid(s) 3593177</description><styleUrl>#c</styleUrl><MultiGeometry><LineString><tessellate>1</tessellate><coordinates>174.723400,-36.797540 174.723411,-36.797542 174.723577,-36.797568 174.724149,-36.797656 174.724199,-36.797597 174.724573,-36.797619 174.724971,-36.797625</coordinates></LineString></MultiGeometry></Placemark><Placemark><name>Browns Bay LINZ foot track 13</name><description>Sheet row 1123; LINZ t50_fid(s) 3593274</description><styleUrl>#c</styleUrl><MultiGeometry><LineString><tessellate>1</tessellate><coordinates>174.754238,-36.701522 174.754086,-36.701488 174.753738,-36.701316 174.753158,-36.700894 174.753003,-36.700724</coordinates></LineString></MultiGeometry></Placemark><Placemark><name>Long Bay LINZ foot track 4</name><description>Sheet row 1124; LINZ t50_fid(s) 3593278</description><styleUrl>#c</styleUrl><MultiGeometry><LineString><tessellate>1</tessellate><coordinates>174.752296,-36.690991 174.752183,-36.690847 174.751801,-36.690835 174.750981,-36.690373</coordinates></LineString></MultiGeometry></Placemark><Placemark><name>Mairangi Bay LINZ foot track 15</name><description>Sheet row 1125; LINZ t50_fid(s) 3593215</description><styleUrl>#c</styleUrl><MultiGeometry><LineString><tessellate>1</tessellate><coordinates>174.736540,-36.751364 174.735992,-36.751038 174.735547,-36.750399</coordinates></LineString></MultiGeometry></Placemark><Placemark><name>Browns Bay LINZ foot track 14</name><description>Sheet row 1126; LINZ t50_fid(s) 3593249</description><styleUrl>#c</styleUrl><MultiGeometry><LineString><tessellate>1</tessellate><coordinates>174.726934,-36.726590 174.727217,-36.726050 174.726915,-36.725421</coordinates></LineString></MultiGeometry></Placemark><Placemark><name>Northcote LINZ foot track 7</name><description>Sheet row 1127; LINZ t50_fid(s) 3593201</description><styleUrl>#c</styleUrl><MultiGeometry><LineString><tessellate>1</tessellate><coordinates>174.744979,-36.797044 174.744663,-36.797018 174.744491,-36.797002 174.744385,-36.796965 174.744250,-36.796906 174.744005,-36.796771 174.743869,-36.796684 174.743785,-36.796586 174.743741,-36.796440</coordinates></LineString></MultiGeometry></Placemark><Placemark><name>Hibiscus Coast / Ōrewa LINZ foot track 3</name><description>Sheet row 1128; LINZ t50_fid(s) 3593376</description><styleUrl>#c</styleUrl><MultiGeometry><LineString><tessellate>1</tessellate><coordinates>174.689921,-36.601644 174.689424,-36.602556 174.689234,-36.602763</coordinates></LineString></MultiGeometry></Placemark><Placemark><name>Stanmore Bay LINZ foot track 6</name><description>Sheet row 1129; LINZ t50_fid(s) 8521034</description><styleUrl>#c</styleUrl><MultiGeometry><LineString><tessellate>1</tessellate><coordinates>174.724610,-36.625294 174.724652,-36.625537 174.724677,-36.625640 174.724696,-36.625664 174.724735,-36.625868 174.724834,-36.626086 174.724959,-36.626309 174.725057,-36.626475</coordinates></LineString></MultiGeometry></Placemark><Placemark><name>Bayview LINZ foot track 3</name><description>Sheet row 1130; LINZ t50_fid(s) 3593178</description><styleUrl>#c</styleUrl><MultiGeometry><LineString><tessellate>1</tessellate><coordinates>174.713887,-36.778629 174.713385,-36.778214 174.713081,-36.777974 174.712801,-36.777750</coordinates></LineString></MultiGeometry></Placemark><Placemark><name>Browns Bay LINZ foot track 15</name><description>Sheet row 1131; LINZ t50_fid(s) 8467007</description><styleUrl>#c</styleUrl><MultiGeometry><LineString><tessellate>1</tessellate><coordinates>174.723601,-36.721890 174.723422,-36.721843 174.722839,-36.721702 174.722453,-36.721605 174.722439,-36.721599 174.722427,-36.721583 174.722344,-36.721363</coordinates></LineString></MultiGeometry></Placemark><Placemark><name>Glenfield LINZ foot track 10</name><description>Sheet row 1132; LINZ t50_fid(s) 3593187</description><styleUrl>#c</styleUrl><MultiGeometry><LineString><tessellate>1</tessellate><coordinates>174.727861,-36.786650 174.727439,-36.786962 174.727372,-36.787107 174.726877,-36.787266 174.726664,-36.787226</coordinates></LineString></MultiGeometry></Placemark><Placemark><name>Browns Bay LINZ foot track 16</name><description>Sheet row 1133; LINZ t50_fid(s) 8521029</description><styleUrl>#c</styleUrl><MultiGeometry><LineString><tessellate>1</tessellate><coordinates>174.734884,-36.725134 174.734856,-36.725088 174.734867,-36.725033 174.734914,-36.724965 174.735118,-36.724823 174.735168,-36.724725 174.735269,-36.724600 174.735384,-36.724446 174.735617,-36.724138</coordinates></LineString></MultiGeometry></Placemark><Placemark><name>Unsworth Heights LINZ foot track 11</name><description>Sheet row 1134; LINZ t50_fid(s) 3584751</description><styleUrl>#c</styleUrl><MultiGeometry><LineString><tessellate>1</tessellate><coordinates>174.726420,-36.760992 174.725982,-36.762135</coordinates></LineString></MultiGeometry></Placemark><Placemark><name>Stanmore Bay LINZ foot track 7</name><description>Sheet row 1135; LINZ t50_fid(s) 6082537</description><styleUrl>#c</styleUrl><MultiGeometry><LineString><tessellate>1</tessellate><coordinates>174.757677,-36.633294 174.757532,-36.633312 174.757079,-36.633314 174.756203,-36.633219 174.756203,-36.633219</coordinates></LineString></MultiGeometry></Placemark><Placemark><name>Glenfield LINZ foot track 11</name><description>Sheet row 1136; LINZ t50_fid(s) 3593186</description><styleUrl>#c</styleUrl><MultiGeometry><LineString><tessellate>1</tessellate><coordinates>174.730585,-36.792767 174.730372,-36.792404 174.729997,-36.792323 174.729859,-36.791857</coordinates></LineString></MultiGeometry></Placemark><Placemark><name>Mairangi Bay LINZ foot track 16</name><description>Sheet row 1137; LINZ t50_fid(s) 8521028</description><styleUrl>#c</styleUrl><MultiGeometry><LineString><tessellate>1</tessellate><coordinates>174.745346,-36.743891 174.745277,-36.744071 174.745185,-36.744350 174.745174,-36.744467 174.745155,-36.744604 174.745370,-36.745028</coordinates></LineString></MultiGeometry></Placemark><Placemark><name>Stanmore Bay LINZ foot track 8</name><description>Sheet row 1138; LINZ t50_fid(s) 3590001,3590000</description><styleUrl>#c</styleUrl><MultiGeometry><LineString><tessellate>1</tessellate><coordinates>174.745038,-36.641276 174.744964,-36.641213</coordinates></LineString><LineString><tessellate>1</tessellate><coordinates>174.746163,-36.641839 174.746030,-36.641742 174.745576,-36.641487 174.745244,-36.641447 174.745038,-36.641276</coordinates></LineString></MultiGeometry></Placemark><Placemark><name>Browns Bay LINZ foot track 17</name><description>Sheet row 1139; LINZ t50_fid(s) 3584793</description><styleUrl>#c</styleUrl><MultiGeometry><LineString><tessellate>1</tessellate><coordinates>174.730558,-36.705624 174.730322,-36.705662 174.729757,-36.705678 174.729094,-36.705650</coordinates></LineString></MultiGeometry></Placemark><Placemark><name>Gulf Harbour LINZ foot track 2</name><description>Sheet row 1140; LINZ t50_fid(s) 3593398</description><styleUrl>#c</styleUrl><MultiGeometry><LineString><tessellate>1</tessellate><coordinates>174.769688,-36.625041 174.768253,-36.624807</coordinates></LineString></MultiGeometry></Placemark><Placemark><name>Mairangi Bay LINZ foot track 17</name><description>Sheet row 1141; LINZ t50_fid(s) 3584758</description><styleUrl>#c</styleUrl><MultiGeometry><LineString><tessellate>1</tessellate><coordinates>174.745262,-36.749630 174.745331,-36.749650 174.745560,-36.749585 174.745821,-36.749497 174.746165,-36.749452 174.746673,-36.749368</coordinates></LineString></MultiGeometry></Placemark><Placemark><name>Long Bay LINZ foot track 5</name><description>Sheet row 1142; LINZ t50_fid(s) 3584799</description><styleUrl>#c</styleUrl><MultiGeometry><LineString><tessellate>1</tessellate><coordinates>174.730417,-36.696384 174.730472,-36.696228 174.730401,-36.695698 174.730777,-36.695328</coordinates></LineString></MultiGeometry></Placemark><Placemark><name>Unsworth Heights LINZ foot track 12</name><description>Sheet row 1143; LINZ t50_fid(s) 3593218</description><styleUrl>#c</styleUrl><MultiGeometry><LineString><tessellate>1</tessellate><coordinates>174.740511,-36.763698 174.740736,-36.763603 174.740849,-36.763074 174.740922,-36.762792 174.740905,-36.762653</coordinates></LineString></MultiGeometry></Placemark><Placemark><name>Greenhithe LINZ foot track 6</name><description>Sheet row 1144; LINZ t50_fid(s) 8467142</description><styleUrl>#c</styleUrl><MultiGeometry><LineString><tessellate>1</tessellate><coordinates>174.685055,-36.765749 174.685273,-36.765751 174.685575,-36.765780 174.685638,-36.765806 174.685685,-36.765849 174.685709,-36.765894 174.685729,-36.765963 174.685731,-36.766034 174.685726,-36.766079 174.685711,-36.766161 174.685690,-36.766465</coordinates></LineString></MultiGeometry></Placemark><Placemark><name>Mairangi Bay LINZ foot track 18</name><description>Sheet row 1145; LINZ t50_fid(s) 3593224</description><styleUrl>#c</styleUrl><MultiGeometry><LineString><tessellate>1</tessellate><coordinates>174.743064,-36.753514 174.742360,-36.752972 174.742021,-36.752720</coordinates></LineString></MultiGeometry></Placemark><Placemark><name>Stanmore Bay LINZ foot track 9</name><description>Sheet row 1146; LINZ t50_fid(s) 3593388</description><styleUrl>#c</styleUrl><MultiGeometry><LineString><tessellate>1</tessellate><coordinates>174.745546,-36.623541 174.746268,-36.623431 174.746903,-36.623202</coordinates></LineString></MultiGeometry></Placemark><Placemark><name>Milford LINZ foot track 7</name><description>Sheet row 1147; LINZ t50_fid(s) 8521015</description><styleUrl>#c</styleUrl><MultiGeometry><LineString><tessellate>1</tessellate><coordinates>174.744266,-36.763214 174.745040,-36.763509 174.745509,-36.763764</coordinates></LineString></MultiGeometry></Placemark><Placemark><name>Glenfield LINZ foot track 12</name><description>Sheet row 1148; LINZ t50_fid(s) 3593204</description><styleUrl>#c</styleUrl><MultiGeometry><LineString><tessellate>1</tessellate><coordinates>174.737864,-36.787108 174.738368,-36.786724 174.738707,-36.786491 174.738943,-36.786385</coordinates></LineString></MultiGeometry></Placemark><Placemark><name>Gulf Harbour LINZ foot track 3</name><description>Sheet row 1149; LINZ t50_fid(s) 3593400</description><styleUrl>#c</styleUrl><MultiGeometry><LineString><tessellate>1</tessellate><coordinates>174.787622,-36.609929 174.787579,-36.609834 174.787060,-36.609377 174.786563,-36.609378</coordinates></LineString></MultiGeometry></Placemark><Placemark><name>Albany LINZ foot track 8</name><description>Sheet row 1150; LINZ t50_fid(s) 8521027</description><styleUrl>#c</styleUrl><MultiGeometry><LineString><tessellate>1</tessellate><coordinates>174.721943,-36.725873 174.722012,-36.726165 174.722397,-36.726918</coordinates></LineString></MultiGeometry></Placemark><Placemark><name>Stanmore Bay LINZ foot track 10</name><description>Sheet row 1151; LINZ t50_fid(s) 3593387</description><styleUrl>#c</styleUrl><MultiGeometry><LineString><tessellate>1</tessellate><coordinates>174.749710,-36.635782 174.749875,-36.635623 174.750238,-36.635254 174.750431,-36.635139 174.750518,-36.635047 174.750628,-36.634965</coordinates></LineString></MultiGeometry></Placemark><Placemark><name>Milford LINZ foot track 8</name><description>Sheet row 1152; LINZ t50_fid(s) 3584757</description><styleUrl>#c</styleUrl><MultiGeometry><LineString><tessellate>1</tessellate><coordinates>174.760648,-36.770843 174.760619,-36.770885 174.760655,-36.770988 174.760735,-36.771144 174.761134,-36.771835</coordinates></LineString></MultiGeometry></Placemark><Placemark><name>Takapuna LINZ foot track 5</name><description>Sheet row 1153; LINZ t50_fid(s) 3593242</description><styleUrl>#c</styleUrl><MultiGeometry><LineString><tessellate>1</tessellate><coordinates>174.778516,-36.792814 174.779631,-36.792217</coordinates></LineString></MultiGeometry></Placemark><Placemark><name>Red Beach LINZ foot track 10</name><description>Sheet row 1154; LINZ t50_fid(s) 3593389</description><styleUrl>#c</styleUrl><MultiGeometry><LineString><tessellate>1</tessellate><coordinates>174.701930,-36.603392 174.701879,-36.603334 174.701611,-36.603106 174.701313,-36.602760 174.701155,-36.602619 174.701079,-36.602578</coordinates></LineString></MultiGeometry></Placemark><Placemark><name>Bayview LINZ foot track 4</name><description>Sheet row 1155; LINZ t50_fid(s) 8521008</description><styleUrl>#c</styleUrl><MultiGeometry><LineString><tessellate>1</tessellate><coordinates>174.705722,-36.774606 174.706052,-36.774526 174.706286,-36.774654 174.706540,-36.774754 174.706887,-36.774837 174.706934,-36.774814</coordinates></LineString></MultiGeometry></Placemark><Placemark><name>Browns Bay LINZ foot track 18</name><description>Sheet row 1156; LINZ t50_fid(s) 3593255</description><styleUrl>#c</styleUrl><MultiGeometry><LineString><tessellate>1</tessellate><coordinates>174.737000,-36.722304 174.737344,-36.722709 174.737830,-36.723117</coordinates></LineString></MultiGeometry></Placemark><Placemark><name>Northcote LINZ foot track 8</name><description>Sheet row 1157; LINZ t50_fid(s) 3593207</description><styleUrl>#c</styleUrl><MultiGeometry><LineString><tessellate>1</tessellate><coordinates>174.746000,-36.793576 174.745841,-36.793443 174.745706,-36.793342 174.745533,-36.793194 174.745157,-36.792773</coordinates></LineString></MultiGeometry></Placemark><Placemark><name>Northcote LINZ foot track 9</name><description>Sheet row 1158; LINZ t50_fid(s) 8520938</description><styleUrl>#c</styleUrl><MultiGeometry><LineString><tessellate>1</tessellate><coordinates>174.742074,-36.798558 174.742748,-36.798613 174.743363,-36.798673</coordinates></LineString></MultiGeometry></Placemark><Placemark><name>Ōrewa LINZ foot track 6</name><description>Sheet row 1159; LINZ t50_fid(s) 3593396</description><styleUrl>#c</styleUrl><MultiGeometry><LineString><tessellate>1</tessellate><coordinates>174.691571,-36.566184 174.691555,-36.566721 174.691492,-36.567030 174.691420,-36.567211</coordinates></LineString></MultiGeometry></Placemark><Placemark><name>Milford LINZ foot track 9</name><description>Sheet row 1160; LINZ t50_fid(s) 3593222</description><styleUrl>#c</styleUrl><MultiGeometry><LineString><tessellate>1</tessellate><coordinates>174.750340,-36.769648 174.750303,-36.769787 174.750211,-36.769910 174.750106,-36.769998 174.749994,-36.770038 174.749368,-36.770210</coordinates></LineString></MultiGeometry></Placemark><Placemark><name>Mairangi Bay LINZ foot track 19</name><description>Sheet row 1161; LINZ t50_fid(s) 3593220</description><styleUrl>#c</styleUrl><MultiGeometry><LineString><tessellate>1</tessellate><coordinates>174.738659,-36.750015 174.738739,-36.749491 174.738308,-36.749116</coordinates></LineString></MultiGeometry></Placemark><Placemark><name>Milford LINZ foot track 10</name><description>Sheet row 1162; LINZ t50_fid(s) 8521014</description><styleUrl>#c</styleUrl><MultiGeometry><LineString><tessellate>1</tessellate><coordinates>174.741390,-36.764878 174.742043,-36.764833 174.742158,-36.764813 174.742398,-36.764695 174.742467,-36.764651 174.742526,-36.764544</coordinates></LineString></MultiGeometry></Placemark><Placemark><name>Glenfield LINZ foot track 13</name><description>Sheet row 1163; LINZ t50_fid(s) 3593184</description><styleUrl>#c</styleUrl><MultiGeometry><LineString><tessellate>1</tessellate><coordinates>174.715193,-36.786652 174.714798,-36.786864 174.714186,-36.787150 174.714157,-36.787195 174.714155,-36.787227</coordinates></LineString></MultiGeometry></Placemark><Placemark><name>Mairangi Bay LINZ foot track 20</name><description>Sheet row 1164; LINZ t50_fid(s) 3584784</description><styleUrl>#c</styleUrl><MultiGeometry><LineString><tessellate>1</tessellate><coordinates>174.745920,-36.736778 174.745607,-36.736697 174.745494,-36.736597 174.745278,-36.736526 174.744733,-36.736590</coordinates></LineString></MultiGeometry></Placemark><Placemark><name>Browns Bay LINZ foot track 19</name><description>Sheet row 1165; LINZ t50_fid(s) 3593271</description><styleUrl>#c</styleUrl><MultiGeometry><LineString><tessellate>1</tessellate><coordinates>174.742642,-36.704316 174.742300,-36.704032 174.741987,-36.703874 174.741672,-36.703676</coordinates></LineString></MultiGeometry></Placemark><Placemark><name>Glenfield LINZ foot track 14</name><description>Sheet row 1166; LINZ t50_fid(s) 3593183</description><styleUrl>#c</styleUrl><MultiGeometry><LineString><tessellate>1</tessellate><coordinates>174.725840,-36.794013 174.725798,-36.794588 174.725670,-36.794728 174.725347,-36.794759</coordinates></LineString></MultiGeometry></Placemark><Placemark><name>Milford LINZ foot track 11</name><description>Sheet row 1167; LINZ t50_fid(s) 8521019</description><styleUrl>#c</styleUrl><MultiGeometry><LineString><tessellate>1</tessellate><coordinates>174.744391,-36.760778 174.744884,-36.760577 174.745234,-36.760234 174.745382,-36.760240</coordinates></LineString></MultiGeometry></Placemark><Placemark><name>Milford LINZ foot track 12</name><description>Sheet row 1168; LINZ t50_fid(s) 3593226</description><styleUrl>#c</styleUrl><MultiGeometry><LineString><tessellate>1</tessellate><coordinates>174.742924,-36.763165 174.742896,-36.763105 174.742558,-36.762921 174.742254,-36.762636 174.742005,-36.762522</coordinates></LineString></MultiGeometry></Placemark><Placemark><name>South Head / Kaipara LINZ foot track 1</name><description>Sheet row 1169; LINZ t50_fid(s) 3553562</description><styleUrl>#c</styleUrl><MultiGeometry><LineString><tessellate>1</tessellate><coordinates>174.363669,-36.720648 174.362854,-36.721022 174.362058,-36.721266 174.361860,-36.721287 174.361343,-36.721235 174.360820,-36.720984 174.360171,-36.720765 174.359493,-36.720642 174.359251,-36.720714 174.358852,-36.721027 174.358603,-36.721450 174.358519,-36.721690 174.358484,-36.722289 174.358576,-36.722723 174.358467,-36.722936 174.358215,-36.723167 174.358075,-36.723231</coordinates></LineString></MultiGeometry></Placemark><Placemark><name>South Head / Kaipara LINZ foot track 2</name><description>Sheet row 1170; LINZ t50_fid(s) 3553563</description><styleUrl>#c</styleUrl><MultiGeometry><LineString><tessellate>1</tessellate><coordinates>174.366912,-36.725663 174.366388,-36.725879 174.365108,-36.725940 174.364128,-36.726151 174.363962,-36.726233 174.363558,-36.726567 174.363231,-36.726679 174.362936,-36.726718 174.362580,-36.726703 174.362122,-36.726797</coordinates></LineString></MultiGeometry></Placemark><Placemark><name>South Head / Kaipara LINZ foot track 3</name><description>Sheet row 1171; LINZ t50_fid(s) 3573063</description><styleUrl>#c</styleUrl><MultiGeometry><LineString><tessellate>1</tessellate><coordinates>174.358121,-36.715592 174.357483,-36.715730 174.357254,-36.715754 174.357079,-36.715840 174.356453,-36.715936 174.355574,-36.716022 174.354732,-36.716281 174.354000,-36.716702 174.353841,-36.716857</coordinates></LineString></MultiGeometry></Placemark><Placemark><name>Helensville LINZ foot track 1</name><description>Sheet row 1172; LINZ t50_fid(s) 3573089</description><styleUrl>#c</styleUrl><MultiGeometry><LineString><tessellate>1</tessellate><coordinates>174.368274,-36.735950 174.368316,-36.735915 174.368655,-36.735644 174.369261,-36.735317 174.370189,-36.735039 174.370723,-36.734860 174.371150,-36.734751 174.371481,-36.734652 174.371832,-36.734547 174.372279,-36.734221</coordinates></LineString></MultiGeometry></Placemark><Placemark><name>South Head / Kaipara LINZ foot track 4</name><description>Sheet row 1173; LINZ t50_fid(s) 3573064</description><styleUrl>#c</styleUrl><MultiGeometry><LineString><tessellate>1</tessellate><coordinates>174.350442,-36.707333 174.350315,-36.707481 174.349949,-36.707692 174.349513,-36.707754 174.349050,-36.707744 174.348860,-36.707811 174.348361,-36.708213 174.348012,-36.708369 174.347931,-36.708374 174.347422,-36.708268 174.347158,-36.708355 174.346859,-36.708370 174.346790,-36.708373 174.346769,-36.708375</coordinates></LineString></MultiGeometry></Placemark><Placemark><name>South Head / Kaipara LINZ foot track 5</name><description>Sheet row 1174; LINZ t50_fid(s) 3573072</description><styleUrl>#c</styleUrl><MultiGeometry><LineString><tessellate>1</tessellate><coordinates>174.317403,-36.662368 174.316661,-36.662730 174.316390,-36.662789 174.315725,-36.663077 174.315509,-36.663080 174.314549,-36.663354 174.314253,-36.663375 174.313977,-36.663348</coordinates></LineString></MultiGeometry></Placemark><Placemark><name>Kumeū / Huapai LINZ foot track 2</name><description>Sheet row 1175; LINZ t50_fid(s) 8520927</description><styleUrl>#c</styleUrl><MultiGeometry><LineString><tessellate>1</tessellate><coordinates>174.544121,-36.773082 174.544196,-36.772960 174.544242,-36.772922 174.544310,-36.772918 174.544462,-36.772931 174.545344,-36.773073 174.545478,-36.773102 174.545526,-36.773112 174.546582,-36.773301 174.546618,-36.773132 174.546631,-36.773071 174.546565,-36.772810 174.546562,-36.772800 174.546538,-36.772721 174.546501,-36.772678 174.546481,-36.772591 174.546430,-36.772577 174.546405,-36.772476</coordinates></LineString></MultiGeometry></Placemark><Placemark><name>South Head / Kaipara LINZ foot track 6</name><description>Sheet row 1176; LINZ t50_fid(s) 3584290</description><styleUrl>#c</styleUrl><MultiGeometry><LineString><tessellate>1</tessellate><coordinates>174.315760,-36.660309 174.315731,-36.660514 174.315586,-36.660564 174.314264,-36.661329 174.314038,-36.661460 174.313578,-36.661680 174.313354,-36.661787</coordinates></LineString></MultiGeometry></Placemark><Placemark><name>South Head / Kaipara LINZ foot track 7</name><description>Sheet row 1177; LINZ t50_fid(s) 3584289</description><styleUrl>#c</styleUrl><MultiGeometry><LineString><tessellate>1</tessellate><coordinates>174.347459,-36.705382 174.347070,-36.705510 174.346807,-36.705655 174.346534,-36.705841 174.346290,-36.705955 174.345957,-36.706117 174.345910,-36.706229 174.345867,-36.706349 174.345696,-36.706406</coordinates></LineString></MultiGeometry></Placemark><Placemark><name>Kumeū / Huapai LINZ foot track 3</name><description>Sheet row 1178; LINZ t50_fid(s) 8520985</description><styleUrl>#c</styleUrl><MultiGeometry><LineString><tessellate>1</tessellate><coordinates>174.541214,-36.767110 174.541254,-36.767163 174.541265,-36.767218 174.541257,-36.767302 174.541228,-36.767338 174.541190,-36.767389 174.541183,-36.767422 174.541187,-36.767444 174.541192,-36.767453 174.541206,-36.767477 174.541401,-36.767653 174.541460,-36.767712 174.541551,-36.767848 174.541646,-36.767931 174.541712,-36.767965 174.541780,-36.768020</coordinates></LineString></MultiGeometry></Placemark><Placemark><name>Omaha LINZ foot track 1</name><description>Sheet row 1179; LINZ t50_fid(s) 3574141,3584941,3574140,3593449,3584945,3593450,3584946,3584943,3584944,3554938,3584947</description><styleUrl>#c</styleUrl><MultiGeometry><LineString><tessellate>1</tessellate><coordinates>174.788042,-36.350885 174.788310,-36.351044 174.788513,-36.351141 174.788871,-36.351220 174.789150,-36.351237 174.789456,-36.351317 174.789971,-36.351452 174.790283,-36.351500 174.790663,-36.351583 174.790779,-36.351605 174.790926,-36.351591 174.791070,-36.351548 174.791212,-36.351551 174.791614,-36.351490 174.791908,-36.351418 174.792297,-36.351272 174.792878,-36.351037 174.792920,-36.351209 174.792775,-36.351713 174.792698,-36.351966 174.792677,-36.352121 174.792650,-36.352169 174.792591,-36.352192 174.792310,-36.352296 174.792278,-36.352312 174.792243,-36.352354 174.792131,-36.352387 174.792029,-36.352466</coordinates></LineString><LineString><tessellate>1</tessellate><coordinates>174.787386,-36.353335 174.787389,-36.353163 174.787501,-36.352956 174.787484,-36.352803 174.787647,-36.352533 174.787745,-36.352315 174.787888,-36.352034 174.787928,-36.351829 174.787970,-36.351407 174.787956,-36.351097 174.787997,-36.350938 174.788042,-36.350885</coordinates></LineString><LineString><tessellate>1</tessellate><coordinates>174.785440,-36.348303 174.785572,-36.348418 174.785719,-36.348503 174.785929,-36.348559 174.786088,-36.348843 174.786288,-36.349079 174.786443,-36.349246 174.786577,-36.349420 174.786737,-36.349441 174.786907,-36.349619 174.787054,-36.349728 174.787228,-36.350053 174.787434,-36.350243 174.787763,-36.350395 174.787852,-36.350499 174.788042,-36.350885</coordinates></LineString><LineString><tessellate>1</tessellate><coordinates>174.784600,-36.347293 174.784674,-36.347350 174.784737,-36.347577 174.784829,-36.347845 174.785440,-36.348303</coordinates></LineString><LineString><tessellate>1</tessellate><coordinates>174.784350,-36.350111 174.784442,-36.350024 174.784478,-36.349969 174.784515,-36.349899 174.784609,-36.349795 174.784769,-36.349487 174.784856,-36.349394 174.784857,-36.349394 174.785145,-36.349088 174.785393,-36.348815 174.785373,-36.348586 174.785440,-36.348303</coordinates></LineString><LineString><tessellate>1</tessellate><coordinates>174.784600,-36.347293 174.784302,-36.347452 174.783975,-36.347668 174.783704,-36.347650 174.783625,-36.347647</coordinates></LineString><LineString><tessellate>1</tessellate><coordinates>174.783625,-36.347647 174.783243,-36.347878 174.783023,-36.347965 174.782792,-36.348148 174.782585,-36.348181 174.782502,-36.348274 174.782062,-36.348429 174.781893,-36.348541</coordinates></LineString><LineString><tessellate>1</tessellate><coordinates>174.779507,-36.343490 174.779612,-36.343294 174.779737,-36.343106 174.779910,-36.342787 174.779918,-36.342772 174.780164,-36.341860 174.780286,-36.341806 174.780439,-36.341862 174.780636,-36.341964 174.780918,-36.341978 174.781117,-36.341852 174.781128,-36.341682 174.781227,-36.341617</coordinates></LineString><LineString><tessellate>1</tessellate><coordinates>174.778825,-36.339820 174.779081,-36.339781 174.779463,-36.339737 174.779792,-36.339786 174.780031,-36.339835 174.780207,-36.339926 174.780311,-36.340076 174.780422,-36.340168 174.780469,-36.340366 174.780694,-36.340731 174.780884,-36.340821 174.780988,-36.340925 174.780984,-36.341083 174.780864,-36.341196 174.780895,-36.341294 174.781135,-36.341373 174.781231,-36.341441 174.781227,-36.341617</coordinates></LineString><LineString><tessellate>1</tessellate><coordinates>174.781227,-36.341617 174.781303,-36.341750 174.781479,-36.342186 174.781582,-36.342278 174.781628,-36.342376 174.781697,-36.342580 174.781847,-36.342811 174.781931,-36.343003 174.782153,-36.343233 174.782169,-36.343315 174.782168,-36.343589 174.782186,-36.343735 174.782421,-36.343907 174.782562,-36.344063 174.782618,-36.344319 174.782643,-36.344471 174.782805,-36.344614 174.782859,-36.344760 174.782870,-36.344900 174.782988,-36.345009 174.783141,-36.345053 174.783267,-36.345215 174.783365,-36.345401 174.783489,-36.345469 174.783669,-36.345741 174.783680,-36.345893 174.783753,-36.345956 174.783773,-36.346189 174.784055,-36.346512 174.784281,-36.346585 174.784376,-36.346636 174.784408,-36.346799 174.784600,-36.347293</coordinates></LineString><LineString><tessellate>1</tessellate><coordinates>174.783625,-36.347647 174.782597,-36.346831 174.782462,-36.346689</coordinates></LineString></MultiGeometry></Placemark><Placemark><name>Omaha Cove / Leigh LINZ foot track 1</name><description>Sheet row 1180; LINZ t50_fid(s) 3593454</description><styleUrl>#c</styleUrl><MultiGeometry><LineString><tessellate>1</tessellate><coordinates>174.800287,-36.298602 174.800212,-36.298750 174.800052,-36.298962 174.799859,-36.299121 174.799392,-36.299317 174.799317,-36.299332 174.799268,-36.299336 174.799221,-36.299359 174.799166,-36.299434 174.799142,-36.299504</coordinates></LineString></MultiGeometry></Placemark><Placemark><name>Onepoto Bay, Aotea LINZ foot track 1</name><description>Sheet row 1181; LINZ t50_fid(s) 3531678</description><styleUrl>#c</styleUrl><MultiGeometry><LineString><tessellate>1</tessellate><coordinates>175.360080,-36.143801 175.359665,-36.143723 175.359178,-36.143733 175.358333,-36.144118 175.357900,-36.143956 175.357652,-36.143904 175.357286,-36.143860 175.356804,-36.143932 175.355999,-36.143860 175.355500,-36.143913 175.355079,-36.143993 175.354827,-36.143994 175.354683,-36.143883 175.354324,-36.143589 175.353892,-36.143388 175.352781,-36.143181 175.352177,-36.142768 175.351973,-36.142751 175.351804,-36.142834 175.351349,-36.142704 175.350926,-36.142712 175.350593,-36.142450 175.349189,-36.142304 175.349353,-36.142234 175.349492,-36.142179 175.349571,-36.142125 175.349695,-36.142091 175.349791,-36.142117 175.349826,-36.142146 175.349846,-36.142163 175.349968,-36.142154 175.350150,-36.142129 175.350373,-36.142091 175.350599,-36.142003 175.350662,-36.141961 175.350705,-36.141871 175.350722,-36.141784 175.350658,-36.141680 175.350635,-36.141548 175.350662,-36.141427 175.350741,-36.141280 175.350803,-36.141174 175.350878,-36.141027 175.351001,-36.140806 175.351044,-36.140709 175.351152,-36.140627 175.351198,-36.140527 175.351179,-36.140385 175.351154,-36.140299 175.351133,-36.140232 175.351012,-36.140033 175.350932,-36.139880 175.350876,-36.139684 175.350864,-36.139545 175.350827,-36.139431 175.350666,-36.139174 175.350635,-36.139123 175.350566,-36.138986 175.350567,-36.138887 175.350652,-36.138675 175.350701,-36.138415 175.350798,-36.138332 175.350913,-36.138234 175.351110,-36.138070 175.351289,-36.137955 175.351404,-36.137833 175.351507,-36.137735 175.351550,-36.137632 175.351558,-36.137518 175.351475,-36.137420 175.351405,-36.137369 175.351391,-36.137280 175.351409,-36.137107 175.351407,-36.136912 175.351427,-36.136705 175.351427,-36.136458 175.351427,-36.136439 175.351491,-36.136296 175.351651,-36.136163 175.351786,-36.136095 175.351844,-36.136071 175.352027,-36.135995 175.352142,-36.135925 175.352250,-36.135830 175.352342,-36.135726 175.352373,-36.135620 175.352347,-36.135516 175.352240,-36.135370 175.352197,-36.135210 175.352084,-36.135098 175.351927,-36.134956 175.351824,-36.134816 175.351750,-36.134644 175.351690,-36.134544 175.351651,-36.134390 175.351691,-36.134255 175.351814,-36.134013 175.351962,-36.133819 175.352008,-36.133722 175.352017,-36.133626 175.351970,-36.133457 175.351861,-36.133262 175.351769,-36.133100 175.351799,-36.132982 175.351879,-36.132850 175.351938,-36.132781 175.351979,-36.132629 175.352007,-36.132415 175.352001,-36.132193 175.351996,-36.132023 175.351988,-36.131891 175.351961,-36.131774 175.352025,-36.131624 175.352361,-36.131383 175.352664,-36.131210 175.352943,-36.130989</coordinates></LineString></MultiGeometry></Placemark><Placemark><name>Parau / Huia LINZ foot track 1</name><description>Sheet row 1182; LINZ t50_fid(s) 3592515,3584276,3584275</description><styleUrl>#c</styleUrl><MultiGeometry><LineString><tessellate>1</tessellate><coordinates>174.633788,-36.967003 174.633529,-36.966858</coordinates></LineString><LineString><tessellate>1</tessellate><coordinates>174.632130,-36.964722 174.632821,-36.965821 174.633529,-36.966858</coordinates></LineString><LineString><tessellate>1</tessellate><coordinates>174.633053,-36.969063 174.632961,-36.968351 174.632948,-36.967771 174.633125,-36.967324 174.633529,-36.966858</coordinates></LineString></MultiGeometry></Placemark><Placemark><name>Parau / Huia LINZ foot track 2</name><description>Sheet row 1183; LINZ t50_fid(s) 3584586</description><styleUrl>#c</styleUrl><MultiGeometry><LineString><tessellate>1</tessellate><coordinates>174.635574,-36.972028 174.634725,-36.971506 174.633905,-36.970867</coordinates></LineString></MultiGeometry></Placemark><Placemark><name>Parau / Huia LINZ foot track 3</name><description>Sheet row 1184; LINZ t50_fid(s) 3584277</description><styleUrl>#c</styleUrl><MultiGeometry><LineString><tessellate>1</tessellate><coordinates>174.633418,-36.964896 174.633363,-36.964220 174.633301,-36.963861 174.632840,-36.963427 174.632826,-36.963413 174.632794,-36.963383</coordinates></LineString></MultiGeometry></Placemark><Placemark><name>Parau / Huia LINZ foot track 4</name><description>Sheet row 1185; LINZ t50_fid(s) 3584265</description><styleUrl>#c</styleUrl><MultiGeometry><LineString><tessellate>1</tessellate><coordinates>174.633550,-36.971116 174.633210,-36.970789 174.633088,-36.970664 174.632354,-36.970075</coordinates></LineString></MultiGeometry></Placemark><Placemark><name>Te Atatū Peninsula LINZ foot track 1</name><description>Sheet row 1186; LINZ t50_fid(s) 3584725,3593142,3573865,3593143,3554668</description><styleUrl>#c</styleUrl><MultiGeometry><LineString><tessellate>1</tessellate><coordinates>174.653864,-36.847852 174.653849,-36.847930 174.653922,-36.848067 174.653943,-36.848157 174.653932,-36.848289 174.653961,-36.848401 174.653960,-36.848470 174.653994,-36.848558 174.653937,-36.848656 174.653955,-36.848746 174.653936,-36.848856 174.653967,-36.849054 174.653903,-36.849195 174.653775,-36.849340 174.653632,-36.849417 174.653504,-36.849449 174.653455,-36.849428 174.653446,-36.849381 174.653527,-36.849183 174.653564,-36.849122 174.653306,-36.849024</coordinates></LineString><LineString><tessellate>1</tessellate><coordinates>174.653166,-36.847738 174.653274,-36.847787 174.653426,-36.847822 174.653557,-36.847839 174.653864,-36.847852</coordinates></LineString><LineString><tessellate>1</tessellate><coordinates>174.653864,-36.847852 174.654040,-36.847802 174.654202,-36.847744 174.654295,-36.847680 174.654526,-36.847468 174.654875,-36.846956 174.654953,-36.846832 174.655050,-36.846714 174.655127,-36.846562 174.655188,-36.846432 174.655224,-36.846317 174.655242,-36.846198 174.655423,-36.845876 174.655443,-36.845656 174.655481,-36.845575 174.655563,-36.845499 174.655806,-36.845312 174.655893,-36.845229 174.655943,-36.845165 174.656062,-36.844984 174.656224,-36.844824 174.656401,-36.844655 174.656566,-36.844443 174.656586,-36.844394 174.656578,-36.844343 174.656543,-36.844308 174.656496,-36.844295 174.656436,-36.844299 174.656307,-36.844313</coordinates></LineString><LineString><tessellate>1</tessellate><coordinates>174.656307,-36.844313 174.656130,-36.844389 174.656022,-36.844450 174.655921,-36.844478 174.655758,-36.844470 174.655689,-36.844477 174.655605,-36.844458</coordinates></LineString><LineString><tessellate>1</tessellate><coordinates>174.661696,-36.839199 174.661462,-36.839255 174.661277,-36.839409 174.661163,-36.839686 174.660977,-36.839857 174.660700,-36.840126 174.659997,-36.840529 174.659642,-36.840923 174.659422,-36.841175 174.659117,-36.841398 174.658918,-36.841519 174.658588,-36.841706 174.658394,-36.841789 174.658236,-36.841895 174.657962,-36.842165 174.657873,-36.842301 174.657783,-36.842421 174.657429,-36.842864 174.657090,-36.843295 174.656823,-36.843696 174.656513,-36.843960 174.656395,-36.844154 174.656307,-36.844313</coordinates></LineString></MultiGeometry></Placemark><Placemark><name>Pollen Island LINZ foot track 1</name><description>Sheet row 1187; LINZ t50_fid(s) 3531500</description><styleUrl>#c</styleUrl><MultiGeometry><LineString><tessellate>1</tessellate><coordinates>174.652724,-36.849503 174.652649,-36.849691 174.652544,-36.849857 174.652533,-36.849915 174.652497,-36.849934 174.652391,-36.849944 174.652340,-36.849967 174.652305,-36.850010 174.652281,-36.850058 174.652286,-36.850101 174.652334,-36.850169 174.652612,-36.850428 174.652945,-36.850920 174.653085,-36.851173 174.653192,-36.851391 174.653385,-36.851840 174.653578,-36.852283 174.653846,-36.852894 174.654691,-36.854773 174.654916,-36.855278 174.654996,-36.855766 174.655036,-36.855993 174.655250,-36.856228 174.655514,-36.856643 174.655723,-36.857204 174.655810,-36.857579 174.655850,-36.857956 174.655900,-36.858139 174.656131,-36.858289 174.656385,-36.858454 174.656640,-36.858630 174.656758,-36.858823 174.656748,-36.859003</coordinates></LineString></MultiGeometry></Placemark><Placemark><name>Te Atatū South LINZ foot track 1</name><description>Sheet row 1188; LINZ t50_fid(s) 8520882</description><styleUrl>#c</styleUrl><MultiGeometry><LineString><tessellate>1</tessellate><coordinates>174.652904,-36.868353 174.653003,-36.868320 174.653141,-36.868342 174.653276,-36.868322 174.653479,-36.868264 174.653630,-36.868255 174.653725,-36.868223 174.653790,-36.868196 174.653875,-36.868214 174.653996,-36.868272 174.654239,-36.868318 174.654537,-36.868425 174.654708,-36.868591 174.654893,-36.868799 174.655003,-36.868917 174.655054,-36.868950 174.655171,-36.868956 174.655193,-36.869012 174.655283,-36.869113 174.655305,-36.869186 174.655315,-36.869294 174.655283,-36.869371 174.655222,-36.869486 174.655222,-36.869580 174.655333,-36.869780 174.655396,-36.869870 174.655433,-36.870004 174.655453,-36.870126 174.655494,-36.870194 174.655646,-36.870372</coordinates></LineString></MultiGeometry></Placemark><Placemark><name>Te Atatū South LINZ foot track 2</name><description>Sheet row 1189; LINZ t50_fid(s) 8467135</description><styleUrl>#c</styleUrl><MultiGeometry><LineString><tessellate>1</tessellate><coordinates>174.649119,-36.869912 174.649674,-36.870398 174.649860,-36.870927</coordinates></LineString></MultiGeometry></Placemark><Placemark><name>Te Atatū Peninsula LINZ foot track 2</name><description>Sheet row 1190; LINZ t50_fid(s) 3593141</description><styleUrl>#c</styleUrl><MultiGeometry><LineString><tessellate>1</tessellate><coordinates>174.650140,-36.846555 174.651449,-36.846597</coordinates></LineString></MultiGeometry></Placemark><Placemark><name>Port Fitzroy LINZ foot track 2</name><description>Sheet row 1191; LINZ t50_fid(s) 3555003</description><styleUrl>#c</styleUrl><MultiGeometry><LineString><tessellate>1</tessellate><coordinates>175.353756,-36.161375 175.352992,-36.160602 175.352615,-36.159735 175.352274,-36.159235 175.352022,-36.158953 175.351819,-36.158639 175.351818,-36.158424 175.351940,-36.158228 175.351874,-36.158017 175.351658,-36.157834 175.351438,-36.157514 175.351130,-36.157400 175.351203,-36.157024 175.351271,-36.156826 175.351626,-36.156760 175.352179,-36.156621 175.352504,-36.156563 175.352808,-36.156532 175.353102,-36.156398 175.353501,-36.156206 175.353661,-36.156048 175.353735,-36.155657 175.353811,-36.155143 175.353797,-36.154454 175.353834,-36.153925 175.353854,-36.153486 175.353976,-36.153153 175.354224,-36.152876</coordinates></LineString></MultiGeometry></Placemark><Placemark><name>Puhoi LINZ foot track 2</name><description>Sheet row 1192; LINZ t50_fid(s) 6097462</description><styleUrl>#c</styleUrl><MultiGeometry><LineString><tessellate>1</tessellate><coordinates>174.627488,-36.500465 174.627691,-36.500398 174.628250,-36.500214 174.628647,-36.500161 174.629283,-36.500477 174.630412,-36.501578 174.631722,-36.501776 174.632138,-36.501982 174.632691,-36.501977 174.634438,-36.501420 174.635940,-36.501178 174.637248,-36.501238 174.638059,-36.501727 174.638878,-36.501843 174.639133,-36.501705 174.639825,-36.501765 174.640667,-36.501513 174.641305,-36.501131 174.641800,-36.501207 174.642176,-36.501265 174.642366,-36.501227 174.642466,-36.501310 174.643143,-36.501414 174.643487,-36.501350 174.643957,-36.501414 174.644164,-36.501381 174.644477,-36.501136 174.644600,-36.501243 174.644508,-36.501471 174.644662,-36.501777 174.644949,-36.501770 174.645226,-36.501880 174.645698,-36.501839 174.646174,-36.501683 174.646521,-36.501478 174.646814,-36.501090 174.647044,-36.501009 174.647262,-36.501030 174.647200,-36.501164 174.647102,-36.501381 174.647184,-36.501461 174.647737,-36.501186 174.648494,-36.501159 174.649039,-36.500801 174.649099,-36.500752 174.649341,-36.500480</coordinates></LineString></MultiGeometry></Placemark><Placemark><name>Puhoi LINZ foot track 3</name><description>Sheet row 1193; LINZ t50_fid(s) 6097724</description><styleUrl>#c</styleUrl><MultiGeometry><LineString><tessellate>1</tessellate><coordinates>174.662042,-36.511846 174.662224,-36.511796 174.662478,-36.511882 174.662798,-36.512050 174.663239,-36.512139 174.663998,-36.511920 174.664353,-36.511447 174.664923,-36.511026 174.664993,-36.510772 174.665085,-36.510615 174.665196,-36.510431 174.665356,-36.510260 174.665376,-36.510037 174.665402,-36.509938 174.665445,-36.509670</coordinates></LineString></MultiGeometry></Placemark><Placemark><name>Puhoi / Moirs Hill / Warkworth LINZ foot track 1</name><description>Sheet row 1194; LINZ t50_fid(s) 3532362</description><styleUrl>#c</styleUrl><MultiGeometry><LineString><tessellate>1</tessellate><coordinates>174.596805,-36.491383 174.596945,-36.491466 174.597196,-36.491487 174.597379,-36.491504 174.597509,-36.491520 174.597643,-36.491497 174.597748,-36.491514 174.597832,-36.491530 174.597939,-36.491599 174.598024,-36.491665 174.598127,-36.491685 174.598213,-36.491700 174.598331,-36.491685 174.598468,-36.491686 174.598594,-36.491699 174.598726,-36.491724 174.598746,-36.491736 174.598905,-36.491800 174.598979,-36.491941 174.599050,-36.492086 174.599071,-36.492197 174.599001,-36.492312 174.599207,-36.492345 174.599659,-36.492564 174.599852,-36.492678 174.600256,-36.493048 174.600400,-36.493135 174.600921,-36.493396 174.601670,-36.493773 174.601986,-36.494635 174.602247,-36.495127 174.602658,-36.495449 174.602987,-36.495668 174.603444,-36.496120 174.605194,-36.496636 174.606810,-36.497221 174.607160,-36.497703 174.607314,-36.498036 174.608253,-36.498895 174.608506,-36.499234 174.608806,-36.499366 174.609059,-36.499515 174.609253,-36.499688 174.609263,-36.499694 174.609490,-36.499938 174.609582,-36.500035 174.609900,-36.500728 174.610115,-36.500923 174.610251,-36.501166 174.610356,-36.501238 174.610614,-36.501311 174.610953,-36.501407 174.611619,-36.501739 174.611736,-36.501798 174.611972,-36.501923 174.612292,-36.502092 174.612711,-36.502054 174.613801,-36.501743 174.615179,-36.501370 174.615520,-36.501287 174.616874,-36.500961 174.617968,-36.500762 174.618264,-36.500667 174.618385,-36.500641</coordinates></LineString></MultiGeometry></Placemark><Placemark><name>Puhoi / Moirs Hill / Warkworth LINZ foot track 2</name><description>Sheet row 1195; LINZ t50_fid(s) 3556032</description><styleUrl>#c</styleUrl><MultiGeometry><LineString><tessellate>1</tessellate><coordinates>174.601926,-36.470292 174.602001,-36.470577 174.602060,-36.470847 174.602227,-36.471174 174.602251,-36.471221 174.602557,-36.471626 174.602805,-36.471963 174.603150,-36.472338 174.603310,-36.472603 174.603448,-36.472893 174.603446,-36.473239 174.603203,-36.473699 174.603056,-36.473951 174.603035,-36.474202 174.602841,-36.474740 174.602863,-36.474937 174.602867,-36.474978 174.603055,-36.475474 174.603228,-36.475946 174.603210,-36.476404 174.603168,-36.476716 174.603036,-36.476876 174.603005,-36.476885 174.602368,-36.477080 174.602405,-36.477467 174.601976,-36.478232 174.601651,-36.478967 174.601722,-36.479684 174.601616,-36.480426 174.601256,-36.481220 174.601057,-36.481792 174.601171,-36.482054 174.601107,-36.482749 174.601101,-36.483015</coordinates></LineString></MultiGeometry></Placemark><Placemark><name>Rotoroa Island LINZ foot track 3</name><description>Sheet row 1196; LINZ t50_fid(s) 7879471,7880170,7880171,7880173,7880306</description><styleUrl>#c</styleUrl><MultiGeometry><LineString><tessellate>1</tessellate><coordinates>175.198490,-36.818176 175.198575,-36.818288 175.198685,-36.818467 175.198888,-36.818605 175.199029,-36.818791 175.199216,-36.819039 175.199336,-36.819232 175.199409,-36.819381 175.199457,-36.819492 175.199538,-36.819691 175.199564,-36.819922 175.199596,-36.820373 175.199596,-36.820493 175.199527,-36.820735 175.199505,-36.820957 175.199439,-36.821075 175.199292,-36.821255 175.199263,-36.821327 175.199285,-36.821426 175.199328,-36.821524 175.199330,-36.821588 175.199316,-36.821639 175.199220,-36.821709 175.198937,-36.821887 175.198808,-36.821996 175.198741,-36.822096 175.198706,-36.822196 175.198620,-36.822261 175.198478,-36.822302 175.198290,-36.822341 175.198099,-36.822406 175.197950,-36.822497 175.197896,-36.822587 175.197808,-36.822744 175.197748,-36.822849 175.197640,-36.822927 175.197588,-36.822994 175.197587,-36.823068 175.197618,-36.823162 175.197699,-36.823340 175.197858,-36.823274 175.197931,-36.823257 175.198070,-36.823270 175.198165,-36.823276 175.198269,-36.823269 175.198314,-36.823288 175.198315,-36.823321 175.198321,-36.823428 175.198425,-36.823515 175.198501,-36.823628 175.198478,-36.823725 175.198518,-36.823811 175.198601,-36.824055 175.198641,-36.824238 175.198735,-36.824416 175.198854,-36.824485 175.199032,-36.824540 175.199168,-36.824540 175.199366,-36.824478 175.199575,-36.824383 175.199727,-36.824301 175.199919,-36.824272 175.200085,-36.824310 175.200221,-36.824318 175.200286,-36.824281 175.200388,-36.824190 175.200522,-36.824010 175.200653,-36.823840 175.200662,-36.823715 175.200629,-36.823571 175.200594,-36.823439 175.200557,-36.823270 175.200503,-36.823136 175.200484,-36.823032 175.200494,-36.822936 175.200535,-36.822823 175.200544,-36.822686 175.200601,-36.822588 175.200652,-36.822488 175.200731,-36.822375 175.200798,-36.822295 175.200845,-36.822174 175.200803,-36.822129 175.200718,-36.822139 175.200642,-36.822155 175.200544,-36.822139 175.200483,-36.822102 175.200491,-36.822054 175.200518,-36.822013 175.200519,-36.821929</coordinates></LineString><LineString><tessellate>1</tessellate><coordinates>175.198501,-36.823628 175.198565,-36.823454 175.198683,-36.823266 175.198826,-36.823086 175.199023,-36.822902 175.199106,-36.822821 175.199344,-36.822741 175.199537,-36.822625 175.199623,-36.822550 175.199647,-36.822481 175.199640,-36.822369 175.199675,-36.822262 175.199756,-36.822123 175.199833,-36.822048 175.199992,-36.821954 175.200161,-36.821913 175.200269,-36.821911 175.200418,-36.821943 175.200472,-36.821945 175.200519,-36.821929 175.200565,-36.821870 175.200642,-36.821688 175.200711,-36.821455 175.200750,-36.821295 175.200741,-36.821191 175.200697,-36.821090 175.200642,-36.821045 175.200511,-36.820997 175.200250,-36.820933 175.200104,-36.820908 175.199841,-36.820887 175.199715,-36.820879 175.199644,-36.820848 175.199527,-36.820735</coordinates></LineString><LineString><tessellate>1</tessellate><coordinates>175.200150,-36.819082 175.200224,-36.819137 175.200239,-36.819228 175.200217,-36.819333 175.200232,-36.819401 175.200300,-36.819484 175.200398,-36.819685 175.200489,-36.819775 175.200635,-36.819925 175.200765,-36.820054 175.200843,-36.820116 175.200977,-36.820177 175.201099,-36.820226 175.201176,-36.820263 175.201203,-36.820328 175.201213,-36.820450 175.201229,-36.820579 175.201250,-36.820658 175.201259,-36.820754 175.201239,-36.820823 175.201153,-36.820883 175.201068,-36.820918 175.200899,-36.820982 175.200762,-36.821040 175.200697,-36.821090</coordinates></LineString><LineString><tessellate>1</tessellate><coordinates>175.198490,-36.818176 175.198541,-36.818209 175.198625,-36.818265 175.198762,-36.818280 175.198988,-36.818232 175.199132,-36.818204 175.199262,-36.818215 175.199441,-36.818267 175.199604,-36.818328 175.199748,-36.818394 175.199842,-36.818473 175.199891,-36.818528 175.199939,-36.818670 175.199979,-36.818763 175.200033,-36.818853 175.200098,-36.818926 175.200131,-36.818994 175.200150,-36.819082 175.200132,-36.819136 175.200049,-36.819196 175.199917,-36.819229 175.199772,-36.819260 175.199626,-36.819331 175.199533,-36.819389 175.199457,-36.819492</coordinates></LineString><LineString><tessellate>1</tessellate><coordinates>175.198725,-36.817578 175.198685,-36.817600 175.198674,-36.817604 175.198566,-36.817636 175.198485,-36.817660 175.198369,-36.817715 175.198317,-36.817767 175.198301,-36.817810 175.198297,-36.817823 175.198297,-36.817830 175.198298,-36.817859 175.198299,-36.817897 175.198331,-36.817952 175.198342,-36.817970 175.198400,-36.818051 175.198490,-36.818176</coordinates></LineString></MultiGeometry></Placemark><Placemark><name>Rotoroa Island LINZ foot track 4</name><description>Sheet row 1197; LINZ t50_fid(s) 7880174,7879947,7879948,7880172,7879945</description><styleUrl>#c</styleUrl><MultiGeometry><LineString><tessellate>1</tessellate><coordinates>175.193584,-36.813707 175.193796,-36.813587 175.193996,-36.813522 175.194361,-36.813454 175.194526,-36.813482 175.194767,-36.813528 175.194931,-36.813515 175.195082,-36.813487 175.195275,-36.813392 175.195591,-36.813167 175.195840,-36.813015 175.195965,-36.812972 175.196103,-36.812950</coordinates></LineString><LineString><tessellate>1</tessellate><coordinates>175.193960,-36.816231 175.194089,-36.816097 175.194368,-36.815924 175.194521,-36.815763 175.194698,-36.815537 175.194883,-36.815371 175.195041,-36.815139 175.195168,-36.814954 175.195283,-36.814779 175.195456,-36.814633 175.195761,-36.814455 175.195890,-36.814336 175.195993,-36.814197 175.196033,-36.814028 175.196028,-36.813845 175.196066,-36.813636 175.196149,-36.813442 175.196234,-36.813308 175.196285,-36.813235</coordinates></LineString><LineString><tessellate>1</tessellate><coordinates>175.196251,-36.816044 175.196231,-36.815992 175.196217,-36.815954 175.196183,-36.815855 175.196187,-36.815670 175.196184,-36.815553 175.196140,-36.815452 175.196109,-36.815351 175.196106,-36.815255 175.196183,-36.815182 175.196320,-36.815126 175.196496,-36.815092 175.196631,-36.815062 175.196690,-36.815000 175.196715,-36.814893 175.196745,-36.814717 175.196777,-36.814505 175.196762,-36.814424 175.196696,-36.814344 175.196598,-36.814237 175.196561,-36.814154 175.196536,-36.814037 175.196530,-36.813951 175.196566,-36.813770 175.196540,-36.813638 175.196487,-36.813439 175.196455,-36.813319</coordinates></LineString><LineString><tessellate>1</tessellate><coordinates>175.196455,-36.813319 175.196711,-36.813225 175.196837,-36.813187 175.196906,-36.813188 175.197085,-36.813261 175.197232,-36.813302 175.197470,-36.813328 175.197606,-36.813333 175.197725,-36.813313 175.197784,-36.813274 175.197903,-36.813139 175.198027,-36.813028 175.198170,-36.812956 175.198395,-36.812879 175.198537,-36.812858 175.198629,-36.812882 175.198691,-36.812949 175.198726,-36.813060 175.198758,-36.813309 175.198812,-36.813529 175.198825,-36.813653 175.198817,-36.813811 175.198794,-36.813905 175.198655,-36.814109 175.198623,-36.814218 175.198508,-36.814376 175.198413,-36.814481 175.198377,-36.814571 175.198380,-36.814647 175.198397,-36.814718 175.198483,-36.814849 175.198602,-36.815037 175.198607,-36.815048</coordinates></LineString><LineString><tessellate>1</tessellate><coordinates>175.196455,-36.813319 175.196285,-36.813235 175.196184,-36.813111 175.196103,-36.812950 175.196023,-36.812793 175.195976,-36.812688 175.195972,-36.812545 175.196069,-36.812401 175.196173,-36.812308 175.196397,-36.812177 175.196896,-36.811959 175.197214,-36.811786 175.197392,-36.811605 175.197612,-36.811351 175.197890,-36.811107 175.198248,-36.810826 175.198365,-36.810702 175.198435,-36.810523 175.198495,-36.810410 175.198658,-36.810346 175.198983,-36.810239 175.199245,-36.810097 175.199393,-36.809977 175.199421,-36.809870 175.199387,-36.809784 175.199297,-36.809715 175.199144,-36.809656 175.199028,-36.809608 175.198957,-36.809538 175.198942,-36.809472 175.199009,-36.809379 175.199181,-36.809208 175.199317,-36.809099 175.199454,-36.809031 175.199599,-36.809003 175.199799,-36.808928 175.199968,-36.808869 175.200087,-36.808846 175.200183,-36.808875 175.200266,-36.808919 175.200325,-36.808984</coordinates></LineString></MultiGeometry></Placemark><Placemark><name>Sandspit LINZ foot track 1</name><description>Sheet row 1198; LINZ t50_fid(s) 7646149</description><styleUrl>#c</styleUrl><MultiGeometry><LineString><tessellate>1</tessellate><coordinates>174.726348,-36.406831 174.725958,-36.406542 174.725825,-36.406530 174.724761,-36.406006 174.723987,-36.405714 174.723868,-36.405628 174.723864,-36.405419 174.723908,-36.405321 174.724087,-36.405134 174.724564,-36.404532 174.725121,-36.404117 174.725321,-36.403807</coordinates></LineString></MultiGeometry></Placemark><Placemark><name>Sandspit LINZ foot track 2</name><description>Sheet row 1199; LINZ t50_fid(s) 7646329</description><styleUrl>#c</styleUrl><MultiGeometry><LineString><tessellate>1</tessellate><coordinates>174.728351,-36.392458 174.728191,-36.392518 174.728026,-36.392560 174.727957,-36.392558 174.727892,-36.392586 174.727825,-36.392654 174.727672,-36.392669 174.727555,-36.392638 174.727423,-36.392613 174.727376,-36.392620 174.727047,-36.392770 174.726849,-36.392807 174.726759,-36.392820 174.726696,-36.392808 174.726664,-36.392770 174.726608,-36.392579 174.726576,-36.392529 174.726498,-36.392438 174.726459,-36.392384 174.726415,-36.392355 174.726310,-36.392351 174.726136,-36.392370 174.725919,-36.392375</coordinates></LineString></MultiGeometry></Placemark><Placemark><name>Snells Beach LINZ foot track 1</name><description>Sheet row 1200; LINZ t50_fid(s) 3584938,8494012,3585342,3575016</description><styleUrl>#c</styleUrl><MultiGeometry><LineString><tessellate>1</tessellate><coordinates>174.729310,-36.409777 174.729366,-36.409704 174.729401,-36.409659 174.729404,-36.409621 174.729414,-36.409559 174.729442,-36.409494 174.729494,-36.409417 174.729510,-36.409371 174.729497,-36.409313 174.729521,-36.409261 174.729532,-36.409224 174.729547,-36.409175 174.729559,-36.409109 174.729597,-36.409060 174.729618,-36.408992 174.729649,-36.408936 174.729694,-36.408809 174.729726,-36.408706 174.729712,-36.408603 174.729747,-36.408529 174.729757,-36.408412</coordinates></LineString><LineString><tessellate>1</tessellate><coordinates>174.728719,-36.408992 174.728774,-36.408994 174.728832,-36.408987 174.729137,-36.409059 174.729163,-36.409082 174.729184,-36.409130 174.729206,-36.409152 174.729243,-36.409165 174.729287,-36.409170 174.729331,-36.409178 174.729480,-36.409207 174.729532,-36.409224</coordinates></LineString><LineString><tessellate>1</tessellate><coordinates>174.729310,-36.409777 174.729237,-36.409767 174.729067,-36.409740 174.728973,-36.409738 174.728890,-36.409777 174.728847,-36.409779 174.728725,-36.409731 174.728517,-36.409697 174.728314,-36.409624 174.728194,-36.409605 174.728145,-36.409618 174.728076,-36.409683 174.728001,-36.409719 174.727789,-36.409688 174.727599,-36.409658 174.727388,-36.409545 174.727307,-36.409458 174.727277,-36.409348 174.727125,-36.409230</coordinates></LineString><LineString><tessellate>1</tessellate><coordinates>174.730187,-36.421166 174.730270,-36.420946 174.730152,-36.420708 174.730072,-36.420347 174.729893,-36.420144 174.729711,-36.419832 174.729724,-36.419638 174.729806,-36.419534 174.729894,-36.419300 174.729607,-36.418129 174.729526,-36.417659 174.729528,-36.417449 174.729433,-36.416900 174.729407,-36.416553 174.729372,-36.415948 174.729386,-36.415921 174.729411,-36.415743 174.729392,-36.415551 174.729371,-36.415231 174.729338,-36.415056 174.729377,-36.414858 174.729360,-36.414593 174.729362,-36.414173 174.729322,-36.414014 174.729220,-36.413939 174.729160,-36.413838 174.729142,-36.413527 174.729138,-36.413177 174.729183,-36.412961 174.729267,-36.412834 174.729250,-36.412709 174.729229,-36.412578 174.729256,-36.412253 174.729245,-36.412085 174.729255,-36.411937 174.729299,-36.411757 174.729241,-36.411640 174.729207,-36.411543 174.729258,-36.411408 174.729329,-36.411218 174.729299,-36.410972 174.729383,-36.410839 174.729401,-36.410748 174.729359,-36.410538 174.729361,-36.410464 174.729379,-36.410371 174.729360,-36.410231 174.729383,-36.410160 174.729352,-36.410057 174.729321,-36.409963 174.729306,-36.409890 174.729310,-36.409777</coordinates></LineString></MultiGeometry></Placemark><Placemark><name>Snells Beach LINZ foot track 2</name><description>Sheet row 1201; LINZ t50_fid(s) 8494003,7646147,7646328,7646146</description><styleUrl>#c</styleUrl><MultiGeometry><LineString><tessellate>1</tessellate><coordinates>174.725344,-36.423470 174.725595,-36.423371 174.725712,-36.423303 174.725915,-36.423210 174.726371,-36.422901</coordinates></LineString><LineString><tessellate>1</tessellate><coordinates>174.723321,-36.420607 174.723415,-36.421041 174.723640,-36.421237 174.723955,-36.422168 174.725147,-36.423172 174.725344,-36.423470 174.725458,-36.423642 174.725478,-36.423704 174.725566,-36.423978</coordinates></LineString><LineString><tessellate>1</tessellate><coordinates>174.725478,-36.423704 174.725251,-36.423782 174.725076,-36.423850 174.724595,-36.424068 174.724432,-36.424154 174.724256,-36.424173 174.724124,-36.424561 174.724006,-36.424697 174.723990,-36.424745 174.724031,-36.424813 174.724124,-36.424833 174.724223,-36.424867 174.724330,-36.424938 174.724602,-36.424920</coordinates></LineString><LineString><tessellate>1</tessellate><coordinates>174.722721,-36.420715 174.722785,-36.420951 174.722520,-36.421000 174.722527,-36.421133 174.722486,-36.421270 174.722526,-36.421438 174.722601,-36.421576 174.722587,-36.421671 174.722509,-36.421753 174.722362,-36.421807 174.722237,-36.421815 174.722106,-36.421846 174.722019,-36.421899 174.721695,-36.421979 174.721411,-36.422028 174.721282,-36.421994 174.721153,-36.421964 174.721038,-36.422007 174.720960,-36.422109 174.720962,-36.422206 174.721182,-36.422375 174.721709,-36.422614 174.722072,-36.422677 174.722283,-36.422771 174.722371,-36.422965 174.722441,-36.423025 174.722598,-36.423039 174.722695,-36.423077 174.722755,-36.423105 174.722848,-36.423110 174.723044,-36.423075 174.723136,-36.423077 174.723221,-36.423114 174.723341,-36.423268 174.723432,-36.423374 174.723602,-36.423472 174.723661,-36.423559 174.723741,-36.423733 174.723872,-36.423845 174.724022,-36.423923 174.724220,-36.423985 174.724392,-36.423980 174.724595,-36.424068</coordinates></LineString></MultiGeometry></Placemark><Placemark><name>Snells Beach LINZ foot track 3</name><description>Sheet row 1202; LINZ t50_fid(s) 3574129</description><styleUrl>#c</styleUrl><MultiGeometry><LineString><tessellate>1</tessellate><coordinates>174.724472,-36.415332 174.725376,-36.415524 174.725388,-36.415526 174.726315,-36.415701 174.727225,-36.415887 174.727553,-36.416474 174.728035,-36.417778 174.728125,-36.417988</coordinates></LineString></MultiGeometry></Placemark><Placemark><name>Snells Beach LINZ foot track 4</name><description>Sheet row 1203; LINZ t50_fid(s) 8493889</description><styleUrl>#c</styleUrl><MultiGeometry><LineString><tessellate>1</tessellate><coordinates>174.728331,-36.426012 174.728864,-36.425819 174.729101,-36.425435 174.729176,-36.425401 174.729290,-36.425375 174.729628,-36.425466 174.730188,-36.425430 174.730275,-36.425426 174.730279,-36.425426</coordinates></LineString></MultiGeometry></Placemark><Placemark><name>Snells Beach LINZ foot track 5</name><description>Sheet row 1204; LINZ t50_fid(s) 8493888</description><styleUrl>#c</styleUrl><MultiGeometry><LineString><tessellate>1</tessellate><coordinates>174.723916,-36.427819 174.725415,-36.427100 174.725480,-36.427091 174.725542,-36.427090 174.725573,-36.427067 174.725609,-36.426994 174.725623,-36.426914</coordinates></LineString></MultiGeometry></Placemark><Placemark><name>Snells Beach LINZ foot track 6</name><description>Sheet row 1205; LINZ t50_fid(s) 8494010</description><styleUrl>#c</styleUrl><MultiGeometry><LineString><tessellate>1</tessellate><coordinates>174.724182,-36.413164 174.724186,-36.413163 174.724595,-36.413044 174.724983,-36.412957 174.725096,-36.412901 174.725096,-36.412901 174.725191,-36.412814 174.725070,-36.412538 174.724954,-36.412267 174.724897,-36.412168</coordinates></LineString></MultiGeometry></Placemark><Placemark><name>Weymouth LINZ foot track 1</name><description>Sheet row 1206; LINZ t50_fid(s) 3592757,8062688,8063894,8063320,8063893,8062687,3592751,8063896,8063895,8063319,8063318</description><styleUrl>#c</styleUrl><MultiGeometry><LineString><tessellate>1</tessellate><coordinates>174.856353,-37.021656 174.856351,-37.021647 174.856275,-37.021216 174.856253,-37.021090</coordinates></LineString><LineString><tessellate>1</tessellate><coordinates>174.856832,-37.026166 174.856835,-37.026102 174.856859,-37.026016 174.856868,-37.025961 174.856867,-37.025921 174.856858,-37.025886 174.856821,-37.025847 174.856771,-37.025814 174.856735,-37.025763 174.856692,-37.025638 174.856619,-37.025495 174.856590,-37.025459 174.856493,-37.025378 174.856468,-37.025330 174.856452,-37.025279 174.856453,-37.025142 174.856446,-37.025038 174.856430,-37.024953 174.856432,-37.024897 174.856431,-37.024842 174.856417,-37.024774 174.856394,-37.024624 174.856367,-37.024481 174.856353,-37.024429 174.856291,-37.024376 174.856214,-37.024308 174.856139,-37.024217 174.856086,-37.024154 174.856011,-37.024088 174.855972,-37.024027 174.855910,-37.023901 174.855859,-37.023819 174.855809,-37.023756 174.855740,-37.023724 174.855643,-37.023675 174.855552,-37.023570 174.855469,-37.023483 174.855455,-37.023454 174.855456,-37.023415 174.855442,-37.023382 174.855304,-37.023208 174.855123,-37.022977 174.854955,-37.022772 174.854898,-37.022696 174.854856,-37.022615 174.854808,-37.022490 174.854784,-37.022371 174.854798,-37.022209 174.854820,-37.022163 174.854882,-37.022087 174.854978,-37.022005 174.855070,-37.021903 174.855158,-37.021787 174.855219,-37.021738 174.855292,-37.021665 174.855365,-37.021570 174.855453,-37.021479 174.855556,-37.021406 174.855656,-37.021351 174.855795,-37.021302 174.855943,-37.021239 174.856080,-37.021167 174.856179,-37.021111 174.856253,-37.021090 174.856286,-37.021081 174.856615,-37.021001 174.856735,-37.020986 174.856898,-37.020956 174.857060,-37.020923 174.857168,-37.020910 174.857218,-37.020914 174.857283,-37.020929 174.857410,-37.020976 174.857548,-37.021013 174.857650,-37.021030 174.857751,-37.021065 174.857967,-37.021163 174.858238,-37.021268 174.858435,-37.021350 174.858520,-37.021379 174.858606,-37.021390 174.858759,-37.021393 174.858844,-37.021385 174.858919,-37.021333 174.858958,-37.021262 174.858967,-37.021195 174.858962,-37.021098 174.858940,-37.020987 174.858962,-37.020914 174.858991,-37.020847 174.858984,-37.020803 174.858977,-37.020727 174.858989,-37.020706 174.859008,-37.020696 174.859061,-37.020697 174.859095,-37.020720 174.859248,-37.020845 174.859327,-37.020902 174.859451,-37.020951 174.859660,-37.021014 174.859804,-37.021057 174.859949,-37.021072 174.860023,-37.021061 174.860073,-37.021038 174.860103,-37.020987 174.860099,-37.020941 174.860075,-37.020883 174.860024,-37.020822 174.859967,-37.020782 174.859808,-37.020708 174.859716,-37.020655 174.859653,-37.020606 174.859584,-37.020517 174.859525,-37.020403 174.859523,-37.020308 174.859583,-37.020240 174.859679,-37.020192 174.859770,-37.020157</coordinates></LineString><LineString><tessellate>1</tessellate><coordinates>174.856832,-37.026166 174.856898,-37.026132 174.856982,-37.026097 174.857094,-37.026090 174.857182,-37.026098 174.857321,-37.026125 174.857450,-37.026129 174.857612,-37.026129 174.857755,-37.026111 174.857889,-37.026102 174.857988,-37.026106 174.858076,-37.026111 174.858166,-37.026116</coordinates></LineString><LineString><tessellate>1</tessellate><coordinates>174.855176,-37.029715 174.855152,-37.029659 174.855116,-37.029629 174.855052,-37.029632 174.854985,-37.029683 174.854927,-37.029736 174.854831,-37.029771 174.854716,-37.029856 174.854662,-37.029887 174.854631,-37.029888 174.854615,-37.029863 174.854624,-37.029827 174.854737,-37.029669 174.854831,-37.029592 174.854916,-37.029536 174.854984,-37.029496 174.855002,-37.029453 174.855019,-37.029349 174.855136,-37.029253 174.855231,-37.029203 174.855309,-37.029174 174.855387,-37.029124 174.855467,-37.029022 174.855500,-37.028947 174.855501,-37.028890 174.855481,-37.028860 174.855431,-37.028804 174.855426,-37.028765 174.855434,-37.028684 174.855503,-37.028570 174.855589,-37.028466 174.855673,-37.028381 174.855738,-37.028338 174.855740,-37.028319 174.855720,-37.028279 174.855648,-37.028221 174.855607,-37.028187 174.855593,-37.028157 174.855612,-37.028106 174.855671,-37.028049 174.855822,-37.027955 174.855898,-37.027883 174.855981,-37.027794 174.856032,-37.027754 174.856089,-37.027670 174.856152,-37.027522 174.856177,-37.027449 174.856202,-37.027412 174.856245,-37.027331 174.856266,-37.027261 174.856299,-37.027136 174.856339,-37.027053 174.856408,-37.026928 174.856468,-37.026850 174.856540,-37.026754 174.856607,-37.026629 174.856655,-37.026469 174.856724,-37.026352 174.856802,-37.026227 174.856832,-37.026166</coordinates></LineString><LineString><tessellate>1</tessellate><coordinates>174.856553,-37.036335 174.856644,-37.036290 174.856833,-37.036205 174.856934,-37.036128 174.856998,-37.036054 174.857049,-37.035980 174.857111,-37.035933 174.857210,-37.035906 174.857258,-37.035893 174.857324,-37.035876</coordinates></LineString><LineString><tessellate>1</tessellate><coordinates>174.856553,-37.036335 174.856564,-37.036290 174.856607,-37.036236 174.856700,-37.036119 174.856741,-37.035999 174.856723,-37.035790 174.856623,-37.035509 174.856539,-37.035377 174.856489,-37.035281 174.856482,-37.035211 174.856499,-37.035054 174.856492,-37.034908 174.856479,-37.034828 174.856436,-37.034700 174.856416,-37.034633 174.856424,-37.034590 174.856444,-37.034549 174.856515,-37.034473 174.856535,-37.034419 174.856532,-37.034294 174.856538,-37.034228 174.856583,-37.034056 174.856633,-37.033954 174.856694,-37.033855 174.856742,-37.033826 174.856788,-37.033817 174.856924,-37.033817 174.857047,-37.033710 174.857244,-37.033577 174.857454,-37.033464 174.857404,-37.033369 174.857341,-37.033258 174.857220,-37.033198 174.857131,-37.033142 174.857062,-37.033068 174.857026,-37.032999 174.857003,-37.032879 174.856939,-37.032714 174.856889,-37.032567 174.856841,-37.032373 174.856773,-37.032209 174.856696,-37.032004 174.856656,-37.031902 174.856612,-37.031727 174.856555,-37.031685 174.856436,-37.031640 174.856387,-37.031592 174.856309,-37.031467 174.856225,-37.031406 174.856077,-37.031355 174.855972,-37.031330 174.855811,-37.031316 174.855654,-37.031314 174.855560,-37.031316 174.855507,-37.031308 174.855442,-37.031266 174.855226,-37.031079 174.855161,-37.031028 174.855170,-37.030979 174.855206,-37.030921 174.855348,-37.030805 174.855359,-37.030783</coordinates></LineString><LineString><tessellate>1</tessellate><coordinates>174.855891,-37.030772 174.855682,-37.030761 174.855409,-37.030781 174.855359,-37.030783</coordinates></LineString><LineString><tessellate>1</tessellate><coordinates>174.855402,-37.029947 174.855304,-37.029883 174.855244,-37.029900 174.855218,-37.029898 174.855194,-37.029881 174.855187,-37.029851 174.855189,-37.029775 174.855176,-37.029715</coordinates></LineString><LineString><tessellate>1</tessellate><coordinates>174.855359,-37.030783 174.855368,-37.030766 174.855380,-37.030550 174.855372,-37.030501 174.855356,-37.030462 174.855329,-37.030427 174.855297,-37.030409 174.855229,-37.030379 174.855206,-37.030362 174.855190,-37.030340 174.855172,-37.030289 174.855123,-37.030216 174.855073,-37.030155 174.855016,-37.030106 174.854981,-37.030062 174.854952,-37.030009 174.854934,-37.029967 174.854906,-37.029921 174.854911,-37.029898 174.854946,-37.029861 174.855045,-37.029787 174.855142,-37.029735 174.855176,-37.029715</coordinates></LineString><LineString><tessellate>1</tessellate><coordinates>174.859618,-37.042366 174.859651,-37.042292 174.859704,-37.042239 174.859700,-37.042185 174.859688,-37.042113 174.859686,-37.042043 174.859698,-37.041997 174.859695,-37.041978 174.859667,-37.041962 174.859587,-37.041919 174.859533,-37.041862 174.859482,-37.041774 174.859432,-37.041723 174.859375,-37.041677 174.859296,-37.041647 174.859202,-37.041637 174.859078,-37.041632 174.858972,-37.041615 174.858848,-37.041569 174.858589,-37.041423 174.858344,-37.041263 174.858166,-37.041158 174.858098,-37.041109 174.858013,-37.041014 174.857922,-37.040897 174.857888,-37.040830 174.857882,-37.040748 174.857914,-37.040629 174.857986,-37.040460 174.858021,-37.040372 174.858027,-37.040317 174.858021,-37.040227 174.857999,-37.040089 174.857944,-37.039841 174.857889,-37.039640 174.857820,-37.039447 174.857755,-37.039298 174.857693,-37.039163 174.857653,-37.039064 174.857605,-37.038990 174.857545,-37.038913 174.857477,-37.038837 174.857417,-37.038787 174.857342,-37.038738 174.857281,-37.038687 174.857230,-37.038620 174.857221,-37.038597 174.857234,-37.038561 174.857253,-37.038499 174.857245,-37.038464 174.857181,-37.038441 174.857108,-37.038452 174.857027,-37.038483 174.856962,-37.038475 174.856876,-37.038440 174.856711,-37.038438 174.856594,-37.038435 174.856554,-37.038407 174.856518,-37.038347 174.856463,-37.038240 174.856379,-37.038030 174.856328,-37.037934 174.856280,-37.037882 174.856215,-37.037850 174.856068,-37.037802 174.855848,-37.037749 174.855776,-37.037720 174.855740,-37.037688 174.855731,-37.037650 174.855740,-37.037609 174.855785,-37.037558 174.855880,-37.037489 174.856094,-37.037322 174.856131,-37.037276 174.856152,-37.037221 174.856181,-37.037108 174.856213,-37.037057 174.856328,-37.036904 174.856442,-37.036695 174.856513,-37.036535 174.856548,-37.036396 174.856553,-37.036335</coordinates></LineString><LineString><tessellate>1</tessellate><coordinates>174.860716,-37.042332 174.860528,-37.042284 174.860380,-37.042264 174.860277,-37.042279 174.860107,-37.042342 174.859937,-37.042393 174.859767,-37.042400 174.859618,-37.042366 174.859493,-37.042340 174.859360,-37.042351 174.859108,-37.042329 174.858631,-37.042253 174.858422,-37.042226 174.858197,-37.042200 174.858087,-37.042198 174.858025,-37.042216 174.858000,-37.042234 174.857987,-37.042260 174.857936,-37.042449 174.857880,-37.042744 174.857851,-37.042892 174.857834,-37.042922 174.857720,-37.042972 174.857648,-37.043022 174.857595,-37.043098 174.857553,-37.043194 174.857500,-37.043316 174.857486,-37.043391 174.857493,-37.043445 174.857539,-37.043492 174.857583,-37.043532 174.857597,-37.043566 174.857606,-37.043649 174.857586,-37.043694 174.857548,-37.043715 174.857468,-37.043753 174.857412,-37.043817 174.857361,-37.043907 174.857320,-37.044063 174.857324,-37.044205</coordinates></LineString></MultiGeometry></Placemark><Placemark><name>Wattle Downs LINZ foot track 1</name><description>Sheet row 1207; LINZ t50_fid(s) 8062690,3592730,8063316,8063892,8063317,3592726,3592724,8062686,3592728,8063315</description><styleUrl>#c</styleUrl><MultiGeometry><LineString><tessellate>1</tessellate><coordinates>174.895623,-37.047999 174.895832,-37.047902 174.895975,-37.047854 174.896105,-37.047788 174.896216,-37.047752 174.896377,-37.047723 174.896506,-37.047689 174.896626,-37.047674 174.896729,-37.047673 174.897052,-37.047676 174.897162,-37.047663 174.897271,-37.047635 174.897478,-37.047570 174.897542,-37.047523 174.897685,-37.047405 174.897795,-37.047288 174.897898,-37.047209 174.898006,-37.047152 174.898138,-37.047105 174.898217,-37.047072 174.898336,-37.046985 174.898397,-37.046916 174.898430,-37.046839 174.898467,-37.046767 174.898519,-37.046722 174.898629,-37.046686 174.898790,-37.046644 174.898975,-37.046614 174.899090,-37.046609 174.899192,-37.046594 174.899313,-37.046561 174.899605,-37.046427 174.899817,-37.046327 174.899966,-37.046226 174.900064,-37.046177 174.900143,-37.046136 174.900231,-37.046078 174.900307,-37.045985 174.900373,-37.045877 174.900439,-37.045740 174.900461,-37.045606 174.900459,-37.045499 174.900422,-37.045287 174.900410,-37.045143 174.900413,-37.044987 174.900414,-37.044878 174.900399,-37.044805 174.900353,-37.044724 174.900274,-37.044607 174.900087,-37.044349 174.899988,-37.044211 174.899943,-37.044088 174.899886,-37.043913 174.899853,-37.043783 174.899791,-37.043670 174.899689,-37.043468 174.899570,-37.043259 174.899480,-37.043135 174.899405,-37.042962 174.899353,-37.042867 174.899320,-37.042751 174.899301,-37.042588 174.899311,-37.042393 174.899346,-37.042234 174.899371,-37.042120 174.899371,-37.042014 174.899380,-37.041806 174.899424,-37.041702 174.899524,-37.041520 174.899563,-37.041379 174.899616,-37.041244 174.899674,-37.041157 174.899820,-37.041012 174.899980,-37.040857 174.900158,-37.040690 174.900457,-37.040421 174.900503,-37.040370 174.900533,-37.040265 174.900586,-37.040184 174.900623,-37.040092 174.900641,-37.039981 174.900652,-37.039894 174.900638,-37.039795 174.900602,-37.039714 174.900700,-37.039517</coordinates></LineString><LineString><tessellate>1</tessellate><coordinates>174.895340,-37.047641 174.895574,-37.047938 174.895623,-37.047999</coordinates></LineString><LineString><tessellate>1</tessellate><coordinates>174.891240,-37.050671 174.891352,-37.050665 174.891485,-37.050636 174.891713,-37.050579 174.891832,-37.050576 174.891968,-37.050591 174.892086,-37.050606 174.892223,-37.050594 174.892436,-37.050572 174.892530,-37.050550 174.892584,-37.050520 174.892628,-37.050460 174.892692,-37.050348 174.892738,-37.050244 174.892803,-37.050144 174.892881,-37.050057 174.892959,-37.049981 174.893036,-37.049922 174.893119,-37.049877 174.893128,-37.049836 174.893145,-37.049798 174.893169,-37.049770 174.893232,-37.049742 174.893283,-37.049739 174.893346,-37.049733 174.893391,-37.049722 174.893482,-37.049673 174.893606,-37.049586 174.893683,-37.049538 174.893740,-37.049521 174.893828,-37.049519 174.893982,-37.049510 174.894140,-37.049499 174.894306,-37.049513 174.894482,-37.049518 174.894617,-37.049519 174.894759,-37.049511 174.894888,-37.049503 174.894957,-37.049509 174.895024,-37.049543 174.895143,-37.049594 174.895213,-37.049615 174.895281,-37.049624 174.895365,-37.049622 174.895422,-37.049608 174.895470,-37.049583 174.895511,-37.049551 174.895522,-37.049523 174.895522,-37.049503 174.895514,-37.049480 174.895458,-37.049411 174.895428,-37.049352 174.895403,-37.049272 174.895387,-37.049185 174.895372,-37.049101 174.895360,-37.049056 174.895333,-37.049006 174.895268,-37.048942 174.895185,-37.048876 174.895121,-37.048802 174.895052,-37.048705 174.895000,-37.048620 174.894960,-37.048538 174.894954,-37.048466 174.894977,-37.048383 174.895035,-37.048279 174.895110,-37.048203 174.895264,-37.048089 174.895331,-37.048062 174.895387,-37.048058 174.895489,-37.048054 174.895577,-37.048019 174.895623,-37.047999</coordinates></LineString><LineString><tessellate>1</tessellate><coordinates>174.891240,-37.050671 174.891180,-37.050565 174.891126,-37.050503 174.891005,-37.050381 174.890990,-37.050366</coordinates></LineString><LineString><tessellate>1</tessellate><coordinates>174.889085,-37.053525 174.889179,-37.053456 174.889403,-37.053305 174.889634,-37.053209 174.889777,-37.053190 174.889889,-37.053165 174.890063,-37.053102 174.890265,-37.053044 174.890412,-37.053042 174.890523,-37.052998 174.890668,-37.052920 174.890790,-37.052799 174.890832,-37.052670 174.890855,-37.052556 174.890848,-37.052361 174.890854,-37.052204 174.890906,-37.052082 174.890959,-37.051980 174.890971,-37.051842 174.890987,-37.051736 174.890981,-37.051638 174.890983,-37.051592 174.891042,-37.051536 174.891055,-37.051458 174.891027,-37.051365 174.891000,-37.051239 174.891021,-37.051124 174.891050,-37.051029 174.891033,-37.050972 174.891047,-37.050909 174.891170,-37.050786 174.891236,-37.050709 174.891240,-37.050671</coordinates></LineString><LineString><tessellate>1</tessellate><coordinates>174.887317,-37.054608 174.887670,-37.054823 174.887762,-37.054879</coordinates></LineString><LineString><tessellate>1</tessellate><coordinates>174.887897,-37.052561 174.887853,-37.052934 174.888399,-37.053266 174.888538,-37.053274 174.888541,-37.053275 174.888988,-37.053487 174.889085,-37.053525</coordinates></LineString><LineString><tessellate>1</tessellate><coordinates>174.879711,-37.053534 174.879881,-37.053601 174.880127,-37.053717 174.880271,-37.053813 174.880355,-37.053917 174.880391,-37.054017 174.880428,-37.054136 174.880429,-37.054285 174.880447,-37.054360 174.880512,-37.054470 174.880602,-37.054622 174.880626,-37.054730 174.880641,-37.054896 174.880607,-37.055022 174.880621,-37.055057 174.880659,-37.055107 174.880818,-37.055178 174.881081,-37.055258 174.881317,-37.055361 174.881447,-37.055443 174.881506,-37.055517 174.881545,-37.055609 174.881589,-37.055684 174.881666,-37.055725 174.881795,-37.055762 174.881905,-37.055786 174.882006,-37.055830 174.882080,-37.055877 174.882122,-37.055982 174.882146,-37.056094 174.882174,-37.056188 174.882265,-37.056342 174.882332,-37.056521 174.882364,-37.056663 174.882412,-37.056820 174.882465,-37.056926 174.882514,-37.056997 174.882617,-37.057037 174.882787,-37.057061 174.882895,-37.057077 174.883024,-37.057108 174.883143,-37.057152 174.883237,-37.057159 174.883338,-37.057124 174.883506,-37.057044 174.883655,-37.057020 174.883815,-37.057037 174.884079,-37.057112 174.884306,-37.057222 174.884461,-37.057249 174.884587,-37.057232 174.884640,-37.057292 174.884840,-37.057423 174.884949,-37.057480 174.885016,-37.057473 174.885107,-37.057429 174.885329,-37.057306 174.885465,-37.057201 174.885707,-37.057040 174.885888,-37.056958 174.886030,-37.056869 174.886174,-37.056781 174.886375,-37.056652 174.886584,-37.056527 174.886599,-37.056504 174.886626,-37.056428 174.886662,-37.056388 174.886696,-37.056380 174.886760,-37.056367 174.886805,-37.056377 174.886869,-37.056414 174.886926,-37.056413 174.887098,-37.056376 174.887233,-37.056337 174.887282,-37.056292 174.887319,-37.056211 174.887337,-37.056083 174.887309,-37.056004 174.887289,-37.055851 174.887311,-37.055656 174.887351,-37.055494 174.887421,-37.055363 174.887644,-37.055051 174.887762,-37.054879 174.887767,-37.054870 174.887852,-37.054798 174.887975,-37.054704 174.888184,-37.054591 174.888540,-37.054458 174.888663,-37.054372 174.888751,-37.054224 174.888767,-37.054116 174.888750,-37.053961 174.888756,-37.053886 174.888841,-37.053731 174.888922,-37.053644 174.889085,-37.053525</coordinates></LineString><LineString><tessellate>1</tessellate><coordinates>174.879850,-37.053009 174.879741,-37.053422 174.879711,-37.053534</coordinates></LineString><LineString><tessellate>1</tessellate><coordinates>174.877482,-37.053126 174.877507,-37.053144 174.877600,-37.053209 174.877651,-37.053347 174.877735,-37.053478 174.877830,-37.053493 174.877943,-37.053540 174.878070,-37.053561 174.878182,-37.053563 174.878294,-37.053557 174.878436,-37.053586 174.878566,-37.053600 174.878643,-37.053581 174.878900,-37.053499 174.879089,-37.053427 174.879178,-37.053411 174.879419,-37.053445 174.879617,-37.053496 174.879711,-37.053534</coordinates></LineString></MultiGeometry></Placemark><Placemark><name>Ōtara LINZ foot track 2</name><description>Sheet row 1208; LINZ t50_fid(s) 8063328,3592982,3592980,3584658,3554625,3573825,3573826</description><styleUrl>#c</styleUrl><MultiGeometry><LineString><tessellate>1</tessellate><coordinates>174.880782,-36.952420 174.880766,-36.952288 174.880751,-36.952170 174.880736,-36.951989 174.880704,-36.951861 174.880596,-36.951739 174.880427,-36.951574 174.880352,-36.951477 174.880249,-36.951336 174.880046,-36.951148 174.879733,-36.950916 174.879570,-36.950636 174.879658,-36.950294 174.879650,-36.949968 174.879357,-36.949619 174.879281,-36.949011 174.879235,-36.948724 174.878835,-36.948362 174.878547,-36.948119 174.878151,-36.948298</coordinates></LineString><LineString><tessellate>1</tessellate><coordinates>174.879463,-36.952373 174.880262,-36.952270 174.880782,-36.952420</coordinates></LineString><LineString><tessellate>1</tessellate><coordinates>174.879159,-36.953940 174.879739,-36.953971 174.879968,-36.953964</coordinates></LineString><LineString><tessellate>1</tessellate><coordinates>174.879968,-36.953964 174.880455,-36.953718 174.880595,-36.953449 174.880660,-36.953068 174.880782,-36.952420</coordinates></LineString><LineString><tessellate>1</tessellate><coordinates>174.879052,-36.961984 174.878886,-36.961725 174.878533,-36.961317 174.878427,-36.960996 174.878341,-36.960803 174.878240,-36.960395 174.878201,-36.959583 174.878138,-36.959226 174.878110,-36.958907 174.878059,-36.958555 174.877947,-36.958237 174.877931,-36.957890 174.877959,-36.957762 174.878248,-36.957452 174.878381,-36.957374 174.878848,-36.957130 174.879266,-36.956826 174.879398,-36.956587 174.879414,-36.956559 174.879415,-36.956545 174.879422,-36.956465 174.879371,-36.956350 174.879349,-36.956077 174.879468,-36.955925 174.879529,-36.955839 174.879689,-36.955836 174.879699,-36.955838 174.879903,-36.955884 174.880141,-36.955786 174.880333,-36.955599 174.880433,-36.955423 174.880439,-36.954916 174.880511,-36.954754 174.880667,-36.954457 174.880681,-36.954128 174.880551,-36.954044 174.880422,-36.954044 174.880343,-36.954043 174.880034,-36.954057 174.879968,-36.953964</coordinates></LineString><LineString><tessellate>1</tessellate><coordinates>174.879052,-36.961984 174.878347,-36.961919 174.876487,-36.961902 174.874987,-36.961895 174.874868,-36.961896</coordinates></LineString><LineString><tessellate>1</tessellate><coordinates>174.881184,-36.965103 174.880982,-36.964969 174.880724,-36.964695 174.880155,-36.963538 174.880132,-36.963513 174.879891,-36.963132 174.879874,-36.963104 174.879490,-36.962495 174.879479,-36.962482 174.879052,-36.961984</coordinates></LineString></MultiGeometry></Placemark><Placemark><name>Wattle Downs LINZ foot track 2</name><description>Sheet row 1209; LINZ t50_fid(s) 8062689,8063891,8063646,8063890,8063645,8063888,8063889,8063887</description><styleUrl>#c</styleUrl><MultiGeometry><LineString><tessellate>1</tessellate><coordinates>174.875101,-37.048624 174.874949,-37.048477 174.874997,-37.048359 174.875035,-37.048277 174.875136,-37.048112 174.875208,-37.048000 174.875250,-37.047901 174.875277,-37.047839 174.875290,-37.047793 174.875309,-37.047716 174.875339,-37.047664 174.875392,-37.047608 174.875480,-37.047538 174.875550,-37.047500 174.875616,-37.047484 174.875780,-37.047451 174.875862,-37.047428 174.875914,-37.047399 174.875965,-37.047348 174.876004,-37.047317 174.876074,-37.047288 174.876136,-37.047260 174.876186,-37.047220 174.876319,-37.047065 174.876384,-37.047005 174.876414,-37.046993 174.876452,-37.046990 174.876512,-37.047009 174.876560,-37.047016 174.876642,-37.047014 174.876718,-37.046988 174.876795,-37.046983 174.876912,-37.046983 174.876961,-37.046971 174.877037,-37.046925 174.877070,-37.046866 174.877103,-37.046774 174.877134,-37.046741 174.877165,-37.046729 174.877247,-37.046715 174.877342,-37.046664 174.877481,-37.046580 174.877582,-37.046513 174.877729,-37.046428 174.877835,-37.046367 174.877876,-37.046350 174.877920,-37.046340 174.878016,-37.046343 174.878083,-37.046346 174.878143,-37.046345 174.878171,-37.046338 174.878255,-37.046293 174.878339,-37.046245 174.878384,-37.046197 174.878376,-37.046163 174.878360,-37.046094 174.878368,-37.046017 174.878388,-37.045994 174.878513,-37.045875 174.878657,-37.045750 174.878781,-37.045641 174.878864,-37.045545 174.878916,-37.045431 174.878948,-37.045351 174.878994,-37.045268 174.879048,-37.045209 174.879152,-37.045114 174.879232,-37.045058 174.879308,-37.045037 174.879427,-37.045016 174.879591,-37.045003 174.879694,-37.045010 174.879812,-37.045036 174.879897,-37.045072 174.880004,-37.045146 174.880057,-37.045198 174.880075,-37.045244 174.880082,-37.045323 174.880102,-37.045386 174.880131,-37.045433 174.880179,-37.045482 174.880275,-37.045557 174.880349,-37.045595 174.880463,-37.045652 174.880526,-37.045700 174.880568,-37.045749 174.880590,-37.045808 174.880614,-37.045853 174.880683,-37.045919 174.880766,-37.046005 174.880845,-37.046107 174.880900,-37.046215 174.880917,-37.046279 174.880924,-37.046342 174.880931,-37.046571 174.880932,-37.046690 174.880908,-37.046767 174.880831,-37.046921 174.880828,-37.046965 174.880829,-37.047057 174.880847,-37.047098 174.880889,-37.047141 174.880967,-37.047204 174.881009,-37.047200 174.881049,-37.047206 174.881096,-37.047234 174.881218,-37.047344 174.881287,-37.047395 174.881415,-37.047441 174.881564,-37.047462 174.881647,-37.047485 174.881694,-37.047545 174.881703,-37.047606 174.881710,-37.047674 174.881740,-37.047778 174.881766,-37.047848 174.881770,-37.047927 174.881742,-37.048053 174.881671,-37.048195 174.881636,-37.048252</coordinates></LineString><LineString><tessellate>1</tessellate><coordinates>174.884666,-37.047293 174.884716,-37.047252 174.884781,-37.047131 174.884852,-37.047017 174.884938,-37.046896 174.885012,-37.046819 174.885090,-37.046791 174.885220,-37.046791 174.885346,-37.046781 174.885448,-37.046783 174.885555,-37.046769 174.885608,-37.046795 174.885638,-37.046856 174.885671,-37.046916 174.885770,-37.046943</coordinates></LineString><LineString><tessellate>1</tessellate><coordinates>174.885770,-37.046943 174.885809,-37.046881 174.885894,-37.046843 174.886000,-37.046824 174.886139,-37.046788 174.886240,-37.046756 174.886306,-37.046715 174.886352,-37.046672 174.886450,-37.046528 174.886510,-37.046402 174.886535,-37.046319 174.886546,-37.046220 174.886545,-37.046093 174.886565,-37.045978 174.886603,-37.045872 174.886711,-37.045708 174.886827,-37.045549 174.886959,-37.045348 174.887025,-37.045221 174.887058,-37.045135 174.887079,-37.045072 174.887126,-37.045017 174.887263,-37.044914 174.887349,-37.044880 174.887437,-37.044850 174.887612,-37.044859</coordinates></LineString><LineString><tessellate>1</tessellate><coordinates>174.884666,-37.047293 174.884710,-37.047329 174.884728,-37.047417 174.884764,-37.047483 174.884827,-37.047531 174.884863,-37.047573 174.884931,-37.047693 174.884976,-37.047734 174.885041,-37.047742 174.885196,-37.047741 174.885261,-37.047710 174.885305,-37.047663 174.885359,-37.047586 174.885426,-37.047524 174.885601,-37.047426 174.885759,-37.047338 174.885835,-37.047259 174.885858,-37.047185 174.885840,-37.047129 174.885792,-37.047059 174.885771,-37.046999 174.885770,-37.046943</coordinates></LineString><LineString><tessellate>1</tessellate><coordinates>174.882580,-37.048626 174.882655,-37.048570 174.882779,-37.048504 174.882969,-37.048428 174.883135,-37.048374 174.883230,-37.048311 174.883277,-37.048249 174.883325,-37.048187 174.883375,-37.048161 174.883457,-37.048110 174.883501,-37.048054 174.883542,-37.047967 174.883628,-37.047895 174.883724,-37.047856 174.883889,-37.047823 174.884004,-37.047768 174.884073,-37.047686 174.884119,-37.047597 174.884147,-37.047500 174.884185,-37.047414 174.884245,-37.047383 174.884401,-37.047342 174.884458,-37.047293 174.884523,-37.047260 174.884595,-37.047266 174.884666,-37.047293</coordinates></LineString><LineString><tessellate>1</tessellate><coordinates>174.881636,-37.048252 174.881770,-37.048301 174.881937,-37.048388 174.882120,-37.048470 174.882257,-37.048525 174.882467,-37.048591 174.882580,-37.048626</coordinates></LineString><LineString><tessellate>1</tessellate><coordinates>174.882984,-37.049080 174.882885,-37.049016 174.882835,-37.048984 174.882749,-37.048959 174.882634,-37.048933 174.882587,-37.048904 174.882557,-37.048859 174.882551,-37.048815 174.882565,-37.048744 174.882569,-37.048665 174.882580,-37.048626</coordinates></LineString><LineString><tessellate>1</tessellate><coordinates>174.881636,-37.048252 174.881554,-37.048286 174.881492,-37.048320 174.881408,-37.048363 174.881318,-37.048437 174.881234,-37.048473 174.881163,-37.048487 174.881111,-37.048478 174.881038,-37.048403 174.880995,-37.048374 174.880936,-37.048334</coordinates></LineString></MultiGeometry></Placemark><Placemark><name>Māngere Bridge LINZ foot track 7</name><description>Sheet row 1210; LINZ t50_fid(s) 8062696</description><styleUrl>#c</styleUrl><MultiGeometry><LineString><tessellate>1</tessellate><coordinates>174.771096,-36.957174 174.771122,-36.957124 174.771177,-36.957020 174.771255,-36.956944 174.771576,-36.956775 174.772253,-36.956587 174.772474,-36.956542 174.772790,-36.956103 174.773237,-36.955894 174.773694,-36.955946 174.773850,-36.955944 174.774057,-36.955439 174.774642,-36.955205 174.775265,-36.954918 174.776053,-36.954480 174.776484,-36.954197 174.776917,-36.953990 174.777449,-36.953982 174.777952,-36.954087 174.778591,-36.954015 174.779216,-36.953955 174.779763,-36.953960 174.780285,-36.954216 174.780654,-36.954624 174.780993,-36.955071 174.781302,-36.955556 174.781502,-36.956118 174.781688,-36.956692 174.781604,-36.957133 174.781295,-36.957941 174.780946,-36.958423 174.780413,-36.959034 174.779952,-36.959405 174.779596,-36.959568 174.779052,-36.959719 174.778945,-36.959749 174.778931,-36.959753 174.778706,-36.959827 174.778489,-36.959761 174.778167,-36.959730 174.777823,-36.959382 174.777729,-36.959244 174.777612,-36.959220 174.777516,-36.959252 174.777312,-36.959374 174.776901,-36.959474 174.776643,-36.959462 174.776221,-36.959370 174.775929,-36.959270</coordinates></LineString></MultiGeometry></Placemark><Placemark><name>Māngere Bridge LINZ foot track 8</name><description>Sheet row 1211; LINZ t50_fid(s) 8063326,3554618</description><styleUrl>#c</styleUrl><MultiGeometry><LineString><tessellate>1</tessellate><coordinates>174.765452,-36.952934 174.765381,-36.953218 174.765429,-36.953564 174.765653,-36.954192 174.765847,-36.954631 174.766024,-36.954923 174.766201,-36.955205 174.766838,-36.955532 174.767671,-36.955836 174.768292,-36.956047 174.768824,-36.956355 174.769322,-36.956937 174.769696,-36.957216 174.769796,-36.957270 174.770098,-36.957424 174.770327,-36.957480 174.770485,-36.957272 174.770566,-36.957105 174.770595,-36.957045</coordinates></LineString><LineString><tessellate>1</tessellate><coordinates>174.756823,-36.949217 174.759552,-36.950424 174.760347,-36.950871 174.760870,-36.951272 174.761040,-36.951031 174.761366,-36.951159 174.761224,-36.951442 174.761930,-36.951686 174.762130,-36.951728 174.763740,-36.952230 174.764253,-36.952437 174.764766,-36.952711 174.765452,-36.952934</coordinates></LineString></MultiGeometry></Placemark><Placemark><name>Manukau LINZ foot track 1</name><description>Sheet row 1212; LINZ t50_fid(s) 3584604,3592809,3592810,3592819,3592826,3584605,3592828,3592827,3592817,3592818,3584603</description><styleUrl>#c</styleUrl><MultiGeometry><LineString><tessellate>1</tessellate><coordinates>174.884852,-37.003128 174.884607,-37.003023 174.884109,-37.002801 174.883860,-37.002592 174.883644,-37.002310 174.883630,-37.002283 174.883452,-37.001971 174.883414,-37.001935 174.883083,-37.001278 174.883008,-37.000822 174.883065,-37.000660</coordinates></LineString><LineString><tessellate>1</tessellate><coordinates>174.882560,-36.998608 174.882105,-36.998737 174.882041,-36.998858 174.881555,-36.999017 174.881108,-36.998978 174.880920,-36.998846</coordinates></LineString><LineString><tessellate>1</tessellate><coordinates>174.882560,-36.998608 174.882421,-36.998458 174.882291,-36.998363 174.882023,-36.998234 174.881895,-36.998033 174.881518,-36.997971 174.881121,-36.997929 174.880833,-36.997998</coordinates></LineString><LineString><tessellate>1</tessellate><coordinates>174.882560,-36.998608 174.882793,-36.998799 174.882962,-36.998868 174.883172,-36.998843</coordinates></LineString><LineString><tessellate>1</tessellate><coordinates>174.882214,-37.001104 174.882397,-37.001032 174.882473,-37.000961 174.882546,-37.000870 174.882636,-37.000841 174.882784,-37.000773 174.883065,-37.000660</coordinates></LineString><LineString><tessellate>1</tessellate><coordinates>174.883172,-36.998843 174.883211,-36.999164 174.883274,-36.999356 174.883358,-36.999608 174.883384,-36.999864 174.883293,-36.999990 174.883130,-37.000031 174.882995,-37.000202 174.883065,-37.000660</coordinates></LineString><LineString><tessellate>1</tessellate><coordinates>174.883711,-36.998801 174.883481,-36.998823 174.883172,-36.998843</coordinates></LineString><LineString><tessellate>1</tessellate><coordinates>174.883771,-37.000565 174.883296,-37.000638 174.883065,-37.000660</coordinates></LineString><LineString><tessellate>1</tessellate><coordinates>174.880920,-36.998846 174.880899,-36.998912 174.880757,-36.999424</coordinates></LineString><LineString><tessellate>1</tessellate><coordinates>174.880833,-36.997998 174.880536,-36.998362 174.880542,-36.998418 174.880549,-36.998474 174.880721,-36.998686 174.880827,-36.998787 174.880920,-36.998846</coordinates></LineString><LineString><tessellate>1</tessellate><coordinates>174.880757,-36.999424 174.880741,-36.999502 174.880736,-36.999537 174.880720,-36.999672 174.880665,-37.000124 174.880526,-37.000346 174.879971,-37.000694 174.879643,-37.000804 174.879235,-37.000975 174.878703,-37.001132 174.878700,-37.001133 174.878580,-37.001175</coordinates></LineString></MultiGeometry></Placemark><Placemark><name>Whitford LINZ foot track 1</name><description>Sheet row 1213; LINZ t50_fid(s) 3584696,3573838,3554635</description><styleUrl>#c</styleUrl><MultiGeometry><LineString><tessellate>1</tessellate><coordinates>174.963036,-36.979688 174.962755,-36.979511 174.961935,-36.979278 174.961667,-36.979215 174.961225,-36.979155 174.960906,-36.979138 174.960693,-36.979029 174.960675,-36.978893 174.960820,-36.978609 174.960785,-36.978346 174.960854,-36.978040 174.960952,-36.977811</coordinates></LineString><LineString><tessellate>1</tessellate><coordinates>174.963036,-36.979688 174.963041,-36.979283 174.962990,-36.978620 174.962808,-36.977800 174.963073,-36.977259 174.963070,-36.977106 174.963159,-36.976310 174.963326,-36.976172</coordinates></LineString><LineString><tessellate>1</tessellate><coordinates>174.956603,-36.981485 174.956789,-36.981716 174.957146,-36.982001 174.957417,-36.982149 174.957796,-36.982129 174.958402,-36.982004 174.958941,-36.982062 174.959538,-36.982156 174.959889,-36.982060 174.960360,-36.981935 174.960677,-36.981860 174.960899,-36.981794 174.961166,-36.981769 174.961434,-36.981813 174.961990,-36.981645 174.962505,-36.981242 174.962713,-36.980863 174.962970,-36.980567 174.963172,-36.980346 174.963270,-36.980137 174.963264,-36.979895 174.963036,-36.979688</coordinates></LineString></MultiGeometry></Placemark><Placemark><name>Ōtara LINZ foot track 3</name><description>Sheet row 1214; LINZ t50_fid(s) 3573813,8063898,8063322</description><styleUrl>#c</styleUrl><MultiGeometry><LineString><tessellate>1</tessellate><coordinates>174.887314,-36.966384 174.887790,-36.966659 174.888032,-36.966728 174.888100,-36.966831 174.888100,-36.967087 174.888501,-36.967253 174.888853,-36.967263 174.889277,-36.967330 174.889598,-36.967418 174.889714,-36.967620 174.889664,-36.967945 174.889602,-36.968097 174.889569,-36.968317 174.890002,-36.968718 174.890441,-36.969300</coordinates></LineString><LineString><tessellate>1</tessellate><coordinates>174.890041,-36.969227 174.890441,-36.969300</coordinates></LineString><LineString><tessellate>1</tessellate><coordinates>174.890441,-36.969300 174.890448,-36.969301 174.891556,-36.969507 174.891917,-36.969568 174.892302,-36.969625 174.892393,-36.969645 174.892495,-36.969694 174.892595,-36.969746 174.892775,-36.969862 174.892960,-36.969963 174.893027,-36.969993 174.893088,-36.970006 174.893144,-36.969991 174.893179,-36.969975 174.893210,-36.969945 174.893259,-36.969811 174.893472,-36.969244 174.893652,-36.968762 174.893696,-36.968718 174.893777,-36.968679 174.893926,-36.968642 174.894052,-36.968640 174.894125,-36.968670 174.894293,-36.968771 174.894346,-36.968779 174.894468,-36.968776 174.894719,-36.968747 174.894825,-36.968764 174.894913,-36.968817 174.894959,-36.968873 174.895012,-36.968963 174.895074,-36.969006 174.895167,-36.969050 174.895243,-36.969062 174.895406,-36.969083 174.895570,-36.969083 174.895695,-36.969067 174.895762,-36.969066 174.895866,-36.969094 174.895989,-36.969147 174.896052,-36.969179 174.896182,-36.969213 174.896229,-36.969231 174.896308,-36.969268 174.896368,-36.969284 174.896463,-36.969281 174.896524,-36.969283 174.896589,-36.969307 174.896646,-36.969322 174.896726,-36.969320 174.896806,-36.969307 174.896855,-36.969315 174.896900,-36.969321 174.896942,-36.969322 174.896977,-36.969332 174.897033,-36.969371 174.897063,-36.969409 174.897070,-36.969439 174.897049,-36.969482 174.897004,-36.969570 174.896984,-36.969621 174.896980,-36.969681 174.896995,-36.969734 174.897021,-36.969779 174.897077,-36.969830 174.897139,-36.969871 174.897220,-36.969912 174.897335,-36.969964 174.897410,-36.970066 174.897479,-36.970189 174.897516,-36.970249 174.897544,-36.970287 174.897648,-36.970378 174.897743,-36.970473 174.897845,-36.970567 174.897896,-36.970595 174.898001,-36.970637 174.898108,-36.970701 174.898138,-36.970737 174.898147,-36.970779 174.898134,-36.970808 174.897869,-36.970986</coordinates></LineString></MultiGeometry></Placemark><Placemark><name>Wiri LINZ foot track 1</name><description>Sheet row 1215; LINZ t50_fid(s) 3556068</description><styleUrl>#c</styleUrl><MultiGeometry><LineString><tessellate>1</tessellate><coordinates>174.846788,-37.021020 174.846543,-37.020868 174.846336,-37.020627 174.846026,-37.020361 174.845590,-37.020505 174.845388,-37.020625 174.845257,-37.020567 174.844097,-37.020516 174.843475,-37.020483 174.843439,-37.020481 174.842414,-37.020431 174.841298,-37.020367 174.840820,-37.020144 174.840081,-37.019614 174.839322,-37.018922 174.838479,-37.018272 174.837842,-37.017768 174.837358,-37.017288 174.837162,-37.016871 174.837020,-37.016575 174.836762,-37.016390 174.836020,-37.016388 174.835143,-37.016321 174.835090,-37.016317</coordinates></LineString></MultiGeometry></Placemark><Placemark><name>Papakura LINZ foot track 1</name><description>Sheet row 1216; LINZ t50_fid(s) 8062692</description><styleUrl>#c</styleUrl><MultiGeometry><LineString><tessellate>1</tessellate><coordinates>174.916859,-37.063747 174.916604,-37.063421 174.916576,-37.063366 174.916571,-37.063295 174.916590,-37.063239 174.916648,-37.063182 174.916822,-37.063083 174.916923,-37.063043 174.917003,-37.063018 174.917124,-37.063001 174.917214,-37.062978 174.917282,-37.062951 174.917339,-37.062908 174.917430,-37.062816 174.917489,-37.062772 174.917551,-37.062744 174.917632,-37.062717 174.917786,-37.062685 174.917889,-37.062656 174.917995,-37.062622 174.918114,-37.062568 174.918201,-37.062534 174.918272,-37.062523 174.918629,-37.062520 174.918717,-37.062516 174.918790,-37.062505 174.918901,-37.062469 174.919106,-37.062353 174.919227,-37.062263 174.919392,-37.062090 174.919518,-37.061986 174.919672,-37.061882 174.919783,-37.061836 174.919924,-37.061807 174.920111,-37.061766 174.920173,-37.061736 174.920248,-37.061669 174.920344,-37.061584 174.920426,-37.061530 174.920619,-37.061440 174.920695,-37.061393 174.920848,-37.061273 174.920995,-37.061143 174.921072,-37.061078 174.921123,-37.061050 174.921205,-37.061027 174.921345,-37.061017 174.921474,-37.061024 174.921582,-37.061043 174.921767,-37.061083 174.921885,-37.061131 174.921953,-37.061186 174.922014,-37.061266 174.922086,-37.061358 174.922181,-37.061472 174.922278,-37.061566 174.922356,-37.061694 174.922389,-37.061739 174.922430,-37.061769 174.922513,-37.061812 174.922573,-37.061856 174.922620,-37.061906 174.922649,-37.061953 174.922658,-37.062013 174.922683,-37.062139 174.922681,-37.062176 174.922661,-37.062223 174.922600,-37.062306 174.922493,-37.062396 174.922356,-37.062519 174.922299,-37.062575 174.922280,-37.062617 174.922276,-37.062652 174.922289,-37.062694 174.922315,-37.062715 174.922350,-37.062722 174.922398,-37.062713 174.922463,-37.062670 174.922797,-37.062391 174.922956,-37.062253 174.923013,-37.062198 174.922993,-37.062130 174.922971,-37.062040 174.922966,-37.061987 174.922977,-37.061939 174.923020,-37.061861 174.923049,-37.061801 174.923083,-37.061660 174.923122,-37.061437 174.923119,-37.061375 174.923096,-37.061326 174.923041,-37.061258 174.922998,-37.061207 174.922986,-37.061160 174.922997,-37.061099 174.923006,-37.061036 174.923002,-37.060961 174.923012,-37.060907 174.923048,-37.060827 174.923073,-37.060815 174.923116,-37.060836 174.923220,-37.060926 174.923244,-37.060975 174.923249,-37.061049 174.923254,-37.061101 174.923304,-37.061160 174.923412,-37.061259 174.923458,-37.061327 174.923517,-37.061450 174.923637,-37.061643 174.923727,-37.061759 174.923782,-37.061865 174.923690,-37.061947</coordinates></LineString></MultiGeometry></Placemark><Placemark><name>Flat Bush LINZ foot track 1</name><description>Sheet row 1217; LINZ t50_fid(s) 8062698</description><styleUrl>#c</styleUrl><MultiGeometry><LineString><tessellate>1</tessellate><coordinates>174.908228,-36.959885 174.908302,-36.959881 174.908639,-36.959778 174.908813,-36.959697 174.908940,-36.959588 174.909127,-36.959425 174.909282,-36.959356 174.909499,-36.959290 174.909574,-36.959289 174.909672,-36.959291 174.909800,-36.959276 174.909894,-36.959271 174.909997,-36.959317 174.910321,-36.959450 174.910563,-36.959571 174.910693,-36.959648 174.910817,-36.959755 174.910847,-36.959824 174.910847,-36.959859 174.910821,-36.959915 174.910741,-36.959983 174.910743,-36.960055 174.910747,-36.960205 174.910764,-36.960284 174.910812,-36.960320 174.910871,-36.960326 174.910921,-36.960312 174.911010,-36.960251 174.911198,-36.960110 174.911306,-36.960039 174.911457,-36.960006 174.911613,-36.959994 174.911766,-36.960004 174.911936,-36.960048 174.912051,-36.960128 174.912205,-36.960201 174.912303,-36.960215 174.912460,-36.960203 174.912666,-36.960181 174.912784,-36.960182 174.912921,-36.960214 174.913036,-36.960263 174.913203,-36.960386 174.913339,-36.960493 174.913384,-36.960562 174.913426,-36.960680 174.913487,-36.960776 174.913635,-36.960922 174.913791,-36.961067 174.913926,-36.961127 174.914076,-36.961187 174.914248,-36.961188 174.914444,-36.961182 174.914549,-36.961161 174.914789,-36.961069 174.915007,-36.961050 174.915327,-36.961014 174.915459,-36.960980 174.915603,-36.960931 174.915734,-36.960869 174.915876,-36.960763 174.916045,-36.960619 174.916105,-36.960536 174.916217,-36.960472 174.916290,-36.960420 174.916358,-36.960313 174.916359,-36.960206 174.916325,-36.960090 174.916239,-36.959947 174.916175,-36.959889 174.916049,-36.959837 174.915865,-36.959840 174.915692,-36.959818 174.915562,-36.959773 174.915438,-36.959656 174.915376,-36.959525 174.915373,-36.959418 174.915355,-36.959299 174.915290,-36.959203 174.915240,-36.959158 174.915158,-36.959105</coordinates></LineString></MultiGeometry></Placemark><Placemark><name>Takanini LINZ foot track 1</name><description>Sheet row 1218; LINZ t50_fid(s) 3593077,3593075,3584691,3584692,3593076,3584690</description><styleUrl>#c</styleUrl><MultiGeometry><LineString><tessellate>1</tessellate><coordinates>174.913167,-37.050251 174.913045,-37.050261 174.912685,-37.050393</coordinates></LineString><LineString><tessellate>1</tessellate><coordinates>174.912125,-37.050656 174.912685,-37.050393</coordinates></LineString><LineString><tessellate>1</tessellate><coordinates>174.911345,-37.049025 174.911488,-37.049309 174.911547,-37.049461 174.911679,-37.049655 174.912159,-37.050019 174.912685,-37.050393 174.912837,-37.050509 174.912980,-37.050800 174.912989,-37.051190 174.913179,-37.051666 174.913180,-37.051668</coordinates></LineString><LineString><tessellate>1</tessellate><coordinates>174.909499,-37.047573 174.909715,-37.047684 174.911345,-37.049025</coordinates></LineString><LineString><tessellate>1</tessellate><coordinates>174.911192,-37.050089 174.911206,-37.050079 174.911364,-37.049956 174.911679,-37.049655</coordinates></LineString><LineString><tessellate>1</tessellate><coordinates>174.908094,-37.051052 174.908833,-37.050754 174.909051,-37.050637 174.909491,-37.050560 174.910016,-37.050034 174.910590,-37.049605 174.911086,-37.049256 174.911345,-37.049025</coordinates></LineString></MultiGeometry></Placemark><Placemark><name>Drury LINZ foot track 1</name><description>Sheet row 1219; LINZ t50_fid(s) 3554262</description><styleUrl>#c</styleUrl><MultiGeometry><LineString><tessellate>1</tessellate><coordinates>174.987826,-37.086830 174.988265,-37.086797 174.989438,-37.086710 174.990448,-37.086584 174.991004,-37.086468 174.991794,-37.086412 174.992605,-37.086281 174.993110,-37.086112 174.993539,-37.085880 174.993912,-37.085601 174.994075,-37.085442 174.994251,-37.085224 174.994310,-37.085119 174.994504,-37.084686 174.994406,-37.084382 174.994478,-37.084089 174.994794,-37.083928 174.995078,-37.083748 174.995270,-37.083587 174.995607,-37.083444 174.995861,-37.083319 174.996094,-37.083138 174.996346,-37.082827 174.996574,-37.082730</coordinates></LineString></MultiGeometry></Placemark><Placemark><name>The Gardens LINZ foot track 1</name><description>Sheet row 1220; LINZ t50_fid(s) 8062691</description><styleUrl>#c</styleUrl><MultiGeometry><LineString><tessellate>1</tessellate><coordinates>174.889530,-37.005332 174.889700,-37.005400 174.889864,-37.005467 174.890119,-37.005538 174.890222,-37.005543 174.890231,-37.005545 174.890363,-37.005614 174.890419,-37.005642 174.890727,-37.005673 174.890750,-37.005675 174.891149,-37.005657 174.891265,-37.005598 174.891353,-37.005544 174.891409,-37.005550 174.891543,-37.005564 174.891674,-37.005585 174.891688,-37.005606 174.891733,-37.005644 174.891772,-37.005666 174.891811,-37.005687 174.891906,-37.005704 174.891972,-37.005702 174.892056,-37.005699 174.892135,-37.005669 174.892206,-37.005643 174.892540,-37.005508 174.892643,-37.005493 174.892748,-37.005480 174.892838,-37.005494 174.892901,-37.005522 174.893253,-37.005802 174.893284,-37.005826 174.893332,-37.005844 174.893434,-37.005856 174.893626,-37.005867 174.893778,-37.005770 174.893921,-37.005710 174.893981,-37.005635 174.894185,-37.005601 174.894280,-37.005571 174.894423,-37.005493 174.894556,-37.005458 174.894676,-37.005439 174.894887,-37.005420 174.895000,-37.005390 174.895185,-37.005315 174.895327,-37.005284 174.895461,-37.005282 174.895652,-37.005329 174.895852,-37.005328 174.895982,-37.005345 174.896084,-37.005374 174.896227,-37.005434 174.896306,-37.005519 174.896463,-37.005710 174.896610,-37.005813 174.896730,-37.005898 174.897042,-37.006173 174.897116,-37.006237 174.897630,-37.006655 174.897722,-37.006729 174.897832,-37.006716 174.897748,-37.007091 174.897573,-37.007040 174.897458,-37.007054 174.897182,-37.007172 174.897092,-37.007208</coordinates></LineString></MultiGeometry></Placemark><Placemark><name>Māngere LINZ foot track 1</name><description>Sheet row 1221; LINZ t50_fid(s) 3585327,3574979</description><styleUrl>#c</styleUrl><MultiGeometry><LineString><tessellate>1</tessellate><coordinates>174.800788,-36.963107 174.800925,-36.963072 174.801025,-36.963046 174.801027,-36.963045 174.801228,-36.962944 174.801237,-36.962940 174.801444,-36.962836 174.801529,-36.962793 174.801872,-36.962620 174.802140,-36.962421 174.802766,-36.962173 174.803002,-36.962007 174.802997,-36.961363</coordinates></LineString><LineString><tessellate>1</tessellate><coordinates>174.795926,-36.965966 174.796408,-36.965866 174.796860,-36.965666 174.797631,-36.965224 174.797984,-36.964872 174.798589,-36.964311 174.798679,-36.964197 174.798947,-36.964165 174.799272,-36.963403 174.799299,-36.963389 174.799339,-36.963370 174.799407,-36.963385 174.799646,-36.963436 174.799669,-36.963441 174.799964,-36.963496 174.800042,-36.963510 174.800043,-36.963511 174.800084,-36.963499 174.800095,-36.963450 174.799955,-36.963234 174.799940,-36.963212 174.799996,-36.963056 174.800002,-36.963029 174.800010,-36.962995 174.800143,-36.962968 174.800508,-36.963084 174.800788,-36.963107</coordinates></LineString></MultiGeometry></Placemark><Placemark><name>Māngere LINZ foot track 2</name><description>Sheet row 1222; LINZ t50_fid(s) 3532397</description><styleUrl>#c</styleUrl><MultiGeometry><LineString><tessellate>1</tessellate><coordinates>174.774247,-36.966194 174.774262,-36.966154 174.774373,-36.965877 174.774467,-36.965084 174.774484,-36.964620 174.774520,-36.963991 174.774596,-36.963039 174.774654,-36.962583 174.774752,-36.962273 174.774921,-36.962063 174.775201,-36.961868 174.775447,-36.961673 174.775702,-36.961471 174.775971,-36.961136 174.776112,-36.960797 174.776174,-36.960392 174.776107,-36.960014 174.775964,-36.959721 174.775699,-36.959414 174.775415,-36.959149 174.774813,-36.958811 174.774765,-36.958687 174.774792,-36.958583</coordinates></LineString></MultiGeometry></Placemark><Placemark><name>Manurewa LINZ foot track 1</name><description>Sheet row 1223; LINZ t50_fid(s) 3554614</description><styleUrl>#c</styleUrl><MultiGeometry><LineString><tessellate>1</tessellate><coordinates>174.885352,-37.031700 174.885343,-37.031704 174.884818,-37.031919 174.883473,-37.032473 174.882943,-37.032625 174.882083,-37.032646 174.880594,-37.029906 174.880591,-37.029899 174.880487,-37.029704 174.880467,-37.029667 174.880190,-37.029156 174.879763,-37.028368 174.879620,-37.028140</coordinates></LineString></MultiGeometry></Placemark><Placemark><name>Clevedon LINZ foot track 1</name><description>Sheet row 1224; LINZ t50_fid(s) 6097683,6097721</description><styleUrl>#c</styleUrl><MultiGeometry><LineString><tessellate>1</tessellate><coordinates>175.022132,-36.971025 175.021894,-36.971062 175.021685,-36.971107 175.020726,-36.971158 175.020429,-36.971142 175.020209,-36.971187 175.019896,-36.971206 175.019690,-36.971193 175.019224,-36.971210</coordinates></LineString><LineString><tessellate>1</tessellate><coordinates>175.022132,-36.971025 175.022379,-36.971001 175.022553,-36.970874 175.022640,-36.970648 175.023242,-36.970290 175.023498,-36.970027 175.024221,-36.969408 175.024355,-36.969345 175.024629,-36.969456 175.024936,-36.969505 175.025788,-36.969906 175.025955,-36.970040 175.026095,-36.970246</coordinates></LineString></MultiGeometry></Placemark><Placemark><name>Māngere LINZ foot track 3</name><description>Sheet row 1225; LINZ t50_fid(s) 3573810</description><styleUrl>#c</styleUrl><MultiGeometry><LineString><tessellate>1</tessellate><coordinates>174.779771,-36.966637 174.779771,-36.966685 174.779761,-36.967602 174.779745,-36.968107 174.780024,-36.968470 174.779845,-36.968759 174.779018,-36.968817 174.777231,-36.968729 174.776472,-36.968626 174.775889,-36.968738 174.775142,-36.968712 174.774688,-36.968697 174.774683,-36.968696</coordinates></LineString></MultiGeometry></Placemark><Placemark><name>Māngere LINZ foot track 4</name><description>Sheet row 1226; LINZ t50_fid(s) 8063321</description><styleUrl>#c</styleUrl><MultiGeometry><LineString><tessellate>1</tessellate><coordinates>174.793715,-36.985419 174.793963,-36.985367 174.794058,-36.985358 174.794129,-36.985363 174.794363,-36.985327 174.794445,-36.985336 174.794522,-36.985357 174.794594,-36.985345 174.794664,-36.985319 174.794830,-36.985232 174.794893,-36.985224 174.794983,-36.985233 174.795058,-36.985264 174.795473,-36.985440 174.795781,-36.985581 174.795868,-36.985607 174.795899,-36.985600 174.795945,-36.985573 174.795991,-36.985500 174.796107,-36.985296 174.796155,-36.985245 174.796230,-36.985198 174.796313,-36.985159 174.796482,-36.985102 174.796649,-36.985061 174.796737,-36.985030 174.796767,-36.985006 174.796769,-36.984984 174.796736,-36.984922 174.796599,-36.984673 174.796574,-36.984596 174.796564,-36.984523 174.796575,-36.984380 174.796581,-36.984234 174.796566,-36.984099 174.796544,-36.983986 174.796516,-36.983877 174.796507,-36.983824 174.796516,-36.983781 174.796600,-36.983725 174.797473,-36.983323 174.797564,-36.983282 174.797575,-36.983258 174.797554,-36.983196 174.797463,-36.983079 174.797321,-36.982909 174.797274,-36.982844 174.797261,-36.982772 174.797273,-36.982726 174.797311,-36.982663 174.797342,-36.982610</coordinates></LineString></MultiGeometry></Placemark><Placemark><name>Wiri LINZ foot track 2</name><description>Sheet row 1227; LINZ t50_fid(s) 3554616</description><styleUrl>#c</styleUrl><MultiGeometry><LineString><tessellate>1</tessellate><coordinates>174.860991,-36.993099 174.860781,-36.992813 174.860452,-36.992112 174.860451,-36.992110 174.859937,-36.991135 174.859937,-36.991135 174.859423,-36.990161 174.859421,-36.990159 174.858908,-36.989187 174.858906,-36.989183 174.858331,-36.988203</coordinates></LineString></MultiGeometry></Placemark><Placemark><name>Manukau LINZ foot track 2</name><description>Sheet row 1228; LINZ t50_fid(s) 3592831,3584609,3584608</description><styleUrl>#c</styleUrl><MultiGeometry><LineString><tessellate>1</tessellate><coordinates>174.877524,-36.991444 174.876781,-36.991584</coordinates></LineString><LineString><tessellate>1</tessellate><coordinates>174.876781,-36.991584 174.877272,-36.992762 174.877684,-36.993283</coordinates></LineString><LineString><tessellate>1</tessellate><coordinates>174.876781,-36.991584 174.876115,-36.991512 174.874847,-36.991814 174.873307,-36.991826</coordinates></LineString></MultiGeometry></Placemark><Placemark><name>Wiri LINZ foot track 3</name><description>Sheet row 1229; LINZ t50_fid(s) 3592734,3592748,3584601</description><styleUrl>#c</styleUrl><MultiGeometry><LineString><tessellate>1</tessellate><coordinates>174.866310,-37.020012 174.866369,-37.019933 174.867119,-37.019505 174.867995,-37.019427</coordinates></LineString><LineString><tessellate>1</tessellate><coordinates>174.867995,-37.019427 174.868184,-37.019646 174.868896,-37.020033</coordinates></LineString><LineString><tessellate>1</tessellate><coordinates>174.869561,-37.018553 174.868758,-37.019041 174.868752,-37.019045 174.867995,-37.019427</coordinates></LineString></MultiGeometry></Placemark><Placemark><name>Māngere LINZ foot track 5</name><description>Sheet row 1230; LINZ t50_fid(s) 3592787,3584591,3584594</description><styleUrl>#c</styleUrl><MultiGeometry><LineString><tessellate>1</tessellate><coordinates>174.799388,-36.973212 174.799403,-36.972907 174.799439,-36.972619</coordinates></LineString><LineString><tessellate>1</tessellate><coordinates>174.799706,-36.970934 174.799580,-36.971881 174.799439,-36.972619</coordinates></LineString><LineString><tessellate>1</tessellate><coordinates>174.799439,-36.972619 174.798412,-36.973164 174.798048,-36.973206 174.797761,-36.973193</coordinates></LineString></MultiGeometry></Placemark><Placemark><name>Māngere LINZ foot track 6</name><description>Sheet row 1231; LINZ t50_fid(s) 8063647</description><styleUrl>#c</styleUrl><MultiGeometry><LineString><tessellate>1</tessellate><coordinates>174.794787,-36.968274 174.794764,-36.968184 174.794695,-36.968123 174.794609,-36.968081 174.794581,-36.968077 174.794538,-36.968069 174.794452,-36.968078 174.794401,-36.968096 174.794284,-36.968149 174.794019,-36.968270 174.793911,-36.968165 174.793901,-36.968156 174.793781,-36.968040 174.793777,-36.967965 174.793776,-36.967939 174.793797,-36.967858 174.793841,-36.967819 174.794005,-36.967700 174.793407,-36.967204 174.793312,-36.967232 174.793104,-36.966875 174.793049,-36.966780 174.792844,-36.966446 174.792736,-36.966364 174.792603,-36.966077</coordinates></LineString></MultiGeometry></Placemark><Placemark><name>Weymouth LINZ foot track 2</name><description>Sheet row 1232; LINZ t50_fid(s) 3584589,3592744</description><styleUrl>#c</styleUrl><MultiGeometry><LineString><tessellate>1</tessellate><coordinates>174.868389,-37.027521 174.868497,-37.027561 174.868870,-37.027700 174.869607,-37.027494 174.869780,-37.027442</coordinates></LineString><LineString><tessellate>1</tessellate><coordinates>174.870880,-37.027320 174.870856,-37.027322 174.869780,-37.027442 174.869759,-37.027579 174.869763,-37.028097 174.870017,-37.028703</coordinates></LineString></MultiGeometry></Placemark><Placemark><name>Māngere LINZ foot track 7</name><description>Sheet row 1233; LINZ t50_fid(s) 3584590,3584596</description><styleUrl>#c</styleUrl><MultiGeometry><LineString><tessellate>1</tessellate><coordinates>174.804553,-36.976942 174.804523,-36.976929 174.804435,-36.976893 174.804005,-36.976697 174.803753,-36.976581 174.803456,-36.976447 174.803022,-36.976260 174.802603,-36.976168 174.802171,-36.976116</coordinates></LineString><LineString><tessellate>1</tessellate><coordinates>174.805732,-36.976944 174.805669,-36.977118 174.805361,-36.977169 174.805167,-36.977189 174.804553,-36.976942</coordinates></LineString></MultiGeometry></Placemark><Placemark><name>Flat Bush LINZ foot track 2</name><description>Sheet row 1234; LINZ t50_fid(s) 8063648</description><styleUrl>#c</styleUrl><MultiGeometry><LineString><tessellate>1</tessellate><coordinates>174.922103,-36.957011 174.922127,-36.956987 174.922158,-36.956956 174.923033,-36.956081 174.923122,-36.956029 174.924736,-36.955369 174.925002,-36.955072 174.925033,-36.955038</coordinates></LineString></MultiGeometry></Placemark><Placemark><name>Manukau LINZ foot track 3</name><description>Sheet row 1235; LINZ t50_fid(s) 3584607</description><styleUrl>#c</styleUrl><MultiGeometry><LineString><tessellate>1</tessellate><coordinates>174.877043,-36.993081 174.876793,-36.992723 174.876487,-36.992549 174.876163,-36.992501 174.875784,-36.992503 174.875338,-36.992506 174.875114,-36.992435 174.874938,-36.992336 174.874778,-36.992434 174.874703,-36.992682 174.874608,-36.992837 174.874141,-36.993020</coordinates></LineString></MultiGeometry></Placemark><Placemark><name>Papatoetoe LINZ foot track 1</name><description>Sheet row 1236; LINZ t50_fid(s) 3584597,3592794</description><styleUrl>#c</styleUrl><MultiGeometry><LineString><tessellate>1</tessellate><coordinates>174.837888,-36.980504 174.837641,-36.981619 174.836605,-36.981994</coordinates></LineString><LineString><tessellate>1</tessellate><coordinates>174.838309,-36.979798 174.837888,-36.980504</coordinates></LineString></MultiGeometry></Placemark><Placemark><name>Papakura LINZ foot track 2</name><description>Sheet row 1237; LINZ t50_fid(s) 3573835</description><styleUrl>#c</styleUrl><MultiGeometry><LineString><tessellate>1</tessellate><coordinates>174.972428,-37.066498 174.972061,-37.066697 174.971685,-37.066845 174.971330,-37.067013 174.970741,-37.067292 174.970512,-37.067219 174.970281,-37.067202 174.970178,-37.067242 174.970005,-37.067308 174.969896,-37.067406</coordinates></LineString></MultiGeometry></Placemark><Placemark><name>Papakura LINZ foot track 3</name><description>Sheet row 1238; LINZ t50_fid(s) 3593084,3584693</description><styleUrl>#c</styleUrl><MultiGeometry><LineString><tessellate>1</tessellate><coordinates>174.951191,-37.056755 174.952447,-37.056359</coordinates></LineString><LineString><tessellate>1</tessellate><coordinates>174.951191,-37.056755 174.949746,-37.057188</coordinates></LineString></MultiGeometry></Placemark><Placemark><name>Māngere LINZ foot track 8</name><description>Sheet row 1239; LINZ t50_fid(s) 3592955,3592959,3592953</description><styleUrl>#c</styleUrl><MultiGeometry><LineString><tessellate>1</tessellate><coordinates>174.810104,-36.962287 174.809228,-36.962278</coordinates></LineString><LineString><tessellate>1</tessellate><coordinates>174.808527,-36.961989 174.809228,-36.962278</coordinates></LineString><LineString><tessellate>1</tessellate><coordinates>174.809228,-36.962278 174.809116,-36.963187</coordinates></LineString></MultiGeometry></Placemark><Placemark><name>Takanini LINZ foot track 2</name><description>Sheet row 1240; LINZ t50_fid(s) 3593092,3593079,3593080,3593093</description><styleUrl>#c</styleUrl><MultiGeometry><LineString><tessellate>1</tessellate><coordinates>174.916390,-37.044817 174.917070,-37.045399</coordinates></LineString><LineString><tessellate>1</tessellate><coordinates>174.916703,-37.045678 174.917070,-37.045399</coordinates></LineString><LineString><tessellate>1</tessellate><coordinates>174.917070,-37.045399 174.917322,-37.045715</coordinates></LineString><LineString><tessellate>1</tessellate><coordinates>174.917070,-37.045399 174.917583,-37.045104</coordinates></LineString></MultiGeometry></Placemark><Placemark><name>Māngere LINZ foot track 9</name><description>Sheet row 1241; LINZ t50_fid(s) 3584599</description><styleUrl>#c</styleUrl><MultiGeometry><LineString><tessellate>1</tessellate><coordinates>174.807005,-36.970511 174.806354,-36.970987 174.806022,-36.971069 174.805714,-36.971037 174.805307,-36.970996 174.804683,-36.970865</coordinates></LineString></MultiGeometry></Placemark><Placemark><name>Weymouth LINZ foot track 3</name><description>Sheet row 1242; LINZ t50_fid(s) 3584588</description><styleUrl>#c</styleUrl><MultiGeometry><LineString><tessellate>1</tessellate><coordinates>174.867392,-37.021522 174.867391,-37.021526 174.867181,-37.022310 174.867180,-37.022314 174.867177,-37.022321 174.866710,-37.023490</coordinates></LineString></MultiGeometry></Placemark><Placemark><name>Weymouth LINZ foot track 4</name><description>Sheet row 1243; LINZ t50_fid(s) 3592759,3592741,3592756</description><styleUrl>#c</styleUrl><MultiGeometry><LineString><tessellate>1</tessellate><coordinates>174.873040,-37.029941 174.873514,-37.029873 174.873650,-37.029864 174.873810,-37.029816</coordinates></LineString><LineString><tessellate>1</tessellate><coordinates>174.872063,-37.030641 174.872072,-37.030634 174.873040,-37.029941</coordinates></LineString><LineString><tessellate>1</tessellate><coordinates>174.872880,-37.029638 174.872987,-37.029712 174.873040,-37.029941</coordinates></LineString></MultiGeometry></Placemark><Placemark><name>Ngarango Otainui Island LINZ foot track 2</name><description>Sheet row 1244; LINZ t50_fid(s) 3584653</description><styleUrl>#c</styleUrl><MultiGeometry><LineString><tessellate>1</tessellate><coordinates>174.821012,-36.961844 174.820577,-36.962519 174.820210,-36.962933 174.820208,-36.962936 174.820186,-36.962959 174.819690,-36.963479 174.819731,-36.963536</coordinates></LineString></MultiGeometry></Placemark><Placemark><name>Papatoetoe LINZ foot track 2</name><description>Sheet row 1245; LINZ t50_fid(s) 3584598</description><styleUrl>#c</styleUrl><MultiGeometry><LineString><tessellate>1</tessellate><coordinates>174.833339,-36.972577 174.833111,-36.973020 174.832993,-36.973588 174.832989,-36.973610 174.832618,-36.974437</coordinates></LineString></MultiGeometry></Placemark><Placemark><name>Māngere LINZ foot track 10</name><description>Sheet row 1246; LINZ t50_fid(s) 3592788</description><styleUrl>#c</styleUrl><MultiGeometry><LineString><tessellate>1</tessellate><coordinates>174.808616,-36.972508 174.807992,-36.972279 174.807636,-36.971948 174.807593,-36.971908 174.807283,-36.971619 174.806818,-36.971475 174.806673,-36.971525</coordinates></LineString></MultiGeometry></Placemark><Placemark><name>Papatoetoe LINZ foot track 3</name><description>Sheet row 1247; LINZ t50_fid(s) 3584615</description><styleUrl>#c</styleUrl><MultiGeometry><LineString><tessellate>1</tessellate><coordinates>174.850177,-36.979838 174.847788,-36.979805</coordinates></LineString></MultiGeometry></Placemark><Placemark><name>Papakura LINZ foot track 4</name><description>Sheet row 1248; LINZ t50_fid(s) 3584689</description><styleUrl>#c</styleUrl><MultiGeometry><LineString><tessellate>1</tessellate><coordinates>174.928166,-37.065668 174.928354,-37.066089 174.928604,-37.066418 174.928698,-37.066459 174.928700,-37.066460 174.928797,-37.066512 174.929381,-37.067240 174.929386,-37.067247</coordinates></LineString></MultiGeometry></Placemark><Placemark><name>Māngere LINZ foot track 11</name><description>Sheet row 1249; LINZ t50_fid(s) 3584654</description><styleUrl>#c</styleUrl><MultiGeometry><LineString><tessellate>1</tessellate><coordinates>174.810811,-36.959737 174.810214,-36.959648 174.809736,-36.959761 174.809408,-36.959948 174.809411,-36.960599</coordinates></LineString></MultiGeometry></Placemark><Placemark><name>Ōtara LINZ foot track 4</name><description>Sheet row 1250; LINZ t50_fid(s) 3584657</description><styleUrl>#c</styleUrl><MultiGeometry><LineString><tessellate>1</tessellate><coordinates>174.887315,-36.959816 174.886732,-36.958791 174.886703,-36.958764 174.886630,-36.958696 174.886248,-36.958297 174.886243,-36.958291</coordinates></LineString></MultiGeometry></Placemark><Placemark><name>Weymouth LINZ foot track 5</name><description>Sheet row 1251; LINZ t50_fid(s) 3592732</description><styleUrl>#c</styleUrl><MultiGeometry><LineString><tessellate>1</tessellate><coordinates>174.868551,-37.030811 174.868710,-37.030747 174.869615,-37.030392 174.870065,-37.030626 174.870489,-37.030798</coordinates></LineString></MultiGeometry></Placemark><Placemark><name>Weymouth LINZ foot track 6</name><description>Sheet row 1252; LINZ t50_fid(s) 3592733</description><styleUrl>#c</styleUrl><MultiGeometry><LineString><tessellate>1</tessellate><coordinates>174.858987,-37.022289 174.858982,-37.022299 174.858870,-37.022528 174.858726,-37.022583 174.858478,-37.022715 174.858236,-37.023007 174.858087,-37.023210 174.858133,-37.023458 174.858311,-37.023687</coordinates></LineString></MultiGeometry></Placemark><Placemark><name>Ōtara LINZ foot track 5</name><description>Sheet row 1253; LINZ t50_fid(s) 3584620</description><styleUrl>#c</styleUrl><MultiGeometry><LineString><tessellate>1</tessellate><coordinates>174.885071,-36.965780 174.884495,-36.966386 174.884439,-36.966445 174.883920,-36.967138</coordinates></LineString></MultiGeometry></Placemark><Placemark><name>Māngere LINZ foot track 12</name><description>Sheet row 1254; LINZ t50_fid(s) 3584592</description><styleUrl>#c</styleUrl><MultiGeometry><LineString><tessellate>1</tessellate><coordinates>174.795318,-36.969523 174.795142,-36.969520 174.795062,-36.969521 174.795054,-36.969521 174.794484,-36.969564 174.793995,-36.969743 174.793579,-36.970037</coordinates></LineString></MultiGeometry></Placemark><Placemark><name>Manurewa LINZ foot track 2</name><description>Sheet row 1255; LINZ t50_fid(s) 3584613</description><styleUrl>#c</styleUrl><MultiGeometry><LineString><tessellate>1</tessellate><coordinates>174.892817,-37.012085 174.892876,-37.012187 174.893029,-37.012525 174.892875,-37.012688 174.892491,-37.013384 174.892483,-37.013399</coordinates></LineString></MultiGeometry></Placemark><Placemark><name>Papatoetoe LINZ foot track 4</name><description>Sheet row 1256; LINZ t50_fid(s) 3584614</description><styleUrl>#c</styleUrl><MultiGeometry><LineString><tessellate>1</tessellate><coordinates>174.856640,-36.985233 174.858259,-36.984731</coordinates></LineString></MultiGeometry></Placemark><Placemark><name>Manurewa LINZ foot track 3</name><description>Sheet row 1257; LINZ t50_fid(s) 3592814</description><styleUrl>#c</styleUrl><MultiGeometry><LineString><tessellate>1</tessellate><coordinates>174.898122,-37.011844 174.898279,-37.012256 174.898809,-37.013096 174.898813,-37.013102</coordinates></LineString></MultiGeometry></Placemark><Placemark><name>Ōtara LINZ foot track 6</name><description>Sheet row 1258; LINZ t50_fid(s) 3592977</description><styleUrl>#c</styleUrl><MultiGeometry><LineString><tessellate>1</tessellate><coordinates>174.872101,-36.962585 174.871946,-36.962859 174.871410,-36.963818</coordinates></LineString></MultiGeometry></Placemark><Placemark><name>Papatoetoe LINZ foot track 5</name><description>Sheet row 1259; LINZ t50_fid(s) 3592793</description><styleUrl>#c</styleUrl><MultiGeometry><LineString><tessellate>1</tessellate><coordinates>174.836044,-36.984382 174.835039,-36.983915 174.834912,-36.983852 174.834725,-36.983625</coordinates></LineString></MultiGeometry></Placemark><Placemark><name>Māngere Bridge LINZ foot track 9</name><description>Sheet row 1260; LINZ t50_fid(s) 3592947</description><styleUrl>#c</styleUrl><MultiGeometry><LineString><tessellate>1</tessellate><coordinates>174.779685,-36.951677 174.779570,-36.951536 174.779297,-36.951140 174.780071,-36.950893</coordinates></LineString></MultiGeometry></Placemark><Placemark><name>Ōtara LINZ foot track 7</name><description>Sheet row 1261; LINZ t50_fid(s) 3592978</description><styleUrl>#c</styleUrl><MultiGeometry><LineString><tessellate>1</tessellate><coordinates>174.878621,-36.963698 174.878626,-36.963684 174.878879,-36.962950 174.879081,-36.962474 174.879084,-36.962469</coordinates></LineString></MultiGeometry></Placemark><Placemark><name>Papatoetoe LINZ foot track 6</name><description>Sheet row 1262; LINZ t50_fid(s) 3592840</description><styleUrl>#c</styleUrl><MultiGeometry><LineString><tessellate>1</tessellate><coordinates>174.867154,-36.980990 174.866320,-36.982076 174.866319,-36.982078</coordinates></LineString></MultiGeometry></Placemark><Placemark><name>Papatoetoe LINZ foot track 7</name><description>Sheet row 1263; LINZ t50_fid(s) 3592836</description><styleUrl>#c</styleUrl><MultiGeometry><LineString><tessellate>1</tessellate><coordinates>174.842923,-36.984713 174.842233,-36.984698 174.841402,-36.984939</coordinates></LineString></MultiGeometry></Placemark><Placemark><name>Manurewa LINZ foot track 4</name><description>Sheet row 1264; LINZ t50_fid(s) 3592808</description><styleUrl>#c</styleUrl><MultiGeometry><LineString><tessellate>1</tessellate><coordinates>174.895401,-37.011607 174.895847,-37.012418 174.895988,-37.012757</coordinates></LineString></MultiGeometry></Placemark><Placemark><name>Papakura LINZ foot track 5</name><description>Sheet row 1265; LINZ t50_fid(s) 3584688</description><styleUrl>#c</styleUrl><MultiGeometry><LineString><tessellate>1</tessellate><coordinates>174.938026,-37.069445 174.938027,-37.069468 174.938049,-37.070143 174.938225,-37.070634 174.938230,-37.070649</coordinates></LineString></MultiGeometry></Placemark><Placemark><name>Weymouth LINZ foot track 7</name><description>Sheet row 1266; LINZ t50_fid(s) 3592735</description><styleUrl>#c</styleUrl><MultiGeometry><LineString><tessellate>1</tessellate><coordinates>174.865314,-37.041886 174.865308,-37.041884 174.865170,-37.041859 174.864512,-37.041711 174.864320,-37.041526 174.864152,-37.041355 174.864057,-37.041348</coordinates></LineString></MultiGeometry></Placemark><Placemark><name>Papatoetoe LINZ foot track 8</name><description>Sheet row 1267; LINZ t50_fid(s) 3592838</description><styleUrl>#c</styleUrl><MultiGeometry><LineString><tessellate>1</tessellate><coordinates>174.862722,-36.984027 174.861356,-36.984512</coordinates></LineString></MultiGeometry></Placemark><Placemark><name>Papakura LINZ foot track 6</name><description>Sheet row 1268; LINZ t50_fid(s) 3593081</description><styleUrl>#c</styleUrl><MultiGeometry><LineString><tessellate>1</tessellate><coordinates>174.951393,-37.059939 174.952388,-37.060738 174.952420,-37.060764</coordinates></LineString></MultiGeometry></Placemark><Placemark><name>Manurewa LINZ foot track 5</name><description>Sheet row 1269; LINZ t50_fid(s) 3584612</description><styleUrl>#c</styleUrl><MultiGeometry><LineString><tessellate>1</tessellate><coordinates>174.886733,-37.011767 174.886442,-37.010639 174.886439,-37.010626</coordinates></LineString></MultiGeometry></Placemark><Placemark><name>Papakura LINZ foot track 7</name><description>Sheet row 1270; LINZ t50_fid(s) 3593068</description><styleUrl>#c</styleUrl><MultiGeometry><LineString><tessellate>1</tessellate><coordinates>174.934640,-37.057291 174.935134,-37.058003 174.935395,-37.058257</coordinates></LineString></MultiGeometry></Placemark><Placemark><name>Papatoetoe LINZ foot track 9</name><description>Sheet row 1271; LINZ t50_fid(s) 3584617</description><styleUrl>#c</styleUrl><MultiGeometry><LineString><tessellate>1</tessellate><coordinates>174.842965,-36.971397 174.842624,-36.972495</coordinates></LineString></MultiGeometry></Placemark><Placemark><name>Papakura LINZ foot track 8</name><description>Sheet row 1272; LINZ t50_fid(s) 3592650</description><styleUrl>#c</styleUrl><MultiGeometry><LineString><tessellate>1</tessellate><coordinates>174.935823,-37.074082 174.935826,-37.074098 174.935934,-37.074744 174.936071,-37.075185</coordinates></LineString></MultiGeometry></Placemark><Placemark><name>Wiri LINZ foot track 4</name><description>Sheet row 1273; LINZ t50_fid(s) 3592806</description><styleUrl>#c</styleUrl><MultiGeometry><LineString><tessellate>1</tessellate><coordinates>174.872534,-37.016593 174.872462,-37.016490 174.872294,-37.016340 174.871895,-37.015606 174.871894,-37.015606</coordinates></LineString></MultiGeometry></Placemark><Placemark><name>Manurewa LINZ foot track 6</name><description>Sheet row 1274; LINZ t50_fid(s) 3592764</description><styleUrl>#c</styleUrl><MultiGeometry><LineString><tessellate>1</tessellate><coordinates>174.903933,-37.029952 174.903928,-37.029955 174.903335,-37.030212 174.902717,-37.030479</coordinates></LineString></MultiGeometry></Placemark><Placemark><name>Ōtara LINZ foot track 8</name><description>Sheet row 1275; LINZ t50_fid(s) 3592981</description><styleUrl>#c</styleUrl><MultiGeometry><LineString><tessellate>1</tessellate><coordinates>174.876940,-36.952552 174.875580,-36.952744</coordinates></LineString></MultiGeometry></Placemark><Placemark><name>Manukau LINZ foot track 4</name><description>Sheet row 1276; LINZ t50_fid(s) 3592839</description><styleUrl>#c</styleUrl><MultiGeometry><LineString><tessellate>1</tessellate><coordinates>174.867410,-36.983871 174.867418,-36.983884 174.867990,-36.984875</coordinates></LineString></MultiGeometry></Placemark><Placemark><name>Papatoetoe LINZ foot track 10</name><description>Sheet row 1277; LINZ t50_fid(s) 3592841</description><styleUrl>#c</styleUrl><MultiGeometry><LineString><tessellate>1</tessellate><coordinates>174.859418,-36.972226 174.858888,-36.972671 174.858619,-36.973110</coordinates></LineString></MultiGeometry></Placemark><Placemark><name>Manurewa LINZ foot track 7</name><description>Sheet row 1278; LINZ t50_fid(s) 3592813</description><styleUrl>#c</styleUrl><MultiGeometry><LineString><tessellate>1</tessellate><coordinates>174.888937,-37.011450 174.887637,-37.011809</coordinates></LineString></MultiGeometry></Placemark><Placemark><name>Takanini LINZ foot track 3</name><description>Sheet row 1279; LINZ t50_fid(s) 3593091</description><styleUrl>#c</styleUrl><MultiGeometry><LineString><tessellate>1</tessellate><coordinates>174.909767,-37.044642 174.909776,-37.044684 174.909803,-37.044809 174.910196,-37.045363 174.910187,-37.045651 174.910187,-37.045659</coordinates></LineString></MultiGeometry></Placemark><Placemark><name>Ōtara LINZ foot track 9</name><description>Sheet row 1280; LINZ t50_fid(s) 6065795</description><styleUrl>#c</styleUrl><MultiGeometry><LineString><tessellate>1</tessellate><coordinates>174.873391,-36.961777 174.873322,-36.960786 174.873315,-36.960678</coordinates></LineString></MultiGeometry></Placemark><Placemark><name>Ōtara LINZ foot track 10</name><description>Sheet row 1281; LINZ t50_fid(s) 3592972</description><styleUrl>#c</styleUrl><MultiGeometry><LineString><tessellate>1</tessellate><coordinates>174.863986,-36.963974 174.864672,-36.964922</coordinates></LineString></MultiGeometry></Placemark><Placemark><name>Papakura LINZ foot track 9</name><description>Sheet row 1282; LINZ t50_fid(s) 3593069</description><styleUrl>#c</styleUrl><MultiGeometry><LineString><tessellate>1</tessellate><coordinates>174.937141,-37.055469 174.937134,-37.055529 174.936817,-37.055639 174.936624,-37.055559 174.936309,-37.056063 174.936306,-37.056068</coordinates></LineString></MultiGeometry></Placemark><Placemark><name>East Tāmaki LINZ foot track 1</name><description>Sheet row 1283; LINZ t50_fid(s) 6065796</description><styleUrl>#c</styleUrl><MultiGeometry><LineString><tessellate>1</tessellate><coordinates>174.888423,-36.952779 174.888466,-36.953340 174.888351,-36.953841 174.888351,-36.953845</coordinates></LineString></MultiGeometry></Placemark><Placemark><name>Manurewa LINZ foot track 8</name><description>Sheet row 1284; LINZ t50_fid(s) 3592812</description><styleUrl>#c</styleUrl><MultiGeometry><LineString><tessellate>1</tessellate><coordinates>174.875308,-37.015796 174.874785,-37.015994 174.874320,-37.016170 174.874182,-37.016318</coordinates></LineString></MultiGeometry></Placemark><Placemark><name>Ōtara LINZ foot track 11</name><description>Sheet row 1285; LINZ t50_fid(s) 3592851</description><styleUrl>#c</styleUrl><MultiGeometry><LineString><tessellate>1</tessellate><coordinates>174.889994,-36.971644 174.890709,-36.971764 174.891224,-36.971939 174.891247,-36.971947</coordinates></LineString></MultiGeometry></Placemark><Placemark><name>Papatoetoe LINZ foot track 11</name><description>Sheet row 1286; LINZ t50_fid(s) 3592832</description><styleUrl>#c</styleUrl><MultiGeometry><LineString><tessellate>1</tessellate><coordinates>174.854762,-36.981275 174.856066,-36.981169</coordinates></LineString></MultiGeometry></Placemark><Placemark><name>Weymouth LINZ foot track 8</name><description>Sheet row 1287; LINZ t50_fid(s) 3592739</description><styleUrl>#c</styleUrl><MultiGeometry><LineString><tessellate>1</tessellate><coordinates>174.859522,-37.030784 174.859523,-37.030784 174.859528,-37.030782 174.860718,-37.030365</coordinates></LineString></MultiGeometry></Placemark><Placemark><name>Papakura LINZ foot track 10</name><description>Sheet row 1288; LINZ t50_fid(s) 3593065</description><styleUrl>#c</styleUrl><MultiGeometry><LineString><tessellate>1</tessellate><coordinates>174.932918,-37.068057 174.932900,-37.068065 174.932654,-37.068177 174.931864,-37.068672</coordinates></LineString></MultiGeometry></Placemark><Placemark><name>Papakura LINZ foot track 11</name><description>Sheet row 1289; LINZ t50_fid(s) 3593064</description><styleUrl>#c</styleUrl><MultiGeometry><LineString><tessellate>1</tessellate><coordinates>174.931945,-37.072030 174.930891,-37.072279 174.930697,-37.072321</coordinates></LineString></MultiGeometry></Placemark><Placemark><name>Manukau LINZ foot track 5</name><description>Sheet row 1290; LINZ t50_fid(s) 3592846</description><styleUrl>#c</styleUrl><MultiGeometry><LineString><tessellate>1</tessellate><coordinates>174.872849,-36.981639 174.872818,-36.981665 174.871958,-36.982384</coordinates></LineString></MultiGeometry></Placemark><Placemark><name>Papakura LINZ foot track 12</name><description>Sheet row 1291; LINZ t50_fid(s) 8063886</description><styleUrl>#c</styleUrl><MultiGeometry><LineString><tessellate>1</tessellate><coordinates>174.944179,-37.076437 174.943792,-37.076064 174.943801,-37.076056 174.944247,-37.075660</coordinates></LineString></MultiGeometry></Placemark><Placemark><name>Manurewa LINZ foot track 9</name><description>Sheet row 1292; LINZ t50_fid(s) 3592767</description><styleUrl>#c</styleUrl><MultiGeometry><LineString><tessellate>1</tessellate><coordinates>174.889256,-37.020752 174.888082,-37.020381 174.888065,-37.020375</coordinates></LineString></MultiGeometry></Placemark><Placemark><name>Manukau LINZ foot track 6</name><description>Sheet row 1293; LINZ t50_fid(s) 3592835</description><styleUrl>#c</styleUrl><MultiGeometry><LineString><tessellate>1</tessellate><coordinates>174.869533,-36.985332 174.869713,-36.985245 174.870036,-36.985251 174.870697,-36.984975</coordinates></LineString></MultiGeometry></Placemark><Placemark><name>Ōtara LINZ foot track 12</name><description>Sheet row 1294; LINZ t50_fid(s) 3592845</description><styleUrl>#c</styleUrl><MultiGeometry><LineString><tessellate>1</tessellate><coordinates>174.889047,-36.973665 174.889020,-36.974686 174.889020,-36.974688</coordinates></LineString></MultiGeometry></Placemark><Placemark><name>Manurewa LINZ foot track 10</name><description>Sheet row 1295; LINZ t50_fid(s) 3592762</description><styleUrl>#c</styleUrl><MultiGeometry><LineString><tessellate>1</tessellate><coordinates>174.897590,-37.035387 174.897280,-37.034734 174.897098,-37.034446</coordinates></LineString></MultiGeometry></Placemark><Placemark><name>Takanini LINZ foot track 4</name><description>Sheet row 1296; LINZ t50_fid(s) 3584694</description><styleUrl>#c</styleUrl><MultiGeometry><LineString><tessellate>1</tessellate><coordinates>174.911396,-37.039988 174.911339,-37.040226 174.911340,-37.040603 174.911507,-37.040978</coordinates></LineString></MultiGeometry></Placemark><Placemark><name>Māngere LINZ foot track 13</name><description>Sheet row 1297; LINZ t50_fid(s) 3584600</description><styleUrl>#c</styleUrl><MultiGeometry><LineString><tessellate>1</tessellate><coordinates>174.811688,-36.973214 174.811507,-36.972539 174.811388,-36.972233</coordinates></LineString></MultiGeometry></Placemark><Placemark><name>Papakura LINZ foot track 13</name><description>Sheet row 1298; LINZ t50_fid(s) 3593066</description><styleUrl>#c</styleUrl><MultiGeometry><LineString><tessellate>1</tessellate><coordinates>174.932117,-37.066020 174.932285,-37.066288 174.932773,-37.066880</coordinates></LineString></MultiGeometry></Placemark><Placemark><name>Ōtāhuhu LINZ foot track 3</name><description>Sheet row 1299; LINZ t50_fid(s) 3592968</description><styleUrl>#c</styleUrl><MultiGeometry><LineString><tessellate>1</tessellate><coordinates>174.857447,-36.953696 174.856251,-36.953382</coordinates></LineString></MultiGeometry></Placemark><Placemark><name>Papakura LINZ foot track 14</name><description>Sheet row 1300; LINZ t50_fid(s) 3593071</description><styleUrl>#c</styleUrl><MultiGeometry><LineString><tessellate>1</tessellate><coordinates>174.937581,-37.052879 174.937594,-37.052875 174.938740,-37.052498</coordinates></LineString></MultiGeometry></Placemark><Placemark><name>Weymouth LINZ foot track 9</name><description>Sheet row 1301; LINZ t50_fid(s) 3592723</description><styleUrl>#c</styleUrl><MultiGeometry><LineString><tessellate>1</tessellate><coordinates>174.861468,-37.046592 174.861468,-37.046605 174.861466,-37.047327 174.861759,-37.047446</coordinates></LineString></MultiGeometry></Placemark><Placemark><name>Āwhitu Peninsula LINZ foot track 1</name><description>Sheet row 1302; LINZ t50_fid(s) 3584446</description><styleUrl>#c</styleUrl><MultiGeometry><LineString><tessellate>1</tessellate><coordinates>174.649482,-37.091463 174.649201,-37.091481 174.649019,-37.091526 174.648551,-37.091932 174.647785,-37.092248 174.647507,-37.092462 174.647367,-37.092744 174.647138,-37.092987 174.646974,-37.093245 174.646855,-37.093478</coordinates></LineString></MultiGeometry></Placemark><Placemark><name>Titirangi LINZ foot track 1</name><description>Sheet row 1303; LINZ t50_fid(s) 3573815</description><styleUrl>#c</styleUrl><MultiGeometry><LineString><tessellate>1</tessellate><coordinates>174.656965,-36.954506 174.656452,-36.952969 174.655818,-36.951992</coordinates></LineString></MultiGeometry></Placemark><Placemark><name>Titirangi LINZ foot track 2</name><description>Sheet row 1304; LINZ t50_fid(s) 3573814</description><styleUrl>#c</styleUrl><MultiGeometry><LineString><tessellate>1</tessellate><coordinates>174.654312,-36.953826 174.654134,-36.954602 174.654238,-36.955165 174.654454,-36.955676 174.654954,-36.956340</coordinates></LineString></MultiGeometry></Placemark><Placemark><name>Piha LINZ foot track 1</name><description>Sheet row 1305; LINZ t50_fid(s) 3574936</description><styleUrl>#c</styleUrl><MultiGeometry><LineString><tessellate>1</tessellate><coordinates>174.471305,-36.954234 174.471099,-36.954332 174.470854,-36.954427 174.470785,-36.954457 174.470503,-36.954524 174.470479,-36.954490 174.470227,-36.954572 174.469906,-36.954677 174.469426,-36.954958 174.468738,-36.954945</coordinates></LineString></MultiGeometry></Placemark><Placemark><name>Āwhitu Peninsula LINZ foot track 2</name><description>Sheet row 1306; LINZ t50_fid(s) 3592639</description><styleUrl>#c</styleUrl><MultiGeometry><LineString><tessellate>1</tessellate><coordinates>174.646831,-37.086114 174.647001,-37.086033 174.647072,-37.085908 174.647115,-37.085681 174.647238,-37.085553 174.647384,-37.085344 174.647448,-37.085214</coordinates></LineString></MultiGeometry></Placemark><Placemark><name>Titirangi LINZ foot track 3</name><description>Sheet row 1307; LINZ t50_fid(s) 3584626</description><styleUrl>#c</styleUrl><MultiGeometry><LineString><tessellate>1</tessellate><coordinates>174.657118,-36.951919 174.657032,-36.951747 174.656577,-36.951335 174.656219,-36.951200</coordinates></LineString></MultiGeometry></Placemark><Placemark><name>Stony Batter / Opopo Bay, Waiheke LINZ foot track 1</name><description>Sheet row 1308; LINZ t50_fid(s) 7879950</description><styleUrl>#c</styleUrl><MultiGeometry><LineString><tessellate>1</tessellate><coordinates>175.174851,-36.759856 175.174835,-36.759933 175.174902,-36.760526 175.175032,-36.761088 175.175180,-36.761421 175.175431,-36.761792 175.175846,-36.762201 175.176109,-36.762567 175.176160,-36.762785 175.176129,-36.763045 175.176064,-36.763203 175.176026,-36.763319</coordinates></LineString></MultiGeometry></Placemark><Placemark><name>Ranui LINZ foot track 1</name><description>Sheet row 1309; LINZ t50_fid(s) 8466980,8467124,8466984,8467125,8467122,8467123</description><styleUrl>#c</styleUrl><MultiGeometry><LineString><tessellate>1</tessellate><coordinates>174.598672,-36.865229 174.598652,-36.865356 174.598614,-36.865411 174.598548,-36.865448 174.598361,-36.865512 174.598219,-36.865573 174.598102,-36.865661 174.598034,-36.865755 174.598017,-36.865834 174.598029,-36.865973 174.597984,-36.866104 174.597986,-36.866217 174.597979,-36.866310 174.597996,-36.866384 174.598152,-36.866810 174.598191,-36.866863 174.598243,-36.866883 174.598320,-36.866890 174.598527,-36.866872 174.598619,-36.866873 174.598849,-36.866885 174.599073,-36.866872 174.599140,-36.866876 174.599242,-36.866890 174.599300,-36.866884 174.599363,-36.866840 174.599446,-36.866729 174.599503,-36.866684 174.599592,-36.866660 174.599649,-36.866621</coordinates></LineString><LineString><tessellate>1</tessellate><coordinates>174.598565,-36.864255 174.598542,-36.864341 174.598472,-36.864497 174.598449,-36.864573 174.598445,-36.864689 174.598467,-36.864758 174.598453,-36.864852 174.598436,-36.864903 174.598373,-36.864946 174.598321,-36.864986 174.598241,-36.865112 174.598231,-36.865143 174.598493,-36.865200 174.598512,-36.865204 174.598607,-36.865222 174.598672,-36.865229</coordinates></LineString><LineString><tessellate>1</tessellate><coordinates>174.599310,-36.865113 174.599240,-36.865011 174.599200,-36.864913 174.599187,-36.864800 174.599148,-36.864219</coordinates></LineString><LineString><tessellate>1</tessellate><coordinates>174.598672,-36.865229 174.598797,-36.865215 174.598911,-36.865222 174.599030,-36.865191 174.599116,-36.865161 174.599199,-36.865124 174.599310,-36.865113</coordinates></LineString><LineString><tessellate>1</tessellate><coordinates>174.599310,-36.865113 174.599533,-36.865350 174.599544,-36.865432 174.599601,-36.866041 174.599583,-36.866083 174.599490,-36.866189 174.599440,-36.866254 174.599425,-36.866321 174.599439,-36.866390 174.599542,-36.866543 174.599574,-36.866586 174.599649,-36.866621</coordinates></LineString><LineString><tessellate>1</tessellate><coordinates>174.599649,-36.866621 174.599700,-36.866632 174.600024,-36.866631 174.600135,-36.866414 174.600310,-36.866343 174.600518,-36.866311 174.600635,-36.866308 174.600655,-36.866502 174.600682,-36.866508</coordinates></LineString></MultiGeometry></Placemark><Placemark><name>Swanson / Waitākere Ranges LINZ foot track 1</name><description>Sheet row 1310; LINZ t50_fid(s) 8466763</description><styleUrl>#c</styleUrl><MultiGeometry><LineString><tessellate>1</tessellate><coordinates>174.609062,-36.869638 174.609173,-36.869694 174.609220,-36.869791 174.609335,-36.870108 174.609381,-36.870190 174.609441,-36.870239 174.609653,-36.870389 174.609760,-36.870415 174.609812,-36.870424 174.610192,-36.870451 174.610317,-36.870445 174.610373,-36.870430 174.610410,-36.870404 174.610439,-36.870366 174.610481,-36.870270 174.610522,-36.870226 174.610602,-36.870186 174.610676,-36.870157 174.610712,-36.870149 174.610986,-36.870150 174.611098,-36.870137 174.611284,-36.870151 174.611474,-36.870179 174.611667,-36.870222 174.611755,-36.870250 174.611833,-36.870299 174.611883,-36.870320 174.611918,-36.870369 174.612005,-36.870431 174.612105,-36.870564 174.612183,-36.870625 174.612315,-36.870706 174.612369,-36.870760 174.612426,-36.870833 174.612491,-36.870880 174.612601,-36.870994 174.612717,-36.871107 174.612801,-36.871151 174.612959,-36.871247 174.613171,-36.871491 174.613213,-36.871515 174.613260,-36.871518 174.613307,-36.871507 174.613352,-36.871468 174.613416,-36.871413 174.613546,-36.871165 174.613621,-36.871201 174.613679,-36.871265 174.613726,-36.871406 174.613821,-36.871521 174.614025,-36.871708 174.614136,-36.871826 174.614187,-36.871945 174.614226,-36.872102 174.614261,-36.872253 174.614298,-36.872307 174.614449,-36.872408 174.614628,-36.872515 174.614956,-36.872688 174.615316,-36.872999 174.615484,-36.873077</coordinates></LineString></MultiGeometry></Placemark><Placemark><name>Te Arai Point LINZ foot track 1</name><description>Sheet row 1311; LINZ t50_fid(s) 3517619</description><styleUrl>#c</styleUrl><MultiGeometry><LineString><tessellate>1</tessellate><coordinates>174.630509,-36.139353 174.631318,-36.139359 174.631865,-36.139644 174.632930,-36.140947 174.633953,-36.142397 174.635349,-36.144428 174.636514,-36.146138 174.637321,-36.147626 174.638450,-36.148844 174.640043,-36.150548 174.640847,-36.151629 174.641775,-36.152819 174.643499,-36.154958 174.644786,-36.156448 174.646117,-36.158211 174.646894,-36.159031 174.646988,-36.159347 174.646973,-36.159516 174.646944,-36.159619 174.646957,-36.159720 174.646994,-36.159886 174.647049,-36.159960 174.647174,-36.160031 174.647320,-36.160078 174.647366,-36.160093 174.647461,-36.160102 174.647749,-36.160120 174.647772,-36.160188 174.647665,-36.160269 174.647516,-36.160356 174.647507,-36.160414 174.647613,-36.160445 174.647940,-36.160430 174.648161,-36.160380 174.648366,-36.160421 174.648652,-36.160550 174.648868,-36.160657 174.648996,-36.160777 174.649274,-36.161075 174.649296,-36.161265 174.649365,-36.161358 174.649504,-36.161390 174.649603,-36.161487 174.649638,-36.161616 174.649532,-36.162124 174.649542,-36.162301 174.649649,-36.162505 174.649851,-36.162664 174.650023,-36.162803 174.650086,-36.162900 174.650124,-36.163017 174.650266,-36.163162 174.650269,-36.163295 174.650330,-36.163338 174.650423,-36.163435 174.650406,-36.163494 174.650235,-36.163707 174.649952,-36.164019 174.649736,-36.164389 174.649598,-36.164569 174.649434,-36.164648 174.649091,-36.164695 174.648855,-36.164591 174.648808,-36.164513 174.648639,-36.164522 174.648607,-36.164669 174.648609,-36.164791 174.648496,-36.164826 174.648361,-36.164838 174.648178,-36.164808 174.648031,-36.164865 174.647629,-36.164969 174.647381,-36.165005 174.647309,-36.165203 174.647170,-36.165524 174.647202,-36.165650 174.647246,-36.165870 174.647248,-36.165878</coordinates></LineString></MultiGeometry></Placemark><Placemark><name>Te Piringa / Cascade Kauri LINZ foot track 1</name><description>Sheet row 1315; LINZ t50_fid(s) 3573060</description><styleUrl>#c</styleUrl><MultiGeometry><LineString><tessellate>1</tessellate><coordinates>174.577228,-36.894548 174.577207,-36.894567 174.576913,-36.894849 174.576790,-36.895076 174.576532,-36.895371 174.576150,-36.895597 174.576014,-36.895839 174.575790,-36.896536 174.575509,-36.896582 174.575502,-36.896560 174.575421,-36.896517 174.575002,-36.895962 174.574769,-36.895705 174.574356,-36.895546 174.574290,-36.895521 174.573937,-36.895501 174.573782,-36.895459 174.573736,-36.895403 174.573666,-36.895357 174.573488,-36.895025 174.573477,-36.895004 174.573388,-36.894890 174.572778,-36.894517 174.572452,-36.894609 174.572457,-36.894761 174.572577,-36.895003 174.572677,-36.895148 174.572438,-36.895345 174.572349,-36.895520 174.572414,-36.895702</coordinates></LineString></MultiGeometry></Placemark><Placemark><name>Te Piringa / Cascade Kauri LINZ foot track 2</name><description>Sheet row 1316; LINZ t50_fid(s) 3573059</description><styleUrl>#c</styleUrl><MultiGeometry><LineString><tessellate>1</tessellate><coordinates>174.549033,-36.881011 174.548609,-36.880981 174.548407,-36.881130 174.548047,-36.881258 174.547891,-36.881207 174.547832,-36.881205 174.547706,-36.881129 174.547434,-36.880842 174.547332,-36.880685 174.547343,-36.880670 174.547314,-36.880596 174.547213,-36.880492 174.547082,-36.880236 174.546993,-36.879988 174.547041,-36.879663 174.547446,-36.878968 174.547718,-36.878650 174.547896,-36.878409 174.548324,-36.878001 174.548604,-36.877618</coordinates></LineString></MultiGeometry></Placemark><Placemark><name>Army Bay LINZ foot track 1</name><description>Sheet row 1317; LINZ t50_fid(s) 6227492,6227493</description><styleUrl>#c</styleUrl><MultiGeometry><LineString><tessellate>1</tessellate><coordinates>174.813669,-36.606741 174.813796,-36.606728 174.813895,-36.606709 174.814048,-36.606663 174.814161,-36.606578 174.814252,-36.606463 174.814291,-36.606353 174.814327,-36.606079 174.814273,-36.605816 174.814257,-36.605695 174.814241,-36.605618 174.814233,-36.605546 174.814273,-36.605513 174.814389,-36.605500 174.814581,-36.605563 174.815116,-36.605654 174.815618,-36.605784 174.816106,-36.605920 174.816525,-36.606035 174.816979,-36.606182 174.817263,-36.606284 174.817480,-36.606352 174.817574,-36.606387 174.817719,-36.606475 174.817821,-36.606471 174.817968,-36.606425</coordinates></LineString><LineString><tessellate>1</tessellate><coordinates>174.817968,-36.606425 174.818057,-36.606364 174.818121,-36.606278 174.818222,-36.606260 174.818442,-36.606248 174.818688,-36.606227 174.818892,-36.606219 174.819111,-36.606210 174.819315,-36.606174 174.819533,-36.606176 174.819649,-36.606180 174.819713,-36.606132 174.819735,-36.606021 174.819739,-36.605941 174.819834,-36.605885 174.819966,-36.605977 174.820125,-36.606079 174.820380,-36.606163 174.820608,-36.606275 174.820821,-36.606354 174.821049,-36.606450 174.821247,-36.606461 174.821285,-36.606491</coordinates></LineString></MultiGeometry></Placemark><Placemark><name>Gulf Harbour LINZ foot track 4</name><description>Sheet row 1318; LINZ t50_fid(s) 100120931</description><styleUrl>#c</styleUrl><MultiGeometry><LineString><tessellate>1</tessellate><coordinates>174.796564,-36.620552 174.796417,-36.620569 174.796097,-36.620577 174.795809,-36.620610 174.795586,-36.620804 174.794993,-36.620761 174.794512,-36.620743 174.794174,-36.620715 174.793692,-36.620624 174.793026,-36.620441 174.792625,-36.620397 174.792259,-36.620417 174.792051,-36.620276 174.791379,-36.619394 174.791174,-36.619188 174.791060,-36.619064 174.791029,-36.618969 174.791026,-36.618523 174.791040,-36.618336 174.791143,-36.618083 174.791360,-36.617796 174.791385,-36.617399 174.791267,-36.617347 174.791109,-36.617270</coordinates></LineString></MultiGeometry></Placemark><Placemark><name>Army Bay LINZ foot track 2</name><description>Sheet row 1319; LINZ t50_fid(s) 3574102</description><styleUrl>#c</styleUrl><MultiGeometry><LineString><tessellate>1</tessellate><coordinates>174.813387,-36.603495 174.813072,-36.603319 174.812963,-36.603275 174.812893,-36.603268 174.812827,-36.603288 174.812774,-36.603330 174.812627,-36.603506 174.812569,-36.603542 174.812521,-36.603563 174.812459,-36.603564 174.812384,-36.603532 174.812317,-36.603498 174.812257,-36.603491 174.812178,-36.603507 174.812044,-36.603575 174.811899,-36.603633 174.811795,-36.603661 174.811644,-36.603676 174.811480,-36.603676 174.811275,-36.603704 174.811086,-36.603749 174.810929,-36.603807 174.810805,-36.603877 174.810739,-36.603932 174.810715,-36.603978 174.810721,-36.604011 174.810743,-36.604085 174.810747,-36.604140 174.810733,-36.604199 174.810672,-36.604357 174.810652,-36.604489 174.810643,-36.604653 174.810624,-36.604705 174.810581,-36.604745 174.810515,-36.604766 174.810436,-36.604780 174.810378,-36.604810 174.810323,-36.604873 174.810161,-36.605185 174.810147,-36.605248 174.810156,-36.605312 174.810186,-36.605402 174.810196,-36.605485 174.810191,-36.605710 174.810247,-36.605908 174.810279,-36.605959 174.810310,-36.605998 174.810316,-36.606035 174.810308,-36.606101 174.810249,-36.606315 174.810256,-36.606402 174.810306,-36.606756</coordinates></LineString></MultiGeometry></Placemark><Placemark><name>Tomarata LINZ foot track 1</name><description>Sheet row 1320; LINZ t50_fid(s) 3512812</description><styleUrl>#c</styleUrl><MultiGeometry><LineString><tessellate>1</tessellate><coordinates>174.650675,-36.167783 174.651687,-36.167678 174.651891,-36.167758 174.652160,-36.168143 174.654016,-36.170955 174.654909,-36.172397 174.655797,-36.173691 174.656434,-36.174609 174.656957,-36.175330 174.657750,-36.176419 174.658398,-36.177303 174.659059,-36.178220 174.659643,-36.178927 174.660923,-36.180236 174.664041,-36.184252 174.664928,-36.185235 174.667215,-36.187873 174.669942,-36.190901 174.671304,-36.192355 174.672256,-36.193404 174.674268,-36.195585 174.677121,-36.198574 174.678832,-36.200392 174.680269,-36.201944 174.682226,-36.203832 174.683196,-36.204825 174.684147,-36.205722 174.685280,-36.206777 174.685973,-36.207528 174.687327,-36.208760 174.688475,-36.209882 174.690568,-36.211932 174.691681,-36.212935 174.692826,-36.213969 174.694270,-36.215216 174.695483,-36.216371 174.696433,-36.217222 174.697590,-36.218174 174.698721,-36.219151 174.700114,-36.220383 174.701249,-36.221474 174.702278,-36.222432 174.704037,-36.224082 174.705027,-36.224979 174.705770,-36.225577 174.706861,-36.226525 174.708411,-36.227875 174.708974,-36.228340 174.711030,-36.230092 174.712152,-36.231096 174.713533,-36.232229 174.714884,-36.233413 174.715549,-36.234011 174.716359,-36.234760 174.718520,-36.236553 174.720007,-36.237853 174.722670,-36.240024 174.724405,-36.241563 174.726242,-36.242816 174.726718,-36.243229 174.726896,-36.243744 174.726983,-36.244800 174.726990,-36.245274 174.726993,-36.245409 174.726972,-36.245598 174.726933,-36.245754 174.726924,-36.245904 174.726930,-36.246029 174.726868,-36.246105 174.726748,-36.246207 174.726581,-36.246306 174.726461,-36.246359 174.726439,-36.246393 174.726464,-36.246484</coordinates></LineString></MultiGeometry></Placemark><Placemark><name>Tryphena LINZ foot track 1</name><description>Sheet row 1321; LINZ t50_fid(s) 3554990</description><styleUrl>#c</styleUrl><MultiGeometry><LineString><tessellate>1</tessellate><coordinates>175.440464,-36.283058 175.440378,-36.283234 175.440384,-36.283414 175.440212,-36.283555 175.439803,-36.283621 175.439529,-36.283637 175.439319,-36.283620 175.439191,-36.283697 175.439395,-36.283947 175.439842,-36.284250 175.440172,-36.284380 175.440653,-36.284709 175.440984,-36.284623 175.441264,-36.284401 175.441492,-36.284369 175.441534,-36.284343 175.441716,-36.284317 175.441840,-36.284303 175.442292,-36.284292 175.442743,-36.284293 175.443063,-36.284280 175.443245,-36.284268 175.443312,-36.284266 175.443478,-36.284392 175.443700,-36.284594 175.444151,-36.284796 175.444405,-36.285198 175.444876,-36.285644 175.445066,-36.286063 175.445222,-36.286261 175.445335,-36.286729 175.445760,-36.286969 175.445877,-36.287152 175.446186,-36.287436 175.446261,-36.287514 175.446519,-36.287615 175.446656,-36.287829 175.446868,-36.287930 175.447187,-36.288320 175.447276,-36.288456 175.447328,-36.288653 175.447490,-36.288834 175.447601,-36.289019 175.447718,-36.289123 175.448009,-36.289127 175.448107,-36.289176 175.448141,-36.289305 175.448070,-36.289613 175.448126,-36.289762 175.448191,-36.289836 175.448321,-36.289943 175.448383,-36.290050 175.448364,-36.290393 175.448368,-36.290411 175.448452,-36.290667 175.448464,-36.290772 175.448248,-36.291058 175.447760,-36.291474 175.447455,-36.291690 175.447155,-36.291804 175.446791,-36.291930 175.446327,-36.292101 175.446218,-36.292147 175.445894,-36.292280</coordinates></LineString></MultiGeometry></Placemark><Placemark><name>Tryphena LINZ foot track 2</name><description>Sheet row 1322; LINZ t50_fid(s) 3574187</description><styleUrl>#c</styleUrl><MultiGeometry><LineString><tessellate>1</tessellate><coordinates>175.462860,-36.305123 175.463192,-36.304909 175.463989,-36.304497 175.464538,-36.304221 175.464926,-36.303909 175.465485,-36.303932 175.465798,-36.304017 175.465996,-36.303982 175.466306,-36.304010 175.466589,-36.304070 175.466931,-36.304098 175.467092,-36.304056</coordinates></LineString></MultiGeometry></Placemark><Placemark><name>Tryphena LINZ foot track 3</name><description>Sheet row 1323; LINZ t50_fid(s) 3593479</description><styleUrl>#c</styleUrl><MultiGeometry><LineString><tessellate>1</tessellate><coordinates>175.489066,-36.309697 175.488671,-36.309883 175.488483,-36.310064 175.488439,-36.310236 175.488579,-36.310397 175.488775,-36.310426 175.489019,-36.310421 175.489742,-36.310039</coordinates></LineString></MultiGeometry></Placemark><Placemark><name>Tryphena LINZ foot track 4</name><description>Sheet row 1324; LINZ t50_fid(s) 3593480</description><styleUrl>#c</styleUrl><MultiGeometry><LineString><tessellate>1</tessellate><coordinates>175.497069,-36.310307 175.496930,-36.309914 175.496927,-36.309910 175.496910,-36.309887 175.496857,-36.309821 175.496747,-36.309692 175.496587,-36.309516 175.496422,-36.309346 175.496301,-36.309227 175.496238,-36.309169 175.496216,-36.309150 175.496212,-36.309147 175.496211,-36.309147</coordinates></LineString></MultiGeometry></Placemark><Placemark><name>Waiheke Island LINZ foot track 1</name><description>Sheet row 1325; LINZ t50_fid(s) 7880150,7879451,7880149</description><styleUrl>#c</styleUrl><MultiGeometry><LineString><tessellate>1</tessellate><coordinates>175.026465,-36.783285 175.026483,-36.783279 175.026583,-36.783244 175.026473,-36.783052 175.026659,-36.782935 175.026637,-36.782875 175.026797,-36.782761 175.026766,-36.782644 175.026920,-36.782564 175.026912,-36.782420 175.027115,-36.782297 175.027030,-36.782131 175.027180,-36.781966 175.027332,-36.781852</coordinates></LineString><LineString><tessellate>1</tessellate><coordinates>175.027332,-36.781852 175.027391,-36.781864 175.027664,-36.781994 175.027710,-36.782069 175.027880,-36.782235 175.028134,-36.782368 175.028175,-36.782405 175.028304,-36.782574 175.028405,-36.782667 175.028436,-36.782681 175.028705,-36.782686 175.028795,-36.782691 175.029128,-36.782803 175.029496,-36.782934 175.029814,-36.783020 175.030115,-36.783058 175.030434,-36.783085 175.030716,-36.783120 175.031052,-36.783112 175.031180,-36.783088 175.031609,-36.782959 175.031709,-36.782911 175.031753,-36.782881 175.031951,-36.782691 175.032037,-36.782646 175.032420,-36.782593 175.032465,-36.782600 175.032546,-36.782616 175.032559,-36.782629 175.032568,-36.782635 175.032667,-36.782604 175.032833,-36.782547 175.032963,-36.782508 175.033157,-36.782458 175.033274,-36.782401 175.033443,-36.782357 175.033588,-36.782365</coordinates></LineString><LineString><tessellate>1</tessellate><coordinates>175.029285,-36.780214 175.029220,-36.780171 175.029196,-36.780185 175.029114,-36.780218 175.029045,-36.780237 175.028970,-36.780205 175.028903,-36.780209 175.028829,-36.780223 175.028812,-36.780281 175.028881,-36.780364 175.028914,-36.780492 175.028870,-36.780618 175.028801,-36.780729 175.028765,-36.780819 175.028619,-36.780906 175.028528,-36.780912 175.028397,-36.780930 175.028274,-36.781017 175.028186,-36.781046 175.028070,-36.781081 175.027983,-36.781064 175.027877,-36.781064 175.027852,-36.781096 175.027870,-36.781137 175.027812,-36.781218 175.027746,-36.781373 175.027684,-36.781463 175.027637,-36.781495 175.027561,-36.781495 175.027466,-36.781542 175.027386,-36.781696 175.027349,-36.781772 175.027332,-36.781852</coordinates></LineString></MultiGeometry></Placemark><Placemark><name>Waiheke Island LINZ foot track 2</name><description>Sheet row 1326; LINZ t50_fid(s) 7879924,7880151</description><styleUrl>#c</styleUrl><MultiGeometry><LineString><tessellate>1</tessellate><coordinates>175.034572,-36.781272 175.034593,-36.781200 175.034663,-36.780959 175.034642,-36.780766 175.034561,-36.780565 175.034485,-36.780495 175.034424,-36.780474 175.034339,-36.780455 175.034360,-36.780423 175.034450,-36.780430 175.034483,-36.780437 175.034529,-36.780448 175.034680,-36.780511 175.034800,-36.780635 175.034887,-36.780710 175.034992,-36.780703 175.035056,-36.780623 175.035114,-36.780509 175.035103,-36.780416 175.035065,-36.780423 175.035024,-36.780455 175.034986,-36.780420 175.034940,-36.780423 175.034861,-36.780423 175.034759,-36.780317 175.034710,-36.780239 175.034727,-36.780180 175.034703,-36.780138 175.034883,-36.780015 175.035011,-36.779867 175.035112,-36.779706 175.035176,-36.779610 175.035238,-36.779482 175.035246,-36.779269 175.035191,-36.779080 175.034928,-36.778989</coordinates></LineString><LineString><tessellate>1</tessellate><coordinates>175.034483,-36.780437 175.034429,-36.780373 175.034302,-36.780353 175.034327,-36.780318 175.034451,-36.780294 175.034622,-36.780344 175.034575,-36.780245 175.034327,-36.780137 175.034178,-36.780108 175.034091,-36.780093 175.034003,-36.780032 175.033949,-36.779965 175.033876,-36.779846 175.033847,-36.779732 175.033825,-36.779703 175.033756,-36.779700 175.033570,-36.779738 175.033432,-36.779787 175.033345,-36.779857 175.033330,-36.779930 175.033301,-36.779962 175.033232,-36.779983 175.033119,-36.780073 175.033090,-36.780131 175.032861,-36.780210 175.032722,-36.780315 175.032588,-36.780379 175.032344,-36.780379 175.032304,-36.780335 175.032308,-36.780303 175.032239,-36.780187 175.032184,-36.780137 175.032172,-36.780130</coordinates></LineString></MultiGeometry></Placemark><Placemark><name>Oneroa / western Waiheke LINZ foot track 1</name><description>Sheet row 1327; LINZ t50_fid(s) 6082515</description><styleUrl>#c</styleUrl><MultiGeometry><LineString><tessellate>1</tessellate><coordinates>175.001977,-36.776446 175.001974,-36.776450 175.001865,-36.776607 175.001846,-36.776712 175.001873,-36.776816 175.001852,-36.776887 175.001830,-36.776899 175.001724,-36.776899 175.001624,-36.776946 175.001543,-36.776945 175.001420,-36.776962 175.001353,-36.776988 175.001273,-36.777011 175.001241,-36.777073 175.001280,-36.777138 175.001426,-36.777184 175.001473,-36.777281 175.001539,-36.777318 175.001649,-36.777363 175.001677,-36.777421 175.001660,-36.777463 175.001583,-36.777517 175.001574,-36.777593 175.001635,-36.777632 175.001663,-36.777689 175.001617,-36.777796 175.001628,-36.777966 175.001570,-36.778143 175.001516,-36.778441 175.001566,-36.778632 175.001570,-36.778814 175.001560,-36.778926 175.001506,-36.779000 175.001369,-36.779072 175.001285,-36.779191 175.001132,-36.779281 175.001085,-36.779291 175.001060,-36.779372 175.000912,-36.779459 175.000804,-36.779567 175.000807,-36.779661 175.000779,-36.779721 175.000602,-36.779808 175.000629,-36.779876 175.000711,-36.779977 175.000679,-36.780043 175.000615,-36.780099 175.000494,-36.780158</coordinates></LineString></MultiGeometry></Placemark><Placemark><name>Waiheke Island LINZ foot track 3</name><description>Sheet row 1328; LINZ t50_fid(s) 7879921</description><styleUrl>#c</styleUrl><MultiGeometry><LineString><tessellate>1</tessellate><coordinates>175.023562,-36.784210 175.023433,-36.784392 175.023322,-36.784587 175.023247,-36.784784 175.023148,-36.784978 175.023120,-36.785096 175.023148,-36.785207 175.023212,-36.785327 175.023252,-36.785460 175.023247,-36.785593 175.023169,-36.785712 175.023100,-36.785775 175.022957,-36.785808 175.022774,-36.785858 175.022617,-36.785931 175.022511,-36.786026 175.022365,-36.786264 175.022221,-36.786521 175.022117,-36.786766 175.021988,-36.786948 175.021816,-36.787163 175.021807,-36.787174 175.021765,-36.787200 175.021755,-36.787234 175.021768,-36.787270 175.021773,-36.787281 175.021760,-36.787299 175.021735,-36.787377 175.021647,-36.787548 175.021492,-36.787539</coordinates></LineString></MultiGeometry></Placemark><Placemark><name>Waiheke Island LINZ foot track 4</name><description>Sheet row 1329; LINZ t50_fid(s) 7880165</description><styleUrl>#c</styleUrl><MultiGeometry><LineString><tessellate>1</tessellate><coordinates>175.039572,-36.779779 175.039494,-36.779879 175.039387,-36.779921 175.039389,-36.779984 175.039443,-36.779983 175.039531,-36.780015 175.039564,-36.780004 175.039590,-36.780054 175.039592,-36.780121 175.039593,-36.780148 175.039597,-36.780148 175.039650,-36.780140 175.039705,-36.780159 175.039693,-36.780196 175.039687,-36.780273 175.039770,-36.780272 175.039987,-36.780281 175.040042,-36.780350 175.040238,-36.780518 175.040380,-36.780668 175.040609,-36.780575 175.040614,-36.780661 175.040576,-36.780736 175.040566,-36.780968 175.040517,-36.781104 175.040375,-36.781214 175.040119,-36.781403 175.040064,-36.781463 175.040033,-36.781554 175.039866,-36.781609 175.039897,-36.781759 175.039876,-36.781806 175.039854,-36.781856</coordinates></LineString></MultiGeometry></Placemark><Placemark><name>Waiheke Island LINZ foot track 5</name><description>Sheet row 1330; LINZ t50_fid(s) 8521037</description><styleUrl>#c</styleUrl><MultiGeometry><LineString><tessellate>1</tessellate><coordinates>175.039732,-36.783281 175.039958,-36.783360 175.040221,-36.783397 175.040319,-36.783409 175.040414,-36.783512 175.040444,-36.783662 175.040358,-36.783810 175.040260,-36.783961 175.040354,-36.784033 175.040580,-36.784049 175.040695,-36.784009 175.040909,-36.783929 175.040974,-36.783826 175.041305,-36.783682 175.041272,-36.783168</coordinates></LineString></MultiGeometry></Placemark><Placemark><name>Waiheke Island LINZ foot track 6</name><description>Sheet row 1331; LINZ t50_fid(s) 3585338</description><styleUrl>#c</styleUrl><MultiGeometry><LineString><tessellate>1</tessellate><coordinates>175.043115,-36.796195 175.041924,-36.795656 175.041685,-36.795540 175.041073,-36.795244</coordinates></LineString></MultiGeometry></Placemark><Placemark><name>Waiheke Island LINZ foot track 7</name><description>Sheet row 1332; LINZ t50_fid(s) 7880300</description><styleUrl>#c</styleUrl><MultiGeometry><LineString><tessellate>1</tessellate><coordinates>175.021146,-36.780792 175.021282,-36.780763 175.021429,-36.780718 175.021544,-36.780678 175.021614,-36.780588 175.021636,-36.780451 175.021631,-36.780387 175.021655,-36.780332 175.021703,-36.780245 175.021724,-36.780167 175.021705,-36.780067 175.021721,-36.779929 175.021728,-36.779814 175.021721,-36.779727 175.021724,-36.779673 175.021663,-36.779619 175.021631,-36.779556 175.021622,-36.779515 175.021580,-36.779508 175.021500,-36.779532 175.021412,-36.779570 175.021320,-36.779596 175.021246,-36.779620</coordinates></LineString></MultiGeometry></Placemark><Placemark><name>Oneroa / western Waiheke LINZ foot track 2</name><description>Sheet row 1333; LINZ t50_fid(s) 3593285</description><styleUrl>#c</styleUrl><MultiGeometry><LineString><tessellate>1</tessellate><coordinates>175.007044,-36.784190 175.007053,-36.784184 175.007914,-36.783545 175.008137,-36.783315</coordinates></LineString></MultiGeometry></Placemark><Placemark><name>Warkworth LINZ foot track 1</name><description>Sheet row 1334; LINZ t50_fid(s) 7646145</description><styleUrl>#c</styleUrl><MultiGeometry><LineString><tessellate>1</tessellate><coordinates>174.653697,-36.390119 174.654004,-36.390251 174.654030,-36.390302 174.653906,-36.390406 174.653902,-36.390518 174.654127,-36.390669 174.654450,-36.390951 174.654621,-36.390975 174.654691,-36.390940 174.654696,-36.390938 174.654726,-36.390840 174.654668,-36.390518 174.654717,-36.390420 174.654663,-36.390272 174.654685,-36.390118 174.654625,-36.389960 174.654429,-36.389692 174.654408,-36.389590 174.654564,-36.389173 174.654719,-36.389037 174.654851,-36.388969 174.655273,-36.388850 174.655360,-36.388803 174.655666,-36.388563 174.655745,-36.388419 174.655778,-36.388060 174.655810,-36.387771 174.655739,-36.387669 174.655334,-36.387184 174.655293,-36.387045 174.655369,-36.386909 174.655363,-36.386792 174.655307,-36.386728 174.655107,-36.386659 174.654850,-36.386552 174.654710,-36.386498 174.654173,-36.386318 174.653975,-36.386246 174.653859,-36.386235 174.653814,-36.386232 174.653435,-36.386384 174.653250,-36.386481 174.652361,-36.386880 174.652075,-36.387024 174.651979,-36.387053 174.651884,-36.387121 174.651697,-36.387172 174.651532,-36.387261 174.650932,-36.387513 174.650815,-36.387606 174.650575,-36.387683 174.649951,-36.387949 174.649855,-36.387982 174.649793,-36.388002 174.649754,-36.388048 174.649556,-36.388606 174.649547,-36.388691 174.649549,-36.388701 174.649555,-36.388734 174.649600,-36.388851 174.649629,-36.388881 174.649739,-36.388946 174.649759,-36.388969 174.649787,-36.389046</coordinates></LineString></MultiGeometry></Placemark><Placemark><name>Wairere Scenic Reserve LINZ foot track 1</name><description>Sheet row 1335; LINZ t50_fid(s) 6097593</description><styleUrl>#c</styleUrl><MultiGeometry><LineString><tessellate>1</tessellate><coordinates>174.596507,-36.420355 174.596916,-36.419806 174.597340,-36.419468 174.598020,-36.419308 174.598268,-36.418859 174.598869,-36.417778 174.598938,-36.417645 174.598951,-36.417510 174.598888,-36.417360 174.598834,-36.417245 174.598752,-36.417111 174.598614,-36.416958 174.598452,-36.416806 174.598345,-36.416657 174.598332,-36.416570 174.598390,-36.416492 174.598495,-36.416382 174.598553,-36.416307 174.598614,-36.416210 174.598661,-36.416151 174.598739,-36.416096 174.598849,-36.416036 174.598947,-36.415929 174.598957,-36.415858 174.598948,-36.415791 174.598914,-36.415705 174.598805,-36.415613 174.598716,-36.415559 174.598707,-36.415520 174.598684,-36.415430</coordinates></LineString></MultiGeometry></Placemark><Placemark><name>Waitakere LINZ foot track 1</name><description>Sheet row 1336; LINZ t50_fid(s) 3584295,3573074,3592529,3592530,3584294</description><styleUrl>#c</styleUrl><MultiGeometry><LineString><tessellate>1</tessellate><coordinates>174.432239,-36.833458 174.432360,-36.832845 174.432398,-36.832659 174.432354,-36.832511 174.432361,-36.832250 174.432156,-36.831915</coordinates></LineString><LineString><tessellate>1</tessellate><coordinates>174.432156,-36.831915 174.432948,-36.831284 174.433554,-36.830917 174.433788,-36.830711 174.434009,-36.830470 174.434704,-36.829606 174.435582,-36.829340 174.435614,-36.829330</coordinates></LineString><LineString><tessellate>1</tessellate><coordinates>174.431755,-36.830828 174.431788,-36.831329 174.431864,-36.831621 174.432020,-36.831820 174.432156,-36.831915</coordinates></LineString><LineString><tessellate>1</tessellate><coordinates>174.431755,-36.830828 174.431879,-36.829945 174.431882,-36.829923</coordinates></LineString><LineString><tessellate>1</tessellate><coordinates>174.428749,-36.831140 174.428967,-36.831227 174.429507,-36.831175 174.430287,-36.831074 174.430323,-36.831051 174.431254,-36.830881 174.431755,-36.830828</coordinates></LineString></MultiGeometry></Placemark><Placemark><name>Muriwai LINZ foot track 1</name><description>Sheet row 1337; LINZ t50_fid(s) 3553541</description><styleUrl>#c</styleUrl><MultiGeometry><LineString><tessellate>1</tessellate><coordinates>174.440256,-36.817967 174.440000,-36.817662 174.439868,-36.817247 174.440469,-36.816455 174.441292,-36.815303 174.442372,-36.813964 174.442477,-36.813780 174.442914,-36.813323 174.443127,-36.812881 174.442913,-36.812593 174.442618,-36.812465</coordinates></LineString></MultiGeometry></Placemark><Placemark><name>Waitakere LINZ foot track 2</name><description>Sheet row 1338; LINZ t50_fid(s) 3584292,3592527,7594922</description><styleUrl>#c</styleUrl><MultiGeometry><LineString><tessellate>1</tessellate><coordinates>174.425299,-36.832551 174.425262,-36.832465 174.425247,-36.832368 174.425262,-36.832273 174.425301,-36.832134 174.425323,-36.831984 174.425421,-36.831883 174.425354,-36.831828 174.425291,-36.831754 174.425109,-36.831626 174.425159,-36.831536 174.425230,-36.831474 174.425402,-36.831447 174.425481,-36.831419 174.425555,-36.831323 174.425534,-36.831285 174.425574,-36.831223 174.425711,-36.831127 174.425786,-36.831073 174.425792,-36.831019</coordinates></LineString><LineString><tessellate>1</tessellate><coordinates>174.425299,-36.832551 174.425157,-36.832549 174.425028,-36.832476 174.424749,-36.832502 174.424529,-36.832604</coordinates></LineString><LineString><tessellate>1</tessellate><coordinates>174.425299,-36.832551 174.425526,-36.832509 174.425702,-36.832526 174.425796,-36.832567 174.425835,-36.832639 174.425844,-36.832716 174.425922,-36.832832 174.425982,-36.832903 174.426078,-36.832894 174.426234,-36.832884 174.426444,-36.832845 174.426637,-36.832862 174.426939,-36.832903 174.427070,-36.832926 174.427210,-36.833000 174.427272,-36.833010 174.427417,-36.832983 174.427489,-36.832963 174.427600,-36.832942</coordinates></LineString></MultiGeometry></Placemark><Placemark><name>Henderson LINZ foot track 1</name><description>Sheet row 1339; LINZ t50_fid(s) 8466358,8467120,8466981</description><styleUrl>#c</styleUrl><MultiGeometry><LineString><tessellate>1</tessellate><coordinates>174.619761,-36.886950 174.619703,-36.886975 174.619651,-36.887032 174.619461,-36.887421 174.619380,-36.887595 174.619337,-36.887665 174.619045,-36.887862 174.618968,-36.887926 174.618909,-36.888025 174.618674,-36.888419 174.618570,-36.888632 174.618459,-36.888791 174.618373,-36.888895 174.618246,-36.888984 174.618059,-36.889046 174.617836,-36.889076 174.617356,-36.889067 174.617201,-36.889080 174.616793,-36.888966 174.616698,-36.888951 174.616577,-36.888969 174.616463,-36.889019 174.616383,-36.889091 174.616254,-36.889369 174.616071,-36.889687 174.615948,-36.889777 174.615780,-36.889830 174.615698,-36.889882 174.615624,-36.889954 174.615507,-36.890102 174.615402,-36.890235 174.615297,-36.890367 174.615228,-36.890463 174.615217,-36.890516 174.615267,-36.890618 174.615311,-36.890702 174.615323,-36.890793 174.615279,-36.890945 174.615232,-36.891099 174.615178,-36.891196 174.615102,-36.891266 174.614720,-36.891618 174.614613,-36.891767 174.614482,-36.891871 174.614294,-36.892013 174.614195,-36.892099 174.614061,-36.892139 174.613979,-36.892191 174.613855,-36.892269 174.613798,-36.892328 174.613768,-36.892418 174.613743,-36.892557 174.613725,-36.892870 174.613711,-36.893080 174.613681,-36.893175 174.613635,-36.893273 174.613281,-36.893751 174.613224,-36.893805 174.613177,-36.893811 174.612998,-36.893788 174.612837,-36.893782 174.612754,-36.893793 174.612672,-36.893828 174.612059,-36.894280 174.611715,-36.894527 174.611539,-36.894640 174.611410,-36.894705 174.611300,-36.894745 174.611088,-36.894804 174.611030,-36.894813 174.610937,-36.894804 174.610851,-36.894779 174.610785,-36.894741 174.610714,-36.894684 174.610670,-36.894632 174.610636,-36.894578 174.610570,-36.894416 174.610528,-36.894348 174.610483,-36.894318 174.610427,-36.894319 174.610317,-36.894340 174.610223,-36.894345 174.609977,-36.894352 174.609885,-36.894365 174.609798,-36.894400 174.609729,-36.894468 174.609570,-36.894683 174.609519,-36.894720 174.609463,-36.894743 174.609409,-36.894749 174.609215,-36.894764 174.609095,-36.894784 174.608984,-36.894820 174.608696,-36.894947 174.608537,-36.895029 174.608468,-36.895096 174.608408,-36.895188 174.608384,-36.895286 174.608330,-36.895645 174.608313,-36.895739 174.608262,-36.895828</coordinates></LineString><LineString><tessellate>1</tessellate><coordinates>174.619761,-36.886950 174.619827,-36.887025 174.619922,-36.887067 174.620280,-36.887190 174.620462,-36.887219 174.620632,-36.887324 174.620705,-36.887363 174.620737,-36.887417 174.620743,-36.887486</coordinates></LineString><LineString><tessellate>1</tessellate><coordinates>174.619761,-36.886950 174.619961,-36.886854 174.620056,-36.886777 174.620186,-36.886635 174.620325,-36.886479 174.620449,-36.886381 174.620645,-36.886276 174.620827,-36.886217 174.621064,-36.886142 174.621146,-36.886101 174.621195,-36.886050 174.621229,-36.886000 174.621303,-36.885857 174.621345,-36.885754 174.621358,-36.885667 174.621353,-36.885572 174.621333,-36.885461 174.621334,-36.885356 174.621718,-36.884532</coordinates></LineString></MultiGeometry></Placemark><Placemark><name>Henderson LINZ foot track 2</name><description>Sheet row 1340; LINZ t50_fid(s) 8466357,8467121,8466363</description><styleUrl>#c</styleUrl><MultiGeometry><LineString><tessellate>1</tessellate><coordinates>174.625191,-36.904819 174.625211,-36.904676 174.625224,-36.904500 174.625231,-36.904445 174.625381,-36.904095 174.625411,-36.903962 174.625427,-36.903802 174.625422,-36.903559 174.625395,-36.903036 174.625416,-36.902883 174.625470,-36.902746 174.625555,-36.902586 174.625613,-36.902465 174.625646,-36.902266 174.625691,-36.901941 174.625725,-36.901836 174.625792,-36.901728 174.625887,-36.901620 174.626100,-36.901399 174.626793,-36.900694 174.627111,-36.900411 174.627678,-36.899896 174.627754,-36.899856 174.627907,-36.899815 174.628394,-36.899695 174.628563,-36.899627 174.628702,-36.899547 174.628826,-36.899458 174.628889,-36.899395 174.628920,-36.899333 174.628992,-36.899066 174.629029,-36.898926</coordinates></LineString><LineString><tessellate>1</tessellate><coordinates>174.629029,-36.898926 174.628917,-36.898923 174.628799,-36.898921 174.628701,-36.898919 174.628492,-36.898891 174.628389,-36.898876 174.628262,-36.898875</coordinates></LineString><LineString><tessellate>1</tessellate><coordinates>174.629029,-36.898926 174.629085,-36.898723 174.629140,-36.898645 174.629228,-36.898575 174.629606,-36.898307 174.629678,-36.898228 174.630016,-36.897775 174.630197,-36.897568 174.630379,-36.897367 174.630482,-36.897275 174.630586,-36.897215 174.630679,-36.897191 174.630776,-36.897196 174.630975,-36.897219 174.631072,-36.897221 174.631196,-36.897181 174.631284,-36.897111 174.631375,-36.897003 174.631477,-36.896871 174.631579,-36.896734 174.631641,-36.896619 174.631672,-36.896534 174.631682,-36.896450 174.631676,-36.896339 174.631689,-36.896212 174.631712,-36.896141 174.631763,-36.896075 174.631851,-36.896019 174.631867,-36.896008 174.632043,-36.895902 174.632214,-36.895786 174.632337,-36.895664 174.632408,-36.895556 174.632446,-36.895451 174.632464,-36.895341 174.632448,-36.895192 174.632378,-36.894913 174.632376,-36.894838 174.632447,-36.894548 174.632495,-36.894356 174.632518,-36.894291 174.632553,-36.894238 174.632665,-36.894156 174.632838,-36.894044 174.632892,-36.894009 174.633056,-36.893907 174.633200,-36.893840 174.633565,-36.893679 174.633777,-36.893591 174.633918,-36.893544 174.634036,-36.893515</coordinates></LineString></MultiGeometry></Placemark><Placemark><name>Waitākere Ranges LINZ foot track 1</name><description>Sheet row 1341; LINZ t50_fid(s) 3592861,3592866,3592864,3573816,3573817</description><styleUrl>#c</styleUrl><MultiGeometry><LineString><tessellate>1</tessellate><coordinates>174.642166,-36.927615 174.642249,-36.927582 174.642795,-36.927505 174.643096,-36.927586 174.643479,-36.927495</coordinates></LineString><LineString><tessellate>1</tessellate><coordinates>174.638919,-36.926332 174.639475,-36.926775</coordinates></LineString><LineString><tessellate>1</tessellate><coordinates>174.639475,-36.926775 174.640020,-36.926307</coordinates></LineString><LineString><tessellate>1</tessellate><coordinates>174.642166,-36.927615 174.642193,-36.928060 174.642026,-36.928765 174.641503,-36.929421 174.641157,-36.929913 174.641077,-36.930250 174.641047,-36.930381 174.640973,-36.930630 174.640826,-36.930741 174.640715,-36.930823 174.640481,-36.931142 174.640372,-36.931550</coordinates></LineString><LineString><tessellate>1</tessellate><coordinates>174.639475,-36.926775 174.639445,-36.927471 174.639781,-36.927435 174.640017,-36.927471 174.640146,-36.927602 174.640713,-36.927793 174.640919,-36.927755 174.641750,-36.927646 174.642166,-36.927615</coordinates></LineString></MultiGeometry></Placemark><Placemark><name>Glen Eden LINZ foot track 1</name><description>Sheet row 1342; LINZ t50_fid(s) 8466764</description><styleUrl>#c</styleUrl><MultiGeometry><LineString><tessellate>1</tessellate><coordinates>174.650567,-36.915116 174.650508,-36.915162 174.650388,-36.915195 174.650317,-36.915259 174.650247,-36.915367 174.650208,-36.915493 174.650199,-36.915636 174.650187,-36.915920 174.650198,-36.916162 174.650158,-36.916262 174.650153,-36.916287 174.650142,-36.916345 174.650155,-36.916698 174.650227,-36.916833 174.650232,-36.916911 174.650241,-36.917165 174.650271,-36.917307 174.650329,-36.917500 174.650307,-36.917593 174.650289,-36.917712 174.650174,-36.918014 174.650147,-36.918138 174.650104,-36.918519 174.650118,-36.918596 174.650159,-36.918673 174.650232,-36.918740 174.650327,-36.918782 174.650436,-36.918819 174.650693,-36.919020</coordinates></LineString></MultiGeometry></Placemark><Placemark><name>Arataki / Waitākere LINZ foot track 3</name><description>Sheet row 1343; LINZ t50_fid(s) 3584622</description><styleUrl>#c</styleUrl><MultiGeometry><LineString><tessellate>1</tessellate><coordinates>174.640110,-36.950854 174.639892,-36.950721 174.639709,-36.950696 174.639493,-36.950763 174.638785,-36.951333 174.637792,-36.951629 174.637467,-36.951936 174.637304,-36.952322 174.637287,-36.952611 174.637134,-36.952682 174.636782,-36.952612 174.636527,-36.952664</coordinates></LineString></MultiGeometry></Placemark><Placemark><name>Glen Eden LINZ foot track 2</name><description>Sheet row 1344; LINZ t50_fid(s) 3573824</description><styleUrl>#c</styleUrl><MultiGeometry><LineString><tessellate>1</tessellate><coordinates>174.641829,-36.903793 174.641782,-36.903815 174.641582,-36.903908 174.641446,-36.904026 174.641314,-36.904066 174.641037,-36.904067 174.640802,-36.904112 174.640634,-36.904136 174.640532,-36.904181 174.640445,-36.904190 174.640337,-36.904148 174.640200,-36.904144 174.639955,-36.904090 174.639680,-36.904013 174.639418,-36.903967 174.639292,-36.904026 174.639146,-36.904182 174.639035,-36.904189 174.638950,-36.904172 174.638712,-36.903893 174.638585,-36.903762 174.638436,-36.903476</coordinates></LineString></MultiGeometry></Placemark><Placemark><name>Parau / Huia LINZ foot track 5</name><description>Sheet row 1345; LINZ t50_fid(s) 3584623</description><styleUrl>#c</styleUrl><MultiGeometry><LineString><tessellate>1</tessellate><coordinates>174.641497,-36.966135 174.641872,-36.966063 174.642142,-36.965930 174.642258,-36.965513 174.642146,-36.965079 174.641974,-36.965021 174.641540,-36.965059 174.641196,-36.964906 174.640942,-36.964416</coordinates></LineString></MultiGeometry></Placemark><Placemark><name>Waitākere Ranges LINZ foot track 2</name><description>Sheet row 1346; LINZ t50_fid(s) 3584288</description><styleUrl>#c</styleUrl><MultiGeometry><LineString><tessellate>1</tessellate><coordinates>174.631888,-36.912335 174.632783,-36.912505 174.632979,-36.912523 174.633075,-36.912491 174.633134,-36.912392 174.633346,-36.911705 174.633354,-36.911551 174.633306,-36.911335</coordinates></LineString></MultiGeometry></Placemark><Placemark><name>Waitākere Ranges LINZ foot track 3</name><description>Sheet row 1347; LINZ t50_fid(s) 3573818</description><styleUrl>#c</styleUrl><MultiGeometry><LineString><tessellate>1</tessellate><coordinates>174.646366,-36.926454 174.645933,-36.926256 174.645917,-36.926249 174.645523,-36.925890 174.645316,-36.925794 174.645054,-36.925934 174.644545,-36.925920 174.644378,-36.925915 174.644022,-36.925966</coordinates></LineString></MultiGeometry></Placemark><Placemark><name>Glen Eden LINZ foot track 3</name><description>Sheet row 1348; LINZ t50_fid(s) 3584640</description><styleUrl>#c</styleUrl><MultiGeometry><LineString><tessellate>1</tessellate><coordinates>174.644538,-36.912669 174.642193,-36.912239</coordinates></LineString></MultiGeometry></Placemark><Placemark><name>Titirangi LINZ foot track 4</name><description>Sheet row 1349; LINZ t50_fid(s) 3592862</description><styleUrl>#c</styleUrl><MultiGeometry><LineString><tessellate>1</tessellate><coordinates>174.654680,-36.928316 174.654370,-36.928447 174.654127,-36.928514 174.654006,-36.928565 174.653805,-36.928666 174.653501,-36.928818 174.652984,-36.929045</coordinates></LineString></MultiGeometry></Placemark><Placemark><name>Parau / Huia LINZ foot track 6</name><description>Sheet row 1350; LINZ t50_fid(s) 3584624</description><styleUrl>#c</styleUrl><MultiGeometry><LineString><tessellate>1</tessellate><coordinates>174.649354,-36.960234 174.649219,-36.960169 174.648641,-36.959943 174.648125,-36.959650 174.647808,-36.959471</coordinates></LineString></MultiGeometry></Placemark><Placemark><name>Henderson LINZ foot track 3</name><description>Sheet row 1351; LINZ t50_fid(s) 3592522</description><styleUrl>#c</styleUrl><MultiGeometry><LineString><tessellate>1</tessellate><coordinates>174.619443,-36.890760 174.619647,-36.890652 174.619957,-36.890472 174.620458,-36.890140 174.620569,-36.890033</coordinates></LineString></MultiGeometry></Placemark><Placemark><name>Henderson LINZ foot track 4</name><description>Sheet row 1352; LINZ t50_fid(s) 3592521</description><styleUrl>#c</styleUrl><MultiGeometry><LineString><tessellate>1</tessellate><coordinates>174.618854,-36.900086 174.619351,-36.899922 174.619583,-36.899863 174.619750,-36.899849 174.619961,-36.899876 174.620112,-36.899874 174.620176,-36.899897</coordinates></LineString></MultiGeometry></Placemark><Placemark><name>Waiwhiu LINZ foot track 1</name><description>Sheet row 1353; LINZ t50_fid(s) 3553685</description><styleUrl>#c</styleUrl><MultiGeometry><LineString><tessellate>1</tessellate><coordinates>174.597081,-36.343595 174.597190,-36.343707 174.597163,-36.344116 174.597384,-36.344337 174.597840,-36.344792 174.598127,-36.345039 174.598302,-36.345504 174.598688,-36.345679 174.599006,-36.346072 174.599149,-36.346240 174.599380,-36.346600 174.599777,-36.347869 174.599937,-36.348132 174.600320,-36.348322 174.600758,-36.348499 174.601064,-36.348670 174.601279,-36.348947 174.601464,-36.349545 174.601431,-36.350048 174.601544,-36.350262 174.601700,-36.350476 174.601708,-36.350861 174.601771,-36.351116 174.601967,-36.351557 174.601938,-36.351902 174.601845,-36.352276 174.601527,-36.352590 174.601549,-36.352963 174.601382,-36.353292 174.601402,-36.353560 174.601551,-36.353791 174.601662,-36.354286 174.601654,-36.354595 174.601773,-36.354743 174.601965,-36.354844</coordinates></LineString></MultiGeometry></Placemark><Placemark><name>Waiwhiu LINZ foot track 2</name><description>Sheet row 1354; LINZ t50_fid(s) 7644970</description><styleUrl>#c</styleUrl><MultiGeometry><LineString><tessellate>1</tessellate><coordinates>174.593310,-36.361115 174.593322,-36.361244 174.593354,-36.361578 174.593523,-36.361870 174.593630,-36.362194 174.593536,-36.362489 174.593503,-36.362713 174.593570,-36.362915 174.593462,-36.363180 174.593378,-36.363354 174.593382,-36.363547 174.593313,-36.363872 174.593256,-36.364147 174.593185,-36.364371 174.593216,-36.364645 174.593419,-36.364754 174.593632,-36.364751 174.593913,-36.364970 174.594166,-36.365099 174.594358,-36.365299 174.594367,-36.365735 174.594525,-36.366088 174.594731,-36.366360 174.594812,-36.366632 174.594668,-36.366949 174.594685,-36.367182 174.594855,-36.367494 174.594810,-36.367739 174.594731,-36.368176 174.594626,-36.368573 174.594670,-36.368907 174.594750,-36.369119 174.594955,-36.369340 174.595083,-36.369450 174.595100,-36.369673 174.594995,-36.370039 174.594878,-36.370487 174.594847,-36.370802 174.594788,-36.370996 174.594895,-36.371299 174.595087,-36.371499 174.595191,-36.371650 174.595218,-36.371690</coordinates></LineString></MultiGeometry></Placemark><Placemark><name>Waiwhiu LINZ foot track 3</name><description>Sheet row 1355; LINZ t50_fid(s) 3556033</description><styleUrl>#c</styleUrl><MultiGeometry><LineString><tessellate>1</tessellate><coordinates>174.600465,-36.378622 174.600675,-36.378827 174.600943,-36.379124 174.601253,-36.379258 174.601811,-36.379286 174.601824,-36.379286 174.601995,-36.379299 174.602123,-36.379340 174.602321,-36.379498 174.602510,-36.379627 174.602694,-36.379666 174.602969,-36.379733 174.603150,-36.379811 174.603247,-36.379906 174.603281,-36.380044 174.603366,-36.380303 174.603551,-36.380789 174.603619,-36.380928 174.603692,-36.381076 174.603716,-36.381169 174.603731,-36.381230 174.603726,-36.381394 174.603672,-36.381505 174.603662,-36.381526 174.603649,-36.381539 174.603514,-36.381682 174.603393,-36.381809 174.603281,-36.381975 174.603232,-36.382078 174.603259,-36.382248 174.603368,-36.382337 174.603529,-36.382424 174.603666,-36.382509 174.603784,-36.382655 174.603858,-36.382786 174.603939,-36.382853 174.604080,-36.382947 174.604178,-36.383068 174.604209,-36.383202 174.604152,-36.383361 174.604055,-36.383474 174.603739,-36.383533 174.603489,-36.383624 174.603237,-36.383574 174.602922,-36.383427 174.602537,-36.383443 174.602197,-36.383541 174.601912,-36.383689 174.601662,-36.384021 174.601440,-36.383998 174.601284,-36.383982 174.600956,-36.384062 174.600797,-36.384257 174.600792,-36.384270 174.600718,-36.384456 174.600691,-36.385050</coordinates></LineString></MultiGeometry></Placemark><Placemark><name>Waiwhiu LINZ foot track 4</name><description>Sheet row 1356; LINZ t50_fid(s) 7645671</description><styleUrl>#c</styleUrl><MultiGeometry><LineString><tessellate>1</tessellate><coordinates>174.588826,-36.359522 174.588582,-36.359506 174.588579,-36.359674 174.588634,-36.359881 174.588815,-36.360147 174.589009,-36.360429 174.589094,-36.360631 174.589075,-36.360890 174.589060,-36.361093 174.589146,-36.361330 174.589288,-36.361511 174.589437,-36.361757 174.589503,-36.361914 174.589539,-36.362121 174.589531,-36.362355 174.589458,-36.362493 174.589310,-36.362617 174.589133,-36.362817 174.588950,-36.363093 174.588897,-36.363261 174.588875,-36.363399 174.588830,-36.363688 174.588698,-36.363984 174.588547,-36.364265 174.588395,-36.364476 174.588099,-36.364748 174.587724,-36.365119 174.587433,-36.365325 174.587275,-36.365530 174.587090,-36.365705 174.586749,-36.365893 174.586418,-36.365998 174.586161,-36.366002 174.585835,-36.365991 174.585650,-36.366141 174.585422,-36.366357 174.585101,-36.366594 174.584909,-36.366719 174.584482,-36.367019 174.584077,-36.367141 174.583739,-36.367181 174.583570,-36.367218 174.583489,-36.367266</coordinates></LineString></MultiGeometry></Placemark><Placemark><name>Warren's Creek, Aotea LINZ foot track 2</name><description>Sheet row 1357; LINZ t50_fid(s) 3555005</description><styleUrl>#c</styleUrl><MultiGeometry><LineString><tessellate>1</tessellate><coordinates>175.369716,-36.176535 175.369323,-36.176416 175.368944,-36.176466 175.368617,-36.176528 175.368315,-36.176555 175.367920,-36.176654 175.367611,-36.176738 175.367440,-36.176818 175.367136,-36.176761 175.366846,-36.176633 175.366582,-36.176463 175.366353,-36.176334 175.366186,-36.176268 175.365944,-36.176258 175.365691,-36.176186 175.365453,-36.176044 175.365174,-36.175972 175.364988,-36.175856 175.364773,-36.175875 175.364697,-36.175960 175.364700,-36.176065 175.364808,-36.176183 175.364864,-36.176336 175.364808,-36.176463 175.364665,-36.176599 175.364521,-36.176721 175.364187,-36.176826 175.363936,-36.177105 175.363682,-36.177292 175.363452,-36.177437 175.363209,-36.177687 175.363116,-36.177766 175.362842,-36.177870 175.362533,-36.177953 175.362379,-36.178013 175.362245,-36.178134 175.362030,-36.178181 175.361795,-36.178164 175.361568,-36.178071 175.361362,-36.178138 175.361231,-36.178084 175.361150,-36.177981 175.360932,-36.177943 175.360767,-36.177932 175.360671,-36.177988</coordinates></LineString></MultiGeometry></Placemark><Placemark><name>Te Atatū South LINZ foot track 3</name><description>Sheet row 1358; LINZ t50_fid(s) 8466366,8467136,8465981</description><styleUrl>#c</styleUrl><MultiGeometry><LineString><tessellate>1</tessellate><coordinates>174.638198,-36.863456 174.638174,-36.863384 174.638138,-36.863343 174.638076,-36.863274 174.637959,-36.863211 174.637941,-36.863169 174.637954,-36.863129 174.638062,-36.863024 174.638615,-36.862691 174.638887,-36.862564 174.638909,-36.862503 174.638997,-36.862451 174.639118,-36.862408 174.639199,-36.862307 174.639267,-36.862215 174.639312,-36.862150 174.639307,-36.862087 174.639240,-36.862016 174.639241,-36.861965 174.639277,-36.861890 174.639276,-36.861827 174.639230,-36.861698 174.639242,-36.861591 174.639223,-36.861508 174.639232,-36.861417 174.639176,-36.861332 174.639157,-36.861242 174.639253,-36.861155 174.639191,-36.861082 174.639217,-36.860956 174.639201,-36.860833 174.639149,-36.860783 174.639135,-36.860727 174.639126,-36.860536 174.639101,-36.860460 174.639034,-36.860303 174.639021,-36.860046 174.639022,-36.859877 174.638998,-36.859725 174.638971,-36.859659 174.638924,-36.859596 174.638917,-36.859520 174.638958,-36.859372 174.638949,-36.859213 174.638972,-36.859104 174.638992,-36.859042 174.639062,-36.858889 174.639078,-36.858783 174.639120,-36.858688 174.639115,-36.858592 174.639013,-36.858109 174.639038,-36.857961 174.639081,-36.857860 174.639250,-36.857604 174.639353,-36.857512 174.639449,-36.857455 174.639637,-36.857377 174.639833,-36.857314 174.639935,-36.857294 174.640014,-36.857301 174.640112,-36.857319 174.640179,-36.857340 174.640239,-36.857372 174.640277,-36.857366 174.640396,-36.857308 174.640502,-36.857247 174.640545,-36.857191 174.640579,-36.857131 174.640605,-36.857005 174.640672,-36.856905 174.640747,-36.856830 174.640754,-36.856791 174.640742,-36.856732 174.640611,-36.856466 174.640602,-36.856413 174.640627,-36.856348 174.640801,-36.856151 174.640835,-36.856026 174.641041,-36.855589 174.641046,-36.855531 174.641104,-36.855406 174.641200,-36.855246 174.641310,-36.855078 174.641371,-36.854910 174.641409,-36.854791 174.641447,-36.854729 174.641408,-36.854664 174.641417,-36.854577 174.641472,-36.854512 174.641502,-36.854436 174.641505,-36.854300 174.641497,-36.854259 174.641480,-36.854194 174.641490,-36.854108 174.641480,-36.853916 174.641444,-36.853731 174.641418,-36.853663 174.641345,-36.853581 174.641346,-36.853479 174.641390,-36.853384 174.641568,-36.853139</coordinates></LineString><LineString><tessellate>1</tessellate><coordinates>174.638198,-36.863456 174.638284,-36.863400 174.638316,-36.863399 174.638408,-36.863420 174.638468,-36.863408 174.638757,-36.863280 174.638868,-36.863261</coordinates></LineString><LineString><tessellate>1</tessellate><coordinates>174.634348,-36.877370 174.634433,-36.877292 174.634440,-36.877235 174.634466,-36.877189 174.634485,-36.877178 174.634511,-36.877159 174.634630,-36.877051 174.634771,-36.876965 174.634829,-36.876882 174.634884,-36.876827 174.634897,-36.876794 174.634888,-36.876729 174.634859,-36.876675 174.634763,-36.876594 174.634692,-36.876524 174.634671,-36.876482 174.634630,-36.876401 174.634694,-36.876359 174.634755,-36.876350 174.634842,-36.876344 174.634927,-36.876306 174.635025,-36.876236 174.635099,-36.876146 174.635163,-36.876102 174.635270,-36.876061 174.635307,-36.876026 174.635314,-36.875974 174.635393,-36.875921 174.635441,-36.875862 174.635447,-36.875766 174.635423,-36.875695 174.635415,-36.875661 174.635451,-36.875617 174.635572,-36.875565 174.635708,-36.875503 174.635777,-36.875464 174.635860,-36.875416 174.635889,-36.875388 174.635888,-36.875353 174.635823,-36.875205 174.635796,-36.875103 174.635771,-36.875041 174.635702,-36.874977 174.635595,-36.874907 174.635537,-36.874847 174.635442,-36.874675 174.635371,-36.874607 174.635240,-36.874535 174.635174,-36.874471 174.635076,-36.874316 174.635058,-36.874251 174.635050,-36.874091 174.635086,-36.873915 174.635142,-36.873875 174.635194,-36.873790 174.635246,-36.873701 174.635286,-36.873687 174.635330,-36.873704 174.635430,-36.873850 174.635505,-36.873938 174.635567,-36.873971 174.635679,-36.874011 174.635519,-36.873579 174.635473,-36.873491 174.635474,-36.873405 174.635488,-36.873319 174.635475,-36.873248 174.635503,-36.873147 174.635470,-36.873033 174.635450,-36.872913 174.635447,-36.872814 174.635435,-36.872781 174.635363,-36.872719 174.635327,-36.872655 174.635133,-36.872192 174.635072,-36.872017 174.635013,-36.871872 174.634983,-36.871734 174.634976,-36.871642 174.634983,-36.871522 174.635004,-36.871421 174.635060,-36.871273 174.635151,-36.871111 174.635198,-36.871022 174.635242,-36.870931 174.635284,-36.870876 174.635370,-36.870805 174.635485,-36.870717 174.635766,-36.870508 174.635993,-36.870370 174.636288,-36.870181 174.636478,-36.870056 174.636674,-36.869832 174.636723,-36.869796 174.636788,-36.869786 174.636861,-36.869787 174.636970,-36.869809 174.637074,-36.869863 174.637142,-36.869888 174.637199,-36.869888 174.637247,-36.869868 174.637294,-36.869829 174.637326,-36.869782 174.637336,-36.869740 174.637330,-36.869684 174.637282,-36.869569 174.637112,-36.869275 174.637100,-36.869222 174.637138,-36.869066 174.637144,-36.868918 174.637131,-36.868547 174.637145,-36.868451 174.637150,-36.868342 174.637167,-36.868081 174.637155,-36.867948 174.637176,-36.867828 174.637162,-36.867699 174.637152,-36.867592 174.637103,-36.867423 174.637058,-36.867268 174.637021,-36.867058 174.636982,-36.866916 174.636853,-36.866491 174.636828,-36.866399 174.636816,-36.866254 174.636824,-36.866119 174.636859,-36.865909 174.636884,-36.865772 174.636878,-36.865638 174.636834,-36.865474 174.636753,-36.865246 174.636732,-36.865145 174.636708,-36.864977 174.636678,-36.864863 174.636644,-36.864782 174.636522,-36.864569 174.636514,-36.864519 174.636510,-36.864412 174.636478,-36.864317 174.636474,-36.864250 174.636496,-36.864204 174.636541,-36.864179 174.636569,-36.864164 174.636677,-36.864150 174.636779,-36.864089 174.636935,-36.863991 174.637164,-36.863809 174.637241,-36.863765 174.637312,-36.863755 174.637385,-36.863756 174.637500,-36.863754 174.637613,-36.863740 174.637709,-36.863707 174.637845,-36.863642 174.638036,-36.863536 174.638123,-36.863500 174.638198,-36.863456</coordinates></LineString></MultiGeometry></Placemark><Placemark><name>Henderson LINZ foot track 5</name><description>Sheet row 1359; LINZ t50_fid(s) 8466982,8466359,8466983</description><styleUrl>#c</styleUrl><MultiGeometry><LineString><tessellate>1</tessellate><coordinates>174.624587,-36.878492 174.624980,-36.878718 174.625061,-36.878714 174.625324,-36.878666 174.625654,-36.878663 174.626396,-36.878623 174.626466,-36.878631 174.626557,-36.878662 174.626637,-36.878697 174.626712,-36.878759 174.626967,-36.878948 174.627127,-36.879067 174.627248,-36.879169 174.627326,-36.879235</coordinates></LineString><LineString><tessellate>1</tessellate><coordinates>174.621318,-36.884409 174.621239,-36.884436 174.621139,-36.884377 174.621035,-36.884281 174.620975,-36.884206 174.620944,-36.884115 174.620920,-36.884014 174.620947,-36.883885 174.621071,-36.883555 174.621285,-36.882834 174.621350,-36.882699 174.621541,-36.882430 174.621620,-36.882296 174.621722,-36.882186 174.621972,-36.881963 174.622033,-36.881892 174.622086,-36.881776 174.622155,-36.881571 174.622168,-36.881402 174.622190,-36.881088 174.622210,-36.880969 174.622244,-36.880872 174.622293,-36.880811 174.622372,-36.880753 174.622629,-36.880660 174.622754,-36.880608 174.623017,-36.880397 174.623154,-36.880205 174.623346,-36.879930 174.623707,-36.879349 174.623975,-36.878983 174.624188,-36.878735 174.624436,-36.878545 174.624587,-36.878492 174.624700,-36.878452 174.624857,-36.878365 174.625015,-36.878239 174.625177,-36.878066 174.625255,-36.877946 174.625378,-36.877728 174.625546,-36.877528 174.625601,-36.877444 174.625610,-36.877365 174.625598,-36.877279 174.625617,-36.877227 174.625731,-36.877226 174.625846,-36.877167 174.626076,-36.877029 174.626131,-36.877023 174.626192,-36.877041 174.626332,-36.876982 174.626736,-36.876849 174.626792,-36.876773</coordinates></LineString><LineString><tessellate>1</tessellate><coordinates>174.622130,-36.877351 174.623020,-36.877741 174.623266,-36.877830 174.623557,-36.877922 174.623691,-36.877972 174.623753,-36.878067 174.623980,-36.878156 174.624119,-36.878239 174.624236,-36.878355 174.624367,-36.878442 174.624504,-36.878440 174.624587,-36.878492</coordinates></LineString></MultiGeometry></Placemark><Placemark><name>West Harbour LINZ foot track 2</name><description>Sheet row 1360; LINZ t50_fid(s) 3593149,3573866,3554669</description><styleUrl>#c</styleUrl><MultiGeometry><LineString><tessellate>1</tessellate><coordinates>174.641572,-36.810271 174.641562,-36.810252 174.641498,-36.810103</coordinates></LineString><LineString><tessellate>1</tessellate><coordinates>174.644364,-36.811561 174.644397,-36.811589 174.644592,-36.811676 174.644557,-36.811758 174.644519,-36.811821 174.644447,-36.811780 174.644373,-36.811753 174.644270,-36.811710 174.644120,-36.811688 174.643987,-36.811630 174.643648,-36.811544 174.643346,-36.811391 174.643092,-36.811356 174.642674,-36.811076 174.642373,-36.810975 174.642069,-36.810791 174.641804,-36.810622 174.641687,-36.810435 174.641572,-36.810271</coordinates></LineString><LineString><tessellate>1</tessellate><coordinates>174.641572,-36.810271 174.641500,-36.810418 174.641413,-36.810484 174.641153,-36.810579 174.640841,-36.810682 174.640713,-36.810713 174.640499,-36.810716 174.640328,-36.810755 174.640101,-36.810801 174.640012,-36.810845 174.639972,-36.810923 174.639968,-36.810986 174.640142,-36.811011 174.640307,-36.811039 174.640519,-36.811131 174.640941,-36.811084 174.641018,-36.811089 174.641076,-36.811118 174.641152,-36.811180 174.641212,-36.811236 174.641167,-36.811343 174.641072,-36.811437 174.641021,-36.811664 174.640999,-36.811811 174.640848,-36.811919 174.640616,-36.812034 174.640406,-36.812251 174.639994,-36.812499 174.639916,-36.812729 174.639952,-36.812850 174.640036,-36.812910 174.640083,-36.812917 174.640201,-36.812907 174.640281,-36.812873 174.640957,-36.812341 174.641208,-36.812193 174.641851,-36.811961 174.642182,-36.811898 174.642552,-36.811949 174.642674,-36.811951 174.642749,-36.812052 174.642807,-36.812110 174.642983,-36.812156 174.643043,-36.812205 174.643088,-36.812264 174.643100,-36.812354 174.643200,-36.812448 174.643287,-36.812472 174.643430,-36.812464 174.643554,-36.812455 174.643615,-36.812475 174.643676,-36.812532 174.643709,-36.812606 174.643835,-36.812742 174.643901,-36.812835 174.644026,-36.813114 174.644219,-36.813298 174.644204,-36.813448 174.644341,-36.813773 174.644346,-36.814007 174.644277,-36.814338 174.643823,-36.814578 174.643722,-36.814597</coordinates></LineString></MultiGeometry></Placemark><Placemark><name>Beach Haven LINZ foot track 2</name><description>Sheet row 1361; LINZ t50_fid(s) 3573875,3585335,3593171,3573873,3593702,3593170,3574986</description><styleUrl>#c</styleUrl><MultiGeometry><LineString><tessellate>1</tessellate><coordinates>174.695798,-36.799504 174.696634,-36.799550 174.697763,-36.799296 174.700014,-36.798817</coordinates></LineString><LineString><tessellate>1</tessellate><coordinates>174.693714,-36.799154 174.694175,-36.799129 174.694339,-36.799135 174.694878,-36.799261 174.694987,-36.799287 174.695062,-36.799392 174.695191,-36.799563 174.695309,-36.799574 174.695684,-36.799498 174.695798,-36.799504</coordinates></LineString><LineString><tessellate>1</tessellate><coordinates>174.695798,-36.799504 174.695598,-36.799789</coordinates></LineString><LineString><tessellate>1</tessellate><coordinates>174.695598,-36.799789 174.695323,-36.799985 174.695319,-36.799987 174.695374,-36.800542 174.695437,-36.800861 174.695434,-36.800902 174.695497,-36.801150 174.695482,-36.801300 174.695312,-36.801594 174.695141,-36.801974</coordinates></LineString><LineString><tessellate>1</tessellate><coordinates>174.696351,-36.802372 174.696080,-36.802358 174.695911,-36.802293 174.695867,-36.802265 174.695616,-36.802102 174.695384,-36.801953 174.695150,-36.801973 174.695141,-36.801974</coordinates></LineString><LineString><tessellate>1</tessellate><coordinates>174.694783,-36.801645 174.694792,-36.801653 174.694903,-36.801763 174.695141,-36.801974</coordinates></LineString><LineString><tessellate>1</tessellate><coordinates>174.697830,-36.802453 174.698070,-36.802380 174.698322,-36.802295 174.698484,-36.802211 174.698396,-36.802036 174.698246,-36.801604 174.698266,-36.801512 174.698202,-36.801362 174.698069,-36.801169 174.697772,-36.801027 174.696816,-36.800414 174.696431,-36.800316 174.696149,-36.800219 174.695853,-36.800033 174.695634,-36.799823 174.695598,-36.799789</coordinates></LineString></MultiGeometry></Placemark><Placemark><name>Te Henga / Bethells Beach LINZ foot track 1</name><description>Sheet row 1362; LINZ t50_fid(s) 3573051</description><styleUrl>#c</styleUrl><MultiGeometry><LineString><tessellate>1</tessellate><coordinates>174.454851,-36.890418 174.455246,-36.889869 174.455697,-36.889603 174.455934,-36.889384 174.456134,-36.889353 174.456756,-36.889044 174.457140,-36.888992 174.457575,-36.888985 174.458112,-36.889035 174.458520,-36.889119 174.458931,-36.889271 174.459117,-36.889450 174.459450,-36.889602 174.459482,-36.889833 174.459507,-36.889961 174.459704,-36.890074 174.459796,-36.890207 174.460154,-36.890243 174.460429,-36.890202 174.460640,-36.890228 174.460830,-36.890238 174.460989,-36.890186 174.461126,-36.890066 174.461282,-36.889528 174.461078,-36.889260 174.461164,-36.889173 174.461482,-36.889009 174.461508,-36.888792 174.461348,-36.888689 174.461196,-36.888449 174.461131,-36.888294 174.460792,-36.888286 174.460041,-36.888184 174.459714,-36.888180 174.459355,-36.888148 174.459359,-36.888015 174.459639,-36.887876 174.460164,-36.887786 174.460286,-36.887634 174.460172,-36.887474 174.459274,-36.887502 174.458469,-36.887175</coordinates></LineString></MultiGeometry></Placemark><Placemark><name>West Harbour LINZ foot track 3</name><description>Sheet row 1363; LINZ t50_fid(s) 8520924,8520925,8520926,8520981,8520982,8520983,8520984</description><styleUrl>#c</styleUrl><MultiGeometry><LineString><tessellate>1</tessellate><coordinates>174.601295,-36.815703 174.601416,-36.815533 174.601543,-36.815466 174.601772,-36.815370 174.601982,-36.815313 174.602239,-36.815198 174.602454,-36.815136 174.602626,-36.815078 174.602843,-36.815002 174.603193,-36.814910 174.603420,-36.814826 174.603689,-36.814699 174.604006,-36.814590 174.604310,-36.814480 174.604515,-36.814385 174.604703,-36.814285</coordinates></LineString><LineString><tessellate>1</tessellate><coordinates>174.605227,-36.813528 174.605385,-36.813702 174.605457,-36.813735 174.605509,-36.813744 174.605555,-36.813740 174.605581,-36.813737 174.605757,-36.813713 174.605795,-36.813717 174.605837,-36.813739 174.605967,-36.813873 174.606043,-36.813894 174.606237,-36.813896 174.606306,-36.813908 174.606413,-36.813939 174.606440,-36.813946 174.606544,-36.813973 174.606593,-36.813975 174.606645,-36.813967 174.606699,-36.813950 174.606728,-36.813939 174.606781,-36.813912 174.606803,-36.813888 174.606818,-36.813857 174.606821,-36.813793 174.606852,-36.813747 174.606939,-36.813704</coordinates></LineString><LineString><tessellate>1</tessellate><coordinates>174.605523,-36.813104 174.605711,-36.812795 174.606358,-36.811725 174.606390,-36.811708 174.606930,-36.811564 174.606980,-36.811580 174.607078,-36.811692 174.607093,-36.811713 174.607149,-36.811709 174.607184,-36.811723 174.607205,-36.811751 174.607201,-36.811840 174.607214,-36.811885 174.607253,-36.811931 174.607266,-36.812025 174.607314,-36.812085 174.607321,-36.812106 174.607322,-36.812170 174.607385,-36.812241</coordinates></LineString><LineString><tessellate>1</tessellate><coordinates>174.604703,-36.814285 174.604798,-36.814273 174.604897,-36.814278 174.605162,-36.814331 174.605713,-36.814469 174.605752,-36.814494 174.605766,-36.814541 174.605736,-36.814863 174.605792,-36.814959</coordinates></LineString><LineString><tessellate>1</tessellate><coordinates>174.606877,-36.812634 174.606712,-36.812618 174.606586,-36.812650 174.606490,-36.812669 174.606456,-36.812680 174.606349,-36.812791 174.606281,-36.812829 174.606229,-36.812840 174.606126,-36.812831 174.606033,-36.812808 174.605961,-36.812803 174.605903,-36.812816 174.605858,-36.812839 174.605821,-36.812882 174.605797,-36.812940 174.605772,-36.812986 174.605725,-36.813017 174.605588,-36.813066 174.605523,-36.813104</coordinates></LineString><LineString><tessellate>1</tessellate><coordinates>174.604703,-36.814285 174.604711,-36.814243 174.604850,-36.814068 174.604918,-36.813982 174.604958,-36.813884 174.604986,-36.813783 174.605131,-36.813608 174.605227,-36.813528</coordinates></LineString><LineString><tessellate>1</tessellate><coordinates>174.605523,-36.813104 174.605443,-36.813170 174.605341,-36.813292 174.605310,-36.813345 174.605271,-36.813477 174.605227,-36.813528</coordinates></LineString></MultiGeometry></Placemark><Placemark><name>West Harbour LINZ foot track 4</name><description>Sheet row 1364; LINZ t50_fid(s) 8520756,8520929,8520997</description><styleUrl>#c</styleUrl><MultiGeometry><LineString><tessellate>1</tessellate><coordinates>174.630714,-36.811622 174.630577,-36.811671 174.630537,-36.811697 174.630540,-36.811737 174.630588,-36.811911 174.630578,-36.812009 174.630543,-36.812114 174.630508,-36.812141 174.630439,-36.812135 174.630293,-36.812102 174.630231,-36.812056 174.630150,-36.811789 174.629983,-36.811437 174.629970,-36.811362 174.630000,-36.811296 174.630055,-36.811258 174.630175,-36.811189 174.630206,-36.811137 174.630201,-36.811056 174.630140,-36.810882 174.629984,-36.810527 174.629886,-36.810286 174.629793,-36.809996 174.629711,-36.809671 174.629703,-36.809584 174.629737,-36.809393 174.629790,-36.809145 174.629839,-36.809011 174.629948,-36.808826 174.629978,-36.808730 174.629977,-36.808664 174.629958,-36.808602 174.629874,-36.808500 174.629815,-36.808434 174.629804,-36.808385 174.629829,-36.808308 174.629927,-36.808099 174.629934,-36.808038 174.629914,-36.807980 174.629806,-36.807735 174.629848,-36.807563 174.629840,-36.806656 174.629841,-36.806523 174.629875,-36.806408 174.629916,-36.806336 174.629916,-36.806333 174.629990,-36.806235</coordinates></LineString><LineString><tessellate>1</tessellate><coordinates>174.629990,-36.806235 174.629893,-36.806267 174.629807,-36.806277 174.629727,-36.806263 174.629544,-36.806187 174.629219,-36.806048 174.629134,-36.806009 174.629065,-36.805965 174.628995,-36.805885 174.628895,-36.805652 174.628886,-36.805607 174.628895,-36.805527 174.628915,-36.805469 174.628961,-36.805405 174.629049,-36.805349 174.629349,-36.805205 174.629673,-36.805054 174.629772,-36.805012 174.630225,-36.804885 174.630293,-36.804882 174.630386,-36.804898 174.630460,-36.804925 174.630535,-36.804979 174.630581,-36.805025 174.630595,-36.805084 174.630586,-36.805139 174.630513,-36.805437 174.630457,-36.805497 174.630466,-36.805556 174.630529,-36.805714</coordinates></LineString><LineString><tessellate>1</tessellate><coordinates>174.629990,-36.806235 174.630061,-36.806149 174.630096,-36.806056 174.630139,-36.805861 174.630330,-36.805780 174.630383,-36.805766</coordinates></LineString></MultiGeometry></Placemark><Placemark><name>Henderson / Swanson LINZ foot track 1</name><description>Sheet row 1365; LINZ t50_fid(s) 8466367</description><styleUrl>#c</styleUrl><MultiGeometry><LineString><tessellate>1</tessellate><coordinates>174.637802,-36.838094 174.637746,-36.838184 174.637742,-36.838327 174.637711,-36.838510 174.637690,-36.838597 174.637665,-36.838637 174.637610,-36.838693 174.637543,-36.838745 174.637478,-36.838781 174.637389,-36.838805 174.637293,-36.838816 174.637199,-36.838815 174.637089,-36.838826 174.636986,-36.838816 174.636880,-36.838793 174.636618,-36.838705 174.636471,-36.838669 174.636359,-36.838654 174.636298,-36.838660 174.636221,-36.838684 174.636107,-36.838734 174.635968,-36.838829 174.635834,-36.838891 174.635726,-36.838924 174.635612,-36.838937 174.635487,-36.838935 174.635365,-36.838918 174.635252,-36.838886 174.635122,-36.838846 174.634986,-36.838831 174.634758,-36.838836 174.634651,-36.838858 174.634525,-36.838909 174.634368,-36.838996 174.634238,-36.839092 174.634160,-36.839138 174.634083,-36.839164 174.633989,-36.839188 174.633880,-36.839206 174.633755,-36.839213 174.633692,-36.839224 174.633676,-36.839248 174.633697,-36.839327 174.633723,-36.839363 174.633727,-36.839410 174.633690,-36.839452 174.633580,-36.839548 174.633521,-36.839650 174.633460,-36.839764 174.633398,-36.839995 174.633361,-36.840175 174.633343,-36.840351 174.633352,-36.840652 174.633359,-36.840832 174.633358,-36.840919 174.633334,-36.841060 174.633349,-36.841140 174.633383,-36.841181 174.633442,-36.841193 174.633556,-36.841200 174.633621,-36.841206 174.633694,-36.841242 174.633798,-36.841314 174.633965,-36.841419 174.634110,-36.841475 174.634299,-36.841507 174.634477,-36.841568 174.634609,-36.841637 174.634684,-36.841734 174.634754,-36.841887 174.634910,-36.842203 174.634985,-36.842300 174.635081,-36.842379 174.635242,-36.842492 174.635307,-36.842567 174.635377,-36.842688 174.635463,-36.842753 174.635565,-36.842807 174.635755,-36.842890 174.635845,-36.842950 174.636077,-36.843066 174.636293,-36.843173 174.636509,-36.843270 174.636698,-36.843301 174.636931,-36.843316 174.637071,-36.843314 174.637358,-36.843295 174.637591,-36.843281 174.637765,-36.843240 174.637914,-36.843187 174.638006,-36.843137 174.638062,-36.843098 174.638150,-36.842998</coordinates></LineString></MultiGeometry></Placemark><Placemark><name>Albany / Dairy Flat LINZ foot track 1</name><description>Sheet row 1366; LINZ t50_fid(s) 8520886</description><styleUrl>#c</styleUrl><MultiGeometry><LineString><tessellate>1</tessellate><coordinates>174.669384,-36.804912 174.669449,-36.805044 174.669500,-36.805060 174.669550,-36.805111 174.669616,-36.805118 174.669662,-36.805157 174.669697,-36.805213 174.669670,-36.805253 174.669622,-36.805301 174.669587,-36.805347 174.669592,-36.805407 174.669631,-36.805459 174.669637,-36.805503 174.669621,-36.805556 174.669546,-36.805612 174.669369,-36.805667 174.669229,-36.805738 174.669123,-36.805816 174.669073,-36.805876 174.669024,-36.805953 174.668987,-36.805990 174.668941,-36.806011 174.668611,-36.806137 174.668369,-36.806254 174.668272,-36.806315 174.668230,-36.806356 174.668195,-36.806401 174.668120,-36.806444 174.668031,-36.806485 174.667929,-36.806506 174.667836,-36.806523 174.667723,-36.806561 174.667595,-36.806623 174.667516,-36.806670 174.667406,-36.806709 174.667315,-36.806756 174.667231,-36.806810 174.667170,-36.806884 174.667147,-36.806920 174.667125,-36.806977 174.667013,-36.807065 174.666930,-36.807098 174.666689,-36.807147 174.666522,-36.807178 174.666353,-36.807231 174.666260,-36.807244 174.666203,-36.807240 174.666104,-36.807208 174.666024,-36.807223 174.665674,-36.807219 174.665414,-36.807225 174.665217,-36.807247 174.665044,-36.807276 174.664934,-36.807311 174.664845,-36.807350 174.664765,-36.807376 174.664699,-36.807377 174.664578,-36.807299 174.664252,-36.807275 174.664041,-36.807272 174.663912,-36.807293 174.663814,-36.807291 174.663656,-36.807274 174.663556,-36.807279 174.663389,-36.807226 174.663563,-36.806873</coordinates></LineString></MultiGeometry></Placemark><Placemark><name>Onepoto Bay, Aotea LINZ foot track 2</name><description>Sheet row 1367; LINZ t50_fid(s) 3555004</description><styleUrl>#c</styleUrl><MultiGeometry><LineString><tessellate>1</tessellate><coordinates>175.348142,-36.146875 175.348417,-36.146936 175.348797,-36.147221 175.348840,-36.147320 175.348763,-36.147861 175.348767,-36.148002 175.348811,-36.148110 175.348958,-36.148215 175.349082,-36.148225 175.349266,-36.148213 175.349445,-36.148193 175.349726,-36.148154 175.350141,-36.148167 175.350627,-36.148422 175.351237,-36.149087 175.351559,-36.149242 175.351821,-36.149304 175.352401,-36.149232 175.352660,-36.149116 175.352748,-36.149030</coordinates></LineString></MultiGeometry></Placemark><Placemark><name>Northern Aotea / Great Barrier LINZ foot track 2</name><description>Sheet row 1368; LINZ t50_fid(s) 3584967</description><styleUrl>#c</styleUrl><MultiGeometry><LineString><tessellate>1</tessellate><coordinates>175.356620,-36.204904 175.356688,-36.204978 175.356790,-36.205085 175.356973,-36.205162 175.357227,-36.205275 175.357334,-36.205339 175.357461,-36.205492 175.357728,-36.205652 175.357914,-36.205842 175.357979,-36.206049 175.358042,-36.206213 175.358333,-36.206405 175.358665,-36.206578 175.358862,-36.206929 175.359051,-36.207088 175.359220,-36.207297</coordinates></LineString></MultiGeometry></Placemark><Placemark><name>Whangaparapara, Aotea / Great Barrier LINZ foot track 2</name><description>Sheet row 1369; LINZ t50_fid(s) 3574186</description><styleUrl>#c</styleUrl><MultiGeometry><LineString><tessellate>1</tessellate><coordinates>175.384099,-36.216361 175.384000,-36.216194 175.383964,-36.216092 175.383818,-36.215996 175.383794,-36.215939 175.383919,-36.215695 175.383871,-36.215571 175.383638,-36.215500 175.383441,-36.215392 175.383566,-36.214590 175.383666,-36.214258 175.383790,-36.214161 175.383835,-36.214010</coordinates></LineString></MultiGeometry></Placemark><Placemark><name>Northern Aotea / Great Barrier LINZ foot track 3</name><description>Sheet row 1370; LINZ t50_fid(s) 3593484</description><styleUrl>#c</styleUrl><MultiGeometry><LineString><tessellate>1</tessellate><coordinates>175.395802,-36.173565 175.396031,-36.173388 175.396211,-36.173169 175.396237,-36.172665 175.396406,-36.172513 175.396558,-36.172325 175.396739,-36.172268</coordinates></LineString></MultiGeometry></Placemark><Placemark><name>Mt Roskill LINZ foot track 7</name><description>Sheet row 1371; LINZ t50_fid(s) 3554621,8466362,8466765,8466766,8466767,8466986,8466988,8467129,8467130</description><styleUrl>#c</styleUrl><MultiGeometry><LineString><tessellate>1</tessellate><coordinates>174.722969,-36.903926 174.723135,-36.904103 174.723174,-36.904228 174.723212,-36.904294 174.723297,-36.904368 174.723406,-36.904416 174.723585,-36.904460 174.723950,-36.904597 174.724382,-36.904803 174.725445,-36.905352 174.726078,-36.905644 174.726494,-36.905991 174.726710,-36.906081 174.727208,-36.906238 174.727695,-36.906413 174.727859,-36.906512 174.728018,-36.906654 174.728115,-36.906734 174.728234,-36.906800 174.728406,-36.906892 174.729393,-36.907365 174.730020,-36.907671 174.730366,-36.907842 174.730716,-36.907978 174.731175,-36.908226 174.731529,-36.908425 174.732185,-36.908795 174.732704,-36.909082 174.733287,-36.909377 174.733909,-36.909648 174.734177,-36.909713 174.734258,-36.909738 174.734381,-36.909789 174.734600,-36.909868 174.735225,-36.910093 174.735627,-36.910233 174.735650,-36.910278 174.735655,-36.910339 174.735744,-36.910439 174.735840,-36.910487 174.736092,-36.910575 174.736311,-36.910633 174.736585,-36.910693 174.736888,-36.910732 174.737120,-36.910768 174.737317,-36.910811 174.737511,-36.910861 174.737731,-36.910936 174.737912,-36.911017 174.738034,-36.911089 174.738144,-36.911173 174.738269,-36.911276 174.738419,-36.911409 174.738547,-36.911534 174.738639,-36.911607 174.738729,-36.911656 174.738834,-36.911698 174.738927,-36.911710 174.739036,-36.911713 174.739125,-36.911696 174.739190,-36.911691 174.739229,-36.911699 174.739234,-36.911723 174.739184,-36.911995 174.739149,-36.912152 174.739141,-36.912225 174.739117,-36.912439 174.739194,-36.912481</coordinates></LineString><LineString><tessellate>1</tessellate><coordinates>174.743999,-36.922687 174.743409,-36.922696 174.742857,-36.922691 174.742609,-36.922677 174.742571,-36.922652 174.742533,-36.922613 174.742466,-36.922511</coordinates></LineString><LineString><tessellate>1</tessellate><coordinates>174.743999,-36.922687 174.744502,-36.922665 174.744699,-36.922629</coordinates></LineString><LineString><tessellate>1</tessellate><coordinates>174.743472,-36.919019 174.743342,-36.919047 174.743322,-36.919104 174.743362,-36.919276 174.743760,-36.920560 174.744118,-36.921721 174.744086,-36.921783 174.743993,-36.921876 174.743999,-36.922687</coordinates></LineString><LineString><tessellate>1</tessellate><coordinates>174.742466,-36.922511 174.742434,-36.922573 174.742390,-36.922603 174.742330,-36.922619 174.742162,-36.922608 174.742046,-36.922603 174.741970,-36.922623 174.741875,-36.922665 174.741676,-36.922742 174.741514,-36.922802 174.741372,-36.922875 174.741251,-36.922981 174.741191,-36.923055 174.741182,-36.923073 174.741156,-36.923125</coordinates></LineString><LineString><tessellate>1</tessellate><coordinates>174.742466,-36.922511 174.742444,-36.922456 174.742414,-36.922380 174.742408,-36.922269 174.742422,-36.922137 174.742355,-36.922042 174.742327,-36.921976 174.742313,-36.921893 174.742318,-36.921701 174.742309,-36.921633 174.742274,-36.921514 174.742205,-36.921405 174.742059,-36.921246 174.742063,-36.921191 174.742096,-36.921047 174.742140,-36.920742 174.742163,-36.920479 174.742095,-36.919730 174.742075,-36.919472 174.742091,-36.919400 174.742095,-36.919348 174.742077,-36.919281 174.742033,-36.919199 174.741988,-36.919077 174.741960,-36.918920 174.741932,-36.918118 174.741850,-36.917345 174.741852,-36.917195 174.741824,-36.917123 174.741759,-36.917017 174.741700,-36.916942 174.741527,-36.916797 174.741474,-36.916733 174.741457,-36.916678 174.741458,-36.916607 174.741478,-36.916530 174.741722,-36.916025 174.742224,-36.914968 174.742558,-36.914271 174.742826,-36.913716 174.742846,-36.913686 174.742889,-36.913676 174.743154,-36.913757 174.743207,-36.913769 174.743261,-36.913761 174.743304,-36.913741 174.743392,-36.913675</coordinates></LineString><LineString><tessellate>1</tessellate><coordinates>174.746013,-36.914828 174.744545,-36.916423 174.743789,-36.917259 174.743458,-36.917632 174.743282,-36.917876 174.743228,-36.917966</coordinates></LineString><LineString><tessellate>1</tessellate><coordinates>174.743392,-36.913675 174.743455,-36.913718 174.743589,-36.913808 174.743763,-36.913890 174.744015,-36.913973 174.744189,-36.914028 174.744295,-36.914086 174.744352,-36.914126 174.744450,-36.914225 174.744565,-36.914304 174.744760,-36.914367 174.744875,-36.914385 174.745003,-36.914381 174.745232,-36.914355 174.745396,-36.914362 174.745494,-36.914395 174.745600,-36.914466 174.745690,-36.914587 174.745810,-36.914750 174.745868,-36.914786 174.745939,-36.914814 174.746013,-36.914828</coordinates></LineString><LineString><tessellate>1</tessellate><coordinates>174.739194,-36.912481 174.739288,-36.912470 174.739412,-36.912148 174.739489,-36.911959 174.739531,-36.911918 174.739579,-36.911893 174.739631,-36.911896 174.739756,-36.911961 174.740459,-36.912297 174.741674,-36.912799 174.742790,-36.913251 174.743002,-36.913352 174.743131,-36.913443 174.743318,-36.913620 174.743392,-36.913675</coordinates></LineString></MultiGeometry></Placemark><Placemark><name>Waterview LINZ foot track 2</name><description>Sheet row 1372; LINZ t50_fid(s) 8466771,8467137</description><styleUrl>#c</styleUrl><MultiGeometry><LineString><tessellate>1</tessellate><coordinates>174.700037,-36.886378 174.700171,-36.886430</coordinates></LineString><LineString><tessellate>1</tessellate><coordinates>174.700037,-36.886378 174.699922,-36.886306 174.699797,-36.886235 174.699714,-36.886167 174.699597,-36.886062 174.699556,-36.886048 174.699456,-36.886039 174.699342,-36.886062 174.699226,-36.886148 174.699126,-36.886160 174.699039,-36.886154 174.698966,-36.886119 174.698906,-36.886072 174.698872,-36.885996 174.698866,-36.885930 174.699030,-36.885324 174.699042,-36.885233 174.698967,-36.885164 174.698861,-36.885107 174.698668,-36.885007 174.698521,-36.884947 174.698197,-36.884923 174.697873,-36.884887 174.697553,-36.884822 174.697138,-36.884784 174.697001,-36.884768 174.696873,-36.884726 174.696816,-36.884661 174.696743,-36.884640 174.696671,-36.884652 174.696585,-36.884701 174.696456,-36.884812 174.696393,-36.884853 174.696306,-36.884851 174.696251,-36.884819 174.696130,-36.884696 174.695997,-36.884676 174.695930,-36.884538 174.695870,-36.884466 174.695783,-36.884438 174.695642,-36.884451 174.695507,-36.884530 174.695402,-36.884707 174.695242,-36.884899 174.695131,-36.885025 174.695092,-36.885139 174.695103,-36.885197 174.695209,-36.885474 174.695304,-36.885670 174.695338,-36.885754 174.695431,-36.885829 174.695455,-36.885909 174.695612,-36.885973 174.695850,-36.886032 174.696080,-36.886131 174.696236,-36.886213 174.696354,-36.886200 174.696516,-36.886117 174.696562,-36.886120 174.696608,-36.886163 174.696683,-36.886265 174.696776,-36.886311 174.696876,-36.886335 174.697086,-36.886358 174.697325,-36.886468 174.697773,-36.886523 174.697882,-36.886533 174.698161,-36.886595 174.698321,-36.886614 174.698577,-36.886673 174.698682,-36.886679 174.698978,-36.886656 174.699169,-36.886661 174.699333,-36.886655 174.699455,-36.886616 174.699640,-36.886533 174.699820,-36.886443 174.700037,-36.886378</coordinates></LineString></MultiGeometry></Placemark><Placemark><name>Mt Roskill LINZ foot track 8</name><description>Sheet row 1373; LINZ t50_fid(s) 100126219</description><styleUrl>#c</styleUrl><MultiGeometry><LineString><tessellate>1</tessellate><coordinates>174.746013,-36.914828 174.746123,-36.914811 174.746212,-36.914777 174.746296,-36.914710 174.746387,-36.914604 174.746462,-36.914557 174.746542,-36.914531 174.746640,-36.914525 174.747795,-36.914593 174.749430,-36.914694 174.750106,-36.914856 174.750905,-36.915048 174.751259,-36.915136 174.752356,-36.915406 174.752412,-36.915441 174.752433,-36.915505</coordinates></LineString></MultiGeometry></Placemark><Placemark><name>Beach Haven LINZ foot track 3</name><description>Sheet row 1374; LINZ t50_fid(s) 3574984</description><styleUrl>#c</styleUrl><MultiGeometry><LineString><tessellate>1</tessellate><coordinates>174.701150,-36.805397 174.700814,-36.805576 174.700681,-36.805615 174.700343,-36.805715 174.700108,-36.805784 174.699906,-36.805844 174.699447,-36.805526 174.698687,-36.804969 174.698591,-36.804913 174.698358,-36.804873 174.698218,-36.804900 174.698121,-36.804853</coordinates></LineString></MultiGeometry></Placemark><Placemark><name>Beach Haven LINZ foot track 4</name><description>Sheet row 1375; LINZ t50_fid(s) 3593150</description><styleUrl>#c</styleUrl><MultiGeometry><LineString><tessellate>1</tessellate><coordinates>174.693335,-36.806290 174.692240,-36.806942 174.691523,-36.807056 174.691507,-36.807059</coordinates></LineString></MultiGeometry></Placemark><Placemark><name>Ranui LINZ foot track 2</name><description>Sheet row 1376; LINZ t50_fid(s) 3584297,3592533,3592537,3592538,8467138,8467140</description><styleUrl>#c</styleUrl><MultiGeometry><LineString><tessellate>1</tessellate><coordinates>174.616853,-36.856073 174.616818,-36.856075 174.616728,-36.856079 174.616625,-36.856087 174.616575,-36.856057 174.616539,-36.856006 174.616555,-36.855973 174.616544,-36.855926 174.616497,-36.855874 174.616255,-36.855698 174.616127,-36.855576 174.616057,-36.855525 174.616022,-36.855456 174.616047,-36.855172 174.616069,-36.855048 174.616139,-36.854922</coordinates></LineString><LineString><tessellate>1</tessellate><coordinates>174.616853,-36.856073 174.617005,-36.856222 174.617131,-36.856354 174.617227,-36.856510 174.617233,-36.856817</coordinates></LineString><LineString><tessellate>1</tessellate><coordinates>174.618246,-36.855723 174.618217,-36.855827 174.618144,-36.855922 174.617695,-36.856340 174.617535,-36.856496 174.617321,-36.856705 174.617233,-36.856817</coordinates></LineString><LineString><tessellate>1</tessellate><coordinates>174.618246,-36.855723 174.618031,-36.855671 174.617878,-36.855662 174.617640,-36.855726 174.617445,-36.855759 174.617052,-36.855897 174.616947,-36.855971 174.616853,-36.856073</coordinates></LineString><LineString><tessellate>1</tessellate><coordinates>174.618726,-36.855771 174.618696,-36.855796 174.618682,-36.855848 174.618463,-36.855772 174.618246,-36.855723</coordinates></LineString><LineString><tessellate>1</tessellate><coordinates>174.617233,-36.856817 174.617213,-36.856878 174.617213,-36.856962 174.617231,-36.857092 174.617296,-36.857483 174.617338,-36.857752 174.617383,-36.857863</coordinates></LineString></MultiGeometry></Placemark><Placemark><name>West Harbour LINZ foot track 5</name><description>Sheet row 1377; LINZ t50_fid(s) 8466772</description><styleUrl>#c</styleUrl><MultiGeometry><LineString><tessellate>1</tessellate><coordinates>174.635639,-36.822664 174.635670,-36.822786 174.635680,-36.822861 174.635661,-36.822943 174.635598,-36.823087 174.635582,-36.823145 174.635591,-36.823228 174.635620,-36.823336 174.635603,-36.823465 174.635434,-36.823881 174.635166,-36.824542 174.635139,-36.824560 174.635114,-36.824558 174.634961,-36.824479 174.634906,-36.824420 174.634846,-36.824405 174.634787,-36.824424 174.634712,-36.824494 174.634612,-36.824589 174.634494,-36.824653 174.634284,-36.824753 174.634154,-36.824828 174.634051,-36.824961 174.633921,-36.825078 174.633911,-36.825140 174.633896,-36.825244 174.633880,-36.825292 174.633813,-36.825383 174.633765,-36.825402 174.633573,-36.825386 174.633455,-36.825377 174.633277,-36.825363 174.633166,-36.825369 174.633084,-36.825407 174.633057,-36.825490 174.633070,-36.825587 174.633058,-36.825690 174.633015,-36.825813 174.632962,-36.826037 174.632850,-36.826393 174.632774,-36.826592 174.632685,-36.826729 174.632518,-36.826810 174.632267,-36.826906</coordinates></LineString></MultiGeometry></Placemark><Placemark><name>West Harbour LINZ foot track 6</name><description>Sheet row 1378; LINZ t50_fid(s) 8466991,8466993,8467141</description><styleUrl>#c</styleUrl><MultiGeometry><LineString><tessellate>1</tessellate><coordinates>174.617373,-36.821866 174.617916,-36.821615 174.618325,-36.821411 174.618380,-36.821364 174.618413,-36.821302 174.618428,-36.821196 174.618504,-36.821161 174.618561,-36.821148 174.618614,-36.821121</coordinates></LineString><LineString><tessellate>1</tessellate><coordinates>174.619994,-36.822092 174.619759,-36.821958 174.619694,-36.821897 174.619661,-36.821827 174.619639,-36.821727 174.619580,-36.821626 174.619537,-36.821520 174.619487,-36.821475 174.619420,-36.821431 174.619232,-36.821357 174.618847,-36.821204 174.618614,-36.821121</coordinates></LineString><LineString><tessellate>1</tessellate><coordinates>174.618614,-36.821121 174.618897,-36.820766 174.619084,-36.820424 174.619242,-36.820232 174.619363,-36.820164 174.619701,-36.819978 174.619894,-36.819905 174.620081,-36.819733 174.620347,-36.819610 174.620347,-36.819507 174.620369,-36.819415</coordinates></LineString></MultiGeometry></Placemark><Placemark><name>West Harbour LINZ foot track 7</name><description>Sheet row 1379; LINZ t50_fid(s) 8520978,8520979,8520980</description><styleUrl>#c</styleUrl><MultiGeometry><LineString><tessellate>1</tessellate><coordinates>174.622258,-36.820561 174.622474,-36.820601 174.622426,-36.820749 174.622408,-36.820873 174.622417,-36.820920 174.622500,-36.820983 174.622559,-36.821051 174.622557,-36.821051 174.622613,-36.821135 174.622628,-36.821185 174.622666,-36.821192 174.622692,-36.821217 174.622787,-36.821365 174.622841,-36.821409 174.622911,-36.821432 174.622969,-36.821438 174.623047,-36.821428 174.623110,-36.821410 174.623171,-36.821376 174.623233,-36.821300 174.623297,-36.821204 174.623349,-36.821142</coordinates></LineString><LineString><tessellate>1</tessellate><coordinates>174.624100,-36.820125 174.624000,-36.820152 174.623998,-36.820188 174.624019,-36.820258 174.624056,-36.820316 174.624123,-36.820360 174.624085,-36.820423 174.624006,-36.820662 174.623997,-36.820669 174.623956,-36.820599 174.623884,-36.820501 174.623867,-36.820508 174.623855,-36.820599 174.623850,-36.820606 174.623804,-36.820568 174.623738,-36.820481 174.623723,-36.820488 174.623768,-36.820701 174.623754,-36.820746 174.623746,-36.820799 174.623716,-36.820891 174.623674,-36.820955 174.623559,-36.821038 174.623464,-36.821109 174.623349,-36.821142</coordinates></LineString><LineString><tessellate>1</tessellate><coordinates>174.623349,-36.821142 174.623326,-36.821242 174.623288,-36.821326 174.623241,-36.821399 174.623170,-36.821471 174.623102,-36.821530 174.623001,-36.821582 174.622831,-36.821671 174.622687,-36.821669 174.622553,-36.821688 174.622589,-36.821743 174.622657,-36.821780 174.622749,-36.821826 174.622751,-36.821852 174.622676,-36.821846 174.622611,-36.821856 174.622324,-36.821901</coordinates></LineString></MultiGeometry></Placemark><Placemark><name>Te Atatū South LINZ foot track 4</name><description>Sheet row 1380; LINZ t50_fid(s) 8466769</description><styleUrl>#c</styleUrl><MultiGeometry><LineString><tessellate>1</tessellate><coordinates>174.641850,-36.870984 174.641961,-36.871089 174.642032,-36.871168 174.642092,-36.871209 174.642219,-36.871255 174.642332,-36.871320 174.642409,-36.871348 174.642417,-36.871433 174.642465,-36.871509 174.642542,-36.871592 174.642674,-36.871718 174.642609,-36.871761 174.642590,-36.871798 174.642592,-36.871883 174.642580,-36.871950 174.642558,-36.872021 174.642434,-36.872095 174.642237,-36.872246 174.642129,-36.872313 174.642010,-36.872424 174.641958,-36.872496 174.641866,-36.872645 174.641803,-36.872708 174.641733,-36.872745 174.641643,-36.872775 174.641534,-36.872798 174.641474,-36.872838 174.641447,-36.872886 174.641416,-36.872963 174.641395,-36.873047 174.641392,-36.873129 174.641407,-36.873220 174.641458,-36.873375 174.641468,-36.873448 174.641511,-36.873527 174.641582,-36.873592 174.641677,-36.873654 174.642132,-36.873939 174.642447,-36.874148 174.642805,-36.874413</coordinates></LineString></MultiGeometry></Placemark><Placemark><name>Te Atatū Peninsula LINZ foot track 3</name><description>Sheet row 1381; LINZ t50_fid(s) 8466773</description><styleUrl>#c</styleUrl><MultiGeometry><LineString><tessellate>1</tessellate><coordinates>174.660524,-36.832850 174.660636,-36.832832 174.660742,-36.832796 174.660799,-36.832746 174.660869,-36.832680 174.660994,-36.832600 174.661102,-36.832521 174.661114,-36.832492 174.661129,-36.832374 174.661126,-36.832334 174.661092,-36.832232 174.661066,-36.832129 174.661038,-36.832079 174.660968,-36.831989 174.660878,-36.831915 174.660813,-36.831815 174.660736,-36.831714 174.660683,-36.831637 174.660611,-36.831553 174.660521,-36.831409 174.660488,-36.831361 174.660436,-36.831302 174.660416,-36.831270 174.660402,-36.831221 174.660396,-36.831179 174.660341,-36.831069 174.660270,-36.831075 174.660223,-36.831068 174.660193,-36.831053 174.660108,-36.830981 174.660046,-36.830937 174.659999,-36.830898 174.659966,-36.830873 174.659920,-36.830865 174.659865,-36.830871 174.659782,-36.830832 174.659695,-36.830771 174.659499,-36.830668 174.659394,-36.830605 174.659283,-36.830515 174.659153,-36.830435 174.659023,-36.830349 174.658952,-36.830318 174.658908,-36.830299 174.658874,-36.830291 174.658837,-36.830291 174.658771,-36.830319 174.658605,-36.830372 174.658418,-36.830468 174.658000,-36.830784</coordinates></LineString></MultiGeometry></Placemark><Placemark><name>Te Atatū Peninsula LINZ foot track 4</name><description>Sheet row 1382; LINZ t50_fid(s) 8466995</description><styleUrl>#c</styleUrl><MultiGeometry><LineString><tessellate>1</tessellate><coordinates>174.661205,-36.839071 174.661150,-36.838981 174.661193,-36.838935 174.661218,-36.838872 174.661227,-36.838818 174.661282,-36.838754 174.661329,-36.838708 174.661341,-36.838668 174.661327,-36.838595 174.661345,-36.838535 174.661424,-36.838396 174.661438,-36.838347 174.661431,-36.838305 174.661384,-36.838240 174.661335,-36.838186 174.661223,-36.838111 174.661108,-36.838032 174.661020,-36.837964 174.661009,-36.837940 174.660970,-36.837773 174.660987,-36.837739 174.661085,-36.837682 174.661147,-36.837636 174.661213,-36.837568 174.661241,-36.837480 174.661300,-36.837362 174.661326,-36.837272 174.661328,-36.837154 174.661323,-36.837031 174.661288,-36.836929 174.661240,-36.836794 174.661205,-36.836675 174.661164,-36.836582 174.661134,-36.836528 174.661094,-36.836489 174.661035,-36.836456 174.660943,-36.836426 174.660810,-36.836395 174.660690,-36.836381 174.660621,-36.836363 174.660562,-36.836309</coordinates></LineString></MultiGeometry></Placemark><Placemark><name>Massey LINZ foot track 1</name><description>Sheet row 1383; LINZ t50_fid(s) 8466992</description><styleUrl>#c</styleUrl><MultiGeometry><LineString><tessellate>1</tessellate><coordinates>174.614739,-36.823047 174.615095,-36.822940 174.615166,-36.822977 174.615239,-36.822978 174.615435,-36.822909 174.615566,-36.822807 174.615702,-36.822696 174.615812,-36.822606 174.616038,-36.822420 174.616236,-36.822258 174.616382,-36.822139 174.616433,-36.822114 174.616510,-36.822105 174.616574,-36.822108 174.616640,-36.822138 174.616681,-36.822173 174.616727,-36.822242 174.616785,-36.822294 174.616842,-36.822326 174.616906,-36.822334 174.616981,-36.822330 174.617032,-36.822310 174.617074,-36.822275 174.617106,-36.822228 174.617128,-36.822165 174.617108,-36.822101 174.617085,-36.822050 174.617087,-36.821999 174.617102,-36.821959 174.617153,-36.821919 174.617298,-36.821830</coordinates></LineString></MultiGeometry></Placemark><Placemark><name>Massey LINZ foot track 2</name><description>Sheet row 1384; LINZ t50_fid(s) 8466990</description><styleUrl>#c</styleUrl><MultiGeometry><LineString><tessellate>1</tessellate><coordinates>174.609993,-36.828943 174.609995,-36.828942 174.610270,-36.828812 174.610513,-36.828743 174.610609,-36.828665 174.610700,-36.828621 174.610901,-36.828414 174.611027,-36.828258 174.611350,-36.827789 174.611742,-36.827377 174.611802,-36.827337 174.611897,-36.827299 174.611978,-36.827272 174.612017,-36.827233 174.612105,-36.827012 174.612068,-36.826997 174.612094,-36.826936 174.612155,-36.826907</coordinates></LineString></MultiGeometry></Placemark><Placemark><name>Te Atatū Peninsula LINZ foot track 5</name><description>Sheet row 1385; LINZ t50_fid(s) 8466994</description><styleUrl>#c</styleUrl><MultiGeometry><LineString><tessellate>1</tessellate><coordinates>174.647165,-36.834877 174.647784,-36.834750 174.647830,-36.834764 174.647931,-36.834819 174.648008,-36.834842 174.648089,-36.834850 174.648197,-36.834840 174.648332,-36.834807 174.648453,-36.834760 174.648560,-36.834702 174.648640,-36.834646 174.648725,-36.834578 174.648822,-36.834531 174.648962,-36.834494 174.649145,-36.834439 174.649412,-36.834385 174.649628,-36.834338</coordinates></LineString></MultiGeometry></Placemark><Placemark><name>Waitākere LINZ foot track 1</name><description>Sheet row 1386; LINZ t50_fid(s) 8466989</description><styleUrl>#c</styleUrl><MultiGeometry><LineString><tessellate>1</tessellate><coordinates>174.558517,-36.820812 174.558793,-36.820947 174.559433,-36.821146 174.560753,-36.821486 174.560851,-36.821527 174.560859,-36.821530</coordinates></LineString></MultiGeometry></Placemark><Placemark><name>Henderson / Swanson LINZ foot track 2</name><description>Sheet row 1387; LINZ t50_fid(s) 3584298</description><styleUrl>#c</styleUrl><MultiGeometry><LineString><tessellate>1</tessellate><coordinates>174.625285,-36.833451 174.624945,-36.833007 174.624889,-36.832968 174.624669,-36.832756 174.624806,-36.832620 174.624814,-36.832570 174.625154,-36.832415 174.625389,-36.832202 174.625413,-36.832132 174.625413,-36.832095</coordinates></LineString></MultiGeometry></Placemark><Placemark><name>Te Atatū Peninsula LINZ foot track 6</name><description>Sheet row 1388; LINZ t50_fid(s) 3593144</description><styleUrl>#c</styleUrl><MultiGeometry><LineString><tessellate>1</tessellate><coordinates>174.655254,-36.838820 174.655289,-36.838894 174.655444,-36.839310 174.655407,-36.839419 174.655170,-36.839738 174.654994,-36.839935 174.654926,-36.839946 174.655075,-36.840398</coordinates></LineString></MultiGeometry></Placemark><Placemark><name>Henderson / Swanson LINZ foot track 3</name><description>Sheet row 1389; LINZ t50_fid(s) 8467139</description><styleUrl>#c</styleUrl><MultiGeometry><LineString><tessellate>1</tessellate><coordinates>174.618028,-36.847680 174.617831,-36.847377 174.617654,-36.847179 174.617613,-36.847049 174.617557,-36.846978 174.617780,-36.846666 174.617970,-36.846363</coordinates></LineString></MultiGeometry></Placemark><Placemark><name>Te Atatū South LINZ foot track 5</name><description>Sheet row 1390; LINZ t50_fid(s) 3584645</description><styleUrl>#c</styleUrl><MultiGeometry><LineString><tessellate>1</tessellate><coordinates>174.650525,-36.881392 174.651116,-36.881444 174.651721,-36.881771 174.651930,-36.881904</coordinates></LineString></MultiGeometry></Placemark><Placemark><name>West Harbour LINZ foot track 8</name><description>Sheet row 1391; LINZ t50_fid(s) 3592545</description><styleUrl>#c</styleUrl><MultiGeometry><LineString><tessellate>1</tessellate><coordinates>174.622879,-36.817702 174.622873,-36.817775 174.622525,-36.817748 174.622444,-36.818060 174.622342,-36.818394 174.622565,-36.818444</coordinates></LineString></MultiGeometry></Placemark><Placemark><name>Te Atatū South LINZ foot track 6</name><description>Sheet row 1392; LINZ t50_fid(s) 3592918</description><styleUrl>#c</styleUrl><MultiGeometry><LineString><tessellate>1</tessellate><coordinates>174.652176,-36.882762 174.652237,-36.882641 174.652279,-36.882396 174.652364,-36.882188 174.652426,-36.882072 174.652656,-36.881781 174.652689,-36.881686</coordinates></LineString></MultiGeometry></Placemark><Placemark><name>Massey LINZ foot track 3</name><description>Sheet row 1393; LINZ t50_fid(s) 3592535</description><styleUrl>#c</styleUrl><MultiGeometry><LineString><tessellate>1</tessellate><coordinates>174.605313,-36.834832 174.604984,-36.835372 174.604773,-36.835686 174.604836,-36.835774 174.604842,-36.835816 174.604805,-36.835869</coordinates></LineString></MultiGeometry></Placemark><Placemark><name>Massey LINZ foot track 4</name><description>Sheet row 1394; LINZ t50_fid(s) 8520976</description><styleUrl>#c</styleUrl><MultiGeometry><LineString><tessellate>1</tessellate><coordinates>174.617693,-36.837045 174.617087,-36.836808 174.616977,-36.836743 174.616775,-36.836529 174.616826,-36.836415 174.616827,-36.836356 174.616778,-36.836327</coordinates></LineString></MultiGeometry></Placemark><Placemark><name>West Harbour LINZ foot track 9</name><description>Sheet row 1395; LINZ t50_fid(s) 3593147</description><styleUrl>#c</styleUrl><MultiGeometry><LineString><tessellate>1</tessellate><coordinates>174.632909,-36.814218 174.632862,-36.814143 174.632758,-36.814041 174.632463,-36.813939 174.631999,-36.813858 174.631852,-36.813849 174.631694,-36.813745</coordinates></LineString></MultiGeometry></Placemark><Placemark><name>Te Atatū South LINZ foot track 7</name><description>Sheet row 1396; LINZ t50_fid(s) 8467134</description><styleUrl>#c</styleUrl><MultiGeometry><LineString><tessellate>1</tessellate><coordinates>174.644841,-36.880298 174.644649,-36.880269 174.643864,-36.880208 174.643634,-36.880184 174.643432,-36.880181</coordinates></LineString></MultiGeometry></Placemark><Placemark><name>Te Atatū South LINZ foot track 8</name><description>Sheet row 1397; LINZ t50_fid(s) 8467132</description><styleUrl>#c</styleUrl><MultiGeometry><LineString><tessellate>1</tessellate><coordinates>174.636818,-36.874674 174.636934,-36.874210 174.636973,-36.874127 174.637038,-36.874061 174.637118,-36.874014 174.637424,-36.873838 174.637522,-36.873795</coordinates></LineString></MultiGeometry></Placemark><Placemark><name>West Harbour LINZ foot track 10</name><description>Sheet row 1398; LINZ t50_fid(s) 3592548</description><styleUrl>#c</styleUrl><MultiGeometry><LineString><tessellate>1</tessellate><coordinates>174.625744,-36.816696 174.625227,-36.816572 174.624952,-36.816508 174.624785,-36.816790 174.624700,-36.816906</coordinates></LineString></MultiGeometry></Placemark><Placemark><name>Te Atatū South LINZ foot track 9</name><description>Sheet row 1399; LINZ t50_fid(s) 8467133</description><styleUrl>#c</styleUrl><MultiGeometry><LineString><tessellate>1</tessellate><coordinates>174.644812,-36.880379 174.644914,-36.880349 174.645010,-36.880300 174.646157,-36.880404</coordinates></LineString></MultiGeometry></Placemark><Placemark><name>Henderson LINZ foot track 6</name><description>Sheet row 1400; LINZ t50_fid(s) 3592524</description><styleUrl>#c</styleUrl><MultiGeometry><LineString><tessellate>1</tessellate><coordinates>174.626815,-36.870706 174.628160,-36.870877</coordinates></LineString></MultiGeometry></Placemark><Placemark><name>West Harbour LINZ foot track 11</name><description>Sheet row 1401; LINZ t50_fid(s) 8520993</description><styleUrl>#c</styleUrl><MultiGeometry><LineString><tessellate>1</tessellate><coordinates>174.627466,-36.822145 174.628105,-36.822222 174.628678,-36.822516</coordinates></LineString></MultiGeometry></Placemark><Placemark><name>Te Atatū Peninsula LINZ foot track 7</name><description>Sheet row 1402; LINZ t50_fid(s) 3593138</description><styleUrl>#c</styleUrl><MultiGeometry><LineString><tessellate>1</tessellate><coordinates>174.648025,-36.839351 174.646725,-36.839328</coordinates></LineString></MultiGeometry></Placemark><Placemark><name>Henderson LINZ foot track 7</name><description>Sheet row 1403; LINZ t50_fid(s) 3592523</description><styleUrl>#c</styleUrl><MultiGeometry><LineString><tessellate>1</tessellate><coordinates>174.630139,-36.873275 174.629326,-36.872596 174.629224,-36.872532</coordinates></LineString></MultiGeometry></Placemark><Placemark><name>Massey LINZ foot track 5</name><description>Sheet row 1404; LINZ t50_fid(s) 8520974</description><styleUrl>#c</styleUrl><MultiGeometry><LineString><tessellate>1</tessellate><coordinates>174.607718,-36.844136 174.607826,-36.843887 174.608005,-36.843552 174.608142,-36.843500 174.608368,-36.843433 174.608491,-36.843416</coordinates></LineString></MultiGeometry></Placemark><Placemark><name>Te Atatū Peninsula LINZ foot track 8</name><description>Sheet row 1405; LINZ t50_fid(s) 8520989</description><styleUrl>#c</styleUrl><MultiGeometry><LineString><tessellate>1</tessellate><coordinates>174.649565,-36.838087 174.649672,-36.838023 174.650049,-36.837854 174.650736,-36.837698</coordinates></LineString></MultiGeometry></Placemark><Placemark><name>Henderson / Swanson LINZ foot track 4</name><description>Sheet row 1406; LINZ t50_fid(s) 8520988</description><styleUrl>#c</styleUrl><MultiGeometry><LineString><tessellate>1</tessellate><coordinates>174.634445,-36.836880 174.634356,-36.836725 174.634268,-36.836617 174.633871,-36.835982</coordinates></LineString></MultiGeometry></Placemark><Placemark><name>Te Atatū South LINZ foot track 10</name><description>Sheet row 1407; LINZ t50_fid(s) 3592919</description><styleUrl>#c</styleUrl><MultiGeometry><LineString><tessellate>1</tessellate><coordinates>174.650210,-36.881835 174.649807,-36.881605 174.649313,-36.881548 174.649073,-36.881471</coordinates></LineString></MultiGeometry></Placemark><Placemark><name>Massey LINZ foot track 6</name><description>Sheet row 1408; LINZ t50_fid(s) 8520977</description><styleUrl>#c</styleUrl><MultiGeometry><LineString><tessellate>1</tessellate><coordinates>174.622645,-36.829558 174.623495,-36.829794 174.623813,-36.829897</coordinates></LineString></MultiGeometry></Placemark><Placemark><name>Red Beach LINZ foot track 11</name><description>Sheet row 1409; LINZ t50_fid(s) 3584884,6097723</description><styleUrl>#c</styleUrl><MultiGeometry><LineString><tessellate>1</tessellate><coordinates>174.697740,-36.600467 174.698077,-36.600544 174.698499,-36.600453 174.698824,-36.600329 174.699182,-36.600151 174.699641,-36.600183 174.699947,-36.600244 174.700263,-36.600213 174.700458,-36.600212 174.700639,-36.600704</coordinates></LineString><LineString><tessellate>1</tessellate><coordinates>174.697717,-36.602357 174.697871,-36.601931 174.697882,-36.601900 174.697928,-36.601702 174.697959,-36.601586 174.697938,-36.601437 174.697901,-36.601176 174.697772,-36.600974 174.697764,-36.600794 174.697740,-36.600467</coordinates></LineString></MultiGeometry></Placemark><Placemark><name>Hibiscus Coast / Ōrewa LINZ foot track 4</name><description>Sheet row 1410; LINZ t50_fid(s) 3593378</description><styleUrl>#c</styleUrl><MultiGeometry><LineString><tessellate>1</tessellate><coordinates>174.690277,-36.602033 174.690927,-36.601840 174.690986,-36.601588 174.690833,-36.601286 174.690686,-36.601120</coordinates></LineString></MultiGeometry></Placemark><Placemark><name>Huia / Cornwallis LINZ foot track 1</name><description>Sheet row 1411; LINZ t50_fid(s) 3553513</description><styleUrl>#c</styleUrl><MultiGeometry><LineString><tessellate>1</tessellate><coordinates>174.496372,-37.036981 174.496762,-37.037243 174.496923,-37.037560 174.497126,-37.037874 174.497139,-37.037882 174.497363,-37.038055 174.497596,-37.038286 174.497704,-37.038347 174.497875,-37.038388 174.497940,-37.038390 174.498053,-37.038368 174.498082,-37.038375 174.498098,-37.038410 174.498126,-37.038549 174.498125,-37.038647 174.498135,-37.038699 174.498247,-37.038929 174.498309,-37.039005 174.498349,-37.039106 174.498357,-37.039316 174.498373,-37.039379 174.498548,-37.039490 174.498675,-37.039717 174.498710,-37.039760 174.498848,-37.039832 174.499128,-37.039956 174.499160,-37.039981 174.499150,-37.040024 174.499058,-37.040157 174.499038,-37.040212 174.499065,-37.040347 174.499129,-37.040565 174.499152,-37.040613 174.499269,-37.040714 174.499486,-37.040835 174.499543,-37.040859 174.499586,-37.040863 174.499708,-37.040919 174.500007,-37.041079 174.500303,-37.041158 174.500688,-37.041153 174.501165,-37.041260 174.501701,-37.041219 174.501818,-37.041211 174.502215,-37.041175 174.502635,-37.041025 174.502962,-37.040682 174.503262,-37.040277 174.503614,-37.039913 174.503795,-37.039486</coordinates></LineString></MultiGeometry></Placemark><Placemark><name>Huia / Cornwallis LINZ foot track 2</name><description>Sheet row 1412; LINZ t50_fid(s) 3573030,3584253,3584254</description><styleUrl>#c</styleUrl><MultiGeometry><LineString><tessellate>1</tessellate><coordinates>174.507000,-37.040089 174.507004,-37.040220 174.506988,-37.040346 174.506857,-37.040503 174.506743,-37.040767 174.506495,-37.041393 174.506509,-37.041921 174.506807,-37.042648</coordinates></LineString><LineString><tessellate>1</tessellate><coordinates>174.508929,-37.044906 174.508649,-37.044810 174.508442,-37.044731 174.508332,-37.044617 174.508273,-37.044598 174.508233,-37.044553 174.508065,-37.044470 174.507980,-37.044457 174.507860,-37.044364 174.507792,-37.044367 174.507631,-37.044306 174.507502,-37.044197 174.507308,-37.044091 174.507275,-37.043987 174.507153,-37.043964 174.507152,-37.043828 174.507157,-37.043699 174.507025,-37.043602 174.507008,-37.043517 174.507056,-37.043246 174.506935,-37.042904 174.506872,-37.042856 174.506807,-37.042648</coordinates></LineString><LineString><tessellate>1</tessellate><coordinates>174.506807,-37.042648 174.506734,-37.042814 174.506671,-37.043122 174.506622,-37.043338 174.506498,-37.043652 174.506522,-37.044081 174.506586,-37.044240 174.506674,-37.044429 174.506700,-37.044595 174.506671,-37.044687 174.506619,-37.044755 174.506483,-37.044843 174.506326,-37.045017</coordinates></LineString></MultiGeometry></Placemark><Placemark><name>Huia LINZ foot track 1</name><description>Sheet row 1413; LINZ t50_fid(s) 3584264</description><styleUrl>#c</styleUrl><MultiGeometry><LineString><tessellate>1</tessellate><coordinates>174.568735,-36.990437 174.569298,-36.990576 174.569609,-36.990564 174.569963,-36.990683 174.570472,-36.990904</coordinates></LineString></MultiGeometry></Placemark><Placemark><name>Hūnua Ranges LINZ foot track 1</name><description>Sheet row 1414; LINZ t50_fid(s) 6097388</description><styleUrl>#c</styleUrl><MultiGeometry><LineString><tessellate>1</tessellate><coordinates>175.147636,-37.189250 175.148140,-37.189254 175.148196,-37.189251 175.148369,-37.189308 175.148545,-37.189246 175.148707,-37.189122 175.148979,-37.189104 175.148981,-37.189036 175.148849,-37.188926 175.148910,-37.188830 175.148920,-37.188680 175.148880,-37.188464 175.148769,-37.188230 175.148775,-37.188184 175.148941,-37.187989 175.148947,-37.187771 175.149027,-37.187729 175.149287,-37.187765 175.149410,-37.187690 175.149406,-37.187581 175.149277,-37.187467 175.149273,-37.187338 175.149330,-37.187339 175.149449,-37.187424 175.149535,-37.187430 175.149616,-37.187398 175.149720,-37.187140 175.149950,-37.186960 175.150460,-37.186450 175.150621,-37.186344 175.150716,-37.186184 175.150777,-37.186145 175.150750,-37.185670 175.150710,-37.185580 175.150730,-37.185360 175.150690,-37.185290 175.150780,-37.185160 175.150790,-37.185020 175.150760,-37.184900 175.150650,-37.184790 175.150610,-37.184670 175.150650,-37.184490 175.150750,-37.184410 175.150810,-37.184290 175.150810,-37.184210 175.150680,-37.184160 175.150540,-37.184050 175.150600,-37.183940 175.150580,-37.183660 175.150770,-37.183460 175.150680,-37.183440 175.150500,-37.183240 175.150590,-37.183130 175.150590,-37.183060 175.150670,-37.182980 175.150710,-37.182880 175.150650,-37.182810 175.150390,-37.182840 175.150350,-37.182810 175.150360,-37.182780 175.150450,-37.182780 175.150610,-37.182570 175.150580,-37.182500 175.150490,-37.182430 175.150380,-37.182160 175.150300,-37.182120 175.150270,-37.182050 175.150210,-37.181840 175.150200,-37.181490 175.150110,-37.181380 175.150130,-37.181220 175.150270,-37.181000 175.150110,-37.180730 175.150090,-37.180570 175.149850,-37.180290 175.149880,-37.180130 175.149570,-37.179870 175.149580,-37.179690 175.149510,-37.179400 175.149550,-37.179350 175.149450,-37.179190 175.149410,-37.178990 175.149380,-37.178670 175.149420,-37.178580 175.149314,-37.178318 175.149337,-37.178148 175.149221,-37.178050 175.149072,-37.177805 175.148850,-37.177540 175.148710,-37.177440 175.148961,-37.177148 175.149010,-37.177000 175.149050,-37.177018 175.149065,-37.177137 175.149124,-37.177123 175.149194,-37.176896 175.149180,-37.176800 175.149074,-37.176663 175.149057,-37.176397 175.148982,-37.176279 175.148980,-37.176200 175.149076,-37.176058 175.149066,-37.175944 175.148802,-37.175798 175.148780,-37.175760 175.148810,-37.175710 175.149172,-37.175788 175.149279,-37.176163 175.149474,-37.176185 175.149634,-37.176308 175.149595,-37.176493 175.149800,-37.176786 175.150120,-37.176860 175.150198,-37.176985 175.150308,-37.177057 175.150359,-37.177056 175.150432,-37.176992 175.150396,-37.176880 175.150073,-37.176361 175.150091,-37.176175 175.150052,-37.175931 175.150160,-37.175560 175.150351,-37.175262 175.150320,-37.175090 175.150532,-37.175007 175.150650,-37.174890 175.150825,-37.174827 175.150938,-37.174616 175.151038,-37.174582 175.151000,-37.174470 175.151183,-37.174000 175.151091,-37.173530 175.151098,-37.173480 175.151186,-37.173419 175.151202,-37.173368 175.150914,-37.172947 175.150790,-37.172667 175.150990,-37.172380 175.151080,-37.172150 175.151070,-37.171860 175.151020,-37.171730 175.151030,-37.171600 175.151085,-37.171488 175.151090,-37.171135 175.151080,-37.171080 175.150831,-37.170992 175.150289,-37.170661 175.150225,-37.170575 175.150182,-37.170354 175.149956,-37.170046 175.149623,-37.169858 175.149351,-37.169785 175.149215,-37.169332 175.149090,-37.169170 175.149060,-37.169030 175.148950,-37.168910 175.148905,-37.168775 175.148923,-37.168520 175.149040,-37.168313 175.149126,-37.168063 175.149194,-37.167986 175.149239,-37.167788 175.149180,-37.167690 175.148991,-37.167525 175.148657,-37.167303 175.148196,-37.166717 175.148070,-37.166460 175.148150,-37.166310 175.148150,-37.166230 175.147902,-37.165936 175.147820,-37.165770 175.147670,-37.165680 175.147618,-37.165584 175.147420,-37.165180 175.147091,-37.164278 175.146812,-37.164020 175.146635,-37.164041 175.146597,-37.164010 175.146733,-37.163850 175.146698,-37.163443 175.146793,-37.163280 175.147046,-37.163079 175.147330,-37.162997 175.147375,-37.162959 175.147391,-37.162629 175.147445,-37.162391 175.147420,-37.162339 175.147186,-37.162153 175.146945,-37.161695 175.146739,-37.161564 175.146666,-37.161445 175.146619,-37.161286 175.146621,-37.161132 175.146700,-37.160930 175.146660,-37.160730 175.146293,-37.159728 175.146150,-37.159450 175.146090,-37.159210 175.145934,-37.159021 175.145990,-37.158850 175.146128,-37.158679 175.146262,-37.158590 175.146438,-37.158542 175.146447,-37.158239 175.146350,-37.157893 175.146170,-37.157690 175.146050,-37.157614 175.145951,-37.157437 175.146010,-37.157016 175.145807,-37.156576 175.145894,-37.156270 175.146230,-37.155917 175.146230,-37.155620 175.146327,-37.155450 175.146318,-37.155311 175.146400,-37.155220 175.146442,-37.155089 175.146867,-37.154887 175.147000,-37.154740 175.146997,-37.154673 175.146869,-37.154611 175.146815,-37.154444 175.146910,-37.154240 175.146946,-37.153963 175.147112,-37.153683 175.147510,-37.153630 175.147851,-37.153480 175.148282,-37.153101 175.148391,-37.153061 175.149040,-37.153140 175.149120,-37.153201 175.149520,-37.153210 175.149650,-37.153280 175.149851,-37.153278 175.149980,-37.153320 175.150264,-37.153254 175.150730,-37.153010 175.150806,-37.153003 175.151010,-37.153070 175.151194,-37.153265 175.151380,-37.153310 175.151550,-37.153410 175.151690,-37.153420 175.151796,-37.153377 175.151845,-37.153316 175.151960,-37.152870 175.152120,-37.152626 175.152290,-37.152420 175.152634,-37.152263 175.152721,-37.152016 175.152823,-37.151868 175.152836,-37.151760 175.152800,-37.151642 175.152830,-37.151563 175.152920,-37.151430 175.153130,-37.151250 175.153270,-37.151040 175.153420,-37.150960 175.153488,-37.150793 175.153511,-37.150597 175.153605,-37.150441 175.153996,-37.150151 175.154091,-37.149978 175.154200,-37.149922 175.154624,-37.149486 175.154658,-37.149366 175.154579,-37.149160 175.154500,-37.148622 175.154434,-37.148489 175.154308,-37.148450 175.154211,-37.148358 175.154017,-37.148316 175.153795,-37.148206 175.153720,-37.147890 175.153390,-37.147790 175.153390,-37.147725 175.153160,-37.147400 175.153170,-37.147310 175.153351,-37.147119 175.153280,-37.146994 175.153320,-37.146650 175.153230,-37.146490 175.153100,-37.146370 175.153240,-37.145690 175.153190,-37.145580 175.153066,-37.145440 175.153093,-37.145332 175.152980,-37.145220 175.152977,-37.145121 175.153070,-37.144936 175.153020,-37.144880 175.153030,-37.144810 175.152894,-37.144527 175.152930,-37.144350 175.152860,-37.144300 175.152900,-37.144195 175.152888,-37.144124 175.152770,-37.143960 175.152739,-37.143803 175.152490,-37.143650 175.152358,-37.143289 175.152230,-37.143104 175.152367,-37.142539 175.152510,-37.142291 175.152537,-37.142087 175.152788,-37.141715 175.152793,-37.141487 175.152880,-37.141238 175.152918,-37.140772 175.152992,-37.140614 175.153018,-37.140221 175.153056,-37.140087 175.153094,-37.139957 175.153187,-37.139655</coordinates></LineString></MultiGeometry></Placemark><Placemark><name>Hunua LINZ foot track 2</name><description>Sheet row 1415; LINZ t50_fid(s) 3554271,3554272,3584490</description><styleUrl>#c</styleUrl><MultiGeometry><LineString><tessellate>1</tessellate><coordinates>175.153851,-37.103442 175.153900,-37.103500 175.153900,-37.103710 175.153980,-37.103850 175.153930,-37.104250 175.153950,-37.104360 175.154040,-37.104450 175.154130,-37.104480 175.154400,-37.104560 175.154660,-37.104630 175.154680,-37.104630 175.154800,-37.104690 175.154880,-37.104770 175.154950,-37.104790 175.155060,-37.104830 175.155000,-37.104910 175.154940,-37.105030 175.154910,-37.105160 175.154950,-37.105290 175.154970,-37.105440 175.155030,-37.105600 175.155110,-37.105740 175.155120,-37.105790 175.155210,-37.105770 175.155350,-37.105710 175.155520,-37.105760 175.155690,-37.105770 175.156010,-37.105760 175.156661,-37.106010 175.156885,-37.106080 175.156920,-37.106090 175.157040,-37.106210 175.157140,-37.106420 175.157194,-37.106529 175.157240,-37.106620 175.157240,-37.106660 175.157240,-37.106700 175.157150,-37.106890 175.157060,-37.107090 175.157030,-37.107180 175.157040,-37.107300 175.157040,-37.107320 175.157230,-37.107570 175.157180,-37.107770 175.157100,-37.107850 175.157000,-37.107980 175.157030,-37.108030 175.157140,-37.108100 175.157300,-37.108080 175.157550,-37.107880 175.157710,-37.107850 175.157840,-37.107790 175.157910,-37.107670 175.157930,-37.107640 175.157960,-37.107490 175.157990,-37.107360 175.158080,-37.107250 175.158110,-37.107220 175.158080,-37.107060 175.158080,-37.106982 175.158080,-37.106900 175.158160,-37.106800 175.158200,-37.106650 175.157840,-37.106260 175.157760,-37.106120 175.157760,-37.105990 175.157930,-37.105930 175.158340,-37.106010 175.158660,-37.106040 175.158800,-37.106070 175.158970,-37.106170 175.159040,-37.106320 175.159380,-37.106550 175.159530,-37.106590 175.159560,-37.106590 175.159870,-37.106750 175.160130,-37.107020 175.160340,-37.107210 175.160460,-37.107420 175.160610,-37.107570 175.160680,-37.107990 175.160890,-37.108310 175.161090,-37.108310 175.161440,-37.108190 175.161620,-37.108250 175.161730,-37.108340 175.161760,-37.108450 175.161700,-37.108490 175.161480,-37.108600 175.161450,-37.108860 175.161650,-37.108860 175.161740,-37.108910 175.161755,-37.108980 175.161770,-37.109050 175.161960,-37.109040 175.162020,-37.109180 175.162060,-37.109180 175.162110,-37.109100 175.162110,-37.109090 175.162131,-37.109097 175.162260,-37.109140 175.162450,-37.109250 175.162499,-37.109303 175.162570,-37.109380 175.162660,-37.109340 175.162900,-37.109210 175.163020,-37.109260 175.163150,-37.109440 175.163190,-37.109590 175.163255,-37.109624 175.163368,-37.109689</coordinates></LineString><LineString><tessellate>1</tessellate><coordinates>175.153851,-37.103442 175.153619,-37.103235 175.153427,-37.103128 175.153158,-37.102961 175.153115,-37.102781 175.153207,-37.102467 175.153042,-37.102429 175.153008,-37.102203 175.153159,-37.102038 175.153435,-37.101854 175.153804,-37.101632 175.154074,-37.101527 175.154348,-37.101415 175.154504,-37.101375 175.154752,-37.101390</coordinates></LineString><LineString><tessellate>1</tessellate><coordinates>175.146973,-37.110261 175.147192,-37.110092 175.147355,-37.110026 175.147572,-37.110005 175.147628,-37.109926 175.147744,-37.109744 175.147936,-37.109640 175.148251,-37.109605 175.148513,-37.109459 175.148707,-37.109222 175.148788,-37.108880 175.148938,-37.108580 175.149075,-37.108261 175.149021,-37.108053 175.149109,-37.107898 175.149030,-37.107558 175.149134,-37.107320 175.149232,-37.107261 175.149578,-37.107073 175.149985,-37.107078 175.150352,-37.107096 175.150599,-37.107004 175.150866,-37.107031 175.151044,-37.106971 175.151229,-37.106899 175.151532,-37.106837 175.151780,-37.106776 175.151845,-37.106588 175.152011,-37.106384 175.152044,-37.106165 175.152228,-37.106024 175.152434,-37.105857 175.152620,-37.105541 175.152646,-37.105353 175.152750,-37.105157 175.152831,-37.104981 175.152947,-37.104672 175.153048,-37.104454 175.153117,-37.104281 175.153231,-37.104170 175.153377,-37.103932 175.153851,-37.103442</coordinates></LineString></MultiGeometry></Placemark><Placemark><name>Hūnua Ranges LINZ foot track 2</name><description>Sheet row 1416; LINZ t50_fid(s) 3554267</description><styleUrl>#c</styleUrl><MultiGeometry><LineString><tessellate>1</tessellate><coordinates>175.166423,-37.139728 175.166407,-37.139735 175.166179,-37.139823 175.166025,-37.139714 175.166103,-37.139379 175.165961,-37.139255 175.165843,-37.139253 175.165570,-37.138788 175.165468,-37.138580 175.165266,-37.138364 175.165372,-37.138137 175.165338,-37.137996 175.165286,-37.137756 175.165351,-37.137509 175.165417,-37.137312 175.165347,-37.137100 175.165268,-37.136963 175.165254,-37.136747 175.165080,-37.136448 175.164894,-37.136172 175.164681,-37.135941 175.164611,-37.135888</coordinates></LineString></MultiGeometry></Placemark><Placemark><name>Hunua LINZ foot track 3</name><description>Sheet row 1417; LINZ t50_fid(s) 3584488</description><styleUrl>#c</styleUrl><MultiGeometry><LineString><tessellate>1</tessellate><coordinates>175.123848,-37.105655 175.124124,-37.105450 175.124484,-37.105361 175.124814,-37.105323 175.125001,-37.105256 175.125112,-37.105020 175.125462,-37.104868 175.125807,-37.104805 175.126042,-37.104769 175.126021,-37.104845 175.125842,-37.104924 175.125710,-37.105002 175.125589,-37.105144 175.125432,-37.105178 175.125366,-37.105331 175.125379,-37.105508 175.125225,-37.105618 175.124918,-37.105649 175.124700,-37.105822</coordinates></LineString></MultiGeometry></Placemark><Placemark><name>Hunua LINZ foot track 4</name><description>Sheet row 1418; LINZ t50_fid(s) 3584489</description><styleUrl>#c</styleUrl><MultiGeometry><LineString><tessellate>1</tessellate><coordinates>175.127651,-37.101486 175.127510,-37.101587 175.127283,-37.101580 175.126967,-37.101516 175.126771,-37.101366 175.126607,-37.101274 175.126198,-37.101324 175.125940,-37.101444 175.125767,-37.101674 175.125475,-37.101829 175.125257,-37.101938 175.125054,-37.102064</coordinates></LineString></MultiGeometry></Placemark><Placemark><name>Matakana LINZ foot track 2</name><description>Sheet row 1419; LINZ t50_fid(s) 3584950,100053300</description><styleUrl>#c</styleUrl><MultiGeometry><LineString><tessellate>1</tessellate><coordinates>174.730098,-36.282940 174.730589,-36.282987 174.731084,-36.283007 174.731673,-36.283059 174.731982,-36.283130 174.732183,-36.283191 174.732454,-36.283344 174.732588,-36.283391 174.732696,-36.283321</coordinates></LineString><LineString><tessellate>1</tessellate><coordinates>174.727991,-36.266195 174.728651,-36.268152 174.728911,-36.268311 174.729169,-36.268498 174.730243,-36.269703 174.730538,-36.271236 174.730156,-36.274523 174.730156,-36.274526 174.730104,-36.275025 174.730232,-36.275922 174.730476,-36.276584 174.730750,-36.277200 174.730753,-36.277371 174.730614,-36.277623 174.729924,-36.278966 174.729880,-36.279657 174.729855,-36.280151 174.730001,-36.280467 174.730068,-36.281038 174.730076,-36.281315 174.730006,-36.281868 174.730033,-36.282655 174.730098,-36.282940 174.730034,-36.282933 174.729376,-36.282876 174.729149,-36.282788 174.728780,-36.282589 174.728442,-36.282548 174.728329,-36.282527 174.727890,-36.282672 174.727296,-36.282776 174.726411,-36.282938 174.726185,-36.282982 174.725674,-36.282969 174.724810,-36.282840 174.724432,-36.282895 174.724210,-36.282937 174.723967,-36.282828 174.723832,-36.282747 174.723695,-36.282611 174.723434,-36.282560 174.723083,-36.282654 174.722909,-36.282731 174.722709,-36.282808 174.722521,-36.283055 174.722575,-36.283128 174.722420,-36.283340 174.722254,-36.283433 174.721979,-36.283733 174.721790,-36.284077 174.721774,-36.284600 174.721642,-36.284989 174.721459,-36.285216 174.720747,-36.285309 174.720340,-36.285614 174.720112,-36.285776 174.719708,-36.285876 174.719264,-36.286152 174.718996,-36.286473 174.718849,-36.286716 174.718393,-36.287104 174.718304,-36.287244 174.718224,-36.288128 174.718110,-36.288328 174.717966,-36.289421 174.717861,-36.290229 174.717891,-36.291028 174.717270,-36.292425 174.717121,-36.292565 174.716965,-36.293012 174.717001,-36.294638 174.716954,-36.294669 174.716443,-36.295001 174.716240,-36.295405 174.715472,-36.297157 174.715354,-36.297560 174.715271,-36.297687 174.714966,-36.297966 174.714512,-36.298545 174.714131,-36.299184 174.713770,-36.299529 174.713573,-36.299601 174.713302,-36.299644 174.713286,-36.299653 174.713038,-36.299889 174.712834,-36.299976 174.712598,-36.300059 174.712184,-36.300177 174.711931,-36.300225 174.711658,-36.300235 174.711221,-36.300067 174.711151,-36.300030 174.710890,-36.299891 174.710611,-36.299799 174.710434,-36.299898 174.710315,-36.300021 174.710260,-36.300077 174.710003,-36.300112 174.709804,-36.300075 174.709685,-36.300053 174.709407,-36.300025 174.708833,-36.300065 174.708398,-36.300119 174.708142,-36.300171 174.707764,-36.300128 174.707528,-36.300228 174.707514,-36.300469 174.707283,-36.300793 174.706758,-36.301233 174.706465,-36.301462 174.706095,-36.301724 174.705761,-36.301889 174.705428,-36.302054 174.705059,-36.302413 174.704811,-36.302865 174.704465,-36.303352 174.704310,-36.303482 174.703938,-36.303696 174.703661,-36.303732 174.703426,-36.303848 174.703192,-36.304043 174.703059,-36.304318 174.703007,-36.304640 174.702816,-36.304963 174.702724,-36.305285 174.702470,-36.305481 174.702296,-36.305692 174.702339,-36.305836 174.702581,-36.306025 174.702664,-36.306275 174.702666,-36.306281 174.702691,-36.306537 174.702690,-36.306556 174.702660,-36.306938 174.702448,-36.307198 174.702139,-36.307571 174.701866,-36.307768 174.701767,-36.307783 174.701530,-36.307821 174.701133,-36.307778 174.700869,-36.307688 174.700773,-36.307655 174.700473,-36.307515 174.700362,-36.307483 174.700154,-36.307423 174.700107,-36.307408 174.699885,-36.307339 174.699471,-36.307253 174.699161,-36.307325 174.698974,-36.307635 174.698935,-36.307874 174.698819,-36.308004 174.698735,-36.308062 174.698702,-36.308086 174.698344,-36.308151 174.698031,-36.308207 174.697847,-36.308334 174.697683,-36.308389 174.697314,-36.308392 174.697189,-36.308317 174.697118,-36.308274 174.696883,-36.308085 174.696679,-36.308030 174.696391,-36.307988 174.695943,-36.308016 174.695781,-36.308029 174.695253,-36.308070 174.694995,-36.308042 174.694851,-36.308010 174.694768,-36.307889 174.694653,-36.307838 174.694272,-36.307812 174.694236,-36.307810 174.694230,-36.307812 174.693980,-36.307880 174.693774,-36.308030 174.693689,-36.308167 174.693646,-36.308179 174.693495,-36.308222 174.693402,-36.308277 174.693326,-36.308322 174.693179,-36.308410 174.692713,-36.308799</coordinates></LineString></MultiGeometry></Placemark><Placemark><name>Matakana / Omaha LINZ foot track 1</name><description>Sheet row 1420; LINZ t50_fid(s) 3574139,3574142,3584948</description><styleUrl>#c</styleUrl><MultiGeometry><LineString><tessellate>1</tessellate><coordinates>174.864062,-36.364589 174.863843,-36.364513 174.863493,-36.364579 174.863216,-36.364595 174.863044,-36.364611 174.862828,-36.364683 174.862740,-36.364689 174.862696,-36.364669 174.862660,-36.364637 174.862608,-36.364522 174.862470,-36.364349 174.862375,-36.363937 174.862269,-36.363634 174.862185,-36.363485 174.861993,-36.363264</coordinates></LineString><LineString><tessellate>1</tessellate><coordinates>174.862018,-36.366897 174.862078,-36.366528 174.862383,-36.366130 174.862693,-36.365901 174.863178,-36.365505 174.863556,-36.365372 174.863832,-36.365289 174.864012,-36.365008 174.864143,-36.364818 174.864071,-36.364649 174.864062,-36.364589</coordinates></LineString><LineString><tessellate>1</tessellate><coordinates>174.858500,-36.369291 174.859112,-36.369074 174.859433,-36.368759 174.859823,-36.368503 174.860257,-36.368272 174.860601,-36.368127 174.860758,-36.367918 174.861185,-36.367378 174.861686,-36.367071 174.862018,-36.366897</coordinates></LineString></MultiGeometry></Placemark><Placemark><name>Matakana / Omaha LINZ foot track 2</name><description>Sheet row 1421; LINZ t50_fid(s) 6227504</description><styleUrl>#c</styleUrl><MultiGeometry><LineString><tessellate>1</tessellate><coordinates>174.825270,-36.364202 174.825173,-36.364441 174.825107,-36.364558 174.825042,-36.364658 174.824943,-36.364803 174.824905,-36.364913 174.824913,-36.364999 174.824943,-36.365086 174.825024,-36.365220 174.825070,-36.365296 174.825092,-36.365373 174.825108,-36.365483 174.825145,-36.365570 174.825248,-36.365640 174.825365,-36.365694 174.825449,-36.365786 174.825452,-36.365913 174.825434,-36.366018 174.825478,-36.366135 174.825507,-36.366242 174.825489,-36.366336 174.825505,-36.366435 174.825575,-36.366527 174.825761,-36.366613 174.825946,-36.366659 174.826145,-36.366706 174.826446,-36.366789 174.826631,-36.366853 174.826810,-36.366900 174.827042,-36.366918 174.827172,-36.366982 174.827323,-36.367029 174.827494,-36.367054 174.827644,-36.367074 174.827815,-36.367115 174.827979,-36.367135 174.828178,-36.367203 174.828424,-36.367244 174.828657,-36.367284 174.828849,-36.367353 174.829022,-36.367455 174.829104,-36.367490 174.829212,-36.367506 174.829325,-36.367500 174.829524,-36.367478 174.829707,-36.367463 174.829796,-36.367477 174.829942,-36.367563 174.830137,-36.367678</coordinates></LineString></MultiGeometry></Placemark><Placemark><name>Matakana / Omaha LINZ foot track 3</name><description>Sheet row 1422; LINZ t50_fid(s) 6227503</description><styleUrl>#c</styleUrl><MultiGeometry><LineString><tessellate>1</tessellate><coordinates>174.816497,-36.362667 174.816641,-36.362383 174.816599,-36.362306 174.816568,-36.362263 174.816484,-36.362189 174.816397,-36.362111 174.816317,-36.362032 174.816258,-36.361962 174.816185,-36.361908 174.816081,-36.361827 174.816014,-36.361740 174.815937,-36.361644 174.815832,-36.361500 174.815778,-36.361407 174.815705,-36.361326 174.815663,-36.361258 174.815678,-36.361186 174.815704,-36.361133 174.815713,-36.361070 174.815704,-36.361006 174.815693,-36.360960 174.815685,-36.360921 174.815677,-36.360836 174.815676,-36.360795 174.815668,-36.360737 174.815639,-36.360669 174.815613,-36.360584 174.815611,-36.360521 174.815638,-36.360476 174.815671,-36.360443 174.815714,-36.360392 174.815740,-36.360348 174.815739,-36.360304 174.815702,-36.360186 174.815694,-36.360131 174.815724,-36.360087 174.815750,-36.360059 174.815787,-36.360031 174.815817,-36.359994 174.815826,-36.359939 174.815814,-36.359882 174.815803,-36.359821 174.815770,-36.359739 174.815730,-36.359638 174.815687,-36.359537 174.815661,-36.359421 174.815672,-36.359328 174.815694,-36.359258 174.815758,-36.359194 174.815855,-36.359143 174.816101,-36.359157 174.816214,-36.359156</coordinates></LineString></MultiGeometry></Placemark><Placemark><name>Omaha Cove / Leigh LINZ foot track 2</name><description>Sheet row 1423; LINZ t50_fid(s) 8386177</description><styleUrl>#c</styleUrl><MultiGeometry><LineString><tessellate>1</tessellate><coordinates>174.756295,-36.311309 174.756354,-36.311219 174.756439,-36.310991 174.756568,-36.310829 174.756798,-36.310681 174.756825,-36.310669 174.757210,-36.310497 174.757281,-36.310470 174.757659,-36.310322 174.757867,-36.310241</coordinates></LineString></MultiGeometry></Placemark><Placemark><name>Onehunga LINZ foot track 2</name><description>Sheet row 1424; LINZ t50_fid(s) 3517588,3556071</description><styleUrl>#c</styleUrl><MultiGeometry><LineString><tessellate>1</tessellate><coordinates>174.786276,-36.935360 174.786272,-36.935224 174.786289,-36.935036 174.786297,-36.933972 174.786297,-36.933925 174.786316,-36.932176 174.786307,-36.931811 174.786305,-36.931724 174.786282,-36.931569 174.786276,-36.931529 174.786275,-36.931526 174.786240,-36.931498</coordinates></LineString><LineString><tessellate>1</tessellate><coordinates>174.826336,-36.927467 174.826334,-36.927669 174.826594,-36.928189 174.826732,-36.928274 174.826632,-36.928508 174.826475,-36.928673 174.826339,-36.928905 174.826338,-36.928907 174.826333,-36.928916 174.826158,-36.929214 174.825832,-36.929433 174.825669,-36.929521 174.825523,-36.929678 174.825368,-36.929833 174.825013,-36.929887 174.824784,-36.929889 174.824682,-36.929823 174.824574,-36.929671 174.824400,-36.929480 174.824047,-36.929330 174.823838,-36.929198 174.823594,-36.929056 174.823481,-36.928893 174.823403,-36.928633 174.823230,-36.928490 174.823013,-36.928484 174.822880,-36.928467 174.822818,-36.928419 174.822780,-36.928342 174.822574,-36.928351 174.822487,-36.928334 174.822240,-36.928259 174.821990,-36.928170 174.821818,-36.928219 174.821497,-36.928152 174.821309,-36.928271 174.821280,-36.928382 174.821219,-36.928455 174.820902,-36.928516 174.820820,-36.928595 174.820713,-36.928694 174.820485,-36.928717 174.820256,-36.928749 174.820138,-36.928848 174.819769,-36.928980 174.819642,-36.929110 174.819651,-36.929355 174.819683,-36.929502 174.819714,-36.929724 174.819716,-36.929910 174.819758,-36.930114 174.819742,-36.930270 174.819688,-36.930370 174.819536,-36.930431 174.819378,-36.930447 174.818687,-36.930494 174.818017,-36.930479 174.817353,-36.930434 174.816859,-36.930496 174.816499,-36.930564 174.816027,-36.930568 174.815679,-36.930562 174.815409,-36.930574 174.814665,-36.930627 174.814146,-36.930625 174.813566,-36.930634 174.813158,-36.930689 174.812867,-36.930652 174.812567,-36.930698 174.812097,-36.930718 174.811806,-36.930709 174.811336,-36.930739 174.810955,-36.930700 174.810419,-36.930775 174.809499,-36.930798 174.809023,-36.930869 174.808504,-36.930930 174.807635,-36.931064 174.807217,-36.931099 174.806957,-36.931164 174.806707,-36.931190 174.806279,-36.931116 174.805845,-36.931055 174.805030,-36.930978 174.803259,-36.931033 174.802282,-36.931038 174.801435,-36.931037 174.801185,-36.931056 174.800642,-36.931030 174.800619,-36.931029 174.799302,-36.930994 174.798702,-36.931003 174.798348,-36.930981 174.798090,-36.930922 174.797836,-36.930917 174.796658,-36.930896 174.795785,-36.930832 174.795674,-36.930775 174.795571,-36.930794 174.795502,-36.930874 174.795416,-36.931011 174.795239,-36.931082 174.795193,-36.931022 174.795159,-36.931114 174.795072,-36.931195 174.794983,-36.931208 174.794064,-36.931225 174.793842,-36.931157 174.793746,-36.931141 174.793589,-36.931143 174.793071,-36.931174 174.792668,-36.931240 174.792352,-36.931248 174.792231,-36.931232 174.791973,-36.931136 174.791880,-36.931124 174.791792,-36.931139 174.791351,-36.931268 174.791096,-36.931306 174.790877,-36.931330 174.790589,-36.931317 174.790304,-36.931287 174.789993,-36.931226 174.789226,-36.931237 174.788668,-36.931229 174.788547,-36.931202 174.787806,-36.930963 174.787707,-36.930950 174.787558,-36.930975 174.787431,-36.931034 174.787334,-36.931124 174.787286,-36.931204 174.787235,-36.931299 174.787139,-36.931449 174.786999,-36.931552 174.786954,-36.931586 174.786715,-36.931689 174.786384,-36.931802 174.786307,-36.931811</coordinates></LineString></MultiGeometry></Placemark><Placemark><name>Blockhouse Bay LINZ foot track 4</name><description>Sheet row 1425; LINZ t50_fid(s) 3573823</description><styleUrl>#c</styleUrl><MultiGeometry><LineString><tessellate>1</tessellate><coordinates>174.725415,-36.931425 174.725526,-36.931547 174.725614,-36.931602 174.725647,-36.931736 174.725633,-36.931826 174.725649,-36.931901 174.725718,-36.931961 174.725700,-36.931999 174.725712,-36.932070 174.725664,-36.932099 174.725849,-36.932457 174.725971,-36.932891 174.726112,-36.933201 174.726219,-36.933519 174.726199,-36.933635 174.726128,-36.933822 174.726129,-36.933964</coordinates></LineString></MultiGeometry></Placemark><Placemark><name>Piha / Karekare LINZ foot track 1</name><description>Sheet row 1426; LINZ t50_fid(s) 8334993</description><styleUrl>#c</styleUrl><MultiGeometry><LineString><tessellate>1</tessellate><coordinates>174.479610,-37.000001 174.480036,-37.000525 174.480159,-37.001082 174.480244,-37.001722 174.480380,-37.002279 174.480557,-37.002612 174.480802,-37.002938 174.481080,-37.003349 174.481225,-37.003607 174.481151,-37.003644 174.480963,-37.003670 174.480632,-37.003741 174.480481,-37.003817 174.480344,-37.003806 174.480237,-37.003914 174.480197,-37.003944 174.480092,-37.004051 174.480114,-37.004128 174.480181,-37.004201 174.480172,-37.004250 174.480081,-37.004275 174.479897,-37.004233 174.479745,-37.004247 174.479614,-37.004277 174.479529,-37.004347 174.479520,-37.004445 174.479543,-37.004567 174.479510,-37.004682 174.479480,-37.004739 174.479481,-37.004772 174.479417,-37.004771 174.479387,-37.004773 174.479290,-37.004820 174.479216,-37.004873 174.479170,-37.004923 174.479116,-37.005001 174.479048,-37.005105 174.478997,-37.005166 174.478875,-37.005258 174.478764,-37.005344 174.478661,-37.005423 174.478529,-37.005477 174.478436,-37.005502 174.478322,-37.005521 174.478231,-37.005539 174.478148,-37.005564 174.478089,-37.005596 174.478040,-37.005631 174.477990,-37.005692 174.477943,-37.005728 174.477867,-37.005771 174.477775,-37.005844 174.477696,-37.005886 174.477619,-37.005929 174.477524,-37.005996 174.477457,-37.006027 174.477365,-37.006039 174.477296,-37.006037 174.477180,-37.006024 174.477107,-37.006021 174.476980,-37.006020 174.476882,-37.006020 174.476786,-37.006004 174.476717,-37.005986</coordinates></LineString></MultiGeometry></Placemark><Placemark><name>Piha / Karekare LINZ foot track 2</name><description>Sheet row 1427; LINZ t50_fid(s) 3584250</description><styleUrl>#c</styleUrl><MultiGeometry><LineString><tessellate>1</tessellate><coordinates>174.475603,-36.985264 174.475562,-36.985278 174.475176,-36.985409 174.474944,-36.985561 174.474719,-36.985720 174.474343,-36.985776 174.473901,-36.985712 174.473695,-36.985691 174.473355,-36.985686</coordinates></LineString></MultiGeometry></Placemark><Placemark><name>Piha LINZ foot track 2</name><description>Sheet row 1428; LINZ t50_fid(s) 3592498</description><styleUrl>#c</styleUrl><MultiGeometry><LineString><tessellate>1</tessellate><coordinates>174.497140,-36.947462 174.497250,-36.947806 174.496952,-36.948405 174.496487,-36.948977</coordinates></LineString></MultiGeometry></Placemark><Placemark><name>Piha LINZ foot track 3</name><description>Sheet row 1429; LINZ t50_fid(s) 3584268</description><styleUrl>#c</styleUrl><MultiGeometry><LineString><tessellate>1</tessellate><coordinates>174.470247,-36.946584 174.470232,-36.946585 174.470079,-36.946591 174.469669,-36.946618 174.469407,-36.946750 174.468849,-36.946714 174.468541,-36.946644</coordinates></LineString></MultiGeometry></Placemark><Placemark><name>Islington Bay, Rangitoto Island LINZ foot track 2</name><description>Sheet row 1430; LINZ t50_fid(s) 8223206</description><styleUrl>#c</styleUrl><MultiGeometry><LineString><tessellate>1</tessellate><coordinates>174.892800,-36.799490 174.893610,-36.798630 174.894350,-36.797290 174.895300,-36.796480 174.895350,-36.795890 174.895740,-36.795490 174.895690,-36.795180 174.896090,-36.794820 174.895810,-36.794350 174.895820,-36.793940 174.896610,-36.793260 174.896240,-36.791600 174.896930,-36.790840 174.897180,-36.790290 174.896660,-36.788870 174.895780,-36.788490 174.895550,-36.788470 174.895230,-36.788690</coordinates></LineString></MultiGeometry></Placemark><Placemark><name>Rangitoto / Motutapu LINZ foot track 1</name><description>Sheet row 1431; LINZ t50_fid(s) 3554674</description><styleUrl>#c</styleUrl><MultiGeometry><LineString><tessellate>1</tessellate><coordinates>174.889542,-36.829800 174.889745,-36.829561 174.890109,-36.829568 174.890595,-36.829703 174.890863,-36.829778 174.891235,-36.829817 174.891525,-36.829802 174.891694,-36.829631 174.891832,-36.829503 174.892007,-36.829376 174.892404,-36.829463 174.892970,-36.829486 174.893322,-36.829446 174.893635,-36.829549 174.893989,-36.829437 174.894185,-36.829248 174.894317,-36.828966 174.894613,-36.828731 174.895035,-36.828588 174.895415,-36.828644 174.895442,-36.828652 174.895625,-36.828675</coordinates></LineString></MultiGeometry></Placemark><Placemark><name>Te Henga / Waitākere LINZ foot track 1</name><description>Sheet row 1432; LINZ t50_fid(s) 3553525</description><styleUrl>#c</styleUrl><MultiGeometry><LineString><tessellate>1</tessellate><coordinates>174.467034,-36.911378 174.466906,-36.911373 174.466202,-36.911537 174.465545,-36.911481 174.465018,-36.911308 174.464655,-36.911025 174.464589,-36.910713 174.464368,-36.910368 174.464309,-36.910232 174.464307,-36.910065 174.464466,-36.909689 174.464460,-36.909411 174.464404,-36.909353 174.464427,-36.909294 174.464384,-36.909216 174.464100,-36.908941 174.464013,-36.908808 174.463845,-36.908266 174.463393,-36.907409 174.463137,-36.907138 174.463115,-36.906814 174.462918,-36.906267 174.462583,-36.906227 174.462209,-36.906108 174.461896,-36.905690 174.461881,-36.905312 174.461789,-36.905192 174.461568,-36.904904 174.461506,-36.904658 174.461352,-36.904618</coordinates></LineString></MultiGeometry></Placemark><Placemark><name>Te Henga / Waitākere LINZ foot track 2</name><description>Sheet row 1433; LINZ t50_fid(s) 3553531</description><styleUrl>#c</styleUrl><MultiGeometry><LineString><tessellate>1</tessellate><coordinates>174.472820,-36.868875 174.472583,-36.868383 174.472265,-36.868218 174.472042,-36.868147 174.471708,-36.868148 174.471255,-36.868558 174.470801,-36.868777 174.470614,-36.868693 174.470484,-36.868564 174.470558,-36.868117 174.470742,-36.867574 174.470713,-36.867472 174.470723,-36.867387 174.470752,-36.867379 174.470804,-36.867166 174.471103,-36.866620 174.471356,-36.866330 174.471624,-36.866138 174.472066,-36.865221 174.472215,-36.864984 174.472793,-36.864502 174.473026,-36.864215 174.473225,-36.863774 174.473226,-36.863771</coordinates></LineString></MultiGeometry></Placemark><Placemark><name>Te Henga / Waitākere LINZ foot track 3</name><description>Sheet row 1434; LINZ t50_fid(s) 3553529</description><styleUrl>#c</styleUrl><MultiGeometry><LineString><tessellate>1</tessellate><coordinates>174.470096,-36.892653 174.470082,-36.892738 174.470033,-36.892777 174.469962,-36.892760 174.469462,-36.892345 174.469098,-36.891660 174.469037,-36.891192 174.468839,-36.890974 174.468682,-36.890909 174.468199,-36.890828 174.467730,-36.890670 174.467295,-36.890370 174.467036,-36.890125 174.466945,-36.890078 174.466618,-36.890029 174.466407,-36.890057 174.465802,-36.890006 174.465379,-36.889908 174.465146,-36.889757 174.465104,-36.889604 174.465112,-36.889337 174.465058,-36.889194 174.464592,-36.888891 174.464500,-36.888769 174.464407,-36.888545 174.464362,-36.888237 174.464475,-36.888102</coordinates></LineString></MultiGeometry></Placemark><Placemark><name>Te Henga / Bethells Beach LINZ foot track 2</name><description>Sheet row 1435; LINZ t50_fid(s) 3553523</description><styleUrl>#c</styleUrl><MultiGeometry><LineString><tessellate>1</tessellate><coordinates>174.459283,-36.899175 174.459294,-36.899076 174.459224,-36.899062 174.459109,-36.898852 174.458979,-36.898730 174.458809,-36.898642 174.458513,-36.898555 174.458091,-36.898382 174.458030,-36.898323 174.458094,-36.898096 174.458028,-36.897879 174.457881,-36.897500 174.457521,-36.897074 174.456973,-36.896390 174.456518,-36.896022 174.455964,-36.895965 174.455592,-36.895807 174.455447,-36.895667 174.455429,-36.895509 174.455340,-36.895273 174.455064,-36.894917 174.455157,-36.894793 174.455819,-36.894795 174.456116,-36.894741 174.456366,-36.894406</coordinates></LineString></MultiGeometry></Placemark><Placemark><name>Waitākere LINZ foot track 2</name><description>Sheet row 1436; LINZ t50_fid(s) 8520881</description><styleUrl>#c</styleUrl><MultiGeometry><LineString><tessellate>1</tessellate><coordinates>174.522891,-36.868132 174.521924,-36.868289 174.521049,-36.868702 174.520221,-36.869015 174.519905,-36.869221 174.519671,-36.869530 174.519439,-36.869791 174.518762,-36.870381 174.518551,-36.870702 174.518490,-36.871232 174.518426,-36.871554 174.518181,-36.871677 174.518014,-36.871912 174.517868,-36.872074</coordinates></LineString></MultiGeometry></Placemark><Placemark><name>Ihumoana Island LINZ foot track 2</name><description>Sheet row 1437; LINZ t50_fid(s) 3553520</description><styleUrl>#c</styleUrl><MultiGeometry><LineString><tessellate>1</tessellate><coordinates>174.452124,-36.908611 174.451835,-36.908872 174.451717,-36.909078 174.451565,-36.909160 174.451334,-36.909400 174.451187,-36.909664 174.451139,-36.909969 174.451220,-36.910319 174.451436,-36.910715 174.451530,-36.911389 174.451565,-36.911617 174.451468,-36.911816 174.451140,-36.911965 174.450793,-36.911965 174.450564,-36.912024 174.450583,-36.912139 174.451026,-36.912409 174.451285,-36.912722</coordinates></LineString></MultiGeometry></Placemark><Placemark><name>Ihumoana Island LINZ foot track 3</name><description>Sheet row 1438; LINZ t50_fid(s) 3584271</description><styleUrl>#c</styleUrl><MultiGeometry><LineString><tessellate>1</tessellate><coordinates>174.450555,-36.905668 174.450450,-36.905905 174.450052,-36.906846 174.450307,-36.907214 174.450150,-36.907636 174.450672,-36.907987 174.451180,-36.908151 174.451599,-36.908138 174.451833,-36.908103 174.451926,-36.908006 174.452126,-36.907965</coordinates></LineString></MultiGeometry></Placemark><Placemark><name>Te Piringa / Cascade Kauri LINZ foot track 3</name><description>Sheet row 1439; LINZ t50_fid(s) 3585316</description><styleUrl>#c</styleUrl><MultiGeometry><LineString><tessellate>1</tessellate><coordinates>174.527873,-36.898493 174.528526,-36.898728 174.529019,-36.899008 174.529463,-36.899136 174.529652,-36.899191 174.530160,-36.899237 174.530385,-36.899283</coordinates></LineString></MultiGeometry></Placemark><Placemark><name>Te Henga / Waitākere LINZ foot track 4</name><description>Sheet row 1440; LINZ t50_fid(s) 3592508</description><styleUrl>#c</styleUrl><MultiGeometry><LineString><tessellate>1</tessellate><coordinates>174.470639,-36.907178 174.470171,-36.907256 174.469737,-36.907398 174.469228,-36.907448</coordinates></LineString></MultiGeometry></Placemark><Placemark><name>Tiritiri Matangi Island LINZ foot track 1</name><description>Sheet row 1441; LINZ t50_fid(s) 3556122,3574105,3574107,3574108,3574109,3584905,3584906,3584908,3584910,3593403,3593407,3593408,3593410,3593414,3593415,3593416,5959907,6227516,6227517,6227527</description><styleUrl>#c</styleUrl><MultiGeometry><LineString><tessellate>1</tessellate><coordinates>174.893202,-36.605627 174.893314,-36.605307 174.893355,-36.604983 174.893385,-36.604629 174.893355,-36.604256 174.893263,-36.604085 174.892909,-36.603833 174.892470,-36.603549 174.892381,-36.603484</coordinates></LineString><LineString><tessellate>1</tessellate><coordinates>174.892381,-36.603484 174.892331,-36.603591 174.891831,-36.603701 174.891731,-36.604140 174.891351,-36.604440 174.890871,-36.604710 174.890135,-36.605175 174.889842,-36.605285 174.889694,-36.605368 174.889561,-36.605459 174.889523,-36.605533 174.889515,-36.605641 174.889545,-36.605721 174.889634,-36.605806</coordinates></LineString><LineString><tessellate>1</tessellate><coordinates>174.890545,-36.597993 174.890329,-36.597977 174.889997,-36.598010 174.889724,-36.598070 174.889545,-36.598139 174.888876,-36.598539 174.888753,-36.598543 174.888672,-36.598608 174.888582,-36.598701 174.888524,-36.598847</coordinates></LineString><LineString><tessellate>1</tessellate><coordinates>174.890416,-36.595498 174.890184,-36.596080 174.890094,-36.596313 174.890222,-36.596515 174.890503,-36.596819 174.891054,-36.597290 174.891106,-36.597438 174.891068,-36.597582 174.890907,-36.597717 174.890698,-36.597814 174.890545,-36.597993</coordinates></LineString><LineString><tessellate>1</tessellate><coordinates>174.890416,-36.595498 174.890461,-36.595491 174.890605,-36.595423 174.890831,-36.595425 174.891281,-36.595363 174.891398,-36.595400 174.891399,-36.595466 174.891191,-36.595581 174.890987,-36.595643 174.890892,-36.595700 174.890867,-36.595728 174.890473,-36.596175 174.890451,-36.596331 174.890481,-36.596651 174.890861,-36.596881 174.891311,-36.597071 174.891791,-36.597141 174.892021,-36.597331 174.892131,-36.597661 174.892494,-36.597815 174.892918,-36.597874 174.893135,-36.597856 174.893229,-36.597877 174.893285,-36.597912 174.893300,-36.597971 174.893289,-36.598070 174.893311,-36.598110 174.893356,-36.598139 174.893440,-36.598154 174.893443,-36.598182 174.893418,-36.598228 174.893341,-36.598276 174.893214,-36.598316 174.893065,-36.598314 174.892772,-36.598487 174.892769,-36.598636 174.892526,-36.598778 174.892372,-36.598884 174.892547,-36.598885 174.892790,-36.598960 174.893097,-36.598985 174.893209,-36.599001 174.893383,-36.599024 174.893444,-36.599062 174.893471,-36.599153 174.893586,-36.599361 174.893785,-36.599426</coordinates></LineString><LineString><tessellate>1</tessellate><coordinates>174.892372,-36.598884 174.892153,-36.598910 174.891839,-36.598926 174.891377,-36.599044 174.891070,-36.599065 174.890785,-36.599141 174.890597,-36.599304 174.890381,-36.599651</coordinates></LineString><LineString><tessellate>1</tessellate><coordinates>174.890159,-36.600341 174.890080,-36.600392</coordinates></LineString><LineString><tessellate>1</tessellate><coordinates>174.890159,-36.600341 174.890154,-36.600264 174.890207,-36.600072 174.890381,-36.599651 174.890218,-36.599442 174.890180,-36.599013 174.890197,-36.598588 174.890359,-36.598200 174.890492,-36.598060 174.890545,-36.597993</coordinates></LineString><LineString><tessellate>1</tessellate><coordinates>174.892678,-36.601057 174.892501,-36.600821 174.892434,-36.600609 174.892391,-36.600451 174.892379,-36.600450 174.892353,-36.600379 174.892222,-36.600331 174.892059,-36.600361 174.891401,-36.600559 174.891048,-36.600540 174.890463,-36.600430 174.890212,-36.600373 174.890159,-36.600341</coordinates></LineString><LineString><tessellate>1</tessellate><coordinates>174.891142,-36.602477 174.890885,-36.602122 174.890814,-36.601731 174.890662,-36.601403 174.890357,-36.600928 174.890189,-36.600677</coordinates></LineString><LineString><tessellate>1</tessellate><coordinates>174.892381,-36.603484 174.892276,-36.603407 174.892178,-36.603361 174.891705,-36.603102 174.891507,-36.602890 174.891339,-36.602641 174.891142,-36.602477</coordinates></LineString><LineString><tessellate>1</tessellate><coordinates>174.892541,-36.602601 174.892481,-36.602747 174.892391,-36.603141 174.892370,-36.603189 174.892368,-36.603193 174.892378,-36.603366 174.892381,-36.603484</coordinates></LineString><LineString><tessellate>1</tessellate><coordinates>174.892514,-36.601547 174.892358,-36.601696 174.892226,-36.601891 174.892371,-36.602231 174.892541,-36.602601</coordinates></LineString><LineString><tessellate>1</tessellate><coordinates>174.892514,-36.601547 174.892678,-36.601057</coordinates></LineString><LineString><tessellate>1</tessellate><coordinates>174.893111,-36.601291 174.892691,-36.601541 174.892514,-36.601547</coordinates></LineString><LineString><tessellate>1</tessellate><coordinates>174.893111,-36.601291 174.892731,-36.601101 174.892678,-36.601057</coordinates></LineString><LineString><tessellate>1</tessellate><coordinates>174.892541,-36.602601 174.892687,-36.602573 174.892939,-36.602519 174.893295,-36.602541 174.893761,-36.602600 174.894097,-36.602627 174.894520,-36.602615 174.895209,-36.602527 174.895575,-36.602400 174.895871,-36.602301 174.895945,-36.602175</coordinates></LineString><LineString><tessellate>1</tessellate><coordinates>174.894522,-36.600879 174.894341,-36.601051 174.893951,-36.601211 174.893111,-36.601291</coordinates></LineString><LineString><tessellate>1</tessellate><coordinates>174.887616,-36.602840 174.887695,-36.602798 174.887711,-36.602734 174.887759,-36.602666 174.887874,-36.602561 174.888050,-36.602492 174.888106,-36.602535 174.888181,-36.602661 174.888211,-36.602981 174.888291,-36.603241 174.888451,-36.603431 174.889058,-36.602968 174.889134,-36.602910 174.889508,-36.602827 174.890243,-36.602722 174.890458,-36.602553 174.890688,-36.602439 174.891111,-36.602491 174.891142,-36.602477</coordinates></LineString><LineString><tessellate>1</tessellate><coordinates>174.891142,-36.602477 174.891231,-36.602731 174.891041,-36.603121 174.890821,-36.603471 174.890467,-36.603776 174.890068,-36.603948 174.889650,-36.604181 174.889306,-36.604390 174.888742,-36.604493 174.888612,-36.604511 174.888411,-36.604691 174.888378,-36.604770</coordinates></LineString></MultiGeometry></Placemark><Placemark><name>Tiritiri Matangi Island LINZ foot track 2</name><description>Sheet row 1442; LINZ t50_fid(s) 3575009,3584897,3593412,6227495</description><styleUrl>#c</styleUrl><MultiGeometry><LineString><tessellate>1</tessellate><coordinates>174.885361,-36.595078 174.885331,-36.594941 174.885051,-36.594741 174.884831,-36.594511 174.884671,-36.594241 174.884561,-36.593891 174.884528,-36.593717 174.884182,-36.593499 174.883945,-36.593381 174.883739,-36.593220 174.883682,-36.593164 174.883688,-36.593095 174.883581,-36.592997 174.883537,-36.592833 174.883528,-36.592688 174.883478,-36.592697 174.883330,-36.592809 174.883270,-36.592866 174.883233,-36.592901 174.883210,-36.592885 174.883207,-36.592806 174.883258,-36.592560 174.883253,-36.592522 174.883217,-36.592510 174.883057,-36.592659 174.882912,-36.592620 174.882846,-36.592659 174.882811,-36.592851 174.882781,-36.593091 174.882720,-36.593056 174.882660,-36.592927 174.882632,-36.592887 174.882603,-36.592936 174.882589,-36.593048 174.882533,-36.593078 174.882516,-36.593060 174.882512,-36.592927 174.882488,-36.592900 174.882445,-36.592923 174.882374,-36.593024 174.882311,-36.593052 174.882206,-36.592867 174.882163,-36.592773 174.882106,-36.592769 174.881973,-36.592830 174.881722,-36.592856 174.881551,-36.592829 174.881394,-36.592755 174.881102,-36.592744</coordinates></LineString><LineString><tessellate>1</tessellate><coordinates>174.881102,-36.592744 174.880998,-36.592594 174.880998,-36.592459 174.881181,-36.592081 174.881171,-36.591701 174.881251,-36.591331</coordinates></LineString><LineString><tessellate>1</tessellate><coordinates>174.881102,-36.592744 174.881101,-36.592861 174.881141,-36.593211 174.880931,-36.593911 174.881061,-36.594241 174.881101,-36.594641 174.881261,-36.595011 174.881574,-36.595282 174.881777,-36.595357 174.881998,-36.595420 174.882120,-36.595532 174.882161,-36.595685 174.882140,-36.595898 174.882162,-36.596015 174.882238,-36.596098 174.882396,-36.596143 174.882560,-36.596141 174.882819,-36.596227 174.882967,-36.596357 174.883051,-36.596501 174.883221,-36.596831 174.883203,-36.597540</coordinates></LineString><LineString><tessellate>1</tessellate><coordinates>174.883057,-36.592659 174.883161,-36.592481 174.883111,-36.592341</coordinates></LineString></MultiGeometry></Placemark><Placemark><name>Tiritiri Matangi Island LINZ foot track 3</name><description>Sheet row 1443; LINZ t50_fid(s) 3584907,3593417</description><styleUrl>#c</styleUrl><MultiGeometry><LineString><tessellate>1</tessellate><coordinates>174.887260,-36.597284 174.887235,-36.597114 174.887335,-36.597013 174.887458,-36.597006 174.887481,-36.597093 174.887360,-36.597189 174.887260,-36.597284</coordinates></LineString><LineString><tessellate>1</tessellate><coordinates>174.887611,-36.598567 174.887427,-36.598257 174.887264,-36.598028 174.887238,-36.597914 174.887211,-36.597881 174.887220,-36.597835 174.887203,-36.597765 174.887291,-36.597461 174.887260,-36.597284</coordinates></LineString></MultiGeometry></Placemark><Placemark><name>Blockhouse Bay LINZ foot track 5</name><description>Sheet row 1444; LINZ t50_fid(s) 3554617</description><styleUrl>#c</styleUrl><MultiGeometry><LineString><tessellate>1</tessellate><coordinates>174.700132,-36.931204 174.699928,-36.931273 174.699736,-36.931371 174.699580,-36.931489 174.699431,-36.931599 174.699285,-36.931685 174.699088,-36.931757 174.698843,-36.931775 174.698690,-36.931871 174.698584,-36.932019 174.698020,-36.932271 174.697617,-36.932224 174.697108,-36.932247 174.696746,-36.932345 174.696587,-36.932354 174.696544,-36.932252 174.696328,-36.932250 174.696294,-36.932175 174.696218,-36.932104 174.696172,-36.932007 174.696008,-36.931961 174.695838,-36.931960 174.695758,-36.931990 174.695669,-36.932077 174.695587,-36.932126 174.695278,-36.932146 174.694674,-36.932106 174.694169,-36.932125 174.693797,-36.932172 174.693449,-36.932075 174.693212,-36.931949 174.692839,-36.931867 174.692613,-36.931809 174.692434,-36.931796 174.692330,-36.931736 174.692029,-36.931648 174.691491,-36.931472 174.691158,-36.931467 174.690977,-36.931379 174.690839,-36.931384 174.690529,-36.931437 174.690186,-36.931431 174.689705,-36.931458 174.689237,-36.931567 174.688867,-36.931583 174.688375,-36.931552 174.688077,-36.931569 174.687989,-36.931565</coordinates></LineString></MultiGeometry></Placemark><Placemark><name>Blockhouse Bay LINZ foot track 6</name><description>Sheet row 1445; LINZ t50_fid(s) 3573819,3584629</description><styleUrl>#c</styleUrl><MultiGeometry><LineString><tessellate>1</tessellate><coordinates>174.693079,-36.927617 174.693154,-36.927163 174.693340,-36.926788 174.693341,-36.926734 174.693381,-36.926719 174.693407,-36.926675 174.693409,-36.926617 174.693475,-36.926526 174.693541,-36.926356 174.693689,-36.926095 174.693980,-36.925301</coordinates></LineString><LineString><tessellate>1</tessellate><coordinates>174.693079,-36.927617 174.693085,-36.927831 174.692989,-36.928461 174.692785,-36.928736 174.692647,-36.928829 174.692360,-36.928919 174.692139,-36.928932 174.691384,-36.928725 174.691096,-36.928566 174.690776,-36.928254 174.690703,-36.928014 174.690700,-36.927843 174.690818,-36.927597 174.691093,-36.927298 174.691522,-36.927202 174.692212,-36.927247 174.692582,-36.927353 174.692991,-36.927581 174.692998,-36.927606 174.693079,-36.927617</coordinates></LineString></MultiGeometry></Placemark><Placemark><name>New Lynn LINZ foot track 1</name><description>Sheet row 1446; LINZ t50_fid(s) 3584643</description><styleUrl>#c</styleUrl><MultiGeometry><LineString><tessellate>1</tessellate><coordinates>174.679517,-36.896555 174.679717,-36.896637 174.680057,-36.896711 174.680256,-36.896772 174.680410,-36.896836 174.680501,-36.896924 174.680535,-36.896970 174.680538,-36.897018 174.680520,-36.897052 174.680434,-36.897096 174.680199,-36.897302 174.680064,-36.897455 174.680074,-36.897487 174.680265,-36.897407 174.680356,-36.897381 174.680410,-36.897376 174.680510,-36.897462 174.680622,-36.897532 174.680703,-36.897557 174.680814,-36.897569 174.680852,-36.897587 174.680869,-36.897617 174.680884,-36.897688 174.681020,-36.897890 174.681042,-36.897930 174.681048,-36.898068 174.681010,-36.898168 174.681000,-36.898223 174.681009,-36.898323 174.681020,-36.898387 174.681044,-36.898439 174.681080,-36.898479 174.681169,-36.898547 174.681251,-36.898635 174.681297,-36.898704 174.681382,-36.898854 174.681401,-36.898942 174.681405,-36.899018 174.681434,-36.899074 174.681473,-36.899122 174.681547,-36.899182 174.681630,-36.899207 174.681723,-36.899183 174.681897,-36.899067 174.682030,-36.899003 174.682132,-36.898989</coordinates></LineString></MultiGeometry></Placemark><Placemark><name>Titirangi LINZ foot track 5</name><description>Sheet row 1447; LINZ t50_fid(s) 3584627</description><styleUrl>#c</styleUrl><MultiGeometry><LineString><tessellate>1</tessellate><coordinates>174.656046,-36.947208 174.655718,-36.947197 174.655058,-36.947034 174.653422,-36.946556</coordinates></LineString></MultiGeometry></Placemark><Placemark><name>Titirangi / Waitākere foothills LINZ foot track 1</name><description>Sheet row 1448; LINZ t50_fid(s) 3592867</description><styleUrl>#c</styleUrl><MultiGeometry><LineString><tessellate>1</tessellate><coordinates>174.676466,-36.934140 174.676285,-36.934091 174.675901,-36.933681 174.675733,-36.933433 174.675651,-36.933341 174.675513,-36.933308 174.675112,-36.933455 174.674798,-36.933727 174.674792,-36.933786</coordinates></LineString></MultiGeometry></Placemark><Placemark><name>Glen Eden LINZ foot track 4</name><description>Sheet row 1449; LINZ t50_fid(s) 3584628</description><styleUrl>#c</styleUrl><MultiGeometry><LineString><tessellate>1</tessellate><coordinates>174.662540,-36.917464 174.662989,-36.917819 174.663423,-36.918156 174.664254,-36.918818</coordinates></LineString></MultiGeometry></Placemark><Placemark><name>New Lynn LINZ foot track 2</name><description>Sheet row 1450; LINZ t50_fid(s) 3584642</description><styleUrl>#c</styleUrl><MultiGeometry><LineString><tessellate>1</tessellate><coordinates>174.674219,-36.904194 174.674233,-36.904159 174.674344,-36.903876 174.674445,-36.903635 174.674506,-36.903476 174.674597,-36.903234 174.674645,-36.903114 174.675087,-36.902627 174.675147,-36.902562</coordinates></LineString></MultiGeometry></Placemark><Placemark><name>Blockhouse Bay LINZ foot track 7</name><description>Sheet row 1451; LINZ t50_fid(s) 3584630</description><styleUrl>#c</styleUrl><MultiGeometry><LineString><tessellate>1</tessellate><coordinates>174.695285,-36.919310 174.695271,-36.917904</coordinates></LineString></MultiGeometry></Placemark><Placemark><name>Titirangi / Waitākere foothills LINZ foot track 2</name><description>Sheet row 1452; LINZ t50_fid(s) 8467127</description><styleUrl>#c</styleUrl><MultiGeometry><LineString><tessellate>1</tessellate><coordinates>174.677601,-36.923970 174.677473,-36.923575 174.677432,-36.923415 174.677429,-36.922845</coordinates></LineString></MultiGeometry></Placemark><Placemark><name>Blockhouse Bay LINZ foot track 8</name><description>Sheet row 1453; LINZ t50_fid(s) 3592868</description><styleUrl>#c</styleUrl><MultiGeometry><LineString><tessellate>1</tessellate><coordinates>174.689310,-36.930052 174.689110,-36.930062 174.687961,-36.930136</coordinates></LineString></MultiGeometry></Placemark><Placemark><name>Titirangi / Waitākere foothills LINZ foot track 3</name><description>Sheet row 1454; LINZ t50_fid(s) 8466985</description><styleUrl>#c</styleUrl><MultiGeometry><LineString><tessellate>1</tessellate><coordinates>174.677096,-36.921817 174.676999,-36.921904 174.676858,-36.922286 174.676859,-36.922845</coordinates></LineString></MultiGeometry></Placemark><Placemark><name>Titirangi / Waitākere foothills LINZ foot track 4</name><description>Sheet row 1455; LINZ t50_fid(s) 3584632</description><styleUrl>#c</styleUrl><MultiGeometry><LineString><tessellate>1</tessellate><coordinates>174.680933,-36.919149 174.680916,-36.919188 174.680670,-36.919758 174.680598,-36.920164</coordinates></LineString></MultiGeometry></Placemark><Placemark><name>Glen Eden LINZ foot track 5</name><description>Sheet row 1456; LINZ t50_fid(s) 3592910</description><styleUrl>#c</styleUrl><MultiGeometry><LineString><tessellate>1</tessellate><coordinates>174.660722,-36.896524 174.660094,-36.896272 174.659899,-36.896186 174.659851,-36.896165 174.659750,-36.896155 174.659677,-36.896282</coordinates></LineString></MultiGeometry></Placemark><Placemark><name>Hūnua / south-east Auckland LINZ foot track 2</name><description>Sheet row 1457; LINZ t50_fid(s) 3517351</description><styleUrl>#c</styleUrl><MultiGeometry><LineString><tessellate>1</tessellate><coordinates>175.249987,-37.029778 175.250578,-37.029816 175.250733,-37.029802 175.251110,-37.029685 175.251533,-37.029525 175.251736,-37.029505 175.251944,-37.029409 175.252183,-37.029405 175.252687,-37.029080 175.253082,-37.028945 175.253587,-37.028885 175.253993,-37.028758 175.254716,-37.028708 175.255077,-37.028614 175.255615,-37.028494 175.256001,-37.028450 175.256430,-37.028502 175.256684,-37.028602 175.256922,-37.028561 175.257159,-37.028474 175.257441,-37.028396 175.257490,-37.028317 175.257430,-37.028213 175.257678,-37.028122 175.257795,-37.028010 175.257958,-37.027956 175.258294,-37.027955 175.258458,-37.027892 175.258514,-37.027681 175.258659,-37.027582 175.258971,-37.027526 175.259178,-37.027390 175.259502,-37.027379 175.259688,-37.027288 175.259999,-37.027223 175.260406,-37.027109 175.261047,-37.027075 175.261353,-37.026737 175.261874,-37.026413 175.262153,-37.026151 175.262285,-37.025913 175.262381,-37.025749 175.262542,-37.025628 175.262749,-37.025551 175.262919,-37.025581 175.263090,-37.025680 175.263369,-37.025668 175.263563,-37.025552 175.263672,-37.025376 175.263866,-37.025247 175.264135,-37.025182 175.264186,-37.024967 175.264336,-37.024750 175.264456,-37.024649 175.264490,-37.024518 175.264621,-37.024093 175.265013,-37.023715 175.265066,-37.023555 175.265092,-37.023529 175.265099,-37.023222 175.265065,-37.023033 175.264975,-37.022871 175.265071,-37.022382 175.265137,-37.022268 175.265515,-37.022190 175.265765,-37.022117 175.266069,-37.021919 175.266269,-37.021728 175.266802,-37.021103 175.266909,-37.020897 175.267029,-37.020369 175.267197,-37.020179 175.267459,-37.020026 175.268636,-37.019566 175.268905,-37.019376 175.269019,-37.019213 175.268960,-37.018687 175.268927,-37.018368 175.268810,-37.018140 175.268793,-37.017796 175.268875,-37.017687 175.269184,-37.017448 175.269226,-37.017270 175.269254,-37.017084 175.269499,-37.017093 175.269847,-37.016987 175.270035,-37.016886 175.270340,-37.016781 175.270547,-37.016637 175.270625,-37.016461 175.270701,-37.016081 175.270658,-37.015765 175.270657,-37.015513 175.270591,-37.015324 175.270604,-37.015115 175.270626,-37.014681 175.270767,-37.014472 175.270977,-37.014323 175.271108,-37.014127 175.271113,-37.013971 175.270978,-37.013618 175.270959,-37.013461 175.271010,-37.013302 175.271220,-37.012882 175.271185,-37.012664 175.271142,-37.012346 175.271130,-37.012145 175.271227,-37.011912 175.271528,-37.011495 175.271632,-37.011234 175.271670,-37.011076 175.271678,-37.010917 175.271603,-37.010498 175.270907,-37.010195 175.270633,-37.009974 175.270586,-37.009532 175.270306,-37.009220 175.269967,-37.008861 175.269518,-37.008411 175.269388,-37.008408 175.269248,-37.008335 175.269091,-37.008126 175.268946,-37.008081 175.268813,-37.008000 175.268580,-37.007932 175.268431,-37.007862 175.268313,-37.007733 175.268289,-37.007602 175.268226,-37.007496 175.268069,-37.007397 175.267899,-37.007327 175.267664,-37.007294 175.267615,-37.007225 175.267615,-37.007131 175.267666,-37.007026 175.267776,-37.006911 175.267889,-37.006882 175.267977,-37.006904 175.268164,-37.006987 175.268342,-37.007002 175.268581,-37.006954 175.268643,-37.006889 175.268663,-37.006773 175.268714,-37.006694 175.268941,-37.006569 175.268993,-37.006495 175.269003,-37.006383 175.268966,-37.006257 175.269012,-37.006135 175.269193,-37.005935 175.269351,-37.005637 175.269300,-37.005504 175.269199,-37.005384 175.269209,-37.005203 175.269360,-37.004609 175.269221,-37.003601 175.269106,-37.002846 175.269045,-37.002658 175.268511,-37.002108</coordinates></LineString></MultiGeometry></Placemark><Placemark><name>Waharau / Whakatīwai LINZ foot track 1</name><description>Sheet row 1458; LINZ t50_fid(s) 3517342</description><styleUrl>#c</styleUrl><MultiGeometry><LineString><tessellate>1</tessellate><coordinates>175.265058,-37.075247 175.264847,-37.075285 175.264595,-37.075439 175.264324,-37.075559 175.264044,-37.075784 175.263670,-37.076059 175.263228,-37.076445 175.263171,-37.076547 175.263198,-37.076642 175.263274,-37.076794 175.263243,-37.077158 175.263291,-37.077626 175.263438,-37.078326 175.263473,-37.078806 175.263434,-37.079378 175.263398,-37.079569 175.263396,-37.079819 175.263295,-37.080332 175.263445,-37.080833 175.263343,-37.081334 175.263429,-37.081906 175.263457,-37.082190 175.263620,-37.082340 175.263650,-37.082564 175.263578,-37.082640 175.263359,-37.082789 175.263301,-37.082876 175.263314,-37.083072 175.263396,-37.083371 175.263515,-37.083530 175.263536,-37.083771 175.263648,-37.084007 175.263693,-37.084138 175.263822,-37.084190 175.263865,-37.084231 175.263963,-37.084326 175.263987,-37.084520 175.264422,-37.084995 175.264480,-37.085239 175.264355,-37.085472 175.264116,-37.085747 175.263893,-37.086091 175.263783,-37.086339 175.263826,-37.086595 175.263845,-37.087547 175.263768,-37.088104 175.263190,-37.088321 175.262911,-37.088440 175.262791,-37.088570 175.262699,-37.088757 175.262452,-37.089100 175.262233,-37.089326 175.262024,-37.089561 175.261831,-37.089812 175.261853,-37.090050 175.261836,-37.090499 175.261768,-37.090649 175.261258,-37.090951 175.260730,-37.091353 175.260462,-37.091510 175.260098,-37.091694 175.259938,-37.091866 175.259694,-37.092814 175.259668,-37.092965 175.260433,-37.094324 175.260105,-37.094363 175.259690,-37.094408 175.259278,-37.094577 175.258939,-37.094768 175.258827,-37.094952 175.258679,-37.095169 175.258395,-37.095302 175.257816,-37.095539 175.257466,-37.095711 175.257118,-37.095923 175.256622,-37.096040 175.256423,-37.096106 175.256380,-37.096134 175.256126,-37.096424 175.256104,-37.096534 175.255994,-37.096801 175.255874,-37.096921 175.255712,-37.097008 175.255365,-37.097070 175.255200,-37.097198 175.255144,-37.097470 175.254917,-37.097698 175.254750,-37.097797 175.254474,-37.097736 175.254200,-37.097771 175.254046,-37.097685 175.253923,-37.097688 175.253815,-37.097778 175.253670,-37.097821 175.253532,-37.097952 175.253334,-37.098213 175.253177,-37.098491 175.253060,-37.098563 175.252738,-37.098517 175.252564,-37.098530 175.252370,-37.098620 175.252244,-37.098755 175.252136,-37.098944 175.252013,-37.098996 175.251965,-37.099126 175.251835,-37.099282 175.251725,-37.099421 175.251570,-37.099588 175.251579,-37.099728 175.251642,-37.099936 175.251531,-37.100249</coordinates></LineString></MultiGeometry></Placemark><Placemark><name>Waharau / Whakatīwai LINZ foot track 2</name><description>Sheet row 1459; LINZ t50_fid(s) 3531511</description><styleUrl>#c</styleUrl><MultiGeometry><LineString><tessellate>1</tessellate><coordinates>175.275293,-37.045361 175.275181,-37.045643 175.275162,-37.045831 175.275247,-37.045975 175.275212,-37.046159 175.275120,-37.046299 175.274890,-37.046421 175.274719,-37.046453 175.274418,-37.046390 175.274250,-37.046389 175.274010,-37.046483 175.273695,-37.046465 175.273596,-37.046540 175.273574,-37.046678 175.273485,-37.046761 175.273304,-37.046805 175.273088,-37.046712 175.272791,-37.046766 175.272652,-37.046887 175.272666,-37.046996 175.272772,-37.047153 175.272686,-37.047315 175.272638,-37.047412 175.272545,-37.047531 175.272426,-37.047468 175.272358,-37.047372 175.272295,-37.047312 175.272113,-37.047332 175.272038,-37.047382 175.272053,-37.047545 175.271574,-37.047948 175.271353,-37.048022 175.271124,-37.048022 175.270629,-37.047909 175.270493,-37.047920 175.270116,-37.047870 175.269919,-37.047895 175.269714,-37.047820 175.269301,-37.047752 175.268911,-37.047788 175.268732,-37.047885 175.268556,-37.048099 175.268844,-37.048858 175.268720,-37.048865 175.268485,-37.048788 175.268313,-37.048807 175.268098,-37.048905 175.267806,-37.048988 175.267325,-37.049351 175.267087,-37.049432 175.267017,-37.049564 175.267029,-37.049791 175.267161,-37.049976 175.267083,-37.050075 175.267039,-37.050258 175.266863,-37.050347 175.266606,-37.050425 175.266572,-37.050603 175.265776,-37.051254 175.265594,-37.051464 175.265460,-37.051755 175.265126,-37.051932 175.264904,-37.052068 175.264810,-37.052180 175.264816,-37.052390 175.264778,-37.052469 175.264638,-37.052531 175.264531,-37.052602 175.264415,-37.052746 175.264185,-37.052865 175.264075,-37.053018 175.264082,-37.053247 175.264168,-37.053460 175.264104,-37.053599 175.263894,-37.053715 175.263797,-37.053828 175.263945,-37.054133 175.264067,-37.054221 175.264061,-37.054372 175.263950,-37.054360 175.263730,-37.054295 175.263432,-37.054090 175.263223,-37.054059 175.262752,-37.054068 175.262376,-37.053994 175.262061,-37.053836 175.261882,-37.053684 175.261362,-37.053651 175.261231,-37.053681 175.261081,-37.053680 175.260826,-37.053759 175.260418,-37.053759 175.260040,-37.053766 175.259882,-37.053676 175.259794,-37.053491 175.259673,-37.053337 175.259462,-37.053248 175.259392,-37.053028 175.259311,-37.052916 175.258892,-37.052858 175.258676,-37.052923 175.258661,-37.052925 175.258293,-37.052901 175.258083,-37.053035 175.257919,-37.053234 175.257726,-37.053327 175.257122,-37.053241 175.256938,-37.053083 175.255875,-37.052551 175.255488,-37.052240 175.255094,-37.052099 175.254565,-37.052112 175.254484,-37.052240 175.254477,-37.052444 175.254355,-37.052514 175.254280,-37.052630 175.254095,-37.052651</coordinates></LineString></MultiGeometry></Placemark><Placemark><name>Waharau / Whakatīwai LINZ foot track 3</name><description>Sheet row 1460; LINZ t50_fid(s) 3573928,3584815,3584816,3593291</description><styleUrl>#c</styleUrl><MultiGeometry><LineString><tessellate>1</tessellate><coordinates>175.288010,-37.040435 175.287828,-37.040239 175.287705,-37.040183 175.287602,-37.040185 175.287543,-37.040115 175.287296,-37.040058 175.287165,-37.039809 175.286914,-37.039691 175.286722,-37.039887 175.286277,-37.039833 175.286053,-37.040116 175.285340,-37.040190 175.284963,-37.039992 175.284702,-37.039771 175.284066,-37.039440 175.283710,-37.039399 175.283755,-37.039532 175.283657,-37.039593 175.283535,-37.039542 175.283461,-37.039538 175.283290,-37.039721 175.283316,-37.039794 175.283607,-37.039912 175.283813,-37.039952 175.284296,-37.040138 175.284694,-37.040471 175.285337,-37.040673 175.285678,-37.040734 175.286001,-37.040682 175.286274,-37.040597 175.286496,-37.040613 175.286685,-37.040690</coordinates></LineString><LineString><tessellate>1</tessellate><coordinates>175.286685,-37.040690 175.286842,-37.040700 175.287001,-37.040686 175.287276,-37.040739 175.287361,-37.040854 175.287433,-37.041117 175.287332,-37.041186 175.287349,-37.041291 175.287478,-37.041592</coordinates></LineString><LineString><tessellate>1</tessellate><coordinates>175.286685,-37.040690 175.286849,-37.040592 175.287059,-37.040408 175.287291,-37.040364 175.287551,-37.040456 175.287818,-37.040512 175.288010,-37.040435 175.288122,-37.040390 175.288310,-37.040261 175.288649,-37.040224 175.288915,-37.040221 175.289321,-37.040360 175.289578,-37.040353 175.289774,-37.040311 175.290095,-37.040144</coordinates></LineString><LineString><tessellate>1</tessellate><coordinates>175.290082,-37.041632 175.289883,-37.041506 175.289710,-37.041367 175.289399,-37.041305 175.288874,-37.041297 175.288571,-37.041190 175.288405,-37.041080 175.288240,-37.040959 175.288211,-37.040701 175.288010,-37.040435</coordinates></LineString></MultiGeometry></Placemark><Placemark><name>Waharau / Whakatīwai LINZ foot track 4</name><description>Sheet row 1461; LINZ t50_fid(s) 3531456</description><styleUrl>#c</styleUrl><MultiGeometry><LineString><tessellate>1</tessellate><coordinates>175.224080,-37.111141 175.224256,-37.111132 175.224624,-37.111134 175.224747,-37.111007 175.224913,-37.110891 175.225095,-37.110828 175.225340,-37.110874 175.225648,-37.110888 175.225839,-37.110893 175.225909,-37.111005 175.225953,-37.111049 175.226173,-37.110980 175.226435,-37.110981 175.226682,-37.111106 175.227192,-37.111153 175.227360,-37.111082 175.227503,-37.111088 175.227705,-37.111231 175.227880,-37.111432 175.228176,-37.111647 175.228372,-37.111824 175.228406,-37.112033 175.228575,-37.112488 175.228788,-37.112750 175.229247,-37.113013 175.229599,-37.113193 175.229929,-37.113356 175.230167,-37.113290 175.230470,-37.113278 175.230940,-37.113162 175.231197,-37.112999 175.231614,-37.113013 175.231902,-37.113212 175.231897,-37.113484 175.231925,-37.113802 175.232047,-37.114067 175.232144,-37.114195 175.232318,-37.114209 175.232423,-37.114371 175.232433,-37.114538 175.232610,-37.114779 175.232750,-37.114961 175.233010,-37.115204 175.233216,-37.115402 175.233420,-37.115545 175.233580,-37.115783 175.233783,-37.115880 175.234128,-37.115902 175.234369,-37.115796 175.234553,-37.115702 175.234906,-37.115409 175.235131,-37.115231 175.235331,-37.115182 175.235511,-37.115230 175.235689,-37.115209 175.235927,-37.115177 175.236160,-37.115225 175.236447,-37.115219</coordinates></LineString></MultiGeometry></Placemark><Placemark><name>Waharau / Whakatīwai LINZ foot track 5</name><description>Sheet row 1462; LINZ t50_fid(s) 3554707</description><styleUrl>#c</styleUrl><MultiGeometry><LineString><tessellate>1</tessellate><coordinates>175.268929,-37.037896 175.268901,-37.037823 175.268774,-37.037706 175.268679,-37.037260 175.268791,-37.036727 175.269040,-37.036405 175.269346,-37.035938 175.269470,-37.035709 175.269676,-37.035329 175.269783,-37.035063 175.270108,-37.034954 175.270518,-37.034914 175.271081,-37.034659 175.271250,-37.034289 175.271379,-37.033893 175.271461,-37.033714 175.271671,-37.033562 175.271816,-37.033475 175.271996,-37.033453 175.272254,-37.033512 175.273024,-37.033513 175.273230,-37.033410 175.273408,-37.033475 175.273635,-37.033436 175.273824,-37.033559 175.274176,-37.033544 175.274666,-37.033630 175.275025,-37.033521 175.275248,-37.033517 175.275530,-37.033566 175.275883,-37.033378 175.276068,-37.033196 175.276648,-37.033008 175.276903,-37.033012</coordinates></LineString></MultiGeometry></Placemark><Placemark><name>Waharau / Whakatīwai LINZ foot track 6</name><description>Sheet row 1463; LINZ t50_fid(s) 3573926</description><styleUrl>#c</styleUrl><MultiGeometry><LineString><tessellate>1</tessellate><coordinates>175.253957,-37.052551 175.253425,-37.052594 175.253182,-37.052740 175.252430,-37.052456 175.252109,-37.052389 175.251730,-37.051916 175.250839,-37.051766 175.249948,-37.052073 175.249666,-37.051904 175.249307,-37.051449 175.248879,-37.050281 175.249061,-37.050047 175.249624,-37.049774 175.249771,-37.049395 175.249446,-37.048553 175.249047,-37.047979 175.248486,-37.047448</coordinates></LineString></MultiGeometry></Placemark><Placemark><name>Waharau / Whakatīwai LINZ foot track 7</name><description>Sheet row 1464; LINZ t50_fid(s) 100053513</description><styleUrl>#c</styleUrl><MultiGeometry><LineString><tessellate>1</tessellate><coordinates>175.295421,-37.109246 175.295874,-37.109333 175.296246,-37.109409 175.297038,-37.109559</coordinates></LineString></MultiGeometry></Placemark><Placemark><name>Whakanewha / central Waiheke LINZ foot track 5</name><description>Sheet row 1465; LINZ t50_fid(s) 7878811,7879457,7879933,7879935</description><styleUrl>#c</styleUrl><MultiGeometry><LineString><tessellate>1</tessellate><coordinates>175.074649,-36.815731 175.074630,-36.815589 175.074580,-36.815493 175.074482,-36.815365 175.074479,-36.815357 175.074442,-36.815232 175.074508,-36.815105 175.074712,-36.814920 175.074846,-36.814707 175.074984,-36.814445 175.075132,-36.814211 175.075256,-36.814029 175.075377,-36.813860 175.075415,-36.813690 175.075586,-36.813503 175.075868,-36.813232 175.076048,-36.813062 175.076349,-36.812786 175.076687,-36.812564 175.077078,-36.812439 175.077597,-36.812248 175.078010,-36.812097 175.078395,-36.811954 175.078686,-36.811876 175.078797,-36.811754 175.078833,-36.811609</coordinates></LineString><LineString><tessellate>1</tessellate><coordinates>175.084505,-36.819264 175.084416,-36.818989 175.084253,-36.818807 175.084046,-36.818572 175.083893,-36.818325 175.083742,-36.818097 175.083411,-36.817971 175.083153,-36.817729 175.082954,-36.817419 175.082916,-36.817119 175.082905,-36.816679 175.082831,-36.816111 175.082668,-36.815591 175.082653,-36.815406 175.082652,-36.815402</coordinates></LineString><LineString><tessellate>1</tessellate><coordinates>175.082668,-36.815591 175.082158,-36.815531 175.081675,-36.815613 175.080645,-36.815991 175.079669,-36.816212 175.078669,-36.816467 175.078327,-36.816472 175.077872,-36.816458 175.077272,-36.816211 175.076353,-36.815991 175.075682,-36.815881 175.075188,-36.815731 175.074580,-36.815493 175.074319,-36.815407 175.073146,-36.814507</coordinates></LineString><LineString><tessellate>1</tessellate><coordinates>175.084505,-36.819264 175.084603,-36.818739 175.084691,-36.818129 175.084819,-36.817947 175.084919,-36.817859 175.084999,-36.817795 175.085091,-36.817767 175.085244,-36.817742 175.085353,-36.817707 175.085463,-36.817632 175.085623,-36.817531 175.085743,-36.817444 175.085818,-36.817397 175.085928,-36.817351 175.086051,-36.817299 175.086176,-36.817210 175.086286,-36.817102 175.086367,-36.816988 175.086416,-36.816897 175.086447,-36.816765 175.086521,-36.816650 175.086589,-36.816551 175.086594,-36.816388 175.086599,-36.816168 175.086576,-36.815970 175.086479,-36.815860 175.086269,-36.815639 175.086104,-36.815447 175.086010,-36.815345 175.085995,-36.815329 175.085930,-36.815186 175.085911,-36.815057 175.085904,-36.814959 175.085904,-36.814798 175.085865,-36.814611 175.085799,-36.814443 175.085755,-36.814394 175.085731,-36.814360 175.085648,-36.814244 175.085572,-36.814126 175.085555,-36.814029 175.085580,-36.813895 175.085620,-36.813732 175.085656,-36.813552 175.085679,-36.813380 175.085700,-36.813262 175.085770,-36.813095 175.085812,-36.813031 175.085972,-36.812833 175.086174,-36.812659 175.086178,-36.812522 175.086105,-36.812389 175.086212,-36.812271 175.086279,-36.812128 175.086372,-36.812011 175.086414,-36.811930 175.086420,-36.811853 175.086440,-36.811728 175.086497,-36.811637 175.086565,-36.811575 175.086587,-36.811482 175.086589,-36.811366 175.086618,-36.811274 175.086604,-36.811213 175.086700,-36.811121 175.086769,-36.811016 175.086821,-36.810894 175.086906,-36.810757 175.086972,-36.810610 175.086966,-36.810508 175.086993,-36.810424 175.086927,-36.810338 175.086879,-36.810275 175.086809,-36.810200 175.086752,-36.810051 175.086739,-36.809923 175.086742,-36.809794 175.086726,-36.809688 175.086736,-36.809540 175.086759,-36.809431 175.086801,-36.809342 175.086827,-36.809203 175.086848,-36.809093 175.086867,-36.808988 175.086889,-36.808873 175.086904,-36.808792 175.086915,-36.808732 175.086933,-36.808635 175.086944,-36.808578 175.086958,-36.808501 175.086926,-36.808420 175.086950,-36.808292 175.087077,-36.808170 175.087219,-36.808082 175.087355,-36.808007 175.087578,-36.807922 175.087693,-36.807842 175.087775,-36.807721 175.087774,-36.807590 175.087776,-36.807396 175.087770,-36.807198 175.087726,-36.806945 175.087623,-36.806669 175.087556,-36.806504 175.087562,-36.806364</coordinates></LineString></MultiGeometry></Placemark><Placemark><name>Whakanewha / central Waiheke LINZ foot track 6</name><description>Sheet row 1466; LINZ t50_fid(s) 7879454,7879455,7879927,7879930,7879931,7880154</description><styleUrl>#c</styleUrl><MultiGeometry><LineString><tessellate>1</tessellate><coordinates>175.062222,-36.807396 175.062134,-36.807212 175.061984,-36.807002 175.061849,-36.806834 175.061697,-36.806628 175.061562,-36.806362 175.061482,-36.806173 175.061498,-36.806005 175.061549,-36.805701 175.061588,-36.805563 175.061554,-36.805408 175.061667,-36.805276 175.061753,-36.805211 175.061879,-36.805142 175.062083,-36.805108 175.062190,-36.805104 175.062289,-36.805046 175.062442,-36.804988 175.062689,-36.804925 175.063019,-36.804807 175.063169,-36.804704 175.063311,-36.804637 175.063596,-36.804586 175.063762,-36.804496 175.063818,-36.804444 175.063939,-36.804270 175.064094,-36.804209 175.064275,-36.804234 175.064408,-36.804174 175.064636,-36.804109 175.064923,-36.804105 175.065215,-36.804181 175.065649,-36.804217 175.065816,-36.804171 175.066079,-36.804083 175.066251,-36.804073 175.066498,-36.804092 175.066744,-36.804171 175.066930,-36.804337 175.067096,-36.804607 175.067174,-36.804749 175.067201,-36.804865 175.067281,-36.805123 175.067359,-36.805293 175.067461,-36.805405</coordinates></LineString><LineString><tessellate>1</tessellate><coordinates>175.061191,-36.804994 175.061278,-36.805073 175.061337,-36.805155 175.061297,-36.805254 175.061254,-36.805346 175.061157,-36.805419 175.061066,-36.805516 175.060986,-36.805589 175.060892,-36.805718 175.060806,-36.805799 175.060777,-36.805920 175.060793,-36.806070 175.060895,-36.806250 175.061007,-36.806403 175.061184,-36.806557 175.061318,-36.806663 175.061541,-36.806847 175.061739,-36.807011 175.061849,-36.807159 175.061981,-36.807358 175.062123,-36.807397 175.062222,-36.807396 175.062303,-36.807395 175.062434,-36.807373 175.062595,-36.807408 175.062676,-36.807528 175.062694,-36.807627 175.062684,-36.807706 175.062595,-36.807827 175.062592,-36.807958 175.062595,-36.808112 175.062651,-36.808241 175.062743,-36.808383 175.062914,-36.808514 175.063115,-36.808636 175.063314,-36.808797 175.063526,-36.809008 175.063671,-36.809162 175.063850,-36.809512 175.064033,-36.809787 175.064199,-36.809972 175.064328,-36.810075 175.064601,-36.810122 175.065063,-36.810109 175.065497,-36.810011 175.065926,-36.809766 175.066178,-36.809607 175.066388,-36.809465 175.066645,-36.809328 175.067031,-36.809203 175.067235,-36.809091 175.067600,-36.809023 175.067686,-36.809014 175.067859,-36.808996</coordinates></LineString><LineString><tessellate>1</tessellate><coordinates>175.065120,-36.805537 175.064755,-36.805481 175.064709,-36.806182 175.064602,-36.806560 175.064838,-36.806951 175.064918,-36.807359 175.064918,-36.807574 175.065015,-36.807866</coordinates></LineString><LineString><tessellate>1</tessellate><coordinates>175.069511,-36.811725 175.069441,-36.811619 175.069336,-36.811568 175.069304,-36.811553 175.069144,-36.811516 175.069209,-36.811423 175.069244,-36.811312 175.069354,-36.811166 175.069463,-36.811047 175.069531,-36.811064 175.069587,-36.811007 175.069611,-36.810818 175.069610,-36.810787 175.069622,-36.810686 175.069634,-36.810609 175.069508,-36.810370 175.069276,-36.810193 175.069093,-36.810074 175.068938,-36.809972 175.068660,-36.809743 175.068268,-36.809340 175.067859,-36.808996</coordinates></LineString><LineString><tessellate>1</tessellate><coordinates>175.067859,-36.808996 175.067788,-36.808917 175.067603,-36.808668 175.067440,-36.808445 175.066892,-36.807695 175.066710,-36.807390 175.066640,-36.807130 175.066544,-36.806912 175.066455,-36.806709 175.066273,-36.806428 175.066080,-36.806185 175.065643,-36.805831 175.065154,-36.805552 175.065120,-36.805537</coordinates></LineString><LineString><tessellate>1</tessellate><coordinates>175.065154,-36.805552 175.065379,-36.805400 175.065639,-36.805273 175.065759,-36.805237 175.065875,-36.805202 175.066125,-36.805200 175.066358,-36.805151 175.066661,-36.805149 175.066908,-36.805237 175.067058,-36.805318 175.067123,-36.805344 175.067305,-36.805412</coordinates></LineString></MultiGeometry></Placemark><Placemark><name>Whakanewha / central Waiheke LINZ foot track 7</name><description>Sheet row 1467; LINZ t50_fid(s) 7879459,7879932,7880164</description><styleUrl>#c</styleUrl><MultiGeometry><LineString><tessellate>1</tessellate><coordinates>175.072819,-36.806425 175.072936,-36.806461 175.073125,-36.806516 175.073178,-36.806535 175.073278,-36.806583 175.073368,-36.806618 175.073469,-36.806688 175.073564,-36.806703 175.073646,-36.806654 175.073756,-36.806622 175.073851,-36.806626 175.073992,-36.806716 175.074095,-36.806800 175.074260,-36.806868 175.074326,-36.806919 175.074363,-36.806948 175.074412,-36.807043 175.074432,-36.807082 175.074447,-36.807101 175.074477,-36.807137 175.074503,-36.807169 175.074603,-36.807314 175.074737,-36.807452 175.074796,-36.807555 175.074800,-36.807687 175.074806,-36.807817 175.074810,-36.808114 175.074905,-36.808243 175.075024,-36.808331 175.075366,-36.808587 175.075631,-36.808772 175.075860,-36.808931 175.075958,-36.808995 175.076060,-36.809026 175.076229,-36.809038 175.076437,-36.809054 175.076571,-36.809082 175.076695,-36.809132 175.076860,-36.809202 175.076982,-36.809193 175.077068,-36.809214 175.077300,-36.809332 175.077489,-36.809397 175.077573,-36.809432 175.077634,-36.809424 175.077797,-36.809313 175.077987,-36.809193 175.078487,-36.808879 175.078578,-36.808818 175.078645,-36.808770 175.078699,-36.808664 175.078734,-36.808589 175.078820,-36.808530 175.078977,-36.808408 175.079140,-36.808313 175.079273,-36.808273 175.079447,-36.808236 175.079584,-36.808196 175.079748,-36.808115 175.079950,-36.807913 175.080113,-36.807717 175.080283,-36.807520 175.080420,-36.807366 175.080648,-36.807196 175.080837,-36.807100 175.080950,-36.807051 175.081009,-36.806984</coordinates></LineString><LineString><tessellate>1</tessellate><coordinates>175.071646,-36.808440 175.071701,-36.808406 175.072016,-36.808240 175.072321,-36.808077 175.072490,-36.807986 175.072588,-36.807901 175.072612,-36.807835 175.072668,-36.807704 175.072743,-36.807475 175.072860,-36.807201 175.072916,-36.806997 175.072955,-36.806863 175.073018,-36.806746 175.073109,-36.806618 175.073178,-36.806535</coordinates></LineString><LineString><tessellate>1</tessellate><coordinates>175.069144,-36.801259 175.069181,-36.801392 175.069190,-36.801474 175.069094,-36.801740 175.069145,-36.801874 175.069111,-36.801943 175.068920,-36.802316 175.068760,-36.802346 175.068516,-36.802392 175.068492,-36.802408 175.068456,-36.802433 175.068468,-36.802493 175.068450,-36.802546 175.068449,-36.802657 175.068452,-36.802744 175.068447,-36.802792 175.068417,-36.802908 175.068370,-36.802967 175.068355,-36.802986 175.068291,-36.803040 175.068214,-36.803103 175.068180,-36.803153 175.068147,-36.803176 175.068061,-36.803217 175.067900,-36.803264 175.067695,-36.803327 175.067630,-36.803390 175.067708,-36.803493 175.067714,-36.803501 175.067786,-36.803579 175.067848,-36.803685 175.067872,-36.803766 175.067870,-36.803862 175.067880,-36.803976 175.067997,-36.804073 175.068091,-36.804133 175.068220,-36.804179 175.068413,-36.804226 175.068480,-36.804237 175.068609,-36.804256 175.068782,-36.804267 175.068908,-36.804290 175.069058,-36.804283 175.069183,-36.804271 175.069280,-36.804260 175.069326,-36.804337 175.069335,-36.804352 175.069394,-36.804454 175.069431,-36.804561 175.069494,-36.804601 175.069630,-36.804564 175.069816,-36.804522 175.069920,-36.804453 175.069987,-36.804391 175.070046,-36.804351 175.070233,-36.804338 175.070533,-36.804324 175.070710,-36.804315 175.070805,-36.804325 175.070846,-36.804378 175.070852,-36.804505 175.070870,-36.804687 175.070905,-36.804764 175.071005,-36.804836 175.071085,-36.804956 175.071193,-36.804992 175.071391,-36.804999 175.071455,-36.805020 175.071579,-36.805108 175.071663,-36.805166 175.071721,-36.805164 175.071786,-36.805136 175.071930,-36.805125 175.072079,-36.805142 175.072246,-36.805183 175.072350,-36.805260 175.072370,-36.805305 175.072336,-36.805399 175.072392,-36.805489 175.072499,-36.805551 175.072543,-36.805621 175.072572,-36.805728 175.072728,-36.805810 175.072813,-36.805885 175.072810,-36.805992 175.072891,-36.806101 175.072912,-36.806211 175.072891,-36.806317 175.072833,-36.806412 175.072819,-36.806425 175.072777,-36.806438 175.072718,-36.806424 175.072686,-36.806391 175.072639,-36.806293 175.072592,-36.806202 175.072525,-36.806037 175.072473,-36.805891 175.072443,-36.805849 175.072400,-36.805752 175.072380,-36.805732 175.072367,-36.805705 175.072367,-36.805671 175.072367,-36.805632 175.072351,-36.805601 175.072333,-36.805581 175.072311,-36.805532 175.072284,-36.805484 175.072267,-36.805476 175.072238,-36.805457 175.072216,-36.805433 175.072192,-36.805397 175.072165,-36.805377 175.072139,-36.805371 175.072118,-36.805373 175.072079,-36.805388 175.071882,-36.805387 175.071802,-36.805392 175.071687,-36.805392 175.071611,-36.805381 175.071533,-36.805323 175.071397,-36.805227 175.071328,-36.805188 175.071231,-36.805165 175.071174,-36.805179 175.071137,-36.805193 175.071086,-36.805189 175.070990,-36.805135 175.070833,-36.805084 175.070713,-36.805060 175.070614,-36.805046 175.070457,-36.805022 175.070397,-36.805009 175.070283,-36.805028 175.070119,-36.805001 175.070028,-36.804999 175.069919,-36.805004 175.069782,-36.805030 175.069701,-36.805078 175.069644,-36.805112 175.069511,-36.805207 175.069489,-36.805235 175.068849,-36.805552</coordinates></LineString></MultiGeometry></Placemark><Placemark><name>Whakanewha / central Waiheke LINZ foot track 8</name><description>Sheet row 1468; LINZ t50_fid(s) 3554692</description><styleUrl>#c</styleUrl><MultiGeometry><LineString><tessellate>1</tessellate><coordinates>175.039449,-36.816788 175.039776,-36.817086 175.039857,-36.817438 175.040151,-36.817822 175.040431,-36.818205 175.040961,-36.818379 175.041333,-36.818441 175.041815,-36.818433 175.042171,-36.818461 175.042560,-36.818541 175.042615,-36.818535 175.042743,-36.818629 175.042805,-36.818756 175.043023,-36.818949 175.043250,-36.819003 175.043523,-36.819191 175.043779,-36.819267 175.044079,-36.819256 175.044247,-36.819253 175.044416,-36.819423 175.044564,-36.819506 175.044576,-36.819661 175.044739,-36.819759 175.044841,-36.819973 175.044965,-36.820054 175.045073,-36.820081 175.045073,-36.820163 175.045135,-36.820193 175.045201,-36.819948 175.045174,-36.819756 175.045235,-36.819539 175.045703,-36.819291 175.046114,-36.819239 175.046327,-36.819235 175.046841,-36.819189 175.047051,-36.819325 175.047246,-36.819328 175.047523,-36.819594 175.047750,-36.819635 175.048026,-36.819573 175.048192,-36.819554 175.048349,-36.819618 175.048261,-36.819757 175.048033,-36.819825 175.048085,-36.820006 175.048420,-36.819930 175.048772,-36.819798 175.049039,-36.819702 175.049570,-36.819709 175.049843,-36.819522 175.050210,-36.819481 175.050593,-36.819225 175.050794,-36.819203 175.051199,-36.819174 175.051554,-36.819168 175.051825,-36.819197 175.052062,-36.819045 175.052084,-36.818793 175.052163,-36.818563 175.052355,-36.818297 175.052520,-36.818077 175.052728,-36.817914 175.052941,-36.817787 175.053334,-36.817670 175.053658,-36.817729 175.053886,-36.817741 175.054062,-36.817747</coordinates></LineString></MultiGeometry></Placemark><Placemark><name>Whakanewha / central Waiheke LINZ foot track 9</name><description>Sheet row 1469; LINZ t50_fid(s) 7879934,7880157,7880158,7880161,7880162</description><styleUrl>#c</styleUrl><MultiGeometry><LineString><tessellate>1</tessellate><coordinates>175.072883,-36.821857 175.072857,-36.822044 175.072873,-36.822189 175.072955,-36.822296 175.073091,-36.822383 175.073260,-36.822484 175.073422,-36.822531 175.073623,-36.822572 175.073764,-36.822654 175.073850,-36.822774 175.073918,-36.822940 175.074088,-36.823033 175.074291,-36.823116 175.074574,-36.823216 175.074662,-36.823280 175.074869,-36.823083 175.074971,-36.823032 175.075121,-36.822976 175.075325,-36.822916 175.075555,-36.822886 175.075770,-36.822894 175.075856,-36.822984 175.075883,-36.823113 175.075944,-36.823295</coordinates></LineString><LineString><tessellate>1</tessellate><coordinates>175.073612,-36.824357 175.073509,-36.824444 175.073391,-36.824526 175.073297,-36.824620 175.073209,-36.824723 175.073088,-36.824788 175.072943,-36.824872 175.072774,-36.824966 175.072699,-36.825076 175.072549,-36.825194 175.072490,-36.825284 175.072455,-36.825466 175.072425,-36.825580</coordinates></LineString><LineString><tessellate>1</tessellate><coordinates>175.074112,-36.824524 175.074011,-36.824653 175.073938,-36.824773 175.073909,-36.824902 175.073890,-36.825093 175.073836,-36.825211 175.073785,-36.825320 175.073742,-36.825443 175.073718,-36.825561 175.073678,-36.825642 175.073606,-36.825685 175.073525,-36.825651 175.073383,-36.825608 175.073257,-36.825617 175.073211,-36.825690 175.073160,-36.825836 175.073147,-36.825984 175.073117,-36.826263 175.073056,-36.826360 175.072946,-36.826469 175.072860,-36.826548 175.072798,-36.826610 175.072884,-36.826769</coordinates></LineString><LineString><tessellate>1</tessellate><coordinates>175.074662,-36.823280 175.074676,-36.823378 175.074778,-36.823508 175.074912,-36.823727 175.074965,-36.823908 175.074896,-36.824092 175.074762,-36.824243 175.074547,-36.824384 175.074273,-36.824522 175.074112,-36.824524 175.073994,-36.824526 175.073775,-36.824466 175.073612,-36.824357 175.073716,-36.824261 175.073753,-36.824088 175.073640,-36.824036 175.073533,-36.824024 175.073420,-36.823968 175.073286,-36.823856 175.073082,-36.823706 175.072959,-36.823594 175.072825,-36.823573 175.072707,-36.823611 175.072554,-36.823612 175.072480,-36.823536 175.072457,-36.823364 175.072433,-36.823233 175.072428,-36.822989 175.072380,-36.822841 175.072372,-36.822624 175.072396,-36.822443 175.072495,-36.822192 175.072610,-36.822050 175.072686,-36.821945 175.072723,-36.821866 175.072782,-36.821794</coordinates></LineString><LineString><tessellate>1</tessellate><coordinates>175.072480,-36.823536 175.072454,-36.823759 175.072434,-36.824026 175.072527,-36.824237 175.072515,-36.824348 175.072499,-36.824546 175.072446,-36.824703 175.072230,-36.824774</coordinates></LineString></MultiGeometry></Placemark><Placemark><name>Whakanewha / central Waiheke LINZ foot track 10</name><description>Sheet row 1470; LINZ t50_fid(s) 7879461</description><styleUrl>#c</styleUrl><MultiGeometry><LineString><tessellate>1</tessellate><coordinates>175.075553,-36.793920 175.075549,-36.793936 175.075537,-36.793955 175.075522,-36.793970 175.075500,-36.793978 175.075451,-36.793971 175.075408,-36.793952 175.075313,-36.793898 175.075220,-36.793843 175.075155,-36.793826 175.075063,-36.793822 175.074914,-36.793818 175.074744,-36.793836 175.074645,-36.793835 175.074450,-36.793812 175.074316,-36.793819 175.074182,-36.793848 175.074068,-36.793873 175.073919,-36.793923 175.073759,-36.793901 175.073555,-36.793896 175.073380,-36.793876 175.073111,-36.793796 175.072845,-36.793740 175.072604,-36.793722 175.072439,-36.793714 175.072126,-36.793669 175.071904,-36.793658 175.071711,-36.793637 175.071532,-36.793626 175.071390,-36.793601 175.071185,-36.793579 175.071013,-36.793612 175.070898,-36.793657 175.070791,-36.793778 175.070652,-36.793892 175.070561,-36.793962 175.070489,-36.794021 175.070418,-36.794002 175.070304,-36.793932 175.070168,-36.793852 175.070128,-36.793776 175.069871,-36.793710 175.069606,-36.793635 175.069504,-36.793586 175.069391,-36.793545 175.069168,-36.793598 175.068898,-36.793651 175.068861,-36.793666 175.068841,-36.793694 175.068802,-36.793786 175.068776,-36.793880 175.068774,-36.793939 175.068812,-36.794029 175.068880,-36.794149 175.068984,-36.794325 175.069027,-36.794430 175.069013,-36.794456 175.068796,-36.794396 175.068649,-36.794347 175.068603,-36.794325 175.068568,-36.794265 175.068487,-36.794202 175.068410,-36.794156 175.068346,-36.794077 175.068284,-36.793984 175.068192,-36.793853 175.068099,-36.793744 175.068012,-36.793654 175.067930,-36.793552 175.067829,-36.793449 175.067693,-36.793362 175.067540,-36.793240 175.067466,-36.793128 175.067302,-36.793063 175.067204,-36.792952 175.067140,-36.792805 175.067097,-36.792594 175.067034,-36.792457 175.066927,-36.792384 175.066729,-36.792192 175.066656,-36.792075 175.066519,-36.791827 175.066427,-36.791629 175.066263,-36.791416 175.066095,-36.791162 175.065991,-36.791016 175.066016,-36.790853 175.066039,-36.790409 175.066047,-36.790113 175.066042,-36.789826 175.066039,-36.789234 175.066038,-36.788980 175.066034,-36.788863 175.066005,-36.788774 175.065930,-36.788691 175.065508,-36.788311</coordinates></LineString></MultiGeometry></Placemark><Placemark><name>Whakanewha / central Waiheke LINZ foot track 11</name><description>Sheet row 1471; LINZ t50_fid(s) 7879452</description><styleUrl>#c</styleUrl><MultiGeometry><LineString><tessellate>1</tessellate><coordinates>175.067798,-36.812833 175.067627,-36.812863 175.067484,-36.812884 175.067426,-36.812864 175.067344,-36.812784 175.067261,-36.812791 175.067098,-36.812831 175.066895,-36.812958 175.066844,-36.812997 175.066768,-36.813055 175.066720,-36.813073 175.066626,-36.813055 175.066513,-36.813062 175.066369,-36.813157 175.066208,-36.813296 175.066109,-36.813416 175.066019,-36.813490 175.065892,-36.813518 175.065963,-36.813413 175.065974,-36.813303 175.065974,-36.813219 175.066001,-36.813119 175.065961,-36.813087 175.065875,-36.813008 175.065739,-36.813080 175.065675,-36.813129 175.065537,-36.813154 175.065497,-36.813125 175.065259,-36.813164 175.065148,-36.813169 175.065059,-36.813162 175.065038,-36.813147 175.064943,-36.813167 175.064891,-36.813192 175.064887,-36.813221 175.064791,-36.813199 175.064713,-36.813162 175.064628,-36.813175 175.064507,-36.813124 175.064419,-36.813076 175.064336,-36.813017 175.064243,-36.812948 175.064190,-36.812915 175.064124,-36.812886 175.064044,-36.812859 175.063910,-36.812784 175.063829,-36.812745 175.063717,-36.812708 175.063552,-36.812653 175.063366,-36.812588 175.063293,-36.812559 175.063148,-36.812515 175.063083,-36.812491 175.062959,-36.812438 175.062870,-36.812361 175.062828,-36.812338 175.062752,-36.812298 175.062652,-36.812256 175.062542,-36.812255 175.062447,-36.812265 175.062279,-36.812330 175.062138,-36.812387 175.061977,-36.812422 175.061934,-36.812496 175.061895,-36.812563 175.061838,-36.812587 175.061652,-36.812657 175.061621,-36.812677 175.061590,-36.812701 175.061443,-36.812771 175.061338,-36.812789 175.061195,-36.812777 175.061015,-36.812847 175.060927,-36.812910 175.060862,-36.812957 175.060792,-36.812971 175.060722,-36.813034 175.060575,-36.813105 175.060429,-36.813167 175.060391,-36.813185 175.060340,-36.813157 175.060264,-36.813219 175.060206,-36.813208 175.059983,-36.813270 175.059876,-36.813324 175.059796,-36.813388 175.059752,-36.813457 175.059720,-36.813512 175.059654,-36.813604 175.059587,-36.813645 175.059504,-36.813674 175.059461,-36.813555 175.059434,-36.813499 175.059372,-36.813464 175.059344,-36.813420 175.059314,-36.813369 175.059247,-36.813346 175.059193,-36.813312 175.059032,-36.813216 175.058851,-36.813091 175.058707,-36.812862 175.058667,-36.812752 175.058643,-36.812686 175.058683,-36.812582 175.058672,-36.812380 175.058658,-36.812255 175.058639,-36.812194 175.058648,-36.811958 175.058675,-36.811780 175.058618,-36.811645 175.058540,-36.811537 175.058471,-36.811481 175.058436,-36.811512 175.058376,-36.811476 175.058283,-36.811444 175.058229,-36.811391 175.058167,-36.811357 175.058163,-36.811280 175.058077,-36.811291 175.058028,-36.811248 175.057974,-36.811244 175.057905,-36.811253 175.057866,-36.811215 175.057808,-36.811211 175.057744,-36.811242 175.057649,-36.811201 175.057644,-36.811126 175.057563,-36.811141 175.057517,-36.811100 175.057452,-36.811123</coordinates></LineString></MultiGeometry></Placemark><Placemark><name>Whakanewha / central Waiheke LINZ foot track 12</name><description>Sheet row 1472; LINZ t50_fid(s) 7880152,8520761,8521036</description><styleUrl>#c</styleUrl><MultiGeometry><LineString><tessellate>1</tessellate><coordinates>175.071684,-36.820462 175.071219,-36.819739 175.071049,-36.819422 175.070973,-36.819167 175.070964,-36.818943 175.070974,-36.818681 175.071151,-36.818188 175.071159,-36.818165</coordinates></LineString><LineString><tessellate>1</tessellate><coordinates>175.067153,-36.816470 175.067410,-36.816516 175.067630,-36.816605 175.067786,-36.816745 175.067880,-36.816997 175.067981,-36.817142 175.068109,-36.817238 175.068414,-36.817241 175.068664,-36.817228 175.068778,-36.817282 175.068901,-36.817430 175.069062,-36.817702 175.069209,-36.817815 175.069397,-36.818082 175.069923,-36.818391 175.069998,-36.818462 175.070145,-36.818755 175.070441,-36.819115 175.070634,-36.819311 175.070682,-36.819366 175.070754,-36.819519 175.070835,-36.819710 175.070947,-36.819882 175.071065,-36.820021 175.071144,-36.820108 175.071684,-36.820462 175.072027,-36.820970 175.072228,-36.821287 175.072436,-36.821281</coordinates></LineString><LineString><tessellate>1</tessellate><coordinates>175.070444,-36.819987 175.070603,-36.819981 175.070826,-36.820214 175.071144,-36.820108</coordinates></LineString></MultiGeometry></Placemark><Placemark><name>Whakanewha / central Waiheke LINZ foot track 13</name><description>Sheet row 1473; LINZ t50_fid(s) 7879925</description><styleUrl>#c</styleUrl><MultiGeometry><LineString><tessellate>1</tessellate><coordinates>175.083604,-36.834063 175.083471,-36.834146 175.083224,-36.834172 175.082851,-36.834073 175.082151,-36.833859 175.081825,-36.833787 175.081557,-36.833765 175.081313,-36.833724 175.081341,-36.833616 175.081309,-36.833530 175.081185,-36.833543 175.081183,-36.833367 175.080807,-36.833507 175.080743,-36.833431 175.080327,-36.833511 175.080198,-36.833631 175.079914,-36.833607 175.079724,-36.833657 175.079450,-36.833663 175.079174,-36.833766 175.079185,-36.833837 175.078983,-36.833861 175.078543,-36.834170 175.078450,-36.834191 175.078396,-36.834284 175.078195,-36.834346 175.078007,-36.834363 175.077986,-36.834477 175.077664,-36.834760 175.077669,-36.835029 175.077497,-36.835217 175.077441,-36.835424 175.077251,-36.835681 175.077420,-36.835677 175.077363,-36.835836 175.077235,-36.836033 175.077127,-36.836211 175.077090,-36.836428 175.077084,-36.836525</coordinates></LineString></MultiGeometry></Placemark><Placemark><name>Whakanewha / central Waiheke LINZ foot track 14</name><description>Sheet row 1474; LINZ t50_fid(s) 3573914,3573915,3593289</description><styleUrl>#c</styleUrl><MultiGeometry><LineString><tessellate>1</tessellate><coordinates>175.072743,-36.814356 175.072503,-36.814194 175.072348,-36.814179 175.072128,-36.814150 175.071829,-36.814188 175.071365,-36.814218 175.071076,-36.814135 175.070879,-36.813952 175.070832,-36.813733 175.070713,-36.813361 175.070556,-36.813100 175.070401,-36.812949 175.070208,-36.812790 175.069967,-36.812682 175.069738,-36.812461 175.069654,-36.812192 175.069471,-36.811934</coordinates></LineString><LineString><tessellate>1</tessellate><coordinates>175.069471,-36.811934 175.069716,-36.812045 175.070011,-36.812176 175.070169,-36.812448 175.070476,-36.812695 175.070879,-36.812919 175.071281,-36.813154 175.071503,-36.813267 175.071740,-36.813420 175.071935,-36.813571 175.072202,-36.813795 175.072463,-36.813971 175.072674,-36.814180 175.072743,-36.814356</coordinates></LineString><LineString><tessellate>1</tessellate><coordinates>175.069304,-36.811840 175.069471,-36.811934</coordinates></LineString></MultiGeometry></Placemark><Placemark><name>Whakanewha / central Waiheke LINZ foot track 15</name><description>Sheet row 1475; LINZ t50_fid(s) 7879929</description><styleUrl>#c</styleUrl><MultiGeometry><LineString><tessellate>1</tessellate><coordinates>175.067546,-36.798503 175.067675,-36.798461 175.068005,-36.798412 175.068418,-36.798332 175.068461,-36.798298 175.068544,-36.798180 175.068579,-36.798139 175.068928,-36.797991 175.069065,-36.797954 175.069172,-36.797965 175.069248,-36.798071 175.069297,-36.798195 175.069313,-36.798268 175.069254,-36.798427 175.069286,-36.798681 175.069264,-36.798951 175.069463,-36.799437 175.069436,-36.799630 175.069479,-36.799905 175.069463,-36.800115 175.069586,-36.800743 175.069507,-36.801020 175.069591,-36.801142</coordinates></LineString></MultiGeometry></Placemark><Placemark><name>Whakanewha / central Waiheke LINZ foot track 16</name><description>Sheet row 1476; LINZ t50_fid(s) 7880156</description><styleUrl>#c</styleUrl><MultiGeometry><LineString><tessellate>1</tessellate><coordinates>175.064320,-36.815550 175.064593,-36.815426 175.064918,-36.815343 175.065103,-36.815312 175.065076,-36.815486 175.065098,-36.815671 175.065146,-36.815815 175.065366,-36.815615 175.065599,-36.815398 175.065744,-36.815325 175.065857,-36.815340 175.065921,-36.815433 175.065953,-36.815581 175.065969,-36.815720 175.066026,-36.815738 175.066128,-36.815693 175.066264,-36.815568 175.066571,-36.815382</coordinates></LineString></MultiGeometry></Placemark><Placemark><name>Oneroa / western Waiheke LINZ foot track 3</name><description>Sheet row 1477; LINZ t50_fid(s) 6082503,6082514,6082535</description><styleUrl>#c</styleUrl><MultiGeometry><LineString><tessellate>1</tessellate><coordinates>174.992679,-36.782694 174.992834,-36.782685 174.992902,-36.782687 174.993032,-36.782651 174.993208,-36.782676 174.993347,-36.782707 174.993450,-36.782708 174.993502,-36.782766 174.993622,-36.782820 174.993810,-36.782844 174.993981,-36.782801 174.994118,-36.782771 174.994207,-36.782683 174.994412,-36.782612 174.994668,-36.782605 174.994794,-36.782591 174.995032,-36.782602 174.995138,-36.782643 174.995240,-36.782693 174.995253,-36.782760 174.995248,-36.782822 174.995314,-36.782873 174.995424,-36.782879 174.995611,-36.782827 174.995769,-36.782823 174.995799,-36.782809 174.995904,-36.782784 174.995992,-36.782779 174.996118,-36.782765 174.996221,-36.782771 174.996419,-36.782858</coordinates></LineString><LineString><tessellate>1</tessellate><coordinates>174.995234,-36.781004 174.995102,-36.781088 174.995039,-36.781179 174.995037,-36.781300 174.995131,-36.781656 174.995168,-36.781772 174.995148,-36.781873 174.995155,-36.781916 174.995221,-36.781940 174.995284,-36.781973 174.995371,-36.782050 174.995536,-36.782076 174.995633,-36.782066 174.995788,-36.782031 174.995883,-36.781982 174.995948,-36.782193 174.996113,-36.782475 174.996419,-36.782858</coordinates></LineString><LineString><tessellate>1</tessellate><coordinates>174.996419,-36.782858 174.996574,-36.783130 174.996736,-36.783112 174.996895,-36.783135 174.997006,-36.783242 174.997154,-36.783353 174.997359,-36.783400 174.997526,-36.783405 174.997763,-36.783295 174.997901,-36.783227 174.998016,-36.783138 174.998192,-36.783103 174.998339,-36.783027 174.998483,-36.783003 174.998719,-36.783032 174.998912,-36.783000 174.998925,-36.782967 174.998887,-36.782887 174.998926,-36.782825 174.999038,-36.782819 174.999156,-36.782821 174.999440,-36.782776 174.999611,-36.782773 174.999792,-36.782777 174.999840,-36.782689 174.999983,-36.782647 175.000177,-36.782611 175.000326,-36.782623 175.000497,-36.782629 175.000589,-36.782661 175.000669,-36.782753 175.000756,-36.782752 175.000896,-36.782783 175.000962,-36.782743 175.001016,-36.782685 175.001119,-36.782670 175.001214,-36.782739 175.001387,-36.782791 175.001524,-36.782817 175.001606,-36.782756 175.001702,-36.782726 175.001857,-36.782743 175.002037,-36.782729 175.002215,-36.782773 175.002363,-36.782745 175.002541,-36.782804 175.002651,-36.782864 175.002733,-36.782870 175.002835,-36.782803 175.002970,-36.782775 175.003087,-36.782780 175.003233,-36.782821 175.003333,-36.782856 175.003487,-36.782843 175.003575,-36.782747 175.003714,-36.782722 175.003827,-36.782717 175.003918,-36.782752 175.003975,-36.782860 175.004204,-36.782787 175.004379,-36.782755 175.004481,-36.782662 175.004540,-36.782661 175.004662,-36.782677 175.004759,-36.782737 175.004918,-36.782768 175.005034,-36.782733 175.005091,-36.782674 175.005203,-36.782606 175.005179,-36.782505 175.005178,-36.782498</coordinates></LineString></MultiGeometry></Placemark><Placemark><name>Waiheke Island LINZ foot track 8</name><description>Sheet row 1478; LINZ t50_fid(s) 7879922,7879923,7880301</description><styleUrl>#c</styleUrl><MultiGeometry><LineString><tessellate>1</tessellate><coordinates>175.017226,-36.784805 175.017691,-36.785020 175.017704,-36.785005 175.017719,-36.784985 175.017747,-36.784974 175.017838,-36.784953 175.018054,-36.784920 175.018264,-36.784886 175.018397,-36.784698 175.018599,-36.784502 175.018661,-36.784356 175.018720,-36.784205 175.018752,-36.784051 175.018817,-36.784020 175.018897,-36.784029 175.019004,-36.783870 175.019074,-36.783784 175.019139,-36.783548 175.019246,-36.783355 175.019262,-36.783161 175.019294,-36.783105 175.019368,-36.782965 175.019536,-36.782899 175.019611,-36.782860 175.019696,-36.782723 175.019782,-36.782594 175.019798,-36.782508 175.019772,-36.782323 175.019756,-36.782265 175.019710,-36.782210 175.019743,-36.782195 175.019824,-36.782211 175.019854,-36.782224 175.019863,-36.782210 175.019823,-36.782144 175.019784,-36.782068 175.019860,-36.782081 175.019940,-36.782095 175.019987,-36.782082 175.020007,-36.782054 175.019976,-36.781985 175.019966,-36.781908 175.020036,-36.781816 175.020112,-36.781780 175.020203,-36.781745 175.020312,-36.781718 175.020343,-36.781643</coordinates></LineString><LineString><tessellate>1</tessellate><coordinates>175.021195,-36.780870 175.021133,-36.780930 175.021080,-36.780982 175.020997,-36.781112 175.020972,-36.781168 175.020955,-36.781208 175.020940,-36.781236 175.020881,-36.781307 175.020783,-36.781367 175.020625,-36.781437 175.020415,-36.781546 175.020343,-36.781643</coordinates></LineString><LineString><tessellate>1</tessellate><coordinates>175.024390,-36.782535 175.024323,-36.782514 175.024293,-36.782567 175.024155,-36.782514 175.024107,-36.782523 175.023988,-36.782491 175.023862,-36.782475 175.023721,-36.782423 175.023576,-36.782370 175.023395,-36.782326 175.023162,-36.782268 175.023016,-36.782233 175.022786,-36.782191 175.022698,-36.782160 175.022524,-36.782123 175.022262,-36.782106 175.022095,-36.782037 175.021895,-36.781991 175.021617,-36.781947 175.021368,-36.781870 175.021207,-36.781778 175.021026,-36.781702 175.020766,-36.781679 175.020343,-36.781643</coordinates></LineString></MultiGeometry></Placemark><Placemark><name>Oneroa / western Waiheke LINZ foot track 4</name><description>Sheet row 1479; LINZ t50_fid(s) 6082519</description><styleUrl>#c</styleUrl><MultiGeometry><LineString><tessellate>1</tessellate><coordinates>174.990566,-36.795716 174.990692,-36.795746 174.990792,-36.795757 174.990920,-36.795749 174.991085,-36.795643 174.991203,-36.795598 174.991343,-36.795515 174.991415,-36.795505 174.991604,-36.795470 174.991758,-36.795506 174.991853,-36.795513 174.991902,-36.795477 174.991937,-36.795409 174.992022,-36.795378 174.992123,-36.795401 174.992172,-36.795351 174.992264,-36.795343 174.992445,-36.795340 174.992576,-36.795356 174.992704,-36.795351 174.992881,-36.795306 174.992947,-36.795267 174.992987,-36.795201 174.993094,-36.795123 174.993123,-36.795055 174.993234,-36.795026 174.993275,-36.794918 174.994740,-36.794655 174.994804,-36.794604 174.995070,-36.794537 174.995287,-36.794496 174.995347,-36.794426 174.995219,-36.794180 174.995146,-36.794198 174.995109,-36.794194 174.995138,-36.793788 174.995179,-36.793219 174.995194,-36.793089 174.995371,-36.793088 174.995515,-36.793090 174.995648,-36.793069 174.995829,-36.793073</coordinates></LineString></MultiGeometry></Placemark><Placemark><name>Oneroa / western Waiheke LINZ foot track 5</name><description>Sheet row 1480; LINZ t50_fid(s) 6082531,6082536,6082549</description><styleUrl>#c</styleUrl><MultiGeometry><LineString><tessellate>1</tessellate><coordinates>175.000964,-36.776356 175.001010,-36.776219 175.000891,-36.776093 175.000776,-36.776005 175.000761,-36.775949 175.000946,-36.775894 175.000949,-36.775845 175.001050,-36.775779 175.001072,-36.775719 175.000977,-36.775661 175.000837,-36.775648 175.000817,-36.775588 175.000876,-36.775550 175.000800,-36.775465 175.000729,-36.775260 175.000810,-36.775150 175.000975,-36.775038 175.000971,-36.774900 175.001085,-36.774797 175.001120,-36.774684 175.001153,-36.774548 175.001206,-36.774412 175.001300,-36.774257</coordinates></LineString><LineString><tessellate>1</tessellate><coordinates>175.001300,-36.774257 175.001349,-36.774170 175.001336,-36.774039 175.001540,-36.774041</coordinates></LineString><LineString><tessellate>1</tessellate><coordinates>175.001300,-36.774257 175.000956,-36.774139 175.000417,-36.774006 175.000014,-36.773915 174.999528,-36.773874 174.999345,-36.773833 174.999253,-36.773784</coordinates></LineString></MultiGeometry></Placemark><Placemark><name>Oneroa / western Waiheke LINZ foot track 6</name><description>Sheet row 1481; LINZ t50_fid(s) 6082513</description><styleUrl>#c</styleUrl><MultiGeometry><LineString><tessellate>1</tessellate><coordinates>174.997038,-36.803848 174.996762,-36.803703 174.996233,-36.803525 174.995617,-36.803331 174.994961,-36.802904 174.994618,-36.802798 174.994324,-36.802741 174.994013,-36.802665 174.993814,-36.802582 174.993513,-36.802453 174.993277,-36.802421</coordinates></LineString></MultiGeometry></Placemark><Placemark><name>Oneroa / western Waiheke LINZ foot track 7</name><description>Sheet row 1482; LINZ t50_fid(s) 6082530</description><styleUrl>#c</styleUrl><MultiGeometry><LineString><tessellate>1</tessellate><coordinates>174.990267,-36.775763 174.990264,-36.775760 174.990210,-36.775695 174.990136,-36.775639 174.990091,-36.775496 174.990135,-36.775457 174.990446,-36.774726 174.990470,-36.774597 174.990586,-36.774461 174.990762,-36.774280 174.990804,-36.774216 174.990818,-36.774075 174.990921,-36.773995 174.991024,-36.773998 174.991116,-36.773946 174.991050,-36.773832 174.991054,-36.773736 174.991122,-36.773644 174.991139,-36.773531 174.991252,-36.773417 174.991307,-36.773301</coordinates></LineString></MultiGeometry></Placemark><Placemark><name>Whakanewha / central Waiheke LINZ foot track 17</name><description>Sheet row 1483; LINZ t50_fid(s) 3593287</description><styleUrl>#c</styleUrl><MultiGeometry><LineString><tessellate>1</tessellate><coordinates>175.045196,-36.810148 175.045032,-36.810254 175.044694,-36.810327 175.044411,-36.810393 175.044193,-36.810394 175.044080,-36.810441 175.044157,-36.810593 175.044261,-36.810815 175.044288,-36.810976 175.044286,-36.811257</coordinates></LineString></MultiGeometry></Placemark><Placemark><name>Waiuku / Āwhitu LINZ foot track 1</name><description>Sheet row 1484; LINZ t50_fid(s) 3573532,3573533,3573534,3584447,3592638</description><styleUrl>#c</styleUrl><MultiGeometry><LineString><tessellate>1</tessellate><coordinates>174.657159,-37.098629 174.656653,-37.098379 174.655909,-37.097745 174.655447,-37.097342 174.655090,-37.096910 174.654793,-37.096644</coordinates></LineString><LineString><tessellate>1</tessellate><coordinates>174.654793,-37.096644 174.654741,-37.096914 174.655155,-37.097764 174.655251,-37.097940 174.655704,-37.098482 174.656326,-37.098762 174.656756,-37.098793 174.657159,-37.098629</coordinates></LineString><LineString><tessellate>1</tessellate><coordinates>174.656265,-37.096182 174.656742,-37.096823 174.657250,-37.097602 174.657658,-37.098074 174.657893,-37.098354 174.657795,-37.098538 174.657551,-37.098623 174.657159,-37.098629</coordinates></LineString><LineString><tessellate>1</tessellate><coordinates>174.654793,-37.096644 174.655021,-37.096393 174.655403,-37.096259 174.655850,-37.096219 174.656265,-37.096182</coordinates></LineString><LineString><tessellate>1</tessellate><coordinates>174.654221,-37.093855 174.654533,-37.094393 174.654950,-37.094924 174.655440,-37.095044 174.655809,-37.095264 174.656041,-37.095487 174.656182,-37.095732 174.656265,-37.096182</coordinates></LineString></MultiGeometry></Placemark></Document></kml>