{"type": "FeatureCollection", "features": [{"type": "Feature", "id": 1520, "geometry": {"type": "LineString", "coordinates": [[174.524108173115, -36.8927368263276], [174.524080000263, -36.8927649995183], [174.52405999992, -36.8928016669216], [174.524058333131, -36.8928383334778], [174.524069999885, -36.8928733336053], [174.524084999618, -36.8929083333362], [174.524093332886, -36.892944999593], [174.524098333791, -36.8929833328687], [174.52411166656, -36.8930199998818], [174.524098333762, -36.8930549998461], [174.524071666174, -36.8930883329914], [174.524056666343, -36.8931250002379], [174.524064999625, -36.8931616664953], [174.524055000379, -36.8931983335855], [174.524038333405, -36.893233333051], [174.524025000539, -36.8932683330074], [174.524018333721, -36.8933066663395], [174.524008333313, -36.8933433334403], [174.524000000503, -36.8933799998786], [174.523898333577, -36.893548333222], [174.523853333289, -36.8935633332762], [174.52380833292, -36.8935750000507], [174.523773332977, -36.8936033328496], [174.523736666397, -36.8936249997562], [174.523730000531, -36.8936633330594], [174.523719999944, -36.893700000138], [174.523704999816, -36.893736666442], [174.523706666997, -36.8937733334934], [174.523700000515, -36.8938100001705], [174.523723332827, -36.8938450003298], [174.523744999829, -36.893883333475], [174.5237666662, -36.8939166667285], [174.52378666673, -36.8939549996077], [174.523793333024, -36.8939966664257], [174.523788333677, -36.8940349999866], [174.523776667151, -36.8940733334357], [174.52376833304, -36.8941099998722], [174.523759999577, -36.8941516661949], [174.523726666551, -36.8941850000287], [174.52369666646, -36.8942150002055], [174.523659999553, -36.8942366661923], [174.523633333583, -36.8942666668562], [174.52360999961, -36.8943033336712], [174.523593333386, -36.8943416663265], [174.523591666954, -36.894379999497], [174.523608333372, -36.8944183327996], [174.523630000508, -36.8944566668609], [174.523669999554, -36.8944733330381], [174.523711666876, -36.8944916669698], [174.523759999574, -36.8945016669624], [174.523811666971, -36.8945099998933], [174.523856667182, -36.8945183335965], [174.523903333704, -36.8945166668492], [174.523951666511, -36.8945300000251], [174.523986666857, -36.8945550002813], [174.524024999741, -36.8945816667698], [174.524056666552, -36.8946083331362], [174.524084999821, -36.8946366665285], [174.524100000534, -36.8946733328633], [174.524118333804, -36.8947116663371], [174.524141666513, -36.8947433331365], [174.52416333331, -36.8947766663035], [174.524181666556, -36.8948116665038], [174.524193333699, -36.8948466665998], [174.524206666869, -36.8948833335826], [174.524233333844, -36.8949149999462], [174.524241666917, -36.8949533328121], [174.524261666263, -36.8949899998851], [174.524289999838, -36.8950216664836], [174.524303333175, -36.8950616667144], [174.524310000296, -36.8950983335877], [174.524321666511, -36.8951366669431], [174.524325000048, -36.8951749999555], [174.524304999822, -36.8952133331198], [174.52430000007, -36.895250000067], [174.524298333384, -36.8952866666105], [174.524309999626, -36.8953249999653], [174.524308333033, -36.89536499977], [174.524325000553, -36.8954016663149], [174.524363333397, -36.8954266669558], [174.524406666626, -36.8954383334636], [174.524445000104, -36.8954649997993], [174.524466666125, -36.8954983329137], [174.524489999835, -36.8955316662553], [174.524520000164, -36.8955599997742], [174.524568518354, -36.8956111003731], [174.524573333374, -36.8956466669888], [174.524561667008, -36.8956849996005], [174.524553333756, -36.8957233336024], [174.524556666835, -36.8957599999781], [174.524563333027, -36.8957966668432], [174.524586666263, -36.8958283335378], [174.52460111417, -36.8958541679312], [174.52463661767, -36.8958626745863], [174.524683333695, -36.8958516669048], [174.52472833326, -36.8958650001686], [174.524764999784, -36.8958866662652], [174.524799999505, -36.8959166661686], [174.524838333267, -36.8959400000072], [174.524863333219, -36.8959716668841], [174.524876666904, -36.8960083328721], [174.524890000116, -36.8960466663966], [174.524926666792, -36.8960683333409], [174.524961667161, -36.8960966665549], [174.524996666936, -36.896123333135], [174.525035000361, -36.8961483335429], [174.525060000446, -36.8961799994728], [174.525108332895, -36.8961949996987], [174.52514833331, -36.8962149995065], [174.52517833303, -36.8962433328587], [174.525209999835, -36.8962699998011], [174.52523999973, -36.8963016663964], [174.525274999564, -36.8963249996292], [174.525311666118, -36.8963516663452], [174.525358333276, -36.8963666662168], [174.525389999839, -36.896398333005], [174.5254183338, -36.8964283335829], [174.525459999863, -36.8964483335273], [174.525464999988, -36.8964850000945], [174.525479999505, -36.8965216662493], [174.525481667152, -36.8965599998755], [174.525498333755, -36.8965949996216], [174.525480000209, -36.8966299999417], [174.525461666156, -36.8966666668962], [174.525436666279, -36.8967016662825], [174.525421666462, -36.8967383336811], [174.52540333346, -36.8967749997116], [174.525401666174, -36.8968116662646], [174.525398332956, -36.8968500001085], [174.525420000429, -36.8968849996457], [174.525446666396, -36.8969166666291], [174.525478333088, -36.8969450001254], [174.525523333, -36.8969483332895], [174.525555000366, -36.8969783333867], [174.525559999457, -36.8970149999593], [174.525571666474, -36.8970499998997], [174.525611667137, -36.8970750003329], [174.525655000338, -36.8970983336864], [174.525694999611, -36.8971166666852], [174.52574666643, -36.8971183331374], [174.525786666874, -36.8971366669912], [174.525813333546, -36.8971666663477], [174.525848333007, -36.8971933335697], [174.525883333596, -36.8972199998652], [174.525918333087, -36.8972466661641], [174.525948333041, -36.897276666839], [174.525991666292, -36.8972966668052], [174.526031666557, -36.8973199995666], [174.526071666528, -36.8973366666978], [174.526111666668, -36.8973566661725], [174.526148333211, -36.8973783336283], [174.52618499993, -36.8974033334295], [174.526226667197, -36.8974216664487], [174.526248332811, -36.8974533334907], [174.526289999825, -36.8974766663813], [174.526320000486, -36.8975050003195], [174.526351667092, -36.8975316669453], [174.526368333194, -36.8975666665643], [174.526368333792, -36.8976083332148], [174.526363333793, -36.8976450002299], [174.52634666699, -36.8976799999921], [174.526331666297, -36.8977166666076], [174.526311666468, -36.8977550000861], [174.526283333294, -36.8977866668478], [174.526266666425, -36.8978216665995], [174.526255000461, -36.8978566669951], [174.526223332905, -36.8978883333175], [174.526204999581, -36.8979266669998], [174.526206666506, -36.8979649997113], [174.52622666632, -36.8979983331522], [174.526268332998, -36.898020000321], [174.526283333401, -36.8980599996076], [174.526290000183, -36.8980983329749], [174.526273333806, -36.8981433334024], [174.526275000124, -36.8981799994889], [174.526266666385, -36.8982183335964], [174.526280000061, -36.8982550003047], [174.526310000073, -36.8982866666061], [174.526318333502, -36.8983250001887], [174.52632999949, -36.8983616666851], [174.526365000138, -36.8983866661959], [174.526393333175, -36.8984199997924], [174.526433332867, -36.898440000056], [174.526478332958, -36.8984500002673], [174.526528333589, -36.8984333332175], [174.526568333787, -36.8984516667985], [174.526620000468, -36.8984449997129], [174.526669999548, -36.8984499997149], [174.526713333258, -36.8984633328796], [174.526761667081, -36.8984716667732], [174.526806666308, -36.8984850001303], [174.526844999931, -36.8985116665541], [174.526873333017, -36.8985416667725], [174.526919999833, -36.8985516670247], [174.526964999692, -36.8985383333331], [174.5270083335, -36.8985516663877], [174.527050000484, -36.8985700000114], [174.527115000543, -36.8985616668411], [174.527158333757, -36.8985483328693], [174.527195000334, -36.8985233334517], [174.527233333482, -36.8984983333282], [174.527286666521, -36.8984799997533], [174.527336667003, -36.8984716664171], [174.527385000442, -36.8984816666909], [174.527433333419, -36.8984849995302], [174.527481666416, -36.8984883332509], [174.527526666849, -36.8984850000204], [174.527568333235, -36.8985016668394], [174.527614999586, -36.8984966662545], [174.527669999911, -36.898496666529], [174.52771666631, -36.8984999999537], [174.527760000478, -36.898516666889], [174.527807152862, -36.8985445986742]]}, "properties": {"OBJECTID": 1520, "TRACKNAME": "Fence Line Track", "CONDITIONSOFUSE": "Waitakere North Regional Park", "STATUS": "Open", "WEBLINK": "https://www.aucklandcouncil.govt.nz/en/parks-recreation/find-park-beach/park-detail/3407.html", "VALIDATIONSTATE": 3, "created_user": "AC_owner", "last_edited_user": "AC_owner", "last_edited_date": 1789875254325, "created_date": 1789875254325, "PARK_SAPSITEID": null, "TRACK_ID": null, "KAURIDIEBACK_TRACK": null, "KAURIDIEBACK_MITIGATED": null, "SegmentID": null, "GlobalID": "9a888ca8-a6b8-4218-b8dd-be7daef89aa9", "Shape__Length": 929.675565734642}}, {"type": "Feature", "id": 1600, "geometry": {"type": "LineString", "coordinates": [[174.527807152862, -36.8985445986742], [174.527802919336, -36.8985467262695], [174.527798662291, -36.8985488000851], [174.527794348068, -36.8985508205539], [174.527789999107, -36.8985527873871], [174.527785615227, -36.8985546915736], [174.527781185389, -36.8985565422688], [174.527776720632, -36.8985583303172], [174.527772209917, -36.8985600648745], [174.527767664823, -36.898561763819], [174.52776310761, -36.8985634178507], [174.527758527238, -36.8985650361254], [174.527753912307, -36.898566609776], [174.527749285617, -36.8985681565366], [174.527744635589, -36.8985696585287], [174.527739962401, -36.8985711247638], [174.527735266054, -36.8985725552418], [174.527730557769, -36.8985739498185], [174.527725814924, -36.898575299771], [174.527721049101, -36.8985766229778], [174.527716271158, -36.8985779012719], [174.527711458837, -36.8985791439532], [174.527706634397, -36.8985803417217], [174.527701786978, -36.8985815127445], [174.52769691622, -36.8985826389989], [174.527692022303, -36.8985837294961], [174.527687105227, -36.8985847842363], [174.527682164992, -36.8985858032193], [174.527677201598, -36.8985867864453], [174.527672215046, -36.8985877339142], [174.527667183073, -36.8985886549258], [174.527662117261, -36.8985895673589], [174.52765701707, -36.898590444179], [174.527651883039, -36.8985913124205], [174.527646703588, -36.8985921542048], [174.527641490118, -36.8985929783989], [174.527636231407, -36.8985937851473], [174.527630938498, -36.8985945652942], [174.527625611389, -36.8985953188396], [174.52762025044, -36.8985960638063], [174.527614844071, -36.8985967823157], [174.527609403504, -36.8985974742237], [174.527603917876, -36.8985981576972], [174.527598409269, -36.8985988144249], [174.527592855242, -36.8985994446953], [174.527587255976, -36.8986000575199], [174.52758162269, -36.8986006527544], [174.527575955205, -36.8986012213873], [174.5275702537, -36.89860177243], [174.527564484336, -36.8986022973041], [174.527558579072, -36.8986027608296], [174.527552526511, -36.8986031541396], [174.527546337871, -36.8986034770896], [174.527539990892, -36.8986037389796], [174.527533496795, -36.8986039396654], [174.527526866619, -36.8986040699911], [174.527520089145, -36.8986041301011], [174.527513153332, -36.898604129151], [174.52750608162, -36.8986040668522], [174.527498862611, -36.8986039343376], [174.527491496482, -36.8986037406186], [174.527483983055, -36.8986034766836], [174.52747632233, -36.8986031425328], [174.527468514487, -36.8986027471775], [174.527460559525, -36.8986022906175], [174.527452468485, -36.8986017636973], [174.527444219106, -36.8986011757168], [174.527435833649, -36.8986005173759], [174.527427300894, -36.898599788819], [174.52741863278, -36.8985990259471], [174.527410035399, -36.8985984334251], [174.52740154349, -36.8985980648884], [174.527393145652, -36.8985979114699], [174.527384864327, -36.8985979728811], [174.527376688652, -36.898598267289], [174.52736860687, -36.8985987678038], [174.527360630559, -36.898599492304], [174.527352759719, -36.8986004407896], [174.52734499417, -36.8986016042492], [174.527337334093, -36.8986029916944], [174.527329779307, -36.8986045941136], [174.527322329992, -36.8986064205184], [174.527314974748, -36.8986084620416], [174.527307736195, -36.898610727406], [174.527300591713, -36.8986132078889], [174.527293563922, -36.8986159122132], [174.527286630382, -36.8986188406673], [174.527279802132, -36.8986219840956], [174.527273079174, -36.8986253424983], [174.527266461686, -36.8986289248866], [174.527259858291, -36.8986326513122], [174.527253223391, -36.8986364863067], [174.527246568205, -36.8986404297259], [174.527239892913, -36.898644490581], [174.527233186116, -36.898648660005], [174.527226459033, -36.8986529378536], [174.527219700444, -36.8986573242711], [174.527212921749, -36.8986618281246], [174.527206111548, -36.8986664405469], [174.527199281061, -36.8986711613938], [174.527192430288, -36.8986759906653], [174.527185548189, -36.898680937517], [174.527178645625, -36.8986859837819], [174.527171711734, -36.898691147627], [174.527164757558, -36.8986964198967], [174.527157772054, -36.8987018097466], [174.527150766085, -36.8987072990097], [174.52714372879, -36.8987129058529], [174.527136671209, -36.8987186211208], [174.527129593341, -36.8987244448132], [174.527122548953, -36.8987302590611], [174.527115602492, -36.8987359188171], [174.527108764998, -36.8987414149255], [174.527102036831, -36.8987467654093], [174.527095417632, -36.8987519522456], [174.527088907579, -36.8987569844458], [174.527082495454, -36.8987618621542], [174.527076203697, -36.8987665850823], [174.527070009866, -36.8987711535186], [174.527063925183, -36.8987755673189], [174.527057938428, -36.8987798266274], [174.52705207186, -36.8987839221443], [174.5270463034, -36.8987878721809], [174.527040632687, -36.8987916587144], [174.527035082343, -36.8987952904677], [174.527029641146, -36.8987987675851], [174.527024297877, -36.8988020902109], [174.527019063755, -36.8988052582007], [174.527013938782, -36.8988082715546], [174.527008911736, -36.8988111304169], [174.527003939175, -36.8988139074555], [174.526998834485, -36.8988168123839], [174.526993586448, -36.8988198453463], [174.526988206642, -36.8988230242211], [174.526982705928, -36.8988263308415], [174.526977050647, -36.89882976564], [174.526971274637, -36.8988333371954], [174.526965366678, -36.8988370456519], [174.526959315551, -36.8988408911535], [174.526953132296, -36.8988448645449], [174.526946817092, -36.8988489748372], [174.52694035854, -36.8988532131633], [174.526933779439, -36.8988575972576], [174.526927056989, -36.8988621093857], [174.526920202411, -36.8988667494032], [174.526913204665, -36.8988715264659], [174.526906086189, -36.8988764402852], [174.526898824544, -36.8988814911496], [174.526891430771, -36.8988866699034], [174.526883905048, -36.8988919855581], [174.526876314697, -36.8988974372482], [174.526869041561, -36.8989030380931], [174.526862164003, -36.8989087780719], [174.52685567116, -36.8989146753518], [174.526849574253, -36.8989207297885], [174.526843850483, -36.8989269236478], [174.52683852247, -36.8989332656526], [174.526833578994, -36.8989397559473], [174.526829020233, -36.8989464035433], [174.52682484601, -36.8989531994293], [174.526821067363, -36.8989601344496], [174.526817673433, -36.8989672267713], [174.526814664041, -36.898974467383], [174.526812039185, -36.8989818562848], [174.526809810266, -36.8989894023439], [174.526807954485, -36.8989970878258], [174.526806494461, -36.8990049214538], [174.526805430375, -36.899012912239], [174.526804739426, -36.8990210424472], [174.526804444415, -36.8990293298127], [174.526804511322, -36.8990377567454], [174.526804633073, -36.8990461198774], [174.52680469603, -36.8990543485598], [174.526804711413, -36.8990624426485], [174.52680465696, -36.8990704114432], [174.526804554934, -36.8990782456441], [174.526804383073, -36.8990859545511], [174.526804163638, -36.8990935288642], [174.526803885409, -36.8991009687279], [174.526803548386, -36.8991082741419], [174.526803152747, -36.8991154541178], [174.526802698315, -36.8991224996441], [174.526802196488, -36.899129419588], [174.526801624466, -36.8991361962153], [174.52680100505, -36.8991428472601], [174.5268003158, -36.8991493730109], [174.526799578975, -36.899155764168], [174.526798783355, -36.8991620208755], [174.526797928941, -36.8991681431334], [174.526797015913, -36.8991741399532], [174.52679604409, -36.8991800023234], [174.526795086719, -36.8991860267541], [174.52679419281, -36.8991924199301], [174.526793362365, -36.8991991818513], [174.526792584341, -36.8992063216734], [174.52679188118, -36.8992138391079], [174.526791230262, -36.8992217254319], [174.526790642986, -36.8992299895125], [174.526790119173, -36.8992386223384], [174.526789659002, -36.8992476329209], [174.526789262294, -36.8992570122487], [174.526788929228, -36.8992667693331], [174.526788659805, -36.8992769041741], [174.526788442624, -36.8992874079046], [174.526788300127, -36.8992982802361], [174.526788210231, -36.8993095394799], [174.526788183619, -36.8993211584575], [174.526788220829, -36.8993331642031], [174.526788321502, -36.899345538694], [174.526788485638, -36.89935828193], [174.526788713417, -36.8993714029227], [174.526788874952, -36.8993845788489], [174.526788712086, -36.8993972451647], [174.526788246901, -36.8994093835589], [174.526787479396, -36.8994209940316], [174.526786387131, -36.8994320768711], [174.526784981505, -36.8994426409446], [174.526783262339, -36.8994526772408], [174.526781241032, -36.8994621946267], [174.526778906185, -36.8994711842353], [174.526776246577, -36.8994796462107], [174.526773284648, -36.8994875802645], [174.526770009359, -36.8994949955522], [174.526766420528, -36.8995018830624], [174.526762518337, -36.8995082518066], [174.526758313825, -36.899514092629], [174.526753784552, -36.8995194058181], [174.526748952959, -36.8995241910853], [174.526743796785, -36.8995284577306], [174.52673833829, -36.899532196454], [174.526732566255, -36.8995354073996], [174.526726450968, -36.8995382892504], [174.526719894054, -36.899541537324], [174.526712874688, -36.8995452330112], [174.526705392869, -36.899549376312], [174.526697459818, -36.8995539670818], [174.526689075534, -36.8995590053209], [174.526680217577, -36.8995644913173], [174.526670919607, -36.8995704246385], [174.526661147783, -36.8995767967055], [174.526650936125, -36.8995836251084], [174.526640250614, -36.899590892257], [174.526629113868, -36.899598606874], [174.526617526067, -36.8996067779708], [174.526605475631, -36.8996153876686], [174.526592962739, -36.8996244449787], [174.526579998612, -36.8996339497568], [174.526566571848, -36.8996438931356], [174.526552694028, -36.8996542929934], [174.52653835375, -36.8996651404629], [174.526523550835, -36.8996764265326], [174.526508352066, -36.8996881233031], [174.52649316523, -36.899699855973], [174.526478122996, -36.8997115236871], [174.526463225544, -36.8997231354568], [174.526448461653, -36.8997346914262], [174.526433842365, -36.8997461824399], [174.526419356459, -36.8997576086422], [174.526405004114, -36.8997689790444], [174.526390796552, -36.8997802935024], [174.526376733592, -36.8997915430049], [174.526362804195, -36.8998027367075], [174.52634900836, -36.8998138746103], [174.526335357127, -36.8998249475576], [174.526321850498, -36.8998359555496], [174.526308477431, -36.8998469077419], [174.526295237927, -36.8998578041346], [174.526282143026, -36.899868635572], [174.526269181688, -36.8998794112098], [174.526256364954, -36.8998901218926], [174.526243681782, -36.8999007767758], [174.526231143214, -36.8999113667041], [174.526218935328, -36.8999216549308], [174.526207145732, -36.8999315321665], [174.526195785469, -36.8999409892557], [174.526184854716, -36.8999500352099], [174.526174341897, -36.8999586521505], [174.526164258589, -36.8999668579563], [174.526154593394, -36.8999746437602], [174.526145357533, -36.8999820094182], [174.526136539785, -36.8999889550744], [174.52612816277, -36.899995489452], [174.526120192649, -36.9000016039722], [174.526112663082, -36.9000072982026], [174.52610555163, -36.9000125724317], [174.526098869512, -36.9000174265153], [174.526092605689, -36.9000218696089], [174.5260867712, -36.9000258925573], [174.526081354827, -36.9000294955045], [174.526076367789, -36.9000326783065], [174.526071810086, -36.9000354409633], [174.526067670678, -36.9000377926304], [174.52606377363, -36.9000399158419], [174.526059877299, -36.9000420750988], [174.526055992907, -36.9000442702568], [174.526052097653, -36.9000464835817], [174.526048214337, -36.9000487328078], [174.526044331738, -36.9000510180792], [174.526040460719, -36.9000533212292], [174.526036590417, -36.9000556604245], [174.526032720833, -36.9000580356652], [174.526028851608, -36.9000604289286], [174.5260249831, -36.9000628582373], [174.52602112653, -36.9000653234473], [174.526017270319, -36.9000678066799], [174.526013414826, -36.9000703259579], [174.52600956005, -36.9000728812813], [174.526005717033, -36.9000754634945], [174.526001874554, -36.9000780727417], [174.525998032613, -36.900080709023], [174.52599420261, -36.9000833812055], [174.525990361925, -36.9000860805661], [174.525986544398, -36.9000888156839], [174.525982750029, -36.9000915865587], [174.525978979177, -36.9000944112135], [174.525975242704, -36.9000972714812], [174.525971529569, -36.9001001765173], [174.525967839951, -36.9001031353334], [174.525964195932, -36.9001061296183], [174.52596056403, -36.9001091688159], [174.525956966506, -36.9001122436264], [174.525953403721, -36.9001153720727], [174.525949853052, -36.9001185454317], [174.525946347982, -36.9001217542595], [174.52594286643, -36.9001250168672], [174.525939408036, -36.900128315232], [174.525935972979, -36.9001316583654], [174.52593257248, -36.9001350461231], [174.52592920654, -36.9001384785052], [174.525925863937, -36.9001419556559], [174.525922544671, -36.9001454775751], [174.525919259964, -36.9001490441186], [174.525915998236, -36.900152637408], [174.52591274665, -36.9001561764849], [174.525909482588, -36.9001596526262], [174.52590621709, -36.9001630566764], [174.525902961735, -36.9001664065141], [174.525899693724, -36.9001696844049], [174.525896424277, -36.9001728902046], [174.525893164793, -36.9001760327804], [174.525889892833, -36.9001791124206], [174.525886619617, -36.9001821289811], [174.525883356184, -36.9001850733064], [174.525880080275, -36.9001879546961], [174.52587680311, -36.9001907730061], [174.525873535729, -36.9001935190809], [174.525870255871, -36.90019620222], [174.525866974578, -36.9001988132681], [174.525863703427, -36.9002013701037], [174.525860419621, -36.9002038549923], [174.525857134378, -36.9002062677898], [174.5258538591, -36.9002086173635], [174.525850571524, -36.900210913013], [174.525847218959, -36.900213326675], [174.525843802302, -36.9002159034065], [174.525840299651, -36.9002186705297], [174.525836721866, -36.9002216098779], [174.525833057729, -36.9002247215951], [174.525829318637, -36.9002280145487], [174.525825504592, -36.9002314887384], [174.525821604194, -36.9002351352973], [174.525817628841, -36.9002389630923], [174.525813578356, -36.9002429631123], [174.525809441696, -36.9002471445126], [174.525805229904, -36.9002514981378], [174.525800943157, -36.9002560329993], [174.525796570236, -36.9002607492411], [174.525792122182, -36.9002656377077], [174.525787599173, -36.9002707074105], [174.525782989811, -36.9002759494823], [174.525778305495, -36.9002813727903], [174.525773546045, -36.9002869683231], [174.52576870042, -36.9002927452362], [174.52576373173, -36.9002985417572], [174.52575859258, -36.9003042323032], [174.525753294192, -36.9003098167301], [174.525747825165, -36.9003152861706], [174.525742185678, -36.9003206496361], [174.525736386952, -36.9003259069825], [174.525730417767, -36.9003310583537], [174.525724277943, -36.9003360947386], [174.52571797906, -36.9003410340155], [174.525711509537, -36.900345858306], [174.525704869555, -36.9003505766212], [174.525698070155, -36.9003551798058], [174.525691100474, -36.9003596860265], [174.525683960155, -36.9003640772606], [174.525676660597, -36.9003683623753], [174.525669190579, -36.9003725415147], [174.525661549922, -36.9003766056674], [174.525653750206, -36.9003805727119], [174.525645779851, -36.9003844247696], [174.525637639036, -36.9003881708519], [174.525629487, -36.9003919170778], [174.525621597159, -36.9003958672504], [174.525614003711, -36.9004000479715], [174.525606672458, -36.9004044326396], [174.525599626378, -36.9004090480003], [174.525592853713, -36.900413867164], [174.525586366042, -36.9004189080091], [174.525580163365, -36.9004241705358], [174.525574223062, -36.900429646021], [174.525568567573, -36.9004353341764], [174.525563197078, -36.9004412440135], [174.525558100178, -36.900447366665], [174.525553288271, -36.9004537109984], [174.525548749959, -36.9004602681462], [174.525544485421, -36.90046704712], [174.525540505697, -36.9004740387642], [174.525536799747, -36.9004812522344], [174.525533378612, -36.9004886783752], [174.525530231072, -36.9004963173306], [174.525527368526, -36.9005041779679], [174.525524789539, -36.9005121881962], [174.52552254501, -36.900520085965], [174.525520645441, -36.9005278350849], [174.525519068393, -36.9005354358438], [174.525517847706, -36.9005428968211], [174.525516949359, -36.9005502004261], [174.525516396153, -36.9005573643935], [174.525516176688, -36.900564379856], [174.525516302364, -36.9005712556809], [174.525516761601, -36.9005779739895], [174.525517554759, -36.9005845528046], [174.525518692879, -36.9005909829706], [174.525520164919, -36.9005972736431], [174.525521981742, -36.9006034066553], [174.525524121265, -36.9006094003178], [174.525526616971, -36.9006152451873], [174.525529435197, -36.9006209416958], [174.525532598566, -36.9006264985666], [174.525536106896, -36.9006319067882], [174.525539937748, -36.9006371666489], [174.52554408008, -36.900642287304], [174.525548132469, -36.9006474001003], [174.525552005692, -36.9006525332248], [174.525555688707, -36.9006576958331], [174.525559181335, -36.9006628789136], [174.525562494615, -36.900668073311], [174.525565617688, -36.9006732971921], [174.525568550553, -36.900678550557], [174.52557129285, -36.9006838153828], [174.525573844939, -36.9006891096925], [174.525576217861, -36.9006944243304], [174.525578400395, -36.9006997594408], [174.525580403762, -36.9007051148795], [174.525582205521, -36.9007104909348], [174.525583828291, -36.9007158963297], [174.525585260494, -36.9007213131858], [174.525586513709, -36.9007267593816], [174.525587565495, -36.9007322352054], [174.525588437934, -36.9007377223461], [174.525589119985, -36.9007432299594], [174.525589623048, -36.9007487669124], [174.525590012471, -36.9007542332154], [174.52559032084, -36.9007595743679], [174.525590559553, -36.9007647992371], [174.525590717391, -36.9007699079671], [174.525590816795, -36.9007749002697], [174.525590835143, -36.9007797674218], [174.525590772616, -36.9007845184346], [174.525590651654, -36.9007891530201], [174.525590449637, -36.9007936624551], [174.525590177965, -36.9007980556067], [174.525589825418, -36.9008023326193], [174.525589403036, -36.9008064843371], [174.525588910999, -36.9008105197717], [174.525588349307, -36.9008144389229], [174.525587706559, -36.9008182329237], [174.525586994336, -36.9008219196524], [174.525586212099, -36.9008254720753], [174.525585349166, -36.9008289173702], [174.525584416398, -36.9008322373705], [174.525583413975, -36.9008354410876], [174.525582399793, -36.9008386179145], [174.525581477707, -36.9008419107366], [174.525580624917, -36.9008453018192], [174.525579875443, -36.9008488087527], [174.525579195446, -36.9008524229582], [174.525578607544, -36.9008561531587], [174.525578100159, -36.9008599814756], [174.525577684869, -36.9008639257877], [174.525577350276, -36.9008679772275], [174.525577096379, -36.9008721357951], [174.525576923358, -36.9008764105019], [174.525576842253, -36.9008807921924], [174.525576853065, -36.9008852808666], [174.525576933352, -36.9008898768127], [174.525577105557, -36.9008945797425], [174.525577358637, -36.9008993988114], [174.525577703633, -36.9009043248641], [174.525578129326, -36.9009093580445], [174.525578635715, -36.9009144983528], [174.52557922298, -36.9009197548002], [174.525579845162, -36.9009250738949], [174.525580309002, -36.9009303319274], [174.52558060328, -36.9009355290418], [174.525580739215, -36.9009406650941], [174.525580694368, -36.9009457403723], [174.525580502219, -36.9009507454328], [174.525580129287, -36.9009556897194], [174.525579597833, -36.9009605639323], [174.525578896996, -36.9009653862386], [174.525578037458, -36.9009701294598], [174.525577008536, -36.9009748207744], [174.525575809872, -36.9009794421595], [174.525574452866, -36.9009840024823], [174.525572915076, -36.9009885020312], [174.525571229985, -36.9009929313623], [174.525569364111, -36.9009972999194], [174.525567339714, -36.9010015984029], [174.525565145934, -36.9010058449796], [174.525562793452, -36.9010100124713], [174.525560260367, -36.9010141282003], [174.525557602959, -36.9010182004575], [174.525554936662, -36.9010223900067], [174.525552296036, -36.9010267414724], [174.525549692122, -36.901031245699], [174.525547124919, -36.9010359026868], [174.525544583206, -36.9010407125797], [174.525542066984, -36.9010456753777], [174.525539587653, -36.9010507999482], [174.525537133634, -36.9010560684124], [174.525534716505, -36.9010614986491], [174.525532324687, -36.9010670727796], [174.52552996976, -36.9010728086825], [174.525527640324, -36.9010786974905], [174.525525336379, -36.9010847392037], [174.525523069145, -36.901090933678], [174.525520838622, -36.9010972809133], [174.525518622549, -36.9011037902093], [174.525516454228, -36.9011104431108], [174.525514300357, -36.901117258073], [174.525512194238, -36.9011242166408], [174.52551011343, -36.9011313191024], [174.525508130198, -36.901138249051], [174.52550627533, -36.9011448618721], [174.525504560229, -36.9011511664332], [174.525502973673, -36.9011571628784], [174.525501526882, -36.9011628510634], [174.525500197237, -36.9011682222652], [174.525499007357, -36.901173285207], [174.525497946023, -36.9011780400328], [174.525497013234, -36.9011824867427], [174.52549620899, -36.9011866253366], [174.525495544333, -36.9011904466591], [174.525495008221, -36.9011939598656], [174.525494600655, -36.9011971649562], [174.525494321455, -36.9012000529195], [174.52549417098, -36.9012026417782], [174.525494160091, -36.9012049133655], [174.525494277748, -36.9012068768369], [174.525494523771, -36.901208523181], [174.525494898519, -36.9012098704205], [174.525495412854, -36.9012109003885], [174.525495927009, -36.9012119213452], [174.525496345562, -36.90121321394], [174.525496657114, -36.9012147693058], [174.525496861664, -36.9012165874423], [174.525496959392, -36.9012186773611], [174.525496950119, -36.9012210300508], [174.525496845064, -36.9012236453673], [174.525496633007, -36.9012265234546], [174.525496314128, -36.9012296733242], [174.525495888427, -36.901233094976], [174.525495366765, -36.9012367702432], [174.525494738281, -36.9012407172926], [174.525494002795, -36.901244927113], [174.525493160487, -36.9012494087155], [174.525492211177, -36.9012541530889], [174.525491166085, -36.901259160089], [174.525490014172, -36.9012644388715], [174.525488755256, -36.9012699804247], [174.525487389338, -36.9012757847488], [174.525485927818, -36.901281860711], [174.525484334344, -36.901288073573], [174.525482581988, -36.9012941983385], [174.525480658992, -36.9013002081175], [174.525478565535, -36.9013061119213], [174.525476312658, -36.9013119005946], [174.5254738895, -36.9013175923041], [174.525471295702, -36.9013231690271], [174.525468531442, -36.9013286397749], [174.525465607943, -36.9013340044034], [174.525462525023, -36.9013392539013], [174.525459260602, -36.9013444065794], [174.52545583676, -36.9013494441269], [174.525452242458, -36.9013543756991], [174.525448488735, -36.9013591921406], [174.525444564731, -36.9013639116182], [174.525440470087, -36.9013685161092], [174.525436216202, -36.9013730144808], [174.525431791855, -36.9013774068771], [174.525427197048, -36.901381693298], [174.525422442821, -36.9013858645882], [174.525417440845, -36.9013899939912], [174.525411849205, -36.9013943833492], [174.525405646177, -36.9013990689959], [174.52539880932, -36.9014040512193], [174.525391349676, -36.9014093208637], [174.525383267602, -36.901414895952], [174.525374551519, -36.9014207586053], [174.525365223868, -36.9014269085351], [174.525355262566, -36.9014333640525], [174.525344667255, -36.9014401071344], [174.525333460554, -36.9014471465039], [174.525321631243, -36.9014544823049], [174.5253091681, -36.9014621146814], [174.525296082168, -36.9014700344776], [174.525282362582, -36.9014782598602], [174.525268031426, -36.901486772518], [174.525253066438, -36.9014955817505], [174.525237478657, -36.9015046784018], [174.525221268443, -36.9015140804946], [174.525204424216, -36.9015237701499], [174.52518708098, -36.9015337636613], [174.52517057649, -36.9015441700441], [174.525155326624, -36.9015550200139], [174.525141320161, -36.901566313715], [174.525128557101, -36.901578051148], [174.525117048666, -36.9015902321691], [174.525106783635, -36.9016028569228], [174.525097762009, -36.9016159254094], [174.525089995009, -36.9016294374852], [174.525083471414, -36.9016433932943], [174.525078191226, -36.901657792837], [174.525074165666, -36.9016726359693], [174.525071383334, -36.9016879138242], [174.525069844589, -36.9017036444243], [174.525069560475, -36.9017198186143], [174.52507051977, -36.9017364365382], [174.525072722476, -36.901753498196], [174.525076168594, -36.9017710035875], [174.525080869165, -36.9017889435573], [174.52508682455, -36.9018073361279], [174.525094000729, -36.9018261637085], [174.525101526903, -36.9018450949591], [174.525108814757, -36.9018638940638], [174.525115875692, -36.9018825698898], [174.525122709887, -36.9019011314486], [174.525129316982, -36.9019195607176], [174.525135697338, -36.9019378757194], [174.525141839373, -36.9019560585754], [174.525147754667, -36.9019741271644], [174.525153442862, -36.9019920634637], [174.525158904315, -36.902009885496], [174.525164138668, -36.9020275752387], [174.525169135059, -36.9020451508586], [174.525173915749, -36.9020626030561], [174.525178458297, -36.9020799321195], [174.525182773744, -36.9020971288934], [174.525186851229, -36.9021142115446], [174.525190713012, -36.9021311707737], [174.525194347873, -36.9021480067247], [174.525197744591, -36.9021647195417], [174.525200914386, -36.9021813090806], [174.525203808789, -36.9021975956903], [174.525206366314, -36.9022133097499], [174.52520858696, -36.9022284512595], [174.525210482127, -36.9022430290862], [174.525212029016, -36.9022570254956], [174.525213239026, -36.902270449355], [174.525214112335, -36.9022833096757], [174.525214648766, -36.9022955974465], [174.525214859357, -36.9023073035118], [174.525214722028, -36.9023184461826], [174.525214247818, -36.9023290163035], [174.525213436729, -36.9023390138744], [174.525212288759, -36.9023484388953], [174.525210804088, -36.9023573003777], [174.525208982357, -36.9023655802986], [174.525206823745, -36.9023732876696], [174.525204328433, -36.902380431502], [174.525201484839, -36.9023869939171], [174.525198315765, -36.9023929926494], [174.525194809631, -36.9023984098203], [174.525190970742, -36.9024034617027], [174.525186800436, -36.902408779237], [174.525182311008, -36.9024144163474], [174.5251775021, -36.902420355011], [174.525172374071, -36.9024266132506], [174.52516691552, -36.9024331821989], [174.525161137668, -36.9024400617116], [174.525155029474, -36.9024472609442], [174.5251486018, -36.9024547617299], [174.525141855003, -36.9024625820914], [174.525134777683, -36.9024707131612], [174.525127381242, -36.9024791638067], [174.525119665318, -36.902487916005], [174.525111630272, -36.9024969877788], [174.525103264703, -36.9025063702608], [174.525094568611, -36.9025160634509], [174.525085564615, -36.9025260760723], [174.525076230096, -36.9025363994016], [174.525066564873, -36.9025470244274], [174.525056591926, -36.9025579778956], [174.525046332082, -36.9025691784157], [174.525036114965, -36.9025802702222], [174.525025994705, -36.9025911534698], [174.525015993924, -36.9026018368816], [174.525006090181, -36.9026123207459], [174.524996294695, -36.9026226049186], [174.524986607647, -36.9026326984111], [174.524977017457, -36.9026425833447], [174.524967535526, -36.9026522685868], [174.524958161853, -36.9026617541375], [174.524948896439, -36.9026710399966], [174.524939739463, -36.9026801351757], [174.524930679346, -36.902689021796], [174.524921738709, -36.9026977085809], [174.524912883889, -36.9027061959626], [174.524904148549, -36.9027144835088], [174.524895521469, -36.9027225713636], [174.524886991606, -36.9027304686826], [174.524878569824, -36.9027381572989], [174.524870256301, -36.902745646224], [174.524862051038, -36.9027529354578], [174.524854010856, -36.9027600603256], [174.524846147154, -36.902767029695], [174.524838482196, -36.9027738342663], [174.524831004939, -36.9027804831952], [174.524823726785, -36.9027869853489], [174.524816624932, -36.9027933229927], [174.524809710782, -36.9027995049942], [174.524802995555, -36.9028055312093], [174.524796468029, -36.9028114017819], [174.524790116807, -36.902817107845], [174.524783964686, -36.902822667133], [174.524778000089, -36.9028280617674], [174.524772223374, -36.902833309771], [174.524766634182, -36.9028383931209], [174.524761243914, -36.9028433206846], [174.524756030128, -36.9028480927502], [174.524751015265, -36.9028527090296], [174.524746176885, -36.9028571698109], [174.524741537249, -36.9028614657947], [174.524737085495, -36.9028656151478], [174.52473287099, -36.9028698425785], [174.524728932419, -36.9028743999734], [174.524725269779, -36.9028792873324], [174.524721894114, -36.9028844955001], [174.524718805603, -36.902890033488], [174.524715993024, -36.9028959014402], [174.524713456198, -36.9029020903452], [174.524711206526, -36.9029086090704], [174.524709232787, -36.9029154577599], [174.524707546202, -36.9029226362696], [174.52470613537, -36.9029301357322], [174.524705011512, -36.9029379560037], [174.524704163768, -36.9029461152509], [174.524703591776, -36.902954595451], [174.52470330676, -36.90296339646], [174.524703297857, -36.9029725364447], [174.524703575928, -36.9029819972383], [174.524704141153, -36.9029917878521], [174.524704970913, -36.9030018995629], [174.524706087827, -36.9030123410939], [174.524707353301, -36.9030229159231], [174.524708455408, -36.9030331773706], [174.524709393789, -36.9030431074134], [174.524710157403, -36.9030527152071], [174.52471074607, -36.9030619917402], [174.524711171011, -36.9030709368687], [174.524711409785, -36.9030795508807], [174.524711496232, -36.9030878423555], [174.524711396512, -36.9030958027138], [174.524711133245, -36.9031034406789], [174.52471069503, -36.9031107473835], [174.52471009309, -36.9031177226835], [174.524709304981, -36.903124366867], [174.524708353325, -36.9031306886573], [174.524707237943, -36.9031366790431], [174.524705947793, -36.9031423471797], [174.524704482695, -36.9031476840558], [174.52470284265, -36.9031526896713], [174.524701038879, -36.9031573638822], [174.52469906034, -36.903161715844], [174.524696931267, -36.9031658353823], [174.524694750932, -36.9031701989478], [174.524692509371, -36.9031748697642], [174.524690217981, -36.903179856699], [174.524687876406, -36.9031851417292], [174.524685496224, -36.9031907427337], [174.524683054815, -36.9031966509892], [174.524680574799, -36.9032028752188], [174.524678044597, -36.903209397544], [174.524675464567, -36.9032162359874], [174.52467283453, -36.9032233815377], [174.524670154487, -36.9032308341948], [174.524667435836, -36.9032386028262], [174.524664655779, -36.9032466696971], [174.524661837114, -36.9032550525423], [174.524658957221, -36.9032637426383], [174.524656038722, -36.9032727487085], [174.524653070035, -36.9032820528741], [174.524650051521, -36.9032916731581], [174.524646983, -36.9033016005488], [174.524643864112, -36.9033118170237], [174.524640599712, -36.9033220533935], [174.524637165744, -36.9033322288439], [174.524633573428, -36.9033423432308], [174.524629811365, -36.903352387687], [174.524625890955, -36.9033623710797], [174.524621800796, -36.9033722845416], [174.524617541069, -36.903382137084], [174.524613122995, -36.9033919285628], [174.524608524131, -36.9034016592662], [174.524603777961, -36.9034113197507], [174.524598851001, -36.9034209194596], [174.524593765515, -36.9034304490936], [174.524588510459, -36.903439917808], [174.524583097055, -36.9034493254588], [174.524577513904, -36.9034586631786], [174.524571761362, -36.9034679489901], [174.524565838894, -36.9034771558592], [174.524559758256, -36.9034863106759], [174.52455350787, -36.9034953955616], [174.524547099135, -36.9035044193835], [174.524540662578, -36.9035131731518], [174.524534308075, -36.9035215382785], [174.524528012827, -36.9035294970288], [174.524521799453, -36.9035370581262], [174.524515668134, -36.9035442305819], [174.524509607291, -36.9035509965173], [174.524503617281, -36.9035573739552], [174.524497697748, -36.9035633448727], [174.524491860089, -36.9035689181373], [174.524486093266, -36.9035741029044], [174.524480396918, -36.9035788811511], [174.524474782625, -36.9035832707564], [174.524469238809, -36.9035872538414], [174.524463765648, -36.9035908394175], [174.524458374543, -36.9035940363521], [174.524453053914, -36.9035968267665], [174.524447815162, -36.903599219528], [174.524442647244, -36.9036012237921], [174.524437549804, -36.9036028215359], [174.524432523019, -36.9036040217709], [174.524427582056, -36.9036050226034], [174.524422721791, -36.9036061305642], [174.524417942223, -36.9036073456533], [174.524413254573, -36.9036086677267], [174.5244086478, -36.9036101059399], [174.524404132766, -36.903611642126], [174.524399687388, -36.9036132945958], [174.524395345149, -36.9036150539061], [174.524391072386, -36.9036169204887], [174.524386891721, -36.9036189030671], [174.524382791753, -36.9036209927738], [174.524378772303, -36.9036231805976], [174.52437484513, -36.9036254934286], [174.524370998475, -36.9036279043766], [174.524367243918, -36.9036304313204], [174.524363558837, -36.9036330655366], [174.524359965674, -36.9036358067373], [174.524356464429, -36.9036386549225], [174.524353043881, -36.9036416102361], [174.52434970421, -36.9036446816895], [174.524346400532, -36.9036478698588], [174.524342942272, -36.9036511862033], [174.524339329431, -36.9036546307228], [174.524335551145, -36.9036582215842], [174.524331607056, -36.9036619407646], [174.524327508385, -36.9036657881201], [174.52432324427, -36.9036697818174], [174.524318825572, -36.9036739036898], [174.524314229851, -36.9036781540251], [174.524309479905, -36.9036825505582], [174.524304575378, -36.9036870752663], [174.524299505047, -36.9036917282934], [174.524294269272, -36.9036965276621], [174.524288867693, -36.9037014553498], [174.524283311711, -36.9037065202237], [174.524277589925, -36.9037117134165], [174.524271702516, -36.9037170439395], [174.524265660703, -36.9037225116488], [174.524259453086, -36.9037281076768], [174.524253091065, -36.903733840891], [174.524246562882, -36.9037396844012], [174.524239999781, -36.9037454652634], [174.524233400685, -36.9037511294093], [174.524226765774, -36.9037566858503], [174.52422010627, -36.9037621344423], [174.524213421991, -36.903767466174], [174.524206702077, -36.9037726992122], [174.52419995739, -36.9037778153901], [174.524193176888, -36.9037828238629], [174.524186371612, -36.9037877154755], [174.524179530701, -36.9037925083945], [174.524172665017, -36.9037971844531], [174.524165774739, -36.9038017526628], [174.524158848646, -36.9038062131675], [174.524151897779, -36.9038105568118], [174.524144911098, -36.9038147927512], [174.524137888782, -36.9038189299969], [174.524130852734, -36.9038229412269], [174.524123781051, -36.9038268537633], [174.524116673553, -36.9038306585946], [174.524109541281, -36.9038343465656], [174.52410239743, -36.9038380166574], [174.524095254116, -36.9038417137829], [174.524088122381, -36.9038454287867], [174.524080979962, -36.9038491709683], [174.524073837901, -36.9038529311721], [174.524066696197, -36.9038567093984], [174.524059566252, -36.9038605145143], [174.524052425623, -36.903864346808], [174.524045285172, -36.9038681881127], [174.524038145437, -36.9038720654624], [174.524031005882, -36.9038759518231], [174.524023878263, -36.9038798740849], [174.524016739602, -36.9038838055016], [174.524009601478, -36.9038877639521], [174.524002463891, -36.9038917494363], [174.523995337883, -36.9038957527989], [174.523988201012, -36.9038997743278], [174.523981064677, -36.9039038228904], [174.523973928701, -36.9039078894753], [174.523966793261, -36.903911983094], [174.523959838789, -36.9039161464999], [174.523953234853, -36.9039204406134], [174.523946992493, -36.9039248562792], [174.523941111891, -36.9039294025087], [174.523935581824, -36.9039340794459], [174.523930424555, -36.9039388777916], [174.523925617823, -36.9039438068451], [174.523921172847, -36.9039488664625], [174.523917078227, -36.9039540477765], [174.523913356586, -36.9039593595105], [174.52390998548, -36.9039648019525], [174.523906975952, -36.9039703659471], [174.523904328181, -36.9039760605058], [174.523902030947, -36.9039818857725], [174.523900106511, -36.903987832448], [174.523898532611, -36.9039939098316], [174.523897320469, -36.9040001177793], [174.523896458684, -36.9040064474238], [174.523895969878, -36.9040129074884], [174.523895831608, -36.9040194982612], [174.523895974398, -36.9040261124692], [174.523896202834, -36.9040325182639], [174.523896516734, -36.9040387066339], [174.5238969047, -36.9040446687117], [174.523897366909, -36.9040504135087], [174.523897903185, -36.9040559320136], [174.523898524925, -36.9040612330938], [174.523899220731, -36.9040663078817], [174.523900002002, -36.904071165245], [174.523900857517, -36.9040758053275], [174.523901787098, -36.9040802191178], [174.523902801965, -36.904084406472], [174.523903879855, -36.9040883766894], [174.523905054432, -36.9040921293381], [174.523906291853, -36.9040956558386], [174.52390761474, -36.9040989649143], [174.523909011691, -36.9041020476978], [174.523910494108, -36.9041049130566], [174.52391205077, -36.9041075611347], [174.523913681496, -36.9041099829205], [174.523915365639, -36.9041122688158], [174.52391700013, -36.9041148798405], [174.523918564142, -36.904117897385], [174.523920046094, -36.9041213035703], [174.523921457566, -36.9041251162754], [174.523922786979, -36.9041293176213], [174.523924045912, -36.904133925487], [174.523925234006, -36.9041389218495], [174.5239263404, -36.9041443248758], [174.523927375956, -36.904150116399], [174.523928341032, -36.904156314442], [174.523929235269, -36.9041629009818], [174.523930047806, -36.9041698941854], [174.523930789504, -36.9041772758859], [174.523931449502, -36.9041850642501], [174.523932038661, -36.9041932411112], [174.52393255734, -36.9042018244921], [174.523932993961, -36.9042107965138], [174.523933360101, -36.9042201750553], [174.523933655403, -36.9042299420937], [174.523933868466, -36.9042400887617], [174.523933821117, -36.9042501215927], [174.523933477005, -36.9042599058481], [174.523932813329, -36.9042694237929], [174.523931852531, -36.9042786751393], [174.523930583568, -36.9042876690426], [174.523929006442, -36.9042964055027], [174.523927121151, -36.9043048845197], [174.523924927517, -36.9043130970822], [174.523922425718, -36.9043210522015], [174.523919626975, -36.9043287497337], [174.523916508668, -36.9043361809553], [174.523913093417, -36.9043433545897], [174.523909358781, -36.9043502709248], [174.523905327021, -36.9043569206613], [174.523900987097, -36.9043633129545], [174.523896339008, -36.9043694478043], [174.523891382575, -36.9043753161995], [174.523886117977, -36.9043809271512], [174.523880556255, -36.9043862715041], [174.523874675328, -36.9043913675689], [174.523868722592, -36.9043962392127], [174.523862833776, -36.9044009387763], [174.523857031321, -36.9044054659718], [174.523851315048, -36.9044098117878], [174.523845662515, -36.9044139765123], [174.523840096343, -36.9044179688688], [174.523834616354, -36.9044217798459], [174.523829200284, -36.9044254187429], [174.523823881618, -36.9044288761165], [174.523818626692, -36.9044321523986], [174.523813446907, -36.9044352564567], [174.523808364704, -36.9044381880028], [174.523803346242, -36.9044409384575], [174.523798413963, -36.9044435075328], [174.523793556824, -36.9044459043842], [174.523788774647, -36.9044481200001], [174.523784078653, -36.9044501542367], [174.523779457978, -36.9044520252608], [174.523774912087, -36.9044537060381], [174.523770452557, -36.9044552144475], [174.523766037553, -36.9044567042582], [174.523761638967, -36.9044584552547], [174.523757234537, -36.9044604767364], [174.523752846347, -36.9044627503927], [174.523748452491, -36.9044653035454], [174.523744063654, -36.9044681090166], [174.523739691415, -36.9044711846851], [174.523735313152, -36.9044745218273], [174.523730951307, -36.9044781201554], [174.523726583618, -36.9044819889687], [174.523722232348, -36.9044861189678], [174.523717875053, -36.9044905104407], [174.523713534356, -36.9044951721109], [174.523709187636, -36.9045000952549], [174.523704846291, -36.9045052887401], [174.523700521365, -36.9045107434112], [174.523696190415, -36.904516459556], [174.523691875883, -36.9045224368868], [174.523687555506, -36.9045286847027], [174.523683251546, -36.9045351937045], [174.523678748835, -36.9045418675018], [174.523673355723, -36.9045483544195], [174.523666992586, -36.9045546013966], [174.523659671005, -36.9045606263119], [174.5236513794, -36.9045664112864], [174.52364212935, -36.9045719741986], [174.523631909455, -36.904577306181], [174.523620719714, -36.9045824072332], [174.52360857135, -36.9045872772111], [174.523595453139, -36.9045919162583], [174.523581376304, -36.9045963242306], [174.523566329803, -36.9046005102828], [174.523550324497, -36.9046044562481], [174.523533349526, -36.9046081802926], [174.523515404529, -36.9046116643932], [174.523496501087, -36.9046149264283], [174.523476627799, -36.90461795753], [174.523455795887, -36.9046207575539], [174.523433994129, -36.9046233266433], [174.523411233746, -36.9046256646538], [174.523387672729, -36.9046278146272], [174.523364877785, -36.9046301080037], [174.523343209777, -36.9046326302928], [174.523322668705, -36.9046353814951], [174.523303254569, -36.9046383616112], [174.523284967369, -36.9046415706416], [174.523267818147, -36.9046449994315], [174.52325179604, -36.9046486661482], [174.52323690069, -36.9046525527692], [174.523223143497, -36.9046566681626], [174.52321050202, -36.9046610126165], [174.523198998699, -36.9046655858434], [174.523188622316, -36.9046703879876], [174.523179384089, -36.9046754189056], [174.523171261579, -36.9046806788852], [174.523164277047, -36.9046861586276], [174.523158419632, -36.9046918762997], [174.523153700196, -36.9046978137349], [174.523150096476, -36.9047039802326], [174.523147631094, -36.9047103845164], [174.52314626985, -36.9047169999839], [174.52314519856, -36.9047235215966], [174.523143976022, -36.9047297747384], [174.523142624856, -36.9047357681328], [174.523141122622, -36.9047415020676], [174.52313948036, -36.9047469673877], [174.52313769825, -36.9047521731043], [174.523135765071, -36.9047571193613], [174.523133691864, -36.9047617970035], [174.52313147881, -36.9047662150422], [174.523129125907, -36.9047703734774], [174.523126632976, -36.9047742632978], [174.523123988976, -36.9047778936586], [174.523121205128, -36.9047812644158], [174.523118281253, -36.9047843665582], [174.523115217529, -36.904787209097], [174.523112002737, -36.9047897921762], [174.523108647917, -36.9047921066405], [174.523105153248, -36.9047941615012], [174.523101518732, -36.9047959567583], [174.523097732967, -36.9047974835444], [174.523093878084, -36.9047989210798], [174.523090025352, -36.9048004667517], [174.523086174948, -36.9048021295714], [174.523082326514, -36.9048038915162], [174.52307848041, -36.9048057706088], [174.523074636455, -36.9048077578378], [174.52307079465, -36.9048098532033], [174.523066955174, -36.9048120657166], [174.523063117668, -36.9048143773551], [174.52305927127, -36.9048168062852], [174.523055438243, -36.9048193432079], [174.523051607545, -36.9048219972784], [174.523047778817, -36.904824750474], [174.523043952418, -36.9048276208174], [174.523040128168, -36.9048305992973], [174.523036306068, -36.9048336859137], [174.523032486296, -36.9048368896779], [174.523028668674, -36.9048402015785], [174.523024841981, -36.9048436217595], [174.523021028658, -36.904847149933], [174.52301721641, -36.9048507321748], [174.523013369065, -36.9048542427569], [174.523009486085, -36.9048576546454], [174.523005579052, -36.9048609857191], [174.523001636742, -36.9048642361218], [174.522997670019, -36.904867387687], [174.522993679242, -36.9048704584374], [174.522989653009, -36.9048734395054], [174.522985602543, -36.9048763307472], [174.522981527843, -36.9048791321628], [174.522977406467, -36.90488184404], [174.522973272257, -36.9048844749584], [174.522969102593, -36.9048870161945], [174.522964897473, -36.9048894677483], [174.522960668299, -36.9048918384872], [174.522956414712, -36.9048941103885], [174.52295212585, -36.9048963016189], [174.522947812753, -36.904898403023], [174.522943464202, -36.9049004147447], [174.522939091596, -36.9049023456516], [174.522934673031, -36.9049042230655], [174.522930044491, -36.9049062654176], [174.522925206691, -36.9049085087533], [174.522920159454, -36.9049109440612], [174.522914891916, -36.904913589508], [174.522909415119, -36.9049164359384], [174.522903717841, -36.9049194834962], [174.522897800084, -36.9049227321814], [174.522891673067, -36.90492618185], [174.522885325569, -36.904929832646], [174.522878768813, -36.9049336844254], [174.522871991575, -36.9049377373321], [174.522865005079, -36.9049419912221], [174.522857798101, -36.9049464462392], [174.522850381864, -36.9049511022397], [174.522842745146, -36.9049559593673], [174.522834887946, -36.9049610176219], [174.522826821487, -36.9049662768597], [174.522818534367, -36.904971728213], [174.522810038167, -36.9049773895609], [174.522801332885, -36.9049832609031], [174.522792621754, -36.9049894027301], [174.522783961775, -36.9049958593794], [174.522775375212, -36.9050026215519], [174.522766839622, -36.9050096895355], [174.522758366404, -36.9050170721976], [174.522749966422, -36.9050247513716], [174.522741617593, -36.9050327453681], [174.522733319735, -36.9050410451756], [174.522725095472, -36.9050496595178], [174.522716933222, -36.9050585705159], [174.522708833346, -36.9050677961926], [174.522700784441, -36.9050773276804], [174.52269279773, -36.9050871648354], [174.522684884612, -36.9050973165253], [174.522677022288, -36.9051077650149], [174.522669222335, -36.9051185281832], [174.522661484576, -36.9051295970188], [174.522653809188, -36.9051409805331], [174.522646195815, -36.9051526607034], [174.522638633592, -36.9051646556962], [174.52263123825, -36.9051765764399], [174.522624082247, -36.9051881155408], [174.522617165763, -36.9051992820101], [174.522610488618, -36.9052100668366], [174.522604050991, -36.9052204790317], [174.522597852705, -36.905230509584], [174.522591893758, -36.9052401584936], [174.52258617433, -36.9052494347719], [174.522580694422, -36.905258338419], [174.522575453676, -36.905266851412], [174.522570452628, -36.9052750007852], [174.522565690742, -36.9052827595044], [174.522561179776, -36.90529015446], [174.522556896751, -36.9052971589055], [174.522552853246, -36.90530379072], [174.522549049262, -36.9053100499033], [174.522545484619, -36.9053159274443], [174.522542159317, -36.9053214233427], [174.522539073536, -36.9053265466102], [174.522536227097, -36.9053312882352], [174.522533599886, -36.9053357656535], [174.522531173759, -36.905340195426], [174.522528937495, -36.9053445776964], [174.522526880052, -36.9053489216199], [174.522525023514, -36.9053532088862], [174.522523356839, -36.9053574486504], [174.522521880206, -36.9053616499241], [174.522520604479, -36.9053657945405], [174.522519507573, -36.9053699008101], [174.52251860053, -36.9053739595777], [174.522517894571, -36.9053779706995], [174.522517378476, -36.9053819343193], [174.522517052244, -36.9053858504371], [174.522516915875, -36.9053897190529], [174.522516969549, -36.9053935491781], [174.522517212908, -36.9053973227899], [174.522517646309, -36.9054010579111], [174.522518269394, -36.9054047365189], [174.522519093743, -36.9054083764923], [174.522520096734, -36.9054119691075], [174.522521221904, -36.9054154970609], [174.522522131545, -36.9054189105991], [174.522522780235, -36.9054221832632], [174.522523190774, -36.9054253327883], [174.522523340719, -36.9054283594621], [174.522523252156, -36.9054312449743], [174.522522903, -36.9054340076351], [174.522522315514, -36.9054366381456], [174.522521467434, -36.9054391458048], [174.522520381025, -36.9054415213137], [174.522519033843, -36.9054437649599], [174.522517448511, -36.9054458854671], [174.522515602406, -36.9054478741116], [174.522513517971, -36.9054497306057], [174.522511172943, -36.9054514642485], [174.522508589585, -36.9054530657409], [174.522505745454, -36.9054545353705], [174.522502663173, -36.905455881861], [174.522499320119, -36.9054570964888], [174.522495738735, -36.9054581789661], [174.522491919379, -36.9054591473156], [174.522488021654, -36.9054601256832], [174.522484113604, -36.9054611492514], [174.522480161564, -36.9054622184517], [174.522476199199, -36.9054633328526], [174.522472204065, -36.9054644927417], [174.522468176164, -36.9054656981191], [174.522464126537, -36.9054669398296], [174.522460055541, -36.9054682358958], [174.522455951599, -36.9054695684389], [174.52245182611, -36.9054709463265], [174.522447667852, -36.9054723697022], [174.522443488048, -36.9054738384224], [174.522439275475, -36.9054753526308], [174.522435041356, -36.9054769121837], [174.522430785689, -36.9054785170809], [174.522426497076, -36.9054801584549], [174.522422186915, -36.9054818451734], [174.522417844165, -36.9054835863915], [174.522413468468, -36.9054853640864], [174.522409082445, -36.9054871869819], [174.522404777298, -36.9054891260185], [174.522400632291, -36.9054912162349], [174.522396647603, -36.9054934666427], [174.522392811655, -36.9054958593629], [174.522389135846, -36.9054984032631], [174.522385609136, -36.9055011074984], [174.522382253607, -36.9055039537585], [174.522379035956, -36.9055069604975], [174.522375989665, -36.9055101182729], [174.522373081072, -36.9055134275158], [174.52237034384, -36.905516887795], [174.522367755527, -36.9055204993981], [174.522365327354, -36.9055242621812], [174.5223630481, -36.9055281762882], [174.522360928985, -36.9055322415752], [174.522358958969, -36.9055364671976], [174.522357160135, -36.9055408348448], [174.522355499177, -36.9055453629711], [174.522354009402, -36.9055500331224], [174.522352668725, -36.9055548636089], [174.522351430291, -36.9055597558808], [174.522350258288, -36.9055646022329], [174.522349119054, -36.9055694030966], [174.522348046072, -36.9055741490292], [174.522347005678, -36.905578840462], [174.522346031895, -36.9055834949863], [174.522345090701, -36.905588095011], [174.522344215938, -36.9055926491158], [174.522343373764, -36.9055971487209], [174.522342598021, -36.9056016024062], [174.522341855047, -36.9056060106031], [174.522341178324, -36.9056103638689], [174.522340545591, -36.9056146715025], [174.522339956668, -36.9056189244926], [174.522339423134, -36.905623140718], [174.522338933232, -36.9056272932885], [174.522338498718, -36.9056314090944], [174.522338108015, -36.9056354702568], [174.522337772522, -36.9056394856432], [174.52233749206, -36.9056434462423], [174.522337233503, -36.9056473795195], [174.522336985989, -36.9056513036416], [174.522336738474, -36.9056552277637], [174.522336490959, -36.9056591518857], [174.522336243445, -36.9056630760078], [174.522335996109, -36.9056670091412], [174.522335748594, -36.9056709332633], [174.522335501079, -36.9056748573853], [174.522335253565, -36.9056787815074], [174.52233500605, -36.9056827056294], [174.522334758714, -36.9056866387629], [174.522334511199, -36.9056905628849], [174.522334263684, -36.9056944870069], [174.52233401617, -36.905698411129], [174.522333768655, -36.905702335251], [174.522333521319, -36.9057062683844], [174.522333273804, -36.9057101925065], [174.522333026289, -36.9057141166285], [174.522332778774, -36.9057180407505], [174.522332531259, -36.9057219648725], [174.522332272523, -36.9057258891384], [174.522331867374, -36.9057297882396], [174.522331293192, -36.9057336534525], [174.522330572597, -36.9057374935007], [174.522329694369, -36.9057413085282], [174.522328647107, -36.9057450896674], [174.522327442211, -36.9057488457857], [174.522326079503, -36.9057525678718], [174.522324547939, -36.905756265081], [174.522322869964, -36.9057599371255], [174.522321022954, -36.9057635752816], [174.52231901831, -36.9057671884169], [174.522316855854, -36.90577076752], [174.522314535763, -36.9057743216022], [174.522312046639, -36.905777841796], [174.522309399881, -36.905781336969], [174.522306595489, -36.9057848071211], [174.522303633284, -36.905788243241], [174.522300513446, -36.9057916543399], [174.522297224573, -36.9057950315503], [174.522293789287, -36.905798383596], [174.522290160197, -36.9058015848929], [174.522286359208, -36.9058046081191], [174.522282363697, -36.9058074445509], [174.522278185067, -36.9058101030559], [174.522273823315, -36.9058125836339], [174.522269278265, -36.9058148772736], [174.522264549914, -36.905816983975], [174.522259627222, -36.9058189128933], [174.522254532452, -36.9058206547294], [174.522249243161, -36.9058222097709], [174.52224377075, -36.9058235868854], [174.522238115218, -36.9058247860728], [174.522232276387, -36.9058257983218], [174.522226254256, -36.9058266236322], [174.522220037784, -36.9058272711593], [174.522213638013, -36.9058277317479], [174.522207066343, -36.9058280142655], [174.522200300152, -36.9058281099882], [174.522193350841, -36.9058280277837], [174.52218620701, -36.9058277587843], [174.522179070819, -36.9058273094131], [174.522172099544, -36.9058266866681], [174.522165281784, -36.905825881682], [174.522158639982, -36.905824894167], [174.522152140653, -36.9058237335661], [174.522145817461, -36.9058223994478], [174.522139647606, -36.9058208740769], [174.522133642845, -36.905819184344], [174.522127791421, -36.9058173033586], [174.522122104913, -36.9058152489997], [174.522116583321, -36.9058130212674], [174.522111215245, -36.9058106112941], [174.522106011906, -36.905808018936], [174.522100973482, -36.9058052532045], [174.522096088575, -36.9058023052321], [174.522091368583, -36.9057991838863], [174.522086813328, -36.9057958801558], [174.522082411769, -36.9057924031958], [174.522078186167, -36.9057887437074], [174.522074103039, -36.9057849111333], [174.522070052143, -36.9057810060365], [174.522065734804, -36.9057772485727], [174.52206113998, -36.9057736478969], [174.522056279071, -36.9057702128766], [174.522051151898, -36.9057669345005], [174.52204574724, -36.9057638129123], [174.522040076318, -36.9057608479683], [174.522034127911, -36.905758039812], [174.52202791324, -36.9057553882998], [174.522021421085, -36.9057528935753], [174.522014662844, -36.9057505645061], [174.522007626939, -36.9057483832133], [174.52200032495, -36.9057463675756], [174.521992756696, -36.9057445085817], [174.521984910778, -36.905742797364], [174.521976787555, -36.9057412519451], [174.521968409467, -36.9057398720374], [174.521959742493, -36.9057386400495], [174.521950820477, -36.9057375645613], [174.521941609933, -36.9057366550155], [174.521932200989, -36.9057359282845], [174.521922810428, -36.9057355618645], [174.521913494713, -36.9057355730592], [174.521904242444, -36.9057359530011], [174.521895042578, -36.9057367108454], [174.521885906337, -36.9057378464482], [174.521876833541, -36.9057393507983], [174.521867835413, -36.9057412237518], [174.521858889687, -36.9057434746078], [174.521849996364, -36.9057461033662], [174.521841177707, -36.9057491007281], [174.521832422675, -36.9057524758487], [174.521823719866, -36.9057562198604], [174.521815091901, -36.9057603414871], [174.521806516339, -36.9057648410162], [174.521798004222, -36.9057697092928], [174.521789555549, -36.9057749463167], [174.521781170499, -36.9057805610994], [174.521772849073, -36.905786553641], [174.52176459109, -36.9057929149299], [174.521756396193, -36.9057996269436], [174.521748348423, -36.9058064001675], [174.521740468433, -36.9058131442005], [174.521732745179, -36.9058198681976], [174.521725189705, -36.9058265630037], [174.521717802189, -36.9058332376303], [174.521710571231, -36.9058398832098], [174.521703508232, -36.9058465086097], [174.521696613192, -36.9058531138302], [174.521689874709, -36.9058596900037], [174.521683304007, -36.9058662369864], [174.521676890042, -36.9058727639335], [174.521670655257, -36.9058792705574], [174.52166457703, -36.9058857481345], [174.521658655541, -36.9058922056759], [174.521652913053, -36.905898633883], [174.521647327303, -36.9059050420545], [174.52164189829, -36.9059114301906], [174.521636637058, -36.9059177891361], [174.521631543606, -36.905924118891], [174.521626618112, -36.9059304284668], [174.521621802145, -36.9059366014341], [174.521617060967, -36.905942584156], [174.521612394219, -36.9059483586095], [174.521607813303, -36.9059539336625], [174.521603306996, -36.9059593094586], [174.521598875479, -36.9059644950093], [174.521594529613, -36.905969472148], [174.521590258358, -36.9059742500299], [174.521586061712, -36.905978828655], [174.521581950898, -36.9059832078795], [174.521577914873, -36.9059873968585], [174.52157395328, -36.9059913775694], [174.521570077517, -36.9059951588798], [174.521566276366, -36.9059987409334], [174.521562550003, -36.9060021327416], [174.521558909293, -36.9060053161379], [174.521555343193, -36.9060083002774], [174.521551851704, -36.9060110851602], [174.521548446047, -36.9060136706425], [174.521545115179, -36.9060160658795], [174.521541939797, -36.9060183780015], [174.521539047092, -36.9060207946666], [174.521536426024, -36.90602332503], [174.521534087633, -36.9060259599365], [174.521532020699, -36.9060286995299], [174.521530236622, -36.9060315526779], [174.521528723823, -36.9060345015014], [174.521527482659, -36.9060375640232], [174.521526524174, -36.9060407310882], [174.521525837145, -36.9060440028402], [174.521525432973, -36.9060473881467], [174.521525311301, -36.9060508689851], [174.521525450043, -36.9060544636655], [174.521525882684, -36.9060581627454], [174.521526575741, -36.9060619756674], [174.521527551296, -36.9060658841212], [174.521528809709, -36.9060699061295], [174.521530339579, -36.9060740328248], [174.521532141086, -36.9060782732183], [174.521534225091, -36.9060826091436], [174.52153659106, -36.9060870135665], [174.521539291875, -36.9060913235634], [174.521542316495, -36.9060955482893], [174.52154566492, -36.9060996877443], [174.521549348013, -36.9061037237617], [174.521553354911, -36.906107674508], [174.521557685435, -36.906111530972], [174.521562339585, -36.9061152931534], [174.521567328762, -36.9061189699199], [174.521572652606, -36.9061225432487], [174.521578289034, -36.9061260314501], [174.52158426031, -36.906129425225], [174.521590555212, -36.9061327247172], [174.52159718514, -36.9061359387943], [174.521604138694, -36.9061390585886], [174.521611415875, -36.9061420841], [174.521619027903, -36.9061450151847], [174.521626963557, -36.9061478519864], [174.521635223016, -36.9061506035164], [174.521643817322, -36.9061532606196], [174.521652668107, -36.9061558333134], [174.52166132831, -36.9061584174617], [174.521669730783, -36.9061610229383], [174.521677842042, -36.9061636591861], [174.521685695751, -36.9061663257737], [174.521693269108, -36.906169004966], [174.521700562651, -36.9061717237972], [174.521707587063, -36.9061744550894], [174.521714331483, -36.9061772170092], [174.521720807131, -36.9061800094129], [174.521727013827, -36.9061828232892], [174.52173294053, -36.9061856677932], [174.521738598104, -36.9061885247584], [174.521743975862, -36.9061914213628], [174.52174908467, -36.90619433944], [174.521753913305, -36.9061972791337], [174.521758472989, -36.9062002403001], [174.52176276408, -36.9062032409621], [174.521766774819, -36.9062062542294], [174.521770505564, -36.9062092981247], [174.52177397858, -36.9062123633491], [174.521777406174, -36.9062154021142], [174.521780877221, -36.9062183682132], [174.521784380858, -36.9062212798124], [174.521787939348, -36.9062241276131], [174.521791552691, -36.9062269116151], [174.521795198446, -36.9062296321061], [174.521798888011, -36.9062322979535], [174.521802621209, -36.9062349001461], [174.52180640926, -36.9062374385401], [174.5218102299, -36.9062399224343], [174.521814105215, -36.9062423335185], [174.521818024342, -36.9062446899593], [174.521821987279, -36.9062469917565], [174.521825993669, -36.9062492208874], [174.52183004387, -36.9062513953749], [174.521834137703, -36.9062535062074], [174.521838275348, -36.9062555623964], [174.521842467666, -36.9062575457754], [174.521846692575, -36.9062594746546], [174.521850972336, -36.9062613397351], [174.521855017884, -36.9062632799257], [174.521858596258, -36.9062654334162], [174.521861685014, -36.9062678004943], [174.521864295196, -36.9062703720048], [174.521866426983, -36.9062731569592], [174.521868080373, -36.9062761553575], [174.521869243967, -36.9062793583321], [174.521869940208, -36.9062827655954], [174.521870147011, -36.9062863954579], [174.521869875239, -36.9062902297529], [174.521869124891, -36.9062942684804], [174.521867896327, -36.9062985296632], [174.521866177787, -36.906302986411], [174.521863992251, -36.9063076654702], [174.521861316918, -36.9063125491057], [174.521858163189, -36.9063176461851], [174.521854542106, -36.9063229475531], [174.521850420183, -36.9063284626524], [174.521845830906, -36.9063341820402], [174.521840763231, -36.9063401148717], [174.521835226053, -36.9063461438551], [174.52182929255, -36.9063519976423], [174.521822940458, -36.9063576855324], [174.521816191862, -36.9063631892148], [174.521809024498, -36.9063685179884], [174.521801460809, -36.9063736715657], [174.521793478172, -36.9063786412227], [174.521785088168, -36.9063834448383], [174.521776301659, -36.906388064246], [174.521767096561, -36.9063925177558], [174.521757494958, -36.9063967870575], [174.521747474588, -36.9064008814498], [174.521737057891, -36.9064048006452], [174.521726222427, -36.906408544931], [174.521714990458, -36.9064121050081], [174.5217033399, -36.9064154991869], [174.521691281617, -36.9064187093006], [174.521678827187, -36.9064217532281], [174.52166595381, -36.9064246132341], [174.521652684107, -36.9064272980423], [174.521639131008, -36.9064298422605], [174.52162592702, -36.9064324451008], [174.521613162272, -36.9064351234359], [174.521600825541, -36.9064378774099], [174.521588928051, -36.906440706879], [174.521577458758, -36.9064436209986], [174.521566417304, -36.906446601746], [174.521555815268, -36.9064496670003], [174.521545641251, -36.9064528078941], [174.521535895253, -36.9064560244274], [174.521526588494, -36.9064593164566], [174.521517709753, -36.9064626841255], [174.521509270253, -36.9064661272905], [174.52150125895, -36.9064696551068], [174.521493675665, -36.9064732585632], [174.521486531441, -36.9064769285045], [174.521479826636, -36.9064806829536], [174.521473538629, -36.9064845131867], [174.52146769004, -36.9064884279278], [174.521462269292, -36.9064924092978], [174.521457276741, -36.9064964753196], [174.521452577554, -36.9065006187068], [174.521448115803, -36.9065048491892], [174.521443913751, -36.9065091574681], [174.521439949315, -36.9065135618538], [174.521436233357, -36.9065180441798], [174.521432777279, -36.9065226133138], [174.521429558636, -36.9065272695432], [174.521426599873, -36.9065320125806], [174.521423878367, -36.9065368337021], [174.521421416739, -36.9065417416317], [174.521419192549, -36.9065467366567], [174.521417228237, -36.9065518184898], [174.521415501362, -36.9065569874185], [174.521414022966, -36.9065622342876], [174.521412804449, -36.9065675679648], [174.521411823369, -36.9065729887376], [174.521411102168, -36.9065784963184], [174.521410618224, -36.9065840819835], [174.521410394161, -36.9065897544566], [174.521410407534, -36.9065955140253], [174.5214106097, -36.9066011720254], [174.521410930827, -36.9066066031599], [174.521411393534, -36.9066118161527], [174.521411986603, -36.9066168111475], [174.521412721073, -36.9066215789891], [174.521413574504, -36.9066261199651], [174.521414569516, -36.9066304427994], [174.521415694889, -36.9066345476358], [174.521416961664, -36.9066384253189], [174.521418347578, -36.9066420851479], [174.521419874895, -36.9066455178237], [174.521421532572, -36.9066487325014], [174.52142332061, -36.9066517291812], [174.521425238829, -36.9066544988516], [174.52142729845, -36.9066570413688], [174.521429488432, -36.9066593658879], [174.521431808774, -36.9066614724091], [174.521434259298, -36.9066633519208], [174.521436851403, -36.9066650132907], [174.521439562468, -36.9066664477948], [174.521442248584, -36.9066677564271], [174.521444631547, -36.9066690599285], [174.521446711535, -36.9066703673107], [174.521448488726, -36.906671687585], [174.521449962764, -36.9066730027286], [174.521451145047, -36.9066743216092], [174.521452013313, -36.9066756535257], [174.521452589646, -36.9066769801678], [174.521452851782, -36.9066783108344], [174.521452822344, -36.9066796542494], [174.521452489751, -36.9066809925338], [174.521451854183, -36.9066823346989], [174.521450915819, -36.9066836897562], [174.5214496743, -36.9066850396829], [174.521448129806, -36.9066863934903], [174.521446293737, -36.906687760046], [174.521444143293, -36.9066891216148], [174.521441701094, -36.9066904869206], [174.521438956099, -36.9066918651185], [174.52143590795, -36.9066932381856], [174.521432635553, -36.9066946231386], [174.521429431379, -36.9066960522861], [174.521426306648, -36.9066975254844], [174.521423272583, -36.9066990425896], [174.521420306741, -36.9067006038893], [174.521417442606, -36.9067021999409], [174.521414646873, -36.9067038491985], [174.521411941626, -36.9067055333516], [174.521409315823, -36.9067072615555], [174.521406780864, -36.9067090426779], [174.52140432517, -36.9067108588397], [174.521401948742, -36.9067127100408], [174.521399651936, -36.9067146143041], [174.521397445795, -36.9067165624745], [174.521395319098, -36.9067185546958], [174.521393282887, -36.9067205818126], [174.521391326121, -36.9067226529803], [174.521389448977, -36.9067247772103], [174.52138766232, -36.9067269363359], [174.521385955106, -36.9067291395123], [174.521384316116, -36.9067313868833], [174.521382756569, -36.9067336783051], [174.521381242623, -36.9067360051975], [174.521379785858, -36.9067383854396], [174.521378385914, -36.9067408010086], [174.521377043152, -36.9067432699272], [174.52137574599, -36.9067457743165], [174.521374517051, -36.9067483229004], [174.521373333892, -36.9067509159662], [174.521372218956, -36.9067535532267], [174.521371149799, -36.9067562349692], [174.521370137645, -36.9067589610499], [174.521369182312, -36.9067617224576], [174.52136828416, -36.9067645372149], [174.52136744283, -36.9067673872992], [174.521366658502, -36.9067702817217], [174.521365919954, -36.9067732206263], [174.521365249628, -36.9067762037254], [174.521364625083, -36.9067792313067], [174.521364057539, -36.9067823032261], [174.521363546996, -36.9067854194839], [174.521362979273, -36.906788482392], [174.521362297547, -36.9067914566235], [174.521361501997, -36.9067943511898], [174.521360592265, -36.906797148068], [174.521359568709, -36.906799865281], [174.52135844255, -36.9068025026851], [174.521357202209, -36.9068050424011], [174.521355848045, -36.9068075024519], [174.521354379877, -36.906809873826], [174.521352808927, -36.9068121563798], [174.521351123975, -36.9068143502569], [174.521349325198, -36.9068164644688], [174.521347412418, -36.906818490004], [174.521345385636, -36.9068204268625], [174.521343256071, -36.9068222749007], [174.521341012504, -36.9068240342622], [174.521338655112, -36.9068257139584], [174.521336183717, -36.9068273049779], [174.521333609541, -36.906828807177], [174.521330921361, -36.9068302206995], [174.521328220171, -36.9068315442517], [174.521325640446, -36.9068327670977], [174.521323159566, -36.9068338805136], [174.52132078893, -36.9068348933669], [174.521318528539, -36.9068358056578], [174.521316378392, -36.9068366173862], [174.52131432709, -36.9068373196845], [174.521312386211, -36.9068379304316], [174.52131056662, -36.9068384314613], [174.521308845873, -36.9068388230608], [174.521307235549, -36.9068391231092], [174.52130572407, -36.9068393137275], [174.521304334057, -36.9068394036397], [174.521303043067, -36.9068393931332], [174.521301862322, -36.9068392820642], [174.521300791642, -36.9068390614214], [174.521299831208, -36.9068387402162], [174.521298969796, -36.9068383185922], [174.521298229851, -36.9068377962622], [174.52129758875, -36.906837164502], [174.52129700143, -36.9068364148752], [174.521296342844, -36.9068354678603], [174.521295590908, -36.9068343417674], [174.521294767707, -36.9068330182863], [174.521293862199, -36.9068315065721], [174.521292874383, -36.9068298066248], [174.521291793039, -36.9068279185882], [174.521290640608, -36.9068258421748], [174.521289405691, -36.9068235685169], [174.521288077424, -36.906821115781], [174.521286677892, -36.906818465657], [174.521285196232, -36.9068156363112], [174.521283632085, -36.9068126097209], [174.521281985631, -36.9068093948975], [174.52128025687, -36.906805991841], [174.521278445802, -36.9068024005514], [174.521276552247, -36.9067986120173], [174.521274576564, -36.9067946442614], [174.521272518395, -36.906790479261], [174.521270366876, -36.9067861351826], [174.521268133945, -36.906781647928], [174.521265735021, -36.9067772799771], [174.521263170819, -36.9067730673753], [174.521260430119, -36.9067690102665], [174.521257524321, -36.9067651175183], [174.521254442025, -36.9067613802629], [174.521251194451, -36.9067577983567], [174.521247770557, -36.9067543809548], [174.521244170165, -36.9067511190457], [174.521240404496, -36.9067480124857], [174.52123647355, -36.9067450612749], [174.521232366284, -36.9067422745682], [174.521228093741, -36.9067396432106], [174.521223644699, -36.9067371673457], [174.521219019159, -36.9067348469736], [174.521214228521, -36.9067326909619], [174.521209272426, -36.9067306812879], [174.521204140011, -36.9067288361179], [174.521198831277, -36.9067271554519], [174.521193357087, -36.9067256211234], [174.52118772902, -36.9067242510116], [174.521182191618, -36.9067229248068], [174.521176823072, -36.9067216234803], [174.521171623384, -36.9067203470321], [174.521166592552, -36.9067190954622], [174.521161741798, -36.906717868627], [174.52115704868, -36.906716666814], [174.521152535639, -36.9067154897356], [174.521148180055, -36.906714328668], [174.521144004728, -36.9067132013465], [174.521139998078, -36.9067120898921], [174.521136160286, -36.9067110033162], [174.521132491349, -36.9067099416188], [174.521129002491, -36.9067089046563], [174.521125671268, -36.9067078927159], [174.521122508722, -36.9067068966428], [174.521119526434, -36.9067059343159], [174.521116701601, -36.9067049879999], [174.521114056847, -36.9067040664187], [174.521111580949, -36.9067031697162], [174.521109273908, -36.9067022978923], [174.521107099375, -36.9067013162073], [174.521105033118, -36.9067001348348], [174.521103075138, -36.9066987537747], [174.521101214214, -36.9066971731708], [174.521099461744, -36.9066954018908], [174.521097817373, -36.9066934219119], [174.521096281278, -36.9066912422455], [174.521094842238, -36.9066888630353], [174.521093511474, -36.9066862841376], [174.521092288988, -36.9066835055524], [174.521091174777, -36.9066805272797], [174.521090168844, -36.9066773493195], [174.521089259965, -36.9066739718155], [174.521088459542, -36.9066704036354], [174.521087767217, -36.9066666267564], [174.521087183168, -36.9066626501899], [174.521086696174, -36.9066584740797], [174.521086317457, -36.906654098282], [174.521086047016, -36.9066495227968], [174.521085884852, -36.9066447476241], [174.521085788584, -36.9066398994982], [174.521085694821, -36.9066351775316], [174.521085603742, -36.9066305907359], [174.521085515168, -36.9066261300995], [174.521085429279, -36.906621804634], [174.521085346073, -36.9066176143392], [174.521085265552, -36.9066135592152], [174.521085187536, -36.9066096302507], [174.521085112203, -36.9066058364569], [174.521085039376, -36.9066021688226], [174.521084969233, -36.906598636359], [174.521084901774, -36.9065952390663], [174.521084836999, -36.9065919769444], [174.521084774729, -36.9065888409818], [174.521084715144, -36.90658584019], [174.521084658063, -36.9065829655577], [174.521084603666, -36.9065802260962], [174.521084551954, -36.9065776218054], [174.521084502925, -36.9065751526855], [174.521084456402, -36.906572809725], [174.521084401162, -36.9065705930675], [174.521084292142, -36.9065684942766], [174.521084140385, -36.9065665041972], [174.521083934668, -36.9065646229728], [174.52108366377, -36.9065628507472], [174.521083350314, -36.9065611962445], [174.521082982898, -36.9065596505969], [174.521082561523, -36.9065582138044], [174.52108209741, -36.9065568857234], [174.521081568296, -36.9065556756525], [174.521080985043, -36.9065545654254], [174.521080359232, -36.906553572921], [174.521079668419, -36.9065526984269], [174.521078934689, -36.9065519236328], [174.521078147179, -36.9065512667052], [174.521077305531, -36.9065507096214], [174.521076410102, -36.906550270404], [174.521075460893, -36.9065499490532], [174.521074468767, -36.9065497274023], [174.52107341164, -36.9065496237617], [174.521072300554, -36.9065496289762], [174.521071067643, -36.9065497168738], [174.521069690646, -36.9065498967532], [174.521068191824, -36.9065501593158], [174.521066548737, -36.9065505048489], [174.521064772783, -36.9065509422202], [174.521062863605, -36.9065514534069], [174.521060810339, -36.9065520565754], [174.521058624029, -36.9065527425708], [174.521056304852, -36.9065535204042], [174.52105385263, -36.9065543810645], [174.521051256142, -36.9065553246952], [174.52104853783, -36.9065563510089], [174.521045675251, -36.9065574602931], [174.521042668585, -36.9065586615591], [174.521039540095, -36.9065599455081], [174.521036267338, -36.9065613124275], [174.521032861537, -36.9065627621736], [174.521029322869, -36.9065643037577], [174.521025651155, -36.9065659281686], [174.521021835175, -36.9065676355498], [174.521017987499, -36.9065694424872], [174.521014130391, -36.906571339682], [174.521010286473, -36.9065733358583], [174.52100643348, -36.9065754403148], [174.521002593318, -36.90657762573], [174.520998755303, -36.9065799192817], [174.520994919256, -36.9065823119585], [174.520991073777, -36.9065847948928], [174.520987241487, -36.9065873768085], [174.520983411165, -36.9065900578494], [174.520979582811, -36.9065928380154], [174.520975756425, -36.9065957173065], [174.520971932007, -36.9065986957228], [174.520968109377, -36.9066017642528], [174.520964288895, -36.9066049409194], [174.520960470201, -36.9066082076997], [174.520956653475, -36.9066115736052], [174.520952838717, -36.9066150386357], [174.520949036969, -36.9066185936364], [174.520945226146, -36.9066222569173], [174.52094135868, -36.9066258938823], [174.520937387001, -36.9066293699354], [174.520933311289, -36.9066326940879], [174.520929108921, -36.9066358576158], [174.520924791298, -36.9066388693868], [174.520920369284, -36.9066417112345], [174.520915832194, -36.9066444103366], [174.520911179491, -36.9066469396589], [174.520906411533, -36.9066493172244], [174.520901539362, -36.9066515338777], [174.520896551937, -36.9066535987741], [174.520891449078, -36.9066555029021], [174.520886230785, -36.9066572462617], [174.520880897238, -36.9066588378643], [174.520875448256, -36.9066602686984], [174.520869895062, -36.9066615386204], [174.520864226614, -36.9066626567853], [174.520858442732, -36.9066636141818], [174.520852554816, -36.9066644196774], [174.520846540246, -36.9066650645482], [174.520840535466, -36.9066656371839], [174.520834825838, -36.9066663773002], [174.520829411364, -36.9066672848971], [174.520824303443, -36.9066683688423], [174.520819501897, -36.9066696201245], [174.520815018125, -36.9066710476115], [174.520810818463, -36.9066726517343], [174.520806936398, -36.9066744230506], [174.520803360706, -36.9066763617039], [174.520800091747, -36.9066784857173], [174.520797117762, -36.9066807682], [174.52079446173, -36.9066832358991], [174.520792100851, -36.9066858710791], [174.520790046347, -36.9066886735964], [174.520788298396, -36.9066916524623], [174.520786856819, -36.9066947986655], [174.520785721975, -36.9066981302288], [174.520784893326, -36.9067016201179], [174.52078437123, -36.9067052863558], [174.520784144467, -36.906709129086], [174.520784189877, -36.9067131125504], [174.520784268594, -36.9067170775609], [174.520784346417, -36.9067209975146], [174.520784423523, -36.9067248814227], [174.520784499557, -36.9067287112624], [174.520784574874, -36.9067325050566], [174.520784649119, -36.9067362447825], [174.520784722647, -36.9067399484629], [174.520784795281, -36.9067436070862], [174.520784867021, -36.9067472206527], [174.520784937866, -36.9067507891622], [174.520785007817, -36.9067543126148], [174.520785076873, -36.9067577910104], [174.520785145035, -36.906761224349], [174.520785212481, -36.9067646216422], [174.520785278854, -36.906767964867], [174.520785344511, -36.9067712720462], [174.520785409274, -36.9067745341685], [174.520785473142, -36.9067777512339], [174.520785536115, -36.9067809232423], [174.520785598195, -36.9067840501938], [174.520785591693, -36.9067871149276], [174.520785505391, -36.9067901175874], [174.520785328065, -36.9067930583168], [174.520785070759, -36.9067959279608], [174.520784733651, -36.9067987355307], [174.520784316742, -36.9068014810266], [174.52078380863, -36.9068041555808], [174.520783220718, -36.906806768061], [174.520782541603, -36.9068093095993], [174.520781782865, -36.9068117980751], [174.520780944147, -36.9068142154654], [174.520780025448, -36.9068165617703], [174.520779015906, -36.9068188551562], [174.520777926382, -36.9068210774567], [174.520776745657, -36.9068232288154], [174.520775496351, -36.9068253179564], [174.520774156023, -36.9068273451671], [174.520772724671, -36.9068293104473], [174.520771213339, -36.9068312046421], [174.520769622205, -36.9068330367629], [174.52076795431, -36.9068349600031], [174.520766200402, -36.9068370736319], [174.520764360659, -36.9068393866605], [174.520762457524, -36.9068418988015], [174.520760468732, -36.9068446193539], [174.520758405148, -36.9068475301509], [174.52075626695, -36.9068506402042], [174.520754043096, -36.9068539586686], [174.520751744449, -36.9068574673778], [174.520749359968, -36.9068611754868], [174.520746900872, -36.906865082852], [174.520744367341, -36.9068691984847], [174.520741747797, -36.9068735045059], [174.520739064859, -36.9068780096394], [174.520736296266, -36.9068827231842], [174.520733441658, -36.9068876271173], [174.520730512436, -36.9068927303066], [174.5207275086, -36.906898032752], [174.520724419108, -36.9069035436085], [174.520721266044, -36.9069092445661], [174.520718092683, -36.9069150539476], [174.520715063947, -36.9069207983816], [174.520712168615, -36.906926478012], [174.520709406507, -36.9069320838272], [174.520706789024, -36.906937624695], [174.520704293545, -36.9069430918914], [174.520701942869, -36.9069485031518], [174.520699725418, -36.9069538405971], [174.520697652413, -36.9069591040837], [174.52069570159, -36.9069643029103], [174.520693895393, -36.9069694367895], [174.520692222599, -36.906974505865], [174.52069068303, -36.9069795011255], [174.520689288087, -36.9069844314387], [174.520688015325, -36.9069892970919], [174.520686887011, -36.9069940887864], [174.5206858921, -36.9069988156772], [174.520685030414, -36.907003468753], [174.520684313532, -36.9070080658928], [174.520683729875, -36.9070125892177], [174.5206832228, -36.9070170124116], [174.52068256627, -36.9070212572454], [174.520681737483, -36.9070253059835], [174.520680747662, -36.9070291584824], [174.520679585584, -36.9070328148856], [174.520678262472, -36.9070362750495], [174.520676766925, -36.9070395301064], [174.5206750993, -36.907042598079], [174.520673259419, -36.907045469956], [174.520671258504, -36.9070481455936], [174.520669085332, -36.9070506251356], [174.520666750946, -36.9070528994268], [174.520664233262, -36.9070549867774], [174.520661565764, -36.907056877745], [174.520658714789, -36.9070585727605], [174.520655702779, -36.9070600715366], [174.520652518513, -36.907061374217], [174.520649161812, -36.9070624717902], [174.520645644255, -36.9070633821354], [174.520641954442, -36.9070640963848], [174.52063811571, -36.9070646593081], [174.520634215732, -36.9070655294803], [174.520630312761, -36.9070668143199], [174.520626373312, -36.9070685232692], [174.52062243087, -36.9070706468859], [174.520618463172, -36.9070731944687], [174.520614470038, -36.9070761570061], [174.520610462868, -36.907079543366], [174.520606441484, -36.9070833445368], [174.520602394843, -36.9070875696738], [174.520598333987, -36.9070922096217], [174.520594247695, -36.9070972645243], [174.520590147368, -36.9071027432493], [174.520586021604, -36.907108636929], [174.520581881804, -36.9071149544311], [174.52057772779, -36.9071216867442], [174.520573548518, -36.9071288430233], [174.520569343809, -36.9071364142571], [174.520565125064, -36.9071444093133], [174.520560892104, -36.9071528191805], [174.52055664475, -36.9071616348473], [174.520552486629, -36.9071704223306], [174.520548491641, -36.9071789463288], [174.520544648563, -36.9071872069856], [174.520540979661, -36.9071951950022], [174.520537451449, -36.9072029198211], [174.520534097591, -36.9072103810113], [174.520530895465, -36.9072175698487], [174.520527856472, -36.907224495201], [174.520524980613, -36.9072311570684], [174.520522256486, -36.907237546583], [174.520519695492, -36.9072436726126], [174.520517297452, -36.9072495261458], [174.520515051324, -36.9072551163378], [174.52051296833, -36.9072604430447], [174.520511048469, -36.9072655062667], [174.520509280341, -36.907270297136], [174.520507675346, -36.9072748245203], [174.520506222264, -36.9072790885633], [174.520504943358, -36.9072830799664], [174.520503816363, -36.9072868080282], [174.520502774669, -36.9072903096561], [174.520501729396, -36.9072936310563], [174.520500680725, -36.9072967812401], [174.520499628476, -36.9072997511961], [174.52049857265, -36.9073025409243], [174.520497513604, -36.9073051684476], [174.520496450802, -36.9073076067317], [174.520495384601, -36.9073098737994], [174.520494326044, -36.9073119604957], [174.520493252867, -36.9073138761193], [174.520492176291, -36.9073156205264], [174.520491095959, -36.9073171756945], [174.520490012407, -36.9073185686575], [174.520488925099, -36.9073197723814], [174.520487834393, -36.9073208048889], [174.520486740288, -36.90732166618], [174.520485642605, -36.9073223472433], [174.520484552566, -36.9073228479352], [174.520483447908, -36.9073231775544], [174.520482339672, -36.9073233269458], [174.520481195088, -36.9073233415973], [174.520479948976, -36.9073233305075], [174.520478601513, -36.9073233026876], [174.520477141299, -36.9073232492699], [174.520475557292, -36.9073231794095], [174.520473882978, -36.9073230836641], [174.52047208487, -36.9073229714759], [174.520470174012, -36.9073228336899], [174.520468161803, -36.9073226791739], [174.520466036843, -36.9073224990601], [174.520463799312, -36.9073223023599], [174.52046146043, -36.9073220889297], [174.520458997577, -36.9073218500452], [174.520456433373, -36.9073215944308], [174.520453756418, -36.9073213132184], [174.520450966891, -36.9073210154197], [174.520448075836, -36.9073206918794], [174.520445072208, -36.9073203517527], [174.520441956009, -36.9073199950396], [174.520438727059, -36.9073196127285], [174.520435407802, -36.9073192045323], [174.520432155157, -36.9073187594287], [174.520428979989, -36.9073182592511], [174.520425882656, -36.9073177220225], [174.520422874199, -36.9073171385878], [174.520419943398, -36.9073165090905], [174.520417090432, -36.9073158425422], [174.520414326163, -36.9073151207764], [174.520411639729, -36.9073143619596], [174.520409030772, -36.9073135480688], [174.520406510871, -36.9073126969835], [174.520404068625, -36.9073117998356], [174.520401704034, -36.9073108566254], [174.5203994171, -36.9073098673527], [174.520397219042, -36.9073088318739], [174.520395109861, -36.9073077501891], [174.520393067115, -36.9073066225855], [174.520391113424, -36.9073054577872], [174.520389248431, -36.9073042377715], [174.520387450052, -36.9073029808484], [174.520385740549, -36.9073016777193], [174.520383987592, -36.9073004472558], [174.520382147189, -36.9072993350894], [174.520380241424, -36.90729832291], [174.520378248214, -36.9072974290277], [174.520376167379, -36.9072966444311], [174.520374021362, -36.9072959688329], [174.520371787899, -36.9072954115317], [174.520369477853, -36.9072949543612], [174.520367080361, -36.9072946154878], [174.520364606466, -36.9072943857564], [174.520362056347, -36.9072942741785], [174.520359418423, -36.9072942628747], [174.520356704275, -36.9072943697244], [174.520353913723, -36.9072945857161], [174.520351035546, -36.9072949109935], [174.520348080966, -36.9072953454128], [174.520345050161, -36.9072958979856], [174.52034193173, -36.9072965598439], [174.520338736897, -36.9072973308442], [174.520335465659, -36.9072982109865], [174.520332049974, -36.907299165087], [174.520328443704, -36.9073001306405], [174.520324635985, -36.9073011258133], [174.520320649261, -36.9073021503182], [174.52031647213, -36.9073031952874], [174.520312093371, -36.9073042608645], [174.520307524385, -36.9073053559172], [174.520302776393, -36.9073064803019], [174.520297826594, -36.9073076162831], [174.520292686747, -36.9073087907513], [174.520287345093, -36.9073099768158], [174.520281824433, -36.9073111922123], [174.520276113545, -36.9073124370843], [174.52027020103, -36.9073137025639], [174.520264109329, -36.907314988364], [174.52025781618, -36.9073163037832], [174.520251332803, -36.9073176486777], [174.520244670062, -36.9073190048812], [174.52023779483, -36.9073203998586], [174.520230740234, -36.907321806145], [174.520223640215, -36.9073231859712], [174.520216772805, -36.9073244095874], [174.520210160268, -36.9073254676951], [174.52020378052, -36.9073263786042], [174.520197644423, -36.9073271241484], [174.520191763378, -36.9073277131956], [174.520186115121, -36.9073281550443], [174.520180710516, -36.9073284315283], [174.520175549741, -36.9073285516589], [174.52017064384, -36.9073285062812], [174.520165970728, -36.9073283137052], [174.520161541446, -36.9073279647759], [174.520157367037, -36.9073274503383], [174.520153425417, -36.9073267887026], [174.520149727449, -36.9073259617023], [174.520146284533, -36.9073249782052], [174.520143074227, -36.9073238384985], [174.520140107751, -36.9073225424387], [174.520137385107, -36.9073210900259], [174.520134917515, -36.9073194811163], [174.520132638362, -36.9073177526172], [174.520130371503, -36.9073160780428], [174.520128083633, -36.9073144758467], [174.52012578615, -36.9073129548967], [174.520123467656, -36.9073115063249], [174.52012113955, -36.9073101389992], [174.520118790252, -36.9073088350405], [174.520116431343, -36.9073076123277], [174.520114051422, -36.9073064619933], [174.52011166171, -36.9073053838935], [174.520109262386, -36.9073043870398], [174.52010684205, -36.9073034625644], [174.520104411923, -36.9073026103237], [174.520101960963, -36.9073018394726], [174.520099500034, -36.9073011318448], [174.520097018271, -36.9073005056067], [174.520094526717, -36.9072999516032], [174.52009201433, -36.9072994789894], [174.520089492152, -36.9072990786103], [174.520086960004, -36.9072987414544], [174.520084395802, -36.9072984858319], [174.520081765344, -36.9072982851392], [174.520079034609, -36.9072981217845], [174.520076214818, -36.907297995624], [174.52007330615, -36.9072979156694], [174.520070297383, -36.907297882064], [174.520067199561, -36.9072978856529], [174.520064012861, -36.9072979354475], [174.520060737284, -36.9072980314478], [174.52005736143, -36.907298164786], [174.520053896698, -36.9072983443299], [174.52005033169, -36.9072985612116], [174.520046677804, -36.907298824299], [174.520042935041, -36.907299133592], [174.520039092, -36.9072994802229], [174.520035171304, -36.9072998729158], [174.52003115033, -36.9073003029465], [174.520027029258, -36.9073007793264], [174.520022819309, -36.9073013019119], [174.520018520303, -36.9073018616917], [174.52001413242, -36.907302467677], [174.520009667061, -36.9073031287356], [174.520005158424, -36.907303871471], [174.520000606154, -36.9073046778604], [174.519995987986, -36.9073055572023], [174.519991326363, -36.9073065092095], [174.519986610063, -36.9073075340256], [174.519981850129, -36.9073086224956], [174.519977035697, -36.907309792786], [174.519972166409, -36.9073110268739], [174.519967242445, -36.9073123337706], [174.519962275025, -36.9073137133327], [174.519957252929, -36.9073151657036], [174.519952187377, -36.9073166907398], [174.519947055927, -36.9073182887285], [174.519941880843, -36.907319950371], [174.519936662483, -36.9073216936902], [174.519931378045, -36.9073235009505], [174.519926050152, -36.907325380876], [174.519920667582, -36.9073273336103], [174.519915241556, -36.9073293590099], [174.519909780793, -36.9073313307717], [174.519904305054, -36.9073331134376], [174.51989881398, -36.9073346889848], [174.519893318794, -36.9073360572699], [174.519887819495, -36.9073372182927], [174.519882305041, -36.9073381812082], [174.519876775432, -36.9073389460165], [174.519871241711, -36.9073395035626], [174.519865692655, -36.90733985399], [174.519860139666, -36.9073400061665], [174.519854571522, -36.9073399602358], [174.519848999087, -36.9073396980314], [174.519843411676, -36.9073392467312], [174.519837808752, -36.9073385793009], [174.519832202074, -36.9073377226311], [174.519826591105, -36.9073366496877], [174.51982095376, -36.9073353787805], [174.519815323703, -36.907333909479], [174.519809667091, -36.9073322332023], [174.519804017588, -36.9073303495197], [174.519798342425, -36.907328303919], [174.519792665832, -36.907326186227], [174.519786988345, -36.9073240234776], [174.519781298207, -36.9073217887805], [174.519775595954, -36.9073195091697], [174.519769892449, -36.9073171664788], [174.519764187694, -36.907314760708], [174.519758459423, -36.9073123011556], [174.519752741301, -36.9073097873911], [174.519746999486, -36.9073072108337], [174.519741267819, -36.9073045800641], [174.519735512638, -36.9073018955129], [174.519729756205, -36.9072991478818], [174.519723998521, -36.9072963371706], [174.519718228544, -36.9072934725344], [174.519712457494, -36.9072905538295], [174.519706662929, -36.9072875813431], [174.519700878335, -36.9072845456331], [174.519695081268, -36.9072814469867], [174.519689271908, -36.9072782944152], [174.51968346219, -36.9072751238205], [174.519677667628, -36.9072721513327], [174.519671911736, -36.9072694307328], [174.519666172071, -36.907266962308], [174.519660459677, -36.9072647369034], [174.519654774552, -36.9072627545189], [174.519649105833, -36.907261033321], [174.519643475606, -36.9072595549997], [174.519637861427, -36.9072583198421], [174.519632274697, -36.9072573367161], [174.519626715415, -36.9072566056216], [174.519621183581, -36.9072561265587], [174.519615667617, -36.9072558816482], [174.519610190502, -36.9072558976372], [174.519604729434, -36.9072561567899], [174.519599295815, -36.9072566679742], [174.519593889465, -36.9072574221787], [174.519588510563, -36.9072584284148], [174.519583147888, -36.9072596868261], [174.519577823703, -36.9072611881141], [174.519572515567, -36.9072629325659], [174.519567275473, -36.9072647122017], [174.519562135657, -36.9072664544996], [174.519557073496, -36.9072681507356], [174.519552100392, -36.9072698097773], [174.519547227386, -36.9072714224698], [174.519542432215, -36.9072729981118], [174.519537714878, -36.9072745367031], [174.51953309764, -36.9072760289452], [174.519528569279, -36.9072774749818], [174.519524118752, -36.9072788839679], [174.519519768504, -36.9072802556162], [174.519515495911, -36.9072815812025], [174.519511312195, -36.9072828605834], [174.519507228757, -36.9072841026266], [174.519503223153, -36.9072853076192], [174.519499306427, -36.9072864664063], [174.519495467357, -36.9072875791315], [174.519491728564, -36.9072886545191], [174.519488078828, -36.9072896927126], [174.519484506747, -36.9072906848442], [174.51948091133, -36.9072916322058], [174.519477191762, -36.9072925451008], [174.519473347686, -36.9072934055063], [174.519469379281, -36.9072942224338], [174.519465275325, -36.9072949960267], [174.519461047039, -36.9072957261415], [174.519456683025, -36.9072964039103], [174.519452206081, -36.9072970470689], [174.519447593586, -36.9072976468929], [174.519442856584, -36.9072981942273], [174.51943798403, -36.9072986982271], [174.519432998548, -36.9072991676166], [174.519427877336, -36.90729958466], [174.519422620574, -36.9072999583688], [174.519417250703, -36.9073002884557], [174.519411745282, -36.907300575208], [174.519406115532, -36.907300818482], [174.519400350231, -36.9073010184212], [174.519394471644, -36.9073011657272], [174.519388457684, -36.9073012787098], [174.519382420746, -36.907301364945], [174.519376563707, -36.9073014669061], [174.519370897969, -36.9073015934609], [174.519365434573, -36.9073017354546], [174.519360162299, -36.9073018930307], [174.519355070104, -36.9073020753441], [174.519350180251, -36.9073022730965], [174.519345481699, -36.9073024954428], [174.519340974446, -36.907302742383], [174.519336658136, -36.9073029958944], [174.519332544348, -36.9073032738561], [174.519328610638, -36.9073035765554], [174.519324879271, -36.9073038946937], [174.519321339205, -36.907304237426], [174.519317979038, -36.9073045958845], [174.519314821214, -36.9073049697821], [174.51931185469, -36.9073053682738], [174.519309079287, -36.9073057823481], [174.519306506406, -36.907306220873], [174.519304113425, -36.9073066751241], [174.519301900344, -36.9073071451015], [174.519299809984, -36.9073075774544], [174.519297808858, -36.9073079816249], [174.519295919232, -36.9073083483145], [174.519294141105, -36.9073086775231], [174.519292452034, -36.9073089695379], [174.519290885862, -36.9073092329397], [174.519289408747, -36.9073094591477], [174.519288043131, -36.9073096478748], [174.519286789193, -36.9073098081324], [174.519285624311, -36.9073099311961], [174.519284570929, -36.907310016779], [174.519283629045, -36.907310064881], [174.519282787618, -36.9073100846571], [174.519282046469, -36.9073100670958], [174.519281416819, -36.9073100120537], [174.519280887447, -36.9073099196742], [174.519280458531, -36.9073097989688], [174.519280141114, -36.9073096407825], [174.519279923975, -36.907309445259], [174.519279795357, -36.9073091855074], [174.519279512102, -36.9073084860634], [174.519279004738, -36.9073072396515], [174.519278284487, -36.9073054461281], [174.519277328905, -36.9073031057803], [174.519276160613, -36.9073002273325], [174.519274779256, -36.9072967927617], [174.519273162568, -36.9072928113665], [174.519271332992, -36.9072882828598], [174.519269279487, -36.9072832163965], [174.519267001694, -36.9072775939538], [174.519264499792, -36.9072714245431], [174.519261785182, -36.9072647170321], [174.519258846285, -36.9072574535418], [174.519255683279, -36.9072496430833], [174.519252296344, -36.9072412946681], [174.519248696344, -36.9072323901299], [174.519244872414, -36.9072229476349], [174.519240824199, -36.9072129491604], [174.519236552054, -36.907202412729], [174.519232067024, -36.9071913291858], [174.519227529819, -36.9071804446107], [174.519223061592, -36.9071702081381], [174.519218650939, -36.9071606109002], [174.519214309442, -36.9071516707761], [174.519210025699, -36.9071433788981], [174.519205810753, -36.9071357261113], [174.51920165374, -36.907128730582], [174.519197565702, -36.9071223831552], [174.519193535418, -36.9071166839745], [174.519189574109, -36.9071116328964], [174.519185670554, -36.9071072300645], [174.519181835973, -36.9071034753352], [174.519178059146, -36.907100368852], [174.519174351294, -36.9070979104714], [174.519170701195, -36.9070961003371], [174.519167109027, -36.9070949474603], [174.519163596877, -36.9070944335312], [174.519160131258, -36.9070945679919], [174.519156734793, -36.9070953595666], [174.519153407122, -36.9070967902326], [174.519150075021, -36.907098563475], [174.51914666169, -36.907100202551], [174.519143167307, -36.907101716472], [174.519139591693, -36.9071030962267], [174.519135923628, -36.9071043419584], [174.519132163111, -36.9071054536672], [174.519128332763, -36.9071064400774], [174.519124410142, -36.9071073014762], [174.519120406113, -36.907108019697], [174.51911630981, -36.9071086129064], [174.519112132277, -36.9071090719492], [174.519107873692, -36.907109405837], [174.519103522656, -36.9071096057018], [174.519099090389, -36.9071096714001], [174.519094577071, -36.9071096119434], [174.519089971122, -36.9071094094522], [174.519085284301, -36.9071090908172], [174.51908051607, -36.9071086290044], [174.519075666789, -36.9071080420364], [174.519070725055, -36.9071073210453], [174.519065703879, -36.9071065560016], [174.519060675413, -36.9071059893519], [174.51905560635, -36.9071056395495], [174.519050530533, -36.9071055151752], [174.51904541412, -36.9071056076482], [174.519040290774, -36.9071059165379], [174.519035138231, -36.9071064511428], [174.519029956491, -36.9071072114629], [174.519024756598, -36.9071081883432], [174.51901953855, -36.9071093817837], [174.519014291305, -36.9071108009394], [174.519009014685, -36.9071124367988], [174.51900373131, -36.9071142980864], [174.518998407338, -36.9071163762213], [174.518993076612, -36.9071186797842], [174.51898771651, -36.9071212000509], [174.518982327211, -36.9071239460327], [174.518976919758, -36.9071269085748], [174.518971494149, -36.9071300876771], [174.518966039344, -36.9071334924945], [174.518960577605, -36.9071371137286], [174.518955265317, -36.9071409133249], [174.518950113702, -36.90714489114], [174.518945133802, -36.9071490380188], [174.518940314575, -36.9071533631164], [174.518935667064, -36.9071578572779], [174.518931191446, -36.9071625295147], [174.518926887544, -36.9071673708154], [174.518922744314, -36.9071723903349], [174.518918772979, -36.9071775879298], [174.518914962137, -36.9071829547322], [174.51891132319, -36.9071884996099], [174.518907855957, -36.9071942135516], [174.518904560619, -36.9072001055687], [174.518901425775, -36.9072061667934], [174.518898462825, -36.9072124060935], [174.518895660548, -36.9072188236125], [174.518893029987, -36.9072254101956], [174.518890571141, -36.9072321658427], [174.518888284189, -36.9072390995653], [174.51888614651, -36.907246202639], [174.518883716181, -36.9072532643865], [174.518880811872, -36.9072601969896], [174.518877433404, -36.9072669914369], [174.518873569736, -36.9072736568833], [174.51886924313, -36.9072801840303], [174.518864420101, -36.9072865823198], [174.518859134135, -36.9072928423099], [174.518853351746, -36.9072989734423], [174.518847106598, -36.9073049752865], [174.518840376069, -36.907310839118], [174.51883317156, -36.9073165738047], [174.518825492892, -36.907322170335], [174.518817329021, -36.9073276378639], [174.51880869117, -36.9073329762475], [174.518799567938, -36.9073381766181], [174.518789970725, -36.9073432478433], [174.518779899353, -36.9073481809117], [174.518769342778, -36.9073529849779], [174.518758312044, -36.9073576508871], [174.518746807329, -36.9073621876505], [174.518746684787, -36.9073622342857], [174.518746562244, -36.907362280921], [174.518746439702, -36.9073623275562], [174.518746316981, -36.90736236518], [174.518746194439, -36.9073624118153], [174.518746082939, -36.9073624492957], [174.518745960218, -36.9073624869195], [174.518745848719, -36.9073625243999], [174.518745737219, -36.9073625618802], [174.518745614498, -36.9073625995041], [174.518745502999, -36.9073626369844], [174.518745391321, -36.9073626654534], [174.518745279821, -36.9073627029338], [174.518745179364, -36.9073627312593], [174.518745067686, -36.9073627597282], [174.518744956008, -36.9073627881972], [174.518744855551, -36.9073628165227], [174.518744743694, -36.9073628359803], [174.518744643237, -36.9073628643058], [174.518744542602, -36.9073628836199], [174.518744441967, -36.9073629029339], [174.518744341331, -36.907362922248], [174.518744240696, -36.9073629415621], [174.518744151282, -36.9073629607328], [174.518744050646, -36.9073629800469], [174.518743949832, -36.9073629903495], [174.518743860418, -36.9073630095202], [174.518743770825, -36.9073630196794], [174.518743670011, -36.9073630299821], [174.518743580419, -36.9073630401413], [174.518743490826, -36.9073630503005], [174.518743401233, -36.9073630604598], [174.518743322683, -36.9073630614641], [174.518743233091, -36.9073630716233], [174.518743143319, -36.9073630727711], [174.518743064769, -36.9073630737755], [174.518742974998, -36.9073630749233], [174.518742896448, -36.9073630759277], [174.518742817898, -36.907363076932], [174.518742739169, -36.907363068925], [174.518742660619, -36.9073630699293], [174.518742581891, -36.9073630619223], [174.518742503162, -36.9073630539152], [174.518742435655, -36.9073630457647], [174.518742356926, -36.9073630377576], [174.518742289419, -36.9073630296071], [174.518742221912, -36.9073630214566], [174.518742143005, -36.9073630044382], [174.518742075319, -36.9073629872762], [174.518742007812, -36.9073629791257], [174.518741940126, -36.9073629619638], [174.51874187244, -36.9073629448019], [174.518741815797, -36.9073629184851], [174.518741748111, -36.9073629013231], [174.518741691468, -36.9073628750063], [174.518741623782, -36.9073628578444], [174.518741567139, -36.9073628315276], [174.518741510496, -36.9073628052108], [174.518741453853, -36.907362778894], [174.51874139721, -36.9073627525772], [174.518735216323, -36.9073595416133], [174.518729136787, -36.9073563473806], [174.518723135981, -36.9073531611546], [174.518717236703, -36.9073500006712], [174.518711427376, -36.9073468480511], [174.518705708178, -36.9073437123056], [174.518700079109, -36.9073405934349], [174.518694551212, -36.9073374822841], [174.518689102223, -36.9073343881514], [174.518683754584, -36.90733131075], [174.518678497075, -36.9073282502234], [174.518673329515, -36.9073251975602], [174.518668252264, -36.9073221707832], [174.518663264962, -36.9073191518695], [174.518658367611, -36.9073161408193], [174.51865357179, -36.9073131555118], [174.518648854697, -36.9073101782112], [174.518644239133, -36.9073072266534], [174.51863971334, -36.9073042739477], [174.518635277856, -36.9073013471282], [174.518630943543, -36.9072984280288], [174.51862666623, -36.9072955532688], [174.518622368083, -36.9072927598982], [174.518618049638, -36.907290074951], [174.518613710715, -36.907287489416], [174.518609351136, -36.9072849942817], [174.518604971258, -36.907282607571], [174.518600559681, -36.9072803204158], [174.518596127449, -36.9072781236613], [174.518591686138, -36.9072760351869], [174.518587201729, -36.9072740374001], [174.518582708243, -36.9072721478933], [174.518578183058, -36.9072703579422], [174.518573648438, -36.9072686582482], [174.518569082297, -36.9072670671213], [174.518564495501, -36.907265566395], [174.518559877184, -36.9072641742357], [174.518555249432, -36.9072628723336], [174.51855059016, -36.9072616789985], [174.518545910232, -36.907260576064], [174.518541209826, -36.9072595725417], [174.518536489121, -36.9072586774428], [174.51853174776, -36.9072578727447], [174.51852704042, -36.9072570856387], [174.518522400766, -36.9072563156947], [174.518517817041, -36.9072555360217], [174.51851328978, -36.9072547736541], [174.518508829847, -36.9072540104256], [174.518504426022, -36.9072532464796], [174.518500078482, -36.9072524908276], [174.51849578705, -36.9072517344581], [174.518491563125, -36.9072509862392], [174.518487384263, -36.9072502464577], [174.518483272731, -36.9072495058153], [174.518479228706, -36.9072487733235], [174.518475229566, -36.9072480402577], [174.518471297755, -36.9072473063311], [174.518467422408, -36.9072465897098], [174.518463614211, -36.9072458632164], [174.518459851257, -36.9072451541718], [174.518456155631, -36.9072444442664], [174.518452516113, -36.9072437336436], [174.518448944101, -36.9072430311714], [174.518445416976, -36.9072423281252], [174.518441890029, -36.9072416340904], [174.518438250511, -36.9072409234672], [174.518434532264, -36.9072402048365], [174.518430712846, -36.9072394784855], [174.518426803479, -36.9072387442705], [174.518422803983, -36.9072379931801], [174.518418703494, -36.9072372433806], [174.518414513056, -36.9072364857172], [174.518410221268, -36.9072357113218], [174.51840585093, -36.9072349379304], [174.518401379242, -36.907234147807], [174.518396806562, -36.9072333589745], [174.518392143753, -36.9072325532666], [174.518387390995, -36.9072317396946], [174.518382548287, -36.9072309182586], [174.518377604408, -36.907230089102], [174.5183725818, -36.9072292519379], [174.5183674468, -36.9072284071966], [174.518362233072, -36.9072275544477], [174.518356918172, -36.9072266939782], [174.518351501923, -36.9072258167767], [174.518346074452, -36.9072249397183], [174.518340860367, -36.9072240689457], [174.518335881932, -36.9072231951607], [174.518331127924, -36.9072223185066], [174.518326609745, -36.9072214478516], [174.518322316172, -36.9072205833391], [174.518318258249, -36.9072197158142], [174.518314435975, -36.9072188452769], [174.518310838487, -36.9072179898936], [174.518307487691, -36.9072171223432], [174.518304350459, -36.9072162700902], [174.518301448698, -36.9072154058136], [174.518298782943, -36.9072145565475], [174.518296352838, -36.9072137042692], [174.518294147161, -36.9072128491222], [174.518292177312, -36.9072119999744], [174.518290443112, -36.9072111478144], [174.518288933519, -36.907210301797], [174.518287648533, -36.9072094619224], [174.518286610418, -36.9072086188922], [174.518285796909, -36.9072077820047], [174.518285185207, -36.907206933524], [174.51828443849, -36.9072060687417], [174.518283421568, -36.9072051623448], [174.518282168102, -36.9072042139031], [174.518280644609, -36.9072032328581], [174.518278884574, -36.9072022097683], [174.518276865731, -36.9072011539318], [174.518274587904, -36.9072000563372], [174.51827205127, -36.907198925996], [174.518269278094, -36.9071977536099], [174.518266234711, -36.907196539609], [174.518262954965, -36.9071952925746], [174.518259405191, -36.9071940129368], [174.518255607653, -36.9071926913975], [174.518251562351, -36.9071913279565], [174.518247258243, -36.9071899317687], [174.51824269515, -36.9071884938227], [174.518237884472, -36.9071870229863], [174.518232826031, -36.9071855102482], [174.518227508783, -36.9071839647632], [174.518221943772, -36.9071823773763], [174.518216119775, -36.9071807482311], [174.518210060844, -36.9071791581431], [174.518203802072, -36.9071776787732], [174.518197331879, -36.9071762922421], [174.518190650623, -36.9071750165725], [174.518183769347, -36.9071738426095], [174.518176676829, -36.9071727704966], [174.518169373247, -36.907171809245], [174.518161858425, -36.9071709498434], [174.518154143581, -36.9071701921483], [174.518146217675, -36.9071695453145], [174.518138091569, -36.9071689911756], [174.5181297544, -36.907168547898], [174.518121206168, -36.9071682154816], [174.518112457737, -36.90716797576], [174.51810348702, -36.9071678470429], [174.518094327684, -36.9071678288999], [174.518084945705, -36.9071679037386], [174.518075363884, -36.9071680892947], [174.518065570821, -36.9071683767003], [174.518055566694, -36.9071687749668], [174.518045362368, -36.9071692659278], [174.518035058835, -36.9071698482925], [174.51802497973, -36.9071704277883], [174.518015180981, -36.9071709946865], [174.518005640502, -36.907171567297], [174.517996358115, -36.9071721366083], [174.517987344863, -36.9071726934657], [174.517978600925, -36.9071732468808], [174.517970126299, -36.9071737968535], [174.517961909766, -36.9071743435273], [174.517953962546, -36.9071748867589], [174.51794627324, -36.9071754176803], [174.517938853425, -36.9071759541709], [174.517931691524, -36.9071764783515], [174.517924810158, -36.9071769989466], [174.517918186884, -36.9071775162432], [174.517911821701, -36.9071780302412], [174.517905725833, -36.9071785407972], [174.517899899099, -36.9071790389001], [174.517894330457, -36.9071795337045], [174.517889031307, -36.9071800340785], [174.517884001292, -36.9071805219994], [174.517879206926, -36.9071810069087], [174.517874459053, -36.9071815723469], [174.517869701923, -36.9071822370537], [174.517864913092, -36.9071830013158], [174.517860092562, -36.9071838651333], [174.517855262774, -36.9071848282195], [174.517850401286, -36.907185890861], [174.517845519319, -36.9071870529145], [174.517840616873, -36.9071883143799], [174.517835693948, -36.9071896752574], [174.517830739324, -36.9071911356902], [174.517825775441, -36.9071926953916], [174.517820779859, -36.9071943546483], [174.517815763797, -36.907196113317], [174.517810715857, -36.9071979625297], [174.517805658838, -36.9071999200223], [174.517800570118, -36.9072019770703], [174.517795460919, -36.9072041335303], [174.517790331241, -36.9072063894022], [174.517785180906, -36.9072087356746], [174.51778001027, -36.9072111903705], [174.517774807934, -36.9072137446216], [174.517769765911, -36.9072164590703], [174.517765042907, -36.9072194128118], [174.517760638745, -36.9072225968348], [174.517756576046, -36.9072260198638], [174.517752820966, -36.9072296733177], [174.517749407171, -36.9072335567664], [174.517746312395, -36.907237679508], [174.517743536461, -36.9072420325312], [174.517741090589, -36.9072466156926], [174.517738974959, -36.9072514380037], [174.51773717817, -36.9072564905964], [174.517735711444, -36.9072617733274], [174.517734563738, -36.9072672953514], [174.517733746095, -36.9072730475137], [174.517733247472, -36.9072790389691], [174.517733078912, -36.9072852605627], [174.517733240416, -36.9072917122947], [174.51773372094, -36.9072984033197], [174.517734531528, -36.907305324483], [174.517735660957, -36.9073124759279], [174.517737120629, -36.9073198665226], [174.517738728679, -36.9073273814127], [174.517739950023, -36.9073346398473], [174.517740728376, -36.9073416335318], [174.517741074958, -36.907348362323], [174.517740978192, -36.9073548083412], [174.517740449655, -36.9073609894661], [174.517739477947, -36.9073668968295], [174.517738074289, -36.9073725302881], [174.517736238683, -36.9073778898419], [174.517733948862, -36.907382984789], [174.517731238314, -36.9073878056878], [174.517728084594, -36.9073923528251], [174.517724487704, -36.9073966262008], [174.517720458864, -36.9074006256715], [174.517715998252, -36.9074043602487], [174.517711094469, -36.9074078210641], [174.517705747516, -36.9074110081178], [174.517699968612, -36.9074139212663], [174.517693757759, -36.9074165605096], [174.517687103913, -36.9074189350023], [174.517680018117, -36.9074210355896], [174.517672523172, -36.9074228800075], [174.517665094662, -36.9074246785077], [174.517657879895, -36.9074265013175], [174.517650856249, -36.9074283397123], [174.517644057567, -36.9074302022734], [174.517637461406, -36.9074320892876], [174.517631067587, -36.9074339917435], [174.517624887512, -36.9074359185091], [174.517618921178, -36.9074378695846], [174.517613157188, -36.9074398361019], [174.517607595718, -36.9074418270724], [174.517602247991, -36.9074438423529], [174.517597102607, -36.9074458730752], [174.517592170965, -36.9074479281075], [174.517587441666, -36.9074499985818], [174.517582926289, -36.9074521023774], [174.517578613075, -36.9074542126037], [174.517574502561, -36.9074563562948], [174.517570616833, -36.9074585151411], [174.517566922226, -36.907460689573], [174.517563441541, -36.9074628973263], [174.517560174419, -36.9074651203784], [174.517556953076, -36.9074673879139], [174.517553620947, -36.9074697289741], [174.517550200474, -36.9074721432725], [174.517546658171, -36.9074746402503], [174.517543027347, -36.9074772014548], [174.517539285736, -36.907479836184], [174.51753544456, -36.9074825442946], [174.517531492597, -36.9074853259299], [174.51752744107, -36.9074881809466], [174.517523278756, -36.9074911094879], [174.517519028098, -36.9074941112673], [174.51751465561, -36.907497195726], [174.517510194601, -36.9075003444114], [174.517505622804, -36.9075035666213], [174.517500940043, -36.9075068533446], [174.517496169116, -36.9075102223171], [174.517491276181, -36.9075136649576], [174.517486294902, -36.907517180836], [174.517481202836, -36.907520770239], [174.517476011205, -36.9075244330232], [174.517470708787, -36.907528169332], [174.517465238046, -36.907531907791], [174.517459415156, -36.9075354344202], [174.517453228538, -36.9075387313401], [174.517446655569, -36.907541789826], [174.517439707651, -36.9075446187459], [174.517432395826, -36.9075472089449], [174.517424709229, -36.9075495785892], [174.517416647504, -36.9075517096558], [174.51740821083, -36.9075536111562], [174.517399399206, -36.9075552830901], [174.517390212453, -36.9075567164462], [174.517380650751, -36.9075579202357], [174.517370725321, -36.9075588943152], [174.517360413542, -36.9075596299599], [174.517349738035, -36.9075601358944], [174.517338687578, -36.9075604122619], [174.517327262172, -36.9075604590624], [174.517315461639, -36.9075602672843], [174.517303286157, -36.9075598459389], [174.517290746947, -36.9075591948828], [174.517277821389, -36.9075583053911], [174.517264577167, -36.9075571946265], [174.517251642685, -36.9075558545619], [174.517239220284, -36.9075543006401], [174.517227298566, -36.9075525239933], [174.51721587753, -36.9075505246216], [174.517204968577, -36.9075483113932], [174.517194560484, -36.9075458844516], [174.517184664296, -36.9075432346422], [174.517175268789, -36.9075403621084], [174.517166374144, -36.9075372758618], [174.517157991403, -36.9075339667477], [174.517150120566, -36.9075304347663], [174.517142750768, -36.9075266980838], [174.517135881474, -36.907522729666], [174.517129524263, -36.9075185473926], [174.517123667735, -36.9075141423955], [174.517118323288, -36.9075095235428], [174.517113479703, -36.9075046909781], [174.517109136622, -36.9074996266785], [174.517105305801, -36.9074943575351], [174.517101986706, -36.9074888565135], [174.517099168471, -36.90748314178], [174.517096529066, -36.9074773887077], [174.517093735595, -36.9074717908357], [174.517090810145, -36.9074663298544], [174.51708773045, -36.907461015062], [174.517084507732, -36.9074558463152], [174.517081141992, -36.9074508236139], [174.517077622008, -36.9074459471014], [174.517073970222, -36.907441216491], [174.51707015297, -36.9074366322128], [174.517066203739, -36.9074321848252], [174.517062111664, -36.9074278924946], [174.517057865344, -36.9074237463527], [174.517053475823, -36.9074197372448], [174.517048943458, -36.9074158831937], [174.51704425667, -36.9074121663199], [174.517039427038, -36.9074086045029], [174.517034454205, -36.9074051797198], [174.517029338349, -36.9074019009821], [174.517024068427, -36.9073987774444], [174.517018666525, -36.9073957907972], [174.517013110379, -36.9073929503387], [174.517007388054, -36.9073902201664], [174.5170014299, -36.907387483992], [174.516995235919, -36.9073847418156], [174.51698880593, -36.9073819846255], [174.516982139936, -36.9073792124218], [174.516975238113, -36.9073764342158], [174.516968088884, -36.9073736321281], [174.516960715048, -36.9073708238947], [174.516953093985, -36.9073680007908], [174.516945237093, -36.9073651716846], [174.516937144195, -36.9073623275644], [174.516928815291, -36.9073594684303], [174.516920250381, -36.9073565942822], [174.516911438421, -36.9073537142748], [174.516902401498, -36.9073508100986], [174.516893117526, -36.907347900063], [174.516883597726, -36.9073449840246], [174.516873841742, -36.9073420439605], [174.51686384993, -36.9073390978936], [174.516853622112, -36.9073361368122], [174.516843147244, -36.9073331698711], [174.516832470214, -36.9073301964971], [174.516821887238, -36.9073274382493], [174.516811500559, -36.9073249569181], [174.516801310176, -36.9073227525034], [174.51679130469, -36.9073208161373], [174.516781506899, -36.9073191655559], [174.516771894005, -36.9073177830232], [174.516762477407, -36.9073166774072], [174.516753257104, -36.9073158487081], [174.516744233098, -36.9073152969258], [174.516735393987, -36.9073150131924], [174.516726762571, -36.907315015244], [174.516718327273, -36.9073152852013], [174.516710077048, -36.9073158322188], [174.516702023118, -36.9073166561535], [174.516694165484, -36.9073177570054], [174.516686504145, -36.9073191347744], [174.516679027701, -36.9073207805925], [174.516671758952, -36.907322712196], [174.516664686319, -36.9073249117054], [174.51665779876, -36.9073273882754], [174.516651107496, -36.9073301417627], [174.516644475014, -36.9073330297044], [174.516637741361, -36.9073359099238], [174.516630917935, -36.907338791289], [174.51662400456, -36.9073416647888], [174.516617001412, -36.9073445394343], [174.516609897093, -36.9073474063575], [174.516602714044, -36.9073502652718], [174.516595430003, -36.9073531254752], [174.516588056011, -36.9073559778129], [174.516580592068, -36.907358822285], [174.516573027132, -36.9073616680461], [174.516565383467, -36.9073645057982], [174.516557638809, -36.9073673448393], [174.5165498042, -36.9073701760146], [174.51654187964, -36.9073729993242], [174.516533865309, -36.9073758237795], [174.516525761027, -36.907378640369], [174.516517555573, -36.9073814492359], [174.516509260347, -36.9073842592484], [174.51650087517, -36.9073870613951], [174.516492400222, -36.9073898646873], [174.516483913694, -36.9073926500994], [174.516475684724, -36.9073954051816], [174.516467735932, -36.9073981386588], [174.516460078362, -36.9074008413765], [174.516452689392, -36.9074035046098], [174.516445580601, -36.9074061462383], [174.516438751632, -36.9074087482392], [174.516432202841, -36.9074113286355], [174.516425934051, -36.9074138784157], [174.516419933862, -36.9074163887117], [174.516414225072, -36.9074188772599], [174.516408796283, -36.9074213351922], [174.516403647495, -36.9074237625086], [174.516398778528, -36.9074261501978], [174.51639417852, -36.9074285164257], [174.516389869733, -36.9074308518946], [174.516385840947, -36.9074331567478], [174.51638208094, -36.9074354311285], [174.516378611976, -36.9074376657388], [174.516375411971, -36.9074398788881], [174.516372503188, -36.9074420612785], [174.516369851962, -36.9074442133398], [174.516367234222, -36.9074463559598], [174.51636460544, -36.9074485077344], [174.516361954035, -36.9074506507841], [174.516359269145, -36.9074528032749], [174.516356561633, -36.9074549470407], [174.516353831678, -36.907457091093], [174.516351068237, -36.9074592445863], [174.516348293396, -36.9074613892115], [174.516345484891, -36.9074635342664], [174.516342654121, -36.9074656886191], [174.516339800729, -36.9074678342468], [174.516336913851, -36.9074699893156], [174.516334015574, -36.9074721355162], [174.516331083631, -36.9074742821465], [174.516328129425, -36.9074764380747], [174.516325152596, -36.9074785852778], [174.516322142103, -36.9074807329106], [174.516319120567, -36.9074828896981], [174.516316065188, -36.9074850379038], [174.516312987545, -36.9074871954073], [174.51630988728, -36.9074893441858], [174.516306742129, -36.9074914935372], [174.516303507384, -36.907493653046], [174.516300216354, -36.9074958042595], [174.516296835552, -36.9074979566189], [174.516293387599, -36.9075001188491], [174.516289872139, -36.9075022729272], [174.516286278307, -36.9075044370194], [174.516282605746, -36.9075065931029], [174.516278865857, -36.9075087500457], [174.516275047595, -36.9075109170024], [174.516271150604, -36.9075130759504], [174.516267186285, -36.9075152357578], [174.516263154815, -36.9075174054358], [174.516259044616, -36.9075195671051], [174.516254856046, -36.9075217387883], [174.516250588746, -36.9075239024627], [174.516246254117, -36.9075260669964], [174.516241852338, -36.9075282414008], [174.516237360609, -36.9075304079395], [174.516232812771, -36.9075325751943], [174.516228175341, -36.9075347526063], [174.516223526867, -36.9075369391727], [174.516218991677, -36.907539178375], [174.516214603794, -36.9075414878063], [174.516210351637, -36.907543849587], [174.516206235565, -36.9075462817398], [174.516202255399, -36.9075487752536], [174.516198422182, -36.9075513209735], [174.516194725049, -36.9075539370657], [174.516191163643, -36.9075566055073], [174.516187749543, -36.907559344178], [174.516184471349, -36.9075621442097], [174.516181328882, -36.9075649965908], [174.5161783225, -36.9075679193442], [174.516175463245, -36.9075709033154], [174.516172739717, -36.907573939636], [174.516170152274, -36.9075770463291], [174.516167711959, -36.9075802142398], [174.516165396149, -36.9075834346434], [174.516163238866, -36.9075867251328], [174.516161206269, -36.9075900771265], [174.516159309398, -36.9075934814698], [174.516157548612, -36.9075969561855], [174.516155821669, -36.9076004394828], [174.516154094547, -36.9076039137687], [174.516152367603, -36.907607397066], [174.516150640481, -36.9076108713518], [174.516148913537, -36.9076143546491], [174.516147197636, -36.9076178287917], [174.516145470514, -36.9076213030774], [174.516143743391, -36.9076247773632], [174.51614201609, -36.9076282426376], [174.516140300188, -36.9076317167801], [174.516138573065, -36.9076351910657], [174.516136856984, -36.9076386561968], [174.516135129682, -36.907642121471], [174.51613341378, -36.9076455956134], [174.516131686478, -36.9076490608876], [174.516129970397, -36.9076525260186], [174.516128254138, -36.9076559821381], [174.516126526835, -36.9076594474122], [174.516124810754, -36.9076629125431], [174.516123094494, -36.9076663686625], [174.516121378234, -36.9076698247819], [174.516119607115, -36.9076733446973], [174.516117714521, -36.9076769653137], [174.51611570081, -36.9076807046539], [174.516113588246, -36.9076845534199], [174.516111343163, -36.9076885120416], [174.516108988007, -36.9076925802324], [174.516106511732, -36.907696767147], [174.516103925204, -36.9077010546193], [174.516101228779, -36.9077054606721], [174.516098411058, -36.9077099764373], [174.516095472041, -36.9077146019148], [174.516092411728, -36.9077193371046], [174.516089252739, -36.9077241907316], [174.516085961232, -36.9077291542142], [174.516082559651, -36.9077342272659], [174.516079047994, -36.9077394098866], [174.51607541504, -36.9077447022196], [174.51607166079, -36.9077501042649], [174.516067796644, -36.9077556248906], [174.516063822421, -36.9077612550853], [174.516059726903, -36.9077669949922], [174.516055531282, -36.9077727812451], [174.51605131072, -36.9077784416246], [174.516047064504, -36.9077839400851], [174.516042804213, -36.9077892945062], [174.516038507225, -36.9077944961629], [174.516034195982, -36.9077995447687], [174.516029859264, -36.9078044404671], [174.516025497071, -36.9078091832577], [174.516021120624, -36.9078137729976], [174.516016718879, -36.9078182188412], [174.516012291481, -36.9078225027659], [174.516007838786, -36.9078266427943], [174.516003360615, -36.9078306299151], [174.515998868191, -36.9078344639851], [174.515994350291, -36.9078381451474], [174.515989806916, -36.9078416734021], [174.515985238244, -36.9078450577606], [174.51598065514, -36.9078482800569], [174.515976046738, -36.9078513584569], [174.515971412862, -36.9078542839492], [174.515966753511, -36.9078570565339], [174.515962079727, -36.9078596670564], [174.515957446371, -36.9078620517206], [174.515952897436, -36.9078641648968], [174.515948399793, -36.9078660340487], [174.515943986751, -36.907867640724], [174.515939635865, -36.9078689852091], [174.515935347136, -36.9078700675039], [174.515931131965, -36.9078708964767], [174.51592699035, -36.9078714721275], [174.515922922114, -36.9078717854448], [174.515918916036, -36.907871836572], [174.515914972292, -36.9078716345204], [174.515911101928, -36.9078711701353], [174.515907305121, -36.9078704524283], [174.515903570471, -36.9078694725311], [174.515899909379, -36.9078682393119], [174.515896321666, -36.9078667437594], [174.51589279611, -36.9078649860167], [174.51588933289, -36.9078629750952], [174.51588595427, -36.9078607016972], [174.515882637987, -36.9078581751204], [174.515879383861, -36.9078553863535], [174.515876071488, -36.9078524901657], [174.515872557841, -36.9078496326011], [174.515868854321, -36.907846822528], [174.515864949705, -36.9078440600896], [174.515860854859, -36.9078413271197], [174.515856558918, -36.9078386417845], [174.515852073104, -36.9078360039407], [174.515847386016, -36.90783340472], [174.515842497654, -36.9078308441225], [174.515837419241, -36.9078283220048], [174.515832139732, -36.9078258475217], [174.515826659129, -36.907823420673], [174.515820988473, -36.9078210323042], [174.515815127766, -36.9078186824152], [174.515809065785, -36.9078163711491], [174.515802802709, -36.9078141075174], [174.51579634976, -36.9078118913768], [174.515789695537, -36.9078097138591], [174.515782840041, -36.9078075749642], [174.515775794493, -36.907805474549], [174.515768559072, -36.9078034216247], [174.515761166906, -36.9078013887276], [174.515753784358, -36.9077992745841], [174.515746434048, -36.9077970879193], [174.515739104398, -36.9077948108536], [174.515731784544, -36.907792461553], [174.515724496928, -36.9077900397311], [174.515717241194, -36.9077875273651], [174.515709995255, -36.9077849427641], [174.515702781377, -36.9077822766305], [174.515695588337, -36.9077795291073], [174.515688416136, -36.9077767001947], [174.515681264773, -36.9077737898926], [174.515674145649, -36.9077708070692], [174.515667036143, -36.9077677429995], [174.515659958697, -36.9077645973971], [174.515652902089, -36.9077613704053], [174.51564587772, -36.9077580708921], [174.515638862969, -36.9077546901327], [174.515631880278, -36.9077512278407], [174.515624918426, -36.9077476841592], [174.515617977412, -36.9077440590882], [174.515611046552, -36.9077403798052], [174.515604005794, -36.9077368191019], [174.515596800816, -36.9077334678082], [174.515589431082, -36.90773029889], [174.515581908349, -36.9077273392382], [174.515574232081, -36.9077245618186], [174.515566380193, -36.9077219849404], [174.515558386169, -36.9077195991625], [174.515550227568, -36.9077174047713], [174.515541904568, -36.9077154107781], [174.51553342839, -36.9077136170398], [174.515524798677, -36.9077120055335], [174.515515993343, -36.9077105945684], [174.515507046052, -36.9077093837148], [174.515497934183, -36.9077083642477], [174.515488657736, -36.9077075361671], [174.515479227932, -36.9077068993297], [174.515469633729, -36.9077064628901], [174.515459886347, -36.907706226705], [174.515449974208, -36.9077061728949], [174.51543990889, -36.9077063193392], [174.515429679173, -36.9077066661812], [174.515428682243, -36.9077067690371], [174.515427685314, -36.907706871893], [174.515426677162, -36.9077069748921], [174.515425680233, -36.9077070777479], [174.515424683303, -36.9077071806038], [174.515423686374, -36.9077072834596], [174.515422689444, -36.9077073863155], [174.515421692514, -36.9077074891713], [174.515420695585, -36.9077075920271], [174.515419698833, -36.9077077038943], [174.515418701904, -36.9077078067501], [174.515417693753, -36.9077079097491], [174.515416696823, -36.9077080126049], [174.515415699893, -36.9077081154607], [174.515414702964, -36.9077082183165], [174.515413706034, -36.9077083211722], [174.515412709105, -36.907708424028], [174.515411712175, -36.9077085268837], [174.515410704024, -36.9077086298826], [174.515409707094, -36.9077087327383], [174.515408710343, -36.9077088446055], [174.515407713413, -36.9077089474612], [174.515406716483, -36.9077090503169], [174.515405719554, -36.9077091531726], [174.515404722624, -36.9077092560283], [174.515403714473, -36.9077093590272], [174.515402717543, -36.9077094618828], [174.515401720614, -36.9077095647385], [174.515400723684, -36.9077096675941], [174.515399726754, -36.9077097704498], [174.515398729825, -36.9077098733054], [174.515397733073, -36.9077099851725], [174.515396736144, -36.9077100880281], [174.515395739214, -36.9077101908837], [174.515394731063, -36.9077102938825], [174.515393734133, -36.9077103967381], [174.515392737203, -36.9077104995937], [174.515391740274, -36.9077106024493], [174.515390743344, -36.9077107053048], [174.515389746414, -36.9077108081604], [174.515380733835, -36.907714240177], [174.515371920923, -36.9077175524678], [174.515363296638, -36.9077207541873], [174.515354883242, -36.9077238360378], [174.515346658472, -36.9077268073172], [174.51533863337, -36.9077296588708], [174.515330808115, -36.9077323997102], [174.515323182529, -36.907735020824], [174.515315745569, -36.9077375313667], [174.5153085195, -36.9077399220407], [174.515301482056, -36.9077422021437], [174.515294644459, -36.9077443715326], [174.515287995132, -36.9077464123279], [174.515281557052, -36.9077483512773], [174.515275318641, -36.9077501705014], [174.515269268677, -36.9077518701432], [174.515263418562, -36.9077534590712], [174.515257768115, -36.9077549282738], [174.515252317516, -36.9077562867625], [174.515247055544, -36.9077575346806], [174.51524199324, -36.9077586628734], [174.515237141828, -36.9077596711979], [174.515232479042, -36.9077605689517], [174.515228004704, -36.9077613471236], [174.515223741435, -36.9077620144385], [174.515219666792, -36.9077625711829], [174.515215803041, -36.9077630080591], [174.515212127738, -36.9077633253533], [174.515208652282, -36.9077635319339], [174.515205365453, -36.907763627944], [174.515202289515, -36.9077636040859], [174.515199402026, -36.907763460646], [174.515196714562, -36.9077632155039], [174.51519419346, -36.9077628690891], [174.515191683402, -36.9077625135196], [174.515189173521, -36.9077621669615], [174.515186685906, -36.9077618111057], [174.51518419829, -36.9077614552498], [174.515181733118, -36.9077610991076], [174.515179267767, -36.9077607339539], [174.515176813816, -36.9077603776684], [174.515174370908, -36.9077600122283], [174.515171939222, -36.907759646645], [174.515169507536, -36.9077592810617], [174.515167098293, -36.907758915192], [174.51516468905, -36.9077585493223], [174.51516229085, -36.907758174298], [174.51515990405, -36.9077578081419], [174.515157528293, -36.9077574328312], [174.515155152536, -36.9077570575205], [174.515152788001, -36.9077566820666], [174.515150445909, -36.9077563063263], [174.515148103638, -36.9077559215746], [174.515145772767, -36.9077555456911], [174.51514345294, -36.907755160653], [174.515141133113, -36.9077547756149], [174.515138835728, -36.9077543902905], [174.515136538344, -36.907754004966], [174.515134252181, -36.9077536194983], [174.515131977061, -36.907753224876], [174.515129713342, -36.907752839122], [174.515127449443, -36.9077524443564], [174.515125207988, -36.9077520493046], [174.515122966533, -36.9077516542528], [174.515120736122, -36.9077512500463], [174.515118528331, -36.907750854565], [174.515116298098, -36.9077504593698], [174.51511387799, -36.907750111665], [174.515111201036, -36.9077498303322], [174.515108267056, -36.9077496063599], [174.515105076409, -36.9077494577709], [174.515101628736, -36.9077493665424], [174.515097935438, -36.9077493415427], [174.515093974072, -36.9077493830579], [174.515089767081, -36.9077494908019], [174.515085292021, -36.9077496650607], [174.515080571158, -36.9077498965369], [174.515075582405, -36.9077502035393], [174.515070347848, -36.9077505677588], [174.515064856445, -36.9077509983501], [174.515059108195, -36.907751495313], [174.515053102919, -36.9077520496361], [174.515046840975, -36.9077526793421], [174.515040322006, -36.9077533664083], [174.51503354619, -36.907754119846], [174.515026524749, -36.9077549395119], [174.515019235239, -36.9077558256925], [174.515011700103, -36.9077567781012], [174.515003896721, -36.9077577880129], [174.514995847713, -36.9077588641528], [174.514987542037, -36.9077600156753], [174.514978979156, -36.9077612155461], [174.514970159607, -36.9077624907994], [174.514961071989, -36.9077638325669], [174.514951749789, -36.9077652314077], [174.514942159698, -36.907766705774], [174.514932312581, -36.9077682374997], [174.514922208618, -36.9077698355962], [174.51491185885, -36.9077714909089], [174.514901241191, -36.9077732217468]]}, "properties": {"OBJECTID": 1600, "TRACKNAME": "Fence Line Track", "CONDITIONSOFUSE": "Waitakere North Regional Park", "STATUS": "Open", "WEBLINK": "https://www.aucklandcouncil.govt.nz/en/parks-recreation/find-park-beach/park-detail/3407.html", "VALIDATIONSTATE": 3, "created_user": "AC_owner", "last_edited_user": "AC_owner", "last_edited_date": 1789875254325, "created_date": 1789875254325, "PARK_SAPSITEID": null, "TRACK_ID": null, "KAURIDIEBACK_TRACK": null, "KAURIDIEBACK_MITIGATED": null, "SegmentID": null, "GlobalID": "ee59607f-c1a9-409f-bad2-734544be86a0", "Shape__Length": 2029.8843918363746}}, {"type": "Feature", "id": 2059, "geometry": {"type": "LineString", "coordinates": [[174.514901241191, -36.9077732217468], [174.514878570707, -36.9077710861984], [174.514856644943, -36.9077691484627], [174.514835441098, -36.9077673908035], [174.514814970393, -36.907765813078], [174.514795233007, -36.9077644242981], [174.514776240162, -36.9077632243211], [174.514757969412, -36.9077622134334], [174.514740431803, -36.907761382481], [174.514723638734, -36.9077607403324], [174.514707567582, -36.9077602782628], [174.514692229927, -36.9077600141522], [174.514677625411, -36.907759929978], [174.514663765256, -36.9077600255975], [174.514650627197, -36.9077603103085], [174.514638233677, -36.907760783825], [174.514626562252, -36.9077614464335], [174.514615635188, -36.9077622888365], [174.51460543022, -36.907763320332], [174.514595958569, -36.9077645407769], [174.514587231279, -36.907765941017], [174.514579226084, -36.90776753035], [174.514571864256, -36.9077693007663], [174.514564573855, -36.9077712775861], [174.51455727633, -36.907773461811], [174.514549971325, -36.9077758354182], [174.514542659196, -36.9077784164305], [174.514535328543, -36.9077811959796], [174.514528001809, -36.9077841737793], [174.51452065673, -36.9077873591273], [174.514513304349, -36.9077907428689], [174.514505944665, -36.9077943250043], [174.514498577856, -36.9077981145448], [174.514491203567, -36.9078020934675], [174.514483822154, -36.9078062797954], [174.514476422394, -36.9078106736715], [174.514469026375, -36.9078152567868], [174.514461612011, -36.9078200474503], [174.514454190521, -36.9078250455189], [174.51444676155, -36.9078302329698], [174.514439325455, -36.9078356278258], [174.514431882057, -36.9078412210756], [174.514424420134, -36.907847012862], [174.514416962307, -36.9078530119106], [174.514409548475, -36.9078589653293], [174.514402241512, -36.9078646469745], [174.514395041774, -36.907870074869], [174.514387949085, -36.9078752400015], [174.514380952399, -36.9078801515264], [174.514374073805, -36.9078847911348], [174.514367291215, -36.9078891771356], [174.514360615673, -36.9078933003745], [174.514354047179, -36.9078971608513], [174.514347585912, -36.9079007675776], [174.514341231514, -36.9079041025305], [174.514334973122, -36.907907183876], [174.514328832999, -36.9079100023165], [174.514322788703, -36.9079125581381], [174.514316851634, -36.9079148602093], [174.514311021435, -36.9079168905071], [174.514305287242, -36.9079186671976], [174.514299671319, -36.9079201809832], [174.514294151223, -36.90792143215], [174.514288738354, -36.9079224295663], [174.514283432534, -36.9079231642209], [174.514278223432, -36.9079236813138], [174.514273026442, -36.9079242433205], [174.51426785332, -36.9079248771321], [174.514262681624, -36.9079255830349], [174.514257533795, -36.9079263607426], [174.514252398792, -36.9079272194097], [174.514247265035, -36.9079281411565], [174.514242155146, -36.9079291347083], [174.514237058081, -36.9079302092195], [174.514231973485, -36.9079313466674], [174.514226901536, -36.9079325560633], [174.514221842411, -36.9079338464186], [174.514216795933, -36.907935208722], [174.514211761923, -36.907936633962], [174.514206740737, -36.9079381401615], [174.514201732198, -36.907939718309], [174.514196736305, -36.9079413684046], [174.51419176428, -36.9079430903051], [174.514186793681, -36.9079448842968], [174.514181835727, -36.9079467502365], [174.514176901641, -36.9079486879813], [174.51417196898, -36.9079506978171], [174.514167105786, -36.9079528149314], [174.514162312948, -36.9079550843813], [174.514157623776, -36.9079574877148], [174.514153016005, -36.9079600342293], [174.514148500856, -36.907962723782], [174.514144066929, -36.9079655475043], [174.51413971458, -36.9079685234193], [174.514135465897, -36.9079716332178], [174.514131298615, -36.9079748861975], [174.514127212554, -36.907978273347], [174.514123219294, -36.907981812546], [174.514119318477, -36.9079854857718], [174.514115499061, -36.9079893021787], [174.514111772267, -36.9079932616238], [174.514108126873, -36.9079973642501], [174.514104573923, -36.9080016009032], [174.514101113595, -36.9080059805944], [174.514097734667, -36.9080105034669], [174.51409443714, -36.9080151695206], [174.514091243278, -36.9080199694581], [174.514088119773, -36.9080249217313], [174.514085088177, -36.908029980997], [174.514082091136, -36.9080350848906], [174.514079139337, -36.9080402062348], [174.514076221737, -36.9080453541841], [174.514073338335, -36.9080505287384], [174.514070500175, -36.9080557207434], [174.514067696214, -36.9080609393534], [174.514064926274, -36.908066175557], [174.514062201754, -36.9080714382227], [174.514059511432, -36.9080767274934], [174.514056855309, -36.9080820433692], [174.514054233206, -36.9080873768387], [174.514051656524, -36.9080927367702], [174.514049113862, -36.9080981142953], [174.514046616621, -36.9081035182825], [174.514044142357, -36.9081089490179], [174.514041724556, -36.9081143970608], [174.51403932991, -36.9081198808632], [174.514036980329, -36.9081253731049], [174.514034665124, -36.9081309009631], [174.51403238394, -36.908136446415], [174.514030148176, -36.9081420183289], [174.514028002719, -36.9081476161327], [174.514025970011, -36.9081532395404], [174.514024061275, -36.9081588884089], [174.514022276688, -36.9081645717497], [174.514020604851, -36.9081702806943], [174.514019057163, -36.9081760241112], [174.514017633446, -36.9081817929888], [174.514016322479, -36.9081875874704], [174.514015135662, -36.9081934164243], [174.514014072816, -36.908199270839], [174.514013133942, -36.9082051507145], [174.514012307995, -36.9082110652054], [174.514011606021, -36.9082170051571], [174.514011016796, -36.9082229707127], [174.51401055172, -36.9082289707406], [174.514010221838, -36.9082349960863], [174.514009993485, -36.9082410471789], [174.514009900502, -36.9082471326008], [174.51400992027, -36.9082532436265], [174.514010052788, -36.9082593802562], [174.514010320677, -36.9082655512151], [174.514010655896, -36.9082717213158], [174.51401093287, -36.9082777839947], [174.514011117933, -36.9082837396809], [174.514011211087, -36.9082895883744], [174.514011212153, -36.9082953210637], [174.514011143573, -36.9083009374629], [174.514010971862, -36.9083064470125], [174.514010730684, -36.9083118492833], [174.514010386197, -36.908317135693], [174.514009960842, -36.9083223059556], [174.514009454799, -36.9083273690824], [174.514008856668, -36.9083323162052], [174.514008177849, -36.9083371561922], [174.514007407119, -36.9083418891865], [174.514006555522, -36.9083465060337], [174.514005611838, -36.9083510068768], [174.514004576243, -36.9083554007271], [174.514003459781, -36.9083596784304], [174.51400226263, -36.9083638489978], [174.51400097357, -36.9083679125726], [174.513999592421, -36.9083718601433], [174.513998130405, -36.9083756915668], [174.513996445026, -36.9083795799194], [174.513994481779, -36.908383607019], [174.513992229441, -36.9083877730087], [174.513989676792, -36.9083920780314], [174.513986835231, -36.9083965309555], [174.513983715802, -36.9084011226266], [174.513980295883, -36.9084058443192], [174.513976598273, -36.9084107137702], [174.513972600351, -36.908415722254], [174.513968324738, -36.9084208784961], [174.513963748635, -36.9084261647597], [174.513958894842, -36.9084315987815], [174.513953740736, -36.9084371718362], [174.51394830876, -36.9084428836375], [174.513942576473, -36.9084487344715], [174.513936555094, -36.9084547241952], [174.513930256024, -36.908460861677], [174.513923656463, -36.9084671291799], [174.513916779211, -36.9084735444408], [174.513909601645, -36.9084800987341], [174.513902135166, -36.9084868009283], [174.51389450054, -36.9084935142789], [174.513887072533, -36.9084998914892], [174.513879884099, -36.9085058960846], [174.513872923836, -36.9085115191968], [174.513866203147, -36.9085167696941], [174.513859722208, -36.908521656588], [174.513853469263, -36.9085261529874], [174.51384745607, -36.9085302857835], [174.51384168245, -36.9085340459649], [174.513836148224, -36.9085374245202], [174.51383084235, -36.908540430604], [174.513825764828, -36.9085430642161], [174.513820938101, -36.9085453250707], [174.513816339726, -36.9085472134537], [174.513811969702, -36.9085487293654], [174.513807850296, -36.908549863508], [174.513803959242, -36.9085506251792], [174.513800307761, -36.908551014236], [174.513796884633, -36.9085510308213], [174.513793701079, -36.9085506747923], [174.51379075692, -36.9085499371375], [174.513788041292, -36.9085488360227], [174.513785210777, -36.9085476011668], [174.513782133029, -36.9085463514343], [174.513778774208, -36.9085450782428], [174.513775145711, -36.9085437904607], [174.513771258939, -36.9085424969564], [174.513767091092, -36.908541179993], [174.513762664792, -36.9085398482958], [174.513757968639, -36.9085384929966], [174.51375300299, -36.9085371321179], [174.513747778709, -36.9085357474941], [174.513742273532, -36.9085343484225], [174.513736509901, -36.9085329346169], [174.513730476596, -36.9085315062205], [174.513724173616, -36.9085300632331], [174.513717600783, -36.9085285966433], [174.513710769676, -36.9085271243309], [174.513703657493, -36.908525628559], [174.513696286858, -36.9085241180529], [174.513688646548, -36.9085225929557], [174.513680736564, -36.9085210532672], [174.513672556726, -36.9085194899761], [174.51366423083, -36.908517919532], [174.513656096236, -36.9085163736904], [174.513648197475, -36.9085148338568], [174.513640501236, -36.9085133184828], [174.513633029787, -36.9085118182712], [174.513625783126, -36.908510333222], [174.513618750033, -36.9085088634781], [174.513611941906, -36.9085074179082], [174.513605347168, -36.9085059786324], [174.513598977397, -36.9085045635304], [174.513592821193, -36.9085031637341], [174.513586878555, -36.9085017792433], [174.513581171928, -36.9085004097723], [174.513575667825, -36.9084990647612], [174.513570399553, -36.9084977257585], [174.513565333805, -36.9084964112159], [174.513560504068, -36.9084951116931], [174.513555876675, -36.908493827619], [174.513551474071, -36.9084925587078], [174.513547296434, -36.9084913139708], [174.513543332185, -36.9084900755283], [174.513539592903, -36.90848886126], [174.513535908661, -36.9084875922083], [174.513532222816, -36.9084862420536], [174.513528535547, -36.9084848198075], [174.513524846675, -36.9084833164586], [174.513521156201, -36.9084817320068], [174.513517464303, -36.9084800754635], [174.513513782024, -36.9084783376744], [174.513510087099, -36.9084765279369], [174.513506390394, -36.908474628085], [174.513502692265, -36.9084726561418], [174.513498992711, -36.9084706121071], [174.513495291555, -36.9084684869695], [174.513491588796, -36.9084662807291], [174.513487895657, -36.9084639932428], [174.513484189873, -36.9084616338081], [174.513480482485, -36.9084591932705], [174.513476773496, -36.90845667163], [174.513473063082, -36.9084540778981], [174.513469351067, -36.9084514030633], [174.513465637449, -36.9084486471257], [174.513461933628, -36.9084458189536], [174.513458195253, -36.9084429461533], [174.513454390794, -36.9084401372907], [174.513450508675, -36.9084373744859], [174.513446571695, -36.9084346754757], [174.513442546188, -36.9084320406892], [174.513438454421, -36.9084294608289], [174.51343429657, -36.9084269449063], [174.513430061237, -36.9084244840529], [174.513425748599, -36.9084220872801], [174.5134213697, -36.9084197454334], [174.513416924718, -36.9084174675244], [174.513412402253, -36.9084152446846], [174.513407813705, -36.9084130857824], [174.513403147675, -36.9084109819493], [174.513398404339, -36.9084089421968], [174.513393594743, -36.9084069573704], [174.513388719064, -36.9084050364816], [174.513383765902, -36.9084031706619], [174.513378735435, -36.9084013689228], [174.513373649929, -36.9083996219668], [174.513368475897, -36.9083979392342], [174.513363235603, -36.9083963114278], [174.513357928871, -36.9083947295361], [174.513352544299, -36.9083931846906], [174.513347082067, -36.9083916859027], [174.513341553217, -36.9083902240181], [174.513335957928, -36.9083888080481], [174.513330284622, -36.9083874201129], [174.513324533656, -36.9083860782353], [174.51331871625, -36.9083847822723], [174.513312832227, -36.9083835232124], [174.513306870365, -36.9083823011987], [174.513300841886, -36.9083811160882], [174.513294735746, -36.9083799770353], [174.513288551768, -36.9083788750284], [174.513282301171, -36.9083778099247], [174.513275984136, -36.9083767907355], [174.513269589262, -36.9083758085924], [174.513263116727, -36.9083748725068], [174.513256577396, -36.9083739643129], [174.513249971804, -36.9083731110448], [174.513243288195, -36.9083722858114], [174.513236526926, -36.9083715066354], [174.513229766368, -36.9083707635047], [174.513223107517, -36.9083700551326], [174.513216584216, -36.9083693901018], [174.513210173842, -36.9083687596866], [174.513203887797, -36.9083681727557], [174.513197725723, -36.9083676112861], [174.513191687977, -36.9083670933007], [174.513185774558, -36.9083666187996], [174.513179974068, -36.9083661789143], [174.513174308949, -36.908365773359], [174.513168756758, -36.9083654024194], [174.513163328894, -36.9083650749642], [174.51315802518, -36.908364781982], [174.513152834573, -36.908364532627], [174.513147779158, -36.9083643085906], [174.51314283685, -36.9083641281816], [174.513138030091, -36.908363991114], [174.51313333626, -36.9083638886624], [174.513128766578, -36.9083638206838], [174.513124309825, -36.9083637873212], [174.51311998862, -36.9083637973001], [174.513115769122, -36.9083638420379], [174.513111538225, -36.9083638779072], [174.51310722842, -36.9083638967541], [174.513102839708, -36.9083638985786], [174.51309838331, -36.9083638832379], [174.513093848006, -36.9083638508748], [174.513089244837, -36.9083637923349], [174.513084573983, -36.9083637166297], [174.513079824222, -36.9083636239021], [174.513074995554, -36.9083635141521], [174.5130700992, -36.9083633872368], [174.513065123939, -36.908363243299], [174.513060080814, -36.9083630731845], [174.513054970004, -36.9083628859045], [174.513049780287, -36.9083626816021], [174.513044511662, -36.9083624602773], [174.513039175352, -36.908362221787], [174.513033760135, -36.9083619662743], [174.513028277054, -36.9083616845847], [174.513022715244, -36.908361394884], [174.513017085571, -36.9083610790065], [174.513011388212, -36.9083607459634], [174.51300562299, -36.9083603867436], [174.512999834434, -36.9083599827522], [174.512994022901, -36.9083595520121], [174.512988188035, -36.9083590765006], [174.512982318793, -36.9083585653719], [174.512976437439, -36.9083580093287], [174.512970521708, -36.9083574176684], [174.512964582822, -36.908356790248], [174.512958620603, -36.9083561180561], [174.512952635229, -36.9083554101041], [174.512946615479, -36.9083546665349], [174.512940583617, -36.9083538780513], [174.512934517556, -36.9083530629619], [174.512928427984, -36.9083521940895], [174.512922315436, -36.9083512984684], [174.512916179554, -36.9083503580758], [174.512910009118, -36.9083493730545], [174.512903826926, -36.9083483611416], [174.51289761018, -36.9083473046001], [174.512891370279, -36.9083462122985], [174.512885107045, -36.9083450752252], [174.512878820833, -36.9083439114033], [174.512872568643, -36.908342765175], [174.512866362052, -36.9083416544204], [174.512860212458, -36.9083405880079], [174.512854108285, -36.9083395480576], [174.512848050066, -36.9083385616039], [174.512842048489, -36.9083376014695], [174.512836092689, -36.9083366858201], [174.512830182665, -36.9083358146559], [174.512824329283, -36.908334969811], [174.512818521678, -36.9083341694512], [174.512812759848, -36.9083334135765], [174.512807054661, -36.9083326840212], [174.51280139525, -36.9083319989511], [174.512795781438, -36.9083313493546], [174.512790224623, -36.9083307441004], [174.512784713407, -36.90833017432], [174.512779247789, -36.9083296400132], [174.512773839169, -36.9083291500488], [174.512768476147, -36.9083286955581], [174.512763158724, -36.9083282765411], [174.512757898298, -36.9083279018664], [174.51275271678, -36.9083275442139], [174.512747670098, -36.9083271938577], [174.512742758254, -36.9083268507976], [174.512737981069, -36.9083265060224], [174.512733349764, -36.9083261593891], [174.512728853297, -36.9083258200521], [174.512724491489, -36.908325479], [174.51272026434, -36.9083251362327], [174.512716172028, -36.9083248007618], [174.512712225775, -36.9083244724443], [174.512708414181, -36.9083241424117], [174.512704726024, -36.908323810807], [174.51270119497, -36.9083234772014], [174.512697787531, -36.9083231510352], [174.512694526151, -36.9083228320224], [174.512691388209, -36.9083225114375], [174.512688396147, -36.9083221889947], [174.512685538922, -36.9083218738483], [174.512682827578, -36.9083215568441], [174.51268023985, -36.9083212472792], [174.512677798002, -36.9083209358564], [174.512675479591, -36.9083206228616], [174.512673172047, -36.908320291701], [174.512670852925, -36.9083199426605], [174.512668522047, -36.9083195667285], [174.512666168193, -36.908319164048], [174.512663802761, -36.9083187434876], [174.512661425751, -36.9083183050472], [174.512659025587, -36.9083178308469], [174.512656614023, -36.908317347778], [174.512654190525, -36.9083168288063], [174.512651744229, -36.9083162920975], [174.512649286355, -36.9083157375088], [174.512646816725, -36.9083151560286], [174.512644324119, -36.9083145477999], [174.512641819757, -36.9083139126799], [174.512639292774, -36.9083132688341], [174.512636753858, -36.9083125890856], [174.512634203364, -36.908311891457], [174.512631641115, -36.908311166937], [174.512629056067, -36.90831042468], [174.512626459441, -36.908309664543], [174.512623839661, -36.908308868646], [174.512621129396, -36.9083080378465], [174.512618216075, -36.9083071555507], [174.51261508812, -36.9083062038786], [174.512611745887, -36.908305200853], [174.51260820042, -36.9083041373197], [174.512604429097, -36.9083030045529], [174.512600454719, -36.9083018202897], [174.512596277106, -36.9083005755187], [174.512591873816, -36.9082992705255], [174.512587267292, -36.9082979050245], [174.512582446312, -36.9082964791584], [174.512577410877, -36.9082949929273], [174.512572160986, -36.9082934463311], [174.512566707861, -36.9082918392268], [174.512561040281, -36.9082901717575], [174.512555169644, -36.9082884527914], [174.512549073153, -36.9082866645917], [174.512542773427, -36.9082848158838], [174.512536259424, -36.908282915822], [174.512529530788, -36.9082809463836], [174.512522599096, -36.9082789254483], [174.512515475392, -36.9082768438618], [174.512508362553, -36.9082747441092], [174.512501316511, -36.9082726164645], [174.512494337621, -36.9082704789506], [174.512487414483, -36.908268322699], [174.512480569719, -36.9082661564354], [174.512473769486, -36.9082639715769], [174.512467047448, -36.908261767695], [174.512460381162, -36.9082595450754], [174.512453782029, -36.9082573125867], [174.512447249692, -36.9082550522061], [174.512440784684, -36.9082527909677], [174.512434375251, -36.9082505019803], [174.512428032792, -36.9082481941124], [174.512421746264, -36.9082458765184], [174.512415537931, -36.9082435399009], [174.512409385528, -36.9082411935573], [174.512403299921, -36.9082388193218], [174.512397270245, -36.9082364353601], [174.512391307721, -36.9082340415295], [174.512385411992, -36.9082316198069], [174.512379583416, -36.9082291882154], [174.512373776394, -36.9082267112807], [174.512367945327, -36.9082241535287], [174.512362079173, -36.9082215241136], [174.512356200196, -36.9082188137384], [174.512350285954, -36.9082160226887], [174.512344359067, -36.9082131596902], [174.512338385693, -36.9082102161601], [174.512332399497, -36.9082071916698], [174.512326389434, -36.9082040953736], [174.512320344107, -36.9082009184029], [174.512314285956, -36.9081976604719], [174.512308192541, -36.9081943218665], [174.512302075259, -36.9081909114551], [174.512295934112, -36.9081874292378], [174.512289768743, -36.9081838571916], [174.512283568286, -36.9081802134824], [174.512277343964, -36.9081764979672], [174.512271106641, -36.9081726924803], [174.512264834231, -36.9081688153303], [174.512258526734, -36.9081648665172], [174.512252206237, -36.9081608277325], [174.512245884851, -36.9081567438902], [174.512239767588, -36.908152765613], [174.512233911447, -36.9081489372438], [174.512228293984, -36.9081452590682], [174.512222937641, -36.9081417308007], [174.512217831021, -36.9081383435726], [174.512212963077, -36.9081351065383], [174.512208356255, -36.908132019412], [174.512203999332, -36.9081290823368], [174.512199903351, -36.9081262861583], [174.512196046226, -36.9081236491851], [174.512192450043, -36.9081211531087], [174.512189092538, -36.9081188072263], [174.512185995976, -36.9081166022407], [174.51218314949, -36.9081145563176], [174.512180552725, -36.9081126514343], [174.512178205859, -36.9081108966022], [174.512176108714, -36.9081092828098], [174.512174261645, -36.90810782808], [174.512172675519, -36.9081065142472], [174.51217132807, -36.9081053506085], [174.512170241741, -36.9081043368781], [174.512169246252, -36.9081033760734], [174.512168171323, -36.9081023712116], [174.512167005732, -36.9081013224355], [174.512165760522, -36.9081002205909], [174.512164435873, -36.9080990746892], [174.512163020383, -36.9080978758618], [174.512161525453, -36.9080966329773], [174.512159939861, -36.9080953461786], [174.51215827465, -36.9080940063113], [174.51215653, -36.9080926223869], [174.512154694687, -36.9080911945482], [174.512152768535, -36.9080897137839], [174.512150774164, -36.9080881888195], [174.512148688953, -36.9080866109294], [174.51214651308, -36.9080849891251], [174.512144257767, -36.9080833232636], [174.512141922836, -36.9080816043335], [174.512139497243, -36.9080798414891], [174.51213699221, -36.9080780345876], [174.512134407558, -36.9080761746174], [174.512131732245, -36.908074270733], [174.512128954693, -36.9080723050542], [174.512125984239, -36.9080702336668], [174.512122797908, -36.9080680298223], [174.512119406921, -36.9080656933778], [174.51211578919, -36.9080632426417], [174.512111966803, -36.9080606593056], [174.512107928716, -36.9080579525237], [174.512103674929, -36.908055122296], [174.512099205265, -36.9080521596109], [174.512094519901, -36.90804907348], [174.512089630059, -36.9080458637603], [174.512084513296, -36.9080425307375], [174.512079191878, -36.9080390651145], [174.51207365476, -36.9080354760455], [174.512067901942, -36.9080317635304], [174.512061933425, -36.9080279275693], [174.512055760253, -36.9080239590078], [174.512049360159, -36.908019867143], [174.512042755411, -36.9080156426778], [174.512035935141, -36.9080113037778], [174.512028898994, -36.9080068324201], [174.512022570096, -36.9080028216721]]}, "properties": {"OBJECTID": 2059, "TRACKNAME": "Fence Line Track", "CONDITIONSOFUSE": "Waitakere West Regional Park", "STATUS": "Open", "WEBLINK": "https://www.aucklandcouncil.govt.nz/en/parks-recreation/find-park-beach/park-detail/3451.html", "VALIDATIONSTATE": 3, "created_user": "AC_owner", "last_edited_user": "AC_owner", "last_edited_date": 1789875254325, "created_date": 1789875254325, "PARK_SAPSITEID": null, "TRACK_ID": null, "KAURIDIEBACK_TRACK": null, "KAURIDIEBACK_MITIGATED": null, "SegmentID": null, "GlobalID": "03956b5f-3e86-4c68-be82-2fced324ee99", "Shape__Length": 323.7153453156039}}, {"type": "Feature", "id": 3221, "geometry": {"type": "LineString", "coordinates": [[174.526257048057, -36.8888629334015], [174.52640156786, -36.8889161764939], [174.526419999605, -36.8889300001427], [174.526446667105, -36.8889633335774], [174.52648000052, -36.8889916661875], [174.526515000385, -36.8890199999096], [174.526550000554, -36.8890433328183], [174.526585000468, -36.8890716665183], [174.52661000056, -36.8891049997074], [174.526596666815, -36.8891416666], [174.526590000452, -36.8891800000789], [174.526573333213, -36.8892149999055], [174.526558333494, -36.8892499999355], [174.526545000174, -36.8892850001842], [174.526526667129, -36.8893216664083], [174.526515000547, -36.8893633333993], [174.526479999945, -36.8893883328278], [174.526460000276, -36.8894216664597], [174.526460000119, -36.8894616665402], [174.526466666262, -36.8895033332287], [174.526453333507, -36.8895400000916], [174.526450000339, -36.8895766664659], [174.526438333509, -36.8896150001871], [174.526433333608, -36.88965666624], [174.526453333165, -36.8896949996072], [174.52647000039, -36.8897316667908], [174.526478333272, -36.8897683328954], [174.526474999654, -36.8898066668086], [174.526480000239, -36.8898533331584], [174.526458333555, -36.8898883332076], [174.52643666668, -36.8899199999909], [174.526416667033, -36.8899566668785], [174.526401666632, -36.8899933335279], [174.526405000035, -36.8900583335234], [174.526423333572, -36.8901350001074], [174.526441666652, -36.890169999987], [174.526440000346, -36.8902366668541], [174.526448333714, -36.8903350001438], [174.526466666209, -36.8903683333933], [174.526471666314, -36.8904049999525], [174.526478332862, -36.8904416667318], [174.52649999985, -36.8904733328622], [174.52650166712, -36.8905099998794], [174.526499999916, -36.8905483331082], [174.526466667147, -36.8906733333642], [174.526444999591, -36.8907066667881], [174.526428333101, -36.8907416665803], [174.526416667052, -36.8907766670201], [174.52639166703, -36.8908083333539], [174.526368333434, -36.8908399999048], [174.526355772065, -36.8908599093975], [174.526368499407, -36.8908811867486], [174.526395000394, -36.8908933329258], [174.526443333204, -36.8908999994868], [174.526491667162, -36.8909066669147], [174.526578333792, -36.8909133330013], [174.526621666864, -36.8909016667871], [174.526663333273, -36.8908866661767], [174.526710000138, -36.890891666674], [174.526753333833, -36.8909016666191], [174.526798333418, -36.8909016669799], [174.526838333877, -36.8909249995214], [174.526884999845, -36.8909333332249], [174.52692999996, -36.8909516664795], [174.526958332885, -36.8909800001111], [174.526985000238, -36.8910133334065], [174.526998332879, -36.891050000098], [174.526978333012, -36.8910833329117], [174.526945000514, -36.8911083335704], [174.526908333291, -36.8911316662815], [174.526861666865, -36.8911366665507], [174.526819999879, -36.8911533329689], [174.52678333308, -36.8911749999059], [174.526740000537, -36.8911883328051], [174.526711666323, -36.8912166664251], [174.52669000032, -36.8912483332395], [174.526655000547, -36.8912716669791], [174.526629999532, -36.8913066666378], [174.526678333743, -36.8913133330818], [174.526725000402, -36.8913200002048], [174.526766666208, -36.8913399997344], [174.526761666703, -36.89137666679], [174.526726667064, -36.8914033329112], [174.526688333008, -36.8914233329812], [174.52665333334, -36.8914499999827], [174.526641666342, -36.8914883328153], [174.526626666899, -36.8915249994739], [174.526593333155, -36.8915533333148], [174.526559999549, -36.891584999507], [174.526531666427, -36.891616666334], [174.526505000217, -36.8916466667364], [174.526478333673, -36.8916816661313], [174.526456666975, -36.8917149995438], [174.526428333115, -36.8917449997241], [174.526401666821, -36.8917750001047], [174.526369999983, -36.8918049998295], [174.526341666532, -36.8918333333524], [174.526304999919, -36.8918566667733], [174.526275000124, -36.8918883333199], [174.526235000525, -36.8919116662744], [174.526205000514, -36.8919399995429], [174.526169999964, -36.8919683330469], [174.526140000069, -36.8919999995612], [174.526123333357, -36.8920383334755], [174.526101666432, -36.8921066669952], [174.526086666136, -36.8921450002286], [174.526076666839, -36.8921816665832], [174.526035000252, -36.8921983336269], [174.525990000221, -36.8921933330949], [174.525945000193, -36.8921999998695], [174.525921667128, -36.892231666325], [174.525895000469, -36.8922616665978], [174.525866666675, -36.8922900000131], [174.525841666436, -36.8923199996019], [174.525806667188, -36.8923466663518], [174.525769999532, -36.8923683329913], [174.525726666783, -36.8923833330625], [174.525684999806, -36.8924083331485], [174.525649999972, -36.8924366664921], [174.525608333642, -36.8924516667526], [174.52556166708, -36.8924616664158], [174.525511667066, -36.8924733331338], [174.525473332799, -36.8924950003525], [174.525433333131, -36.8925166664094], [174.525391666479, -36.8925399997577], [174.525356666971, -36.8925666663799], [174.525319999851, -36.8925933336719], [174.525290000484, -36.8926249999675], [174.525259999472, -36.8926583329085], [174.525226666352, -36.8926849997308], [174.525198333276, -36.8927133329796], [174.525158332933, -36.8927366664868], [174.525121666766, -36.8927633328048], [174.525083333866, -36.8927833332498], [174.525038333789, -36.8927849997896], [174.524991666652, -36.892769999761], [174.524946667143, -36.8927549999403], [174.524903333505, -36.8927383328186], [174.524859999505, -36.8927266664825], [174.524815000152, -36.892714999873], [174.524771666686, -36.8927016668656], [174.52472833383, -36.892689999565], [174.524683333402, -36.8926966667714], [174.524636666461, -36.8927033328143], [174.524591666433, -36.8927050000852], [174.524543333547, -36.8926916662552], [174.524503333518, -36.8926733328394], [174.52445999952, -36.8926583330923], [174.524414999923, -36.8926549994931], [174.524371667074, -36.8926399996986], [174.52432833295, -36.8926183333765], [174.524283333298, -36.8926116664637], [174.524238333311, -36.8926133335996], [174.524191666218, -36.8926133329414], [174.524151667175, -36.8926316661996], [174.524129999736, -36.8926633334742], [174.524116666479, -36.8927000000797], [174.52410833378, -36.8927366665267], [174.524108173115, -36.8927368263276]]}, "properties": {"OBJECTID": 3221, "TRACKNAME": "Fence Line Track", "CONDITIONSOFUSE": "Waitakere North Regional Park", "STATUS": "Open", "WEBLINK": "https://www.aucklandcouncil.govt.nz/en/parks-recreation/find-park-beach/park-detail/3407.html", "VALIDATIONSTATE": 3, "created_user": "AC_owner", "last_edited_user": "AC_owner", "last_edited_date": 1789875254325, "created_date": 1789875254325, "PARK_SAPSITEID": null, "TRACK_ID": null, "KAURIDIEBACK_TRACK": null, "KAURIDIEBACK_MITIGATED": null, "SegmentID": null, "GlobalID": "111bab16-4b46-4869-9acf-a411d4b74ac0", "Shape__Length": 703.6967292855087}}]}