{"type": "FeatureCollection", "features": [{"type": "Feature", "id": 444, "geometry": {"type": "LineString", "coordinates": [[174.570045516287, -36.9191729345798], [174.570072316197, -36.919191725178], [174.570085464565, -36.9192011688688], [174.570097974662, -36.9192101432753], [174.570109857525, -36.9192186392381], [174.570121113337, -36.9192266657688], [174.570131730877, -36.9192342230157], [174.570141721366, -36.9192413108308], [174.570151084619, -36.9192479202029], [174.570159809598, -36.9192540602919], [174.570167907525, -36.9192597309496], [174.570175367178, -36.9192649323243], [174.570182199593, -36.9192696552567], [174.570188404956, -36.9192739087581], [174.570193972044, -36.919277692977], [174.570198911893, -36.9192809987538], [174.570203213652, -36.9192838442595], [174.570206888173, -36.9192862113233], [174.57020993564, -36.9192881089566], [174.570212344646, -36.9192895282965], [174.570214126599, -36.9192904782059], [174.570215315906, -36.9192909942843], [174.570216472284, -36.9192915468524], [174.570217732994, -36.919292260286], [174.57021913189, -36.9192931431509], [174.570220646711, -36.9192942047553], [174.570222288495, -36.9192954359394], [174.57022404602, -36.9192968368517], [174.570225930507, -36.9192984073437], [174.570227941958, -36.9193001474156], [174.570230069333, -36.9193020662267], [174.570232334711, -36.9193041454581], [174.57023470479, -36.9193064035771], [174.570237213055, -36.9193088311275], [174.570239837061, -36.919311428406], [174.570242576992, -36.9193142044238], [174.570245454925, -36.9193171408618], [174.570248437559, -36.9193202561874], [174.570251558381, -36.9193235409442], [174.570254794942, -36.9193269954292], [174.570258158468, -36.9193306194939], [174.570261649141, -36.9193344221493], [174.57026525537, -36.9193383855217], [174.570268999232, -36.9193424912918], [174.570272934807, -36.919346639595], [174.570277073135, -36.9193508212717], [174.570281391768, -36.9193550366188], [174.570285912968, -36.9193592763281], [174.570290625698, -36.9193635495593], [174.57029554118, -36.919367856164], [174.570300636968, -36.9193721964388], [174.570305935508, -36.919376570087], [174.570311425393, -36.9193809682458], [174.570317106807, -36.9193853999264], [174.57032297975, -36.9193898651286], [174.570329055445, -36.9193943637041], [174.57033532267, -36.9193988958012], [174.57034178124, -36.9194034524088], [174.570348431524, -36.9194080515491], [174.570355273153, -36.9194126751998], [174.570362317349, -36.9194173232124], [174.57036955326, -36.9194220137576], [174.570376980701, -36.9194267378243], [174.570384599487, -36.9194314864012], [174.570392421025, -36.9194362683511], [174.570400309717, -36.9194410403989], [174.570408141371, -36.9194457681323], [174.570415927025, -36.9194504423918], [174.570423655642, -36.9194550723371], [174.570431327036, -36.9194596489568], [174.570438952615, -36.9194641811139], [174.570446520972, -36.9194686599455], [174.570454032291, -36.9194730944629], [174.570461497794, -36.9194774845176], [174.570468917298, -36.9194818210985], [174.570476268356, -36.9194861045023], [174.570483584822, -36.9194903432952], [174.570490832843, -36.919494528911], [174.570498035048, -36.9194986700643], [174.570505180215, -36.9195027669033], [174.570512279383, -36.9195068102687], [174.570519321512, -36.9195108093198], [174.570526306418, -36.9195147550456], [174.570533245324, -36.9195186472977], [174.570540127192, -36.9195224952356], [174.570546952022, -36.9195262988594], [174.570553742075, -36.9195300488611], [174.570560552357, -36.9195336904317], [174.570567405127, -36.9195372142632], [174.57057431161, -36.9195406202071], [174.570581260397, -36.9195438994008], [174.570588251859, -36.9195470698665], [174.570595296848, -36.9195501134336], [174.570602395549, -36.919553039113], [174.570609536555, -36.9195558380422], [174.57061672005, -36.9195585192322], [174.570623957441, -36.9195610915458], [174.570631236952, -36.9195635280979], [174.57063857036, -36.9195658557736], [174.570645946073, -36.9195680566989], [174.570653364459, -36.9195701488963], [174.570660836372, -36.9195721141948], [174.570668361813, -36.9195739525946], [174.570675929927, -36.9195756822663], [174.570683540345, -36.9195772851876], [174.570691204475, -36.9195787702213], [174.570698911094, -36.9195801375157], [174.57070667124, -36.9195813779113], [174.570714518212, -36.9195824729405], [174.570722640766, -36.9195833209573], [174.570731050125, -36.9195839218131], [174.570739734697, -36.9195842576339], [174.570748706258, -36.9195843553049], [174.570757953032, -36.9195841879409], [174.570767486611, -36.9195837734157], [174.57077730681, -36.9195831027181], [174.570787402405, -36.9195821759964], [174.570797784805, -36.9195810021133], [174.570808442417, -36.9195795631949], [174.570819387017, -36.9195778861261], [174.57083060683, -36.9195759440219], [174.570842113446, -36.9195737547559], [174.570853895458, -36.9195713094655], [174.570865964274, -36.9195686170131], [174.570878319524, -36.9195656593766], [174.57089095054, -36.9195624637376], [174.570903867988, -36.9195590029142], [174.570917061017, -36.9195552950771], [174.570930540664, -36.9195513310665], [174.570944295706, -36.9195471110308], [174.570957925815, -36.9195428205373], [174.570970996625, -36.9195386275764], [174.570983530767, -36.9195345408626], [174.570995517018, -36.9195305605446], [174.57100694397, -36.9195266777597], [174.571017834255, -36.9195229012223], [174.571028176649, -36.9195192310812], [174.571037959745, -36.9195156584736], [174.571047206174, -36.919512192114], [174.571055904712, -36.919508832151], [174.571064055176, -36.9195055695735], [174.571071646526, -36.9195024135413], [174.57107870121, -36.9194993637576], [174.57108520782, -36.9194964113596], [174.571091155316, -36.9194935655072], [174.571096566146, -36.9194908259036], [174.571101428902, -36.9194881836859], [174.571105743768, -36.9194856478656], [174.571109499337, -36.91948320958], [174.57111271824, -36.9194808775434], [174.571115389254, -36.9194786519041], [174.571117545863, -36.9194765232058], [174.571119613057, -36.9194744137176], [174.571121725144, -36.9194723036354], [174.571123893529, -36.919470201822], [174.571126106622, -36.9194680904035], [174.571128364606, -36.9194659783912], [174.571130678704, -36.9194638656364], [174.571133026656, -36.9194617614474], [174.571135430537, -36.9194596475048], [174.571137890533, -36.9194575328198], [174.571140384198, -36.9194554176894], [174.571142934161, -36.9194533108278], [174.571145528832, -36.919451194361], [174.571148168394, -36.9194490773003], [174.57115086407, -36.9194469594973], [174.571153604638, -36.9194448411003], [174.571156390282, -36.9194427311205], [174.571159220633, -36.9194406115355], [174.571162107098, -36.9194384912083], [174.571165027232, -36.9194363704355], [174.571168014888, -36.9194342577829], [174.571171036028, -36.9194321356738], [174.571174057352, -36.9194300225757], [174.571176932963, -36.9194279204188], [174.571179629563, -36.9194258476709], [174.571182169411, -36.9194237950238], [174.571184541285, -36.9194217626261], [174.571186745186, -36.9194197504777], [174.571188781297, -36.9194177675899], [174.57119064925, -36.9194157959402], [174.571192349414, -36.9194138535511], [174.571193881604, -36.9194119314114], [174.571195257042, -36.9194100293726], [174.571196453285, -36.9194081477317], [174.571197481553, -36.9194062863401], [174.57119835307, -36.9194044450495], [174.571199056614, -36.9194026240084], [174.571199592369, -36.9194008322277], [174.571199948927, -36.919399060845], [174.571200148549, -36.9193973005521], [174.571200180383, -36.9193955695197], [174.571200055466, -36.9193938585882], [174.571199751536, -36.9193921770659], [174.571199279449, -36.9193905067817], [174.571198827958, -36.9193887460891], [174.571198596487, -36.9193867661593], [174.571198573998, -36.919384576152], [174.571198760307, -36.919382167056], [174.571199155597, -36.9193795478824], [174.571199759685, -36.9193767096201], [174.571200584162, -36.919373670143], [174.571201606029, -36.9193704027145], [174.5712028481, -36.9193669250599], [174.571204299154, -36.9193632373278], [174.571205959189, -36.9193593395182], [174.571207839059, -36.9193552134601], [174.571209916873, -36.9193508864842], [174.571212214707, -36.919346340271], [174.571214710299, -36.9193415841286], [174.571217437134, -36.9193366086006], [174.571220361728, -36.9193314231434], [174.571223495118, -36.9193260185974], [174.571226848713, -36.9193204038252], [174.571230399881, -36.9193145701127], [174.571234171253, -36.919308526174], [174.571238129345, -36.9193022814657], [174.571242008322, -36.9192960107632], [174.57124571914, -36.9192897512989], [174.571249262169, -36.9192835210951], [174.571252637223, -36.9192773111406], [174.571255844304, -36.9192711214356], [174.571258883411, -36.91926495198], [174.571261765767, -36.9192588026254], [174.57126446911, -36.9192526826798], [174.571267015518, -36.919246573824], [174.571269382915, -36.9192404943773], [174.57127159356, -36.9192344350316], [174.571273636232, -36.9192283959354], [174.57127551093, -36.9192223770886], [174.571277217655, -36.9192163784914], [174.571278756406, -36.9192104001436], [174.571280127183, -36.9192044420453], [174.571281330172, -36.9191985132077], [174.571282365188, -36.9191926046196], [174.571283243268, -36.9191867071214], [174.571283942337, -36.9191808390323], [174.571284484655, -36.9191749910443], [174.57128493793, -36.9191691802887], [174.571285561027, -36.9191634393951], [174.571286376393, -36.9191577680666], [174.571287384211, -36.9191521753142], [174.571288584298, -36.9191466521269], [174.571289976837, -36.9191412075158], [174.571291561829, -36.9191358414809], [174.571293350312, -36.9191305448625], [174.57129531984, -36.9191253179576], [174.571297481821, -36.9191201696288], [174.571299847292, -36.9191150907166], [174.571302393994, -36.919110090529], [174.57130514437, -36.919105168769], [174.571308075792, -36.9191003167225], [174.571311210704, -36.9190955340924], [174.571314527031, -36.9190908391981], [174.571318046663, -36.919086204709], [174.571321758748, -36.919081648796], [174.571325663286, -36.919077171459], [174.571329748868, -36.9190727638354], [174.571334038125, -36.9190684346393], [174.57133851965, -36.919064175008], [174.571343070361, -36.9190600045971], [174.571347578029, -36.9190559248916], [174.571352042839, -36.9190519449026], [174.571356464792, -36.91904806463], [174.57136083248, -36.9190442752113], [174.57136515731, -36.9190405855091], [174.57136942806, -36.9190369956718], [174.57137366699, -36.9190334963914], [174.571377851839, -36.9190300969759], [174.571381993831, -36.9190267972771], [174.571386081558, -36.919023588432], [174.571390137651, -36.919020479155], [174.571394139663, -36.9190174697429], [174.571398098632, -36.9190145510363], [174.571402014745, -36.9190117320462], [174.571405876777, -36.9190090129211], [174.571409695767, -36.9190063845014], [174.571413471899, -36.9190038557982], [174.571417193767, -36.9190014179489], [174.571420883999, -36.9189990796677], [174.571424520152, -36.9189968412515], [174.57142810204, -36.9189946936892], [174.571431628923, -36.9189926009362], [174.571435077986, -36.9189905452672], [174.571438460451, -36.9189885265337], [174.571441776504, -36.9189865537468], [174.571445014736, -36.9189846180439], [174.571448186371, -36.9189827192765], [174.571451280186, -36.9189808575931], [174.571454307588, -36.9189790418564], [174.571457268393, -36.9189772630552], [174.571460151377, -36.918975521338], [174.571462967764, -36.9189738165564], [174.571465717739, -36.9189721577215], [174.571468389893, -36.9189705359705], [174.571470984228, -36.9189689513037], [174.571473523187, -36.9189674034238], [174.571475973289, -36.9189659017877], [174.571478368016, -36.9189644369386], [174.571480684923, -36.9189630091736], [174.571482935417, -36.9189616273553], [174.571485107907, -36.91896027361], [174.571487213984, -36.9189589658113], [174.571489229538, -36.918957623156], [174.571491070277, -36.9189559673378], [174.571492736015, -36.9189539893456], [174.571494237974, -36.9189516890308], [174.571495553526, -36.9189490576793], [174.571496705484, -36.9189461130165], [174.571497671034, -36.918942837317], [174.571498472806, -36.9189392392949], [174.571499099577, -36.9189353190989], [174.571499551347, -36.9189310767289], [174.571499827932, -36.9189265031737], [174.571499929516, -36.9189216074444], [174.571499856099, -36.9189163895412], [174.571499618905, -36.9189108493155], [174.571499195302, -36.918904978053], [174.571498596884, -36.9188987936277], [174.571497834504, -36.9188922778688], [174.571496897122, -36.9188854399358], [174.571495773333, -36.9188782709661], [174.571494485951, -36.918870788685], [174.571493023384, -36.9188629752187], [174.571491385817, -36.9188548395784], [174.57148980233, -36.9188466040728], [174.571488513596, -36.9188385088847], [174.571487519245, -36.9188305359917], [174.571486808239, -36.9188226945535], [174.571486380578, -36.9188149845701], [174.571486247484, -36.918807405893], [174.571486408957, -36.9187999585223], [174.57148685359, -36.9187926335952], [174.571487592976, -36.9187854489856], [174.571488626928, -36.9187783956823], [174.571489932817, -36.9187714649712], [174.571491544681, -36.918764674429], [174.571493439704, -36.9187580063305], [174.571495629295, -36.9187514695383], [174.571498102229, -36.9187450642008], [174.57150086973, -36.9187387901696], [174.571503920574, -36.9187326475931], [174.571507265986, -36.9187266363228], [174.571510894741, -36.9187207565072], [174.571514818063, -36.9187150079978], [174.571519035767, -36.9187093817834], [174.571523514553, -36.9187038963317], [174.571528051303, -36.9186985002489], [174.571532556602, -36.9186932127453], [174.571537052528, -36.9186880155016], [174.571541516819, -36.9186829178259], [174.571545960514, -36.9186779105586], [174.571550383982, -36.9186730117219], [174.571554786668, -36.9186681942825], [174.571559169128, -36.9186634852739], [174.571563519768, -36.9186588668221], [174.57156786122, -36.9186543476413], [174.571572170852, -36.9186499190175], [174.571576460072, -36.9186455898132], [174.571580728881, -36.9186413600284], [174.571584977094, -36.9186372206521], [174.571589204895, -36.9186331806953], [174.571593412284, -36.9186292401581], [174.571597587854, -36.9186253901778], [174.571601743013, -36.9186216396171], [174.571605888798, -36.9186179793163], [174.571610003134, -36.9186144275947], [174.571614096874, -36.9186109662815], [174.571618203315, -36.9186075769089], [174.57162244517, -36.9186042217986], [174.571626833105, -36.9186008737687], [174.571631367307, -36.9185975418303], [174.571636036736, -36.9185942351431], [174.571640863653, -36.9185909443988], [174.571645825614, -36.9185876698944], [174.571650922617, -36.9185844116301], [174.571656177109, -36.9185811693085], [174.571661566644, -36.9185779432269], [174.571667113852, -36.9185747420994], [174.571672795918, -36.9185715482005], [174.571678613211, -36.9185683795526], [174.571684587994, -36.9185652268475], [174.571690697818, -36.9185620903823], [174.571696953909, -36.9185589700083], [174.571703356265, -36.9185558657255], [174.571709904887, -36.918552777534], [174.571716588736, -36.9185497145933], [174.571723418666, -36.9185466587327], [174.571730395046, -36.9185436279744], [174.571737517692, -36.9185406133071], [174.571744663337, -36.9185376253759], [174.571751708717, -36.9185346748256], [174.571758665239, -36.9185317705189], [174.571765521496, -36.918528903593], [174.57177228871, -36.9185260738996], [174.571778966881, -36.9185232814386], [174.571785533748, -36.9185205355183], [174.571792022796, -36.918517826682], [174.571798400355, -36.9185151553751], [174.571804700095, -36.9185125211523], [174.571810888531, -36.9185099334702], [174.571816987924, -36.9185073830206], [174.571822998275, -36.9185048698035], [174.571828908361, -36.9185023939676], [174.571834729589, -36.9184999643753], [174.571840450551, -36.9184975721642], [174.571846071248, -36.9184952173342], [174.571851603088, -36.9184929087479], [174.5718570457, -36.9184906283831], [174.571862388232, -36.9184883944107], [174.571867630683, -36.9184862068306], [174.571872806168, -36.9184840381637], [174.571878137661, -36.9184818133503], [174.571883713834, -36.918479477135], [174.571889524021, -36.9184770566998], [174.571895567665, -36.9184745250113], [174.571901845137, -36.9184719000916], [174.571908367475, -36.9184691727811], [174.571915123455, -36.9184663432284], [174.571922124485, -36.9184634202958], [174.571929359159, -36.9184603951209], [174.571936816436, -36.9184572768632], [174.571944529802, -36.9184540560659], [174.571952465587, -36.9184507331746], [174.571960646238, -36.9184473078923], [174.571969071938, -36.9184437892298], [174.571977720058, -36.9184401684733], [174.571986613228, -36.9184364543366], [174.571995740039, -36.9184326379572], [174.572005100493, -36.9184287193349], [174.572014705996, -36.9184247073324], [174.572024545141, -36.9184205930869], [174.572034629151, -36.9184163764498], [174.572044812129, -36.9184120593523], [174.572054689317, -36.9184076110976], [174.572064227045, -36.9184030321313], [174.572073436537, -36.9183983223051], [174.572082306756, -36.9183934907787], [174.57209083733, -36.9183885195298], [174.57209902863, -36.918383426581], [174.57210689151, -36.9183781937612], [174.572114403893, -36.9183728393901], [174.572121588039, -36.9183673541595], [174.572128432727, -36.9183617382179], [174.572134937957, -36.9183559915654], [174.572141103727, -36.918350114202], [174.572146930039, -36.918344106128], [174.572152428116, -36.9183379671946], [174.572157586733, -36.9183316975505], [174.572162406078, -36.9183253062069], [174.572166885779, -36.9183187751416], [174.572171026206, -36.9183121223768], [174.572174838213, -36.9183053297418], [174.572178299724, -36.918298415556], [174.572181433, -36.9182913705112], [174.572184382271, -36.9182841115757], [174.57218730336, -36.9182765735915], [174.572190184675, -36.918268738685], [174.57219304903, -36.9182606245813], [174.572195873611, -36.9182522135552], [174.57219867001, -36.9182435234805], [174.572201438042, -36.918234545346], [174.572204177707, -36.9182252791518], [174.57220688882, -36.9182157158866], [174.572209571751, -36.9182058735728], [174.572212215093, -36.9181957433478], [174.57221484129, -36.9181853249145], [174.572217427898, -36.9181746185699], [174.572219986138, -36.9181636241656], [174.572222516012, -36.9181523417015], [174.572225017519, -36.9181407711777], [174.572227490658, -36.9181289125941], [174.572229924393, -36.9181167751104], [174.572232340798, -36.9181043404073], [174.572234717614, -36.918091617793], [174.572237077285, -36.9180786069703], [174.572239398292, -36.9180653532922], [174.572241724294, -36.9180523429152], [174.572244047583, -36.9180397471996], [174.572246390051, -36.9180275388149], [174.57224874103, -36.9180157449431], [174.572251100149, -36.9180043475619], [174.572253467595, -36.9179933556825], [174.572255832143, -36.9179827694534], [174.572258216239, -36.9179725885775], [174.572260608477, -36.9179628041922], [174.57226300904, -36.9179534253087], [174.572265406522, -36.9179444430644], [174.572267823737, -36.9179358751844], [174.572270249093, -36.917927703795], [174.572272682775, -36.9179199379074], [174.572275113375, -36.917912568659], [174.572277563709, -36.9179056137749], [174.572280022185, -36.9178990553815], [174.572282488986, -36.9178929024898], [174.572284963928, -36.9178871460887], [174.572287436159, -36.9178818043491], [174.572289927754, -36.9178768589515], [174.572292414417, -36.9178722200817], [174.572294833743, -36.9178675821032], [174.572297196401, -36.9178629178341], [174.57229950239, -36.9178582272743], [174.572301740673, -36.9178535195836], [174.572303933324, -36.9178487764426], [174.572306047047, -36.9178440163192], [174.572308104101, -36.9178392299052], [174.572310104301, -36.9178344081895], [174.572312048202, -36.9178295782054], [174.572313924027, -36.9178247130682], [174.572315743183, -36.9178198216403], [174.572317494634, -36.9178149130815], [174.57231918923, -36.917809969221], [174.572320827343, -36.917805008081], [174.572322397564, -36.917800020799], [174.572323911117, -36.9177950072264], [174.572325368001, -36.9177899673632], [174.572326756994, -36.917784901358], [174.572328089504, -36.9177798180733], [174.572329354122, -36.9177747086466], [174.572330561886, -36.9177695639182], [174.572334726144, -36.9177422065904], [174.572337272162, -36.9177229648999], [174.572339890946, -36.9177045334701], [174.572342571088, -36.9176869034384], [174.572345312772, -36.9176700838159], [174.572348127223, -36.9176540744541], [174.572351003216, -36.9176388755015], [174.572353940568, -36.9176244779471], [174.572356950686, -36.9176108906533], [174.572360022161, -36.9175981047576], [174.572363166588, -36.9175861381337], [174.572366372373, -36.9175749729079], [174.572369639516, -36.9175646090802], [174.572372979425, -36.9175550555132], [174.572376380878, -36.9175463123554], [174.572379843874, -36.9175383796069], [174.572383379452, -36.9175312481078], [174.572386976573, -36.9175249270179], [174.572390635238, -36.9175194163373], [174.572394366485, -36.9175147069061], [174.572398087129, -36.9175105744858], [174.572401546321, -36.9175062832819], [174.572404720322, -36.9175017705136], [174.572407631946, -36.9174970539062], [174.572410258377, -36.9174921157345], [174.57241261084, -36.9174869558499], [174.572414689703, -36.9174815922747], [174.572416494597, -36.9174760069867], [174.572418014669, -36.9174702181568], [174.57241927181, -36.9174641984542], [174.572420244129, -36.9174579752098], [174.572420931441, -36.9174515394122], [174.572421356007, -36.9174448817533], [174.572421495567, -36.9174380115413], [174.572421361343, -36.9174309286276], [174.572420953335, -36.9174236330123], [174.572420271358, -36.9174161156841], [174.572419315598, -36.9174083856542], [174.572418074832, -36.9174004430713], [174.572416560283, -36.9173922877866], [174.572414783543, -36.917383937674], [174.57241284013, -36.9173756708904], [174.572410765007, -36.9173675500681], [174.572408558544, -36.9173595932296], [174.572406209148, -36.9173517825009], [174.572403739636, -36.9173441356072], [174.572401138413, -36.9173366346749], [174.572398394442, -36.9173292888636], [174.572395518947, -36.9173220980248], [174.572392512112, -36.9173150711696], [174.572389373568, -36.9173081902756], [174.572386103498, -36.9173014643541], [174.572382701903, -36.917294893405], [174.572379168784, -36.9172884774283], [174.57237550414, -36.9172822164239], [174.572371696564, -36.9172761015294], [174.572367768871, -36.9172701504699], [174.57236369843, -36.9172643545312], [174.572359496464, -36.9172587135649], [174.572355162789, -36.9172532185598], [174.572350697774, -36.9172478875381], [174.572346346651, -36.9172426361308], [174.572342321353, -36.9172373984371], [174.572338622066, -36.917232183468], [174.572335248604, -36.9172269822124], [174.572332200968, -36.9172217946704], [174.572329479342, -36.9172166298531], [174.572327083541, -36.9172114787495], [174.57232501375, -36.9172063503706], [174.572323281007, -36.9172012355568], [174.572321863052, -36.9171961436164], [174.572320770921, -36.9171910653897], [174.572320015838, -36.9171860007281], [174.572319575542, -36.91718095894], [174.572319472479, -36.9171759397281], [174.572319683833, -36.9171709253674], [174.572320232419, -36.9171659335829], [174.572321107014, -36.9171609645234], [174.572322296212, -36.9171560093261], [174.572323822456, -36.9171510676939], [174.57232567471, -36.9171461487866], [174.57232779723, -36.9171412713692], [174.572330045974, -36.9171365274848], [174.572332398312, -36.9171319084193], [174.572334865465, -36.9171274140242], [174.572337436396, -36.9171230534592], [174.572340133366, -36.9171188174159], [174.572342934114, -36.9171147152027], [174.572345838641, -36.9171107468196], [174.572348869206, -36.9171069029582], [174.572352003364, -36.9171031839156], [174.572355241301, -36.9170995987032], [174.572358605461, -36.9170961470235], [174.572362073214, -36.9170928201628], [174.572365655968, -36.9170896269834], [174.572369342315, -36.917086558623], [174.572373143479, -36.9170836149327], [174.572377059828, -36.917080813935], [174.572381079585, -36.917078128745], [174.572385225751, -36.9170755860989], [174.572389464103, -36.9170731594091], [174.57239384027, -36.9170708841257], [174.57239844533, -36.9170688221382], [174.572403324727, -36.9170669998858], [174.572408467423, -36.9170654265281], [174.572413873235, -36.9170640930539], [174.572419542161, -36.9170629994632], [174.572425485609, -36.9170621546186], [174.572431691988, -36.9170615406462], [174.572438172889, -36.9170611754198], [174.572444905682, -36.9170610502253], [174.572451912998, -36.9170611737766], [174.572459183429, -36.9170615372112], [174.572466728198, -36.9170621403804], [174.57247452486, -36.9170629835812], [174.572482595859, -36.9170640665166], [174.572490941381, -36.9170653981976], [174.572499538797, -36.9170669699102], [174.57250841055, -36.917068781357], [174.572517545605, -36.9170708416978], [174.572526954997, -36.9170731417729], [174.572536616283, -36.9170756818792], [174.572546392386, -36.9170783466549], [174.572556124155, -36.9170810390576], [174.572565822997, -36.9170837679499], [174.572575488912, -36.9170865333318], [174.572585132938, -36.9170893260436], [174.572594732815, -36.9170921553935], [174.572604299765, -36.917095021233], [174.572613833603, -36.917097914551], [174.572623334514, -36.9171008443586], [174.572632813536, -36.9171038014961], [174.572642248409, -36.9171067952718], [174.57265165017, -36.9171098165261], [174.572661030227, -36.9171128741214], [174.572670366135, -36.9171159683549], [174.572679668931, -36.9171190900669], [174.572688950023, -36.9171222481201], [174.572698186966, -36.9171254428115], [174.572707390797, -36.9171286649814], [174.572716572739, -36.9171319144813], [174.572725710717, -36.9171352096307], [174.572734781915, -36.9171385327044], [174.572743685886, -36.9171419120735], [174.572752422445, -36.9171453387269], [174.572760980554, -36.9171488218244], [174.572769360029, -36.9171523523548], [174.572777583313, -36.9171559300209], [174.57278561711, -36.917159573291], [174.572793494533, -36.9171632546857], [174.572801182283, -36.9171669926733], [174.572808714028, -36.9171707868079], [174.572816055915, -36.9171746285244], [174.572823241613, -36.9171785173767], [174.572830248861, -36.9171824626735], [174.572837077474, -36.9171864554035], [174.57284373886, -36.9171905044293], [174.572850232834, -36.9171946007398], [174.572856548357, -36.9171987534947], [174.572862696468, -36.9172029535345], [174.572868666129, -36.9172072100188], [174.572874468377, -36.9172115137878], [174.572880103584, -36.9172158828641], [174.572885718567, -36.917220360371], [174.572891336327, -36.917224973045], [174.572896967902, -36.9172297117261], [174.572902591031, -36.9172345857228], [174.572908216938, -36.9172395948864], [174.572913845437, -36.9172447302059], [174.572919476713, -36.9172500006923], [174.572925110581, -36.9172553973346], [174.572930747042, -36.9172609201326], [174.572936386465, -36.9172665871087], [174.572942028296, -36.9172723712295], [174.572947672903, -36.9172782905173], [174.572953320289, -36.9172843449719], [174.572958970267, -36.9172905255824], [174.572964623022, -36.9172968413598], [174.572970278555, -36.9173032923042], [174.572975936496, -36.9173098603932], [174.572981608621, -36.9173165725117], [174.572987272117, -36.9173234109345], [174.572992938206, -36.9173303755132], [174.572998680817, -36.9173372399285], [174.573004552732, -36.9173438412365], [174.573010565174, -36.9173501792885], [174.573016695697, -36.9173562543819], [174.573022966561, -36.9173620572081], [174.573029366913, -36.9173676059382], [174.57303589657, -36.9173728915608], [174.573042555345, -36.917377905065], [174.573049343609, -36.9173826644728], [174.573056260991, -36.9173871517621], [174.573063319084, -36.9173913848064], [174.573070495073, -36.9173953458807], [174.573077811588, -36.9173990436989], [174.573085246184, -36.9174024785582], [174.573092821491, -36.9174056591725], [174.573100525915, -36.917408567668], [174.573108359643, -36.9174112130559], [174.573116322674, -36.9174135953363], [174.573124415008, -36.917415714509], [174.573132647868, -36.9174175704254], [174.573140911063, -36.9174192636945], [174.573149030031, -36.9174210399959], [174.573156982511, -36.917422908638], [174.573164768505, -36.9174248696209], [174.573172399048, -36.9174269137846], [174.573179874326, -36.9174290501406], [174.573187183118, -36.9174312788373], [174.573194325236, -36.9174335908638], [174.573201312091, -36.9174359950825], [174.573208132272, -36.9174384826309], [174.573214797374, -36.9174410713828], [174.573221307027, -36.9174437433159], [174.573227638784, -36.9174464987274], [174.573233815462, -36.9174493553425], [174.57323983669, -36.9174522951388], [174.573245691431, -36.9174553272761], [174.573251390722, -36.9174584425948], [174.573256923526, -36.9174616502546], [174.573262301065, -36.9174649501068], [174.573267512117, -36.9174683423002], [174.573272578941, -36.9174718175263], [174.573277647618, -36.9174753828637], [174.57328275163, -36.9174790288551], [174.573287879938, -36.9174827646605], [174.573293032544, -36.9174865902798], [174.573298220669, -36.9174905055644], [174.573303432907, -36.9174945016516], [174.573308680665, -36.9174985874042], [174.57331395272, -36.9175027629706], [174.573319260109, -36.9175070191911], [174.573324591797, -36.9175113652254], [174.573329947781, -36.9175158010737], [174.5733353391, -36.917520317576], [174.573340754717, -36.9175249238922], [174.573346205854, -36.9175296198736], [174.573351681288, -36.9175344056688], [174.573357180835, -36.9175392722668], [174.573362715902, -36.9175442285299], [174.573368286304, -36.9175492654471], [174.573373869781, -36.9175543923268], [174.5733795, -36.917559608723], [174.573385127443, -36.9175646899517], [174.573390749517, -36.9175695098568], [174.573396366222, -36.9175740684383], [174.573401977558, -36.9175783656964], [174.573407583525, -36.9175824016309], [174.573413184123, -36.9175861762418], [174.573418779352, -36.9175896895292], [174.573424369211, -36.917592941493], [174.573429953701, -36.9175959321334], [174.573435532636, -36.917598652439], [174.573441106387, -36.9176011204322], [174.573446674768, -36.917603327102], [174.573452237595, -36.917605263437], [174.573457795237, -36.9176069474597], [174.573463347324, -36.9176083611477], [174.573468894042, -36.9176095135122], [174.573474446797, -36.9176104134156], [174.573479982775, -36.917611043133], [174.573485513383, -36.917611411527], [174.573491038621, -36.9176115185974], [174.57349655997, -36.9176114364335], [174.573502079653, -36.9176112731691], [174.573507598039, -36.9176110468263], [174.573513115129, -36.9176107574052], [174.573518630923, -36.9176104049059], [174.57352414542, -36.9176099893283], [174.573529658436, -36.9176095016613], [174.573535170156, -36.917608950916], [174.573540680394, -36.9176083280812], [174.573546189521, -36.9176076511794], [174.573551708389, -36.9176069020394], [174.573557214738, -36.9176060899698], [174.573562719605, -36.9176052058108], [174.573568223362, -36.9176042675847], [174.573573725636, -36.9176032572691], [174.573579226614, -36.9176021838753], [174.573584726111, -36.9176010383921], [174.573590224311, -36.9175998298306], [174.573595721214, -36.9175985581907], [174.573601216821, -36.9175972234727], [174.57360672291, -36.9175958525611], [174.573612276297, -36.9175945981993], [174.573617877722, -36.9175934964321], [174.57362354963, -36.9175925469618], [174.573629269393, -36.9175917410749], [174.573635048601, -36.9175910966448], [174.573640887071, -36.9175906046604], [174.573646784802, -36.9175902651217], [174.573652741795, -36.9175900780287], [174.573658746641, -36.917590034519], [174.573664822156, -36.9175901523173], [174.573670945525, -36.9175904136989], [174.573677128341, -36.9175908365373], [174.573683370233, -36.9175914028102], [174.573689671572, -36.9175921305398], [174.573696031987, -36.917593001704], [174.573702440441, -36.9175940254624], [174.573708908342, -36.9175952106776], [174.573715446543, -36.9175965391786], [174.573722032782, -36.9175980202738], [174.573728666875, -36.9175996449522], [174.57373531034, -36.91760117937], [174.573741914951, -36.9176024619215], [174.573748503524, -36.9176035103315], [174.573755042206, -36.9176043160351], [174.573761553628, -36.917604887746], [174.573768037604, -36.917605216453], [174.573774494319, -36.9176053111672], [174.573780900959, -36.9176051541639], [174.57378729156, -36.9176047630192], [174.573793643677, -36.9176041380305], [174.573799968349, -36.917603270038], [174.573806254352, -36.9176021591903], [174.573812513094, -36.91760081435], [174.573818733167, -36.9175992266546], [174.573824925794, -36.9175973959554], [174.573831091159, -36.9175953312635], [174.573837217856, -36.9175930237165], [174.573843317106, -36.9175904731658], [174.573849377873, -36.9175876887711], [174.573855411193, -36.9175846613726], [174.573861475587, -36.9175815073717], [174.573867710172, -36.9175784412511], [174.57387410354, -36.9175754541484], [174.5738806671, -36.917572554926], [174.573887389628, -36.9175697437326], [174.573894282161, -36.9175670114084], [174.573901333663, -36.917564367113], [174.573908555357, -36.9175618106979], [174.573915947055, -36.9175593331517], [174.573923497723, -36.9175569436344], [174.573931207359, -36.9175546421459], [174.573939087, -36.9175524195264], [174.573947125611, -36.9175502849356], [174.573955345634, -36.9175482380761], [174.573963713219, -36.9175462703828], [174.573972250995, -36.9175443905694], [174.573980958961, -36.917542598636], [174.573989825711, -36.91754088572], [174.573998862838, -36.9175392696949], [174.574008058748, -36.9175377326872], [174.574017389699, -36.9175362119163], [174.574026713241, -36.9175343306989], [174.574036006001, -36.9175320442767], [174.574045256571, -36.9175293437874], [174.57405447599, -36.9175262200711], [174.574063653404, -36.9175226912988], [174.574072799666, -36.9175187392995], [174.574081915145, -36.9175143820955], [174.574090988435, -36.9175096108244], [174.574100030571, -36.9175044163264], [174.574109030703, -36.9174988167724], [174.574117999681, -36.9174927939915], [174.574126926654, -36.9174863661547], [174.574135822658, -36.9174795241021], [174.57414468751, -36.9174722588226], [174.574153510355, -36.9174645884873], [174.574162302047, -36.917456494925], [174.574171051732, -36.9174479963069], [174.574179770264, -36.9174390744619], [174.574188446789, -36.9174297475611], [174.57419709253, -36.9174200154557], [174.574205484596, -36.9174105030385], [174.574213538763, -36.9174014818337], [174.574221255587, -36.917392978875], [174.574228623476, -36.9173849762888], [174.574235642615, -36.9173774830863], [174.574242335265, -36.917370489959], [174.574248668127, -36.9173640153754], [174.574254663092, -36.9173580320047], [174.574260320716, -36.9173525668803], [174.574265629406, -36.9173476021288], [174.57427060057, -36.9173431466126], [174.574275222985, -36.9173392004804], [174.574279507689, -36.9173357545725], [174.574283443645, -36.9173328180487], [174.574287042076, -36.9173303907604], [174.574290291572, -36.9173284638451], [174.574293203729, -36.9173270551764], [174.574295766768, -36.9173261378697], [174.574297992466, -36.9173257388097], [174.574299880454, -36.9173258399741], [174.5743016717, -36.9173261497337], [174.574303771435, -36.9173261759824], [174.574306201919, -36.9173259094117], [174.574308941077, -36.9173253683414], [174.574312010799, -36.9173245254405], [174.57431538901, -36.9173233990287], [174.574319098155, -36.9173219888085], [174.574323126826, -36.9173202859175], [174.574327475208, -36.9173182993669], [174.574332143116, -36.9173160201454], [174.574337130736, -36.9173134572641], [174.574342437881, -36.9173106017119], [174.574348064738, -36.9173074624999], [174.57435401112, -36.9173040306168], [174.574360277213, -36.9173003150739], [174.574366863017, -36.9172963158709], [174.574373779568, -36.9172920238481], [174.574381004422, -36.9172874393027], [174.574388548987, -36.9172825710973], [174.574396424298, -36.9172774100717], [174.574404553282, -36.9172720293566], [174.574412638671, -36.9172667123139], [174.574420647724, -36.9172615044458], [174.574428580626, -36.9172564147635], [174.574436437008, -36.9172514252447], [174.574444206017, -36.9172465540604], [174.574451909912, -36.9172417919019], [174.57445952625, -36.9172371390669], [174.574467055029, -36.9172325955554], [174.574474518696, -36.9172281610698], [174.574481894805, -36.9172238359076], [174.574489183355, -36.9172196200689], [174.574496406979, -36.9172155222673], [174.574503542859, -36.9172115247781], [174.574510602589, -36.9172076454748], [174.574517585799, -36.9172038663351], [174.574524492859, -36.9172002053813], [174.574531312361, -36.9171966537511], [174.574538055528, -36.9171932112958], [174.57454472236, -36.9171898780152], [174.574551301635, -36.9171866540582], [174.574557846315, -36.9171833854916], [174.574564354918, -36.917180000226], [174.574570839037, -36.9171765161352], [174.574577298301, -36.9171729151967], [174.574583721858, -36.9171692155816], [174.574590109339, -36.9171653992677], [174.57459647215, -36.9171614751174], [174.574602810291, -36.9171574431306], [174.574609123764, -36.9171533033074], [174.574615401344, -36.9171490557964], [174.574621642847, -36.9171446915867], [174.574627859866, -36.9171402285517], [174.574634052215, -36.9171356576802], [174.574640208487, -36.9171309701099], [174.574646340089, -36.9171261747033], [174.574652435799, -36.917121271609], [174.57465850684, -36.9171162606782], [174.574664553211, -36.9171111419111], [174.57467056369, -36.9171059154563], [174.574676549499, -36.9171005811651], [174.574682480306, -36.9170953016845], [174.574688339041, -36.9170903386351], [174.574694125333, -36.9170856739947], [174.574699827958, -36.9170813079121], [174.574705469734, -36.917077258112], [174.57471102803, -36.9170735158809], [174.574716502659, -36.9170700722076], [174.57472191644, -36.9170669448168], [174.574727246554, -36.9170641159839], [174.574732504597, -36.9170616035823], [174.574737690197, -36.9170593895897], [174.574742792317, -36.9170574831662], [174.57474782218, -36.9170558841629], [174.574752779785, -36.9170545925798], [174.574757664949, -36.9170535994058], [174.574762466818, -36.917052922812], [174.574767196429, -36.9170525536385], [174.574771853599, -36.9170524828741], [174.574776438512, -36.91705271953], [174.57478094013, -36.917053272766], [174.574785401122, -36.9170540338534], [174.57478991526, -36.9170546500183], [174.574794515102, -36.9170550667475], [174.57479918961, -36.9170552932009], [174.574803938413, -36.9170553113562], [174.574808773105, -36.9170551390869], [174.574813682278, -36.9170547675306], [174.574818665931, -36.9170541966873], [174.574823724064, -36.917053426557], [174.574828868086, -36.9170524660021], [174.574834086403, -36.9170512971491], [174.574839379386, -36.9170499380202], [174.574844747034, -36.9170483886154], [174.5748502002, -36.9170466307636], [174.574855727846, -36.9170446736248], [174.574861330158, -36.9170425262101], [174.574867018172, -36.9170401793595], [174.574872769444, -36.9170376333707], [174.574878606604, -36.9170348969571], [174.574884518244, -36.9170319612564], [174.574890504363, -36.9170288262686], [174.57489647926, -36.9170256914294], [174.574902399526, -36.917022629423], [174.574908264792, -36.9170196222273], [174.574914075426, -36.9170166878646], [174.574919831245, -36.9170138173236], [174.574925543656, -36.9170110194668], [174.574931189844, -36.9170082765695], [174.574936792623, -36.9170056063563], [174.574942340587, -36.9170029999649], [174.574947833921, -36.9170004664065], [174.574953272254, -36.9169979876589], [174.574958655956, -36.9169955817442], [174.574963996251, -36.9169932485137], [174.574969270322, -36.9169909702427], [174.574974500985, -36.9169887646559], [174.574979676833, -36.916986622891], [174.574984797865, -36.916984544948], [174.574989864268, -36.916982539838], [174.574994887077, -36.9169805984011], [174.574999843848, -36.9169787209349], [174.575004823064, -36.9169768431709], [174.575009912652, -36.916974873807], [174.575015112611, -36.9169728128432], [174.575020411904, -36.9169706694395], [174.575025821755, -36.916968443447], [174.575031330568, -36.9169661169923], [174.575036949939, -36.9169637079487], [174.575042679681, -36.9169612073053], [174.57504851998, -36.916958624073], [174.575054459242, -36.9169559403784], [174.575060509061, -36.9169531740949], [174.575066669436, -36.9169503252226], [174.575072928961, -36.9169473848991], [174.575079298856, -36.9169443529755], [174.575085779122, -36.9169412294519], [174.575092358723, -36.9169380234881], [174.575099048695, -36.9169347259243], [174.575105849037, -36.9169313367603], [174.575112748714, -36.9169278651562], [174.575119758761, -36.9169243019519], [174.575126867586, -36.916920629274], [174.575134062298, -36.9169167661711], [174.575141331489, -36.9169127037808], [174.575148675344, -36.9169084511142], [174.575156093678, -36.9169039991603], [174.575163597713, -36.91689934777], [174.575171176412, -36.9168945061035], [174.575178818367, -36.9168894652984], [174.575186557246, -36.9168842249081], [174.575194359381, -36.9168787853793], [174.575202236179, -36.916873155574], [174.575210198678, -36.9168673263325], [174.575218235655, -36.9168612978034], [174.57522634711, -36.9168550699868], [174.575234533229, -36.9168486518938], [174.575242805048, -36.9168420343644], [174.575251151345, -36.9168352175475], [174.575259572306, -36.9168282104541], [174.575268067743, -36.9168210040731], [174.575276637659, -36.9168135984045], [174.575285282608, -36.9168060204817], [174.575293840927, -36.9167985969384], [174.575302281729, -36.9167914633885], [174.575310582569, -36.9167846201295], [174.575318765522, -36.9167780488416], [174.575326819735, -36.9167717676959], [174.575334733987, -36.9167657768413], [174.575342530352, -36.9167600579578], [174.575350197978, -36.9167546292165], [174.575357725643, -36.9167494907664], [174.575365135422, -36.9167446242875], [174.575372416462, -36.9167400479509], [174.575379568763, -36.9167357617567], [174.575386580733, -36.9167317478314], [174.575393475373, -36.9167280329108], [174.575400240904, -36.9167245901103], [174.575406877698, -36.9167214374523], [174.575413385568, -36.9167185659256], [174.575419764514, -36.9167159755303], [174.575426014724, -36.9167136752775], [174.575432124787, -36.9167116563048], [174.575438137, -36.9167097918611], [174.575444025765, -36.9167079290546], [174.575449802305, -36.9167060677364], [174.575455477842, -36.9167042077578], [174.575461041154, -36.9167023492676], [174.575466492241, -36.9167004922658], [174.575471842326, -36.9166986366036], [174.57547708037, -36.9166967914409], [174.575482206004, -36.9166949387556], [174.575487219599, -36.91669309657], [174.575492120782, -36.9166912468616], [174.575496921149, -36.9166894075041], [174.575501609105, -36.9166875606239], [174.575506185022, -36.9166857242434], [174.575510659935, -36.9166838892026], [174.575515022624, -36.9166820556503], [174.575519273088, -36.9166802235866], [174.575523411327, -36.9166783930115], [174.575527437341, -36.916676563925], [174.575531362352, -36.9166747361782], [174.575535152693, -36.9166729102178], [174.575538741585, -36.9166711139703], [174.575542095362, -36.9166693478826], [174.575545247504, -36.9166676024969], [174.575548175568, -36.9166658781108], [174.575550890775, -36.9166641745756], [174.575553382089, -36.9166625010512], [174.575555660731, -36.9166608573889], [174.575557726517, -36.9166592345775], [174.575559568225, -36.9166576327658], [174.575561197261, -36.9166560608162], [174.575562613441, -36.9166545097174], [174.575563805728, -36.9166529886297], [174.575564785158, -36.9166514883928], [174.575565540509, -36.9166500091558], [174.57556608319, -36.9166485597808], [174.575566413014, -36.9166471312567], [174.575566518945, -36.9166457327436], [174.57556641202, -36.9166443550815], [174.575566092424, -36.9166430072814], [174.575565571194, -36.9166416801834], [174.575565208377, -36.9166404140791], [174.575565105345, -36.9166392256509], [174.575565273136, -36.9166381057388], [174.575565689305, -36.9166370546404], [174.575566376482, -36.9166360810693], [174.575567323259, -36.9166351761631], [174.575568529822, -36.916634348933], [174.575569995985, -36.9166335903678], [174.575571732971, -36.9166329003186], [174.57557371852, -36.9166322880944], [174.575575974892, -36.9166317443862], [174.575578491049, -36.916631278354], [174.575581278029, -36.9166308808377], [174.575584313387, -36.9166305521352], [174.575587619753, -36.9166303009598], [174.575591185719, -36.9166301184492], [174.575595011285, -36.9166300046033], [174.575599096637, -36.9166299684333], [174.575603452812, -36.9166300007792], [174.575608068772, -36.9166301108009], [174.575612797884, -36.9166302643893], [174.575617493886, -36.9166304454576], [174.57562215659, -36.9166306449946], [174.575626786183, -36.9166308720115], [174.575631393888, -36.9166311263594], [174.575635968296, -36.9166313991761], [174.575640509408, -36.9166316904615], [174.575645017594, -36.9166320182379], [174.575649492483, -36.9166323644831], [174.575653945298, -36.9166327290482], [174.575658365002, -36.9166331210932], [174.575662740373, -36.9166335407669], [174.575667093669, -36.9166339787606], [174.575671425077, -36.9166344440853], [174.575675711966, -36.9166349280276], [174.575679976966, -36.916635439301], [174.575684197632, -36.9166359782032], [174.575688396225, -36.9166365354253], [174.575692561706, -36.9166371201274], [174.575696705299, -36.9166377321605], [174.57570080289, -36.9166382907221], [174.575704861064, -36.916638570385], [174.57570886823, -36.9166385532758], [174.575712846832, -36.9166382390966], [174.575716763387, -36.9166376373053], [174.575720640156, -36.9166367385931], [174.575724477138, -36.9166355429597], [174.575728263111, -36.9166340505543], [174.575732009483, -36.916632270239], [174.575735716067, -36.9166301930027], [174.575739371643, -36.9166278189943], [174.575742976209, -36.9166251482138], [174.57574655221, -36.9166221803634], [174.575750066165, -36.9166189249009], [174.575753551556, -36.9166153723686], [174.575756985937, -36.9166115230642], [174.575760369494, -36.9166073859989], [174.575763713078, -36.9166029430014], [174.57576701706, -36.9165982120941], [174.575770270033, -36.9165931844148], [174.575773483775, -36.9165878868479], [174.575776710223, -36.9165826612211], [174.575779973119, -36.9165775703147], [174.575783261798, -36.9165726413108], [174.575786587295, -36.9165678650496], [174.57578993839, -36.9165632416798], [174.575793315082, -36.9165587712014], [174.575796728593, -36.9165544534657], [174.575800167516, -36.9165502796102], [174.575803643444, -36.9165462675085], [174.575807144783, -36.916542399287], [174.575810683127, -36.9165386928193], [174.575814235661, -36.9165351303807], [174.575817836422, -36.916531729547], [174.575821462594, -36.9165284725935], [174.575825114364, -36.9165253685315], [174.575828791916, -36.9165224263721], [174.575832506102, -36.9165196279441], [174.575836257108, -36.9165169822586], [174.575840033711, -36.9165144894645], [174.575843835912, -36.9165121495618], [174.575847887602, -36.9165099325391], [174.575852379379, -36.9165078268539], [174.575857311056, -36.9165058234949], [174.575862671227, -36.9165039135998], [174.575868471483, -36.916502115042], [174.575874711641, -36.9165004188102], [174.575881380477, -36.9164988250533], [174.575888489214, -36.9164973336224], [174.575896038037, -36.9164959535284], [174.575904026576, -36.9164946667491], [174.575912455015, -36.9164934822954], [174.575921312318, -36.9164924093274], [174.575930609522, -36.9164914386848], [174.575940335219, -36.9164905615054], [174.575950512225, -36.9164897955134], [174.575961117909, -36.9164891319955], [174.575972163494, -36.9164885708027], [174.575983637943, -36.9164881210949], [174.57599556333, -36.9164877645517], [174.576007917396, -36.9164875104821], [174.576020485616, -36.9164872986374], [174.576032657711, -36.9164869298032], [174.576044388421, -36.916486386553], [174.576055689154, -36.916485677749], [174.576066548501, -36.9164847945292], [174.576076955427, -36.9164837460538], [174.576086943597, -36.9164825318762], [174.576096479159, -36.916481143432], [174.576105584744, -36.9164795894348], [174.576114249129, -36.9164778700334], [174.576122472129, -36.9164759762169], [174.576130253928, -36.9164739169965], [174.576137605564, -36.9164716832122], [174.576144516186, -36.9164692930353], [174.576150985237, -36.9164667194325], [174.576157024495, -36.9164639892883], [174.576162622369, -36.9164610847294], [174.576167778856, -36.9164580057559], [174.576172494329, -36.9164547703902], [174.576176779639, -36.916451360461], [174.576180657602, -36.9164477936929], [174.576184492159, -36.9164442996094], [174.57618839609, -36.9164409037548], [174.576192347137, -36.9164376154379], [174.576196367744, -36.916434434361], [174.576200435651, -36.9164313698329], [174.576204561896, -36.9164284126936], [174.576208746294, -36.9164255539321], [174.576212977992, -36.9164228117194], [174.57621727925, -36.9164201767466], [174.576221627624, -36.9164176493115], [174.576226034335, -36.9164152292652], [174.57623049957, -36.9164129256189], [174.576235022957, -36.9164107203502], [174.576239604682, -36.9164086224702], [174.576244233708, -36.9164066411391], [174.576248932293, -36.9164047670478], [174.576253677809, -36.9164029914831], [174.576258481848, -36.9164013323183], [174.576263344226, -36.9163997805422], [174.576268264941, -36.9163983361548], [174.576273308731, -36.9163968721066], [174.576278540335, -36.9163952613479], [174.576283971346, -36.9163935217522], [174.576289579318, -36.9163916536171], [174.57629537529, -36.9163896477827], [174.576301359445, -36.9163875132601], [174.576307542821, -36.916385240889], [174.576313902974, -36.9163828309675], [174.57632045131, -36.9163802923577], [174.576327187645, -36.9163776160483], [174.576334112164, -36.9163748110505], [174.576341213645, -36.9163718775132], [174.576348514346, -36.9163688061274], [174.576356003045, -36.9163655970419], [174.576363679928, -36.9163622592679], [174.576371533587, -36.9163587839432], [174.576379586651, -36.9163551797808], [174.576387816491, -36.9163514380677], [174.576396245737, -36.9163475675169], [174.576404851758, -36.9163435594152], [174.576413557668, -36.9163394959056], [174.576422075763, -36.9163355791057], [174.576430406229, -36.9163318180268], [174.576438549068, -36.916328212669], [174.576446515686, -36.9163247718943], [174.576454283082, -36.9163214689675], [174.576461874258, -36.916318330624], [174.576469266583, -36.9163153481506], [174.576476482503, -36.9163125212495], [174.576483510795, -36.9163098500696], [174.576490340237, -36.91630733476], [174.576496993087, -36.9163049660116], [174.576503458496, -36.9163027619956], [174.576509736276, -36.916300713701], [174.576515826244, -36.9162988121166], [174.576521728769, -36.9162970752648], [174.576527443482, -36.9162954851233], [174.576532970566, -36.9162940507033], [174.576538310209, -36.9162927810159], [174.576543462039, -36.9162916580389], [174.576548437278, -36.9162906816234], [174.57655329037, -36.9162897699242], [174.576558032164, -36.9162889047702], [174.576562673884, -36.9162880860125], [174.576567204123, -36.9162873047888], [174.57657162325, -36.9162865791214], [174.576575930894, -36.9162858909882], [174.576580138465, -36.9162852492512], [174.576584234739, -36.9162846540594], [174.576588230939, -36.916284105264], [174.576592115656, -36.9162835940026], [174.576595889263, -36.9162831382977], [174.576599551387, -36.916282720127], [174.576603113437, -36.9162823483526], [174.576606564191, -36.9162820231234], [174.576609903648, -36.9162817444396], [174.576613143031, -36.9162815121522], [174.576616270932, -36.9162813173989], [174.576619287722, -36.9162811782022], [174.576622204252, -36.9162810763906], [174.576625009486, -36.9162810211245], [174.576627717057, -36.9162811293995], [174.576630362118, -36.9162814728578], [174.576632922595, -36.9162820698196], [174.576635409153, -36.9162828931026], [174.576637822349, -36.9162839697401], [174.57664015059, -36.9162852818589], [174.576642405283, -36.9162868383212], [174.576644586243, -36.9162886301157], [174.576646693656, -36.9162906662537], [174.5766487163, -36.9162929468842], [174.57665066521, -36.9162954628469], [174.576652540573, -36.9162982231531], [174.576654330981, -36.9163012189407], [174.576656059064, -36.9163044589227], [174.576657702377, -36.9163079433971], [174.576659260735, -36.9163116633528], [174.576660756768, -36.9163156275031], [174.576662168032, -36.9163198361457], [174.576663505562, -36.9163242801208], [174.576664769546, -36.9163289684392], [174.576666168569, -36.9163336729923], [174.576668185473, -36.9163378555676], [174.57667085374, -36.9163415067074], [174.576674150923, -36.9163446267093], [174.576678099469, -36.9163472152755], [174.576682688155, -36.9163492725547], [174.576687916794, -36.9163507895359], [174.576693785759, -36.9163517842413], [174.576700294678, -36.9163522386483], [174.576707455145, -36.9163521706303], [174.576715244342, -36.9163515624628], [174.576723684901, -36.9163504228589], [174.576732754377, -36.9163487521164], [174.576742475214, -36.9163465499371], [174.576752836189, -36.91634381647], [174.576763837116, -36.9163405427037], [174.576775478367, -36.9163367466603], [174.57678775957, -36.9163324103174], [174.576800692317, -36.9163275515481], [174.576814253794, -36.9163221526278], [174.576828366926, -36.9163162866884], [174.576842267201, -36.9163104416006], [174.576855821806, -36.9163047092637], [174.576869019518, -36.9162990898269], [174.576881871559, -36.9162935831413], [174.576894378116, -36.9162881982181], [174.576906527596, -36.9162829171842], [174.576918320183, -36.9162777490508], [174.576929778508, -36.9162727025311], [174.576940868719, -36.9162677690611], [174.576951613074, -36.9162629393318], [174.576962011947, -36.9162582313655], [174.576972053927, -36.9162536363002], [174.576981750238, -36.916249153987], [174.576991089844, -36.9162447935861], [174.577000083595, -36.9162405369262], [174.577008720455, -36.9162363931677], [174.577017011831, -36.9162323711727], [174.577024946317, -36.9162284620792], [174.577032534949, -36.9162246567271], [174.577039766875, -36.9162209732876], [174.577046787616, -36.9162173918016], [174.577053686581, -36.9162138930545], [174.577060430287, -36.9162104865045], [174.577067052216, -36.9162071626936], [174.577073541331, -36.9162039307819], [174.577079886411, -36.9162007909184], [174.577086109899, -36.9161977428051], [174.577092189166, -36.916194777729], [174.57709813562, -36.9161919045521], [174.577103949074, -36.9161891142634], [174.577109629901, -36.9161864248851], [174.577115177729, -36.916183818395], [174.577120592558, -36.9161812947931], [174.57712587476, -36.9161788721018], [174.57713101274, -36.9161765324477], [174.577136029129, -36.9161742845439], [174.577140901297, -36.9161721196775], [174.577145640652, -36.9161700467105], [174.577150247194, -36.9161680656429], [174.57715473196, -36.9161661673147], [174.577159094949, -36.9161643517258], [174.577163402569, -36.9161625729263], [174.577167666412, -36.9161608487897], [174.577171863663, -36.9161591615915], [174.577176016953, -36.916157520045], [174.577180115058, -36.9161559242992], [174.577184157793, -36.9161543653429], [174.577188156752, -36.9161528610493], [174.577192089119, -36.9161513936944], [174.57719597771, -36.9161499810022], [174.577199799709, -36.9161486052486], [174.577203577746, -36.9161472751467], [174.577207300414, -36.9161459818343], [174.577210968083, -36.9161447433338], [174.577214591604, -36.9161435414738], [174.577218148905, -36.9161423945747], [174.577221662058, -36.9161412843161], [174.577225120028, -36.9161402198583], [174.577228522813, -36.9161392012012], [174.577231870229, -36.9161382193337], [174.577235173683, -36.9161372831179], [174.577238465172, -36.9161363110065], [174.577241755733, -36.9161352938393], [174.577245056588, -36.9161342314674], [174.577248345293, -36.9161331241888], [174.57725163307, -36.9161319718544], [174.577254920104, -36.9161307834753], [174.577258217432, -36.9161295498915], [174.57726150261, -36.916128271401], [174.57726478686, -36.9161269478547], [174.577268070181, -36.9161255792527], [174.577271352575, -36.9161241655949], [174.577274645448, -36.9161227157435], [174.57727792617, -36.9161212209853], [174.577281205965, -36.9161196811714], [174.577284484831, -36.9161180963018], [174.577287773992, -36.9161164662274], [174.577291051001, -36.9161147912462], [174.577294327269, -36.9161130802204], [174.577297602422, -36.9161113151278], [174.577300888055, -36.9161095138415], [174.57730417406, -36.9161077305774], [174.577307505696, -36.9161059827615], [174.577310849483, -36.9161042798522], [174.577314239086, -36.9161026214023], [174.577317640841, -36.9161010078589], [174.577321077004, -36.9160994299129], [174.577324536727, -36.9160979057354], [174.577328030858, -36.9160964171553], [174.577331548362, -36.9160949733326], [174.577335100462, -36.9160935741184], [174.577338675934, -36.9160922196616], [174.577342285815, -36.9160909008022], [174.577345908033, -36.9160896358603], [174.577349575882, -36.9160884063668], [174.577353255882, -36.9160872217797], [174.5773569817, -36.916086081652], [174.577360719667, -36.9160849864308], [174.57736449223, -36.9160839358181], [174.577368299388, -36.9160829298137], [174.577372129733, -36.9160819595556], [174.577375959893, -36.9160809802863], [174.577379765565, -36.9160799021925], [174.57738354638, -36.916078707252], [174.5773872913, -36.9160774046249], [174.577391011548, -36.9160759941622], [174.577394707123, -36.9160744758639], [174.577398366803, -36.916072849879], [174.577402001811, -36.9160711160586], [174.577405600739, -36.9160692655405], [174.57740917518, -36.9160673161979], [174.57741271354, -36.9160652501576], [174.577416227228, -36.9160630762818], [174.577419716429, -36.9160608035815], [174.57742316955, -36.9160584141835], [174.577426586776, -36.9160559170991], [174.577429990551, -36.9160533120299], [174.577433358246, -36.9160505902632], [174.577436690232, -36.916047769821], [174.577439997545, -36.9160448415433], [174.57744328, -36.9160417964189], [174.577446549562, -36.9160386703432], [174.577449966499, -36.9160356144189], [174.577453553443, -36.9160326373588], [174.577457299356, -36.9160297483233], [174.577461204052, -36.916026938301], [174.577465290163, -36.916024216005], [174.57746952402, -36.9160215818826], [174.577473928069, -36.9160190356354], [174.577478502124, -36.9160165682525], [174.577483235149, -36.916014188894], [174.577488138179, -36.9160118883996], [174.577493200365, -36.9160096849406], [174.57749843237, -36.9160075513347], [174.577503834753, -36.9160055146151], [174.577509384698, -36.9160035570576], [174.577515116056, -36.9160016872264], [174.577521006384, -36.9159999054193], [174.577527055495, -36.9159982026252], [174.577533274798, -36.9159965877063], [174.577539664293, -36.9159950606625], [174.577546212571, -36.9159936126316], [174.577552880583, -36.9159919827381], [174.577559654506, -36.9159900449751], [174.577566523118, -36.9159877994917], [174.577573497641, -36.9159852461388], [174.577580578076, -36.9159823849164], [174.577587764608, -36.9159792248355], [174.577595045643, -36.9159757480231], [174.577602432775, -36.9159719723522], [174.577609925632, -36.9159678798006], [174.577617513363, -36.9159634885396], [174.577625207005, -36.915958789409], [174.577633006557, -36.9159537824088], [174.577640900797, -36.9159484676879], [174.577648900948, -36.9159428450974], [174.577657007195, -36.9159369236484], [174.577665219166, -36.9159306853184], [174.577673525825, -36.9159241392679], [174.57768193858, -36.9159172943586], [174.577690446021, -36.9159101417288], [174.577699070595, -36.91590268108], [174.577707626162, -36.9158951402249], [174.577715862592, -36.915887910071], [174.577723791107, -36.9158809904691], [174.577731389262, -36.9158743817175], [174.577738668094, -36.9158680746561], [174.577745639197, -36.9158620871581], [174.577752279756, -36.9158564014995], [174.577758601364, -36.9158510355534], [174.577764603649, -36.9158459712977], [174.577770286799, -36.9158412177436], [174.577775650812, -36.915836774891], [174.57778069569, -36.9158326427401], [174.577785421431, -36.9158288212908], [174.577789828037, -36.9158253105432], [174.577793904098, -36.9158221016354], [174.577797672433, -36.9158192122913], [174.577801121446, -36.9158166246379], [174.577804240287, -36.9158143568466], [174.577807051029, -36.9158123905969], [174.577809531413, -36.9158107351981], [174.577811770476, -36.9158093534131], [174.577814089395, -36.9158080336625], [174.577816555133, -36.9158067570292], [174.577819156652, -36.9158055326737], [174.577821882361, -36.9158043427226], [174.577824754702, -36.9158031868779], [174.577827762825, -36.9158020833109], [174.577830917767, -36.9158010228613], [174.577834196897, -36.9157999968162], [174.577837611624, -36.9157990140375], [174.577841173169, -36.9157980743763], [174.577844859089, -36.9157971781306], [174.577848691827, -36.9157963250023], [174.577852659976, -36.9157955061293], [174.577856763906, -36.9157947395339], [174.577861003248, -36.9157940071938], [174.577865378186, -36.9157933181201], [174.57786988872, -36.9157926723128], [174.577874534851, -36.9157920697718], [174.577879327615, -36.915791501337], [174.577884244938, -36.9157909853288], [174.577889250555, -36.9157903960386], [174.577894298647, -36.9157896890071], [174.577899400809, -36.9157888821075], [174.577904556854, -36.9157879663286], [174.577909755559, -36.9157869418196], [174.577915019185, -36.915785799271], [174.577920325472, -36.9157845479923], [174.57792569705, -36.9157831966964], [174.577931111104, -36.9157817276591], [174.57793657904, -36.9157801497425], [174.57794210086, -36.9157784629467], [174.577947665341, -36.9157766674206], [174.577953294742, -36.915774753855], [174.577958966989, -36.9157727405702], [174.577964692933, -36.9157706093951], [174.577970472947, -36.9157683783517], [174.577976306657, -36.9157660294179], [174.577982194251, -36.9157635716047], [174.577988124506, -36.9157610050612], [174.577994119865, -36.9157583294893], [174.578000123105, -36.9157554915677], [174.578006099071, -36.9157524196546], [174.578012036356, -36.915749104888], [174.578017946182, -36.9157455471188], [174.578023828549, -36.9157417463471], [174.57802967242, -36.915737711733], [174.578035488832, -36.9157334341163], [174.578041266749, -36.9157289226574], [174.578047017206, -36.9157241681958], [174.578052740204, -36.9157191707318], [174.578058424706, -36.9157139394254], [174.578064070527, -36.9157084652656], [174.578069700111, -36.9157027479541], [174.578075279976, -36.9156967969495], [174.578080843604, -36.9156906027932], [174.578086368736, -36.9156841747947], [174.578091855186, -36.9156775039427], [174.578097314177, -36.9156705900882], [174.578102745708, -36.9156634332313], [174.578108138743, -36.915656042532], [174.57811348373, -36.9156484992398], [174.57811865306, -36.9156411475669], [174.5781236254, -36.9156340418784], [174.578128423011, -36.9156271728649], [174.578133035042, -36.9156205586978], [174.578137460935, -36.9156141723438], [174.578141701248, -36.9156080408362], [174.578145755609, -36.9156021461528], [174.578149624205, -36.9155964973048], [174.578153306849, -36.9155910852811], [174.57815681495, -36.9155859189436], [174.578160126063, -36.9155809985906], [174.578163251225, -36.915576315062], [174.578166201844, -36.9155718772196], [174.578168955289, -36.9155676763507], [174.57817152297, -36.9155637213173], [174.578173916107, -36.9155600119702], [174.578176112256, -36.9155565486077], [174.578178133678, -36.9155533219205], [174.578179969148, -36.9155503320576], [174.578181641112, -36.9155475787209], [174.578183648445, -36.9155447578327], [174.578186202142, -36.915541758426], [174.578189290795, -36.915538571639], [174.578192925813, -36.9155352063334], [174.578197095971, -36.9155316626584], [174.578201801086, -36.9155279316028], [174.578207052564, -36.9155240220286], [174.578212838998, -36.9155199250737], [174.578219171795, -36.9155156496], [174.578226039733, -36.9155111957566], [174.578233454034, -36.9155065633942], [174.57824140329, -36.9155017436507], [174.578249887501, -36.9154967365261], [174.57825891826, -36.9154915598933], [174.578268483788, -36.915486186868], [174.578278595864, -36.9154806443343], [174.578289242894, -36.915474914419], [174.578300436285, -36.9154690059838], [174.578312164631, -36.9154629101667], [174.578324428115, -36.9154566359786], [174.578336849267, -36.9154503867348], [174.578348928469, -36.9154444304691], [174.578360654128, -36.9154387493084], [174.578372026802, -36.9154333702863], [174.578383057155, -36.9154282662202], [174.578393745745, -36.9154234641438], [174.578404080792, -36.9154189371728], [174.578414073892, -36.9154147031804], [174.57842371382, -36.9154107623159], [174.578433011615, -36.915407105419], [174.57844195624, -36.9154037416502], [174.578450558732, -36.9154006618492], [174.578458807867, -36.9153978661653], [174.578466715056, -36.9153953634604], [174.578474280297, -36.9153931537347], [174.57848148096, -36.9153912282754], [174.578488350713, -36.9153895866351], [174.578494867297, -36.9153882381233], [174.578501030525, -36.9153871737289], [174.578506851807, -36.9153864023139], [174.578512385582, -36.9153858420326], [174.578517872424, -36.9153851832252], [174.578523311591, -36.9153843898472], [174.578528736749, -36.9153834614512], [174.57853412564, -36.9153824073467], [174.578539489485, -36.9153812273844], [174.578544816877, -36.9153799127023], [174.578550119038, -36.9153784631515], [174.578555384932, -36.9153768878921], [174.57856062578, -36.915375186775], [174.578565841397, -36.915373350789], [174.57857102056, -36.9153713800834], [174.578576174678, -36.9153692835201], [174.578581292343, -36.9153670522371], [174.578586384962, -36.9153646950965], [174.578591441128, -36.9153622032361], [174.57859648347, -36.9153595853689], [174.578601478137, -36.9153568329313], [174.578606447758, -36.9153539546359], [174.578611392147, -36.9153509414718], [174.578616311491, -36.91534780245], [174.578621208576, -36.9153446727375], [174.578626117626, -36.9153415789201], [174.578631027604, -36.9153385301581], [174.578635938511, -36.9153355264516], [174.57864085016, -36.9153325587895], [174.578645762924, -36.9153296451938], [174.578650676616, -36.9153267766537], [174.578655579828, -36.915323944307], [174.578660495191, -36.9153211568666], [174.578665411483, -36.9153184144816], [174.578670328703, -36.9153157171521], [174.578675246666, -36.9153130558668], [174.578680165743, -36.9153104486482], [174.578685085563, -36.9153078774739], [174.578689995089, -36.9153053515041], [174.578694916766, -36.9153028704407], [174.578699839371, -36.9153004344327], [174.578704762905, -36.9152980434801], [174.578709687182, -36.9152956885718], [174.578714612573, -36.9152933877301], [174.578719583038, -36.9152910953027], [174.578724665169, -36.91528877435], [174.57872985915, -36.915286433883], [174.57873515376, -36.9152840740511], [174.578740571257, -36.9152816855447], [174.57874607816, -36.9152792778223], [174.57875170795, -36.9152768414255], [174.578757438369, -36.9152743856636], [174.578763280453, -36.9152719013763], [174.578769223165, -36.9152693977238], [174.57877528895, -36.9152668744079], [174.578781455177, -36.9152643227158], [174.578787722033, -36.9152617516585], [174.578794111776, -36.9152591519265], [174.578800590925, -36.9152565329785], [174.578807193147, -36.915253894367], [174.578813907033, -36.9152512272299], [174.57882071014, -36.9152485318657], [174.578827636505, -36.9152458258489], [174.578834674535, -36.9152430913066], [174.57884173408, -36.9152403114099], [174.578848544692, -36.9152374356723], [174.578855072516, -36.9152344555305], [174.578861339814, -36.9152313616748], [174.578867324511, -36.915228172426], [174.578873037457, -36.9152248696128], [174.578878479026, -36.9152214712573], [174.578883648845, -36.9152179593373], [174.578888535878, -36.9152143430133], [174.578893162569, -36.9152106219868], [174.578897506473, -36.9152067965564], [174.578901578814, -36.9152028665727], [174.578905368369, -36.9151988321851], [174.578908886174, -36.9151946842332], [174.578912143823, -36.9151904405901], [174.5789151185, -36.915186083532], [174.578917810577, -36.9151816310812], [174.578920242127, -36.915177064917], [174.578922390891, -36.9151723943489], [174.578924268091, -36.9151676192279], [174.578925907208, -36.9151627300951], [174.578927677091, -36.9151576499384], [174.57892972307, -36.9151523497849], [174.578932033738, -36.9151468207726], [174.57893460928, -36.9151410719127], [174.578937460918, -36.9151351030559], [174.578940566209, -36.9151289145006], [174.578943947409, -36.9151224969374], [174.57894759367, -36.9151158685375], [174.578951504618, -36.9151090112788], [174.578955691663, -36.9151019340231], [174.578960143395, -36.9150946279085], [174.578964848965, -36.9150871111064], [174.578969830444, -36.9150793652961], [174.578975088019, -36.9150713994888], [174.578980599244, -36.9150632139827], [174.578986386565, -36.9150548084795], [174.578992438573, -36.9150461741172], [174.578998755454, -36.9150373199068], [174.579005337207, -36.9150282458484], [174.579012195055, -36.9150189517927], [174.57901912135, -36.9150097109082], [174.579025908443, -36.9150007963635], [174.579032578779, -36.9149922078601], [174.5790391101, -36.9149839547077], [174.579045513442, -36.9149760277458], [174.579051788991, -36.9149684359857], [174.579057936375, -36.9149611614052], [174.579063955967, -36.9149542220265], [174.579069847767, -36.9149476178495], [174.579075611588, -36.9149413398633], [174.579081236209, -36.914935388217], [174.579086732852, -36.9149297627615], [174.579092112925, -36.9149244723586], [174.579097353797, -36.9149195082957], [174.579102466692, -36.9149148704236], [174.57910745161, -36.9149105587423], [174.579112308735, -36.914906582263], [174.579117038069, -36.9149029409856], [174.57912163924, -36.9148996168879], [174.579126101397, -36.9148966281415], [174.579130479722, -36.9148939289445], [174.579134838947, -36.9148913922461], [174.579139212367, -36.9148889995764], [174.579143589132, -36.9148867691068], [174.579147957647, -36.9148846829642], [174.579152340729, -36.9148827588726], [174.579156726784, -36.9148809789588], [174.579161104961, -36.9148793613943], [174.579165497334, -36.9148778878585], [174.579169892865, -36.9148765675117], [174.579174280519, -36.9148754095142], [174.579178682368, -36.9148743955454], [174.579183087376, -36.9148735347655], [174.579187484321, -36.9148728273238], [174.579191895647, -36.9148722729219], [174.57919629891, -36.9148718718582], [174.579200716554, -36.9148716238343], [174.579205137356, -36.9148715289993], [174.579209550096, -36.9148715875025], [174.579213977217, -36.9148717990455], [174.57921840694, -36.9148721367441], [174.579222823025, -36.9148723574471], [174.579227246058, -36.9148723707448], [174.579231665188, -36.9148721948087], [174.579236069194, -36.914871829788], [174.579240480148, -36.914871257362], [174.579244887199, -36.9148704957023], [174.579249278753, -36.9148695269357], [174.579253677814, -36.9148683777972], [174.5792580726, -36.9148670214027], [174.579262452075, -36.9148654669124], [174.579266838869, -36.9148637230391], [174.579271221575, -36.914861780921], [174.579275588971, -36.9148596407071], [174.579279963499, -36.914857302099], [174.579284322903, -36.9148547744064], [174.579288689255, -36.9148520393085], [174.579293051703, -36.9148491149769], [174.579297398841, -36.9148459925495], [174.579301753297, -36.9148426807392], [174.579306103479, -36.9148391616727], [174.579310389373, -36.9148352468628], [174.579314595668, -36.9148307382137], [174.579318700105, -36.9148256450352], [174.579322713721, -36.9148199581668], [174.579326636701, -36.9148136866197], [174.579330457823, -36.9148068305431], [174.579334199346, -36.9147993806275], [174.579337839011, -36.9147913461824], [174.579341376817, -36.9147827272079], [174.579344835025, -36.9147735143944], [174.579348191374, -36.9147637170514], [174.579351456901, -36.9147533260187], [174.579354620571, -36.9147423504565], [174.579357704826, -36.9147307900665], [174.579360687038, -36.9147186361359], [174.579363578613, -36.9147058975267], [174.57936636833, -36.9146925743881], [174.579369078448, -36.9146786574105], [174.579371686707, -36.9146641559035], [174.579374192922, -36.914649060856], [174.579376614077, -36.9146336514637], [174.579378897706, -36.9146186495119], [174.579381056146, -36.9146041089183], [174.579383089398, -36.9145900296827], [174.579385008683, -36.9145764116561], [174.579386780151, -36.9145632462749], [174.579388437838, -36.9145505511137], [174.579389970151, -36.9145383082996], [174.579391377462, -36.9145265358548], [174.579392648177, -36.9145152159062], [174.579393804741, -36.9145043481554], [174.57939482508, -36.9144939509231], [174.579395720232, -36.914484015049], [174.579396490011, -36.914474531522], [174.579397134788, -36.9144655183642], [174.579397654191, -36.9144569575535], [174.579398048407, -36.914448858101], [174.579398317435, -36.9144412200067], [174.579398449868, -36.9144340344086], [174.579398468522, -36.9144273190307], [174.579398349836, -36.9144210201045], [174.579398098902, -36.9144148401137], [174.57939772471, -36.9144086707756], [174.579397205373, -36.914402539422], [174.579396551557, -36.9143964188703], [174.579395752411, -36.9143903272919], [174.579394830194, -36.9143842553773], [174.579393773869, -36.9143782122869], [174.579392572028, -36.9143721891586], [174.579391247301, -36.9143661947053], [174.579389777059, -36.9143602202142], [174.579388172523, -36.914354265536], [174.579386433879, -36.914348339682], [174.579384561128, -36.9143424426521], [174.579382553898, -36.914336556424], [174.579380412746, -36.9143307080311], [174.579378137114, -36.9143248704401], [174.579375716153, -36.9143190618223], [174.579373161085, -36.9143132820286], [174.579370482759, -36.9143075128875], [174.57936765929, -36.9143017817307], [174.579364858266, -36.9142960502754], [174.579362191907, -36.9142903170293], [174.5793596604, -36.9142845910036], [174.579357263373, -36.9142788541759], [174.579355001011, -36.9142731155574], [174.579352884723, -36.9142673840101], [174.579350891693, -36.9142616418101], [174.57934904455, -36.9142558976701], [174.579347321037, -36.9142501608997], [174.579345743226, -36.9142444131782], [174.57934430008, -36.914238663666], [174.579342991599, -36.914232912363], [174.57934181797, -36.9142271682804], [174.579340778821, -36.914221413396], [174.579339874336, -36.9142156567209], [174.579339115926, -36.914209907117], [174.579338480772, -36.9142041468604], [174.579337991506, -36.9141983846639], [174.579337637091, -36.9141926296878], [174.579337405933, -36.9141868640592], [174.579337252959, -36.9141810793637], [174.57933699787, -36.9141752419444], [174.579336640296, -36.9141693337791], [174.579336157793, -36.9141633551664], [174.579335573175, -36.9141573238298], [174.57933487485, -36.9141512218965], [174.579334074226, -36.9141450582283], [174.57933316008, -36.9141388329744], [174.579332132226, -36.9141325371238], [174.579330991037, -36.9141261886986], [174.579329747177, -36.9141197605162], [174.579328389981, -36.9141132797593], [174.579326930299, -36.9141067282564], [174.579325357282, -36.9141001241789], [174.579323670372, -36.9140934404935], [174.579321870127, -36.9140867042335], [174.579319967396, -36.9140798972275], [174.57931795133, -36.9140730376469], [174.579315821372, -36.9140660984583], [174.579313589299, -36.9140591065459], [174.579311266336, -36.9140520617604], [174.579309147414, -36.9140451134113], [174.579307266944, -36.9140382970954], [174.57930562474, -36.9140316038016], [174.579304243245, -36.9140250332314], [174.579303100388, -36.9140186037056], [174.579302206832, -36.9140122880416], [174.579301563135, -36.9140061132727], [174.57930116874, -36.9140000523656], [174.579301024203, -36.9139941323537], [174.579301117746, -36.9139883263528], [174.579301461148, -36.913982661247], [174.579302054037, -36.9139771190142], [174.579302896413, -36.9139716996543], [174.579303977239, -36.9139664123276], [174.579305318775, -36.9139612477247], [174.579306898761, -36.9139562151549], [174.57930872842, -36.9139513144692], [174.579310796344, -36.9139465368056], [174.579313124977, -36.9139418818657], [174.57931569206, -36.9139373589589], [174.579318427845, -36.913932851836], [174.579321263142, -36.9139282712811], [174.579324209359, -36.913923626156], [174.579327266494, -36.9139189164606], [174.57933043455, -36.9139141421951], [174.579333702116, -36.9139092944975], [174.579337080602, -36.9139043822297], [174.579340570007, -36.9138994053916], [174.579344158924, -36.9138943551214], [174.579347858759, -36.9138892402811], [174.579351669514, -36.9138840608704], [174.579355579966, -36.9138788170387], [174.579359601337, -36.9138735086368], [174.579363733442, -36.9138681266534], [174.579367965243, -36.913862680249], [174.579372307777, -36.9138571602632], [174.579376761417, -36.9138515847181], [174.579381314567, -36.9138459357409], [174.579385978636, -36.9138402221933], [174.579390753439, -36.9138344350643], [174.579395650753, -36.9138286012379], [174.579400715841, -36.9138227381395], [174.579405937664, -36.9138168549294], [174.579411316038, -36.9138109425966], [174.579416862369, -36.9138050100027], [174.579422565437, -36.9137990572971], [174.579428436277, -36.9137930753194], [174.579434475075, -36.9137870730807], [174.579440670423, -36.9137810417191], [174.579447033729, -36.9137749900964], [174.579453553585, -36.9137689093507], [174.579460230176, -36.9137628084931], [174.579467074726, -36.9137566873744], [174.579474087047, -36.9137505369834], [174.579481256103, -36.9137443664805], [174.579488592932, -36.9137381667051], [174.579496086496, -36.9137319468178], [174.579503748018, -36.9137257066692], [174.579511577311, -36.9137194372481], [174.579519551931, -36.913713138853], [174.579527638771, -36.9137068389651], [174.579535390807, -36.9137006336651], [174.579542696005, -36.9136945334567], [174.579549577182, -36.9136885560637], [174.579556022929, -36.9136826926244], [174.579562033246, -36.9136769431388], [174.579567619356, -36.9136713074578], [174.579572759001, -36.9136657948909], [174.579577485474, -36.9136603869683], [174.579581765483, -36.91365510216], [174.579585609877, -36.9136499222946], [174.579589030249, -36.913644865245], [174.579592015194, -36.9136399221495], [174.579594575931, -36.9136350928589], [174.579596690018, -36.9136303776716], [174.579598379899, -36.9136257762891], [174.579599634351, -36.9136212888608], [174.579600464597, -36.9136169152375], [174.579600848379, -36.9136126647286], [174.579600807769, -36.9136085190136], [174.579600343139, -36.9136044961146], [174.579599756739, -36.9136005559575], [174.579599261417, -36.9135966776842], [174.57959884595, -36.9135928614442], [174.579598510338, -36.9135891072372], [174.579598254767, -36.9135854240745], [174.579598090273, -36.9135818027958], [174.579598005634, -36.9135782435502], [174.579598001036, -36.9135747553488], [174.579598087516, -36.9135713290314], [174.579598242628, -36.9135679648964], [174.579598488818, -36.9135646626452], [174.57959882627, -36.9135614312891], [174.579599232356, -36.9135582621154], [174.579599729518, -36.9135551548256], [174.579600306536, -36.913552109569], [174.579600963594, -36.9135491353566], [174.57960171173, -36.9135462230281], [174.579602539721, -36.9135433727328], [174.579603447752, -36.9135405934817], [174.579604435453, -36.9135378672527], [174.579605569597, -36.9135351661168], [174.579606927066, -36.9135324079292], [174.579608541153, -36.9135295742198], [174.579610389602, -36.9135266742984], [174.57961249467, -36.9135236988551], [174.579614834098, -36.9135206571998], [174.579617419109, -36.913517549183], [174.579620238481, -36.9135143749541], [174.579623314471, -36.9135111252033], [174.579626624822, -36.9135078092404], [174.579630180756, -36.913504426916], [174.579633982272, -36.9135009782301], [174.579638017962, -36.9134974543208], [174.579642310457, -36.9134938639007], [174.579646837313, -36.9134902072684], [174.579651609751, -36.9134864842744], [174.579656616363, -36.9134826860569], [174.579661879779, -36.9134788213285], [174.579667377556, -36.9134748903877], [174.579673132136, -36.9134708929359], [174.579679064781, -36.9134668210068], [174.579684929164, -36.9134627049173], [174.579690646917, -36.9134585547233], [174.579696229076, -36.9134543612645], [174.579701675642, -36.9134501245409], [174.579706986613, -36.9134458445525], [174.579712161991, -36.9134415212994], [174.579717201775, -36.9134371547815], [174.579722094929, -36.9134327541593], [174.579726863525, -36.913428301112], [174.579731485491, -36.9134238139603], [174.579735983086, -36.9134192833947], [174.579740333865, -36.9134147097137], [174.57974454905, -36.9134100927681], [174.579748628828, -36.9134054415689], [174.579752572826, -36.913400738094], [174.579756370194, -36.9133960005149], [174.57976004319, -36.9133912195218], [174.579763580593, -36.9133863952643], [174.579766971181, -36.9133815278914], [174.579770237582, -36.9133766261157], [174.579773515577, -36.913371742213], [174.579776918501, -36.9133669287574], [174.579780423723, -36.9133621770361], [174.579784031243, -36.9133574870492], [174.579787763692, -36.9133528675094], [174.579791598439, -36.9133483097039], [174.579795546707, -36.9133438134835], [174.579799597274, -36.9133393789975], [174.579803761546, -36.9133350151077], [174.579808039339, -36.9133307128031], [174.579812430653, -36.9133264720834], [174.579816924451, -36.9133223021093], [174.579821520361, -36.9133181848582], [174.5798262412, -36.9133141380541], [174.579831064337, -36.9133101529843], [174.57983600118, -36.9133062385106], [174.579841051544, -36.9133023856219], [174.579846204206, -36.9132985944675], [174.579851470389, -36.913294864898], [174.579856850278, -36.9132912059245], [174.579862264947, -36.9132876005698], [174.579867613772, -36.9132840681995], [174.579872874307, -36.9132806091122], [174.579878046182, -36.9132772052855], [174.579883152212, -36.9132738744433], [174.579888169766, -36.9132706078729], [174.579893110254, -36.9132674144363], [174.579897973303, -36.9132642761111], [174.579902748063, -36.9132612110689], [174.579907456979, -36.9132582190112], [174.579912077233, -36.9132552822143], [174.579916609199, -36.9132524187004], [174.579921075134, -36.9132496191599], [174.579925452594, -36.9132468838914], [174.579929752802, -36.9132442127454], [174.579933975943, -36.9132416147333], [174.579938110609, -36.9132390809932], [174.579942168022, -36.9132366113757], [174.579946148369, -36.9132342148921], [174.579950040242, -36.9132318826804], [174.579953888156, -36.9132295961214], [174.579957791621, -36.9132272817824], [174.579961772897, -36.9132249303539], [174.57996583161, -36.9132225238135], [174.579969979169, -36.9132200710232], [174.579974193316, -36.9132175812925], [174.579978507531, -36.9132150451625], [174.579982888148, -36.913212463081], [174.57998735761, -36.9132098347494], [174.579991904696, -36.9132071603171], [174.579996529592, -36.9132044487952], [174.580001232112, -36.9132016911725], [174.580006023292, -36.9131988782885], [174.580010892281, -36.9131960283149], [174.580015838894, -36.9131931322404], [174.580020874538, -36.913190198927], [174.58002598762, -36.9131872105017], [174.580031178512, -36.9131841849865], [174.580036446841, -36.9131811043594], [174.580041792981, -36.9131779866426], [174.580047227965, -36.9131748226757], [174.580052684278, -36.9131716043431], [174.580058139102, -36.9131683139213], [174.580063592625, -36.9131649604214], [174.580069056068, -36.9131615436941], [174.580074506801, -36.9131580550268], [174.580079956232, -36.9131545032815], [174.580085404361, -36.913150888458], [174.580090851189, -36.9131472105564], [174.580096296528, -36.9131434605655], [174.580101740565, -36.9131396474966], [174.580107183301, -36.9131357713495], [174.580112624734, -36.9131318321243], [174.580118064679, -36.9131278208099], [174.580123503323, -36.9131237464174], [174.580128940664, -36.9131196089468], [174.580134376703, -36.913115408398], [174.580139811255, -36.91311113576], [174.580145244504, -36.913106800044], [174.580150676451, -36.9131024012498], [174.58015610691, -36.9130979303663], [174.580161616108, -36.9130934674487], [174.580167307087, -36.9130891102755], [174.580173202106, -36.9130848495371], [174.580179279091, -36.9130807035542], [174.580185549081, -36.9130766631663], [174.580192012073, -36.9130727283735], [174.580198668069, -36.9130688991757], [174.580205517068, -36.9130651755729], [174.580212559071, -36.913061557565], [174.580219794263, -36.9130580541632], [174.580227222272, -36.9130546473452], [174.58023484347, -36.9130513551331], [174.580242646264, -36.913048159654], [174.580250653469, -36.9130450786315], [174.580258842455, -36.913042103353], [174.580267235667, -36.9130392335199], [174.580275821882, -36.9130364692815], [174.580284590064, -36.9130338197981], [174.580293562286, -36.9130312667489], [174.580302716289, -36.9130288194434], [174.580312029072, -36.9130264511471], [174.580321283514, -36.913023975463], [174.58033044539, -36.913021365806], [174.580339537145, -36.9130186218772], [174.580348536707, -36.9130157619978], [174.580357454739, -36.9130127589848], [174.580366280391, -36.9130096310101], [174.580375024887, -36.9130063779242], [174.580383688038, -36.913002990716], [174.580392269847, -36.9129994693856], [174.580400770497, -36.9129958229442], [174.580409178768, -36.9129920515409], [174.580417505696, -36.9129881460156], [174.58042575128, -36.912984106368], [174.580433904484, -36.9129799417588], [174.58044197653, -36.9129756520386], [174.580449967047, -36.9129712191851], [174.580457876592, -36.9129666702318], [174.580465693385, -36.9129619782946], [174.580473429206, -36.9129571702577], [174.580481083684, -36.9129522280987], [174.580488516326, -36.9129474150815], [174.580495683918, -36.9129428129036], [174.580502586833, -36.9129384395874], [174.580509224885, -36.9129342861216], [174.580515586851, -36.9129303526558], [174.580521695176, -36.9129266388912], [174.580527527602, -36.9129231541377], [174.580533095165, -36.9129198892349], [174.580538386644, -36.9129168443322], [174.580543424481, -36.9129140191309], [174.580548186234, -36.9129114139296], [174.58055268331, -36.9129090375904], [174.580556904302, -36.9129068812512], [174.580560871653, -36.9129049446137], [174.580564562919, -36.9129032279764], [174.580568000731, -36.9129017400517], [174.580571151051, -36.9129004632656], [174.580574047917, -36.9128994151922], [174.58057667992, -36.9128985869698], [174.580579036025, -36.9128979877588], [174.580581292248, -36.9128974439586], [174.580583668565, -36.9128967363154], [174.580586165161, -36.9128958738404], [174.580588804108, -36.9128948382125], [174.580591551927, -36.912893638891], [174.580594442283, -36.9128922754278], [174.580597452545, -36.9128907391105], [174.580600594309, -36.9128890478119], [174.58060385598, -36.9128871836592], [174.580607248966, -36.9128851555141], [174.580610762232, -36.9128829725371], [174.580614406626, -36.9128806165566], [174.580618182149, -36.9128780875725], [174.580622077951, -36.9128754037564], [174.580626105067, -36.912872555948], [174.580630252091, -36.9128695352853], [174.580634530616, -36.9128663596412], [174.580638940269, -36.9128630109936], [174.580643470015, -36.9128594985028], [174.580648119854, -36.9128558221688], [174.580652868271, -36.912852027346], [174.580657484257, -36.9128483424486], [174.580661968184, -36.9128447854989], [174.580666320052, -36.9128413564969], [174.580670517602, -36.9128380647525], [174.580674594129, -36.9128348917953], [174.580678516525, -36.9128318651067], [174.580682306676, -36.9128289573549], [174.580685953731, -36.9128261867112], [174.580689457506, -36.9128235441648], [174.580692829222, -36.912821029566], [174.580696057842, -36.9128186520756], [174.580699154404, -36.912816402533], [174.580702096463, -36.9128142812369], [174.580704917685, -36.9128122877393], [174.58070758459, -36.9128104314993], [174.580710119436, -36.9128087032072], [174.580712511002, -36.9128071030123], [174.580714759472, -36.9128056399258], [174.580716875884, -36.9128043047872], [174.580718860237, -36.9128030975964], [174.580720800818, -36.9128019450697], [174.58072274233, -36.9128008375987], [174.580724684399, -36.9127997571609], [174.580726627398, -36.9127987217787], [174.580728570955, -36.9127977134299], [174.580730515255, -36.9127967411256], [174.580732471522, -36.9127958047163], [174.580734417311, -36.9127949045009], [174.580736363843, -36.9127940403299], [174.58073831112, -36.9127932122034], [174.580740259141, -36.9127924201213], [174.580742207905, -36.9127916640837], [174.580744157227, -36.9127909350794], [174.58074610748, -36.9127902511307], [174.58074805829, -36.9127895942153], [174.58075001003, -36.9127889823555], [174.580751962328, -36.9127883975291], [174.580753926592, -36.9127878485978], [174.580755880378, -36.9127873358602], [174.580757834908, -36.9127868591672], [174.580759779147, -36.912786427679], [174.580761724129, -36.9127860322354], [174.580763647597, -36.912785682146], [174.580765560773, -36.9127853772615], [174.580767463658, -36.912785117582], [174.580769367472, -36.9127849029581], [174.580771238551, -36.9127847338378], [174.580773110374, -36.912784600762], [174.58077497209, -36.9127845219022], [174.580776812107, -36.9127844793856], [174.580778653054, -36.9127844819246], [174.580780472488, -36.9127845298179], [174.580782281629, -36.9127846229161], [174.580784080478, -36.9127847612193], [174.580785869036, -36.9127849447274], [174.580787647302, -36.9127851734405], [174.58078941509, -36.9127854383473], [174.58079116155, -36.9127857576196], [174.580792908754, -36.9127861129364], [174.580794634444, -36.9127865136074], [174.58079639473, -36.912786958886], [174.58079835701, -36.912787401476], [174.580800543728, -36.912787841079], [174.580802932625, -36.9127882870045], [174.580805557183, -36.9127887297934], [174.580808395142, -36.9127891787557], [174.580811446317, -36.9127896248799], [174.580814721929, -36.912790068017], [174.580818210944, -36.9127905173272], [174.580821924582, -36.9127909726613], [174.58082585125, -36.9127914161462], [174.580830002542, -36.912791865655], [174.580834367235, -36.9127923213368], [174.580838956367, -36.9127927740312], [174.580843758714, -36.9127932238876], [174.580848785685, -36.9127936797677], [174.580854025872, -36.9127941328096], [174.580859479275, -36.9127945830134], [174.580865157302, -36.9127950392408], [174.580871059952, -36.9127955014918], [174.580877186854, -36.912795951744], [174.580883748062, -36.9127962339704], [174.580890810162, -36.9127963112303], [174.580898373154, -36.9127961835235], [174.58090644789, -36.9127958326785], [174.580915034553, -36.912795267706], [174.580924110887, -36.9127944979161], [174.580933699149, -36.9127935139986], [174.580943788117, -36.9127923161028], [174.580954389012, -36.9127909040792], [174.580965490614, -36.9127892780771], [174.580977092922, -36.9127874380963], [174.580989207343, -36.9127853929984], [174.581001811247, -36.9127831340709], [174.581014938301, -36.9127806608655], [174.581028554838, -36.9127779738302], [174.581042683302, -36.912775072666], [174.58105731247, -36.9127719575222], [174.581072453751, -36.9127686372603], [174.581088095551, -36.9127650940073], [174.581104238241, -36.9127613457852], [174.581120225869, -36.9127576987746], [174.581135313453, -36.9127544963963], [174.581149478923, -36.9127517569717], [174.581162733127, -36.9127494623293], [174.581175076439, -36.9127476304917], [174.581186508487, -36.912746243437], [174.581197029457, -36.9127453101766], [174.581206639535, -36.9127448397217], [174.581215338349, -36.9127448140505], [174.581223137308, -36.9127452420247], [174.581230013968, -36.9127461239434], [174.581235979551, -36.9127474596573], [174.581241034056, -36.9127492491666], [174.581245177485, -36.9127514924714], [174.581248409836, -36.9127541895717], [174.581250742333, -36.9127573403183], [174.581252152344, -36.9127609359988], [174.581252651464, -36.9127649944862], [174.581252239506, -36.9127695067694], [174.581250927693, -36.9127744726989], [174.581249006863, -36.9127798433348], [174.581247563677, -36.9127855140738], [174.581246698575, -36.9127914565382], [174.581246411556, -36.9127976707278], [174.581246702807, -36.9128041656539], [174.581247572328, -36.9128109413165], [174.581249019933, -36.9128179887043], [174.581251034401, -36.9128253079667], [174.581253638361, -36.9128329078161], [174.581256809183, -36.91284077954], [174.581260558277, -36.9128489320002], [174.581264885456, -36.9128573561855], [174.581269779684, -36.9128660612563], [174.581275263219, -36.9128750379026], [174.581281313805, -36.9128842954343], [174.581287953698, -36.9128938245412], [174.581295160643, -36.9129036345334], [174.581302945673, -36.91291371625], [174.581311297755, -36.9129240788516], [174.581320239147, -36.912934713028], [174.58132971318, -36.9129455924928], [174.581339196204, -36.9129563636739], [174.581348505694, -36.912966884784], [174.581357642019, -36.9129771738453], [174.581366616402, -36.9129872307086], [174.581375428471, -36.9129970373515], [174.581384056153, -36.9130066120952], [174.581392533115, -36.9130159544916], [174.581400836727, -36.9130250558282], [174.581408966988, -36.9130339161053], [174.581416935119, -36.9130425351733], [174.581424730086, -36.913050922193], [174.581432363109, -36.9130590770149], [174.581439822595, -36.9130669817661], [174.581447120138, -36.9130746543197], [174.581454244515, -36.913082094825], [174.581461206577, -36.9130892851104], [174.581467995472, -36.9130962433475], [174.581474611202, -36.9131029695366], [174.581481076024, -36.9131094543675], [174.581487356271, -36.9131156982886], [174.581493597272, -36.913121672324], [174.5814999105, -36.9131273389351], [174.581506295955, -36.9131326981218], [174.58151276486, -36.9131377497347], [174.581519306178, -36.9131425029343], [174.581525919538, -36.9131469396984], [174.581532616533, -36.9131510778998], [174.581539385568, -36.9131548996656], [174.581546227018, -36.9131584230181], [174.581553140694, -36.9131616389461], [174.581560126597, -36.9131645474497], [174.581567195949, -36.9131671483794], [174.581574337527, -36.9131694418846], [174.581581562555, -36.9131714278159], [174.581588848773, -36.9131731154832], [174.581596218253, -36.9131744865654], [174.581603660146, -36.9131755592343], [174.581611185488, -36.9131763243292], [174.581618771647, -36.9131767731378], [174.581626441441, -36.9131769233836], [174.581634184764, -36.9131768292826], [174.581641971672, -36.9131766715055], [174.581649825167, -36.9131764767868], [174.581657722433, -36.9131762274031], [174.581665675064, -36.9131759412272], [174.581673682874, -36.913175609248], [174.581681745863, -36.9131752314655], [174.581689864031, -36.9131748078795], [174.581698026343, -36.9131743476508], [174.581706243647, -36.9131738326076], [174.581714527539, -36.9131732806227], [174.581722855387, -36.9131726829839], [174.581731227193, -36.9131720396911], [174.581739665399, -36.9131713504454], [174.581748158784, -36.9131706153963], [174.581756696313, -36.9131698437043], [174.58176528902, -36.9131690262089], [174.58177393672, -36.9131681538988], [174.581782639785, -36.9131672447965], [174.581791398029, -36.9131662898906], [174.581800189194, -36.9131652984913], [174.581808822135, -36.913164255117], [174.581817229892, -36.9131631786867], [174.581825423502, -36.9131620600399], [174.581833402778, -36.9131608901655], [174.581841157057, -36.9131596962465], [174.581848697002, -36.9131584510999], [174.581856022799, -36.9131571637369], [174.581863123413, -36.9131558433183], [174.581870009693, -36.9131544716722], [174.58187667079, -36.9131530669706], [174.581883117739, -36.9131516200527], [174.581889350541, -36.9131501309187], [174.581895358159, -36.9131486087292], [174.581901151443, -36.9131470353125], [174.581906719544, -36.9131454288403], [174.58191208472, -36.9131437800026], [174.581917213303, -36.9131420892479], [174.581922138962, -36.9131403561277], [174.58192683925, -36.9131385809411], [174.581931325578, -36.9131367725497], [174.581935788344, -36.9131349103903], [174.581940418694, -36.9131330099443], [174.581945205221, -36.91313106235], [174.581950159146, -36.913129067458], [174.581955280468, -36.9131270252681], [174.581960558153, -36.9131249449409], [174.581966003049, -36.9131228083048], [174.581971604308, -36.9131206335314], [174.581977361742, -36.9131184116096], [174.581983286575, -36.9131161423899], [174.581989378805, -36.9131138258722], [174.581995627211, -36.913111462206], [174.582002043201, -36.913109060253], [174.58200861518, -36.9131066021403], [174.582015354744, -36.9131041057406], [174.582022250483, -36.9131015621924], [174.58202931362, -36.913098971346], [174.582036532932, -36.913096333351], [174.582043919829, -36.9130936570689], [174.582051473936, -36.9130909244776], [174.582058936965, -36.9130881300038], [174.582065655623, -36.9130851651728], [174.582071585209, -36.9130820395938], [174.582076714316, -36.9130787444052], [174.582081065759, -36.9130752973304], [174.582084616536, -36.9130716716352], [174.582087378427, -36.9130678942034], [174.582089339839, -36.9130639471624], [174.582090523401, -36.9130598392243], [174.582090906485, -36.913055561677], [174.582090500497, -36.9130511233822], [174.582089305438, -36.9130465243398], [174.5820873099, -36.9130417556882], [174.582084536513, -36.9130368261395], [174.582080962648, -36.9130317269815], [174.582076599899, -36.9130264760868], [174.582071436485, -36.9130210465715], [174.58206549541, -36.9130154651699], [174.582058753857, -36.9130097141585], [174.582051223234, -36.9130038023989], [174.582042982095, -36.9129977288446], [174.582034819511, -36.9129916542434], [174.582026915218, -36.9129855852147], [174.582019292219, -36.9129795484932], [174.582011938733, -36.9129735171948], [174.582004855132, -36.912967509342], [174.581998052452, -36.9129615157741], [174.581991508436, -36.9129555458014], [174.58198524534, -36.9129495901137], [174.581979252129, -36.9129436578717], [174.581973528617, -36.9129377400644], [174.581968086026, -36.9129318365423], [174.58196291332, -36.9129259564661], [174.581958010498, -36.9129200998356], [174.581953377189, -36.9129142486289], [174.58194901395, -36.9129084298792], [174.581944931446, -36.9129026164038], [174.581941118826, -36.9128968263744], [174.581937564869, -36.9128910599405], [174.581934302868, -36.9128852986315], [174.581931299715, -36.9128795699291], [174.581928330042, -36.9128738317672], [174.581925191483, -36.9128680688137], [174.581921895446, -36.9128622899305], [174.581918430709, -36.9128564952668], [174.581914808307, -36.9128506756622], [174.581911017205, -36.9128448402771], [174.581907057218, -36.9128389801005], [174.581902939752, -36.912833103994], [174.581898664808, -36.9128272119576], [174.581894220978, -36.9128212951295], [174.58188961967, -36.9128153623715], [174.581884838255, -36.9128094049713], [174.581879910584, -36.9128034314917], [174.581874814212, -36.9127974422314], [174.581869548956, -36.9127914281795], [174.581864126035, -36.9127853891863], [174.581858534601, -36.9127793434237], [174.581852785317, -36.9127732637087], [174.581846867519, -36.9127671772241], [174.581840792058, -36.9127610657982], [174.581834660489, -36.9127549551193], [174.581828732217, -36.9127489048276], [174.581823018464, -36.9127429147739], [174.581817519417, -36.9127369939691], [174.581812246111, -36.9127311332528], [174.581807187325, -36.9127253327745], [174.581802354465, -36.9127196013958], [174.581797735938, -36.912713921244], [174.581793332116, -36.9127083103414], [174.581789154222, -36.9127027685385], [174.58178519066, -36.9126972779626], [174.581781453025, -36.9126918564865], [174.581777929908, -36.9126864952485], [174.581774621311, -36.9126811942487], [174.581771527418, -36.9126759624982], [174.581768659265, -36.9126707908364], [174.581766016854, -36.9126656792634], [174.58176358896, -36.9126606279286], [174.581761375771, -36.9126556458433], [174.581759376915, -36.912650714985], [174.581757581541, -36.9126458535256], [174.581755853126, -36.9126409731472], [174.581754146783, -36.9126360744476], [174.581752462512, -36.9126311574269], [174.581750811348, -36.9126262129245], [174.581749193477, -36.9126212499514], [174.581747586271, -36.9126162597955], [174.581746012358, -36.912611251169], [174.581744471738, -36.9126062240719], [174.581742953005, -36.9126011696425], [174.581741456342, -36.912596096892], [174.581739992788, -36.9125909966597], [174.581738551305, -36.9125858781063], [174.581737142929, -36.9125807320712], [174.581735756625, -36.9125755677149], [174.581734403615, -36.912570384888], [174.58173307249, -36.9125651747288], [174.581731763437, -36.9125599462485], [174.581730487491, -36.9125546902865], [174.581729233617, -36.9125494160033], [174.581728001814, -36.912544123399], [174.581726715205, -36.9125388946197], [174.581725285505, -36.91253380295], [174.581723723747, -36.9125288392292], [174.58172203012, -36.9125240124685], [174.581720204436, -36.9125193136567], [174.581718246882, -36.9125147518051], [174.581716157271, -36.9125103179023], [174.581713924569, -36.9125060211091], [174.581711571218, -36.9125018611265], [174.581709074589, -36.9124978292422], [174.581706457125, -36.9124939251574], [174.58170369657, -36.912490158182], [174.581700804144, -36.9124865281667], [174.581697779662, -36.9124830261003], [174.581694623124, -36.9124796519827], [174.581691334716, -36.9124764148252], [174.581687903215, -36.912473314777], [174.581684350881, -36.9124703425282], [174.581680655454, -36.9124675073889], [174.581676827971, -36.9124648001983], [174.581672901538, -36.9124621934749], [174.581668908334, -36.9124596146813], [174.581664870614, -36.9124570545076], [174.581660777344, -36.9124545221143], [174.581656617116, -36.9124520086397], [174.581652412558, -36.9124495227961], [174.581648163486, -36.9124470555723], [174.581643847455, -36.9124446072672], [174.581639475874, -36.9124421867424], [174.581635059778, -36.9124397848375], [174.581630588131, -36.912437410713], [174.581626060748, -36.9124350553576], [174.581621477628, -36.9124327187715], [174.581616838957, -36.9124304099658], [174.581612155771, -36.9124281197798], [174.581607405814, -36.9124258575236], [174.581602611341, -36.9124236138872], [174.581597761317, -36.9124213980311], [174.581592855557, -36.9124192009442], [174.581587894061, -36.9124170226264], [174.581582865792, -36.9124148722384], [174.581577590084, -36.9124126981043], [174.581572044681, -36.912410509534], [174.581566218361, -36.9124083066769], [174.581560133567, -36.9124060892342], [174.581553767669, -36.9124038484934], [174.58154713189, -36.9124015843053], [174.581540226415, -36.9123993056807], [174.581533040022, -36.9123970127691], [174.58152559497, -36.9123946962605], [174.581517869001, -36.9123923654649], [174.581509873336, -36.9123900202326], [174.58150160779, -36.9123876515525], [174.58149306114, -36.9123852595741], [174.581484256203, -36.9123828620206], [174.581475169976, -36.9123804321575], [174.581465814241, -36.9123779968686], [174.581456177402, -36.9123755382811], [174.581446281903, -36.912373056096], [174.581436105488, -36.9123705596233], [174.581425659377, -36.9123680487134], [174.581415270865, -36.9123656091445], [174.581405131839, -36.9123632924432], [174.581395231262, -36.9123611077701], [174.581385580357, -36.912359054976], [174.581376178937, -36.9123571250497], [174.581367027002, -36.9123553179914], [174.581358124739, -36.9123536428121], [174.581349460926, -36.9123520996613], [174.581341046597, -36.9123506793787], [174.58133288194, -36.9123493909753], [174.581324966768, -36.9123482254401], [174.581317290045, -36.9123471919336], [174.581309874029, -36.912346281146], [174.581302696462, -36.9123455023873], [174.581295757158, -36.9123448466464], [174.581289078747, -36.9123443226356], [174.58128264982, -36.9123439214932], [174.581276459343, -36.9123436523799], [174.58127051835, -36.9123435061352], [174.581264827029, -36.9123434917701], [174.581259248855, -36.9123435209664], [174.581253544637, -36.9123434256501], [174.581247703153, -36.9123432059707], [174.581241724216, -36.9123428529169], [174.581235607826, -36.9123423664888], [174.58122935417, -36.9123417556974], [174.58122295184, -36.912341011681], [174.581216423465, -36.912340143152], [174.581209746602, -36.912339150409], [174.581202943323, -36.912338015131], [174.581195991741, -36.9123367646503], [174.581188902521, -36.9123353717838], [174.581181676221, -36.9123338635651], [174.581174312283, -36.9123322129607], [174.581166800043, -36.9123304471533], [174.581159161387, -36.9123285388108], [174.581151374243, -36.9123265062542], [174.581143461055, -36.9123243491846], [174.581135399193, -36.9123220588897], [174.58112719988, -36.9123196352201], [174.58111890856, -36.9123171046115], [174.581110729086, -36.9123145544862], [174.58110271794, -36.9123120021196], [174.581094863714, -36.9123094386499], [174.581087178002, -36.9123068819501], [174.581079649396, -36.9123043231584], [174.581072289117, -36.9123017621254], [174.581065085758, -36.9122991899896], [174.581058050913, -36.9122966246237], [174.581051173174, -36.9122940571661], [174.581044463762, -36.9122914874673], [174.581037922492, -36.9122889065164], [174.581031538514, -36.9122863324849], [174.581025311641, -36.9122837563617], [174.581019253096, -36.9122811779976], [174.581013362878, -36.9122785973925], [174.581007629581, -36.9122760056847], [174.581002064796, -36.9122734207472], [174.580996657118, -36.9122708337181], [174.580991417766, -36.9122682444481], [174.580986335335, -36.9122656440755], [174.580981250113, -36.9122629085359], [174.580976081689, -36.9122599487636], [174.580970830434, -36.9122567827809], [174.580965484755, -36.9122533927148], [174.580960056059, -36.9122497874272], [174.580954555382, -36.9122459577574], [174.580948949432, -36.9122419221759], [174.580943271501, -36.9122376622123], [174.580937499331, -36.9122331871764], [174.580931644146, -36.9122284969188], [174.580925705944, -36.9122235914396], [174.580919673318, -36.9122184618769], [174.580913557677, -36.9122131170925], [174.580907359019, -36.9122075570864], [174.580901077345, -36.9122017818586], [174.580894701434, -36.9121957915583], [174.580888242321, -36.9121895770252], [174.580881700192, -36.9121831472703], [174.580875075048, -36.9121765022936], [174.580868355666, -36.9121696422445], [174.580861612727, -36.9121627284269], [174.580854919883, -36.9121560663229], [174.580848277508, -36.9121496739547], [174.580841707859, -36.9121435420126], [174.580835199714, -36.9121376706458], [174.580828741665, -36.9121320509926], [174.580822345306, -36.912126700926], [174.58081601045, -36.9121216114348], [174.580809737099, -36.912116782519], [174.580803525251, -36.9121122141787], [174.580797363684, -36.9121079065631], [174.580791274843, -36.9121038593737], [174.58078523647, -36.9121000819202], [174.580779259414, -36.9120965560311], [174.580773343861, -36.9120932907174], [174.580767489998, -36.9120902949905], [174.580761697451, -36.9120875508278], [174.580755955186, -36.9120850673901], [174.580750285832, -36.9120828533897], [174.580744666759, -36.9120809001142], [174.580739085257, -36.912079135624], [174.5807334673, -36.9120772364147], [174.580727800551, -36.9120751485689], [174.580722062193, -36.9120728543631], [174.580716263822, -36.9120703716701], [174.580710416472, -36.9120676913295], [174.580704508921, -36.9120648134907], [174.580698541171, -36.9120617381535], [174.580692513406, -36.9120584743291], [174.580686425256, -36.9120550039953], [174.580680288313, -36.912051345025], [174.580674079949, -36.9120474887056], [174.580667822793, -36.9120434437497], [174.58066150525, -36.9120391922843], [174.580655127695, -36.9120347523317], [174.580648689939, -36.9120301148806], [174.580642203206, -36.9120252797818], [174.580635645051, -36.912020247334], [174.580629038105, -36.9120150262495], [174.580622370959, -36.9120096076666], [174.580615643614, -36.9120039915852], [174.580609161847, -36.9119983091401], [174.580603061807, -36.9119926306284], [174.580597343122, -36.9119869380277], [174.580592005978, -36.9119812403493], [174.580587039339, -36.9119755467538], [174.580582465277, -36.9119698389201], [174.580578261533, -36.9119641261583], [174.580574450738, -36.9119584171807], [174.580571010076, -36.9119526942638], [174.580567950955, -36.9119469662695], [174.580565273559, -36.9119412422089], [174.580562977518, -36.9119355040597], [174.580561063017, -36.9119297608332], [174.580559530243, -36.9119240215405], [174.5805583676, -36.9119182683087], [174.580557597719, -36.9119125098503], [174.580557198343, -36.9119067554749], [174.58055718032, -36.9119009870112], [174.580557555059, -36.9118952133208], [174.580558300115, -36.9118894347025], [174.580559168425, -36.9118836454304], [174.580559744039, -36.9118778149853], [174.58056001555, -36.9118719345054], [174.58055998333, -36.9118660220129], [174.5805596586, -36.9118600773586], [174.58055904099, -36.9118540825202], [174.580558119462, -36.9118480466581], [174.580556894204, -36.9118419787835], [174.580555365028, -36.9118358698851], [174.580553543158, -36.9118297198138], [174.580551417371, -36.9118235287187], [174.58054899889, -36.9118172964505], [174.580546276677, -36.9118110321697], [174.580543250363, -36.911804717854], [174.58053993154, -36.9117983713763], [174.580536297579, -36.9117919840241], [174.580532382145, -36.9117855553493], [174.580528162795, -36.9117790856507], [174.580523639529, -36.9117725749282], [174.580518812533, -36.9117660321927], [174.580513726695, -36.9117594568472], [174.580508507498, -36.9117529463711], [174.580503177386, -36.911746500466], [174.580497747581, -36.9117401189823], [174.58049219564, -36.9117338022189], [174.580486555414, -36.9117275587388], [174.580480792865, -36.9117213709677], [174.58047493081, -36.9117152566292], [174.580468958025, -36.9117092158726], [174.580462885362, -36.9117032305263], [174.58045670197, -36.9116973187619], [174.580450407849, -36.9116914805794], [174.580444002628, -36.9116856979565], [174.5804374979, -36.9116799887661], [174.580430882257, -36.9116743441464], [174.580424166922, -36.9116687639481], [174.58041732945, -36.9116632484697], [174.580410392471, -36.9116578064237], [174.580403355799, -36.9116524287991], [174.580396196991, -36.9116471158943], [174.580388949898, -36.9116418762726], [174.58038181651, -36.9116367072463], [174.580374909603, -36.9116316343557], [174.580368217584, -36.9116266397278], [174.580361751672, -36.9116217232134], [174.580355500834, -36.9116168939729], [174.580349465069, -36.9116121520065], [174.580343655598, -36.9116074971648], [174.580338049791, -36.9116029207352], [174.580332681687, -36.9115984402923], [174.580327528284, -36.9115940291013], [174.580322590139, -36.9115897141955], [174.58031786688, -36.9115854775528], [174.58031336973, -36.9115813190239], [174.580309087838, -36.9115772567803], [174.580305032053, -36.9115732726506], [174.580301191342, -36.9115693757951], [174.580297565516, -36.9115655572029], [174.58029416617, -36.9115618347467], [174.580290970489, -36.9115581907031], [174.580288012137, -36.9115546246241], [174.580285145418, -36.9115511474619], [174.580282202008, -36.911547761456], [174.580279170683, -36.9115444667557], [174.580276062479, -36.9115412542005], [174.580272877584, -36.9115381328017], [174.580269615996, -36.9115351025592], [174.580266266308, -36.9115321546112], [174.580262851149, -36.9115292976701], [174.580259348076, -36.9115265320346], [174.580255756903, -36.9115238486936], [174.580252100446, -36.9115212653706], [174.580248355702, -36.9115187553309], [174.580244534453, -36.9115163454587], [174.580240625103, -36.9115140178808], [174.580236650282, -36.9115117813099], [174.580232587361, -36.9115096270334], [174.580228447934, -36.9115075729242], [174.580224220221, -36.9115055920982], [174.580219916001, -36.9115037114397], [174.580215534903, -36.9115019129261], [174.580211098812, -36.9115001692257], [174.580206705377, -36.9114983167944], [174.580202354041, -36.9114963285988], [174.580198067246, -36.9114942043404], [174.580193822735, -36.9114919533288], [174.580189631543, -36.9114895664037], [174.580185482637, -36.9114870527255], [174.580181398271, -36.9114844029845], [174.580177367412, -36.911481626341], [174.580173378837, -36.9114787229445], [174.580169443396, -36.9114756746233], [174.580165561461, -36.9114724993998], [174.580161733031, -36.9114691972738], [174.580157946701, -36.9114657593837], [174.580154225098, -36.9114621944419], [174.580150545593, -36.9114584937358], [174.580146930816, -36.9114546659782], [174.580143358137, -36.9114507024563], [174.580139838779, -36.911446603021], [174.580136361705, -36.9114423768326], [174.580132949172, -36.9114380145814], [174.580129601368, -36.9114335252786], [174.580126340734, -36.9114289086256], [174.580123155864, -36.9114241557606], [174.580120046758, -36.9114192666835], [174.580117013601, -36.9114142504055], [174.580114067429, -36.9114090977662], [174.580111185985, -36.9114038180753], [174.580108402748, -36.9113984018739], [174.580105684239, -36.9113928586208], [174.580103052715, -36.9113871790065], [174.580100497141, -36.9113813721913], [174.58009801733, -36.9113754291641], [174.580095613282, -36.9113693499249], [174.580093296406, -36.9113631433356], [174.580091055479, -36.9113568095454], [174.580088890315, -36.9113503395433], [174.580086800916, -36.9113437333292], [174.580084798687, -36.911336999765], [174.580082872407, -36.9113301389999], [174.580081021891, -36.9113231420229], [174.580079225067, -36.9113160271548], [174.580077415349, -36.9113088313357], [174.580075614993, -36.9113015452561], [174.580073801744, -36.9112941782255], [174.580071986449, -36.9112867120725], [174.580070180703, -36.91127916467], [174.580068362063, -36.9112715363166], [174.5800665526, -36.9112638086915], [174.580064730243, -36.9112560001154], [174.580062906213, -36.9112481104392], [174.58006109136, -36.9112401214912], [174.580059263613, -36.9112320515923], [174.580057445414, -36.9112239004439], [174.58005561395, -36.9112156503224], [174.580053780812, -36.9112073191006], [174.580051957038, -36.9111988976183], [174.58005012037, -36.911190395185], [174.580048281842, -36.9111818026404], [174.580046452678, -36.9111731198352], [174.580044610434, -36.9111643470679], [174.580042723676, -36.91115559292], [174.580040553334, -36.9111472391429], [174.580038100154, -36.9111393217812], [174.580035364134, -36.9111318408349], [174.58003233424, -36.9111248054643], [174.580029010471, -36.9111182156695], [174.580025392641, -36.9111120624392], [174.580021491972, -36.9111063456242], [174.580017308651, -36.9111010742356], [174.580012820047, -36.9110962395607], [174.580008048789, -36.9110918503121], [174.580002994693, -36.9110878974787], [174.579997646536, -36.9110843812097], [174.579992004504, -36.9110813105162], [174.579986068411, -36.9110786763869], [174.579979849665, -36.9110764876838], [174.579973336857, -36.911074735545], [174.579966541396, -36.9110734288322], [174.579959451874, -36.9110725586835], [174.57995206829, -36.9110721250989], [174.579944412531, -36.9110721007464], [174.57993671976, -36.9110719146409], [174.579929075291, -36.9110713493211], [174.579921468087, -36.9110704139475], [174.579913920591, -36.9110691082216], [174.579906410361, -36.9110674324418], [174.57989895984, -36.9110653863096], [174.579891535177, -36.9110629612618], [174.579884170224, -36.9110601658615], [174.579876853944, -36.9110570092694], [174.579869585965, -36.911053473463], [174.579862355067, -36.9110495585918], [174.579855172843, -36.9110452825285], [174.579848039106, -36.9110406362623], [174.579840953672, -36.9110356107818], [174.579833916726, -36.9110302150983], [174.579826917047, -36.911024449361], [174.579819977078, -36.9110183132714], [174.579813074375, -36.9110118071281], [174.579806220161, -36.9110049307817], [174.57979941425, -36.9109976752212], [174.579792513363, -36.9109901685427], [174.579785363185, -36.9109825480027], [174.579777975124, -36.910974822463], [174.579770326365, -36.9109669741999], [174.57976242813, -36.910959003064], [174.57975428079, -36.9109509270775], [174.57974588416, -36.9109427372293], [174.579737238055, -36.9109344245081], [174.579728342659, -36.9109259979251], [174.579719186938, -36.9109174666406], [174.579709792963, -36.9109088123336], [174.579700149512, -36.9109000351536], [174.579690256958, -36.9108911531225], [174.579680103893, -36.9108821573785], [174.579669712575, -36.9108730386119], [174.579659072154, -36.9108638149941], [174.579648171036, -36.910854468652], [174.579637020629, -36.9108450084475], [174.579625632156, -36.9108354342312], [174.579613983172, -36.9108257463015], [174.579602244047, -36.9108160415423], [174.579590927, -36.9108066646718], [174.579580088883, -36.9107976509887], [174.579569729695, -36.9107890004929], [174.579559838214, -36.910780713334], [174.579550425663, -36.9107727893628], [174.579541491853, -36.9107652195682], [174.57953302575, -36.9107580131107], [174.579525038575, -36.9107511698414], [174.579517530328, -36.9107446897601], [174.5795104896, -36.9107385640052], [174.5795039278, -36.9107328014386], [174.579497833705, -36.9107274022096], [174.579492218537, -36.9107223661691], [174.579487082295, -36.9107176933172], [174.579482424794, -36.9107133746428], [174.579478234998, -36.9107094193062], [174.579474524128, -36.9107058271584], [174.579471292184, -36.9107025981994], [174.579468527944, -36.9106997325785], [174.579466185965, -36.9106972038591], [174.579463485638, -36.9106947159594], [174.579460189639, -36.9106921909129], [174.579456286559, -36.9106896198576], [174.579451787621, -36.9106870026442], [174.579446681788, -36.910684348433], [174.579440968689, -36.9106816392016], [174.579434671139, -36.9106788926739], [174.579427755102, -36.9106760912751], [174.579420243392, -36.9106732527289], [174.579412135824, -36.910670368024], [174.579403421176, -36.9106674373096], [174.579394099449, -36.9106644605856], [174.579384182049, -36.9106614467136], [174.579373668606, -36.9106583776713], [174.579362548269, -36.91065527163], [174.579350820852, -36.9106521195784], [174.579338497393, -36.910648912356], [174.579325578447, -36.9106456769959], [174.579312052236, -36.9106423866139], [174.579297918947, -36.9106390502207], [174.57927500438, -36.9106083210702], [174.57926971514, -36.9106011264341], [174.579264598311, -36.9105941278046], [174.579259653895, -36.9105873251817], [174.579254893113, -36.9105807184161], [174.579250304556, -36.9105742986461], [174.579245877376, -36.9105680840431], [174.579241644866, -36.9105620561372], [174.579237573731, -36.9105562333983], [174.579233686044, -36.9105505975059], [174.579229959547, -36.9105451577693], [174.579226427904, -36.9105399137411], [174.579223057452, -36.9105348658689], [174.579219859225, -36.9105300049924], [174.579216844817, -36.9105253489845], [174.579214002635, -36.9105208799724], [174.57921133305, -36.9105166159783], [174.579208846912, -36.9105125388306], [174.579206521963, -36.910508657839], [174.579204380647, -36.9105049727051], [174.579202411743, -36.9105014835781], [174.579200615249, -36.910498190458], [174.579199002388, -36.9104950931955], [174.579197550531, -36.9104921830781], [174.579196282492, -36.9104894778295], [174.5791951979, -36.9104869594274], [174.579194274683, -36.9104846461927], [174.579193432247, -36.9104824400472], [174.579192568111, -36.9104802702445], [174.579191682089, -36.9104781277737], [174.579190763331, -36.9104760308061], [174.579189833909, -36.9104739610211], [174.579188871752, -36.9104719367393], [174.579187887709, -36.9104699397893], [174.57918688178, -36.9104679701711], [174.579185865559, -36.9104660457578], [174.579184805195, -36.9104641579857], [174.579183734166, -36.9104622973963], [174.579182641438, -36.9104604731497], [174.57918152701, -36.9104586852461], [174.579180379661, -36.9104569338346], [174.579179221647, -36.9104552096057], [174.579178030712, -36.9104535218689], [174.579176818263, -36.9104518794861], [174.579175583928, -36.9104502644351], [174.579174327708, -36.9104486767158], [174.579173049973, -36.9104471343507], [174.579171750353, -36.9104456193173], [174.579170417997, -36.9104441497871], [174.579169074978, -36.9104427074395], [174.579167699036, -36.910441301584], [174.579166301209, -36.9104399230603], [174.579164881868, -36.9104385898906], [174.579163440641, -36.9104372840527], [174.579161977715, -36.9104360145577], [174.579160493088, -36.9104347814056], [174.579158986762, -36.9104335845964], [174.579157491471, -36.9104323786268], [174.579156062395, -36.9104311176953], [174.57915469972, -36.9104298108129], [174.579153392037, -36.9104284491178], [174.579152150755, -36.9104270414717], [174.579150964466, -36.9104255790129], [174.579149844577, -36.9104240706033], [174.579148779681, -36.9104225073809], [174.579147781, -36.9104208891965], [174.579146837497, -36.9104192252104], [174.57914596021, -36.9104175062624], [174.579145149322, -36.9104157413636], [174.579144393428, -36.910413921652], [174.579143703934, -36.9104120559895], [174.579143069433, -36.9104101355143], [174.579142501332, -36.9104081690883], [174.579141988224, -36.9104061478494], [174.579141541331, -36.9104040716487], [174.579141149617, -36.9104019496462], [174.579140824117, -36.9103997726819], [174.579140565018, -36.9103975497667], [174.579140360911, -36.9103952720387], [174.579140223205, -36.9103929483599], [174.579140140492, -36.9103905698684], [174.579140124179, -36.910388145426], [174.57914016286, -36.9103856661709], [174.579140267754, -36.9103831319538], [174.579140427828, -36.910380551935], [174.579140654116, -36.9103779169543], [174.579140946804, -36.9103752360228], [174.579141318786, -36.9103725900915], [174.579141816992, -36.910370077686], [174.579142418793, -36.9103676900937], [174.579143135596, -36.9103654361764], [174.579143978436, -36.9103633067739], [174.579144924872, -36.9103613021844], [174.57914598631, -36.91035943127], [174.579147173786, -36.9103576848704], [174.579148465043, -36.910356072295], [174.579149871116, -36.9103545843835], [174.579151403412, -36.9103532299979], [174.579153039304, -36.9103520004253], [174.579154790197, -36.9103509045278], [174.579156667129, -36.910349933145], [174.579158647655, -36.9103490865752], [174.579160743184, -36.9103483736805], [174.579162964751, -36.9103477853005], [174.579165290098, -36.9103473307446], [174.579167730261, -36.9103470008526], [174.579170296649, -36.9103468044865], [174.579172966631, -36.9103467329333], [174.579175751616, -36.9103467950551], [174.579178662639, -36.9103469816916], [174.579181677256, -36.9103472931411], [174.579184806876, -36.9103477382655], [174.579188062534, -36.9103483079045], [174.579191421973, -36.9103490113677], [174.579194896228, -36.9103498394946], [174.579198496707, -36.9103508011473], [174.579202200782, -36.9103518876129]]}, "properties": {"OBJECTID": 444, "TRACKNAME": "Ferndown Track", "CONDITIONSOFUSE": "Waitakere North Regional Park", "STATUS": "Temp Closed", "WEBLINK": "https://www.aucklandcouncil.govt.nz/en/parks-recreation/find-park-beach/park-detail/3407.html", "VALIDATIONSTATE": 3, "created_user": "AC_owner", "last_edited_user": "AC_owner", "last_edited_date": 1789875254325, "created_date": 1789875254325, "PARK_SAPSITEID": null, "TRACK_ID": null, "KAURIDIEBACK_TRACK": null, "KAURIDIEBACK_MITIGATED": null, "SegmentID": null, "GlobalID": "1146465f-a342-4248-8b3b-b8620ceebc10", "Shape__Length": 2061.619391012345}}, {"type": "Feature", "id": 2367, "geometry": {"type": "LineString", "coordinates": [[174.567220754578, -36.917548702557], [174.567301975692, -36.9176788418366], [174.567382545762, -36.9177804525671], [174.567447582592, -36.9178251760576], [174.567563566044, -36.9179205505694], [174.567780139297, -36.9180601158768], [174.568017256027, -36.9181651217967], [174.568232922666, -36.9182647319005], [174.568441147683, -36.9183780684514], [174.568618348277, -36.9184559402467], [174.568795411678, -36.9185270984499], [174.568805691213, -36.9185373463375], [174.5689885577, -36.9185712014087], [174.569164684908, -36.9186021256805], [174.569299076123, -36.9186336732811], [174.56945843759, -36.9186643138839], [174.569534193902, -36.9186584994931], [174.569616547256, -36.9186623595992], [174.569712396018, -36.9186668615191], [174.569751090684, -36.9186739395424], [174.569837600724, -36.9187529630701], [174.569897981323, -36.9188863955147], [174.569979346747, -36.9190561277202], [174.570029386107, -36.9191527500351]]}, "properties": {"OBJECTID": 2367, "TRACKNAME": "Ferndown Track", "CONDITIONSOFUSE": "Waitakere North Regional Park", "STATUS": "Temp Closed", "WEBLINK": "https://www.aucklandcouncil.govt.nz/en/parks-recreation/find-park-beach/park-detail/3407.html", "VALIDATIONSTATE": 3, "created_user": "AC_owner", "last_edited_user": "AC_owner", "last_edited_date": 1789875254325, "created_date": 1789875254325, "PARK_SAPSITEID": null, "TRACK_ID": null, "KAURIDIEBACK_TRACK": null, "KAURIDIEBACK_MITIGATED": null, "SegmentID": null, "GlobalID": "20b80d83-1718-4beb-8ee4-64042d922334", "Shape__Length": 327.7723873805478}}]}