{"type": "FeatureCollection", "features": [{"type": "Feature", "id": 1001, "geometry": {"type": "LineString", "coordinates": [[174.53304401416, -36.9795608627431], [174.533044409628, -36.9795609748115], [174.533044816329, -36.979561086735], [174.533045211978, -36.9795612078147], [174.533045618679, -36.9795613197381], [174.533046025379, -36.9795614316615], [174.533046420848, -36.9795615437299], [174.533046827548, -36.9795616556533], [174.533047223016, -36.9795617677218], [174.533047629898, -36.9795618886564], [174.533048036598, -36.9795620005798], [174.533048432067, -36.9795621126483], [174.533048838948, -36.9795622335829], [174.533049234416, -36.9795623456514], [174.533049641117, -36.9795624575747], [174.533050036766, -36.9795625786544], [174.533050443467, -36.9795626905778], [174.533051245816, -36.9795629235809], [174.533052036753, -36.9795631477178], [174.533052839103, -36.9795633807209], [174.533053641453, -36.9795636137239], [174.533054443803, -36.979563846727], [174.533055246153, -36.97956407973], [174.533056037451, -36.9795643218893], [174.533056839801, -36.9795645548923], [174.533057642151, -36.9795647878954], [174.533058433269, -36.9795650210435], [174.5330592358, -36.9795652630577], [174.533060026917, -36.9795654962058], [174.533060829448, -36.97956573822], [174.533061620566, -36.9795659713681], [174.533062411865, -36.9795662135273], [174.533063214395, -36.9795664555416], [174.533066786291, -36.979567536102], [174.533070347316, -36.9795686348298], [174.533073897291, -36.9795697427138], [174.533077447627, -36.9795708686201], [174.533080986731, -36.9795719946714], [174.533084503733, -36.9795731390352], [174.533088032148, -36.979574292265], [174.533091538461, -36.9795754638074], [174.533095033722, -36.9795766445059], [174.533098529165, -36.9795778342155], [174.533102013557, -36.9795790330814], [174.533105475847, -36.9795802502597], [174.533108949549, -36.9795814763041], [174.533112400969, -36.9795827116498], [174.533115841518, -36.9795839651628], [174.533119282248, -36.979585227687], [174.533120040575, -36.979585506326], [174.533120810133, -36.97958578482], [174.533121568641, -36.9795860724702], [174.533122326968, -36.9795863511092], [174.533123096707, -36.9795866386144], [174.533123855214, -36.9795869262646], [174.533124613541, -36.9795872049036], [174.533125372048, -36.9795874925538], [174.533126130556, -36.979587780204], [174.533126889063, -36.9795880678542], [174.533127647571, -36.9795883555044], [174.533128406078, -36.9795886431546], [174.533129164586, -36.9795889308048], [174.533129923093, -36.979589218455], [174.53313067055, -36.9795895152615], [174.533131429057, -36.9795898029117], [174.533132187565, -36.9795900905618], [174.533132935021, -36.9795903873683], [174.533133693529, -36.9795906750185], [174.533134452217, -36.9795909716798], [174.533135199674, -36.9795912684863], [174.533135958181, -36.9795915561364], [174.533136705638, -36.9795918529429], [174.533137464326, -36.9795921496042], [174.533138211782, -36.9795924464107], [174.533138959239, -36.9795927432171], [174.533139717927, -36.9795930398784], [174.533140465384, -36.9795933366849], [174.53314121284, -36.9795936334913], [174.533141960297, -36.9795939302977], [174.533142718985, -36.979594226959], [174.533143466623, -36.9795945327766], [174.533143613904, -36.9795945939692], [174.533143772417, -36.9795946550166], [174.533143919698, -36.9795947162092], [174.533144066979, -36.9795947774017], [174.533144225492, -36.9795948384492], [174.533144372773, -36.9795948996417], [174.533144531286, -36.9795949606892], [174.533144678567, -36.9795950218817], [174.53314483708, -36.9795950829292], [174.533144984361, -36.9795951441217], [174.533145131642, -36.9795952053143], [174.533145290155, -36.9795952663617], [174.533145437436, -36.9795953275542], [174.53314559613, -36.9795953976129], [174.533145743411, -36.9795954588055], [174.533145890692, -36.979595519998], [174.533146354999, -36.9795957032854], [174.533146808255, -36.9795958957292], [174.533147272743, -36.9795960880279], [174.533147725999, -36.9795962804716], [174.533148179255, -36.9795964729154], [174.533148643743, -36.979596665214], [174.533149096999, -36.9795968576578], [174.533149550256, -36.9795970501015], [174.533150003512, -36.9795972425453], [174.533150456948, -36.9795974440002], [174.533150910204, -36.979597636444], [174.533151363641, -36.9795978378989], [174.533151816897, -36.9795980303427], [174.533152270334, -36.9795982317976], [174.533152723771, -36.9795984332526], [174.533153165795, -36.9795986258414], [174.533153324489, -36.9795986959001], [174.533153471951, -36.9795987661038], [174.533153630464, -36.9795988271513], [174.533153777926, -36.979598897355], [174.533153925388, -36.9795989675588], [174.533154084082, -36.9795990376174], [174.533154231363, -36.97959909881], [174.533154378825, -36.9795991690137], [174.533154537519, -36.9795992390724], [174.533154684981, -36.9795993092761], [174.533154832262, -36.9795993704687], [174.533154990956, -36.9795994405273], [174.533155138418, -36.9795995107311], [174.53315528588, -36.9795995809348], [174.533155444573, -36.9795996509935], [174.533155591854, -36.979599712186], [174.533156045472, -36.9795999226522], [174.533156510322, -36.9796001329733], [174.53315696394, -36.9796003434394], [174.533157417557, -36.9796005539056], [174.533157871175, -36.9796007643718], [174.533158324793, -36.9796009748379], [174.533158778411, -36.9796011853041], [174.533159232209, -36.9796014047815], [174.533159685827, -36.9796016152476], [174.533160139445, -36.9796018257138], [174.533160593243, -36.9796020451911], [174.533161046861, -36.9796022556573], [174.533161489428, -36.9796024752797], [174.533161943226, -36.9796026947571], [174.533162397025, -36.9796029142345], [174.533162850643, -36.9796031247006], [174.533163452084, -36.9796034233929], [174.533164064938, -36.9796037309514], [174.533164677612, -36.9796040294986], [174.533165279053, -36.9796043281909], [174.533165891907, -36.9796046357494], [174.533166493349, -36.9796049344417], [174.533167094971, -36.9796052421452], [174.533167707825, -36.9796055497037], [174.533168309447, -36.9796058574072], [174.53316891107, -36.9796061651108], [174.533169512692, -36.9796064728143], [174.533170114314, -36.9796067805178], [174.533170716117, -36.9796070972325], [174.533171306689, -36.9796074140923], [174.533171908311, -36.9796077217958], [174.533172510114, -36.9796080385106], [174.53317312333, -36.9796083640914], [174.533173725314, -36.9796086898174], [174.53317433853, -36.9796090153983], [174.533174940695, -36.9796093501354], [174.533175553911, -36.9796096757163], [174.533176156075, -36.9796100104534], [174.533176769291, -36.9796103360343], [174.533177371456, -36.9796106707714], [174.533177973621, -36.9796110055086], [174.533178575786, -36.9796113402457], [174.533179177951, -36.9796116749829], [174.533179780116, -36.97961200972], [174.533180382461, -36.9796123534684], [174.533180984626, -36.9796126882055], [174.533181586972, -36.9796130319539], [174.533182178086, -36.9796133758473], [174.533182484965, -36.9796135521546], [174.533182791844, -36.9796137284618], [174.533183098543, -36.9796138957578], [174.53318339419, -36.9796140722101], [174.533183701069, -36.9796142485174], [174.533184007949, -36.9796144248246], [174.533184303596, -36.979614601277], [174.533184610475, -36.9796147775842], [174.533184917354, -36.9796149538914], [174.533185213002, -36.9796151303437], [174.533185520062, -36.9796153156622], [174.533185815709, -36.9796154921145], [174.533186122589, -36.9796156684218], [174.533186418236, -36.9796158448741], [174.533186725115, -36.9796160211813], [174.533187020762, -36.9796161976336], [174.533187179999, -36.9796162947259], [174.533187327823, -36.9796163829521], [174.533187486878, -36.9796164710332], [174.533187634883, -36.9796165682705], [174.533187782706, -36.9796166564967], [174.533187941762, -36.9796167445778], [174.533188089586, -36.9796168328039], [174.53318823759, -36.9796169300413], [174.533188396646, -36.9796170181224], [174.533188544469, -36.9796171063485], [174.533188692474, -36.9796172035859], [174.53318885153, -36.979617291667], [174.533188999353, -36.9796173798932], [174.533189147358, -36.9796174771305], [174.533189306413, -36.9796175652116], [174.533189454237, -36.9796176534378], [174.533190068538, -36.9796180330859], [174.533190682658, -36.9796184037228], [174.53319129696, -36.9796187833709], [174.533191911261, -36.979619163019], [174.533192525381, -36.9796195336559], [174.533193139682, -36.979619913304], [174.533193754164, -36.9796203019634], [174.533194357233, -36.9796206817565], [174.533194971534, -36.9796210614046], [174.533195574604, -36.9796214411978], [174.533196189086, -36.9796218298571], [174.533196792336, -36.9796222186615], [174.533197406818, -36.9796226073208], [174.533198009887, -36.979622987114], [174.533198613137, -36.9796233759184], [174.533199216568, -36.979623773734], [174.53320000188, -36.9796242773629], [174.533200776141, -36.9796247901482], [174.533201561634, -36.9796253027883], [174.533202335895, -36.9796258155736], [174.533203121388, -36.9796263282137], [174.533203895649, -36.9796268409989], [174.533204670091, -36.9796273627954], [174.533205444533, -36.9796278845918], [174.533206218975, -36.9796284063883], [174.533206982185, -36.9796289283298], [174.533207756627, -36.9796294501262], [174.533208531069, -36.9796299719226], [174.53320929446, -36.9796305028753], [174.533210057851, -36.979631033828], [174.533210832474, -36.9796315646357], [174.533211595865, -36.9796320955884], [174.533211903648, -36.9796323169517], [174.533212222664, -36.9796325381699], [174.53321254168, -36.9796327593881], [174.533212849463, -36.9796329807514], [174.533213168479, -36.9796332019696], [174.533213487494, -36.9796334231877], [174.533213795278, -36.9796336445511], [174.533214114293, -36.9796338657692], [174.533214422077, -36.9796340871325], [174.533214741273, -36.9796343173619], [174.533215049057, -36.9796345387252], [174.533215368073, -36.9796347599434], [174.533215675856, -36.9796349813067], [174.533215995053, -36.9796352115361], [174.533216302836, -36.9796354328994], [174.533216621852, -36.9796356541176], [174.533218012766, -36.9796366636966], [174.533219403679, -36.9796376732756], [174.533220794593, -36.9796386828546], [174.533222174455, -36.9796397015899], [174.533223554499, -36.9796407293364], [174.533224934542, -36.9796417570828], [174.533226303354, -36.9796427849744], [174.533227672347, -36.9796438218771], [174.53322904152, -36.9796448677911], [174.533230410693, -36.979645913705], [174.533231768635, -36.979646959764], [174.533233126757, -36.9796480148343], [174.53323448488, -36.9796490699045], [174.533235831951, -36.979650134131], [174.533237190254, -36.9796511982124], [174.533238537326, -36.9796522624388], [174.533239085502, -36.9796527060358], [174.533239644909, -36.9796531494877], [174.533240204317, -36.9796535929395], [174.533240763906, -36.9796540454026], [174.533241323314, -36.9796544888545], [174.53324187149, -36.9796549324514], [174.533242431078, -36.9796553849145], [174.533242990486, -36.9796558283664], [174.533243538843, -36.9796562809745], [174.533244098431, -36.9796567334376], [174.533244646607, -36.9796571770345], [174.533245206196, -36.9796576294976], [174.533245754553, -36.9796580821057], [174.533246314142, -36.9796585345688], [174.533246862498, -36.9796589871769], [174.533247410855, -36.9796594397851], [174.533247707769, -36.9796596793158], [174.53324799345, -36.9796599189916], [174.533248278951, -36.9796601496562], [174.533248575865, -36.979660389187], [174.533248861546, -36.9796606288628], [174.533249147228, -36.9796608685386], [174.533249432909, -36.9796611082144], [174.533249729823, -36.9796613477451], [174.533250015505, -36.9796615874209], [174.533250301005, -36.9796618180855], [174.533250586687, -36.9796620577613], [174.533250883601, -36.979662297292], [174.533251169282, -36.9796625369679], [174.533251454964, -36.9796627766437], [174.533251740645, -36.9796630163195], [174.533252037559, -36.9796632558502], [174.533252848953, -36.9796639394131], [174.533253660166, -36.9796646139647], [174.533254471559, -36.9796652975276], [174.533255282772, -36.9796659720792], [174.533256094166, -36.9796666556421], [174.53325690556, -36.9796673392049], [174.533257705722, -36.9796680229129], [174.533258517116, -36.9796687064757], [174.533259328509, -36.9796693900385], [174.533260128671, -36.9796700737464], [174.533260940065, -36.9796707573092], [174.533261740408, -36.9796714500284], [174.53326254057, -36.9796721337363], [174.533263352145, -36.9796728263103], [174.533264152307, -36.9796735100182], [174.53326495265, -36.9796742027373], [174.533265226918, -36.9796744335469], [174.533265501368, -36.9796746733678], [174.533265775637, -36.9796749041774], [174.533266050087, -36.9796751439983], [174.533266324356, -36.9796753748079], [174.533266598806, -36.9796756146288], [174.533266861843, -36.9796758455835], [174.533267136292, -36.9796760854044], [174.533267410561, -36.979676316214], [174.533267685011, -36.9796765560349], [174.53326795928, -36.9796767868445], [174.53326823373, -36.9796770266654], [174.533268496767, -36.9796772576201], [174.533268771217, -36.9796774974409], [174.533269045486, -36.9796777282506], [174.533269319935, -36.9796779680714], [174.533269605798, -36.9796782167584], [174.533269903073, -36.9796784743115], [174.533270188936, -36.9796787229985], [174.533270486211, -36.9796789805516], [174.533270772074, -36.9796792292386], [174.533271057937, -36.9796794779256], [174.533271355212, -36.9796797354787], [174.533271641075, -36.9796799841657], [174.53327193835, -36.9796802417188], [174.533272224213, -36.9796804904058], [174.533272510256, -36.979680748104], [174.533272807351, -36.9796809966459], [174.533273093394, -36.9796812543441], [174.533273390489, -36.979681502886], [174.533273676532, -36.9796817605841], [174.533273973627, -36.979682009126], [174.533274511114, -36.9796824799016], [174.5332750486, -36.9796829506771], [174.533275586087, -36.9796834214527], [174.533276123755, -36.9796839012394], [174.533276661242, -36.979684372015], [174.533277209961, -36.9796848426454], [174.533277747447, -36.979685313421], [174.533278284934, -36.9796857841965], [174.533278822602, -36.9796862639832], [174.533279360089, -36.9796867347588], [174.533279897576, -36.9796872055343], [174.533280435063, -36.9796876763098], [174.533280983963, -36.9796881559515], [174.53328152145, -36.979688626727], [174.533282058936, -36.9796890975025], [174.533282596423, -36.979689568278], [174.533283545856, -36.9796904123016], [174.533284495109, -36.9796912473139], [174.533285455774, -36.9796920911924], [174.533286405026, -36.9796929262047], [174.533287354459, -36.9796937702282], [174.533288303711, -36.9796946052405], [174.533289253145, -36.9796954492641], [174.53329021381, -36.9796962931425], [174.533291163062, -36.9796971281548], [174.533292112495, -36.9796979721783], [174.533293061748, -36.9796988071905], [174.533294011181, -36.979699651214], [174.533294971665, -36.9797004860812], [174.533295921099, -36.9797013301046], [174.533296870351, -36.9797021651169], [174.533297819785, -36.9797030091403], [174.533299215041, -36.9797042349877], [174.533300599065, -36.9797054609802], [174.533301994141, -36.9797066778163], [174.533303389397, -36.9797079036636], [174.533304773422, -36.979709129656], [174.533306168498, -36.9797103464921], [174.533307563573, -36.9797115633282], [174.53330895883, -36.9797127891754], [174.533310353906, -36.9797140060114], [174.533311748801, -36.9797152138362], [174.533313143877, -36.9797164306722], [174.533314550004, -36.9797176383519], [174.53331594508, -36.9797188551878], [174.533317351207, -36.9797200628674], [174.533318745922, -36.9797212616809], [174.533320152049, -36.9797224693605], [174.533320792252, -36.9797230199309], [174.533321443686, -36.9797235703563], [174.533322083889, -36.9797241209268], [174.533322723911, -36.979724662486], [174.533323375346, -36.9797252129114], [174.533324015549, -36.9797257634818], [174.533324655571, -36.979726305041], [174.533325307005, -36.9797268554664], [174.533325947027, -36.9797273970256], [174.533326598462, -36.9797279474509], [174.533327238484, -36.9797284890101], [174.533327889738, -36.9797290304242], [174.533328540992, -36.9797295718383], [174.533329181195, -36.9797301224088], [174.533329832449, -36.9797306638229], [174.533330483703, -36.979731205237], [174.533330780798, -36.9797314537787], [174.533331089306, -36.9797317111865], [174.533331397633, -36.9797319595832], [174.533331694728, -36.9797322081249], [174.533332003235, -36.9797324655327], [174.53333230033, -36.9797327140745], [174.533332608838, -36.9797329714823], [174.533332917165, -36.9797332198789], [174.53333321426, -36.9797334684207], [174.533333522768, -36.9797337258285], [174.533333831095, -36.9797339742252], [174.53333412819, -36.9797342227669], [174.533334436697, -36.9797344801747], [174.533334745024, -36.9797347285713], [174.533335042119, -36.979734977113], [174.533335350446, -36.9797352255097], [174.533335521819, -36.9797353675128], [174.53333568178, -36.9797355006498], [174.533335853153, -36.9797356426529], [174.533336013113, -36.9797357757899], [174.533336184305, -36.9797359087818], [174.533336344447, -36.9797360509299], [174.533336515639, -36.9797361839218], [174.533336675599, -36.9797363170588], [174.533336846972, -36.9797364590619], [174.533337018165, -36.9797365920538], [174.533337178125, -36.9797367251908], [174.533337349498, -36.9797368671939], [174.533337509458, -36.9797370003309], [174.533337680651, -36.9797371333228], [174.533337852024, -36.9797372753259], [174.533338011984, -36.9797374084628], [174.533338491684, -36.9797377988626], [174.533338982616, -36.9797381891172], [174.533339462316, -36.9797385795169], [174.533339942197, -36.9797389789278], [174.53334043313, -36.9797393691824], [174.53334091283, -36.9797397595821], [174.533341403762, -36.9797401498367], [174.533341883281, -36.9797405312252], [174.533342362981, -36.9797409216249], [174.533342853913, -36.9797413118795], [174.533343344845, -36.9797417021341], [174.533343824365, -36.9797420835226], [174.533344315297, -36.9797424737772], [174.533344794997, -36.9797428641768], [174.533345285748, -36.9797432454202], [174.53334577668, -36.9797436356748], [174.53334593646, -36.9797437598005], [174.533346085007, -36.9797438840714], [174.533346244787, -36.9797440081971], [174.533346404566, -36.9797441323229], [174.533346564346, -36.9797442564486], [174.533346724125, -36.9797443805744], [174.533346872673, -36.9797445048452], [174.533347032452, -36.9797446289709], [174.533347192232, -36.9797447530967], [174.533347352011, -36.9797448772224], [174.533347511791, -36.9797450013482], [174.53334767157, -36.9797451254739], [174.533347820118, -36.9797452497448], [174.533347979897, -36.9797453738705], [174.533348139677, -36.9797454979962], [174.533348299456, -36.979745622122], [174.533348755969, -36.979745976767], [174.533349223895, -36.9797463402781], [174.533349680408, -36.979746694923], [174.533350148334, -36.9797470584341], [174.533350604846, -36.9797474130791], [174.533351072772, -36.9797477765902], [174.533351540517, -36.97974813109], [174.533351997211, -36.9797484947462], [174.533352464956, -36.9797488492461], [174.5333529327, -36.9797492037459], [174.533353389213, -36.9797495583909], [174.533353856958, -36.9797499128907], [174.533354324703, -36.9797502673906], [174.533354792448, -36.9797506218904], [174.533355260193, -36.9797509763903], [174.533355716706, -36.9797513310352], [174.533356469409, -36.9797518891657], [174.533357211062, -36.9797524564525], [174.533357952534, -36.9797530147281], [174.533358694006, -36.9797535730037], [174.533359446529, -36.9797541221229], [174.533360188, -36.9797546803985], [174.533360940523, -36.9797552295177], [174.533361693227, -36.9797557876482], [174.53336244575, -36.9797563367674], [174.533363198273, -36.9797568858866], [174.533363950615, -36.9797574259946], [174.533364703138, -36.9797579751138], [174.533365455661, -36.979758524233], [174.533366208004, -36.979759064341], [174.533366960346, -36.9797596044489], [174.53336772392, -36.9797601444118], [174.533368157065, -36.9797604542908], [174.533368601441, -36.9797607640247], [174.533369034586, -36.9797610739036], [174.533369478963, -36.9797613836375], [174.533369912108, -36.9797616935165], [174.533370356485, -36.9797620032503], [174.533370789449, -36.9797623041181], [174.533371233825, -36.979762613852], [174.53337166697, -36.9797629237309], [174.533372111166, -36.9797632244536], [174.533372555543, -36.9797635341874], [174.533372988507, -36.9797638350551], [174.533373432703, -36.9797641357778], [174.53337387708, -36.9797644455116], [174.533374321276, -36.9797647462343], [174.53337475424, -36.979765047102], [174.533375209848, -36.9797653566907], [174.533375654044, -36.9797656574134], [174.53337609824, -36.979765958136], [174.533376553849, -36.9797662677247], [174.533376998045, -36.9797665684474], [174.533377453473, -36.9797668690249], [174.533377897669, -36.9797671697475], [174.533378353097, -36.979767470325], [174.533378797293, -36.9797677710476], [174.533379252721, -36.9797680716251], [174.533379696917, -36.9797683723477], [174.533380152345, -36.9797686729252], [174.533380607592, -36.9797689644915], [174.53338106302, -36.979769265069], [174.533381507216, -36.9797695657916], [174.533381962463, -36.9797698573579], [174.533382554302, -36.9797702372952], [174.533383146323, -36.9797706262436], [174.533383738162, -36.9797710061809], [174.533384318769, -36.9797713862633], [174.533384910609, -36.9797717662006], [174.533385502267, -36.9797721371266], [174.533386105338, -36.9797725169187], [174.533386696997, -36.9797728878448], [174.533387288836, -36.979773267782], [174.533387880495, -36.9797736387081], [174.533388483385, -36.979774009489], [174.533389075044, -36.979774380415], [174.533389666703, -36.979774751341], [174.533390269593, -36.9797751221219], [174.533390872484, -36.9797754929028], [174.533391463961, -36.9797758548176], [174.533391759791, -36.9797760402806], [174.533392055439, -36.9797762167324], [174.533392351087, -36.9797763931841], [174.533392646736, -36.9797765696359], [174.533392942384, -36.9797767460877], [174.533393226982, -36.9797769316958], [174.53339352263, -36.9797771081476], [174.533393818278, -36.9797772845994], [174.533394113927, -36.9797774610511], [174.533394409575, -36.9797776375029], [174.533394705224, -36.9797778139547], [174.533395000872, -36.9797779904064], [174.533395296521, -36.9797781668582], [174.533395592169, -36.9797783433099], [174.533395887637, -36.9797785107505], [174.533396183285, -36.9797786872023], [174.533396626577, -36.9797789428687], [174.533397058637, -36.9797791986802], [174.533397502109, -36.9797794633579], [174.533397934169, -36.9797797191694], [174.53339837728, -36.9797799658246], [174.533398820572, -36.979780221491], [174.533399263864, -36.9797804771574], [174.533399695924, -36.9797807329689], [174.533400139215, -36.9797809886353], [174.533400582326, -36.9797812352905], [174.533401025618, -36.9797814909569], [174.533401468729, -36.9797817376121], [174.53340191184, -36.9797819842673], [174.533402355132, -36.9797822399337], [174.533402798243, -36.9797824865889], [174.533403241354, -36.979782733244], [174.533403957288, -36.9797831386187], [174.533404684273, -36.9797835348371], [174.533405411258, -36.9797839310554], [174.533406138423, -36.979784336285], [174.533406865227, -36.9797847234921], [174.533407592212, -36.9797851197104], [174.533408330429, -36.9797855157836], [174.533409057233, -36.9797859029907], [174.533409795269, -36.9797862900527], [174.533410522074, -36.9797866772598], [174.53341126011, -36.9797870643218], [174.533411997965, -36.9797874423725], [174.53341273582, -36.9797878204233], [174.533413473675, -36.979788198474], [174.53341421153, -36.9797885765247], [174.533414960618, -36.9797889544303], [174.533415391954, -36.9797891741969], [174.533415823291, -36.9797893939635], [174.533416265859, -36.9797896135849], [174.533416697196, -36.9797898333515], [174.533417139583, -36.9797900439617], [174.533417582152, -36.9797902635832], [174.533418013307, -36.9797904743385], [174.533418455876, -36.9797906939599], [174.533418898263, -36.9797909045701], [174.533419340832, -36.9797911241916], [174.533419771988, -36.9797913349469], [174.533420214375, -36.9797915455571], [174.533420656763, -36.9797917561673], [174.53342109915, -36.9797919667775], [174.533421541538, -36.9797921773878], [174.533421983926, -36.979792387998], [174.533422278851, -36.9797925284048], [174.533422573595, -36.9797926598003], [174.533422857288, -36.9797928003523], [174.533423152032, -36.9797929317478], [174.533423446957, -36.9797930721546], [174.533423741702, -36.9797932035502], [174.533424036627, -36.979793343957], [174.533424320139, -36.9797934754977], [174.533424615064, -36.9797936159045], [174.533424909808, -36.9797937473001], [174.533425204733, -36.9797938877069], [174.533425499478, -36.9797940191024], [174.533425794222, -36.979794150498], [174.533426088966, -36.9797942818936], [174.533426383891, -36.9797944223004], [174.533426678635, -36.9797945536959], [174.53342697338, -36.9797946850915], [174.533427256892, -36.9797948166322], [174.533427551636, -36.9797949480277], [174.53342784638, -36.9797950794233], [174.533428140944, -36.9797952018077], [174.533428435688, -36.9797953332032], [174.5334287192, -36.9797954647439], [174.533429013945, -36.9797955961394], [174.533429308689, -36.979795727535], [174.533429603252, -36.9797958499194], [174.533429897996, -36.9797959813149], [174.533430192741, -36.9797961127105], [174.533430487304, -36.9797962350948], [174.533430782048, -36.9797963664904], [174.533431076612, -36.9797964888747], [174.533431371356, -36.9797966202703], [174.533431665919, -36.9797967426546], [174.533431960483, -36.9797968650389], [174.533432255227, -36.9797969964345], [174.53343254979, -36.9797971188188], [174.533432833122, -36.9797972413483], [174.533433127685, -36.9797973637326], [174.533433422248, -36.9797974861169], [174.533433716993, -36.9797976175125], [174.533434011556, -36.9797977398968], [174.53343430612, -36.9797978622811], [174.533434600683, -36.9797979846654], [174.533434895246, -36.9797981070498], [174.53343518981, -36.9797982294341], [174.533435484192, -36.9797983428072], [174.533435778756, -36.9797984651915], [174.533436073319, -36.9797985875758], [174.533436220601, -36.979798648768], [174.533436367882, -36.9797987099602], [174.533436515164, -36.9797987711523], [174.533436662446, -36.9797988323445], [174.533436809547, -36.9797988845254], [174.533436956828, -36.9797989457176], [174.53343710411, -36.9797990069097], [174.533437251392, -36.9797990681019], [174.533437398673, -36.9797991292941], [174.533437545774, -36.979799181475], [174.533437693056, -36.9797992426671], [174.533437840338, -36.9797993038593], [174.533437998851, -36.9797993649063], [174.533438145952, -36.9797994170873], [174.533438293234, -36.9797994782794], [174.533438440516, -36.9797995394716], [174.533439018049, -36.9797997663629], [174.533439606995, -36.9798000021203], [174.53344019576, -36.9798002288665], [174.533440784525, -36.9798004556126], [174.53344137329, -36.9798006823588], [174.533441962055, -36.979800909105], [174.53344255082, -36.9798011358511], [174.533443139585, -36.9798013625973], [174.533443728169, -36.9798015803322], [174.533444316754, -36.9798017980672], [174.533444916751, -36.9798020246682], [174.533445505335, -36.9798022424031], [174.533446105151, -36.979802459993], [174.533446704787, -36.9798026685716], [174.533447293371, -36.9798028863065], [174.533447893006, -36.979803094885], [174.533448040288, -36.9798031560772], [174.533448187389, -36.9798032082581], [174.53344833449, -36.979803260439], [174.53344848159, -36.9798033126199], [174.533448639923, -36.9798033646558], [174.533448787024, -36.9798034168367], [174.533448934125, -36.9798034690176], [174.533449081226, -36.9798035211985], [174.533449228327, -36.9798035733795], [174.533449375427, -36.9798036255604], [174.533449522528, -36.9798036777413], [174.533449669629, -36.9798037299222], [174.533449827781, -36.9798037729468], [174.533449974882, -36.9798038251277], [174.533450121983, -36.9798038773086], [174.533450269084, -36.9798039294896], [174.533450359663, -36.9798039643736], [174.533450450061, -36.9798039902464], [174.533450540641, -36.9798040251304], [174.53345063122, -36.9798040600144], [174.533450721618, -36.9798040858872], [174.533450823429, -36.9798041206261], [174.533450913828, -36.9798041464989], [174.533451004407, -36.9798041813829], [174.533451094986, -36.9798042162669], [174.533451185385, -36.9798042421397], [174.533451275964, -36.9798042770238], [174.533451366362, -36.9798043028966], [174.533451456942, -36.9798043377806], [174.53345154734, -36.9798043636534], [174.533451637919, -36.9798043985374], [174.53345173955, -36.9798044242651], [174.533452305127, -36.9798046152565], [174.533452881937, -36.9798048061028], [174.533453458566, -36.9798049879379], [174.533454035195, -36.979805169773], [174.533454623055, -36.979805351463], [174.533455199503, -36.9798055242869], [174.533455787364, -36.9798057059769], [174.533456363812, -36.9798058788007], [174.533456951311, -36.9798060424683], [174.533457538991, -36.979806215147], [174.533458137722, -36.9798063786694], [174.533458725402, -36.9798065513482], [174.533459312901, -36.9798067150157], [174.533459911452, -36.9798068695269], [174.533460510183, -36.9798070330493], [174.533461108733, -36.9798071875604], [174.533461425037, -36.9798072736096], [174.533461729928, -36.9798073507926], [174.533462046232, -36.9798074368418], [174.533462362355, -36.9798075138797], [174.53346268971, -36.9798075907725], [174.533463006014, -36.9798076768216], [174.533463322137, -36.9798077538595], [174.53346363826, -36.9798078308974], [174.533463954383, -36.9798079079354], [174.533464270506, -36.9798079849733], [174.533464586629, -36.9798080620112], [174.533464913984, -36.979808138904], [174.533465230107, -36.9798082159419], [174.53346554623, -36.9798082929798], [174.533465873585, -36.9798083698726], [174.533466189527, -36.9798084378993], [174.53346630239, -36.9798084634818], [174.533466415252, -36.9798084890644], [174.533466528114, -36.979808514647], [174.533466629745, -36.9798085403746], [174.533466742607, -36.9798085659572], [174.533466855469, -36.9798085915398], [174.533466968332, -36.9798086171223], [174.533467069962, -36.97980864285], [174.533467182824, -36.9798086684326], [174.533467295687, -36.9798086940151], [174.533467408549, -36.9798087195977], [174.533467521411, -36.9798087451802], [174.533467623042, -36.9798087709079], [174.533467735904, -36.9798087964905], [174.533467848767, -36.979808822073], [174.533467961448, -36.9798088386444], [174.533468537172, -36.9798089754233], [174.533469123948, -36.9798091030458], [174.533469710543, -36.9798092216572], [174.533470286087, -36.9798093494249], [174.533470872862, -36.9798094770474], [174.533471459457, -36.9798095956588], [174.533472057284, -36.979809714125], [174.533472643878, -36.9798098327364], [174.533473230473, -36.9798099513477], [174.533473817068, -36.979810069959], [174.533474414895, -36.9798101884252], [174.533475012541, -36.9798102978802], [174.533475598955, -36.9798104074803], [174.533476196781, -36.9798105259465], [174.533476794427, -36.9798106354015], [174.533477392073, -36.9798107448564], [174.533477606385, -36.9798107871554], [174.533477820516, -36.9798108204432], [174.533478034828, -36.9798108627422], [174.53347824914, -36.9798109050412], [174.533478463271, -36.9798109383289], [174.533478688814, -36.9798109804828], [174.533478902945, -36.9798110137706], [174.533479117257, -36.9798110560696], [174.533479331569, -36.9798110983686], [174.533479556932, -36.9798111315112], [174.533479771244, -36.9798111738102], [174.533479985375, -36.979811207098], [174.533480199687, -36.979811249397], [174.53348042505, -36.9798112825396], [174.533480639361, -36.9798113248386], [174.533480853492, -36.9798113581263], [174.533481327044, -36.9798114421438], [174.533481789183, -36.9798115172953], [174.533482262553, -36.9798115923015], [174.533482724873, -36.9798116764642], [174.533483198244, -36.9798117514705], [174.533483660382, -36.9798118266219], [174.533484133753, -36.9798119016282], [174.533484595892, -36.9798119767795], [174.533485069263, -36.9798120517858], [174.533485542633, -36.9798121267921], [174.533486004772, -36.9798122019435], [174.533486478143, -36.9798122769498], [174.533486951513, -36.979812351956], [174.533487424884, -36.9798124269623], [174.533487898074, -36.9798124929574], [174.533488360213, -36.9798125681087], [174.533489374346, -36.9798127172506], [174.533490388479, -36.9798128663924], [174.533491402613, -36.9798130155342], [174.533492416746, -36.9798131646761], [174.533493442111, -36.9798133136728], [174.533494456063, -36.9798134538034], [174.533495470016, -36.9798135939339], [174.533496495381, -36.9798137429306], [174.533497520566, -36.9798138829161], [174.533498534518, -36.9798140230466], [174.533499559521, -36.9798141540208], [174.533500584706, -36.9798142940062], [174.53350160989, -36.9798144339916], [174.533502623662, -36.9798145651109], [174.533503648846, -36.9798147050963], [174.53350467385, -36.9798148360705], [174.533505721317, -36.9798149667544], [174.533506757734, -36.9798151065946], [174.533507805382, -36.9798152462898], [174.533508841618, -36.9798153771188], [174.533509889266, -36.9798155168139], [174.533510925501, -36.9798156476429], [174.53351197315, -36.979815787338], [174.533513009385, -36.9798159181669], [174.533514045802, -36.9798160580071], [174.533515093269, -36.9798161886909], [174.533516129686, -36.9798163285311], [174.533517166102, -36.9798164683712], [174.533518202519, -36.9798166082114], [174.533519238935, -36.9798167480515], [174.533520275352, -36.9798168878917], [174.533521311768, -36.9798170277318], [174.53352169474, -36.9798170768652], [174.533522066662, -36.9798171351549], [174.533522449634, -36.9798171842883], [174.533522832606, -36.9798172334217], [174.533523204528, -36.9798172917114], [174.5335235875, -36.9798173408448], [174.533523959421, -36.9798173991345], [174.533524342393, -36.9798174482679], [174.533524714315, -36.9798175065576], [174.533525097287, -36.979817555691], [174.533525469208, -36.9798176139807], [174.533525852181, -36.9798176631141], [174.533526224102, -36.9798177214038], [174.533526595842, -36.9798177706823], [174.533526978996, -36.9798178288269], [174.533527350917, -36.9798178871166], [174.533528432623, -36.9798180443987], [174.533529503097, -36.9798182018258], [174.533530573752, -36.9798183682641], [174.533531644407, -36.9798185347025], [174.53353270383, -36.9798187012859], [174.533533774485, -36.9798188677243], [174.533534834089, -36.9798190433189], [174.533535893693, -36.9798192189136], [174.533536953297, -36.9798193945082], [174.533538013082, -36.9798195791141], [174.533539061635, -36.979819763865], [174.533540110188, -36.979819948616], [174.533541158922, -36.9798201423781], [174.533542196423, -36.9798203362854], [174.533543245338, -36.9798205390588], [174.53354428284, -36.979820732966], [174.533544440811, -36.9798207669793], [174.533544610014, -36.9798208008474], [174.533544779217, -36.9798208347155], [174.533544937189, -36.9798208687287], [174.533545106392, -36.9798209025969], [174.533545275595, -36.979820936465], [174.533545433566, -36.9798209704782], [174.533545602769, -36.9798210043463], [174.533545760559, -36.9798210293483], [174.533545929762, -36.9798210632165], [174.533546087734, -36.9798210972297], [174.533546256937, -36.9798211310978], [174.533546414908, -36.979821165111], [174.533546584111, -36.9798211989791], [174.533546742082, -36.9798212329924], [174.533546911285, -36.9798212668605], [174.533547227228, -36.979821334887], [174.53354754317, -36.9798214029134], [174.533547859112, -36.9798214709399], [174.533548175055, -36.9798215389664], [174.533548490997, -36.9798216069928], [174.533548806939, -36.9798216750193], [174.533549122881, -36.9798217430457], [174.533549427592, -36.9798218112173], [174.533549743534, -36.9798218792438], [174.533550059476, -36.9798219472702], [174.533550375419, -36.9798220152967], [174.53355068031, -36.9798220924795], [174.533550996252, -36.9798221605059], [174.533551312195, -36.9798222285324], [174.533551617086, -36.9798223057152], [174.533551933028, -36.9798223737416], [174.533552079767, -36.9798224079], [174.533552226506, -36.9798224420583], [174.533552384478, -36.9798224760716], [174.533552531398, -36.9798225192411], [174.533552678137, -36.9798225533995], [174.533552836108, -36.9798225874127], [174.533552982847, -36.979822621571], [174.533553129586, -36.9798226557294], [174.533553287738, -36.9798226987538], [174.533553434478, -36.9798227329122], [174.533553581217, -36.9798227670705], [174.533553739188, -36.9798228010837], [174.533553886108, -36.9798228442533], [174.533554032847, -36.9798228784116], [174.533554179586, -36.97982291257], [174.533554326326, -36.9798229467283], [174.533554687739, -36.979823041208], [174.53355504897, -36.9798231266764], [174.533555399151, -36.9798232213011], [174.533555760383, -36.9798233067695], [174.533556110564, -36.9798234013943], [174.533556460564, -36.9798234870078], [174.533556810745, -36.9798235816326], [174.533557172158, -36.9798236761122], [174.533557522339, -36.979823770737], [174.53355787252, -36.9798238653617], [174.533558222701, -36.9798239599864], [174.533558572882, -36.9798240546112], [174.533558923063, -36.9798241492359], [174.533559273243, -36.9798242438607], [174.533559623605, -36.9798243474966], [174.533559973786, -36.9798244421214], [174.533560143351, -36.9798244940119], [174.533560312735, -36.9798245368912], [174.533560471068, -36.9798245889269], [174.533560640633, -36.9798246408174], [174.533560810017, -36.9798246836968], [174.533560979582, -36.9798247355873], [174.533561149147, -36.9798247874778], [174.533561318531, -36.9798248303571], [174.533561488096, -36.9798248822477], [174.533561657661, -36.9798249341382], [174.533561815994, -36.9798249861739], [174.533561985378, -36.9798250290532], [174.533562154942, -36.9798250809437], [174.533562324507, -36.9798251328343], [174.53356248284, -36.9798251848699], [174.533562652405, -36.9798252367605], [174.533562821789, -36.9798252796398], [174.533562980122, -36.9798253316754], [174.533563149687, -36.979825383566], [174.53356330802, -36.9798254356016], [174.533563466353, -36.9798254876373], [174.533563635918, -36.9798255395278], [174.53356379407, -36.9798255825523], [174.533563963635, -36.9798256344428], [174.533564121968, -36.9798256864784], [174.533564280301, -36.9798257385141], [174.533564449866, -36.9798257904046], [174.533564608199, -36.9798258424403], [174.533564766532, -36.9798258944759], [174.533564936096, -36.9798259463665], [174.533565094429, -36.9798259984021], [174.533565252762, -36.9798260504378], [174.533565569428, -36.9798261545091], [174.533565886094, -36.9798262585804], [174.533566191528, -36.9798263627968], [174.533566508194, -36.9798264668681], [174.533566825041, -36.9798265799506], [174.533567130475, -36.9798266841671], [174.53356744714, -36.9798267882384], [174.533567752755, -36.979826901466], [174.533568069421, -36.9798270055373], [174.533568375036, -36.979827118765], [174.53356868047, -36.9798272229814], [174.533568986085, -36.979827336209], [174.533569302931, -36.9798274492916], [174.533569608546, -36.9798275625192], [174.533569914161, -36.9798276757468], [174.533570219776, -36.9798277889744], [174.533570446224, -36.9798278761843], [174.53357066126, -36.979827954528], [174.533570887708, -36.9798280417378], [174.533571102924, -36.9798281290927], [174.533571329373, -36.9798282163025], [174.53357155564, -36.9798282945011], [174.533571770856, -36.9798283818561], [174.533571997305, -36.9798284690659], [174.533572212521, -36.9798285564208], [174.533572427738, -36.9798286437757], [174.533572654186, -36.9798287309855], [174.533572869402, -36.9798288183405], [174.533573084799, -36.9798289147066], [174.533573311248, -36.9798290019164], [174.533573526464, -36.9798290892714], [174.533573741681, -36.9798291766263], [174.533574240229, -36.9798293865103], [174.533574727545, -36.9798295965394], [174.533575214861, -36.9798298065686], [174.533575702177, -36.9798300165977], [174.533576178261, -36.979830226772], [174.533576665758, -36.9798304458123], [174.533577142023, -36.9798306649978], [174.533577618288, -36.9798308841833], [174.533578094734, -36.9798311123799], [174.533578570999, -36.9798313315654], [174.533579047445, -36.9798315597621], [174.53357951284, -36.9798317971151], [174.533579989286, -36.9798320253118], [174.533580454681, -36.9798322626648], [174.533580908844, -36.979832500163], [174.533581374239, -36.979832737516], [174.533581442354, -36.9798327726902], [174.53358151047, -36.9798328078643], [174.533581567353, -36.9798328431836], [174.533581635469, -36.9798328783578], [174.533581703584, -36.9798329135319], [174.533581760467, -36.9798329488512], [174.533581828402, -36.9798329750141], [174.533581885285, -36.9798330103334], [174.533581953401, -36.9798330455076], [174.533582021516, -36.9798330806817], [174.5335820784, -36.979833116001], [174.533582146515, -36.9798331511752], [174.53358221463, -36.9798331863493], [174.533582271514, -36.9798332216686], [174.533582339629, -36.9798332568428], [174.533582396513, -36.9798332921621], [174.533582589446, -36.9798333888184], [174.53358278256, -36.979833494486], [174.533582964442, -36.9798336002988], [174.533583157557, -36.9798337059663], [174.533583339258, -36.9798338027679], [174.533583532372, -36.9798339084355], [174.533583714254, -36.9798340142482], [174.533583907369, -36.9798341199158], [174.533584089251, -36.9798342257285], [174.533584271133, -36.9798343315412], [174.533584453196, -36.9798344463652], [174.53358464631, -36.9798345520327], [174.533584828193, -36.9798346578455], [174.533585010075, -36.9798347636582], [174.533585192138, -36.9798348784821], [174.53358537402, -36.9798349842949], [174.533585442136, -36.979835019469], [174.533585499019, -36.9798350547883], [174.533585555902, -36.9798350901076], [174.533585624199, -36.979835134293], [174.533585681082, -36.9798351696122], [174.533585737966, -36.9798352049315], [174.533585806081, -36.9798352401057], [174.533585862964, -36.9798352754249], [174.533585919848, -36.9798353107442], [174.533585976731, -36.9798353460635], [174.533586045028, -36.9798353902489], [174.533586101911, -36.9798354255682], [174.533586158794, -36.9798354608875], [174.533586215678, -36.9798354962067], [174.533586283793, -36.9798355313809], [174.533586340677, -36.9798355667002], [174.533586397741, -36.9798356110307], [174.533586454624, -36.9798356463499], [174.53358652274, -36.9798356815241], [174.533586579623, -36.9798357168434], [174.533586636507, -36.9798357521626], [174.53358669339, -36.9798357874819], [174.533586750454, -36.9798358318124], [174.53358681857, -36.9798358669866], [174.533586875453, -36.9798359023059], [174.533586932337, -36.9798359376252], [174.533586989401, -36.9798359819557], [174.533587046284, -36.9798360172749], [174.5335871144, -36.9798360524491], [174.533587171283, -36.9798360877684], [174.533587228347, -36.9798361320989], [174.533587285231, -36.9798361674182], [174.533587342114, -36.9798362027374], [174.533587398998, -36.9798362380567], [174.533587456062, -36.9798362823872], [174.533587524177, -36.9798363175614], [174.533587581061, -36.9798363528806], [174.533587637944, -36.9798363881999], [174.533587695009, -36.9798364325304], [174.533587751892, -36.9798364678497], [174.533587808775, -36.979836503169], [174.533587865659, -36.9798365384883], [174.533587922723, -36.9798365828188], [174.533587979607, -36.979836618138], [174.533588047722, -36.9798366533122], [174.533588104786, -36.9798366976427], [174.53358816167, -36.979836732962], [174.533588218553, -36.9798367682812], [174.533588332501, -36.979836847931], [174.533588446449, -36.9798369275808], [174.533588560215, -36.9798369982194], [174.533588674163, -36.9798370778691], [174.53358878793, -36.9798371485077], [174.533588901878, -36.9798372281575], [174.533589015826, -36.9798373078073], [174.533589129773, -36.979837387457], [174.53358924354, -36.9798374580956], [174.533589357488, -36.9798375377454], [174.533589471436, -36.9798376173952], [174.533589585383, -36.9798376970449], [174.533589699331, -36.9798377766947], [174.533589802047, -36.9798378564896], [174.533589915995, -36.9798379361394], [174.533590029761, -36.9798380067779], [174.533590086826, -36.9798380511084], [174.533590143709, -36.9798380864277], [174.533590200773, -36.9798381307582], [174.533590257657, -36.9798381660775], [174.533590314721, -36.979838210408], [174.533590360373, -36.9798382458724], [174.533590417437, -36.9798382902029], [174.53359047432, -36.9798383255222], [174.533590531385, -36.9798383698527], [174.533590588268, -36.9798384051719], [174.533590645332, -36.9798384495025], [174.533590702216, -36.9798384848217], [174.533590748048, -36.9798385292974], [174.533590804932, -36.9798385646166], [174.533590861996, -36.9798386089471], [174.533590918879, -36.9798386442664], [174.533591033008, -36.9798387329274], [174.533591146956, -36.9798388125772], [174.533591260904, -36.979838892227], [174.533591375032, -36.979838980888], [174.53359148898, -36.9798390605377], [174.533591591877, -36.9798391493439], [174.533591705824, -36.9798392289936], [174.533591819953, -36.9798393176546], [174.533591933901, -36.9798393973044], [174.533592048029, -36.9798394859654], [174.533592161977, -36.9798395656152], [174.533592276106, -36.9798396542762], [174.533592390234, -36.9798397429372], [174.533592504182, -36.979839822587], [174.533592607079, -36.9798399113931], [174.533592721026, -36.9798399910429], [174.533593074644, -36.9798402568807], [174.533593417211, -36.9798405318749], [174.533593759597, -36.9798407978579], [174.533594113215, -36.9798410636958], [174.533594455782, -36.97984133869], [174.533594798349, -36.9798416136842], [174.533595140915, -36.9798418886784], [174.533595483482, -36.9798421636726], [174.533595826049, -36.9798424386668], [174.533596157565, -36.9798427228174], [174.533596500131, -36.9798429978116], [174.533596842879, -36.979843281817], [174.533597174395, -36.9798435659676], [174.533597516962, -36.9798438409618], [174.533597848658, -36.9798441341235], [174.533598180174, -36.9798444182741], [174.533598420025, -36.9798446134734], [174.533598648825, -36.979844817829], [174.533598888857, -36.9798450220396], [174.533599117657, -36.9798452263952], [174.533599346276, -36.9798454217396], [174.533599586308, -36.9798456259502], [174.533599815108, -36.9798458303058], [174.533600043908, -36.9798460346615], [174.533600272708, -36.9798462390171], [174.533600501689, -36.979846452384], [174.533600741721, -36.9798466565945], [174.533600970521, -36.9798468609502], [174.533601199321, -36.9798470653058], [174.533601428301, -36.9798472786727], [174.533601657101, -36.9798474830283], [174.533601886082, -36.9798476963952], [174.533602000573, -36.9798478030786], [174.533602115063, -36.9798479097621], [174.533602229554, -36.9798480164455], [174.533602355276, -36.9798481229838], [174.533602469947, -36.9798482386784], [174.533602584438, -36.9798483453619], [174.533602698928, -36.9798484520453], [174.533602824651, -36.9798485585836], [174.533602939322, -36.9798486742783], [174.533603053812, -36.9798487809617], [174.533603168303, -36.9798488876452], [174.533603282974, -36.9798490033398], [174.533603408697, -36.9798491098781], [174.533603523187, -36.9798492165615], [174.533603637858, -36.9798493322562], [174.533603752349, -36.9798494389396], [174.533604668634, -36.9798503104295], [174.533605573868, -36.9798511910757], [174.533606479102, -36.979852071722], [174.533607373286, -36.9798529615245], [174.53360826765, -36.9798538603383], [174.533609150782, -36.9798547592972], [174.533610022863, -36.9798556674125], [174.533610894944, -36.9798565755277], [174.533611767206, -36.9798574926541], [174.533612628236, -36.9798584099257], [174.533613478034, -36.9798593273424], [174.533614328013, -36.9798602537703], [174.533615177811, -36.9798611711869], [174.533616016558, -36.9798620977599], [174.533616844073, -36.9798630244781], [174.533617683001, -36.9798639600623], [174.533617821041, -36.9798641205228], [174.533617959081, -36.9798642809833], [174.533618108353, -36.9798644412987], [174.533618246392, -36.9798646017592], [174.533618395664, -36.9798647620745], [174.533618533704, -36.9798649225351], [174.533618682976, -36.9798650828504], [174.533618821016, -36.9798652433109], [174.533618959236, -36.9798654127826], [174.533619108508, -36.979865573098], [174.533619246548, -36.9798657335585], [174.533619384588, -36.979865894019], [174.533619533859, -36.9798660543344], [174.533619671899, -36.9798662147949], [174.533619809939, -36.9798663752554], [174.533619959211, -36.9798665355708], [174.533620108844, -36.9798667139086], [174.53362026971, -36.9798668921013], [174.533620430756, -36.9798670793052], [174.53362058039, -36.979867257643], [174.533620741255, -36.9798674358357], [174.533620890889, -36.9798676141735], [174.533621051754, -36.9798677923662], [174.533621201388, -36.979867970704], [174.533621362253, -36.9798681488967], [174.533621511887, -36.9798683272345], [174.533621672753, -36.9798685054272], [174.533621822386, -36.979868683765], [174.533621983252, -36.9798688619577], [174.533622132885, -36.9798690402955], [174.533622293751, -36.9798692184882], [174.533622443384, -36.979869396826], [174.533623075976, -36.9798701277644], [174.533623697517, -36.979870867859], [174.533624319058, -36.9798716079537], [174.533624929367, -36.9798723481935], [174.533625539676, -36.9798730884333], [174.533626150166, -36.9798738376843], [174.533626749424, -36.9798745870804], [174.533627348682, -36.9798753364765], [174.53362794812, -36.9798760948839], [174.533628536327, -36.9798768534363], [174.533629113302, -36.9798776121339], [174.533629701509, -36.9798783706864], [174.533630278665, -36.9798791383952], [174.533630844589, -36.9798799062491], [174.533631421744, -36.9798806739579], [174.533631976617, -36.9798814509682], [174.533632126613, -36.9798816473284], [174.533632276789, -36.9798818526999], [174.533632426965, -36.9798820580713], [174.533632565909, -36.9798822635879], [174.533632715905, -36.9798824599482], [174.533632854849, -36.9798826654648], [174.533633005025, -36.9798828708362], [174.533633155202, -36.9798830762077], [174.533633293965, -36.9798832727131], [174.533633444141, -36.9798834780845], [174.533633583086, -36.9798836836011], [174.533633733262, -36.9798838889726], [174.533633872206, -36.9798840944892], [174.533634022383, -36.9798842998607], [174.533634161327, -36.9798845053772], [174.533634300271, -36.9798847108938], [174.533634380885, -36.9798848090014], [174.533634450448, -36.9798849162653], [174.53363452001, -36.9798850235292], [174.533634600624, -36.9798851216368], [174.533634670187, -36.9798852289007], [174.533634739749, -36.9798853361646], [174.533634809131, -36.9798854344172], [174.533634889925, -36.979885541536], [174.533634959488, -36.9798856488], [174.53363502887, -36.9798857470526], [174.533635098432, -36.9798858543165], [174.533635167995, -36.9798859615804], [174.533635248609, -36.979886059688], [174.533635318171, -36.9798861669519], [174.533635387734, -36.9798862742158], [174.533635457296, -36.9798863814797], [174.533635677216, -36.9798867031263], [174.533635897136, -36.9798870247729], [174.533636117056, -36.9798873464195], [174.533636336976, -36.9798876680661], [174.533636556896, -36.9798879897127], [174.533636776815, -36.9798883113593], [174.533636985503, -36.979888633151], [174.533637205604, -36.9798889638088], [174.533637425524, -36.9798892854554], [174.533637634212, -36.9798896072471], [174.533637854312, -36.9798899379049], [174.533638063, -36.9798902596966], [174.533638271688, -36.9798905814883], [174.533638491789, -36.9798909121461], [174.533638700477, -36.9798912339379], [174.533638909345, -36.9798915647408], [174.533639129627, -36.9798919044098], [174.533639349728, -36.9798922350676], [174.533639558777, -36.9798925748818], [174.533639779059, -36.9798929145508], [174.533639999341, -36.9798932542198], [174.53364020839, -36.979893594034], [174.533640428672, -36.979893933703], [174.533640637721, -36.9798942735172], [174.533640858003, -36.9798946131862], [174.533641067053, -36.9798949530003], [174.533641276102, -36.9798952928145], [174.533641485152, -36.9798956326286], [174.533641705434, -36.9798959722977], [174.533641914483, -36.9798963121118], [174.533642123714, -36.9798966609372], [174.533642332764, -36.9798970007513], [174.533642472251, -36.9798972333016], [174.533642611738, -36.9798974658518], [174.533642762457, -36.979897698257], [174.533642901944, -36.9798979308072], [174.533643041612, -36.9798981723687], [174.533643181099, -36.9798984049189], [174.533643331818, -36.979898637324], [174.533643471305, -36.9798988698743], [174.533643610792, -36.9798991024245], [174.53364375046, -36.979899343986], [174.533643889947, -36.9798995765362], [174.533644029434, -36.9798998090865], [174.533644168921, -36.9799000416367], [174.533644308589, -36.9799002831982], [174.533644448076, -36.9799005157484], [174.533644587563, -36.9799007482987], [174.53364495983, -36.9799013834514], [174.533645331916, -36.9799020095929], [174.533645704002, -36.9799026357343], [174.533646065037, -36.9799032710321], [174.533646426072, -36.9799039063299], [174.533646798158, -36.9799045324714], [174.533647159193, -36.9799051677692], [174.533647520228, -36.979905803067], [174.533647870032, -36.97990643851], [174.533648230886, -36.9799070647965], [174.533648591921, -36.9799077000944], [174.533648941724, -36.9799083355373], [174.533649302759, -36.9799089708351], [174.533649652562, -36.979909606278], [174.533650002546, -36.9799102507322], [174.533650352349, -36.9799108861751], [174.533650503792, -36.9799111546251], [174.533650644183, -36.9799114322314], [174.533650795626, -36.9799117006814], [174.533650947249, -36.9799119781427], [174.533651098873, -36.9799122556039], [174.533651250316, -36.9799125240539], [174.533651390707, -36.9799128016602], [174.53365154215, -36.9799130701102], [174.533651693773, -36.9799133475714], [174.533651834165, -36.9799136251778], [174.533651985608, -36.9799138936278], [174.533652137231, -36.979914171089], [174.533652277623, -36.9799144486953], [174.533652429066, -36.9799147171453], [174.533652569457, -36.9799149947517], [174.533652721081, -36.9799152722129], [174.533652872885, -36.9799155586853], [174.533653036103, -36.9799158540239], [174.533653188088, -36.9799161495075], [174.533653340073, -36.9799164449912], [174.53365350311, -36.9799167313185], [174.533653655095, -36.9799170268021], [174.53365380708, -36.9799173222858], [174.533653959066, -36.9799176177695], [174.533654122283, -36.979917913108], [174.533654274088, -36.9799181995804], [174.533654426073, -36.9799184950641], [174.533654578058, -36.9799187905477], [174.533654730044, -36.9799190860314], [174.533654882029, -36.9799193815151], [174.533655045066, -36.9799196678424], [174.533655197051, -36.979919963326], [174.53365554794, -36.9799206528363], [174.533655909879, -36.9799213331902], [174.533656260768, -36.9799220227004], [174.533656611475, -36.9799227031994], [174.533656962364, -36.9799233927096], [174.533657313072, -36.9799240732087], [174.53365766396, -36.9799247627189], [174.533658014668, -36.9799254432179], [174.533658365557, -36.9799261327281], [174.533658716264, -36.9799268132271], [174.53365905574, -36.9799274938713], [174.533659406629, -36.9799281833815], [174.533659746105, -36.9799288640256], [174.533660096993, -36.9799295535359], [174.533660436469, -36.97993023418], [174.533660787177, -36.979930914679], [174.53366084605, -36.9799310491217], [174.533660916155, -36.9799311834193], [174.533660986261, -36.9799313177168], [174.533661044953, -36.9799314431483], [174.533661115059, -36.9799315774458], [174.533661185164, -36.9799317117434], [174.533661244037, -36.9799318461861], [174.533661314143, -36.9799319804836], [174.533661372835, -36.9799321059151], [174.533661442941, -36.9799322402126], [174.533661513046, -36.9799323745102], [174.533661571919, -36.9799325089529], [174.533661642025, -36.9799326432504], [174.533661700898, -36.9799327776931], [174.533661770823, -36.9799329029794], [174.533661840928, -36.979933037277], [174.533662028961, -36.9799334494711], [174.533662228045, -36.9799338525089], [174.53366242731, -36.9799342645579], [174.533662626394, -36.9799346675957], [174.533662814428, -36.9799350797899], [174.533663013693, -36.9799354918389], [174.533663212777, -36.9799358948767], [174.53366340081, -36.9799363070708], [174.533663588843, -36.979936719265], [174.533663776695, -36.9799371224479], [174.53366397596, -36.9799375344969], [174.533664163993, -36.9799379466911], [174.533664352026, -36.9799383588852], [174.533664540059, -36.9799387710793], [174.533664727912, -36.9799391742623], [174.533664904713, -36.9799395866015], [174.53366510434, -36.979940016673], [174.533665292554, -36.9799404378783], [174.533665480948, -36.9799408680949], [174.533665669162, -36.9799412893003], [174.533665857557, -36.9799417195169], [174.533666045771, -36.9799421407222], [174.533666222934, -36.979942571084], [174.533666411329, -36.9799430013005], [174.533666599543, -36.9799434225059], [174.533666776706, -36.9799438528676], [174.533666965101, -36.9799442830842], [174.533667142264, -36.9799447134459], [174.533667330478, -36.9799451346512], [174.533667507641, -36.979945565013], [174.533667684804, -36.9799459953747], [174.533667861967, -36.9799464257364], [174.533667921021, -36.9799465691903], [174.533667991488, -36.9799467215103], [174.533668050542, -36.9799468649642], [174.533668109597, -36.9799470084181], [174.533668168832, -36.9799471608832], [174.533668227886, -36.9799473043371], [174.53366828694, -36.979947447791], [174.533668346176, -36.9799476002561], [174.53366840523, -36.97994774371], [174.533668464284, -36.9799478871639], [174.533668523519, -36.9799480396291], [174.533668593806, -36.9799481829378], [174.533668653041, -36.979948335403], [174.533668712095, -36.9799484788569], [174.53366877115, -36.9799486223108], [174.533668830385, -36.9799487747759], [174.533668889439, -36.9799489182298], [174.533668948674, -36.9799490706949], [174.53366900791, -36.97994922316], [174.533669066964, -36.9799493666139], [174.533669126199, -36.9799495190791], [174.533669185253, -36.979949662533], [174.533669244489, -36.9799498149981], [174.533669303724, -36.9799499674632], [174.533669362778, -36.9799501109171], [174.533669422013, -36.9799502633822], [174.533669481068, -36.9799504068362], [174.533669540303, -36.9799505593013], [174.533669599538, -36.9799507117664], [174.533669658592, -36.9799508552203], [174.533669717828, -36.9799510076854], [174.533669777063, -36.9799511601505], [174.533670215078, -36.9799522721723], [174.533670641861, -36.9799533843391], [174.533671068644, -36.979954496506], [174.533671484376, -36.9799556178291], [174.53367191134, -36.9799567390072], [174.53367231584, -36.9799578604755], [174.533672731391, -36.9799589727875], [174.533673124839, -36.9799601034122], [174.533673529339, -36.9799612248805], [174.533673922607, -36.9799623464939], [174.533674316056, -36.9799634771186], [174.533674709324, -36.979964598732], [174.533675091541, -36.9799657295018], [174.533675473758, -36.9799668602716], [174.533675844743, -36.9799679911865], [174.533676215728, -36.9799691221014], [174.533676322786, -36.9799694181656], [174.533676418792, -36.9799697233861], [174.533676514618, -36.9799700195954], [174.533676610443, -36.9799703158047], [174.533676706269, -36.9799706120139], [174.533676802095, -36.9799709082232], [174.533676898101, -36.9799712134437], [174.533676993927, -36.979971509653], [174.533677089752, -36.9799718058623], [174.533677185578, -36.9799721020715], [174.533677281584, -36.979972407292], [174.53367737741, -36.9799727035013], [174.533677473236, -36.9799729997106], [174.533677569061, -36.9799732959199], [174.533677665068, -36.9799736011404], [174.533677760893, -36.9799738973497], [174.533678265742, -36.9799755403078], [174.533678781822, -36.9799771831208], [174.53367928667, -36.9799788260789], [174.533679780286, -36.9799804691821], [174.533680273903, -36.9799821122854], [174.533680756468, -36.979983764545], [174.533681239033, -36.9799854168046], [174.533681721598, -36.9799870690642], [174.533682192932, -36.9799887214689], [174.533682664265, -36.9799903738736], [174.533683135598, -36.9799920262783], [174.5336835957, -36.9799936788281], [174.533684055801, -36.979995331378], [174.533684516083, -36.979996992939], [174.533684964953, -36.979998645634], [174.533685425054, -36.9800002981838], [174.533685510371, -36.9800006305831], [174.53368560674, -36.980000953826], [174.533685692057, -36.9800012862253], [174.533685777193, -36.9800016096134], [174.533685873562, -36.9800019328563], [174.533685958879, -36.9800022652556], [174.533686044015, -36.9800025886437], [174.533686140565, -36.9800029208978], [174.533686225701, -36.9800032442859], [174.533686310837, -36.980003567674], [174.533686407387, -36.9800038999281], [174.533686492523, -36.9800042233162], [174.53368657784, -36.9800045557155], [174.533686674209, -36.9800048789584], [174.533686759526, -36.9800052113577], [174.533686844662, -36.9800055347458], [174.533687256761, -36.9800070346853], [174.533687657627, -36.9800085347701], [174.533688058493, -36.9800100348548], [174.533688470591, -36.9800115347943], [174.533688871458, -36.980013034879], [174.533689272324, -36.9800145349637], [174.533689684422, -36.9800160349033], [174.533690085289, -36.980017534988], [174.533690497387, -36.9800190349275], [174.533690898253, -36.9800205350122], [174.533691310171, -36.9800220259405], [174.533691722269, -36.9800235258801], [174.533692134187, -36.9800250168084], [174.533692546285, -36.980026516748], [174.533692958203, -36.9800280076763], [174.533693381353, -36.9800294984595], [174.533693466489, -36.9800298218475], [174.533693562677, -36.9800301360792], [174.533693647632, -36.9800304504561], [174.533693744001, -36.980030773699], [174.533693828956, -36.9800310880758], [174.533693913912, -36.9800314024527], [174.53369401028, -36.9800317256956], [174.533694095236, -36.9800320400724], [174.533694191423, -36.9800323543041], [174.533694276379, -36.9800326686809], [174.533694372747, -36.9800329919239], [174.533694457703, -36.9800333063007], [174.53369455389, -36.9800336205324], [174.533694638846, -36.9800339349093], [174.533694735214, -36.9800342581522], [174.53369482017, -36.980034572529], [174.533695351282, -36.9800364044324], [174.533695882213, -36.9800382273246], [174.533696402093, -36.9800400593731], [174.533696933205, -36.9800418912765], [174.533697464317, -36.9800437231799], [174.533697984197, -36.9800455552285], [174.533698515309, -36.9800473871319], [174.533699035189, -36.9800492191804], [174.533699566301, -36.9800510510838], [174.533700086181, -36.9800528831323], [174.533700617475, -36.9800547240469], [174.533701137355, -36.9800565560954], [174.533701657416, -36.9800583971551], [174.533702188528, -36.9800602290585], [174.533702708589, -36.9800620701182], [174.53370322847, -36.9800639021667], [174.533706990445, -36.9800772477055], [174.533710708037, -36.9800906208584], [174.53371435878, -36.9801040219156], [174.533717920212, -36.9801174511674], [174.533721380918, -36.9801308997477], [174.533724741081, -36.9801443766677], [174.533727955409, -36.9801578644856], [174.533731035316, -36.9801713720674], [174.533733947105, -36.9801848998486], [174.533736679545, -36.9801984479742], [174.53373920981, -36.9802119987123], [174.53374153826, -36.9802255700852], [174.533743642071, -36.9802391443608], [174.53374551001, -36.9802527216842], [174.533747108562, -36.9802663115021], [174.533748437546, -36.9802799048032], [174.533748644544, -36.9802823808571], [174.533748851543, -36.980284856911], [174.533749047309, -36.9802873331101], [174.533749220612, -36.9802898095994], [174.533749393914, -36.9802922860887], [174.533749556165, -36.9802947717344], [174.533749707003, -36.980297248514], [174.53374984661, -36.9802997254388], [174.533749986216, -36.9803022023635], [174.533750103358, -36.9803046795785], [174.533750209269, -36.9803071569387], [174.533750315179, -36.9803096342988], [174.533750398625, -36.9803121119492], [174.53375048189, -36.9803145805885], [174.533750542872, -36.9803170585292], [174.533750603854, -36.9803195364699], [174.533750638935, -36.9803218434876], [174.533750674016, -36.9803241505054], [174.533750697864, -36.9803264576683], [174.533750710481, -36.9803287649764], [174.533750711865, -36.9803310724296], [174.533750701837, -36.9803333710167], [174.533750680758, -36.9803356787602], [174.533750648446, -36.9803379866488], [174.533750616134, -36.9803402945374], [174.533750561178, -36.9803425937051], [174.533750506402, -36.980344901884], [174.533750429162, -36.9803472103531], [174.533750351742, -36.9803495098111], [174.53375026327, -36.9803518184254], [174.533750163385, -36.9803541181736], [174.533750041036, -36.9803564182121], [174.533750025085, -36.9803567429063], [174.533750009134, -36.9803570676006], [174.533749993182, -36.9803573922948], [174.53374997705, -36.9803577079778], [174.533749961099, -36.9803580326721], [174.533749945147, -36.9803583573663], [174.533749929015, -36.9803586730493], [174.533749901832, -36.9803589978887], [174.53374988588, -36.980359322583], [174.533749869748, -36.980359638266], [174.533749853797, -36.9803599629602], [174.533749826613, -36.9803602877996], [174.533749810481, -36.9803606034826], [174.53374979453, -36.9803609281769], [174.533749767346, -36.9803612530162], [174.533749751214, -36.9803615686993], [174.533749724935, -36.9803619385948], [174.533749709888, -36.9803623083451], [174.533749683609, -36.9803626782406], [174.533749657149, -36.9803630391249], [174.533749630871, -36.9803634090203], [174.533749615824, -36.9803637787707], [174.533749589545, -36.9803641486662], [174.533749563085, -36.9803645095505], [174.533749536806, -36.9803648794459], [174.533749510527, -36.9803652493414], [174.533749484248, -36.9803656192369], [174.53374945797, -36.9803659891324], [174.53374943151, -36.9803663500167], [174.533749405231, -36.9803667199121], [174.533749378952, -36.9803670898076], [174.533749352673, -36.9803674597031], [174.533749326575, -36.9803678386098], [174.533749300296, -36.9803682085053], [174.533749274198, -36.980368587412], [174.5337492481, -36.9803689663187], [174.533749222002, -36.9803693452254], [174.533749184672, -36.9803697242773], [174.533749158394, -36.9803700941728], [174.533749132296, -36.9803704730795], [174.533749106198, -36.9803708519862], [174.533749068868, -36.980371231038], [174.53374904277, -36.9803716099448], [174.533749016491, -36.9803719798402], [174.533748979161, -36.9803723588921], [174.533748953063, -36.9803727377988], [174.533748926965, -36.9803731167055], [174.533748889635, -36.9803734957574], [174.533748863718, -36.9803738836753], [174.533748826569, -36.9803742717383], [174.533748800652, -36.9803746596563], [174.533748763502, -36.9803750477193], [174.533748726353, -36.9803754357824], [174.533748700436, -36.9803758237003], [174.533748663287, -36.9803762117634], [174.533748626138, -36.9803765998265], [174.533748600221, -36.9803769877444], [174.533748562891, -36.9803773667962], [174.533748525742, -36.9803777548593], [174.533748499825, -36.9803781427773], [174.533748462676, -36.9803785308403], [174.533748425527, -36.9803789189034], [174.533748388377, -36.9803793069664], [174.53374836246, -36.9803796948844], [174.533748325673, -36.9803801009699], [174.533748288705, -36.9803804980442], [174.533748251737, -36.9803808951185], [174.533748214768, -36.9803812921928], [174.533748177981, -36.9803816982783], [174.533748141013, -36.9803820953525], [174.533748104045, -36.9803824924268], [174.533748056025, -36.9803828986575], [174.533748019057, -36.9803832957318], [174.533747982089, -36.9803836928061], [174.533747945302, -36.9803840988916], [174.533747908333, -36.9803844959659], [174.533747871365, -36.9803848930402], [174.533747834397, -36.9803852901144], [174.533747786378, -36.9803856963451], [174.533747749409, -36.9803860934194], [174.533747712803, -36.9803865085161], [174.533747664784, -36.9803869147468], [174.533747628177, -36.9803873298435], [174.533747591571, -36.9803877449402], [174.533747543551, -36.9803881511709], [174.533747506945, -36.9803885662676], [174.533747459107, -36.9803889815095], [174.533747422319, -36.980389387595], [174.533747374481, -36.9803898028369], [174.533747337874, -36.9803902179336], [174.533747289855, -36.9803906241642], [174.533747242017, -36.9803910394061], [174.53374720541, -36.9803914545028], [174.533747157391, -36.9803918607335], [174.533747120785, -36.9803922758302], [174.533747072946, -36.9803926910721], [174.533746978174, -36.9803935666119], [174.533746883401, -36.9803944421518], [174.533746788629, -36.9803953176916], [174.533746694037, -36.9803962022427], [174.533746588033, -36.9803970779277], [174.533746493261, -36.9803979534675], [174.533746398488, -36.9803988290074], [174.533746292484, -36.9803997046923], [174.533746197711, -36.9804005802322], [174.533746091707, -36.9804014559172], [174.533745996935, -36.980402331457], [174.533745891111, -36.9804032161532], [174.533745785107, -36.9804040918382], [174.533745679102, -36.9804049675232], [174.533745573098, -36.9804058432082], [174.533745478325, -36.980406718748], [174.53374542034, -36.9804071882024], [174.533745362536, -36.9804076666679], [174.533745304551, -36.9804081361222], [174.533745246747, -36.9804086145878], [174.533745188762, -36.9804090840421], [174.533745130958, -36.9804095625077], [174.533745072973, -36.980410031962], [174.533745015168, -36.9804105104276], [174.533744945951, -36.9804109800271], [174.533744887966, -36.9804114494814], [174.533744830162, -36.9804119279469], [174.533744772177, -36.9804123974013], [174.533744714373, -36.9804128758668], [174.533744656388, -36.9804133453211], [174.533744598583, -36.9804138237867], [174.533744540598, -36.9804142932411], [174.533744510882, -36.9804144919233], [174.533744481347, -36.9804146996168], [174.533744462863, -36.980414898154], [174.533744433147, -36.9804150968363], [174.533744403611, -36.9804153045298], [174.533744385127, -36.9804155030669], [174.533744355411, -36.9804157017492], [174.533744325695, -36.9804159004315], [174.53374429616, -36.980416108125], [174.533744277675, -36.9804163066621], [174.533744247959, -36.9804165053444], [174.533744218424, -36.9804167130379], [174.533744188708, -36.9804169117202], [174.533744170224, -36.9804171102573], [174.533744140688, -36.9804173179508], [174.533744110972, -36.9804175166331], [174.533744051721, -36.9804179230089], [174.533743992469, -36.9804183293847], [174.533743933399, -36.9804187447717], [174.533743885379, -36.9804191510023], [174.533743826128, -36.9804195573781], [174.533743766876, -36.9804199637539], [174.533743707625, -36.9804203701297], [174.533743637322, -36.9804207856618], [174.533743578071, -36.9804211920376], [174.53374351882, -36.9804215984134], [174.533743459568, -36.9804220047892], [174.533743400317, -36.980422411165], [174.533743329833, -36.9804228176859], [174.533743270763, -36.9804232330729], [174.533743200279, -36.9804236395938], [174.533743141028, -36.9804240459696], [174.53374304119, -36.9804246691953], [174.533742930301, -36.9804253015773], [174.533742830644, -36.9804259338141], [174.533742730806, -36.9804265570398], [174.533742619917, -36.9804271894218], [174.533742508847, -36.9804278127926], [174.53374240919, -36.9804284450295], [174.53374229812, -36.9804290684002], [174.53374218705, -36.980429691771], [174.533742076161, -36.980430324153], [174.533741965091, -36.9804309475238], [174.53374184297, -36.980431580051], [174.5337417319, -36.9804322034217], [174.533741609598, -36.9804328269377], [174.533741498709, -36.9804334593197], [174.533741376407, -36.9804340828356], [174.53374133582, -36.9804342996855], [174.533741295234, -36.9804345165353], [174.533741254466, -36.980434724374], [174.53374121388, -36.9804349412238], [174.533741173113, -36.9804351490625], [174.533741132526, -36.9804353659123], [174.53374109194, -36.9804355827622], [174.533741051172, -36.9804357906008], [174.533740999354, -36.9804360075958], [174.533740958767, -36.9804362244457], [174.533740918, -36.9804364322843], [174.533740877414, -36.9804366491342], [174.533740836827, -36.9804368659841], [174.53374079606, -36.9804370738227], [174.533740744241, -36.9804372908177], [174.533740703655, -36.9804375076676], [174.533740663068, -36.9804377245175], [174.533740622482, -36.9804379413673], [174.533740570483, -36.9804381493511], [174.533740529896, -36.9804383662009], [174.53374048931, -36.9804385830508], [174.533740448723, -36.9804387999007], [174.533740396905, -36.9804390168957], [174.533740356318, -36.9804392337455], [174.533740315732, -36.9804394505954], [174.533740263913, -36.9804396675904], [174.533740223327, -36.9804398844403], [174.533740171508, -36.9804401014353], [174.533740130922, -36.9804403182851], [174.533740090335, -36.980440535135], [174.533740038517, -36.98044075213], [174.53373999775, -36.9804409599686], [174.533739905526, -36.9804414028247], [174.533739813302, -36.9804418456808], [174.533739709845, -36.980442288682], [174.533739617621, -36.9804427315381], [174.533739525216, -36.980443165383], [174.533739432992, -36.980443608239], [174.533739329536, -36.9804440512403], [174.533739237131, -36.9804444850851], [174.533739133675, -36.9804449280863], [174.533739041451, -36.9804453709424], [174.533738937814, -36.9804458049324], [174.53373884559, -36.9804462477885], [174.533738742134, -36.9804466907897], [174.53373864991, -36.9804471336458], [174.533738546273, -36.9804475676358], [174.533738442817, -36.980448010637], [174.533738029897, -36.980449827698], [174.533737594513, -36.9804516450493], [174.533737158948, -36.9804534533893], [174.533736712331, -36.9804552708857], [174.533736265715, -36.9804570883821], [174.533735807686, -36.9804588970125], [174.533735338425, -36.9804607057879], [174.533734869344, -36.9804625235746], [174.533734388851, -36.9804643324952], [174.533733897125, -36.9804661415609], [174.5337334054, -36.9804679506266], [174.533732913674, -36.9804697596923], [174.533732399484, -36.9804715690483], [174.533731896527, -36.9804733782592], [174.533731382337, -36.9804751876152], [174.533730856734, -36.9804769881051], [174.533730793684, -36.9804772052452], [174.533730730452, -36.9804774133741], [174.533730678453, -36.9804776213579], [174.533730615221, -36.9804778294868], [174.53373055199, -36.9804780376157], [174.533730488758, -36.9804782457446], [174.533730425526, -36.9804784538735], [174.533730373527, -36.9804786618573], [174.533730310295, -36.9804788699862], [174.533730247064, -36.9804790781151], [174.533730183832, -36.980479286244], [174.533730120601, -36.980479494373], [174.53373005755, -36.9804797115131], [174.533730005551, -36.9804799194969], [174.533729942319, -36.9804801276258], [174.533729879088, -36.9804803357547], [174.533729542275, -36.9804814668018], [174.533729205643, -36.98048260686], [174.533728857598, -36.9804837380522], [174.533728520785, -36.9804848690993], [174.533728172922, -36.9804860093027], [174.533727836109, -36.9804871403497], [174.533727488064, -36.9804882715419], [174.5337271402, -36.9804894117453], [174.533726792155, -36.9804905429375], [174.533726432878, -36.9804916742748], [174.533726084833, -36.980492805467], [174.533725725556, -36.9804939368043], [174.533725377692, -36.9804950770077], [174.533725018415, -36.980496208345], [174.533724659138, -36.9804973396823], [174.533724299861, -36.9804984710197], [174.533724162166, -36.9804988874226], [174.533724035703, -36.9804993036804], [174.533723898007, -36.9804997200834], [174.533723771544, -36.9805001363412], [174.533723633849, -36.9805005527442], [174.533723496154, -36.9805009691471], [174.533723369691, -36.9805013854049], [174.533723231996, -36.9805018018079], [174.5337230943, -36.9805022182108], [174.533722967837, -36.9805026344687], [174.533722830142, -36.9805030508716], [174.533722692447, -36.9805034672746], [174.533722565984, -36.9805038835324], [174.533722428288, -36.9805042999354], [174.533722290593, -36.9805047163383], [174.53372216413, -36.9805051325962], [174.53372062937, -36.9805098304648], [174.533719094429, -36.9805145193222], [174.533717548256, -36.9805192083247], [174.53371599085, -36.9805238974724], [174.533714444677, -36.9805285864749], [174.533712887271, -36.9805332756225], [174.533711341097, -36.9805379646249], [174.533709794742, -36.9805426446161], [174.533708271032, -36.9805473333283], [174.533706758553, -36.9805520218952], [174.533705257307, -36.9805567103171], [174.533703778524, -36.9805613984486], [174.533702333438, -36.9805660861447], [174.533700910816, -36.9805707735506], [174.53369952189, -36.980575460521], [174.53369816684, -36.9805801560672], [174.53369795649, -36.9805808708564], [174.533697757372, -36.9805815855004], [174.533697558073, -36.9805822911332], [174.533697358955, -36.9805830057772], [174.533697159837, -36.9805837204213], [174.533696960719, -36.9805844350653], [174.5336967616, -36.9805851497093], [174.533696573533, -36.980585855197], [174.533696374415, -36.9805865698411], [174.533696175297, -36.9805872844851], [174.533695987411, -36.980587998984], [174.533695799525, -36.9805887134829], [174.533695600407, -36.9805894281269], [174.53369541234, -36.9805901336146], [174.533695224454, -36.9805908481135], [174.533695036568, -36.9805915626124], [174.533694973879, -36.9805917977749], [174.533694922241, -36.9805920237811], [174.533694859371, -36.9805922499325], [174.533694796501, -36.9805924760838], [174.533694733812, -36.9805927112464], [174.533694682174, -36.9805929372526], [174.533694619304, -36.9805931634039], [174.533694556434, -36.9805933895552], [174.533694504977, -36.9805936245727], [174.533694442107, -36.980593850724], [174.533694379238, -36.9805940768753], [174.5336943276, -36.9805943028815], [174.533694264911, -36.9805945380441], [174.533694213273, -36.9805947640503], [174.533694150403, -36.9805949902016], [174.533694087533, -36.980595216353], [174.533694036257, -36.9805954603816], [174.533693973568, -36.9805956955442], [174.53369391106, -36.980595939718], [174.533693848371, -36.9805961748805], [174.533693785863, -36.9805964190543], [174.533693734406, -36.9805966540717], [174.533693671717, -36.9805968892343], [174.533693609209, -36.980597133408], [174.53369354652, -36.9805973685706], [174.533693495244, -36.9805976125992], [174.533693432555, -36.9805978477618], [174.533693369866, -36.9805980829244], [174.533693307358, -36.9805983270982], [174.533693255901, -36.9805985621156], [174.533693193393, -36.9805988062894], [174.533693130704, -36.9805990414519], [174.53369296492, -36.9805997376381], [174.533692799136, -36.9806004338243], [174.533692633171, -36.9806011209992], [174.533692467388, -36.9806018171854], [174.533692301604, -36.9806025133716], [174.533692135639, -36.9806032005465], [174.533691969855, -36.9806038967327], [174.533691804072, -36.9806045929189], [174.53369164952, -36.98060528896], [174.533691483736, -36.9806059851461], [174.533691329004, -36.980606672176], [174.533691174452, -36.980607368217], [174.5336910199, -36.980608064258], [174.533690865348, -36.9806087602991], [174.533690710797, -36.9806094563401], [174.533690556064, -36.98061014337], [174.533690504426, -36.9806103693762], [174.53369046402, -36.9806105952372], [174.533690412383, -36.9806108212434], [174.533690360745, -36.9806110472496], [174.533690320339, -36.9806112731107], [174.533690268701, -36.9806114991169], [174.533690216882, -36.9806117161119], [174.533690176477, -36.9806119419729], [174.533690124839, -36.9806121679791], [174.533690073201, -36.9806123939853], [174.533690032795, -36.9806126198464], [174.533689981157, -36.9806128458526], [174.533689940752, -36.9806130717137], [174.533689888933, -36.9806132887086], [174.533689837295, -36.9806135147148], [174.533689796889, -36.9806137405759], [174.533689664078, -36.9806144002818], [174.533689520035, -36.9806150601328], [174.533689387043, -36.9806157108275], [174.533689254232, -36.9806163705334], [174.533689132652, -36.9806170300941], [174.53368899966, -36.9806176807888], [174.533688866849, -36.9806183404947], [174.53368874527, -36.9806190000554], [174.533688612459, -36.9806196597613], [174.533688490699, -36.9806203103108], [174.53368836912, -36.9806209698716], [174.533688247541, -36.9806216294323], [174.533688125962, -36.9806222889931], [174.533688004202, -36.9806229395426], [174.533687893855, -36.9806235989583], [174.533687772275, -36.980624258519], [174.533687702153, -36.9806246830623], [174.533687620799, -36.9806251077508], [174.533687550858, -36.9806255413053], [174.533687480736, -36.9806259658487], [174.533687410613, -36.980626390392], [174.533687329259, -36.9806268150805], [174.533687259137, -36.9806272396238], [174.533687189196, -36.9806276731783], [174.533687119074, -36.9806280977217], [174.533687048951, -36.980628522265], [174.533686978829, -36.9806289468083], [174.533686919939, -36.9806293712065], [174.533686849998, -36.9806298047611], [174.533686779876, -36.9806302293044], [174.533686709754, -36.9806306538478], [174.533686650864, -36.9806310782459], [174.533686491773, -36.9806321078473], [174.533686343915, -36.9806331373035], [174.533686184824, -36.9806341669048], [174.533686048198, -36.9806351962159], [174.53368590034, -36.9806362256721], [174.533685763894, -36.9806372639945], [174.533685627268, -36.9806382933055], [174.533685501874, -36.9806393224715], [174.533685376479, -36.9806403516374], [174.533685251085, -36.9806413808034], [174.533685125691, -36.9806424099693], [174.53368501171, -36.9806434480013], [174.53368490878, -36.980644476877], [174.533684794618, -36.9806455058978], [174.533684691869, -36.9806465437847], [174.533684588939, -36.9806475726604], [174.533684570454, -36.9806477711975], [174.533684552151, -36.9806479787459], [174.533684533667, -36.980648177283], [174.533684515182, -36.9806483758201], [174.533684496698, -36.9806485743573], [174.533684478395, -36.9806487819056], [174.53368445991, -36.9806489804428], [174.533684452658, -36.9806491788347], [174.533684434355, -36.9806493863831], [174.53368441587, -36.9806495849202], [174.533684397386, -36.9806497834574], [174.533684378902, -36.9806499819945], [174.533684360598, -36.9806501895429], [174.533684342114, -36.98065038808], [174.53368432363, -36.9806505866171], [174.533684305145, -36.9806507851542], [174.533684073171, -36.9806537806531], [174.533683841196, -36.980656776152], [174.533683620454, -36.9806597715057], [174.533683411124, -36.9806627757256], [174.533683213027, -36.9806657798002], [174.533683026343, -36.980668792741], [174.533682839658, -36.9806718056818], [174.533682675619, -36.9806748273435], [174.533682511399, -36.980677839994], [174.533682358592, -36.9806808615106], [174.533682217197, -36.9806838918932], [174.533682098267, -36.9806869219856], [174.533681979337, -36.980689952078], [174.533681871639, -36.9806929820253], [174.533681775354, -36.9806960208386], [174.533681690302, -36.9806990595068], [174.53368163462, -36.9807013226295], [174.533681578937, -36.9807035857522], [174.5336815459, -36.9807058575958], [174.53368150145, -36.9807081205733], [174.533681468413, -36.9807103924169], [174.533681446608, -36.9807126641154], [174.533681436036, -36.9807149356688], [174.533681425463, -36.9807172072221], [174.53368141489, -36.9807194787755], [174.533681415549, -36.9807217501837], [174.533681427622, -36.980724030458], [174.533681439513, -36.9807263017211], [174.533681462817, -36.9807285818502], [174.533681497173, -36.980730852823], [174.53368153171, -36.9807331328071], [174.533681566246, -36.9807354127911], [174.533681938164, -36.9807483424417], [174.533682546319, -36.980761287067], [174.533683379116, -36.9807742287895], [174.533684470071, -36.9807871581626], [174.533685807952, -36.9808000753316], [174.533687415042, -36.9808129709947], [174.53368927993, -36.9808258362861], [174.533691435948, -36.9808386527477], [174.533693872047, -36.980851429536], [174.533696599097, -36.9808641484834], [174.5336996392, -36.980876791277], [174.533702981305, -36.9808893670733], [174.533706636464, -36.9809018667158], [174.533710626779, -36.9809142718918], [174.53371495207, -36.9809265735901], [174.533719623568, -36.9809387716654], [174.533719824826, -36.9809392828376], [174.533720026084, -36.9809397940098], [174.533720238755, -36.9809403140481], [174.533720440014, -36.9809408252203], [174.533720652504, -36.9809413362474], [174.533720853762, -36.9809418474196], [174.533721066252, -36.9809423584467], [174.533721278743, -36.9809428694737], [174.533721491233, -36.9809433805008], [174.533721692491, -36.980943891673], [174.533721904982, -36.9809444027001], [174.533722117472, -36.9809449137271], [174.533722329962, -36.9809454247542], [174.533722542453, -36.9809459357813], [174.533722754943, -36.9809464468083], [174.533722978665, -36.9809469576903], [174.533723049676, -36.9809471370438], [174.533723120507, -36.9809473073862], [174.533723191518, -36.9809474867398], [174.53372327358, -36.980947656937], [174.533723344591, -36.9809478362906], [174.533723415602, -36.9809480156441], [174.533723486432, -36.9809481859865], [174.533723568675, -36.9809483651949], [174.533723639505, -36.9809485355373], [174.533723710516, -36.9809487148909], [174.533723792579, -36.980948885088], [174.53372386359, -36.9809490644416], [174.53372393442, -36.980949234784], [174.533724016663, -36.9809494139924], [174.533724087493, -36.9809495843348], [174.533724158504, -36.9809497636883], [174.533724311758, -36.9809501222504], [174.533724465013, -36.9809504808124], [174.533724618267, -36.9809508393744], [174.533724771521, -36.9809511979364], [174.533724924775, -36.9809515564984], [174.533725089262, -36.9809519149153], [174.533725242516, -36.9809522734773], [174.53372539577, -36.9809526320393], [174.533725549024, -36.9809529906013], [174.533725702278, -36.9809533491633], [174.533725866765, -36.9809537075802], [174.533726020019, -36.9809540661422], [174.533726173273, -36.9809544247042], [174.533726326527, -36.9809547832662], [174.533726491014, -36.980955141683], [174.533726644268, -36.9809555002451], [174.533727550571, -36.9809575526388], [174.533728468288, -36.9809596138986], [174.533729397055, -36.980961666002], [174.533730325823, -36.9809637181055], [174.533731265823, -36.9809657700638], [174.533732217055, -36.9809678218769], [174.533733168106, -36.9809698646788], [174.533734119338, -36.9809719164919], [174.533735092854, -36.9809739590035], [174.533736055137, -36.9809760016603], [174.533737028472, -36.9809780351606], [174.533738001988, -36.9809800776722], [174.533738986555, -36.9809821110274], [174.533739971122, -36.9809841443826], [174.533740955689, -36.9809861777378], [174.533741951308, -36.9809882019366], [174.533742373032, -36.9809890617887], [174.533742794757, -36.9809899216408], [174.533743216482, -36.9809907814928], [174.533743649258, -36.9809916321886], [174.533744082215, -36.9809924918955], [174.533744514991, -36.9809933425912], [174.533744947767, -36.9809941932869], [174.533745380724, -36.9809950529938], [174.533745824732, -36.9809959035444], [174.533746268741, -36.9809967540949], [174.533746712749, -36.9809976046455], [174.533747156757, -36.980998455196], [174.533747600766, -36.9809993057466], [174.533748044774, -36.9810001562971], [174.533748499833, -36.9810009976913], [174.533748955074, -36.9810018480967], [174.533749305426, -36.9810025105728], [174.533749666829, -36.9810031638925], [174.533750017181, -36.9810038263685], [174.533750378584, -36.9810044796882], [174.533750740168, -36.9810051420191], [174.533751101572, -36.9810057953388], [174.533751462975, -36.9810064486584], [174.533751824559, -36.9810071109893], [174.533752185962, -36.981007764309], [174.533752558598, -36.9810084174836], [174.533752920001, -36.9810090708032], [174.533753281404, -36.9810097241229], [174.53375365404, -36.9810103772974], [174.533754026675, -36.981011030472], [174.53375439931, -36.9810116836465], [174.533754771946, -36.981012336821], [174.533754900022, -36.981012560505], [174.533755016867, -36.981012784334], [174.533755144943, -36.981013008018], [174.53375527302, -36.9810132317019], [174.533755401096, -36.9810134553859], [174.533755529173, -36.9810136790698], [174.533755657068, -36.9810138937425], [174.533755785145, -36.9810141174265], [174.533755913221, -36.9810143411104], [174.533756041298, -36.9810145647944], [174.533756169374, -36.9810147884783], [174.533756297451, -36.9810150121622], [174.533756436578, -36.9810152266898], [174.533756564655, -36.9810154503737], [174.533756692731, -36.9810156740577], [174.533756820808, -36.9810158977416], [174.533756948884, -36.9810161214256], [174.533757076961, -36.9810163451095], [174.533757216269, -36.9810165686483], [174.533757344346, -36.9810167923322], [174.533757472422, -36.9810170160162], [174.53375760068, -36.9810172487113], [174.533757739988, -36.9810174722501], [174.533757868065, -36.981017695934], [174.533757996141, -36.981017919618], [174.53375813545, -36.9810181431568], [174.533758263527, -36.9810183668407], [174.533758391603, -36.9810185905246], [174.533758530912, -36.9810188140635], [174.533758658988, -36.9810190377474], [174.533758787065, -36.9810192614313], [174.533758926373, -36.9810194849701], [174.533759193939, -36.9810199412041], [174.533759461506, -36.981020397438], [174.533759740304, -36.9810208535268], [174.53376000787, -36.9810213097608], [174.533760286668, -36.9810217658496], [174.533760554415, -36.9810222310947], [174.533760833213, -36.9810226871835], [174.533761111831, -36.9810231342611], [174.533761379397, -36.9810235904951], [174.533761658195, -36.9810240465839], [174.533761936993, -36.9810245026727], [174.533762215791, -36.9810249587615], [174.533762483358, -36.9810254149954], [174.533762762156, -36.9810258710842], [174.533763040954, -36.981026327173], [174.533763319752, -36.9810267832618], [174.533763459242, -36.9810270158118], [174.533763609964, -36.9810272482167], [174.533763749453, -36.9810274807667], [174.533763888943, -36.9810277133167], [174.533764039665, -36.9810279457215], [174.533764179154, -36.9810281782715], [174.533764318644, -36.9810284108215], [174.533764469366, -36.9810286432264], [174.533764608855, -36.9810288757764], [174.533764748164, -36.9810290993152], [174.533764898886, -36.9810293317201], [174.533765038375, -36.9810295642701], [174.533765189097, -36.9810297966749], [174.533765328587, -36.9810300292249], [174.533765468076, -36.9810302617749], [174.533765618798, -36.9810304941798], [174.53376576952, -36.9810307265847], [174.53376590919, -36.9810309681459], [174.533766059912, -36.9810312005507], [174.533766210634, -36.9810314329556], [174.533766350304, -36.9810316745168], [174.533766501026, -36.9810319069217], [174.533766651748, -36.9810321393266], [174.533766791418, -36.9810323808878], [174.53376694214, -36.9810326132926], [174.533767092862, -36.9810328456975], [174.533767243764, -36.9810330871136], [174.533767383254, -36.9810333196636], [174.533767533976, -36.9810335520684], [174.533767684879, -36.9810337934845], [174.5337678356, -36.9810340258894], [174.53376797509, -36.9810342584394], [174.533768288127, -36.9810347411264], [174.533768589933, -36.9810352239585], [174.53376890297, -36.9810357066455], [174.533769204776, -36.9810361894777], [174.533769517813, -36.9810366721647], [174.533769819619, -36.9810371549968], [174.533770132656, -36.9810376376839], [174.533770434281, -36.9810381115048], [174.533770747318, -36.9810385941918], [174.533771060356, -36.9810390768788], [174.533771373393, -36.9810395595658], [174.533771675199, -36.9810400423979], [174.533771988055, -36.9810405160737], [174.533772301093, -36.9810409987607], [174.533772614131, -36.9810414814477], [174.533772927168, -36.9810419641347], [174.533773367378, -36.9810426254496], [174.533773796536, -36.9810432959207], [174.533774236927, -36.9810439662467], [174.533774677136, -36.9810446275616], [174.533775106295, -36.9810452980327], [174.533775546504, -36.9810459593475], [174.533775986895, -36.9810466296735], [174.533776427104, -36.9810472909884], [174.533776867495, -36.9810479613144], [174.533777318937, -36.981048622484], [174.533777759147, -36.9810492837988], [174.533778199537, -36.9810499541248], [174.533778650979, -36.9810506152945], [174.533779091189, -36.9810512766093], [174.533779542811, -36.9810519467901], [174.533779983021, -36.9810526081049], [174.533780133381, -36.9810528224873], [174.533780272509, -36.9810530370148], [174.533780422869, -36.9810532513973], [174.533780561997, -36.9810534659248], [174.533780712357, -36.9810536803072], [174.533780851666, -36.981053903846], [174.533781002026, -36.9810541182284], [174.533781152386, -36.9810543326108], [174.533781291514, -36.9810545471383], [174.533781441874, -36.9810547615207], [174.533781581001, -36.9810549760482], [174.533781731361, -36.9810551904306], [174.533781881721, -36.981055404813], [174.533782020849, -36.9810556193406], [174.533782171209, -36.981055833723], [174.533782321569, -36.9810560481054], [174.533782460878, -36.9810562716441], [174.533782611419, -36.9810564950377], [174.533782761779, -36.9810567094202], [174.53378291232, -36.9810569328138], [174.53378306268, -36.9810571471962], [174.533783213221, -36.9810573705898], [174.533783363762, -36.9810575939834], [174.533783514122, -36.9810578083658], [174.533783664663, -36.9810580317594], [174.533783815204, -36.981058255153], [174.533783965564, -36.9810584695354], [174.533784116105, -36.981058692929], [174.533784266465, -36.9810589073114], [174.533784417006, -36.981059130705], [174.533784567547, -36.9810593540986], [174.533784717907, -36.981059568481], [174.53378487968, -36.9810597917295], [174.533785030402, -36.9810600241343], [174.533785180943, -36.9810602475279], [174.533785342716, -36.9810604707764], [174.533785493257, -36.98106069417], [174.53378565503, -36.9810609174185], [174.533785805752, -36.9810611498233], [174.533785956293, -36.9810613732169], [174.533786118066, -36.9810615964654], [174.533786268607, -36.981061819859], [174.53378643038, -36.9810620431075], [174.533786581102, -36.9810622755123], [174.533786731643, -36.9810624989059], [174.533786893416, -36.9810627221544], [174.533787043957, -36.981062945548], [174.53378720573, -36.9810631687965], [174.533787703367, -36.981063892464], [174.533788200823, -36.9810646071204], [174.53378869846, -36.9810653307879], [174.533789195916, -36.9810660454443], [174.533789704605, -36.9810667599555], [174.533790202242, -36.981067483623], [174.533790699698, -36.9810681982793], [174.533791208386, -36.9810689127905], [174.533791706024, -36.9810696364581], [174.533792214712, -36.9810703509692], [174.5337927234, -36.9810710654804], [174.533793220857, -36.9810717801367], [174.533793729726, -36.9810725036591], [174.533794238414, -36.9810732181703], [174.533794735871, -36.9810739328266], [174.533795244559, -36.9810746473378], [174.533796227516, -36.9810760407507], [174.533797221524, -36.9810774250072], [174.53379820448, -36.98107881842], [174.533799198489, -36.9810802026765], [174.533800192678, -36.9810815959442], [174.533801186686, -36.9810829802007], [174.533802180694, -36.9810843644571], [174.533803174883, -36.9810857577248], [174.533804168891, -36.9810871419812], [174.533805174132, -36.9810885260925], [174.53380616814, -36.9810899103489], [174.533807162148, -36.9810912946053], [174.533808167389, -36.9810926787166], [174.53380917263, -36.9810940628278], [174.533810166638, -36.9810954470842], [174.533811171879, -36.9810968311954], [174.533813425111, -36.9810999387961], [174.533815678343, -36.9811030463967], [174.533817931394, -36.981106144986], [174.533820184626, -36.9811092525866], [174.533822426446, -36.981112351321], [174.533824679679, -36.9811154589214], [174.533826921679, -36.9811185666669], [174.53382916368, -36.9811216744124], [174.533831405682, -36.9811247821578], [174.533833636451, -36.9811278900483], [174.533835856169, -36.9811310070952], [174.533838075887, -36.981134124142], [174.533840284554, -36.9811372503451], [174.533842481809, -36.9811403676821], [174.533844668012, -36.9811434941754], [174.533846843164, -36.9811466298251], [174.533847734275, -36.9811479252753], [174.533848625387, -36.9811492207255], [174.533849516498, -36.9811505161756], [174.533850407609, -36.9811518116258], [174.533851287488, -36.9811531072211], [174.533852178599, -36.9811544026713], [174.533853058659, -36.9811557072778], [174.533853927306, -36.9811570030182], [174.533854807366, -36.9811583076247], [174.533855676194, -36.9811596123763], [174.533856556074, -36.9811609079716], [174.533857413669, -36.9811622128684], [174.533858282498, -36.98116351762], [174.533859140274, -36.981164831528], [174.53385999787, -36.9811661364248], [174.533860855466, -36.9811674413215], [174.533861249663, -36.9811680491492], [174.533861643679, -36.9811686479658], [174.533862026463, -36.9811692469274], [174.53386242066, -36.9811698547552], [174.533862814676, -36.9811704535717], [174.53386319764, -36.9811710615445], [174.533863591656, -36.981171660361], [174.533863974621, -36.9811722683339], [174.533864357405, -36.9811728672956], [174.53386474037, -36.9811734752685], [174.533865134567, -36.9811740830962], [174.53386551735, -36.9811746820578], [174.533865900315, -36.9811752900307], [174.53386628328, -36.9811758980036], [174.533866666064, -36.9811764969652], [174.533867049029, -36.9811771049381], [174.533867408986, -36.9811776861676], [174.533867768944, -36.9811782673971], [174.533868140134, -36.9811788484815], [174.533868500091, -36.981179429711], [174.533868860049, -36.9811800109405], [174.533869220007, -36.98118059217], [174.533869579964, -36.9811811733995], [174.533869939922, -36.981181754629], [174.53387029988, -36.9811823358585], [174.533870660018, -36.9811829260992], [174.533871019976, -36.9811835073287], [174.533871368702, -36.9811840887034], [174.533871728659, -36.9811846699328], [174.533872077566, -36.9811852603187], [174.533872437524, -36.9811858415482], [174.533872786249, -36.9811864229229], [174.533876481474, -36.9811925224155], [174.5338801767, -36.981198621908], [174.533883883158, -36.9812047212552], [174.533887600668, -36.9812108114459], [174.533891307127, -36.9812169107929], [174.533895025001, -36.9812230190058], [174.533898742693, -36.9812291182073], [174.533902449336, -36.981235226565], [174.533906144927, -36.9812413440791], [174.533909829287, -36.9812474617381], [174.533913502415, -36.9812535795421], [174.533917164674, -36.9812597155137], [174.533920793237, -36.9812658519205], [174.533924410749, -36.9812719974836], [174.533927994746, -36.9812781524933], [174.53393155646, -36.9812843168044], [174.533932127102, -36.9812853189481], [174.533932697744, -36.9812863210918], [174.533933268387, -36.9812873232355], [174.533933850261, -36.981288325234], [174.533934420903, -36.9812893273777], [174.533934991545, -36.9812903295214], [174.533935550955, -36.9812913318102], [174.533936121597, -36.9812923339539], [174.533936692239, -36.9812933360976], [174.533937263063, -36.9812943472524], [174.533937822473, -36.9812953495413], [174.533938393115, -36.9812963516849], [174.533938952525, -36.9812973539738], [174.533939512116, -36.9812983652738], [174.533940071526, -36.9812993675626], [174.533940630936, -36.9813003698514], [174.533941563347, -36.9813020433365], [174.533942484344, -36.9813037079555], [174.533943405523, -36.9813053815858], [174.53394432652, -36.9813070462048], [174.533945236466, -36.9813087199801], [174.533946146413, -36.9813103937555], [174.533947056359, -36.9813120675309], [174.533947966306, -36.9813137413062], [174.53394886502, -36.9813154152267], [174.533949763734, -36.9813170891472], [174.533950662629, -36.9813187720789], [174.533951550112, -36.9813204461446], [174.533952437775, -36.9813221292214], [174.533953325257, -36.981323803287], [174.533954201688, -36.9813254865091], [174.533955078119, -36.981327169731], [174.533955580645, -36.9813281367007], [174.53395608299, -36.9813290946591], [174.533956585516, -36.9813300616288], [174.533957076809, -36.9813310287436], [174.533957579335, -36.9813319957133], [174.533958070629, -36.9813329628281], [174.533958561923, -36.9813339299429], [174.533959053216, -36.9813348970577], [174.53395954451, -36.9813358641725], [174.533960035804, -36.9813368312873], [174.533960527098, -36.9813377984021], [174.533961007159, -36.9813387656621], [174.533961498453, -36.9813397327769], [174.533961978695, -36.981340709048], [174.533962458757, -36.981341676308], [174.533962938819, -36.981342643568], [174.53396414477, -36.9813450706565], [174.533965328256, -36.9813474980353], [174.533966511924, -36.9813499344253], [174.533967672947, -36.9813523620944], [174.53396883415, -36.9813547987747], [174.533969984303, -36.9813572446114], [174.533971123042, -36.981359681582], [174.533972261962, -36.9813621275639], [174.533973378418, -36.981364573836], [174.533974494874, -36.9813670201081], [174.533975589047, -36.9813694756818], [174.53397668322, -36.9813719312554], [174.533977755109, -36.9813743961306], [174.533978826818, -36.9813768519946], [174.533979887475, -36.9813793170149], [174.533980937081, -36.9813817911916], [174.533981055375, -36.9813820871102], [174.5339811849, -36.9813823828836], [174.533981303193, -36.9813826788021], [174.533981432537, -36.9813829655643], [174.533981550831, -36.9813832614829], [174.533981669124, -36.9813835574015], [174.533981798649, -36.9813838531749], [174.533981916942, -36.9813841490934], [174.533982046467, -36.9813844448668], [174.533982164761, -36.9813847407854], [174.533982294286, -36.9813850365588], [174.533982412579, -36.9813853324773], [174.533982530872, -36.9813856283959], [174.533982660398, -36.9813859241693], [174.533982778691, -36.9813862200879], [174.533982896984, -36.9813865160065], [174.533983192264, -36.9813872332748], [174.533983487545, -36.9813879505432], [174.533983782825, -36.9813886678116], [174.533984089519, -36.981389393946], [174.5339843848, -36.9813901112143], [174.53398468008, -36.9813908284827], [174.533984975361, -36.9813915457511], [174.533985270822, -36.9813922720306], [174.533985566103, -36.981392989299], [174.533985872616, -36.9813937064222], [174.533986168077, -36.9813944327018], [174.533986463358, -36.9813951499701], [174.533986758638, -36.9813958672385], [174.5339870541, -36.9813965935181], [174.53398734938, -36.9813973107864], [174.533987656074, -36.9813980369208], [174.533987951717, -36.9813987722116], [174.533988258772, -36.9813995163685], [174.533988565828, -36.9814002605253], [174.533988861651, -36.9814010048273], [174.533989168526, -36.9814017399729], [174.533989475582, -36.9814024841298], [174.533989771405, -36.9814032284318], [174.533990078461, -36.9814039725886], [174.533990374285, -36.9814047168906], [174.533990670108, -36.9814054611926], [174.533990965751, -36.9814061964834], [174.533991272806, -36.9814069406402], [174.53399156863, -36.9814076849422], [174.533991864453, -36.9814084292442], [174.533992160277, -36.9814091735462], [174.533992444868, -36.9814099179934], [174.533992515699, -36.9814100883355], [174.533992586531, -36.9814102586777], [174.53399264613, -36.981410429165], [174.53399271678, -36.9814105904959], [174.533992776379, -36.9814107609833], [174.53399284721, -36.9814109313254], [174.533992906628, -36.9814110928015], [174.533992977459, -36.9814112631437], [174.533993037058, -36.981411433631], [174.533993107889, -36.9814116039731], [174.53399317854, -36.9814117653041], [174.533993238138, -36.9814119357914], [174.53399330897, -36.9814121061336], [174.533993368569, -36.9814122766209], [174.533993439219, -36.9814124379518], [174.533993498818, -36.9814126084392], [174.533993866196, -36.9814135591282], [174.533994233575, -36.9814145098172], [174.533994589721, -36.9814154606514], [174.5339949571, -36.9814164113404], [174.533995313246, -36.9814173621746], [174.533995669393, -36.9814183130087], [174.533996014307, -36.9814192639881], [174.533996370453, -36.9814202148223], [174.533996715367, -36.9814211658016], [174.533997060282, -36.9814221167809], [174.533997394144, -36.9814230769167], [174.533997739059, -36.981424027896], [174.533998061508, -36.9814249791657], [174.533998395371, -36.9814259393014], [174.533998729053, -36.9814268904259], [174.533999051503, -36.9814278416956], [174.533999099508, -36.9814279943056], [174.533999147332, -36.9814281379044], [174.533999195156, -36.9814282815032], [174.533999243161, -36.9814284341133], [174.533999290985, -36.9814285777121], [174.53399933899, -36.9814287303222], [174.533999386814, -36.981428873921], [174.533999434638, -36.9814290175198], [174.533999493875, -36.9814291699847], [174.533999541699, -36.9814293135836], [174.533999589523, -36.9814294571824], [174.533999637528, -36.9814296097924], [174.533999685352, -36.9814297533913], [174.533999733357, -36.9814299060013], [174.533999781181, -36.9814300496001], [174.533999829005, -36.981430193199], [174.533999924653, -36.9814304803966], [174.534000009068, -36.9814307677395], [174.534000104716, -36.9814310549371], [174.534000200364, -36.9814313421348], [174.53400028478, -36.9814316294776], [174.534000380247, -36.981431907664], [174.534000464663, -36.9814321950069], [174.53400056031, -36.9814324822045], [174.534000655958, -36.9814327694022], [174.534000740374, -36.981433056745], [174.53400082479, -36.9814333440878], [174.534000920438, -36.9814336312855], [174.534001004673, -36.9814339096171], [174.53400110032, -36.9814341968148], [174.534001184736, -36.9814344841576], [174.534001269152, -36.9814347715004], [174.534002801315, -36.9814400156158], [174.53400423275, -36.9814452790601], [174.534005541174, -36.9814505711349], [174.534006759922, -36.9814558733822], [174.534007855658, -36.98146120426], [174.534008861717, -36.9814665453103], [174.534009767049, -36.9814719056896], [174.534010582885, -36.9814772852526], [174.534011297812, -36.9814826751334], [174.534011923063, -36.9814880751867], [174.53401247005, -36.9814934942786], [174.53401292736, -36.981498923543], [174.534013294993, -36.98150436298], [174.534013595415, -36.9815098122993], [174.534013817391, -36.9815152716459], [174.534013960743, -36.9815207320087], [174.534014033443, -36.9815260310406], [174.534014038751, -36.9815313309434], [174.534013988078, -36.9815366405834], [174.534013881245, -36.9815419509491], [174.534013707017, -36.9815472621859], [174.534013488042, -36.9815525830146], [174.534013212725, -36.9815578955579], [174.534012892479, -36.9815632086818], [174.534012527123, -36.9815685133752], [174.534012116838, -36.9815738186493], [174.534011661624, -36.981579124504], [174.534011161301, -36.9815844219282], [174.534010638331, -36.9815897106315], [174.534010070433, -36.9815949999155], [174.534009468657, -36.9816002806237], [174.534008844055, -36.9816055435999], [174.534008729172, -36.9816065365759], [174.534008603238, -36.9816075387083], [174.534008477124, -36.9816085318295], [174.534008351009, -36.9816095249507], [174.534008236126, -36.9816105179267], [174.534008110012, -36.9816115110479], [174.534007983897, -36.9816125041691], [174.53400784655, -36.9816134974354], [174.534007720435, -36.9816144905566], [174.53400759432, -36.9816154836778], [174.534007468205, -36.981616476799], [174.534007330677, -36.9816174610541], [174.534007204563, -36.9816184541753], [174.534007067216, -36.9816194474417], [174.53400694092, -36.9816204315516], [174.534006803573, -36.981621424818], [174.534006724391, -36.9816219576412], [174.534006656622, -36.9816224993305], [174.53400657744, -36.9816230321537], [174.534006509671, -36.981623573843], [174.534006430489, -36.9816241066662], [174.534006362721, -36.9816246483554], [174.534006283539, -36.9816251811787], [174.53400621577, -36.9816257228679], [174.534006136588, -36.9816262556912], [174.534006068819, -36.9816267973804], [174.534005989637, -36.9816273302036], [174.534005910455, -36.9816278630268], [174.534005842686, -36.9816284047161], [174.534005763504, -36.9816289375393], [174.534005684323, -36.9816294703626], [174.534005616554, -36.9816300120518], [174.53400553701, -36.9816305268526], [174.534005468879, -36.9816310505194], [174.534005389516, -36.9816315743314], [174.534005321386, -36.9816320979983], [174.534005253255, -36.9816326216651], [174.534005185124, -36.9816331453319], [174.534005117174, -36.98163367801], [174.534005049044, -36.9816342016768], [174.534004980913, -36.9816347253436], [174.534004912963, -36.9816352580217], [174.534004844833, -36.9816357816885], [174.534004787934, -36.9816363052102], [174.534004719984, -36.9816368378882], [174.534004651854, -36.981637361555], [174.534004595136, -36.9816378940879], [174.534004527187, -36.981638426766], [174.534004440029, -36.9816391219363], [174.534004364104, -36.9816398169614], [174.534004276947, -36.9816405121317], [174.534004201022, -36.9816412071569], [174.534004113865, -36.9816419023272], [174.534004026708, -36.9816425974975], [174.534003950964, -36.9816433015339], [174.534003863807, -36.9816439967042], [174.53400377665, -36.9816446918745], [174.534003700906, -36.9816453959108], [174.534003613748, -36.9816460910811], [174.534003526591, -36.9816467862515], [174.534003439434, -36.9816474814217], [174.534003352458, -36.9816481856033], [174.534003265301, -36.9816488807736], [174.534003178144, -36.9816495759439], [174.534003081383, -36.9816503523603], [174.534002973209, -36.9816511199107], [174.534002876448, -36.9816518963272], [174.534002768274, -36.9816526638775], [174.534002660099, -36.9816534314279], [174.534002551925, -36.9816541989783], [174.534002443932, -36.9816549755399], [174.534002324526, -36.9816557432355], [174.534002216352, -36.9816565107859], [174.534002096764, -36.9816572694702], [174.534001977358, -36.9816580371658], [174.53400184672, -36.9816588050065], [174.5340017159, -36.981659563836], [174.534001585261, -36.9816603316767], [174.534001454442, -36.9816610905062], [174.53400131239, -36.9816618494809], [174.534001231941, -36.9816623192256], [174.534001140261, -36.9816627891154], [174.53400104858, -36.9816632590053], [174.534000956718, -36.9816637198839], [174.534000865037, -36.9816641897738], [174.534000773356, -36.9816646596636], [174.534000670262, -36.9816651206874], [174.534000578581, -36.9816655905773], [174.534000475487, -36.9816660516011], [174.534000372574, -36.9816665216361], [174.53400026948, -36.9816669826599], [174.534000166385, -36.9816674436837], [174.534000063291, -36.9816679047075], [174.533999948965, -36.9816683658765], [174.533999834639, -36.9816688270454], [174.533999731545, -36.9816692880692], [174.533999627546, -36.9816697040369], [174.533999512496, -36.981670129161], [174.533999408497, -36.9816705451288], [174.533999304498, -36.9816709610965], [174.533999189448, -36.9816713862206], [174.533999074217, -36.9816718023334], [174.533998958986, -36.9816722184463], [174.533998843573, -36.981672625548], [174.533998728342, -36.9816730416608], [174.533998601879, -36.9816734579189], [174.533998486648, -36.9816738740318], [174.533998360004, -36.9816742812786], [174.53399823354, -36.9816746975366], [174.533998106896, -36.9816751047835], [174.533997969019, -36.9816755121755], [174.533997842375, -36.9816759194223], [174.53399780016, -36.9816760551712], [174.533997757765, -36.9816761819089], [174.53399771555, -36.9816763176579], [174.533997673154, -36.9816764443956], [174.533997630759, -36.9816765711333], [174.533997588544, -36.9816767068823], [174.533997546148, -36.98167683362], [174.53399749252, -36.9816769605029], [174.533997450124, -36.9816770872406], [174.53399740791, -36.9816772229895], [174.533997365514, -36.9816773497273], [174.533997323118, -36.981677476465], [174.53399726949, -36.9816776033479], [174.533997227275, -36.9816777390968], [174.53399718488, -36.9816778658346], [174.533997142484, -36.9816779925723], [174.533997088856, -36.9816781194552], [174.53399704646, -36.9816782461929], [174.533997004065, -36.9816783729306], [174.533996961669, -36.9816784996683], [174.533996908041, -36.9816786265512], [174.533996865464, -36.9816787442777], [174.533996823069, -36.9816788710154], [174.533996769441, -36.9816789978983], [174.533996727045, -36.9816791246361], [174.533996684649, -36.9816792513738], [174.533996631021, -36.9816793782567], [174.533996588445, -36.9816794959832], [174.533996534817, -36.9816796228661], [174.533996492421, -36.9816797496038], [174.533996438793, -36.9816798764867], [174.533996396397, -36.9816800032244], [174.533996363967, -36.9816800667384], [174.53399634295, -36.9816801391185], [174.53399631052, -36.9816802026326], [174.533996289503, -36.9816802750126], [174.533996257073, -36.9816803385266], [174.533996236056, -36.9816804109067], [174.533996203807, -36.981680483432], [174.533996182609, -36.9816805468008], [174.53399615036, -36.9816806193261], [174.533996129162, -36.981680682695], [174.533996096913, -36.9816807552202], [174.533996064483, -36.9816808187342], [174.533996043466, -36.9816808911143], [174.533996011217, -36.9816809636395], [174.533995990019, -36.9816810270084], [174.53399595777, -36.9816810995337], [174.533995904323, -36.9816812354278], [174.533995850876, -36.9816813713219], [174.533995786196, -36.9816815073612], [174.533995732749, -36.9816816432553], [174.533995679302, -36.9816817791494], [174.533995614623, -36.9816819151886], [174.533995561176, -36.9816820510827], [174.533995496497, -36.981682187122], [174.533995443231, -36.9816823320273], [174.533995378552, -36.9816824680666], [174.533995325105, -36.9816826039607], [174.533995260425, -36.98168274], [174.533995195746, -36.9816828760393], [174.533995142299, -36.9816830119334], [174.53399507762, -36.9816831479727], [174.533995023992, -36.9816832748555], [174.533994894814, -36.9816835559453], [174.533994765456, -36.9816838280239], [174.533994636097, -36.9816841001024], [174.533994506739, -36.981684372181], [174.53399437738, -36.9816846442595], [174.533994248022, -36.9816849163381], [174.533994118663, -36.9816851884166], [174.533993978072, -36.9816854606403], [174.533993848714, -36.9816857327189], [174.533993708123, -36.9816860049426], [174.533993567532, -36.9816862771663], [174.53399342676, -36.9816865403788], [174.53399328617, -36.9816868126025], [174.533993145579, -36.9816870848262], [174.533993004807, -36.9816873480387], [174.533992864216, -36.9816876202625], [174.533992712393, -36.9816878926313], [174.53399256057, -36.9816881650002], [174.533992408747, -36.9816884373691], [174.533992256743, -36.9816887007267], [174.53399210492, -36.9816889730956], [174.533991953097, -36.9816892454645], [174.533991790042, -36.9816895179786], [174.533991638038, -36.9816897813362], [174.533991474983, -36.9816900538503], [174.533991311746, -36.9816903173531], [174.533991159923, -36.981690589722], [174.533990996687, -36.9816908532248], [174.533990833632, -36.9816911257388], [174.533990659163, -36.9816913893869], [174.533990495927, -36.9816916528897], [174.533990332872, -36.9816919254037], [174.533990202066, -36.9816921253925], [174.533990071259, -36.9816923253813], [174.533989940634, -36.9816925343813], [174.533989809828, -36.9816927343701], [174.533989679022, -36.9816929343589], [174.533989548216, -36.9816931343477], [174.53398941741, -36.9816933343365], [174.533989275371, -36.9816935344705], [174.533989144565, -36.9816937344593], [174.53398901394, -36.9816939434593], [174.533988871902, -36.9816941435933], [174.533988741095, -36.9816943435821], [174.533988599057, -36.981694543716], [174.533988456838, -36.9816947348388], [174.533988326032, -36.9816949348276], [174.533988183993, -36.9816951349615], [174.533988041955, -36.9816953350955], [174.533987900097, -36.9816955442407], [174.533987758059, -36.9816957443746], [174.533987604788, -36.9816959446538], [174.53398746275, -36.9816961447877], [174.533987320712, -36.9816963449217], [174.533987167441, -36.9816965452008], [174.533987025403, -36.9816967453348], [174.533986872132, -36.9816969456139], [174.533986730094, -36.9816971457479], [174.533986576823, -36.981697346027], [174.533986423552, -36.9816975463061], [174.533986281514, -36.9816977464401], [174.533986128243, -36.9816979467192], [174.533985974973, -36.9816981469984], [174.533985821702, -36.9816983472775], [174.533985766807, -36.9816984110819], [174.533985723145, -36.981698474741], [174.533985668431, -36.9816985475566], [174.533985613537, -36.981698611361], [174.533985558642, -36.9816986751653], [174.533985515161, -36.9816987478357], [174.533985460266, -36.9816988116401], [174.533985405371, -36.9816988754445], [174.533985350658, -36.98169894826], [174.533985306995, -36.9816990119192], [174.533985252101, -36.9816990757236], [174.533985197387, -36.9816991485392], [174.533985142492, -36.9816992123435], [174.533985087598, -36.9816992761479], [174.533985044116, -36.9816993488183], [174.533984989222, -36.9816994126226], [174.533984934327, -36.981699476427], [174.533984879614, -36.9816995492426], [174.533984824719, -36.9816996130469], [174.533984769824, -36.9816996768513], [174.533984715111, -36.9816997496669], [174.533984671448, -36.9816998133261], [174.533984616554, -36.9816998771304], [174.53398456184, -36.981699949946], [174.533984506945, -36.9817000137504], [174.533984452051, -36.9817000775547], [174.533984397337, -36.9817001503703], [174.533984342442, -36.9817002141747], [174.533984287548, -36.981700277979], [174.533984232834, -36.9817003507946], [174.53398417794, -36.9817004145989], [174.533984123045, -36.9817004784033], [174.533983903828, -36.9817007516432], [174.533983684612, -36.981701024883], [174.533983453982, -36.9817012892568], [174.533983234765, -36.9817015624967], [174.533983004136, -36.9817018268705], [174.533982773687, -36.9817021002556], [174.533982543057, -36.9817023646294], [174.533982312608, -36.9817026380144], [174.533982081978, -36.9817029023882], [174.533981851349, -36.981703166762], [174.5339816209, -36.981703440147], [174.533981379038, -36.981703704666], [174.533981148408, -36.9817039690398], [174.533980906546, -36.9817042335588], [174.533980675916, -36.9817044979326], [174.533980434054, -36.9817047624516], [174.533980247087, -36.9817049631662], [174.5339800603, -36.981705172892], [174.533979873333, -36.9817053736067], [174.533979686365, -36.9817055743213], [174.533979499398, -36.9817057750359], [174.533979312612, -36.9817059847617], [174.533979125644, -36.9817061854763], [174.533978938677, -36.981706386191], [174.533978740477, -36.9817065870507], [174.53397855351, -36.9817067877654], [174.53397835531, -36.9817069886251], [174.533978168342, -36.9817071893398], [174.533977970143, -36.9817073901995], [174.533977783175, -36.9817075909142], [174.533977584976, -36.9817077917739], [174.533977398008, -36.9817079924886], [174.533977331881, -36.9817080564381], [174.533977265935, -36.9817081293988], [174.533977199809, -36.9817081933483], [174.53397712263, -36.9817082664542], [174.533977056503, -36.9817083304038], [174.533976990377, -36.9817083943533], [174.533976924431, -36.981708467314], [174.533976858304, -36.9817085312635], [174.533976792358, -36.9817086042243], [174.533976726231, -36.9817086681738], [174.533976660104, -36.9817087321233], [174.533976594158, -36.9817088050841], [174.533976528031, -36.9817088690336], [174.533976462085, -36.9817089419943], [174.533976395959, -36.9817090059438], [174.533976329832, -36.9817090698933], [174.533976120581, -36.9817092799095], [174.53397591133, -36.9817094899257], [174.533975701898, -36.9817096909306], [174.533975492647, -36.9817099009468], [174.533975283215, -36.9817101019517], [174.533975073783, -36.9817103029566], [174.533974864532, -36.9817105129728], [174.5339746551, -36.9817107139778], [174.533974445849, -36.9817109239939], [174.533974236417, -36.9817111249989], [174.533974026985, -36.9817113260038], [174.533973806321, -36.9817115271539], [174.53397359707, -36.9817117371701], [174.533973387638, -36.981711938175], [174.533973166974, -36.9817121393251], [174.533972957542, -36.98171234033], [174.533972880364, -36.9817124134359], [174.533972803004, -36.9817124775306], [174.533972737058, -36.9817125504913], [174.533972659699, -36.981712614586], [174.533972582521, -36.9817126876919], [174.533972516394, -36.9817127516415], [174.533972439216, -36.9817128247474], [174.533972362038, -36.9817128978532], [174.533972295911, -36.9817129618028], [174.533972218733, -36.9817130349087], [174.533972141374, -36.9817130990034], [174.533972064195, -36.9817131721092], [174.533971998069, -36.9817132360588], [174.53397192089, -36.9817133091647], [174.533971843531, -36.9817133732594], [174.533971777585, -36.9817134462201], [174.533971446408, -36.981713738934], [174.533971126463, -36.9817140315028], [174.533970806518, -36.9817143240716], [174.533970475522, -36.9817146257967], [174.533970155577, -36.9817149183655], [174.533969824399, -36.9817152110794], [174.533969493222, -36.9817155037933], [174.533969162045, -36.9817157965072], [174.533968830868, -36.9817160892212], [174.53396849969, -36.9817163819351], [174.533968168332, -36.9817166656378], [174.533967837155, -36.9817169583517], [174.533967494745, -36.9817172512108], [174.533967163568, -36.9817175439247], [174.533966820977, -36.9817178277726], [174.5339664898, -36.9817181204865], [174.533966357365, -36.9817182393743], [174.533966213518, -36.9817183493961], [174.533966080902, -36.9817184592727], [174.533965948467, -36.9817185781605], [174.533965815851, -36.9817186880371], [174.533965683417, -36.9817188069249], [174.533965539569, -36.9817189169467], [174.533965407134, -36.9817190358344], [174.533965274518, -36.981719145711], [174.533965141903, -36.9817192555876], [174.533964998236, -36.9817193746206], [174.53396486562, -36.9817194844972], [174.533964733185, -36.981719603385], [174.53396460057, -36.9817197132616], [174.533964456722, -36.9817198232833], [174.533964324287, -36.9817199421712], [174.533964180439, -36.9817200521929], [174.533964036772, -36.9817201712259], [174.533963904337, -36.9817202901137], [174.533963760489, -36.9817204001355], [174.533963616822, -36.9817205191684], [174.533963484388, -36.9817206380562], [174.53396334054, -36.981720748078], [174.533963196873, -36.981720867111], [174.533963053206, -36.9817209861439], [174.53396292059, -36.9817210960205], [174.533962776923, -36.9817212150535], [174.533962633075, -36.9817213250752], [174.533962489408, -36.9817214441082], [174.533962345741, -36.9817215631412], [174.533962201893, -36.9817216731629], [174.533962058226, -36.9817217921959], [174.533961616174, -36.9817221584512], [174.533961162708, -36.9817225158404], [174.533960698192, -36.981722882386], [174.533960244907, -36.9817232487865], [174.533959791442, -36.9817236061757], [174.533959326925, -36.9817239727213], [174.533958862408, -36.981724339267], [174.533958408942, -36.9817246966562], [174.533957944245, -36.9817250541906], [174.533957479728, -36.9817254207362], [174.53395701503, -36.9817257782706], [174.5339565391, -36.9817261359501], [174.533956074402, -36.9817264934845], [174.533955609885, -36.9817268600301], [174.533955133955, -36.9817272177096], [174.533954658025, -36.9817275753892], [174.533953562317, -36.98172840077], [174.533952466609, -36.9817292261508], [174.533951359669, -36.9817300516767], [174.533950241315, -36.9817308683366], [174.533949122961, -36.9817316849965], [174.533948004608, -36.9817325016564], [174.533946875022, -36.9817333184614], [174.533945745436, -36.9817341352664], [174.533944604618, -36.9817349522166], [174.533943463619, -36.9817357601556], [174.5339423228, -36.9817365771057], [174.533941181801, -36.9817373850446], [174.533940029569, -36.9817381931287], [174.53393888857, -36.9817390010676], [174.533937736339, -36.9817398091516], [174.533936572875, -36.9817406173809], [174.533935343103, -36.9817414805483], [174.533934113331, -36.9817423437158], [174.533932872327, -36.9817432070284], [174.533931631323, -36.981744070341], [174.53393040137, -36.9817449244972], [174.533929160366, -36.9817457878097], [174.533927919362, -36.9817466511223], [174.53392668959, -36.9817475142897], [174.533925448586, -36.9817483776022], [174.533924218814, -36.9817492407696], [174.53392297799, -36.9817501130933], [174.533921748218, -36.9817509762606], [174.533920518627, -36.9817518484392], [174.533919300087, -36.9817527114613], [174.533918070496, -36.9817535836399], [174.533916852137, -36.9817544556732], [174.533915667113, -36.9817553092486], [174.53391449314, -36.9817561536676], [174.533913319348, -36.9817570070979], [174.533912156789, -36.9817578603829], [174.533910994229, -36.981758713668], [174.53390983185, -36.9817595759642], [174.533908680704, -36.9817604381153], [174.533907529557, -36.9817613002664], [174.533906389824, -36.9817621712835], [174.533905249909, -36.9817630332894], [174.533904121408, -36.9817639041614], [174.53390300432, -36.9817647838994], [174.533901887232, -36.9817656636374], [174.533900781376, -36.9817665432302], [174.533899686753, -36.9817674226778], [174.53389859231, -36.9817683111367], [174.533898426721, -36.9817684574936], [174.533898249719, -36.9817685949844], [174.533898083949, -36.98176873233], [174.533897907128, -36.981768878832], [174.533897741358, -36.9817690161777], [174.533897564537, -36.9817691626797], [174.533897398767, -36.9817693000254], [174.533897221946, -36.9817694465274], [174.533897056176, -36.981769583873], [174.533896890587, -36.9817697302299], [174.533896713585, -36.9817698677207], [174.533896547815, -36.9817700050664], [174.533896382226, -36.9817701514232], [174.533896205224, -36.981770288914], [174.533896039635, -36.9817704352709], [174.533895873866, -36.9817705726165], [174.533895244302, -36.9817711125524], [174.533894614739, -36.9817716524883], [174.533893985175, -36.9817721924242], [174.533893366844, -36.9817727322149], [174.533892748513, -36.9817732720057], [174.533892141414, -36.9817738116512], [174.533891523263, -36.9817743604532], [174.533890916164, -36.9817749000987], [174.533890320478, -36.9817754486103], [174.533889724792, -36.9817759971219], [174.533889129287, -36.9817765546448], [174.533888533602, -36.9817771031564], [174.533887949329, -36.981777660534], [174.533887365056, -36.9817782179117], [174.533886792016, -36.9817787751442], [174.533886218975, -36.9817793323767], [174.533886141616, -36.9817793964713], [174.53388607567, -36.981779469432], [174.533886009543, -36.9817795333815], [174.533885943416, -36.981779597331], [174.53388587747, -36.9817796702916], [174.53388580011, -36.9817797343863], [174.533885733983, -36.9817797983357], [174.533885668037, -36.9817798712964], [174.53388560191, -36.9817799352459], [174.533885535783, -36.9817799991954], [174.533885469837, -36.9817800721561], [174.53388540371, -36.9817801361055], [174.533885337583, -36.981780200055], [174.533885260405, -36.9817802731608], [174.533885194278, -36.9817803371103], [174.533885128151, -36.9817804010598], [174.533885062205, -36.9817804740205], [174.533884996078, -36.98178053797], [174.533884929951, -36.9817806019194], [174.533884864005, -36.9817806748801], [174.533884797878, -36.9817807388296], [174.533884731751, -36.9817808027791], [174.533884665805, -36.9817808757397], [174.533884599678, -36.9817809396892], [174.533884533551, -36.9817810036387], [174.533884467424, -36.9817810675882], [174.533884401477, -36.9817811405489], [174.53388433535, -36.9817812044983], [174.533884269223, -36.9817812684478], [174.533884203277, -36.9817813414085], [174.53388413715, -36.9817814053579], [174.533884071023, -36.9817814693074], [174.533883905977, -36.9817816426979], [174.53388374075, -36.9817818070772], [174.533883586936, -36.9817819803226], [174.533883421709, -36.9817821447019], [174.533883256482, -36.9817823090811], [174.533883091436, -36.9817824824716], [174.533882926209, -36.9817826468509], [174.533882772395, -36.9817828200963], [174.533882607168, -36.9817829844756], [174.533882442122, -36.9817831578661], [174.533882276895, -36.9817833222453], [174.5338821229, -36.9817834864795], [174.533881957854, -36.98178365987], [174.533881792627, -36.9817838242493], [174.53388162758, -36.9817839976398], [174.533881473586, -36.9817841618739], [174.533881143493, -36.9817845086549], [174.533880813401, -36.9817848554359], [174.533880483128, -36.9817851932057], [174.533880164268, -36.9817855398415], [174.533879834175, -36.9817858866225], [174.533879515134, -36.9817862242471], [174.533879185042, -36.9817865710281], [174.533878866182, -36.981786917664], [174.53387853609, -36.981787264445], [174.53387821723, -36.9817876110808], [174.533877898369, -36.9817879577166], [174.533877568277, -36.9817883044976], [174.533877249417, -36.9817886511335], [174.533876930557, -36.9817889977693], [174.533876611697, -36.9817893444051], [174.533876292837, -36.981789691041], [174.533875633195, -36.9817904116366], [174.533874973553, -36.9817911322322], [174.533874325324, -36.9817918616939], [174.533873665682, -36.9817925822895], [174.533873017454, -36.9817933117512], [174.533872369044, -36.9817940322017], [174.533871720815, -36.9817947616634], [174.533871083818, -36.9817954909798], [174.53387043559, -36.9817962204415], [174.533869798593, -36.981796949758], [174.533869161777, -36.9817976880858], [174.533868524781, -36.9817984174023], [174.533867899198, -36.9817991555848], [174.533867262382, -36.9817998939126], [174.533866636798, -36.9818006320951], [174.533866011215, -36.9818013702776], [174.533865517343, -36.9818019535276], [174.53386502329, -36.9818025277664], [174.53386454065, -36.9818031108712], [174.53386405801, -36.981803693976], [174.533863564138, -36.981804277226], [174.533863081498, -36.9818048603308], [174.533862598858, -36.9818054434356], [174.533862116218, -36.9818060265404], [174.53386164481, -36.9818066095], [174.533861162351, -36.981807201616], [174.533860679711, -36.9818077847208], [174.533860208485, -36.9818083766917], [174.533859725845, -36.9818089597965], [174.533859254618, -36.9818095517673], [174.53385878321, -36.981810134727], [174.533858311983, -36.9818107266978], [174.53385814748, -36.981810927122], [174.533857983157, -36.9818111365573], [174.533857818654, -36.9818113369814], [174.533857665383, -36.9818115372604], [174.533857500879, -36.9818117376845], [174.533857336557, -36.9818119471199], [174.533857183285, -36.9818121473988], [174.533857018782, -36.981812347823], [174.533856854459, -36.9818125572583], [174.533856689956, -36.9818127576824], [174.533856536685, -36.9818129579614], [174.533856372181, -36.9818131583855], [174.533856207859, -36.9818133678209], [174.533856054587, -36.9818135680998], [174.533855890084, -36.9818137685239], [174.533855736994, -36.9818139778142], [174.533855572671, -36.9818141872495], [174.533855408168, -36.9818143876736], [174.533855243845, -36.981814597109], [174.533855079523, -36.9818148065443], [174.533854926251, -36.9818150068233], [174.533854761929, -36.9818152162586], [174.533854597606, -36.9818154256939], [174.533854433284, -36.9818156351293], [174.53385426878, -36.9818158355534], [174.53385411569, -36.9818160448436], [174.533853951367, -36.9818162542789], [174.533853787045, -36.9818164637143], [174.533853633954, -36.9818166730044], [174.533853469632, -36.9818168824398], [174.533853305128, -36.9818170828639], [174.533853152038, -36.9818172921541], [174.5338526482, -36.9818179386277], [174.533852155594, -36.9818185849562], [174.533851651937, -36.981819240441], [174.533851159331, -36.9818198867694], [174.533850666725, -36.9818205330979], [174.5338501743, -36.9818211884375], [174.533849681694, -36.981821834766], [174.533849189269, -36.9818224901056], [174.533848696664, -36.981823136434], [174.533848204239, -36.9818237917737], [174.533847723046, -36.9818244469682], [174.533847230621, -36.9818251023078], [174.533846749428, -36.9818257575023], [174.533846256822, -36.9818264038308], [174.53384577581, -36.9818270680365], [174.533845294618, -36.9818277232309], [174.533845130657, -36.9818279506887], [174.533844955464, -36.9818281782916], [174.533844791503, -36.9818284057494], [174.533844627542, -36.9818286332072], [174.533844452349, -36.9818288608101], [174.533844288389, -36.9818290882679], [174.533844124428, -36.9818293157256], [174.533843960467, -36.9818295431834], [174.533843785274, -36.9818297707863], [174.533843621313, -36.9818299982441], [174.533843457353, -36.9818302257018], [174.533843293573, -36.9818304621708], [174.533843129612, -36.9818306896286], [174.533842954419, -36.9818309172315], [174.533842790458, -36.9818311446892], [174.533842626498, -36.981831372147], [174.53384249551, -36.9818315631244], [174.533842353109, -36.9818317452358], [174.533842222121, -36.9818319362132], [174.533842090953, -36.9818321181794], [174.533841948733, -36.981832309302], [174.533841817745, -36.9818325002794], [174.533841675344, -36.9818326823908], [174.533841544356, -36.9818328733682], [174.533841413369, -36.9818330643457], [174.533841270968, -36.981833246457], [174.53384113998, -36.9818334374344], [174.533841008812, -36.9818336194006], [174.533840866592, -36.9818338105232], [174.533840735604, -36.9818340015007], [174.533840604435, -36.9818341834669], [174.533840462215, -36.9818343745895], [174.533840189189, -36.9818347657007], [174.533839915981, -36.9818351478007], [174.533839642954, -36.9818355389119], [174.533839358514, -36.9818359211571], [174.533839085488, -36.9818363122683], [174.533838812461, -36.9818367033795], [174.533838539434, -36.9818370944907], [174.533838254994, -36.9818374767359], [174.533837981968, -36.9818378678471], [174.533837708941, -36.9818382589583], [174.533837435914, -36.9818386500695], [174.533837162706, -36.9818390321695], [174.53383688968, -36.9818394232807], [174.533836616653, -36.9818398143919], [174.533836343626, -36.9818402055031], [174.533836070599, -36.9818405966144], [174.533835480883, -36.9818414424959], [174.533834890986, -36.9818422793663], [174.53383430127, -36.9818431252478], [174.533833711554, -36.9818439711294], [174.53383313307, -36.9818448168658], [174.533832543354, -36.9818456627473], [174.533831965051, -36.981846517495], [174.533831386567, -36.9818473632314], [174.533830808083, -36.9818482089677], [174.533830218548, -36.9818490638605], [174.533829640064, -36.9818499095969], [174.53382906158, -36.9818507553333], [174.533828494509, -36.9818516099357], [174.533827916206, -36.9818524646833], [174.533827337722, -36.9818533104197], [174.533826759419, -36.9818541651673], [174.533825756084, -36.9818556743835], [174.533824741336, -36.9818571747337], [174.533823738001, -36.9818586839499], [174.533822734666, -36.9818601931661], [174.533821731331, -36.9818617023824], [174.533820727996, -36.9818632115986], [174.533819736074, -36.9818647296808], [174.533818743971, -36.9818662387519], [174.533817740817, -36.9818677569793], [174.533816748714, -36.9818692660503], [174.533815756792, -36.9818707841325], [174.53381476487, -36.9818723022147], [174.533813772948, -36.9818738202969], [174.533812792258, -36.981875338234], [174.533811800336, -36.9818768563162], [174.533810819646, -36.9818783742533], [174.533810121949, -36.9818794378555], [174.533809435484, -36.9818805013125], [174.533808737787, -36.9818815649147], [174.533808051322, -36.9818826283717], [174.533807364857, -36.9818836918288], [174.533806678392, -36.9818847552858], [174.533805980695, -36.981885818888], [174.53380529423, -36.981886882345], [174.533804607764, -36.981887945802], [174.533803910067, -36.9818890094042], [174.533803223602, -36.9818900728612], [174.533802537137, -36.9818911363182], [174.53380183944, -36.9818921999203], [174.533801152974, -36.9818932633773], [174.533800466509, -36.9818943268343], [174.533799768812, -36.9818953904365], [174.533798722537, -36.9818969993565], [174.533797665211, -36.9818986174329], [174.533796618936, -36.9819002263529], [174.533795561429, -36.9819018354181], [174.533794515154, -36.9819034443381], [174.533793457646, -36.9819050534032], [174.533792399958, -36.9819066534571], [174.533791331218, -36.9819082626674], [174.533790273711, -36.9819098717325], [174.53378920479, -36.9819114719315], [174.533788147102, -36.9819130719854], [174.533787078181, -36.9819146721844], [174.533785998028, -36.9819162725286], [174.533784928926, -36.9819178637164], [174.533783848592, -36.9819194550493], [174.533782768439, -36.9819210553934], [174.533781611469, -36.9819227468657], [174.533780454679, -36.9819244473493], [174.533779286477, -36.9819261389667], [174.533778118275, -36.9819278305842], [174.533776949891, -36.9819295131904], [174.533775770456, -36.981931204953], [174.533774579608, -36.9819328878495], [174.533773399811, -36.9819345615896], [174.533772208782, -36.9819362354748], [174.533771006521, -36.9819379095052], [174.533769804259, -36.9819395835356], [174.533768590585, -36.9819412486999], [174.533767376729, -36.981942904853], [174.533766162873, -36.981944561006], [174.533764926553, -36.9819462174494], [174.533763701284, -36.9819478647363], [174.533763361948, -36.9819483107856], [174.533763033663, -36.9819487476784], [174.53376270556, -36.9819491935825], [174.533762366044, -36.9819496306206], [174.533762037759, -36.9819500675135], [174.533761698423, -36.9819505135627], [174.533761370139, -36.9819509504556], [174.533761030622, -36.9819513874936], [174.533760702338, -36.9819518243865], [174.533760362821, -36.9819522614245], [174.533760023486, -36.9819527074737], [174.533759695201, -36.9819531443666], [174.533759355685, -36.9819535814046], [174.533759016168, -36.9819540184426], [174.533758676651, -36.9819544554806], [174.533758337135, -36.9819548925186], [174.533757997618, -36.9819553295567], [174.533757658101, -36.9819557665947], [174.533757318585, -36.9819562036327], [174.533756978887, -36.9819566316595], [174.533756628138, -36.9819570688426], [174.533756288622, -36.9819575058807], [174.533755949105, -36.9819579429186], [174.533755598356, -36.9819583801018], [174.533755258658, -36.9819588081286], [174.533754919142, -36.9819592451666], [174.533754568393, -36.9819596823497], [174.533754217463, -36.9819601105217], [174.533753877946, -36.9819605475597], [174.533753527016, -36.9819609757316], [174.533753176267, -36.9819614129147], [174.533752836569, -36.9819618409415], [174.533752332187, -36.9819624603811], [174.533751827985, -36.9819630888318], [174.53375131237, -36.9819637084165], [174.533750807987, -36.9819643278561], [174.533750303605, -36.9819649472956], [174.53374978799, -36.9819655668803], [174.533749283607, -36.9819661863198], [174.533748767992, -36.9819668059045], [174.533748252196, -36.981967416478], [174.533747736581, -36.9819680360626], [174.533747220785, -36.9819686466361], [174.53374670517, -36.9819692662208], [174.533746189374, -36.9819698767942], [174.533745662346, -36.9819704875128], [174.53374514655, -36.9819710980862], [174.533744619522, -36.9819717088048], [174.533744443786, -36.9819719093739], [174.533744279281, -36.981972109798], [174.533744103364, -36.9819723013558], [174.53374393886, -36.9819725017798], [174.533743763124, -36.9819727023489], [174.533743598439, -36.9819728937617], [174.533743422702, -36.9819730943308], [174.533743258198, -36.9819732947548], [174.533743082281, -36.9819734863127], [174.533742917777, -36.9819736867367], [174.533742741859, -36.9819738782946], [174.533742566123, -36.9819740788637], [174.533742401619, -36.9819742792877], [174.533742225702, -36.9819744708456], [174.533742049965, -36.9819746714147], [174.53374188528, -36.9819748628274], [174.533741050442, -36.9819758110252], [174.533740204371, -36.981976759368], [174.533739369533, -36.9819777075657], [174.533738523281, -36.9819786468973], [174.533737677029, -36.9819795862289], [174.533736819545, -36.9819805257056], [174.53373596188, -36.9819814561711], [174.533735104215, -36.9819823866367], [174.53373424655, -36.9819833171022], [174.533733377653, -36.9819842477128], [174.533732497343, -36.9819851694574], [174.533731628264, -36.9819860910568], [174.533730747954, -36.9819870128013], [174.533729867462, -36.9819879255347], [174.533728975919, -36.9819888474244], [174.533728084015, -36.9819897512916], [174.533727742869, -36.9819901072285], [174.533727390311, -36.9819904542994], [174.533727049166, -36.9819908102364], [174.533726696607, -36.9819911573073], [174.533726355281, -36.981991504233], [174.533726002904, -36.9819918603151], [174.533725661577, -36.9819922072409], [174.533725309019, -36.9819925543117], [174.53372495646, -36.9819929013826], [174.533724603902, -36.9819932484535], [174.533724251343, -36.9819935955244], [174.533723910017, -36.9819939424501], [174.533723557459, -36.981994289521], [174.533723193668, -36.981994636737], [174.533722841109, -36.9819949838079], [174.53372248837, -36.9819953218675], [174.533722147044, -36.9819956687932], [174.533721794304, -36.9819960068529], [174.533721441384, -36.9819963359013], [174.533721088645, -36.981996673961], [174.533720735905, -36.9819970120206], [174.533720394398, -36.9819973499351], [174.533720041659, -36.9819976879948], [174.533719688919, -36.9819980260544], [174.533719324766, -36.981998355248], [174.533718972027, -36.9819986933076], [174.533718619107, -36.9819990223561], [174.533718266367, -36.9819993604157], [174.533717902215, -36.9819996896092], [174.533717549475, -36.9820000276689], [174.533717196555, -36.9820003567173], [174.533716832583, -36.9820006949221], [174.533716755404, -36.9820007680278], [174.533716678225, -36.9820008411336], [174.533716601047, -36.9820009142393], [174.533716523868, -36.9820009873451], [174.533716435457, -36.9820010605959], [174.533716358097, -36.9820011246905], [174.533716280919, -36.9820011977962], [174.53371620374, -36.9820012709019], [174.533716126561, -36.9820013440077], [174.533716049382, -36.9820014171135], [174.533715960971, -36.9820014903643], [174.533715883793, -36.9820015634701], [174.533715806614, -36.9820016365758], [174.533715729435, -36.9820017096816], [174.533715652257, -36.9820017827873], [174.533715563846, -36.9820018560382], [174.533715321077, -36.9820020755005], [174.533715078309, -36.9820022949629], [174.53371483554, -36.9820025144253], [174.533714592772, -36.9820027338876], [174.533714338771, -36.9820029534952], [174.533714096003, -36.9820031729575], [174.533713853234, -36.9820033924199], [174.533713599233, -36.9820036120274], [174.533713356465, -36.9820038314898], [174.533713102464, -36.9820040510973], [174.533712848463, -36.9820042707048], [174.533712605695, -36.9820044901671], [174.533712351694, -36.9820047097746], [174.533712097512, -36.9820049203709], [174.533711854744, -36.9820051398333], [174.533711600743, -36.9820053594408], [174.533711512332, -36.9820054326917], [174.533711423921, -36.9820055059426], [174.53371133551, -36.9820055791934], [174.533711258331, -36.9820056522992], [174.53371116992, -36.9820057255501], [174.533711081509, -36.9820057988009], [174.533710993098, -36.9820058720518], [174.533710904687, -36.9820059453027], [174.533710827508, -36.9820060184085], [174.533710739097, -36.9820060916593], [174.533710650686, -36.9820061649102], [174.533710562275, -36.9820062381611], [174.533710473864, -36.982006311412], [174.533710385453, -36.9820063846629], [174.533710308275, -36.9820064577686], [174.533710219864, -36.9820065310195], [174.533709954811, -36.9820067597833], [174.533709678346, -36.9820069796811], [174.533709413294, -36.982007208445], [174.533709148061, -36.9820074281976], [174.533708871776, -36.9820076571066], [174.533708606543, -36.9820078768592], [174.533708341491, -36.9820081056231], [174.533708065026, -36.9820083255209], [174.533707799793, -36.9820085452735], [174.533707523327, -36.9820087651713], [174.533707247043, -36.9820089940803], [174.53370698181, -36.9820092138329], [174.533706705344, -36.9820094337307], [174.533706428879, -36.9820096536285], [174.533706152413, -36.9820098735263], [174.53370588718, -36.9820100932789], [174.533705699307, -36.982010248937], [174.533705500201, -36.9820104047403], [174.533705312147, -36.9820105513872], [174.533705124273, -36.9820107070453], [174.533704936219, -36.9820108536922], [174.533704748346, -36.9820110093503], [174.533704549059, -36.9820111561423], [174.533704361185, -36.9820113118004], [174.533704173131, -36.9820114584473], [174.533703985077, -36.9820116050942], [174.533703785971, -36.9820117608975], [174.533703597917, -36.9820119075444], [174.533703410043, -36.9820120632025], [174.533703210756, -36.9820122099945], [174.533703022702, -36.9820123566414], [174.533702834829, -36.9820125122995], [174.533702026992, -36.9820131266464], [174.533701230569, -36.9820137498594], [174.533700422733, -36.9820143642063], [174.533699603664, -36.9820149786984], [174.533698795828, -36.9820155930453], [174.53369797676, -36.9820162075373], [174.53369715751, -36.9820168130182], [174.533696327028, -36.9820174186441], [174.53369550796, -36.9820180331361], [174.533694677297, -36.9820186297508], [174.533693846815, -36.9820192353768], [174.533693005101, -36.9820198411478], [174.533692174438, -36.9820204377625], [174.533691332543, -36.9820210345223], [174.533690490648, -36.9820216312822], [174.53368963752, -36.9820222281871], [174.533689227715, -36.9820225219163], [174.533688806676, -36.9820228157906], [174.533688385638, -36.9820231096649], [174.533687975833, -36.9820234033941], [174.533687554614, -36.9820236882571], [174.533687133576, -36.9820239821314], [174.533686712538, -36.9820242760057], [174.5336862915, -36.98202456988], [174.533685870281, -36.9820248547431], [174.533685449243, -36.9820251486174], [174.533685028024, -36.9820254334804], [174.533684606986, -36.9820257273547], [174.533684185767, -36.9820260122178], [174.533683764728, -36.9820263060921], [174.533683343509, -36.9820265909551], [174.533682922471, -36.9820268848294], [174.533682689669, -36.982027041068], [174.533682456866, -36.9820271973066], [174.533682224063, -36.9820273535453], [174.53368199126, -36.9820275097839], [174.533681758639, -36.9820276750338], [174.533681525836, -36.9820278312724], [174.533681293033, -36.982027987511], [174.53368106023, -36.9820281437497], [174.533680827428, -36.9820282999883], [174.533680594625, -36.9820284562269], [174.53368035059, -36.9820286126107], [174.533680117968, -36.9820287778605], [174.533679885165, -36.9820289340992], [174.533679652363, -36.9820290903378], [174.53367941956, -36.9820292465764], [174.533679186757, -36.9820294028151], [174.533677933971, -36.9820302392366], [174.533676681184, -36.9820310756582], [174.533675428397, -36.9820319120797], [174.533674164378, -36.9820327486463], [174.533672911592, -36.9820335850679], [174.533671647392, -36.9820344126232], [174.533670383373, -36.9820352491899], [174.533669119172, -36.9820360767453], [174.533667854972, -36.9820369043006], [174.533666590953, -36.9820377408672], [174.533665326753, -36.9820385684226], [174.533664062553, -36.9820393959779], [174.533662798353, -36.9820402235332], [174.533661534153, -36.9820410510885], [174.533660269952, -36.9820418786438], [174.533659017165, -36.9820427150651], [174.533658695409, -36.9820429175209], [174.533658373833, -36.9820431289879], [174.53365806349, -36.9820433403098], [174.533657741914, -36.9820435517768], [174.533657420157, -36.9820437542325], [174.533657109814, -36.9820439655544], [174.533656788238, -36.9820441770214], [174.533656466662, -36.9820443884884], [174.533656156319, -36.9820445998102], [174.533655834562, -36.982044802266], [174.533655524218, -36.9820450135879], [174.533655202643, -36.9820452250548], [174.533654892299, -36.9820454363767], [174.533654570723, -36.9820456478437], [174.533654248967, -36.9820458502994], [174.533653938623, -36.9820460616213], [174.533653007412, -36.9820466865756], [174.533652064787, -36.9820473026638], [174.533651133576, -36.9820479276181], [174.533650202364, -36.9820485525724], [174.533649282385, -36.9820491773816], [174.533648351174, -36.9820498023359], [174.533647431195, -36.982050427145], [174.533646499983, -36.9820510520993], [174.533645580004, -36.9820516769084], [174.533644660206, -36.9820523107287], [174.533643751459, -36.9820529353927], [174.53364283166, -36.9820535692131], [174.533641922914, -36.982054193877], [174.533641014347, -36.9820548275522], [174.533640105781, -36.9820554612274], [174.533639208448, -36.9820560947574], [174.533639064599, -36.9820562047788], [174.533638909336, -36.9820563059341], [174.533638765306, -36.9820564069442], [174.533638621457, -36.9820565169656], [174.533638466195, -36.9820566181209], [174.533638322165, -36.9820567191311], [174.533638178316, -36.9820568291524], [174.533638023054, -36.9820569303077], [174.533637879024, -36.9820570313179], [174.533637735175, -36.9820571413393], [174.533637591145, -36.9820572423494], [174.533637436064, -36.9820573525159], [174.533637292034, -36.9820574535261], [174.533637148004, -36.9820575545363], [174.533637004155, -36.9820576645576], [174.533636848892, -36.9820577657129], [174.533636716095, -36.982057866578], [174.533636572065, -36.9820579675881], [174.533636428035, -36.9820580685983], [174.533636284005, -36.9820581696084], [174.533636140156, -36.9820582796298], [174.533635996126, -36.98205838064], [174.533635863328, -36.982058481505], [174.533635719298, -36.9820585825152], [174.533635575269, -36.9820586835253], [174.533635431239, -36.9820587845354], [174.533635298441, -36.9820588854005], [174.533635154411, -36.9820589864106], [174.533635010562, -36.982059096432], [174.533634866532, -36.9820591974422], [174.533634733734, -36.9820592983072], [174.533634589704, -36.9820593993173], [174.533634445674, -36.9820595003275], [174.533634312877, -36.9820596011925], [174.533634180079, -36.9820597020575], [174.533634036049, -36.9820598030677], [174.533633903071, -36.9820598949215], [174.533633759041, -36.9820599959316], [174.533633626243, -36.9820600967967], [174.533633493445, -36.9820601976617], [174.533633349415, -36.9820602986718], [174.533633216618, -36.9820603995368], [174.53363308382, -36.9820605004019], [174.53363293979, -36.982060601412], [174.533632806993, -36.982060702277], [174.533632674195, -36.9820608031421], [174.533632530165, -36.9820609041522], [174.533632397367, -36.9820610050172], [174.533632131591, -36.9820611977361], [174.533631877047, -36.9820613903097], [174.533631611271, -36.9820615830285], [174.533631345676, -36.9820617847586], [174.533631091132, -36.9820619773323], [174.533630825355, -36.9820621700511], [174.533630570812, -36.9820623626248], [174.533630305216, -36.9820625643548], [174.53363003944, -36.9820627570736], [174.533629784896, -36.9820629496473], [174.533629530533, -36.9820631512322], [174.533629264757, -36.982063343951], [174.533629010394, -36.9820635455359], [174.533628744618, -36.9820637382547], [174.533628490255, -36.9820639398396], [174.533628235711, -36.9820641324133], [174.533626012028, -36.9820658556943], [174.533623822223, -36.9820675875511], [174.533621655245, -36.9820693371401], [174.533619533557, -36.9820711041709], [174.533617445747, -36.9820728797775], [174.533615392177, -36.9820746819824], [174.533613383898, -36.9820765016291], [174.533611409677, -36.9820783388628], [174.53360949216, -36.9820802024045], [174.533607608702, -36.9820820835332], [174.533605781768, -36.9820839819586], [174.533603989253, -36.9820859159935], [174.533602264495, -36.98208786718], [174.533600585208, -36.9820898448197], [174.533598951393, -36.9820918489124], [174.533597385514, -36.9820938791681]]}, "properties": {"OBJECTID": 1001, "TRACKNAME": "Huai Ridge Track", "CONDITIONSOFUSE": "Waitakere South Regional Park", "STATUS": "Temp Closed", "WEBLINK": "https://www.aucklandcouncil.govt.nz/en/parks-recreation/find-park-beach/park-detail/212.html", "VALIDATIONSTATE": 3, "created_user": "AC_owner", "last_edited_user": "AC_owner", "last_edited_date": 1789875254325, "created_date": 1789875254325, "PARK_SAPSITEID": null, "TRACK_ID": null, "KAURIDIEBACK_TRACK": null, "KAURIDIEBACK_MITIGATED": null, "SegmentID": null, "GlobalID": "50ba9650-89e2-4c60-b6a7-2ab5ee737906", "Shape__Length": 331.39459151532026}}]}