{"type": "FeatureCollection", "features": [{"type": "Feature", "id": 481, "geometry": {"type": "LineString", "coordinates": [[174.37077535135, -36.3375374965173], [174.370742383454, -36.3375356787398], [174.370713306197, -36.337536012294], [174.370643530729, -36.3375379656561], [174.370543413018, -36.3375472272185], [174.370310143621, -36.3375733938387], [174.369868741396, -36.337619645631], [174.369505279851, -36.3376497271943], [174.368940105336, -36.3376844454048], [174.368845964394, -36.3376891540845], [174.368785858761, -36.3376834548247], [174.368745366756, -36.3376738799294], [174.368704062113, -36.3376632641205], [174.368649596214, -36.3376432128547], [174.36822352611, -36.337476325992], [174.367898008088, -36.3373480998095], [174.367779989339, -36.3372949787784], [174.367702737935, -36.3372589065056], [174.367656842971, -36.3372336895354], [174.367608890759, -36.3372018829355], [174.367006368671, -36.336806807176], [174.36654348327, -36.3365064883306], [174.366425460298, -36.3364535742195], [174.366317604347, -36.3364133445638], [174.36610674998, -36.3363441383218], [174.365900750905, -36.3362861842017], [174.365779053415, -36.3362536512379], [174.365610646026, -36.3362141130069], [174.365475173607, -36.3361930451528], [174.365255991057, -36.3361804725561], [174.365037070507, -36.3361829735955], [174.364160739028, -36.3362344693642], [174.363322076306, -36.3363991309153], [174.363005750565, -36.3364325537278], [174.36228810104, -36.3362737785457], [174.361911374006, -36.336224406686], [174.361409799795, -36.336200308019], [174.360805481404, -36.3362012292671], [174.360370844319, -36.3362121404614], [174.360018402102, -36.3362877062686], [174.359679759239, -36.3363417780943], [174.359601855568, -36.3362750932185], [174.359336690823, -36.3360293347079], [174.359165799695, -36.3358465814366], [174.358981131103, -36.3356752926049], [174.358872102574, -36.3355672223546], [174.358806041239, -36.3355189715988], [174.358740110927, -36.3354782591904], [174.358655681692, -36.3354452951507], [174.358482098292, -36.3353756515691], [174.358242454423, -36.3352577566465], [174.358016523073, -36.3351246292511], [174.357837302229, -36.334998507824], [174.357634269306, -36.3348425034631], [174.357454657356, -36.3346937707634], [174.357284622483, -36.334560006054], [174.35715191625, -36.3344295870873], [174.357014944171, -36.3343218315362], [174.356901785785, -36.3342439604222], [174.356773868858, -36.3341210256111], [174.356650936497, -36.3340168801577], [174.356508721417, -36.3338752594825], [174.35641327889, -36.3337444166409], [174.356322625839, -36.3336210574322], [174.356232038423, -36.3335014673445], [174.356116855699, -36.3333067692242], [174.356029554507, -36.3331079855542], [174.355942580359, -36.3329280441945], [174.355902576166, -36.3327701858589], [174.355858566878, -36.3326500669437], [174.355805241989, -36.3325300528002], [174.355771593663, -36.3324701254272], [174.355724168303, -36.3324216623651], [174.355638958855, -36.3323434729062], [174.355572706359, -36.3322839153418], [174.355488019586, -36.3322358748618], [174.355403137041, -36.3321765285208], [174.355295228242, -36.3321325203309], [174.355182661166, -36.3320885648692], [174.355065698033, -36.3320597362098], [174.354953326995, -36.3320270863273], [174.354841086581, -36.3320019738384], [174.354766107776, -36.3319764388141], [174.354719140138, -36.3319543552341], [174.354685753917, -36.3319095016295], [174.354623898751, -36.3318348157111], [174.354585659618, -36.3317787090661], [174.354542696924, -36.3317188869098], [174.354504456795, -36.331662780248], [174.354484913218, -36.3316102315982], [174.354442407399, -36.3315767893096], [174.354352934341, -36.3315212632716], [174.354278151858, -36.331507033731], [174.354217210671, -36.3314851083071], [174.354123602448, -36.3314597830827], [174.354006444966, -36.3314196484505], [174.353922151383, -36.3313942184274], [174.353856096621, -36.3313459647633], [174.353785516262, -36.3313053022154], [174.353681483184, -36.3312160165371], [174.353553512216, -36.3310893087904], [174.353459121225, -36.331018760705], [174.353373850377, -36.3309368012301], [174.353307471525, -36.3308697048146], [174.35324581406, -36.3308063239361], [174.353174647873, -36.3307317435726], [174.353141392302, -36.3306944261175], [174.353089312452, -36.3306460146731], [174.353042019102, -36.330605087995], [174.352989939357, -36.3305566756028], [174.35296075574, -36.3304853888141], [174.352892291197, -36.3302976974167], [174.352809399351, -36.3300837832965], [174.352760478629, -36.3299486416571], [174.352726506876, -36.3298698700156], [174.352641042611, -36.3297766041442], [174.352593360225, -36.3297130647206], [174.352512749984, -36.3296310518401], [174.352479560363, -36.3295975033842], [174.352409047437, -36.3295606082688], [174.352296355367, -36.3295091124452], [174.352197766213, -36.3294649959239], [174.352080352184, -36.3294097851815], [174.352019414343, -36.3293878585694], [174.351967595426, -36.3293545207314], [174.351910403143, -36.3292797805803], [174.351725049875, -36.3290670256133], [174.351615845342, -36.3289476414973], [174.351534845221, -36.3288430162759], [174.351454041713, -36.3287496968042], [174.351406686388, -36.3287050002028], [174.351378090751, -36.3286676304329], [174.351325751885, -36.3286041431321], [174.351302138837, -36.3285855640216], [174.351250517121, -36.3285635316627], [174.351189450001, -36.3285340670884], [174.351147207574, -36.3285156976793], [174.351044483824, -36.3285017819822], [174.350941824057, -36.328491634517], [174.350871897308, -36.3284886559437], [174.350787869214, -36.3284782977324], [174.350736506821, -36.3284713392949], [174.350708041707, -36.3284415068735], [174.350665213947, -36.3283892198072], [174.350617794241, -36.3283407545676], [174.350575552047, -36.3283223849507], [174.350505170136, -36.3282930261932], [174.350406908698, -36.3282677505796], [174.350336656962, -36.3282459283389], [174.35026627632, -36.3282165694244], [174.350186449318, -36.3281797782047], [174.350069298684, -36.3281396386436], [174.349979962681, -36.3280916466736], [174.349932347408, -36.3280318753277], [174.349814677014, -36.3279615863221], [174.349692739843, -36.3279139623599], [174.349593894126, -36.3278547694613], [174.349537615205, -36.3278327889448], [174.34946742908, -36.3278147344892], [174.349383465755, -36.327808144495], [174.349280873166, -36.3278017638767], [174.349150076228, -36.3277806245038], [174.349047288762, -36.3277629378474], [174.348962610832, -36.3277148925201], [174.348943007039, -36.327658573618], [174.348932067641, -36.3275644637542], [174.348915951505, -36.3274402572526], [174.348890651347, -36.327323693401], [174.348845876506, -36.3271583481522], [174.348758730891, -36.3269670950641], [174.348586370073, -36.3264262561289], [174.348552080497, -36.3263286397531], [174.348513587583, -36.326257456824], [174.348425211085, -36.325994600045], [174.348364777812, -36.3257314279136], [174.348313446739, -36.3251854528878], [174.348274483051, -36.3248164970068], [174.348292462296, -36.3247786009904], [174.348324932662, -36.3247706956615], [174.348404105932, -36.3247698023866], [174.348459862813, -36.3247616351819], [174.348506239901, -36.3247498038419], [174.348561866861, -36.3247340990599], [174.348608243917, -36.3247222676809], [174.348641038973, -36.3247332056414], [174.348689333388, -36.3247528607822], [174.348760222306, -36.3248237546901], [174.34884768162, -36.3249168901106], [174.348935233253, -36.3250075489845], [174.349019796554, -36.3250913822369], [174.349124383211, -36.325205943166], [174.349192081859, -36.3252777138911], [174.349262464985, -36.3253497796985], [174.349466931444, -36.32556671941], [174.349586141611, -36.325690087117], [174.349822257298, -36.3259424580344], [174.349948613944, -36.3260749207048], [174.350073724041, -36.3261852148473], [174.350176628362, -36.3262044877124], [174.350244756169, -36.326167765572], [174.350338429359, -36.3260593358022], [174.350465680837, -36.3258855170199], [174.350509243831, -36.3258179580835], [174.350613342707, -36.3256610617474], [174.350735984322, -36.3255139070697], [174.350886100298, -36.3253691623443], [174.351160974127, -36.3251441328756], [174.351336647509, -36.3250083972982], [174.351409977803, -36.3249420898305], [174.351475759802, -36.3248698774115], [174.3515384583, -36.324785101786], [174.351590698761, -36.3246955881852], [174.351632968662, -36.3246074998678], [174.351685654124, -36.3244821684955], [174.351730728127, -36.3243612709795], [174.351778150805, -36.3242407218912], [174.35183065705, -36.3241525069002], [174.351904901808, -36.3240972876861], [174.351971371656, -36.3240655369068], [174.352036480875, -36.3240524646169], [174.352092227015, -36.3240548187048], [174.352147107072, -36.3240613996421], [174.352193790622, -36.3240769680977], [174.352230041158, -36.3240985835508], [174.352314508936, -36.3241839011614], [174.352381536663, -36.3242759111546], [174.352475025601, -36.3244088305441], [174.352542660725, -36.3244903909392], [174.352624059525, -36.3245650389984], [174.352714446525, -36.3246352437846], [174.352810709002, -36.3247004175972], [174.35291130164, -36.3247588119367], [174.353018797946, -36.3248041189197], [174.353134164954, -36.3248372461768], [174.353251400999, -36.3248604936844], [174.353438320449, -36.3248781101371], [174.35356108445, -36.3248848041498], [174.353680642822, -36.3248891463534], [174.353800268234, -36.3248915675474], [174.353920124891, -36.324893767846], [174.354039744023, -36.3248976925225], [174.354158956949, -36.3248994518444], [174.354278969577, -36.3248961798979], [174.354401113262, -36.3248904578248], [174.35452687872, -36.3248761801971], [174.354648770851, -36.3248528405982], [174.354760538648, -36.3248151542714], [174.354861304783, -36.324762703895], [174.354953982851, -36.3247033001501], [174.355039312494, -36.3246350091301], [174.355124658036, -36.3245601822152], [174.355214347176, -36.3244850436568], [174.355355496825, -36.324383885564], [174.355453339348, -36.3243286363346], [174.355596582326, -36.3242573568644], [174.355741746615, -36.3241982883701], [174.3558859914, -36.3241404290876], [174.356027727633, -36.3240871595318], [174.35616785679, -36.3240413199284], [174.356311254943, -36.324008115019], [174.356448984137, -36.3239878517736], [174.356583853242, -36.3239718108657], [174.356723770247, -36.3239572675352], [174.356873849135, -36.3239447081895], [174.357035752386, -36.3239329329878], [174.357204331421, -36.3239193320021], [174.357316903363, -36.3239088251921], [174.357583793863, -36.323886850244], [174.357905474769, -36.3238649967828], [174.358028513452, -36.323855816334], [174.358174485933, -36.3238437870106], [174.358317974734, -36.3238377624796], [174.358478549499, -36.3238422169565], [174.358617867844, -36.3238858842854], [174.358719216818, -36.3239635953159], [174.35882895415, -36.3240965223285], [174.359041034046, -36.3243212638855], [174.359155788745, -36.3244217266096], [174.359385489315, -36.324604811269], [174.359487271689, -36.3246786430801], [174.359568168816, -36.3247442890741], [174.359669423099, -36.3248282925987], [174.35975930553, -36.3248988943734], [174.359850008169, -36.324950014114], [174.359942055552, -36.3249688891634], [174.360044725687, -36.3249613149493], [174.360172801209, -36.3249425193873], [174.360428340548, -36.3249024341414], [174.360572997741, -36.3248994369438], [174.360860315103, -36.3251605366293], [174.360991450609, -36.3253065289992], [174.361104800458, -36.3254297543598], [174.361185484383, -36.3255120968591], [174.361273502216, -36.3256107057013], [174.361421929424, -36.3257869332884], [174.361562086902, -36.3259205992051], [174.361796233003, -36.3260437267517], [174.361896767197, -36.3260873372223], [174.362101323953, -36.3261732110168], [174.362201363726, -36.3262139349511], [174.362348697815, -36.3262744631049], [174.362543282879, -36.3263535734036], [174.362734612999, -36.3264317838709], [174.362879051902, -36.3264897201998], [174.363019614624, -36.3265501164962], [174.363155398545, -36.3266088660635], [174.363291248176, -36.3266665158344], [174.363467509293, -36.326727745675], [174.363633157967, -36.3267290639676], [174.363747704767, -36.3266838418395], [174.363868579744, -36.3266146783048], [174.363983395815, -36.3265428676787], [174.363984000631, -36.3265424776516], [174.364096685104, -36.3264678435084], [174.36421161689, -36.3263929176732], [174.364325435502, -36.3263195243124], [174.364438729771, -36.3262516592256], [174.36454592616, -36.326181529758], [174.36464897478, -36.3261109544555], [174.364749127939, -36.3260488183225], [174.364782593383, -36.3260273264654], [174.364808816789, -36.3260147994727], [174.364835067977, -36.3260038019485]]}, "properties": {"OBJECTID": 481, "TRACKNAME": "Oruawharo River Trail", "CONDITIONSOFUSE": "Atiu Regional Park", "STATUS": "Open", "WEBLINK": "https://www.aucklandcouncil.govt.nz/en/parks-recreation/find-park-beach/park-detail/205.html", "VALIDATIONSTATE": 3, "created_user": "AC_owner", "last_edited_user": "AC_owner", "last_edited_date": 1789875254325, "created_date": 1789875254325, "PARK_SAPSITEID": null, "TRACK_ID": null, "KAURIDIEBACK_TRACK": null, "KAURIDIEBACK_MITIGATED": null, "SegmentID": null, "GlobalID": "58464f84-1447-49b1-a7d1-ed6a2b0652a8", "Shape__Length": 4729.374907437275}}, {"type": "Feature", "id": 883, "geometry": {"type": "LineString", "coordinates": [[174.36487989736, -36.3260390674358], [174.364904392749, -36.3260357307942], [174.364927499679, -36.3260339704472], [174.364949018652, -36.3260359530994], [174.36497281075, -36.32604192222], [174.364995382321, -36.326054559915], [174.365008814436, -36.3260666331076], [174.365031795083, -36.3260847109912], [174.365066205867, -36.326111920896], [174.365160356934, -36.3261756240218], [174.36525193943, -36.3262392788887], [174.365341346614, -36.3262993742984], [174.365427970811, -36.3263574776404], [174.365534316154, -36.3264358856117], [174.365634778723, -36.3265066522559], [174.365735950575, -36.3265731107045], [174.365844312452, -36.3266356610594], [174.365965808387, -36.3266881441409], [174.366091161456, -36.3267265309219], [174.366215425487, -36.3267408211598], [174.366572364353, -36.3267541311499], [174.366707553386, -36.326758240971]]}, "properties": {"OBJECTID": 883, "TRACKNAME": "Oruawharo River Trail", "CONDITIONSOFUSE": "Atiu Regional Park", "STATUS": "Open", "WEBLINK": "https://www.aucklandcouncil.govt.nz/en/parks-recreation/find-park-beach/park-detail/205.html", "VALIDATIONSTATE": 3, "created_user": "AC_owner", "last_edited_user": "AC_owner", "last_edited_date": 1789875254325, "created_date": 1789875254325, "PARK_SAPSITEID": null, "TRACK_ID": null, "KAURIDIEBACK_TRACK": null, "KAURIDIEBACK_MITIGATED": null, "SegmentID": null, "GlobalID": "462ce066-50c8-45cd-b307-54eca48f74ec", "Shape__Length": 190.75140525137235}}, {"type": "Feature", "id": 991, "geometry": {"type": "LineString", "coordinates": [[174.378068202214, -36.3325005878878], [174.378061078191, -36.3324953883545], [174.378052813717, -36.3324893906531], [174.37804456794, -36.3324834423162], [174.378036267154, -36.3324774702734], [174.378027963901, -36.3324715478392], [174.378019676641, -36.3324656477565], [174.378011353704, -36.3324597462818], [174.378003042687, -36.3324538888408], [174.37799472069, -36.3324480405405], [174.377986397564, -36.3324421913511], [174.377978064907, -36.3324363702165], [174.377969742419, -36.3324305570773], [174.377961388934, -36.3324247551124], [174.377953116381, -36.3324189936812], [174.377944773066, -36.332413199711], [174.377936434414, -36.3324074174056], [174.377928119457, -36.3324016519542], [174.377919791134, -36.3323958866563], [174.377911520019, -36.3323901432348], [174.377903199591, -36.3323843832535], [174.377894931741, -36.3323786352859], [174.377886682765, -36.3323728834942], [174.377878396729, -36.3323671150013], [174.377870156777, -36.3323613694146], [174.3778619322, -36.3323556110295], [174.377853724395, -36.3323498560563], [174.377845521781, -36.3323440793875], [174.377837351566, -36.3323383077534], [174.377829204617, -36.3323325286387], [174.377821069637, -36.332326733159], [174.377812956762, -36.3323209275077], [174.37780487051, -36.3323151152387], [174.377796815116, -36.3323092836825], [174.377788782988, -36.3323034446458], [174.377780751198, -36.3322975614328], [174.377772773288, -36.3322917010361], [174.377764847385, -36.3322858202071], [174.377756920705, -36.3322798952146], [174.377749023895, -36.3322739581581], [174.377741165693, -36.3322679990208], [174.377733339445, -36.3322620196823], [174.377725886172, -36.3322562785374], [174.377719502718, -36.3322511209269], [174.377713569441, -36.3322459671406], [174.377707738212, -36.332240534526], [174.377701975755, -36.3322348315798], [174.377696266842, -36.3322288792115], [174.377690588334, -36.3322226921112], [174.37768494973, -36.3322163035237], [174.377679285008, -36.3322096970822], [174.377673598526, -36.3322029304304], [174.377667858966, -36.3321959967176], [174.37766205183, -36.332188958312], [174.377656287212, -36.3321819933361], [174.377650701879, -36.3321751497939], [174.377645356257, -36.332168379211], [174.377640095441, -36.3321614895582], [174.377634863435, -36.332154464353], [174.377629674113, -36.3321473322826], [174.377624489191, -36.3321400703501], [174.377619295186, -36.3321327355033], [174.37761409724, -36.3321253033434], [174.377608835393, -36.3321177853792], [174.377603551304, -36.3321102063714], [174.377598151262, -36.3321025592873], [174.37759276619, -36.3320950030784], [174.377587685036, -36.3320878760693], [174.377582688347, -36.3320808003712], [174.377577692184, -36.3320736913127], [174.377572708993, -36.3320665595677], [174.377567719329, -36.3320593765135], [174.377562688788, -36.3320521497585], [174.377557660523, -36.3320449256815], [174.377552612973, -36.3320376819943], [174.377547508523, -36.3320303704513], [174.377542344846, -36.3320230487733], [174.377537143457, -36.3320157365445], [174.377531893996, -36.3320084149534], [174.37752658343, -36.3320011030811], [174.377521176006, -36.3319937319269], [174.37751580187, -36.3319864162796], [174.377510379044, -36.3319790561199], [174.377504952366, -36.3319717302602], [174.377499483904, -36.331964372429], [174.377494002885, -36.3319570607171], [174.377488508548, -36.3319497518628], [174.377482983597, -36.3319424127113], [174.377477411241, -36.3319351020515], [174.3774718312, -36.3319277977902], [174.377466206477, -36.3319204868319], [174.377460567941, -36.3319132138942], [174.377454894716, -36.3319059323413], [174.377449193994, -36.3318986709374], [174.377443512381, -36.3318914823317], [174.377437816606, -36.3318843119182], [174.377432103183, -36.331877151624], [174.377426354212, -36.3318699971481], [174.377420591143, -36.3318628644696], [174.377414814961, -36.3318557463653], [174.377409003088, -36.3318486259678], [174.377403189591, -36.3318415398444], [174.377397350206, -36.3318344386941], [174.377391466314, -36.331827340761], [174.377385581832, -36.3318202725827], [174.377379666115, -36.3318132020598], [174.377373734245, -36.331806163274], [174.377367781212, -36.3317991247318], [174.377361765215, -36.3317920535608], [174.377355384069, -36.3317846188001], [174.377348935611, -36.3317772208735], [174.377342469027, -36.3317698691303], [174.377335986879, -36.3317625824716], [174.377329507546, -36.3317553291343], [174.377323033797, -36.3317481397364], [174.377316590727, -36.3317409842402], [174.377310143378, -36.3317338387091], [174.377303744815, -36.3317267430975], [174.377297410445, -36.3317196864101], [174.377291099166, -36.3317126123284], [174.377284856661, -36.3317055843299], [174.377278688709, -36.3316985509645], [174.377272544534, -36.3316914758572], [174.377266402846, -36.3316843520418], [174.377260255989, -36.3316771877197], [174.377254075081, -36.331669987731], [174.377247966654, -36.3316628545166], [174.377241860729, -36.3316556734954], [174.37723576265, -36.3316484950877], [174.377229700359, -36.3316413243805], [174.377223641986, -36.3316341229779], [174.377217629808, -36.331626950791], [174.377211635278, -36.3316197684843], [174.37720568163, -36.3316125667753], [174.377199741367, -36.3316053658132], [174.377193848907, -36.3315981588911], [174.377187988735, -36.3315909506951], [174.377182130843, -36.3315836820742], [174.377176411529, -36.3315765642038], [174.377170695367, -36.3315694354792], [174.377164999288, -36.3315623083258], [174.377159341781, -36.331555220392], [174.377153707111, -36.3315481006435], [174.37714809612, -36.3315409968482], [174.37714255707, -36.3315339291837], [174.377137071107, -36.3315268392719], [174.377131603589, -36.3315197212018], [174.377126204608, -36.3315126356959], [174.377120879001, -36.331505541231], [174.377115607929, -36.3314984434329], [174.377110418969, -36.331491326659], [174.377105296876, -36.3314842109173], [174.377100245438, -36.3314770583024], [174.377095050294, -36.3314695900273], [174.377089905803, -36.331462087814], [174.377084813142, -36.3314545552547], [174.377079759853, -36.3314469807741], [174.377074758522, -36.3314393831579], [174.37706979443, -36.3314317490536], [174.377064880305, -36.3314241053587], [174.377060016881, -36.3314164304294], [174.377055168084, -36.331408700342], [174.377050355968, -36.3314009653243], [174.37704559845, -36.3313932305787], [174.37704087354, -36.3313854494823], [174.377036164864, -36.3313776411547], [174.377031509783, -36.3313698394211], [174.377026935823, -36.3313620890375], [174.377022833959, -36.3313550183278], [174.37701889614, -36.3313479628556], [174.377015021262, -36.331340812004], [174.377011199014, -36.3313335496654], [174.37700739146, -36.3313261726712], [174.377003608242, -36.3313187223777], [174.37699981903, -36.3313111847108], [174.376996020769, -36.3313035759323], [174.376992221969, -36.3312959365101], [174.376988336008, -36.3312881556604], [174.376984410454, -36.3312804041136], [174.376980314906, -36.3312723624506], [174.376976263911, -36.3312643833766], [174.376972201349, -36.3312563800961], [174.376968156991, -36.331248398241], [174.376964105729, -36.3312404038447], [174.376960079306, -36.3312324280928], [174.376956082067, -36.3312244646251], [174.376952081155, -36.3312164822687], [174.376948082217, -36.3312084854659], [174.376944092286, -36.331200493968], [174.376940122518, -36.3311925085479], [174.376936179721, -36.3311845363389], [174.376932250356, -36.3311765675808], [174.37692833272, -36.331168568939], [174.376924442137, -36.3311605880147], [174.376920719559, -36.3311529107515], [174.37691703403, -36.331145186185], [174.376913348933, -36.3311374228504], [174.376909688533, -36.3311296700486], [174.376906032752, -36.3311218631055], [174.376902366391, -36.3311140247329], [174.376898721433, -36.3311061996356], [174.376895065895, -36.3310983431087], [174.376891417886, -36.33109047117], [174.376887723541, -36.3310825619034], [174.376884015466, -36.3310746320613], [174.376880273674, -36.3310666854796], [174.376876500756, -36.3310587428622], [174.376872704448, -36.3310508005143], [174.376868860866, -36.3310428307654], [174.376864969562, -36.3310348714824], [174.376861033655, -36.3310269100088], [174.376857087613, -36.3310189423415], [174.376853105273, -36.3310110012347], [174.376849100609, -36.3310030576807], [174.376845083182, -36.3309951485293], [174.376841056238, -36.3309872683342], [174.376837024792, -36.3309793854866], [174.376832974696, -36.33097151908], [174.376828932858, -36.3309636787206], [174.376824892294, -36.3309558473611], [174.376820832572, -36.3309480036016], [174.376816784355, -36.3309401804431], [174.376812732812, -36.3309323582243], [174.376808684755, -36.3309245440783], [174.376804653788, -36.3309167513705], [174.376800635645, -36.3309089909675], [174.376796618316, -36.3309012134272], [174.376792569656, -36.3308934281345], [174.376788511051, -36.3308856474635], [174.376784459511, -36.3308778883462], [174.376780386601, -36.3308701177559], [174.376776333121, -36.330862374887], [174.376772293245, -36.3308546453832], [174.376768223823, -36.3308468828654], [174.376764144376, -36.330839120463], [174.376760070864, -36.3308313787257], [174.376756001968, -36.3308236459498], [174.3767519546, -36.3308159336594], [174.376747896844, -36.3308082007548], [174.37674397925, -36.3308007087297], [174.376740029626, -36.3307931692957], [174.376736114007, -36.3307856628241], [174.376732208255, -36.330778147224], [174.376728265971, -36.3307705815626], [174.376724302112, -36.3307629927114], [174.376720309978, -36.3307553798462], [174.376716292099, -36.3307477600658], [174.376712252482, -36.3307401711854], [174.376708193375, -36.3307325509782], [174.376704066833, -36.3307248972919], [174.37669989941, -36.3307172630073], [174.376695582517, -36.330709428516], [174.376691242103, -36.3307016501864], [174.376686872475, -36.3306938577697], [174.376682471084, -36.3306860963687], [174.376678072061, -36.3306784061559], [174.376673710749, -36.3306707695966], [174.376669314336, -36.3306631009887], [174.376664940071, -36.3306554880163], [174.376660609724, -36.3306479015818], [174.376656259982, -36.3306402892281], [174.376651979695, -36.3306327617133], [174.376647748705, -36.3306252498569], [174.376643604579, -36.3306177992008], [174.376639598425, -36.3306104650472], [174.376635699716, -36.3306030953999], [174.376631816182, -36.3305955750329], [174.37662791921, -36.3305879241079], [174.376623995909, -36.3305801698174], [174.376619999818, -36.3305722676234], [174.376615895114, -36.330564271125], [174.376611661843, -36.3305561859608], [174.376607269148, -36.3305480314172], [174.376602680398, -36.3305398151277], [174.376597851007, -36.3305315358031], [174.37659275069, -36.3305232451758], [174.376588345075, -36.3305164456841], [174.37658447464, -36.3305095426688], [174.376580053756, -36.3305016219285], [174.376575613349, -36.3304936680587], [174.376571215953, -36.3304857524563], [174.376566780768, -36.3304777786937], [174.376562395468, -36.330469853937], [174.376558009836, -36.3304619102531], [174.376553596773, -36.3304539272204], [174.376549233595, -36.3304459931937], [174.376544848571, -36.3304380206553], [174.376540489517, -36.3304300676498], [174.376536115476, -36.3304220859699], [174.376531762932, -36.330414122973], [174.376527422658, -36.3304061607361], [174.37652309685, -36.3303981974308], [174.376518782038, -36.3303902258855], [174.376514443345, -36.3303822266697], [174.376510144272, -36.330374263056], [174.376505825614, -36.3303662627076], [174.376501528454, -36.3303582810421], [174.376497246904, -36.3303503000982], [174.376492950368, -36.3303422904797], [174.37648867646, -36.3303343004328], [174.376484412577, -36.3303263102702], [174.376480196635, -36.3303183853622], [174.376476121923, -36.3303106355147], [174.376472101602, -36.3303028742229], [174.376468113077, -36.3302950837179], [174.376464161759, -36.3302872549225], [174.376460217224, -36.330279368355], [174.376456282239, -36.3302714546334], [174.376452358635, -36.3302634911998], [174.376448418867, -36.3302554954996], [174.376444465337, -36.330247477421], [174.376440493272, -36.3302394189898], [174.376436481572, -36.3302313240548], [174.376432432049, -36.3302232322598], [174.376428448202, -36.3302153272131], [174.376424472644, -36.3302074500162], [174.376420501685, -36.3301995808795], [174.376416505873, -36.3301916921965], [174.376412519496, -36.3301838331532], [174.376408559247, -36.3301760026557], [174.376404606811, -36.3301681729695], [174.37640066456, -36.3301603521805], [174.376396742486, -36.3301525383707], [174.376392826953, -36.3301447163722], [174.376388935463, -36.3301369310568], [174.376385071424, -36.3301291228883], [174.376381216027, -36.3301212992953], [174.376377283611, -36.3301132773652], [174.376373353682, -36.3301052067271], [174.376369390658, -36.3300970913967], [174.376365459553, -36.3300890171659], [174.376361518059, -36.330080922321], [174.376357615183, -36.3300728694], [174.37635372429, -36.3300648010159], [174.376349824298, -36.3300567219189], [174.376345949909, -36.3300486416254], [174.376342095936, -36.3300405818304], [174.376338254807, -36.3300324921389], [174.376334419201, -36.3300243996792], [174.376330614225, -36.330016338418], [174.376326817494, -36.3300082392], [174.376323061753, -36.330000189992], [174.376319386856, -36.3299922399154], [174.376315742944, -36.3299842777629], [174.376312104779, -36.3299762623575], [174.37630847758, -36.3299682369095], [174.376304861378, -36.3299602032216], [174.376301256141, -36.3299521594911], [174.37629766521, -36.3299441056796], [174.376294058052, -36.3299360159962], [174.376290473521, -36.3299279458844], [174.376286856914, -36.3299198256597], [174.37628325291, -36.329911725122], [174.376279607919, -36.3299035745741], [174.376275957581, -36.3298954367081], [174.376272296121, -36.3298872998717], [174.376268594836, -36.329879115716], [174.376264871465, -36.3298709426321], [174.376261033663, -36.3298625977844], [174.376257176752, -36.3298542432405], [174.376253309337, -36.3298459248762], [174.376249439727, -36.3298376083398], [174.376245550369, -36.3298293091586], [174.376241659978, -36.3298210144965], [174.376237750794, -36.3298127281639], [174.376233867959, -36.3298044829951], [174.37622995892, -36.3297962047737], [174.376226076261, -36.3297879695188], [174.37622218447, -36.3297797217483], [174.376218313269, -36.3297715043905], [174.376214398759, -36.3297632316403], [174.376210496007, -36.3297549939117], [174.376206575195, -36.329746742869], [174.376202661464, -36.3297385142813], [174.376198772715, -36.3297303124498], [174.37619485208, -36.3297220713207], [174.37619093851, -36.3297138517454], [174.37618702841, -36.3297056393416], [174.376183139822, -36.3296974465223], [174.376179261276, -36.3296892544886], [174.37617537013, -36.3296810427676], [174.376171506193, -36.3296728577771], [174.376167646617, -36.3296646673275], [174.376163806057, -36.3296564811661], [174.376159981362, -36.3296483101468], [174.376156159153, -36.3296400904195], [174.376152348221, -36.329631941778], [174.37614851011, -36.329623831311], [174.376144695482, -36.3296157890848], [174.376140860805, -36.3296077470895], [174.376137112079, -36.3295998411271], [174.376133417485, -36.3295919724028], [174.376129799189, -36.329584134351], [174.376126257351, -36.3295763359847], [174.376122828026, -36.3295686003268], [174.376119522865, -36.3295608929873], [174.376116348503, -36.3295532111855], [174.376113291418, -36.3295454829598], [174.376110384001, -36.3295378395512], [174.376107481936, -36.3295301203578], [174.376104669552, -36.3295224325844], [174.376101927612, -36.3295147593247], [174.376099286459, -36.3295071155541], [174.376096745555, -36.3294994706291], [174.376094306251, -36.3294918380561], [174.376091984253, -36.3294842239644], [174.376089787231, -36.3294766210541], [174.376087725463, -36.3294690436303], [174.376085803915, -36.32946145738], [174.376084020151, -36.329453913715], [174.376082406222, -36.3294463347399], [174.376080957198, -36.3294386934677], [174.376079648225, -36.3294309703523], [174.376078472619, -36.3294231654705], [174.376077419131, -36.3294152726418], [174.376076469078, -36.3294073065046], [174.376075623908, -36.3293992859732], [174.376074859104, -36.3293911473257], [174.376074144745, -36.3293829630239], [174.376073496711, -36.3293747491115], [174.376072900665, -36.3293665138667], [174.376072366966, -36.3293584663104], [174.376071944286, -36.3293504598447], [174.376071595632, -36.3293424182708], [174.376071335053, -36.3293343801901], [174.376071160004, -36.3293263276025], [174.376071061273, -36.3293182434861], [174.376071039383, -36.3293101575835], [174.376071093985, -36.3293020500664], [174.376071213878, -36.3292939174578], [174.376071388381, -36.3292857860233], [174.376071638342, -36.3292776374935], [174.376071961001, -36.3292688715234], [174.376072302559, -36.3292601666355], [174.376072710711, -36.3292514474587], [174.376073152854, -36.3292426972406], [174.376073639552, -36.3292339465094], [174.376074159634, -36.329225193591], [174.376074712224, -36.3292164520172], [174.37607532105, -36.329207677343], [174.376075951452, -36.3291989258585], [174.37607661538, -36.3291901802982], [174.376077312518, -36.3291814226364], [174.376078042945, -36.3291726573796], [174.376078805849, -36.3291639016649], [174.37607960419, -36.329155133823], [174.376080423853, -36.3291463747503], [174.376081253285, -36.3291378544537], [174.376082145074, -36.3291293956402], [174.376083104554, -36.3291209216238], [174.376084118662, -36.3291124496827], [174.376085198788, -36.3291039941093], [174.376086335515, -36.329095526165], [174.376087524957, -36.3290870783474], [174.376088781406, -36.3290786396743], [174.376090092576, -36.3290702084842], [174.376091468525, -36.3290617864644], [174.376092991363, -36.3290528480156], [174.376104953993, -36.3289573630468], [174.376129196472, -36.3288660195359], [174.376150118285, -36.3287869913324], [174.376169062007, -36.3287120488138], [174.376170504889, -36.3286834899625], [174.37617075972, -36.328632863368], [174.376165613057, -36.3285259014209], [174.376146479122, -36.3284076627348], [174.376136172487, -36.3283178249656], [174.376129494856, -36.3282129990873], [174.37612282888, -36.3280999030172], [174.376119493487, -36.3280424575988], [174.376113745967, -36.3279692931355], [174.376106196698, -36.3279241733141], [174.376095627201, -36.3279004016476], [174.376082998239, -36.327872474495], [174.375986338524, -36.3277264753261], [174.375867277314, -36.3275456182473], [174.375768595133, -36.327413486899], [174.375739523138, -36.3273466749212], [174.375703661946, -36.3272787772967], [174.375677416882, -36.3272379076247], [174.375650477688, -36.3271959551618], [174.375610708863, -36.3271546921551], [174.37557074872, -36.3271132537477], [174.375530051028, -36.3270852457563], [174.375481175115, -36.3270533753423], [174.375431978228, -36.3270242842186], [174.375383605029, -36.3269986362126], [174.375355886751, -36.3269830163817], [174.375355705571, -36.3269829129952], [174.375347344992, -36.3269781205595], [174.375338752811, -36.3269732081891], [174.37533014405, -36.3269683032206], [174.375321548941, -36.3269634143208], [174.375312929345, -36.3269585266036], [174.375304324546, -36.3269536567448], [174.375295694131, -36.3269487871802], [174.375287052578, -36.3269439177432], [174.375278424867, -36.3269390751902], [174.375269791636, -36.3269342354044], [174.375261178693, -36.3269294089066], [174.375252437664, -36.3269245207795], [174.375243742669, -36.3269196528557], [174.375235053132, -36.3269147785582], [174.375226319841, -36.3269098867341], [174.375217569716, -36.3269049878915], [174.375208777029, -36.3269000760159], [174.37519997131, -36.3268951832205], [174.375191111843, -36.3268902748164], [174.375182259646, -36.3268853996824], [174.375173327862, -36.3268804966165], [174.375164363423, -36.3268756371961], [174.375155375738, -36.3268707861558], [174.375146308175, -36.3268659540632], [174.375137392227, -36.3268612545439], [174.375128437739, -36.3268565807085], [174.375119482006, -36.3268519627776], [174.375110550378, -36.3268473851348], [174.375101628374, -36.3268428479465], [174.37509272917, -36.3268383402436], [174.375083850524, -36.3268338611504], [174.375074975457, -36.3268293955374], [174.375066133152, -36.3268249556892], [174.375057334319, -36.3268205171432], [174.375048563538, -36.3268160899927], [174.375039832872, -36.3268116632816], [174.375031146808, -36.326807238761], [174.375022456707, -36.3268027746216], [174.375013424771, -36.3267981305154], [174.375004328872, -36.3267934601005], [174.374995273406, -36.3267888081504], [174.374986192227, -36.3267841510867], [174.374977155919, -36.3267795115354], [174.374968155365, -36.3267748778822], [174.374959161575, -36.326770248658], [174.374950189746, -36.3267656011509], [174.374941260433, -36.3267609639717], [174.37493235655, -36.3267563156816], [174.374923484652, -36.3267516489935], [174.374914640458, -36.3267469738727], [174.374905849333, -36.3267422756041], [174.374896893452, -36.3267374575322], [174.374887428953, -36.3267324145357], [174.374877908601, -36.326727426269], [174.37486852516, -36.3267225581244], [174.374859369792, -36.3267177991372], [174.37485043055, -36.3267131034698], [174.374841760408, -36.3267084425677], [174.374833374483, -36.3267037892127], [174.374825293336, -36.3266991089127], [174.374817532277, -36.3266943852653], [174.374810113153, -36.3266895936795], [174.374802888856, -36.3266846042336], [174.374796137663, -36.3266796571223], [174.374789378025, -36.3266744829382], [174.374782701175, -36.3266691383255], [174.374776094176, -36.3266636477726], [174.37476958538, -36.3266580398004], [174.374763171065, -36.3266522928165], [174.374756819311, -36.3266464288233], [174.374750547938, -36.3266404476158], [174.374744360906, -36.3266343843058], [174.374738266042, -36.326628240606], [174.374732243922, -36.3266219887945], [174.374726338993, -36.3266157491566], [174.374720379033, -36.3266092306966], [174.374714596385, -36.3266026588131], [174.37470889689, -36.3265959372306], [174.374703289199, -36.326589114529], [174.374697765359, -36.326582181785], [174.374692305145, -36.3265751293152], [174.374686893391, -36.3265679816336], [174.37468152558, -36.3265607351864], [174.374676180707, -36.3265533992298], [174.374670878245, -36.3265460041898], [174.374665563157, -36.3265385245569], [174.37466025716, -36.3265309916325], [174.374654986997, -36.3265234691133], [174.374649794449, -36.3265159889715], [174.374644667554, -36.3265085044684], [174.374639621252, -36.3265010415747], [174.374634681144, -36.3264935990945], [174.374629868774, -36.3264861984151], [174.374625193325, -36.3264787916533], [174.374620637902, -36.3264713681857], [174.374616227436, -36.3264639520652], [174.374611978744, -36.3264565494087], [174.374607911655, -36.3264491473675], [174.374603972904, -36.3264416311666], [174.374600241394, -36.3264342432946], [174.374596545903, -36.3264267495364], [174.374592933253, -36.3264192151607], [174.374589397156, -36.3264116627765], [174.374585949596, -36.326404076921], [174.374582575027, -36.3263964604773], [174.374579284571, -36.3263888124162], [174.374576067121, -36.3263811346684], [174.374572925001, -36.3263734326158], [174.374569858099, -36.3263656999495], [174.374566867782, -36.3263579510773], [174.374563952541, -36.3263501634799], [174.374561115189, -36.3263423704792], [174.374558357432, -36.3263345423072], [174.374555674855, -36.3263267448217], [174.374553123578, -36.3263190017168], [174.374550687316, -36.3263112104128], [174.374548340593, -36.3263033793157], [174.374546086356, -36.326295485855], [174.374543898717, -36.3262875150036], [174.374541781792, -36.326279510886], [174.374539728742, -36.3262714645661], [174.374537733395, -36.3262633418592], [174.374535774156, -36.3262551817769], [174.374533854223, -36.3262469761691], [174.374531952291, -36.3262387171676], [174.374530076537, -36.3262304263136], [174.374528212371, -36.3262220974646], [174.374526336513, -36.3262137371988], [174.374524485202, -36.3262054424577], [174.374522656695, -36.3261971141], [174.374520914122, -36.3261888577726], [174.374519231701, -36.3261805376508], [174.374517587646, -36.3261721819303], [174.374515985332, -36.3261637923755], [174.374514405986, -36.3261553151141], [174.374512850111, -36.3261468420901], [174.374511303341, -36.3261383166762], [174.374509763192, -36.3261297875803], [174.374508192437, -36.3261211650838], [174.374506635428, -36.3261125640643], [174.374505036132, -36.3261039022315], [174.374503399352, -36.3260951993622], [174.374501715681, -36.3260864907219], [174.37449998741, -36.3260777798902], [174.374498180202, -36.3260688878699], [174.374496353578, -36.3260600321316], [174.374494498471, -36.3260512037648], [174.37449263372, -36.3260423971441], [174.374490759087, -36.3260335987503], [174.374488883515, -36.3260248102833], [174.374486986907, -36.32601602927], [174.374485111141, -36.3260072930903], [174.374483214629, -36.3259985174846], [174.374481322014, -36.3259897733854], [174.374479462554, -36.325981077584], [174.374477599769, -36.3259723827223], [174.374475771482, -36.3259636856608], [174.37447394216, -36.3259549931185], [174.374472152313, -36.3259463280677], [174.374470462566, -36.3259380341715], [174.374468774983, -36.3259297366445], [174.37446710707, -36.325921417256], [174.374465450232, -36.3259130941343], [174.374463787508, -36.3259047530508], [174.374462142891, -36.3258964279855], [174.374460492167, -36.3258880723405], [174.374458857448, -36.3258797399495], [174.374457217768, -36.3258713787686], [174.374455579028, -36.3258630076607], [174.374453923233, -36.3258546169166], [174.374452256236, -36.3258462226955], [174.37445059018, -36.3258378185474], [174.374448900829, -36.3258294200759], [174.374447210174, -36.3258210108018], [174.374445506307, -36.3258126737971], [174.374443836826, -36.3258043282835], [174.374442213392, -36.3257960038756], [174.374440613053, -36.3257875989714], [174.374439023124, -36.32577915248], [174.374437441774, -36.3257706869591], [174.374435826335, -36.3257621199644], [174.374434194749, -36.325753521604], [174.374432509579, -36.3257448535454], [174.37443076619, -36.3257361690284], [174.374428959795, -36.3257274491774], [174.374427051858, -36.3257186565738], [174.374425038986, -36.3257098516549], [174.374422916232, -36.3257010065323], [174.374420645822, -36.325692127049], [174.374418255273, -36.3256833210648], [174.374415718219, -36.325674419407], [174.374413174129, -36.3256655611005], [174.374410554812, -36.3256566694032], [174.374407861414, -36.3256477461051], [174.374405066058, -36.3256387897237], [174.374402163492, -36.3256298183487], [174.374399137757, -36.3256208114301], [174.374395973752, -36.3256117970869], [174.374392659463, -36.3256027889792], [174.374389198023, -36.325593775352], [174.374385550499, -36.3255847593574], [174.374381716905, -36.3255757418966], [174.374377665258, -36.3255667413669], [174.374373395241, -36.3255577397425], [174.374369044616, -36.325549096026], [174.374364483138, -36.3255405620087], [174.374359770249, -36.3255321604453], [174.374354913875, -36.3255238984563], [174.374349943659, -36.3255157513611], [174.374344861529, -36.3255077020097], [174.374339693308, -36.3254997618242], [174.374334470547, -36.3254919511755], [174.374329218089, -36.3254842256059], [174.374323929124, -36.3254765779822], [174.374318614536, -36.3254689937555], [174.37431332877, -36.3254615281908], [174.374308053758, -36.3254541039697], [174.374302776012, -36.3254466509328], [174.37429715073, -36.3254388196701], [174.374291364648, -36.3254309668182], [174.374285522295, -36.3254232083656], [174.374279647094, -36.325415545846], [174.37427372942, -36.3254079388039], [174.374267771423, -36.3254003827075], [174.374261826559, -36.3253929400445], [174.374255883143, -36.3253855162954], [174.374249944225, -36.3253781583014], [174.374244033755, -36.3253708342357], [174.374238171971, -36.3253635546832], [174.374232352159, -36.3253563179182], [174.374226584951, -36.3253490949714], [174.374220886145, -36.3253418973804], [174.374215371724, -36.3253348590315], [174.374209798041, -36.325327744739], [174.374204266203, -36.3253206660237], [174.374198708067, -36.3253135488475], [174.374193154357, -36.3253064298172], [174.374187560028, -36.3252992815053], [174.37418194411, -36.3252921091017], [174.374176309448, -36.325284947731], [174.374170656745, -36.3252777739469], [174.37416495152, -36.3252705908502], [174.374159212739, -36.325263400026], [174.374153441896, -36.3252562230921], [174.374147616288, -36.32524903597], [174.374141743009, -36.3252418620163], [174.374135593149, -36.3252344171964], [174.37412942006, -36.325226981658], [174.374123212902, -36.3252195726535], [174.374116988178, -36.3252121782742], [174.374110732648, -36.3252048058839], [174.374104477658, -36.3251974641369], [174.3740981869, -36.3251901155891], [174.374091880133, -36.3251828068896], [174.374085557694, -36.3251754938626], [174.374079214316, -36.3251681936966], [174.374072857045, -36.3251609270442], [174.374066491071, -36.3251536722106], [174.374060110491, -36.3251464103328], [174.374053805861, -36.3251392864074], [174.374047485782, -36.3251321707725], [174.374041169789, -36.3251250974592], [174.37403481208, -36.3251179957782], [174.374028442563, -36.3251109194737], [174.374022073649, -36.3251038774177], [174.374015688092, -36.3250968391586], [174.374009278893, -36.3250897867474], [174.374002873796, -36.3250827775592], [174.373996449703, -36.3250757649831], [174.373990010001, -36.3250687516846], [174.373983568469, -36.3250617609435], [174.373977129324, -36.3250547791892], [174.373970649766, -36.3250477798699], [174.373964317182, -36.3250409663657], [174.373957949036, -36.3250341577772], [174.37395159621, -36.3250273967901], [174.373945202861, -36.3250206119289], [174.373938822714, -36.3250138810036], [174.373932459386, -36.3250071561949], [174.373926062961, -36.3250004497956], [174.373919721715, -36.3249937770173], [174.373913329764, -36.3249870714674], [174.373906987565, -36.3249804077141], [174.373900657619, -36.3249737438195], [174.373894343457, -36.3249670905608], [174.373888058508, -36.3249604513894], [174.373881802583, -36.3249538154898], [174.373875529161, -36.3249471347176], [174.373868946771, -36.3249401149394], [174.373862319609, -36.324933083055], [174.373855702837, -36.3249260717845], [174.373849096279, -36.3249190712138], [174.373842484376, -36.3249120833247], [174.373835927604, -36.3249051263528], [174.373829354939, -36.3248981524353], [174.373822859027, -36.3248912353291], [174.373816368004, -36.3248842794031], [174.373809945827, -36.3248773740691], [174.373803550657, -36.3248704206464], [174.373797176967, -36.3248634850058], [174.373790899445, -36.3248565698945], [174.373784668151, -36.3248496227002], [174.373778271163, -36.3248424385213], [174.373771612609, -36.3248350770554], [174.373764723388, -36.3248277119303], [174.37375786503, -36.3248205817331], [174.373751156441, -36.3248136697719], [174.373744588877, -36.3248069220592], [174.37373826923, -36.3248003355634], [174.373732217201, -36.3247938902258], [174.373681032855, -36.3247375797511], [174.37366216058, -36.3246891832409], [174.373649983819, -36.3246115409853], [174.373646485813, -36.3244122649295], [174.373669409753, -36.3242807450646], [174.373707505336, -36.3241237709485], [174.373708331713, -36.3241023714281], [174.373698345388, -36.3240810961949], [174.373680172874, -36.3240725545323], [174.373656061929, -36.3240679700552], [174.373639330093, -36.3240730239868], [174.373613123831, -36.3240859646755], [174.373420028275, -36.3242427756899], [174.373295744604, -36.3243744200038]]}, "properties": {"OBJECTID": 991, "TRACKNAME": "Oruawharo River Trail", "CONDITIONSOFUSE": "Atiu Regional Park", "STATUS": "Open", "WEBLINK": "https://www.aucklandcouncil.govt.nz/en/parks-recreation/find-park-beach/park-detail/205.html", "VALIDATIONSTATE": 3, "created_user": "AC_owner", "last_edited_user": "AC_owner", "last_edited_date": 1789875254325, "created_date": 1789875254325, "PARK_SAPSITEID": null, "TRACK_ID": null, "KAURIDIEBACK_TRACK": null, "KAURIDIEBACK_MITIGATED": null, "SegmentID": null, "GlobalID": "d4ebe602-942f-49b2-9403-15a87319b8f6", "Shape__Length": 1112.2726327472406}}, {"type": "Feature", "id": 1286, "geometry": {"type": "LineString", "coordinates": [[174.377315713425, -36.3336208987144], [174.377321656988, -36.3336166969884], [174.377329442487, -36.3336113066336], [174.377337299545, -36.3336059307784], [174.377345248595, -36.3336005908225], [174.377353258863, -36.333595247456], [174.377361338811, -36.333589938443], [174.377369489653, -36.3335846060757], [174.377377685115, -36.3335792767994], [174.377385892987, -36.3335739563941], [174.377393603203, -36.333568973464], [174.377400246329, -36.3335648916786], [174.37740682917, -36.3335612459957], [174.377413907292, -36.333557634268], [174.377421476191, -36.3335540538428], [174.377429512557, -36.3335504463935], [174.37743799588, -36.333546786014], [174.377446872645, -36.3335430075139], [174.377456057098, -36.3335391127831], [174.377465588358, -36.3335349823773], [174.377475364565, -36.333530589525], [174.377484918488, -36.3335260378718], [174.377494135635, -36.333521532469], [174.377503031629, -36.3335172011446], [174.377511983604, -36.3335128854006], [174.377521028243, -36.3335085172043], [174.377530072912, -36.3335041508097], [174.377539182778, -36.3334997539146], [174.377548321831, -36.3334953062002], [174.377557460501, -36.3334908368544], [174.377566660551, -36.333486310008], [174.377575868114, -36.3334817037452], [174.377585065876, -36.3334770471127], [174.377594287812, -36.3334723081674], [174.377603504882, -36.3334674827368], [174.377612692421, -36.3334625620905], [174.377621876064, -36.3334575468346], [174.377631041936, -36.333452408282], [174.377640512018, -36.3334469561173], [174.377649900677, -36.3334413723752], [174.37765918533, -36.3334357032907], [174.37766840417, -36.3334299033502], [174.377677508757, -36.3334240055651], [174.377686540178, -36.3334180022498], [174.377695448117, -36.3334118831669], [174.377704265385, -36.3334056767851], [174.377712982436, -36.3333993471558], [174.377721601003, -36.3333929294162], [174.377730155429, -36.3333863492502], [174.377738466702, -36.3333797538578], [174.377746660905, -36.333373027299], [174.377754679859, -36.3333662189239], [174.377762510704, -36.3333593577278], [174.377770164818, -36.3333524571013], [174.377777661534, -36.3333455393584], [174.377785024054, -36.3333385934139], [174.377792283473, -36.3333316135005], [174.377799406865, -36.3333246279434], [174.37780640045, -36.3333176736309], [174.37781334348, -36.3333106955613], [174.377820176547, -36.3333037367885], [174.377826942495, -36.3332966994602], [174.377833611212, -36.3332896452234], [174.377840203484, -36.3332825522031], [174.377846722778, -36.3332754275712], [174.377853170145, -36.3332682677096], [174.377859531214, -36.3332610790943], [174.377865805286, -36.3332538851717], [174.377872022039, -36.3332466630627], [174.377878167118, -36.3332394201446], [174.377884252873, -36.3332321616839], [174.377890280067, -36.3332248678395], [174.377896466134, -36.3332172954128], [174.377902595868, -36.3332096875768], [174.377908670622, -36.3332020578378], [174.377914675899, -36.3331944054616], [174.377920624095, -36.3331867384183], [174.377926522817, -36.3331790458027], [174.377932357696, -36.3331713340907], [174.377938137911, -36.3331636185015], [174.377943881909, -36.3331558708768], [174.377949559946, -36.3331481104905], [174.377955196783, -36.3331403514805], [174.377955664385, -36.3331396997375], [174.377988074037, -36.3331302266132], [174.378016843918, -36.3331149431376], [174.378043642364, -36.3331007064548], [174.378080933477, -36.3330779119438], [174.378132257565, -36.3330394521754], [174.378159211156, -36.3330011382318], [174.378180815603, -36.3329439714201], [174.378188258319, -36.3329210280161], [174.378405470898, -36.3327543062537], [174.378429926557, -36.332730799693], [174.37843533164, -36.332709702542], [174.378433476271, -36.3326863516411], [174.37840548478, -36.3326551232237], [174.378379081021, -36.3326320554842], [174.378344959658, -36.3326173990896], [174.378307894039, -36.3326055477505], [174.378269515485, -36.3325968937172], [174.378245714438, -36.3325850209804], [174.378206618158, -36.3325678157868], [174.378156781242, -36.332545530289], [174.378125014786, -36.3325295197139], [174.378099223413, -36.3325129372055], [174.378062140495, -36.3324911175793]]}, "properties": {"OBJECTID": 1286, "TRACKNAME": "Oruawharo River Trail", "CONDITIONSOFUSE": "Atiu Regional Park", "STATUS": "Open", "WEBLINK": "https://www.aucklandcouncil.govt.nz/en/parks-recreation/find-park-beach/park-detail/205.html", "VALIDATIONSTATE": 3, "created_user": "AC_owner", "last_edited_user": "AC_owner", "last_edited_date": 1789875254325, "created_date": 1789875254325, "PARK_SAPSITEID": null, "TRACK_ID": null, "KAURIDIEBACK_TRACK": null, "KAURIDIEBACK_MITIGATED": null, "SegmentID": null, "GlobalID": "5eccdabd-8080-4396-af51-31fe32b3475a", "Shape__Length": 189.0769400840626}}, {"type": "Feature", "id": 1409, "geometry": {"type": "LineString", "coordinates": [[174.377315712359, -36.3336209014311], [174.377321654729, -36.3336166952115], [174.377329448025, -36.3336113047668], [174.377337297333, -36.3336059317053], [174.377345247529, -36.3336005935392], [174.377353253261, -36.3335952457176], [174.377361337761, -36.333589942061], [174.37736948846, -36.3335846015821], [174.377377684032, -36.3335792786148], [174.377385890743, -36.3335739555185], [174.377393602057, -36.3335689716743], [174.377400248573, -36.3335648925542], [174.37740682473, -36.3335612469484], [174.377413902788, -36.3335576316155], [174.377421471767, -36.3335540556967], [174.377429508117, -36.3335504473462], [174.377438000383, -36.3335467886665], [174.37744686932, -36.3335430084537], [174.377456059389, -36.3335391163626], [174.377465590649, -36.3335349859568], [174.377475362369, -36.3335305913532], [174.377484919586, -36.3335260369577], [174.377494132278, -36.3335215316063], [174.377503036085, -36.3335172010933], [174.377511984765, -36.3335128880917], [174.377521032746, -36.3335085198567], [174.377530069586, -36.3335041517495], [174.377539183924, -36.3334997557043], [174.377548319587, -36.3334953053246], [174.377557466071, -36.3334908367902], [174.377566656159, -36.3334863136645], [174.377575866936, -36.333481700153], [174.377585065939, -36.3334770507178], [174.377594285632, -36.3334723108969], [174.377603503737, -36.333467480947], [174.377612686835, -36.3334625612534], [174.377621879326, -36.3334575422896], [174.377631047474, -36.3334524064152], [174.377640510825, -36.3334469516238], [174.377649905117, -36.3334413714226], [174.377659186428, -36.3334357023766], [174.377668398521, -36.333429898908], [174.377677508773, -36.3334240064664], [174.377686538985, -36.3334179977562], [174.37769544476, -36.3334118823041], [174.377704270971, -36.3334056776222], [174.377712983566, -36.3333993480443], [174.377721605459, -36.3333929293648], [174.377730157657, -36.3333863492245], [174.377738464474, -36.3333797538834], [174.377746657516, -36.3333730246337], [174.377754682039, -36.3333662161944], [174.377762516242, -36.333359355861], [174.377770160283, -36.3333524526463], [174.377777659354, -36.3333455420879], [174.377785024117, -36.333338597019], [174.377792287992, -36.3333316170543], [174.377799406896, -36.333324629746], [174.377806403745, -36.3333176708885], [174.377813344578, -36.3333106946472], [174.377820174335, -36.3333037377155], [174.377826946966, -36.3332967003102], [174.377833607887, -36.3332896461632], [174.377840201177, -36.3332825477224], [174.377846727154, -36.3332754230134], [174.377853174521, -36.3332682631518], [174.377859532297, -36.3332610772789], [174.377865800799, -36.3332538834205], [174.377872024266, -36.3332466630369], [174.377878169282, -36.3332394165137], [174.377884247303, -36.3332321617481], [174.377890280131, -36.3332248714446], [174.377896463827, -36.3332172909321], [174.377902591349, -36.3332096840231], [174.377908673996, -36.3332020596019], [174.377914678191, -36.333194409041], [174.377920626371, -36.3331867410965], [174.377926518378, -36.3331790467554], [174.37793235437, -36.3331713350306], [174.377938134506, -36.3331636149349], [174.377943880747, -36.3331558681858], [174.377949559993, -36.3331481131944], [174.377955194523, -36.3331403497037], [174.377955662078, -36.3331396952568], [174.377988072907, -36.3331302257248], [174.378016838269, -36.3331149386954], [174.378043638943, -36.3331007019869], [174.378080929085, -36.3330779156003], [174.378132259809, -36.333039453051], [174.37815921558, -36.3330011363778], [174.378180814442, -36.3329439687291], [174.378188253911, -36.3329210307714], [174.378405470882, -36.3327543053524], [174.378429924361, -36.3327308015212], [174.378435334918, -36.3327096988983], [174.378433475205, -36.3326863543578], [174.378405483714, -36.3326551259403], [174.378379084363, -36.3326320554457], [174.378344956237, -36.3326173946217], [174.378307891748, -36.332605544171], [174.378269513209, -36.332596891039], [174.378245717811, -36.3325850227444], [174.378206620354, -36.3325678139585], [174.378156782308, -36.3325455275723], [174.37812501485, -36.3325295233191], [174.378099220056, -36.3325129363427], [174.378062136007, -36.3324911158281]]}, "properties": {"OBJECTID": 1409, "TRACKNAME": "Oruawharo River Trail", "CONDITIONSOFUSE": "Atiu Regional Park", "STATUS": "Open", "WEBLINK": "https://www.aucklandcouncil.govt.nz/en/parks-recreation/find-park-beach/park-detail/205.html", "VALIDATIONSTATE": 3, "created_user": "AC_owner", "last_edited_user": "AC_owner", "last_edited_date": 1789875254325, "created_date": 1789875254325, "PARK_SAPSITEID": null, "TRACK_ID": null, "KAURIDIEBACK_TRACK": null, "KAURIDIEBACK_MITIGATED": null, "SegmentID": null, "GlobalID": "8fa56f46-d8f6-47ae-82c7-16048271ca89", "Shape__Length": 189.07814339842574}}, {"type": "Feature", "id": 1647, "geometry": {"type": "LineString", "coordinates": [[174.374908404423, -36.3361754325395], [174.374910616428, -36.3361725359197], [174.374916238328, -36.3361651657553], [174.374921830134, -36.3361577950354], [174.374927251947, -36.3361506417215], [174.374932668052, -36.3361436074666], [174.374938148972, -36.3361365841846], [174.374943695377, -36.336129546627], [174.37494927453, -36.3361225339333], [174.374954914855, -36.3361155151267], [174.374960596506, -36.3361085021545], [174.374966316095, -36.3361014923514], [174.374972070373, -36.3360944911636], [174.374977849443, -36.3360875059165], [174.374983700556, -36.3360804991066], [174.374989582192, -36.3360734540835], [174.374995407407, -36.3360664953486], [174.37500130043, -36.33605952772], [174.375007216175, -36.3360525850707], [174.375013175743, -36.336045663552], [174.375019183259, -36.3360387441856], [174.375025267177, -36.3360317977973], [174.375031346031, -36.3360248803139], [174.375037498026, -36.3360179403533], [174.375043678618, -36.3360109793296], [174.375049867276, -36.3360040335377], [174.375056095148, -36.3359970368122], [174.375062319772, -36.3359900455325], [174.375068563175, -36.3359830450217], [174.375074645422, -36.3359761942055], [174.375080719854, -36.3359693425774], [174.375086771003, -36.3359624975273], [174.375092814116, -36.3359556390473], [174.375098811329, -36.3359488315773], [174.375104803493, -36.3359420539134], [174.375110772945, -36.3359353152737], [174.375116772726, -36.3359285907081], [174.375122754298, -36.3359219078192], [174.375128736756, -36.3359152754018], [174.375134751037, -36.3359086786766], [174.375140773844, -36.3359021233203], [174.375146833295, -36.3358956243344], [174.375152937843, -36.3358891554791], [174.37515910278, -36.3358826994504], [174.375165601591, -36.335875968238], [174.375172158966, -36.3358692093073], [174.37517873117, -36.3358624700378], [174.375185306345, -36.3358557731026], [174.375191911036, -36.3358491073787], [174.375198536111, -36.3358424603506], [174.375205176458, -36.3358358582197], [174.375211834369, -36.3358293045655], [174.37521855068, -36.3358227772827], [174.37522527577, -36.3358163057894], [174.375232049679, -36.3358098860189], [174.375238874237, -36.3358034954134], [174.375245721084, -36.3357971685551], [174.375252639921, -36.3357908805324], [174.375259574601, -36.335784669853], [174.375266467542, -36.3357786201144], [174.375273454404, -36.3357725891268], [174.375280531906, -36.3357665805337], [174.375287677819, -36.3357605972953], [174.375294930845, -36.3357546227398], [174.375302268103, -36.3357486228749], [174.375309650361, -36.3357426477326], [174.375317108146, -36.3357366591], [174.375324616887, -36.3357306536542], [174.375332180083, -36.3357246403694], [174.375339772943, -36.3357186033045], [174.375347389945, -36.3357125452277], [174.375355049962, -36.3357064623157], [174.375362712511, -36.3357003333993], [174.375370388031, -36.3356941817964], [174.375378095747, -36.3356879604097], [174.375385709922, -36.335681741902], [174.375393026191, -36.3356757530907], [174.375400315772, -36.3356697672906], [174.375407575686, -36.3356638052696], [174.375414850862, -36.3356578241417], [174.375422110632, -36.3356518540083], [174.375429373536, -36.3356458721193], [174.375436633145, -36.3356398929722], [174.375443886006, -36.3356339102965], [174.375451137609, -36.3356279195216], [174.375458385916, -36.3356219314886], [174.375465627475, -36.3356159399271], [174.375473826457, -36.3356091440545], [174.375481636952, -36.3356019253585], [174.375488533356, -36.3355955041636], [174.375495416407, -36.3355890840235], [174.375502282368, -36.3355826424445], [174.375509123693, -36.335576193937], [174.375515948213, -36.3355697402137], [174.375522761085, -36.3355632577773], [174.375529545136, -36.3355567837854], [174.375536318827, -36.3355502909816], [174.375543076811, -36.335543792048], [174.375549823099, -36.3355372616973], [174.375556521629, -36.3355307400092], [174.375563242853, -36.335524178395], [174.37556990537, -36.3355176363871], [174.37557655164, -36.3355110576057], [174.375583139904, -36.3355044749843], [174.37558965423, -36.3354979328783], [174.375596191186, -36.335491347241], [174.375602655097, -36.3354847894882], [174.375609107755, -36.3354782255544], [174.375615513464, -36.3354717162486], [174.375621927908, -36.3354651969258], [174.375628306146, -36.3354587095708], [174.375634689267, -36.3354522464988], [174.37564105507, -36.3354458124728], [174.375647443469, -36.3354393962156], [174.375654339353, -36.3354325035506], [174.375661244612, -36.3354255738172], [174.375668110623, -36.3354186932144], [174.375675001219, -36.3354118168356], [174.375681924313, -36.3354048877971], [174.375688819125, -36.335397997847], [174.375695728179, -36.3353910942104], [174.375702624466, -36.3353842249762], [174.375709546791, -36.3353773157773], [174.375716454009, -36.3353704346973], [174.375723362452, -36.3353635599131], [174.375730288114, -36.3353566506746], [174.375737192384, -36.3353497921641], [174.375744121829, -36.3353429081223], [174.375750895803, -36.3353361800207], [174.375757667992, -36.3353294771803], [174.375764469764, -36.3353227460534], [174.375771258533, -36.3353160358096], [174.375778059332, -36.3353093128064], [174.375784857057, -36.3353026051632], [174.37579165712, -36.3352959038028], [174.375798489903, -36.3352891624009], [174.375805302059, -36.335282451886], [174.375812126023, -36.3352757159936], [174.375818937079, -36.335269006392], [174.37582576018, -36.3352622849323], [174.375832583265, -36.3352555625709], [174.37583953198, -36.335248698134], [174.375846458156, -36.3352418826353], [174.375853410654, -36.3352350433951], [174.375860367353, -36.3352281896826], [174.375867318576, -36.3352213414416], [174.375874265438, -36.3352144986592], [174.375881195109, -36.335207692133], [174.375888158724, -36.3352008518613], [174.375895138446, -36.3351939771481], [174.375902092989, -36.3351871279653], [174.375909049489, -36.3351802634348], [174.375915989786, -36.3351734279373], [174.375922948512, -36.3351665633803], [174.375929891911, -36.3351597143244], [174.375936910697, -36.3351527805636], [174.375943888166, -36.335145904972], [174.375950898354, -36.3351389893388], [174.37595788459, -36.3351321055322], [174.375964914336, -36.3351251617275], [174.375971903704, -36.335118266165], [174.375978924505, -36.3351113206596], [174.375985922323, -36.3351043988565], [174.375992954101, -36.3350974442092], [174.375999963235, -36.3350904690885], [174.376006953652, -36.3350835068034], [174.376013941476, -36.3350765238141], [174.376020951978, -36.3350694999973], [174.376027689227, -36.3350627137078], [174.376034390734, -36.3350559224207], [174.376041069212, -36.3350491521322], [174.376047731855, -36.3350423685036], [174.37605435939, -36.3350356159287], [174.376061004113, -36.335028827097], [174.376067620157, -36.3350220548215], [174.37607421976, -36.3350152980599], [174.376080819394, -36.3350085431005], [174.376087405117, -36.3350018207538], [174.376093987671, -36.3349951083593], [174.376100573692, -36.3349884031362], [174.376107140327, -36.3349817359976], [174.376113715187, -36.3349750931034], [174.376120264563, -36.3349685217182], [174.376126830188, -36.334961924003], [174.376133406377, -36.3349553568156], [174.376139997921, -36.3349487759291], [174.3761466042, -36.3349422092959], [174.376153234809, -36.334935632466], [174.376159896787, -36.3349290020881], [174.376166541305, -36.3349223926446], [174.376173194718, -36.3349157821968], [174.376179849834, -36.3349091419807], [174.376186516104, -36.3349025025372], [174.3761931773, -36.3348958279946], [174.376199833943, -36.3348891480953], [174.376206490045, -36.334882437552], [174.376213327193, -36.3348755049656], [174.376220115754, -36.334868597278], [174.376226917316, -36.3348616687065], [174.376233674669, -36.3348547604761], [174.376240430573, -36.3348478333312], [174.376247163289, -36.3348409181721], [174.376253893665, -36.3348339967292], [174.3762605935, -36.3348271125979], [174.376267295371, -36.3348202176251], [174.376273997796, -36.3348133541969], [174.376280708878, -36.3348064762451], [174.376287407019, -36.3347996227816], [174.376294112988, -36.3347927710305], [174.376300828122, -36.3347859335969], [174.376307503069, -36.334779155221], [174.376314221685, -36.3347723258598], [174.376320929588, -36.3347655209611], [174.376327652562, -36.3347586861402], [174.376334362405, -36.334751864992], [174.3763410496, -36.3347450864733], [174.376347745895, -36.3347383186669], [174.376354445309, -36.3347315382037], [174.376361153059, -36.334724788294], [174.376367882865, -36.3347180255094], [174.376374595195, -36.3347112827579], [174.37638133136, -36.3347045649725], [174.376388072968, -36.3346978399123], [174.376394805405, -36.3346911636366], [174.376401570161, -36.3346844878896], [174.37640837941, -36.334677808024], [174.37641518557, -36.334671142617], [174.376422027471, -36.3346644822067], [174.376428889421, -36.334657821565], [174.376435766949, -36.3346511598421], [174.37644267234, -36.3346444986994], [174.376449604053, -36.3346378138149], [174.37645654326, -36.3346311117158], [174.376463460933, -36.3346244522333], [174.37647041018, -36.3346177509193], [174.376477364725, -36.3346110342189], [174.37648432296, -36.3346043373078], [174.37649121808, -36.3345976627586], [174.376498086861, -36.334591011049], [174.376504957662, -36.3345843475967], [174.37651181643, -36.3345776969032], [174.376518659075, -36.3345710797492], [174.376525496054, -36.3345644572513], [174.376532329274, -36.3345578744608], [174.376539199606, -36.334551247972], [174.376546011148, -36.3345446996862], [174.376552870603, -36.3345381517495], [174.376559746831, -36.3345316072251], [174.37656656309, -36.3345251373112], [174.376573142842, -36.3345189667038], [174.376579776205, -36.3345128035916], [174.376586486238, -36.3345066287782], [174.376593249422, -36.3345004353228], [174.37660008113, -36.3344942104278], [174.376606944649, -36.3344879572204], [174.376613855036, -36.3344816448776], [174.376620787192, -36.3344753034366], [174.376627753614, -36.3344688831729], [174.376634699159, -36.3344624162732], [174.37664164789, -36.3344558772191], [174.37664857285, -36.3344492537006], [174.37665537989, -36.334442640555], [174.376662390826, -36.3344357744524], [174.376669332645, -36.334428969544], [174.37667626571, -36.3344221737506], [174.37668320646, -36.3344153715581], [174.376690153623, -36.3344085539663], [174.376697075736, -36.3344017691155], [174.376704028736, -36.3343949667807], [174.37671097475, -36.334388147398], [174.376717919553, -36.3343813226201], [174.376724852293, -36.3343745087984], [174.376731773143, -36.334367715847], [174.376738717927, -36.3343608901667], [174.376745653767, -36.3343540627861], [174.376752594937, -36.3343472218217], [174.376759507778, -36.3343404172419], [174.376766452034, -36.3343335618177], [174.376773364524, -36.3343267374089], [174.376780288694, -36.3343198804124], [174.376787210382, -36.3343130090206], [174.376794098267, -36.3343061794854], [174.376800997099, -36.334299339006], [174.376807909808, -36.3342924641106], [174.37681481125, -36.334285582133], [174.376821709048, -36.3342786830691], [174.376828568475, -36.334271819604], [174.376835455115, -36.3342649197664], [174.376842311852, -36.3342580301891], [174.376849168254, -36.3342511216845], [174.376856017893, -36.33424420875], [174.376862855324, -36.3342372986603], [174.376869687981, -36.3342303705958], [174.376876511583, -36.3342234345221], [174.376883321642, -36.334216488688], [174.376890133706, -36.3342095302098], [174.376896921055, -36.334202560297], [174.376903674379, -36.3341956196227], [174.376910470114, -36.3341886198641], [174.376917209402, -36.3341816414893], [174.376924075541, -36.334174527334], [174.376930792555, -36.3341674230099], [174.376937456173, -36.3341601335987], [174.376943938792, -36.334152815623], [174.376950289204, -36.3341454559], [174.376956488251, -36.3341380420299], [174.376962544332, -36.3341306081718], [174.37696846647, -36.3341231605319], [174.376974274748, -36.3341157006817], [174.376979984379, -36.3341082068109], [174.376985569138, -36.3341007080684], [174.376991068155, -36.3340932121166], [174.376996695322, -36.3340854009778], [174.377002239517, -36.334077560145], [174.377007704209, -36.33406969679], [174.377013108034, -36.3340617935702], [174.377018407085, -36.3340538879516], [174.37702365682, -36.3340459657733], [174.377028833386, -36.3340380011675], [174.377033951679, -36.3340300174008], [174.377038991344, -36.3340219975799], [174.377043953287, -36.3340139930779], [174.377048865899, -36.3340059711148], [174.377053725345, -36.3339979037894], [174.377058562087, -36.3339897492833], [174.377063335626, -36.3339814855266], [174.3770679976, -36.3339731500365], [174.377072521303, -36.3339648080266], [174.377076902976, -36.3339564992045], [174.377081175722, -36.3339482051595], [174.377085350916, -36.3339399392826], [174.377089440175, -36.3339317284837], [174.377093475342, -36.3339235462536], [174.377097446868, -36.3339154197461], [174.3771013996, -36.3339073015682], [174.377105393105, -36.3338990945767], [174.37710925473, -36.3338909909705], [174.37711298428, -36.3338827897251], [174.377116565495, -36.333874706478], [174.37712000727, -36.3338667402254], [174.377123380883, -36.3338588892444], [174.377126684533, -36.3338511778953], [174.377129981793, -36.3338436099528], [174.377133267682, -36.3338362188286], [174.377136594886, -36.3338290228462], [174.377140007313, -36.3338219845395], [174.377143499949, -36.3338151355176], [174.377147293098, -36.3338081424037], [174.377151737725, -36.3338001195194], [174.377156235055, -36.3337917994453], [174.377160603848, -36.3337835827181], [174.377164904367, -36.3337754749534], [174.377169150232, -36.3337674904178], [174.377173366648, -36.3337596684853], [174.377177605573, -36.3337519860203], [174.377181866767, -36.3337444926065], [174.377186197092, -36.3337371922108], [174.377190602088, -36.3337300829666], [174.377195122412, -36.3337231959567], [174.377199967909, -36.3337162366875], [174.377204524171, -36.333710125425], [174.377209446232, -36.3337039711834], [174.377214578732, -36.3336980624194], [174.377220070964, -36.333692209006], [174.377225865479, -36.3336864386491], [174.377232031381, -36.3336805630474], [174.377238365578, -36.3336747540172], [174.37724488029, -36.3336690096146], [174.377251586197, -36.3336633035739], [174.377258442322, -36.3336576498896], [174.377265439003, -36.3336520694065], [174.377272616521, -36.3336465084739], [174.377279919622, -36.3336409929697], [174.377287373642, -36.3336355063754], [174.377294888765, -36.3336300731644], [174.377296529716, -36.3336289229115]]}, "properties": {"OBJECTID": 1647, "TRACKNAME": "Oruawharo River Trail", "CONDITIONSOFUSE": "Atiu Regional Park", "STATUS": "Open", "WEBLINK": "https://www.aucklandcouncil.govt.nz/en/parks-recreation/find-park-beach/park-detail/205.html", "VALIDATIONSTATE": 3, "created_user": "AC_owner", "last_edited_user": "AC_owner", "last_edited_date": 1789875254325, "created_date": 1789875254325, "PARK_SAPSITEID": null, "TRACK_ID": null, "KAURIDIEBACK_TRACK": null, "KAURIDIEBACK_MITIGATED": null, "SegmentID": null, "GlobalID": "ce48d095-3f1b-4e2c-b1ce-57481e49d63d", "Shape__Length": 356.4669957127819}}, {"type": "Feature", "id": 2004, "geometry": {"type": "LineString", "coordinates": [[174.368460986791, -36.3263874141647], [174.368399424145, -36.3264147971381], [174.368360379162, -36.326435264011], [174.368230918278, -36.3265153362471], [174.368172859505, -36.326551341193], [174.368077346061, -36.3266131457994], [174.367979839318, -36.3266669789309], [174.36785928705, -36.3267176240437], [174.367758233065, -36.326751583272], [174.367652314151, -36.3267790552374], [174.367539364066, -36.3267941447766], [174.367416662751, -36.3267980233495], [174.367287730923, -36.326793574105], [174.367157084514, -36.3267861884229], [174.36697946877, -36.3267732774987], [174.366843478733, -36.3267661085504], [174.366708497732, -36.3267582833577]]}, "properties": {"OBJECTID": 2004, "TRACKNAME": "Oruawharo River Trail", "CONDITIONSOFUSE": "Atiu Regional Park", "STATUS": "Open", "WEBLINK": "https://www.aucklandcouncil.govt.nz/en/parks-recreation/find-park-beach/park-detail/205.html", "VALIDATIONSTATE": 3, "created_user": "AC_owner", "last_edited_user": "AC_owner", "last_edited_date": 1789875254325, "created_date": 1789875254325, "PARK_SAPSITEID": null, "TRACK_ID": null, "KAURIDIEBACK_TRACK": null, "KAURIDIEBACK_MITIGATED": null, "SegmentID": null, "GlobalID": "fc4ea558-e0d1-4cb8-b152-c78f77dd574b", "Shape__Length": 170.28784188488544}}, {"type": "Feature", "id": 2183, "geometry": {"type": "LineString", "coordinates": [[174.370774724486, -36.3375017272294], [174.370956646905, -36.3375275945904], [174.370968081668, -36.3375287813394], [174.37097887571, -36.3375299015184], [174.3709896264, -36.3375310276026], [174.371000397317, -36.33753216337], [174.371011219429, -36.3375332958445], [174.371021970279, -36.3375344309386], [174.371032766707, -36.3375355601], [174.371043519943, -36.3375367041794], [174.371054303321, -36.3375378515179], [174.371065102294, -36.3375389986765], [174.371075881215, -36.3375401460641], [174.371086664593, -36.3375412933997], [174.371097479337, -36.3375424502905], [174.371108351819, -36.3375435957002], [174.371119185888, -36.3375447108999], [174.371130020771, -36.3375458089614], [174.371140800864, -36.3375468959315], [174.371151496168, -36.3375479766619], [174.37116216728, -36.3375490756982], [174.371172748192, -36.3375501775716], [174.371183258377, -36.3375513127083], [174.371193721262, -36.3375524826427], [174.371204083406, -36.3375536897907], [174.37121438658, -36.3375549652246], [174.371224808177, -36.3375563222334], [174.371235588659, -36.3375577490431], [174.371246432355, -36.3375591589001], [174.371257132315, -36.3375605686026], [174.371267745574, -36.3375619901167], [174.371278246842, -36.3375634426634], [174.371288631742, -36.3375649308003], [174.371298850541, -36.3375664776349], [174.371308930336, -36.3375681035899], [174.371318850232, -36.33756982423], [174.371328623848, -36.3375716538226], [174.371338234759, -36.3375736087824], [174.371347720155, -36.3375757130223], [174.371357185032, -36.3375779815638], [174.371366694004, -36.3375804136652], [174.371376233591, -36.337583003171], [174.371385832252, -36.3375857209077], [174.371395440798, -36.3375885575236], [174.371405109436, -36.33759151695], [174.371414856758, -36.337594579141], [174.37142465323, -36.3375977119829], [174.371434500077, -36.337600921772], [174.371444479545, -36.3376041967465], [174.371454480479, -36.3376074886016], [174.371464592411, -36.337610819748], [174.371474486365, -36.3376140470223], [174.371483474181, -36.3376170674429], [174.371492315419, -36.3376201796917], [174.371501271968, -36.3376234501759], [174.371510375942, -36.337626867709], [174.371519679243, -36.337630405553], [174.371529137508, -36.3376340119319], [174.371538806261, -36.3376376762922], [174.371548718102, -36.3376413513836], [174.371558866923, -36.3376450066261], [174.371569267371, -36.3376485877637], [174.371579944467, -36.3376520602533], [174.371590926702, -36.337655396724], [174.371601913764, -36.337658436556], [174.37161289095, -36.3376612944042], [174.371623755015, -36.3376640552901], [174.371634786155, -36.3376667493516], [174.371646000938, -36.3376693682854], [174.371657456974, -36.3376718934007], [174.371669095964, -36.3376742406288], [174.371680914852, -36.3376764262313], [174.371692990635, -36.3376783934332], [174.371705234314, -36.3376800864639], [174.371717692707, -36.3376815065887], [174.371730401406, -36.3376825866906], [174.371743300453, -36.3376832751727], [174.371755974891, -36.3376835452474], [174.371768530643, -36.3376834011075], [174.371780820339, -36.3376828895182], [174.371792820033, -36.3376821063099], [174.371804627195, -36.337681081915], [174.371816152572, -36.337679873249], [174.371827468455, -36.3376785362744], [174.371838540895, -36.3376771047354], [174.37184936091, -36.3376756382317], [174.371859967101, -36.3376741777879], [174.371870318822, -36.3376727563233], [174.371880447034, -36.3376714239646], [174.371890714582, -36.3376701585167], [174.371901119948, -36.3376688734563], [174.371911735666, -36.3376674480556], [174.371922219593, -36.3376659412323], [174.371932583469, -36.3376643871073], [174.371942803964, -36.3376627895543], [174.371952886245, -36.3376611890801], [174.37196293046, -36.3376595782244], [174.371972831524, -36.3376580005629], [174.371982596073, -36.3376564533148], [174.371992249248, -36.3376549722503], [174.37200194247, -36.3376535511235], [174.372012046469, -36.3376521090528], [174.372022241719, -36.3376506605248], [174.372032398375, -36.3376492349757], [174.372042618417, -36.3376478023876], [174.372052786528, -36.3376463947346], [174.372063007841, -36.3376449711449], [174.372073222849, -36.3376435692619], [174.372083493241, -36.3376421487127], [174.372093701548, -36.3376407460034], [174.37210395214, -36.3376393401033], [174.372114226986, -36.3376379195003], [174.372124477418, -36.3376365045857], [174.372134736746, -36.3376350886665], [174.372145024817, -36.3376336597959], [174.372155283986, -36.3376322348621], [174.372165850875, -36.3376307577147], [174.372176353422, -36.33762929663], [174.372186879314, -36.3376278325721], [174.372197439534, -36.3376263563999], [174.372207948779, -36.3376248961371], [174.37221847911, -36.3376234311238], [174.372229018385, -36.3376219678099], [174.372239587499, -36.3376204906304], [174.372250131055, -36.3376190173493], [174.37226070001, -36.3376175311551], [174.372271236723, -36.3376160489361], [174.372281808861, -36.3376145536889], [174.372292377499, -36.3376130494662], [174.372302961605, -36.3376115378532], [174.372313505592, -36.3376100257986], [174.372324067197, -36.3376085018217], [174.372334612803, -36.3376070185936], [174.372345207519, -36.3376055402092], [174.372355837803, -36.3376040569082], [174.372366456086, -36.3376025881674], [174.372377150917, -36.3376011005173], [174.372387889959, -36.3375995925261], [174.372398685371, -36.3375980586456], [174.372409496987, -36.337596495731], [174.372420315609, -36.3375948876618], [174.372431149336, -36.3375932514726], [174.372442010011, -36.3375915635894], [174.372452905353, -36.3375898194161], [174.372463827452, -36.3375880127334], [174.372474683754, -36.3375861391955], [174.372485026232, -36.3375843193361], [174.372495328321, -36.3375824837134], [174.372505631002, -36.3375806183345], [174.372515953101, -36.3375787166732], [174.372526296942, -36.3375767841113], [174.37253664327, -36.3375748028409], [174.372546998944, -36.3375727826992], [174.37255737033, -36.3375707055838], [174.372567735308, -36.3375685807634], [174.372578099241, -36.3375663964574], [174.372588467636, -36.3375641489966], [174.372598851681, -36.337561840957], [174.372609224308, -36.3375594537186], [174.372619586772, -36.3375569953803], [174.372629977842, -36.3375544528762], [174.372640781984, -36.3375517027963], [174.372651586265, -36.3375488337203], [174.372662339552, -36.337545852546], [174.372673028557, -36.3375427639332], [174.372683673427, -36.3375395730594], [174.372694247315, -36.3375362739228], [174.372704762839, -36.337532887112], [174.372715223072, -36.337529397267], [174.372725625959, -36.3375258143274], [174.372735969131, -36.3375221302073], [174.372746246125, -36.3375183576015], [174.372756306324, -36.3375145487224], [174.372766282712, -36.3375106623777], [174.372776151048, -36.337506714171], [174.372785933772, -36.3375027128591], [174.3727956531, -36.3374986545809], [174.372805276006, -36.3374945622525], [174.372814808284, -36.337490448428], [174.372824266768, -36.3374863201255], [174.372833679262, -36.3374821743214], [174.372843031568, -36.3374780274051], [174.372852313803, -36.3374738876035], [174.372861547385, -36.3374697690937], [174.372870757747, -36.3374656607662], [174.37287996494, -36.3374615623905], [174.372888958714, -36.3374575566128], [174.372898013685, -36.3374534825213], [174.372907040204, -36.3374493745003], [174.372916038429, -36.3374452415627], [174.372925023767, -36.3374410727139], [174.372933998493, -36.3374368706321], [174.372942927006, -36.3374326384308], [174.37295185393, -36.3374283792031], [174.372960771102, -36.3374240723091], [174.372969643256, -36.3374197397892], [174.372978469514, -36.3374153951755], [174.372987607705, -36.3374108576692], [174.37299667705, -36.3374063335738], [174.373005752935, -36.3374018012893], [174.373014804106, -36.3373972575691], [174.373023871686, -36.3373926965318], [174.373032896948, -36.3373881368815], [174.373041939717, -36.3373835590001], [174.373050961177, -36.3373789732497], [174.373059953956, -36.3373744040545], [174.373068972806, -36.3373697966976], [174.373077967052, -36.3373651842139], [174.373086941372, -36.3373605791702], [174.373095910216, -36.3373559795975], [174.373104909681, -36.3373513472196], [174.3731138657, -36.3373467153403], [174.373122797716, -36.337342112583], [174.373131762517, -36.3373374733896], [174.373140709447, -36.3373328316967], [174.373149633456, -36.3373282173103], [174.373158632186, -36.3373235434694], [174.373167596208, -36.3373188601106], [174.373176581939, -36.3373141440488], [174.37318554606, -36.3373094029937], [174.373194483128, -36.3373046442195], [174.373203403264, -36.3372998730186], [174.373212297318, -36.3372950759744], [174.373221146907, -36.3372902848493], [174.37323002048, -36.3372854636995], [174.373238842698, -36.3372806368291], [174.373247646199, -36.3372758227936], [174.373256444704, -36.337270978165], [174.373265195498, -36.3372661449017], [174.373273986859, -36.3372612742115], [174.373282709009, -36.3372563962028], [174.373291405774, -36.3372515320073], [174.373300079002, -36.3372466599684], [174.373308731159, -36.3372417935799], [174.373317373272, -36.3372369264047], [174.373326020749, -36.3372320474482], [174.373334650464, -36.3372271723011], [174.373343229631, -36.3372223373988], [174.373351852882, -36.3372174749452], [174.373360396859, -36.3372126665887], [174.373368992986, -36.3372078459131], [174.373377572782, -36.3372030470598], [174.373386104337, -36.3371982929321], [174.373394668418, -36.3371935510505], [174.373403210915, -36.3371888490809], [174.373411782469, -36.3371841521855], [174.37342037202, -36.3371794649988], [174.373428997312, -36.3371747828094], [174.373437663599, -36.3371700875277], [174.373446309226, -36.3371654213298], [174.373455016506, -36.3371607129551], [174.373463697493, -36.3371560301232], [174.373472445751, -36.3371513077543], [174.373481205835, -36.3371465609092], [174.373489945739, -36.3371418070838], [174.373498668869, -36.3371370498447], [174.373507268198, -36.3371323490174], [174.373515827929, -36.3371276774915], [174.373524401666, -36.3371229787601], [174.373532973158, -36.3371182791524], [174.373541547004, -36.3371135867288], [174.373550141333, -36.3371088553061], [174.373558725905, -36.3371041393198], [174.373567329689, -36.3370993753344], [174.373575897966, -36.3370946198698], [174.373584511267, -36.3370898269268], [174.373593161524, -36.3370849812735], [174.373602415513, -36.3370797455565], [174.373611608096, -36.3370744393289], [174.373620685061, -36.3370691479517], [174.373629672986, -36.3370638621046], [174.373638606372, -36.3370585795883], [174.373647424615, -36.3370533389609], [174.373656207157, -36.3370481591415], [174.373664923666, -36.3370430260553], [174.373673582637, -36.3370379792691], [174.373682224078, -36.3370330129143], [174.373690828301, -36.3370281479509], [174.373699430954, -36.3370233839691], [174.373708002244, -36.3370187375378], [174.373716566072, -36.3370142372291], [174.373725314718, -36.3370097924889], [174.373734116622, -36.3370053985193], [174.373743040778, -36.3370009869172], [174.373751969114, -36.3369966230441], [174.373760851896, -36.3369923300083], [174.373769743773, -36.3369881107875], [174.373778612503, -36.3369839693583], [174.373787497392, -36.3369799232979], [174.373796369301, -36.3369759630254], [174.373805235407, -36.3369721164036], [174.373814111399, -36.336968388661], [174.373822994971, -36.3369647753167], [174.37383188429, -36.3369612989285], [174.373840819221, -36.336957945516], [174.373849747758, -36.3369547355094], [174.373858688039, -36.3369516867295], [174.373867613471, -36.3369488075951], [174.373876650194, -36.336946047977], [174.373885816971, -36.3369433977431], [174.373895125802, -36.336940842332], [174.37390455643, -36.3369383702576], [174.373914110972, -36.3369359751853], [174.37392376699, -36.3369336483582], [174.373933548817, -36.3369313795805], [174.373943454976, -36.3369291481355], [174.373953435164, -36.3369269446854], [174.373963484987, -36.3369247728865], [174.373973654211, -36.3369226114329], [174.373983899121, -36.3369204455023], [174.373994210506, -36.3369182580728], [174.374004590481, -36.3369160428097], [174.374014777003, -36.3369138514053], [174.374024231595, -36.3369118559213], [174.374033580536, -36.3369099986742], [174.374043065266, -36.3369081966573], [174.374052689063, -36.3369064462269], [174.374062438194, -36.3369047268074], [174.374072297925, -36.3369030241445], [174.374082294659, -36.3369013190039], [174.374092368113, -36.336899604867], [174.374102541177, -36.3368978526238], [174.374112831513, -36.3368960530563], [174.374123224087, -36.3368941747862], [174.374133540821, -36.336892228876], [174.374143809083, -36.3368902510696], [174.374153938731, -36.3368883109149], [174.374164164725, -36.3368863371986], [174.374174376125, -36.3368843573391], [174.374184668338, -36.3368823477024], [174.374194942268, -36.3368803121326], [174.374205265772, -36.3368782444404], [174.374215589535, -36.3368761280653], [174.374225939367, -36.336873973528], [174.374236294996, -36.3368717684409], [174.374246668564, -36.3368695063544], [174.374256996765, -36.336867198814], [174.374267588143, -36.3368647773656], [174.374278130142, -36.3368623357505], [174.374288690349, -36.3368598524576], [174.37429927529, -36.3368573183973], [174.374309875895, -36.3368547246591], [174.3743204766, -36.3368520732251], [174.374331105016, -36.3368493502556], [174.374341738706, -36.3368465469941], [174.374352359798, -36.3368436609417], [174.374362985019, -36.3368406928075], [174.374373450914, -36.3368376615994], [174.374383757763, -36.3368346466431], [174.374394066887, -36.3368316343642], [174.374404508499, -36.3368285529505], [174.374415083333, -36.3368253807586], [174.374425758388, -36.3368220785034], [174.374436503316, -36.336818631209], [174.374447344377, -36.3368150115294], [174.374458236015, -36.3368111631963], [174.374469130409, -36.3368070912671], [174.37448007785, -36.3368027410752], [174.374490728672, -36.3367981869572], [174.374500683761, -36.3367937327906], [174.374510494338, -36.3367892343108], [174.374520389672, -36.3367845500548], [174.374530342519, -36.336779651489], [174.374540339707, -36.3367744864799], [174.374550284258, -36.3367690525374], [174.374560183493, -36.3367633225331], [174.374570016348, -36.3367572390155], [174.374579703192, -36.336750772251], [174.374589197221, -36.3367439218765], [174.374598214838, -36.3367368444035], [174.374606398548, -36.3367299928747], [174.374614166354, -36.3367232506998], [174.374621794521, -36.3367164244914], [174.374629259323, -36.336709495592], [174.374636584487, -36.3367024826592], [174.374643734223, -36.3366953779917], [174.374650720605, -36.336688234637], [174.374657572823, -36.3366810017773], [174.374664278988, -36.3366737002832], [174.374670830426, -36.3366663437764], [174.374677261527, -36.336658923748], [174.374683542024, -36.3366514297288], [174.374689668349, -36.3366439122419], [174.374695678872, -36.3366363356887], [174.37470154794, -36.3366286985614], [174.374707466777, -36.3366207868158], [174.374713366157, -36.3366124020242], [174.37471895055, -36.3366036557626], [174.374724028118, -36.3365949171344], [174.374728716401, -36.3365861541378], [174.374733008269, -36.3365774047163], [174.374736976905, -36.3365687121998], [174.374740658722, -36.3365600563372], [174.374744086067, -36.3365515025633], [174.374747315294, -36.3365430240874], [174.374750367168, -36.3365346612365], [174.374753370543, -36.3365262015851], [174.374756330255, -36.3365172862944], [174.374759064718, -36.336508233868], [174.374761541388, -36.3364992213674], [174.374763782832, -36.3364902647596], [174.374765825967, -36.3364813726343], [174.374767690223, -36.3364725727137], [174.374769439191, -36.3364638696746], [174.374771078045, -36.3364552409212], [174.374772650784, -36.3364467174983], [174.374774170585, -36.336438288437], [174.374775712096, -36.3364298266731], [174.374777232593, -36.3364210568496], [174.374778596585, -36.3364121941729], [174.374779835501, -36.3364034420124], [174.374780966531, -36.3363947641119], [174.374782022566, -36.3363861934472], [174.37478302719, -36.3363777405645], [174.374784025537, -36.3363693742946], [174.374785026355, -36.336361148625], [174.374786064878, -36.3363530397121], [174.374787174258, -36.3363450318496], [174.374788389342, -36.3363369524565], [174.37478966929, -36.3363286965314], [174.374790936993, -36.336320314542], [174.374792166785, -36.3363119942883], [174.374793375369, -36.336303798681], [174.374794608134, -36.3362957109713], [174.374795881328, -36.3362877048297], [174.374797200026, -36.3362798153552], [174.374798605651, -36.3362720537901], [174.374800110075, -36.3362643983627], [174.374801729608, -36.3362568894513], [174.374803501363, -36.3362494833585], [174.374805446928, -36.3362420770689], [174.374807570907, -36.3362346155401], [174.374809827531, -36.3362270938898], [174.374812184612, -36.3362196459053], [174.374814651206, -36.3362122795957], [174.374817231064, -36.3362050183558], [174.374819948568, -36.3361978546934], [174.374822808971, -36.3361907705187], [174.374825798726, -36.3361838191741], [174.374828947799, -36.3361769940045], [174.374832264879, -36.3361702822894], [174.374835752338, -36.3361636921148], [174.374839653784, -36.3361568204269], [174.374843798374, -36.3361499630692], [174.374848196488, -36.3361430766519], [174.374852820371, -36.3361361669031], [174.374857659681, -36.3361292159125], [174.374862690692, -36.3361222050222], [174.374867890091, -36.3361151390078], [174.374873224394, -36.3361080146486], [174.374878681205, -36.3361008239741], [174.374882025893, -36.3360964440318]]}, "properties": {"OBJECTID": 2183, "TRACKNAME": "Oruawharo River Trail", "CONDITIONSOFUSE": "Atiu Regional Park", "STATUS": "Open", "WEBLINK": "https://www.aucklandcouncil.govt.nz/en/parks-recreation/find-park-beach/park-detail/205.html", "VALIDATIONSTATE": 3, "created_user": "AC_owner", "last_edited_user": "AC_owner", "last_edited_date": 1789875254325, "created_date": 1789875254325, "PARK_SAPSITEID": null, "TRACK_ID": null, "KAURIDIEBACK_TRACK": null, "KAURIDIEBACK_MITIGATED": null, "SegmentID": null, "GlobalID": "b1e085ee-0314-47c1-b1bb-c36f5b99665b", "Shape__Length": 448.34689185034995}}, {"type": "Feature", "id": 2680, "geometry": {"type": "LineString", "coordinates": [[174.373288633127, -36.3243658115758], [174.373280928754, -36.3243705841327], [174.373272781002, -36.3243754203794], [174.373264478509, -36.3243801358041], [174.373251933482, -36.3243869904817], [174.37323922864, -36.3243936892375], [174.373226380484, -36.3244002201629], [174.373213331808, -36.324406624481], [174.373148422899, -36.3244377740946], [174.373083299801, -36.3244687828008], [174.373018049856, -36.3244996126357], [174.372952684156, -36.3245302607672], [174.372912330984, -36.3245489998025], [174.372871872272, -36.3245675660534], [174.372831300411, -36.324585970425], [174.372790620736, -36.3246041993337], [174.372764464334, -36.3246157455967], [174.372738224474, -36.3246271071103], [174.37271185485, -36.3246383114504], [174.372685509238, -36.3246492973539], [174.372677454462, -36.3246525152596], [174.372669418183, -36.3246555175016], [174.372661293184, -36.3246583521877], [174.37265307377, -36.3246610121715], [174.372644774451, -36.3246634990893], [174.372636385221, -36.3246658139574], [174.372627936087, -36.3246679528253], [174.372619422485, -36.3246699094352], [174.372610854532, -36.3246716890795], [174.372602225327, -36.3246732792172], [174.372593532956, -36.3246746978993], [174.372584808385, -36.3246759321499], [174.372575744805, -36.3246770197482], [174.372562381599, -36.3246785813188], [174.372548711689, -36.324680377186], [174.372535096791, -36.3246823878706], [174.372521533247, -36.3246845953853], [174.372508006927, -36.3246870197246], [174.372494573235, -36.3246896440259], [174.372481189625, -36.3246924561572], [174.372467854408, -36.324695486788], [174.372454609433, -36.3246987083935], [174.372441435861, -36.3247021265989], [174.372428342617, -36.3247057422032], [174.372415323019, -36.3247095552833], [174.372402410513, -36.324713567258], [174.372386809879, -36.3247186603104], [174.372371324804, -36.3247239269186], [174.372355931992, -36.3247293727588], [174.372340618014, -36.3247349943793], [174.372325419002, -36.3247408193109], [174.37231033983, -36.3247468078331], [174.372295352937, -36.3247529764887], [174.372280480677, -36.3247593295285], [174.37226676973, -36.3247653933825], [174.372253152492, -36.3247716553832], [174.372239671785, -36.3247780798818], [174.372226331061, -36.3247846731489], [174.37221309899, -36.3247914274312], [174.372199998292, -36.3247983677088], [174.372187036526, -36.3248054803731], [174.372174162631, -36.3248127759264], [174.372165290343, -36.3248180395998], [174.372156508005, -36.3248235411287], [174.372147940939, -36.3248292484242], [174.372139590361, -36.3248351037786], [174.372131396088, -36.3248411691828], [174.372123436645, -36.3248474121837], [174.372115671667, -36.3248538179199], [174.372108140406, -36.3248604012658], [174.37210081696, -36.3248671462923], [174.372093733835, -36.3248740643455], [174.372086892516, -36.3248811130392], [174.372080285727, -36.3248883222055], [174.372074141497, -36.3248954178846], [174.372067659145, -36.3249029258103], [174.372061180274, -36.3249100604881], [174.372054494139, -36.3249170650293], [174.372047592927, -36.3249239386222], [174.372040500936, -36.3249306692687], [174.37203319608, -36.32493726804], [174.372025698234, -36.3249437247917], [174.372018020462, -36.3249500222458], [174.372010170578, -36.3249561612141], [174.372002099685, -36.3249621485683], [174.371993865858, -36.3249679926561], [174.371985480592, -36.3249736500753], [174.371976847039, -36.3249791886461], [174.371961437613, -36.3249887110632], [174.371945811598, -36.3249980800109], [174.3719300332, -36.3250072722153], [174.371914074465, -36.325016281687], [174.371897975551, -36.3250251115708], [174.371881732929, -36.3250337510895], [174.371865321043, -36.3250422041423], [174.371848774627, -36.3250504820496], [174.371832083247, -36.3250585614928], [174.371815250417, -36.3250664523477], [174.371797417361, -36.3250745439898], [174.371779446323, -36.3250824542152], [174.371761356941, -36.3250901593602], [174.371743130501, -36.3250976722601], [174.371724793546, -36.3251049817927], [174.371706327189, -36.325112090879], [174.371687753815, -36.3251190055723], [174.371669054191, -36.3251257089654], [174.371650243174, -36.325132222523], [174.371631317203, -36.3251385336654], [174.371607427771, -36.3251462179139], [174.371583419181, -36.3251537142171], [174.371559311212, -36.3251610070229], [174.371535128321, -36.3251680933461], [174.371510842537, -36.325174966296], [174.371486469675, -36.3251816383116], [174.371462169333, -36.3251880624879], [174.371454851354, -36.3251898484392], [174.371447643239, -36.3251914194814], [174.371440378043, -36.3251927847421], [174.371433051644, -36.3251939631995], [174.371425671743, -36.3251949493563], [174.371418288398, -36.3251957390323], [174.371410711148, -36.325196334413], [174.371388984505, -36.3251976898359], [174.371367094631, -36.3251988848637], [174.371345198618, -36.3251999203983], [174.371323262721, -36.3252007778958], [174.371283685219, -36.325202093835], [174.37124409375, -36.3252032485586], [174.37120447686, -36.3252042241687], [174.37116483932, -36.3252050386399], [174.371132590979, -36.325205588027], [174.371100339328, -36.3252060121395], [174.371068084983, -36.3252063461274], [174.371053705261, -36.3252064227559], [174.371039332427, -36.3252063839159], [174.371025135032, -36.3252062484073], [174.3710180074, -36.3252060552296], [174.371011091386, -36.3252056685126], [174.371004140663, -36.3252050811661], [174.370997225735, -36.325204311312], [174.370990421115, -36.3252033517854], [174.370983609427, -36.3252021795931], [174.370976777685, -36.3252008165193], [174.370967568139, -36.3251987279973], [174.370958348089, -36.3251964214399], [174.370949209279, -36.3251939192328], [174.370940160777, -36.3251912302867], [174.370931221233, -36.3251883381612], [174.370922340669, -36.3251852515429], [174.370913559307, -36.3251819771821], [174.370904213131, -36.3251782576645], [174.370894904929, -36.3251743529097], [174.370885727828, -36.3251703006125], [174.370876668177, -36.3251660847031], [174.370867713566, -36.3251616963092], [174.370858883405, -36.3251571622523], [174.370850186382, -36.3251524698122], [174.37084160692, -36.3251476200689], [174.370833164049, -36.3251426182131], [174.370824869269, -36.3251374848467], [174.370816521371, -36.3251320537032], [174.37080208431, -36.3251226240805], [174.37078733037, -36.3251132296422], [174.370772421991, -36.3251039857155], [174.370757350358, -36.3250948978104], [174.370742143584, -36.3250859809294], [174.370726803692, -36.3250772233301], [174.370711295996, -36.3250686163956], [174.370695674668, -36.3250602000706], [174.37067991677, -36.3250519367564], [174.370664015776, -36.3250438355425], [174.370648039163, -36.3250359326153], [174.370602867269, -36.3250140447065], [174.370557600154, -36.3249923796335], [174.370512206095, -36.3249709071099], [174.370466655943, -36.3249496166523], [174.370420975647, -36.3249285268939], [174.370375111128, -36.3249076032972], [174.370359041686, -36.3249004396971], [174.370342753676, -36.3248934543872], [174.370326373544, -36.3248866792719], [174.370309857504, -36.324880095021], [174.370293211533, -36.3248737250039], [174.370276484515, -36.3248675614484], [174.370254411991, -36.3248597211511], [174.370232279678, -36.3248520924787], [174.370210032872, -36.3248446688465], [174.370187703669, -36.3248374381675], [174.3701652296, -36.324830395749], [174.370148551791, -36.3248253872929], [174.370131759155, -36.3248205649519], [174.370114881314, -36.3248159662479], [174.370097934502, -36.3248115639507], [174.370080921341, -36.3248073805669], [174.370068091789, -36.324804367102], [174.370055256556, -36.3248014744976], [174.370042367321, -36.3247986789679], [174.370032930848, -36.324796732702], [174.370023421612, -36.3247948936427], [174.370013806025, -36.3247931522588], [174.370004501842, -36.3247916353758], [174.369995061951, -36.324790321075], [174.369985583366, -36.3247892145546], [174.36997604279, -36.3247883214906], [174.369966527384, -36.32478765711], [174.369954662703, -36.3247870683384], [174.369942830689, -36.3247866910361], [174.369930976717, -36.3247865231248], [174.369919141044, -36.3247865731578], [174.369907289922, -36.3247868225911], [174.369896391344, -36.3247872657377], [174.369885532446, -36.3247879392042], [174.369874693947, -36.3247888233794], [174.369863874954, -36.324789930894], [174.36985311103, -36.3247912568332], [174.369843027636, -36.3247927020779], [174.369832921724, -36.3247943882717], [174.369822927684, -36.3247962922391], [174.369813004163, -36.3247984063409], [174.369803196733, -36.3248007246459], [174.369792076351, -36.3248035799489], [174.369781078079, -36.3248066015243], [174.369770169634, -36.3248097906436], [174.369759267984, -36.3248131771055], [174.369751777426, -36.3248156689771], [174.36974429958, -36.3248183779561], [174.369736960521, -36.3248212512142], [174.369729750035, -36.3248242780506], [174.369722801693, -36.324827388423], [174.369716007645, -36.3248305943852], [174.369709336753, -36.3248338989983], [174.369701376701, -36.3248380179884], [174.369693524368, -36.324842244821], [174.369685671706, -36.3248466438372], [174.369680569009, -36.3248496735573], [174.369675493478, -36.3248529824209], [174.369670742979, -36.3248563398442], [174.36966272839, -36.3248623714702], [174.369655017986, -36.3248684699239], [174.369647306413, -36.3248748199], [174.369644141938, -36.3248776480131], [174.369641076107, -36.3248808292724], [174.369638250199, -36.3248841610316], [174.369635751935, -36.3248876269603], [174.369633525983, -36.3248911844221], [174.369631647465, -36.324894797399], [174.369629467592, -36.3248997146478], [174.369627579247, -36.3249045483248], [174.369625936979, -36.3249094386785], [174.369624520757, -36.3249143868398], [174.369623492217, -36.3249188257362], [174.369512050925, -36.325008238471], [174.369352267417, -36.3252614121822], [174.369273438285, -36.3253593295703], [174.36914302749, -36.3254751794029], [174.368912730456, -36.3258146844082], [174.368855841641, -36.3259074606403], [174.368804383142, -36.3259974684413], [174.368747686007, -36.3260918551522], [174.36872622544, -36.32613754574], [174.368704075206, -36.3262012582537], [174.368673629402, -36.3262601753074], [174.368650658267, -36.3262854937829], [174.368603628339, -36.3263156672376], [174.368535991346, -36.3263526952357], [174.368460986791, -36.3263874141647]]}, "properties": {"OBJECTID": 2680, "TRACKNAME": "Oruawharo River Trail", "CONDITIONSOFUSE": "Atiu Regional Park", "STATUS": "Open", "WEBLINK": "https://www.aucklandcouncil.govt.nz/en/parks-recreation/find-park-beach/park-detail/205.html", "VALIDATIONSTATE": 3, "created_user": "AC_owner", "last_edited_user": "AC_owner", "last_edited_date": 1789875254325, "created_date": 1789875254325, "PARK_SAPSITEID": null, "TRACK_ID": null, "KAURIDIEBACK_TRACK": null, "KAURIDIEBACK_MITIGATED": null, "SegmentID": null, "GlobalID": "275cddd7-aeb2-4fcf-838d-ac4907bc5f29", "Shape__Length": 569.9275977627045}}]}