{"type": "FeatureCollection", "features": [{"type": "Feature", "id": 1185, "geometry": {"type": "LineString", "coordinates": [[174.479091582804, -36.9014691199625], [174.479131063696, -36.9014584879132], [174.479152789778, -36.9014531246244], [174.479173587316, -36.9014479171137], [174.479193467882, -36.9014428832649], [174.479212419906, -36.9014380051952], [174.479230454957, -36.9014333007883], [174.479247572687, -36.9014287520216], [174.479263762051, -36.9014243680467], [174.479279023222, -36.9014201578755], [174.479293367074, -36.9014161033457], [174.47930679378, -36.9014122134689], [174.479319292295, -36.9014084973969], [174.479330862269, -36.9014049371069], [174.47934152632, -36.9014015413311], [174.479351250785, -36.901398310489], [174.479360069327, -36.9013952441617], [174.479367948457, -36.9013923517801], [174.479374921489, -36.901389614902], [174.479380966158, -36.9013870428187], [174.479386082461, -36.9013846355303], [174.479390504297, -36.9013822999867], [174.4793948662, -36.9013797668871], [174.479399223927, -36.9013770175098], [174.479403566082, -36.9013740429829], [174.479407915457, -36.9013708610501], [174.479412238039, -36.9013674541074], [174.479416556619, -36.9013638398986], [174.479420870848, -36.9013600004004], [174.47942516968, -36.9013559447643], [174.479429464162, -36.9013516638388], [174.47943374342, -36.9013471757869], [174.479438018501, -36.9013424714572], [174.479442289232, -36.9013375418383], [174.479446544566, -36.9013323960813], [174.479450784676, -36.9013270431979], [174.479455020435, -36.9013214650252], [174.479459251844, -36.9013156615632], [174.479463468029, -36.9013096509748], [174.479467668816, -36.9013034242484], [174.479471876473, -36.9012969720929], [174.479476069081, -36.9012903218226], [174.47948036163, -36.901283616225], [174.479484754817, -36.9012768913463], [174.479489271258, -36.9012701559187], [174.479493899383, -36.9012633920587], [174.47949863954, -36.9012566177894], [174.479503491556, -36.9012498240993], [174.47950845543, -36.9012430109884], [174.479513531162, -36.9012361784566], [174.479518718753, -36.9012293265039], [174.479524018376, -36.9012224641419], [174.479529429858, -36.901215582359], [174.479534953197, -36.9012086811552], [174.479540599616, -36.9012017603907], [174.479546346672, -36.901194820345], [174.479552205586, -36.9011878608783], [174.479558187753, -36.9011808908625], [174.479564270557, -36.9011739015654], [174.479570476266, -36.901166883696], [174.479576794006, -36.9011598554171], [174.479583212558, -36.9011528168686], [174.479589719657, -36.9011457141206], [174.479596292512, -36.9011385294297], [174.479602920077, -36.901131271947], [174.4796096134, -36.9011239325214], [174.479616361258, -36.9011165112924], [174.479623174873, -36.9011090081205], [174.479630043198, -36.9011014321568], [174.479636965884, -36.9010937653782], [174.479643965722, -36.9010860255284], [174.479651008876, -36.9010782040151], [174.479658129006, -36.9010703004189], [174.479665303847, -36.9010623240309], [174.479672533048, -36.901054256828], [174.479679828181, -36.9010461166936], [174.479687177849, -36.9010378947558], [174.479694593273, -36.9010295908748], [174.479702063233, -36.9010212051905], [174.479709599123, -36.9010127465745], [174.479717189375, -36.9010041971436], [174.479724845556, -36.9009955747811], [174.47973245755, -36.9009869890235], [174.4797397725, -36.9009787134325], [174.479746779361, -36.9009707571596], [174.479753500575, -36.9009631199253], [174.479759913525, -36.9009557929975], [174.479766040828, -36.9009487851084], [174.479771848821, -36.9009420966774], [174.479777371168, -36.9009357272851], [174.479782585252, -36.9009296681995], [174.479787502468, -36.9009239282926], [174.479792122817, -36.9009185075642], [174.479796446298, -36.9009134060146], [174.479800461692, -36.9009086237834], [174.479804191265, -36.9009041515796], [174.47980760153, -36.9008999988341], [174.479810726148, -36.9008961651276], [174.4798135539, -36.9008926505999], [174.47981607339, -36.9008894463792], [174.479818296014, -36.9008865613374], [174.47982021055, -36.9008839956142], [174.479821881538, -36.9008816041859], [174.479823582267, -36.9008784281922], [174.479825376753, -36.9008742955747], [174.479827264649, -36.9008691883103], [174.479829235081, -36.9008631245619], [174.479831299096, -36.900856095178], [174.479833456695, -36.9008481001587], [174.47983569683, -36.9008391486555], [174.479838030548, -36.9008292315168], [174.479840457848, -36.9008183487427], [174.479842967511, -36.9008065004729], [174.479845582151, -36.9007936954395], [174.479848279153, -36.9007799249105], [174.479851058516, -36.9007651888857], [174.479853942857, -36.9007494960973], [174.479856898338, -36.9007328379531], [174.479859958621, -36.9007152140335], [174.479863112486, -36.9006966244784], [174.479866348886, -36.9006770784392], [174.479869678868, -36.9006565667645], [174.479873091732, -36.9006351166288], [174.479876610802, -36.9006139355818], [174.479880214947, -36.9005936728757], [174.479883937656, -36.9005743190795], [174.479887745614, -36.9005558926358], [174.479891660914, -36.9005383752418], [174.479895672511, -36.900521776049], [174.479899780404, -36.9005060950572], [174.479903995813, -36.9004913321266], [174.479908296299, -36.900477487537], [174.479912704301, -36.9004645610086], [174.479917219647, -36.9004525435299], [174.479921820243, -36.9004414534036], [174.479926528182, -36.900431272327], [174.479931343638, -36.9004220093116], [174.479936244171, -36.9004136646371], [174.479941252221, -36.9004062380237], [174.479946356569, -36.9003997296114], [174.47995155704, -36.9003941303884], [174.479956865203, -36.9003894582382], [174.47996225827, -36.9003856954172], [174.479967650907, -36.9003824914528], [174.479972817913, -36.9003792272031], [174.479977759288, -36.9003759026681], [174.479982497474, -36.9003725175683], [174.479986998809, -36.900369072323], [174.479991296779, -36.9003655575013], [174.479995369119, -36.9003619823945], [174.479999215829, -36.9003583470025], [174.480002859175, -36.9003546420341], [174.480006265669, -36.9003508769205], [174.480009468975, -36.9003470512421], [174.480012446649, -36.9003431652786], [174.48001520974, -36.9003392098787], [174.4800177472, -36.9003351941938], [174.48002007025, -36.9003311180839], [174.480022167495, -36.9003269726775], [174.480024050331, -36.9003227668463], [174.480025718757, -36.9003185005902], [174.480027161552, -36.9003141740492], [174.480028389764, -36.9003097780717], [174.480029481762, -36.9003053026678], [174.480030918464, -36.9003006607219], [174.480032755452, -36.9002958245003], [174.480034981853, -36.900290812166], [174.480037608713, -36.9002856145675], [174.480040624638, -36.9002802228331], [174.480044029975, -36.9002746549859], [174.480047835772, -36.9002689018744], [174.480052042027, -36.9002629634987], [174.48005663752, -36.9002568399985], [174.480061633473, -36.9002505312339], [174.480067018662, -36.9002440373447], [174.480072804311, -36.9002373581911], [174.480078979371, -36.9002305029244], [174.480085543494, -36.9002234535213], [174.480092519296, -36.9002162187138], [174.480099873289, -36.9002088079328], [174.480107638785, -36.9002012027357], [174.480115782472, -36.9001934215649], [174.480124337837, -36.9001854549894], [174.480133260345, -36.9001773215915], [174.480142390392, -36.9001694740464], [174.480151619254, -36.9001620939836], [174.480160969198, -36.9001551721119], [174.480170418131, -36.9001487267339], [174.4801799771, -36.9001427486983], [174.480189657325, -36.9001372378652], [174.480199436367, -36.9001321945142], [174.480209336665, -36.9001276183657], [174.480219335605, -36.9001235006877], [174.480229444755, -36.9001198593635], [174.480239675163, -36.9001166852416], [174.480250004387, -36.9001139786017], [174.480260454869, -36.9001117391641], [174.480271015215, -36.9001099580571], [174.480281674551, -36.9001086534434], [174.480292455145, -36.900107816032], [174.480303334557, -36.9001074461024], [174.480314335053, -36.9001075343634], [174.480325445762, -36.9001080989778], [174.480336655289, -36.900109131074], [174.480347935273, -36.9001103245383], [174.480359233868, -36.9001113194674], [174.480370551074, -36.9001121158613], [174.480381875496, -36.9001127048484], [174.480393207309, -36.9001130954401], [174.480404557733, -36.9001132874967], [174.480415926593, -36.9001132720065], [174.480427302843, -36.9001130581209], [174.480438697703, -36.9001126457002], [174.480450099779, -36.9001120258726], [174.480461520466, -36.9001112075098], [174.480472959763, -36.9001101906118], [174.480484406275, -36.9001089663069], [174.480495860177, -36.9001075436066], [174.480507332514, -36.9001059133596], [174.480518823636, -36.9001040935889], [174.480530321798, -36.9001020573998], [174.480541838744, -36.9000998316871], [174.480553362905, -36.9000973985674], [174.480564905676, -36.9000947669125], [174.480576367464, -36.9000920100735], [174.480587394958, -36.9000894299074], [174.480597966414, -36.9000870627401], [174.480608070263, -36.9000848906886], [174.480617729121, -36.9000829224848], [174.480626920371, -36.9000811493969], [174.480635655584, -36.9000795893084], [174.480643934411, -36.9000782241962], [174.4806517572, -36.9000770720835], [174.480659112383, -36.9000761150871], [174.480666011181, -36.9000753530674], [174.480672453941, -36.9000748040474], [174.480678429268, -36.9000744591555], [174.480683959431, -36.9000743091006], [174.480689022163, -36.900074363174], [174.480693628682, -36.9000746212358], [174.48069776777, -36.9000750834261], [174.480701461868, -36.900075749465], [174.480704688359, -36.9000766106209], [174.480707458813, -36.900077684777], [174.480709817765, -36.9000789533508], [174.480712303625, -36.9000804006172], [174.480715095749, -36.9000820153271], [174.480718194311, -36.9000838064918], [174.480721587916, -36.9000857652397], [174.480725287959, -36.9000879004424], [174.480729294092, -36.9000901940768], [174.480733595616, -36.9000926733175], [174.480738203405, -36.9000953200013], [174.480743117457, -36.9000981341282], [174.480748326554, -36.9001011158381], [174.480753842088, -36.9001042740027], [174.480759664061, -36.9001076086218], [174.480765792298, -36.9001111106839], [174.48077221558, -36.9001147803287], [174.480778933905, -36.9001186175564], [174.480785969889, -36.9001226310985], [174.480793301092, -36.9001268212348], [174.48080093856, -36.9001311788138], [174.480808871071, -36.9001357039753], [174.480817121069, -36.9001403964396], [174.480825346536, -36.9001449810442], [174.480833306791, -36.9001491993912], [174.480840979218, -36.900153042749], [174.480848375386, -36.9001565290007], [174.480855494772, -36.9001596311118], [174.480862337898, -36.9001623761171], [174.480868893371, -36.9001647551448], [174.480875172235, -36.9001667590435], [174.480881174665, -36.900168396825], [174.480886900661, -36.9001696684892], [174.480892338828, -36.9001705651645], [174.480897500561, -36.9001710957226], [174.480902386033, -36.9001712691751], [174.480906983502, -36.9001710586273], [174.480911315932, -36.900170490834], [174.480915360532, -36.9001695480521], [174.480919128872, -36.9001682481647], [174.480922609208, -36.9001665642771], [174.480925813283, -36.9001645232841], [174.480928740924, -36.9001621161741], [174.480931506426, -36.9001594496872], [174.480934385701, -36.9001568629053], [174.48093740119, -36.9001543555489], [174.480940553067, -36.9001519366294], [174.480943852379, -36.9001495969954], [174.480947288079, -36.9001473457984], [174.480950848947, -36.9001451831781], [174.480954557424, -36.9001431088548], [174.480958402114, -36.9001411139568], [174.480962383193, -36.9001392074957], [174.48096650066, -36.9001373894714], [174.480970765562, -36.9001356507325], [174.480975155631, -36.9001340005704], [174.480979693309, -36.9001324387051], [174.480984367376, -36.9001309652766], [174.480989177656, -36.9001295712734], [174.480994124325, -36.9001282657069], [174.480999207208, -36.9001270395656], [174.481004426653, -36.9001259108725], [174.481009782313, -36.9001248616047], [174.481015251397, -36.9001238740186], [174.481020505201, -36.9001227809514], [174.481025486749, -36.9001215380449], [174.481030184823, -36.9001201454389], [174.481034621863, -36.9001186028538], [174.481038775427, -36.9001169105692], [174.481042656737, -36.9001150684455], [174.481046254572, -36.9001130766224], [174.481049591372, -36.9001109348202], [174.481052644698, -36.9001086433188], [174.481055425769, -36.9001062019782], [174.481057934585, -36.9001036107985], [174.481060159926, -36.9001008699196], [174.481062113013, -36.9000979792016], [174.481063794019, -36.9000949476561], [174.481065202597, -36.9000917572599], [174.481066327699, -36.9000884171646], [174.481067180547, -36.9000849272302], [174.481067761141, -36.9000812874568], [174.481068069654, -36.9000775068559], [174.481068094519, -36.9000735675443], [174.481068007599, -36.9000690707749], [174.481067905176, -36.9000637719764], [174.481067787076, -36.9000576621375], [174.481067653473, -36.9000507502695], [174.48106750402, -36.9000430183493], [174.481067339063, -36.9000344844001], [174.48106715843, -36.9000251394104], [174.481066962294, -36.9000149923916], [174.481066750481, -36.9000040343321], [174.481066522992, -36.8999922652321], [174.481066279825, -36.8999796850915], [174.481066020982, -36.8999662939103], [174.481065746636, -36.8999521007], [174.481065456614, -36.8999370964491], [174.481065150915, -36.8999212811575], [174.481064829714, -36.8999046638369], [174.481064492836, -36.8998872354756], [174.481064140281, -36.8998689960737], [174.48106377205, -36.8998499456311], [174.481063388317, -36.8998300931594], [174.481063054241, -36.8998099065603], [174.481062889447, -36.899790348812], [174.48106289428, -36.8997714379377], [174.481063091358, -36.8997531826689], [174.481063447192, -36.8997355924372], [174.481063995095, -36.8997186487995], [174.481064701406, -36.8997023521757], [174.481065600134, -36.8996867201692], [174.48106666849, -36.8996717350366], [174.481067906649, -36.8996574057895], [174.481069325655, -36.8996437232764], [174.481070925858, -36.8996307055205], [174.481072695689, -36.8996183346385], [174.481074646542, -36.8996066195022], [174.481076767197, -36.8995955602513], [174.481079068699, -36.8995851477345], [174.481081540178, -36.8995754001147], [174.481084192505, -36.8995662992289], [174.481087014459, -36.899557845217], [174.481090017609, -36.8995500559623], [174.481093109231, -36.8995427793872], [174.481095758377, -36.8995352559443], [174.481097883543, -36.8995273334163], [174.481099496297, -36.8995190296865], [174.481100574024, -36.8995103360231], [174.4811011169, -36.8995012614376], [174.48110114719, -36.8994917966388], [174.481100653675, -36.8994819417665], [174.481099636529, -36.8994717058322], [174.481098084358, -36.8994610799643], [174.481096019602, -36.899450063883], [174.481093419996, -36.8994386668795], [174.481090296585, -36.8994268798024], [174.481086660591, -36.8994147025117], [174.481082489747, -36.8994021442988], [174.4810777951, -36.899389196012], [174.48107257665, -36.8993758576514], [174.481066834572, -36.8993621382284], [174.481060568691, -36.8993480287314], [174.481053767788, -36.8993335293], [174.481046477268, -36.8993186664095], [174.481039291218, -36.8993039824907], [174.48103251799, -36.899289753125], [174.481026168803, -36.8992759781727], [174.481020243658, -36.8992626576338], [174.481014720113, -36.8992497917881], [174.481009620434, -36.8992373713444], [174.481004944969, -36.8992254143259], [174.481000682324, -36.899213911861], [174.480996832325, -36.8992028549381], [174.480993406539, -36.8991922614406], [174.480990393397, -36.8991821134852], [174.480987793249, -36.8991724290951], [174.480985616965, -36.8991631901074], [174.480983853499, -36.8991544056734], [174.480982503025, -36.8991460848049], [174.480981576416, -36.8991382093387], [174.480981073845, -36.8991307882866], [174.480980972871, -36.8991238219282], [174.480981295934, -36.8991173099838], [174.480982043036, -36.8991112524534], [174.480982930878, -36.8991055086491], [174.480983585356, -36.8990998849327], [174.480984006122, -36.8990943632811], [174.480984171082, -36.8990889619971], [174.480984102504, -36.8990836717896], [174.480983778121, -36.8990785019497], [174.480983220025, -36.8990734341746], [174.480982428391, -36.8990684774758], [174.480981380953, -36.8990636411447], [174.480980088756, -36.8990589160298], [174.480978562846, -36.8990542929797], [174.480976792353, -36.8990497901573], [174.4809747771, -36.8990453985511], [174.480972517264, -36.8990411271726], [174.480970012495, -36.8990369579987], [174.480967274188, -36.8990328999011], [174.480964280077, -36.8990289621711], [174.480961052427, -36.8990251355172], [174.480957579846, -36.8990214110679], [174.48095386268, -36.8990178068462], [174.480949977905, -36.8990142407689], [174.480946221854, -36.8990103666197], [174.480942616096, -36.899006139061], [174.48093918342, -36.8990015758363], [174.480935912432, -36.8989966680738], [174.480932803133, -36.8989914157735], [174.480929855695, -36.8989858279471], [174.480927069771, -36.8989798865714], [174.480924456756, -36.8989736005182], [174.480921994208, -36.8989669700671], [174.480919693522, -36.8989600040899], [174.480917565571, -36.8989526844235], [174.480915588261, -36.8989450293709], [174.480913783859, -36.8989370296408], [174.480912140971, -36.8989286763615], [174.480910659946, -36.8989199875561], [174.480909340608, -36.8989109542131], [174.480908182958, -36.8989015763324], [174.480907186995, -36.898891853914], [174.480906352721, -36.898881786958], [174.480905680482, -36.8988713934876], [174.480905195158, -36.8988607993848], [174.480904909363, -36.8988500766022], [174.480904823096, -36.89883922514], [174.480904924964, -36.8988282361264], [174.480905226185, -36.8988171094215], [174.480905715714, -36.8988058541768], [174.480906404771, -36.8987944702523], [174.480907293008, -36.8987829396251], [174.480908369727, -36.8987712894695], [174.480909645799, -36.8987595016227], [174.480911110005, -36.8987475762245], [174.480912773738, -36.8987355221466], [174.480914636825, -36.8987233303773], [174.480916688219, -36.8987110100682], [174.480918938966, -36.8986985520678], [174.480921389066, -36.898685956376], [174.480924027647, -36.898673241156], [174.480926854186, -36.8986603793729], [174.480929891473, -36.8986473887701], [174.480933117066, -36.8986342696274], [174.480936568284, -36.898621210768], [174.480940294188, -36.8986084279099], [174.480944294952, -36.8985959300646], [174.480948559355, -36.898583717372], [174.480953098444, -36.8985717806806], [174.480957901173, -36.8985601291419], [174.480962978587, -36.8985487536043], [174.480968330861, -36.8985376630795], [174.480973946774, -36.8985268577072], [174.480979837372, -36.8985163283359], [174.48098599161, -36.8985060841172], [174.480992420532, -36.8984961158994], [174.480999124314, -36.8984864326941], [174.481006091561, -36.8984770256296], [174.481013333667, -36.8984679035775], [174.481020839238, -36.8984590576662], [174.481028619669, -36.8984504967671], [174.481036674958, -36.8984422208803], [174.481044993712, -36.8984342211341], [174.481053587151, -36.8984264973884], [174.481062442836, -36.8984189867023], [174.481071577633, -36.8984114004257], [174.481080969102, -36.8984037388384], [174.481090617069, -36.8983959929287], [174.481100543973, -36.8983881624169], [174.481110727374, -36.8983802475826], [174.481121178493, -36.898372248286], [174.481131897503, -36.8983641735384], [174.48114287301, -36.8983560144681], [174.481154116234, -36.8983477709353], [174.481165627175, -36.8983394429397], [174.481177406007, -36.8983310394929], [174.481189452381, -36.8983225425718], [174.481201755425, -36.8983139703391], [174.481214326186, -36.8983053136435], [174.481227164664, -36.8982965724847], [174.481240259637, -36.8982877470027], [174.48125363372, -36.8982788459291], [174.481267264125, -36.8982698515205], [174.481281151199, -36.8982607818], [174.481295306512, -36.8982516546506], [174.481309532104, -36.8982426798567], [174.481323784663, -36.8982339390819], [174.481338086454, -36.898225423035], [174.481352403819, -36.8982171321355], [174.48136677059, -36.8982090749754], [174.481381163981, -36.8982012338113], [174.481395595558, -36.8981936265264], [174.481410053755, -36.8981862352374], [174.481424550139, -36.8981790778276], [174.481439084537, -36.8981721452854], [174.481453645728, -36.8981654377507], [174.481468233887, -36.8981589642351], [174.481482871106, -36.8981527064355], [174.481497535293, -36.8981466826549], [174.481512226274, -36.8981408838818], [174.481526966489, -36.8981353098362], [174.481541722278, -36.898129960938], [174.481556527302, -36.8981248367674], [174.48157135912, -36.8981199376041], [174.481586229128, -36.8981152723198], [174.481600981809, -36.8981109239777], [174.481615540016, -36.89810696565], [174.481629870262, -36.8981034067681], [174.481643994815, -36.8981002380406], [174.481657913675, -36.8980974594676], [174.481671604575, -36.8980950803407], [174.481685101002, -36.8980930912284], [174.481698369296, -36.8980914925507], [174.481711432072, -36.8980902930393], [174.481724277935, -36.8980894838228], [174.481736918106, -36.8980890647611], [174.481749341539, -36.8980890450059], [174.481761559454, -36.8980894244173], [174.481773560283, -36.8980901851122], [174.481785344375, -36.8980913451137], [174.481796922776, -36.8980928952705], [174.48180828444, -36.898094844734], [174.481819440413, -36.8980971843528], [174.481830379475, -36.898099914267], [174.4818411018, -36.8981030434881], [174.481851568848, -36.8981063201124], [174.481861679705, -36.8981091685197], [174.481871433847, -36.8981115616753], [174.481880820053, -36.8981134997195], [174.481889838498, -36.8981149916639], [174.481898500053, -36.8981160193453], [174.481906804892, -36.8981165917755], [174.481914741969, -36.8981167181061], [174.481922310936, -36.898116380314], [174.481929523361, -36.8981155962825], [174.481936378896, -36.8981143479885], [174.481942855447, -36.8981126537351], [174.481948986503, -36.898110504091], [174.481954738402, -36.8981078994761], [174.481960144804, -36.8981048394704], [174.481965172049, -36.8981013244941], [174.481969853798, -36.8980973541272], [174.481974156389, -36.8980929287897], [174.481978102264, -36.8980880482017], [174.481981691422, -36.8980827123632], [174.481984947175, -36.898076966052], [174.481988089157, -36.8980711400366], [174.481991196955, -36.8980652874063], [174.481994236908, -36.8980594085811], [174.481997220585, -36.8980535214441], [174.482000147463, -36.8980475989607], [174.482003029285, -36.8980416680256], [174.482005854483, -36.8980357107557], [174.482008623056, -36.8980297271508], [174.48201133518, -36.8980237262227], [174.482013990853, -36.8980177079714], [174.482016589901, -36.8980116633851], [174.48201914372, -36.8980056013356], [174.482021640914, -36.8979995129513], [174.482024081658, -36.8979934072437], [174.482026454732, -36.8979872843528], [174.482028793622, -36.8979811348471], [174.482031064667, -36.8979749591466], [174.482033279436, -36.8979687751344], [174.482035448801, -36.8979625646474], [174.482037550322, -36.8979563279655], [174.482039470576, -36.8979500034077], [174.482041118929, -36.897943547036], [174.482042495383, -36.8979369588504], [174.482043599936, -36.8979302388509], [174.48204443259, -36.8979233870376], [174.482045004564, -36.8979164032704], [174.482045304638, -36.8979092876893], [174.482045332812, -36.8979020402944], [174.482045089261, -36.8978946700971], [174.482044573636, -36.8978871590744], [174.482043797506, -36.8978795251094], [174.482042738082, -36.897871750459], [174.482041418153, -36.8978638528662], [174.482039826151, -36.897855814448], [174.482037962424, -36.8978476532273], [174.482035838018, -36.8978393600528], [174.482033430493, -36.8978309352043], [174.482030762115, -36.8978223693903], [174.482027822013, -36.8978136807738], [174.482024610012, -36.8978048603434], [174.48202122814, -36.8977959609084], [174.482017823828, -36.8977870617532], [174.482014419692, -36.8977781716096], [174.48201099329, -36.8977692907573], [174.482007566889, -36.8977604099048], [174.482004118223, -36.8977515383438], [174.482000669906, -36.8977426848057], [174.481997210196, -36.8977338223959], [174.481993739615, -36.8977249781491], [174.481990269034, -36.8977161339022], [174.481986776363, -36.8977073079582], [174.481983272472, -36.897698482154], [174.481979768582, -36.8976896563498], [174.481976253822, -36.8976808487085], [174.481972716621, -36.8976720413469], [174.481969179596, -36.8976632429969], [174.481965631526, -36.8976544537982], [174.481962083631, -36.8976456736109], [174.481958513296, -36.8976368937035], [174.481954931917, -36.8976281229474], [174.48195137385, -36.8976193969691], [174.481947909553, -36.8976108771368], [174.481944562165, -36.8976025992168], [174.481941331336, -36.8975945451861], [174.481938228635, -36.8975867329277], [174.481935231622, -36.8975791627217], [174.481932362388, -36.8975718162649], [174.481929610062, -36.8975647117206], [174.48192697447, -36.8975578400771], [174.481924455785, -36.897551210346], [174.481922053833, -36.8975448135158], [174.481919779834, -36.8975386494465], [174.481917622569, -36.8975327182781], [174.481915570991, -36.8975270291621], [174.481913647366, -36.897521572807], [174.481911840475, -36.8975163493528], [174.481910161536, -36.8975113586596], [174.481908588285, -36.8975066100188], [174.481907131766, -36.8975020942789], [174.4819058032, -36.8974978113], [174.481904591368, -36.897493761222], [174.481903459122, -36.8974897642336], [174.481902393674, -36.8974857393707], [174.481901406245, -36.8974816864933], [174.481900485614, -36.8974776057415], [174.481899643002, -36.8974734969752], [174.481898856142, -36.8974693694859], [174.4818981473, -36.8974652139821], [174.481897516303, -36.8974610214523], [174.481896952278, -36.8974568100596], [174.481896455225, -36.897452579804], [174.481896024796, -36.8974483126623], [174.481895672386, -36.8974440175061], [174.481895398168, -36.8974397033471], [174.481895179529, -36.8974353614536], [174.481895038907, -36.8974309915456], [174.481894965084, -36.8974265937631], [174.481894958059, -36.8974221681061], [174.481895029227, -36.8974177234462], [174.481895167018, -36.8974132419003], [174.481895383002, -36.8974087413515], [174.481895631426, -36.8974041773019], [174.481895877585, -36.8973994961019], [174.481896110432, -36.8973947069031], [174.481896341189, -36.8973898095657], [174.481896558459, -36.8973847952178], [174.481896773638, -36.8973796727312], [174.481896975332, -36.8973744332342], [174.481897174934, -36.8973690855985], [174.481897372446, -36.897363629824], [174.481897556471, -36.8973580570392], [174.481897738231, -36.897352367104], [174.48189790668, -36.8973465691701], [174.481898073037, -36.8973406630974], [174.481898237129, -36.8973346398744], [174.481898387909, -36.8973285086526], [174.481898536598, -36.897322269292], [174.481898671802, -36.8973159129211], [174.48189880474, -36.8973094393999], [174.481898935761, -36.8973028667514], [174.481899053122, -36.8972961680811], [174.481899212576, -36.8972893246658], [174.481899601553, -36.8972821629066], [174.48190025319, -36.8972746553488], [174.481901156617, -36.8972668201556], [174.481902300265, -36.8972586394436], [174.481903706922, -36.8972501309563], [174.481905365019, -36.8972412768103], [174.481907263684, -36.8972320951687], [174.481909425185, -36.8972225767401], [174.481911838125, -36.8972127126528], [174.481914502854, -36.89720252093], [174.481917419197, -36.89719199256], [174.481920587154, -36.8971811275429], [174.481924017945, -36.8971699257387], [174.481927688955, -36.8971583784157], [174.481931611753, -36.897146503457], [174.481935786164, -36.8971342918511], [174.481940223409, -36.897121743458], [174.481944901046, -36.8971088585576], [174.481949841517, -36.8970956368698], [174.481955000811, -36.8970821240125], [174.481960064873, -36.8970689097963], [174.481964925163, -36.8970561848637], [174.481969581854, -36.8970439582264], [174.481974023553, -36.8970322210127], [174.481978261829, -36.8970209911058], [174.481982296158, -36.8970102414711], [174.481986127064, -36.8969999991433], [174.481989742978, -36.8969902462392], [174.481993155295, -36.8969809916305], [174.481996364014, -36.8969722353171], [174.481999357742, -36.8969639684276], [174.482002147874, -36.8969561998334], [174.482004734234, -36.8969489205231], [174.482007116997, -36.8969421395082], [174.482009284944, -36.8969358569287], [174.48201124912, -36.8969300636331], [174.482013009874, -36.8969247776445], [174.482014555463, -36.8969199720682], [174.482015908851, -36.896915673659], [174.482017047247, -36.8969118646737], [174.48201816512, -36.8969081550955], [174.482019434498, -36.8969041551876], [174.482020866773, -36.8968998738217], [174.482022461947, -36.8968953109976], [174.482024208625, -36.8968904578438], [174.482026106807, -36.8968853143603], [174.482028179107, -36.8968798892787], [174.48203039169, -36.8968741740074], [174.482032778392, -36.8968681771379], [174.482035305377, -36.8968618900787], [174.48203800648, -36.8968553214214], [174.482040859087, -36.8968484624343], [174.482043863371, -36.896841322129], [174.482047030379, -36.8968338913539], [174.48205036011, -36.8968261701091], [174.482053841693, -36.8968181765576], [174.482057485824, -36.8968098835247], [174.482061281633, -36.8968013091736], [174.482065240339, -36.8967924533642], [174.482069350374, -36.8967832982134], [174.482073580168, -36.8967739522798], [174.482077788567, -36.8967646606955], [174.482081975745, -36.8967554324719], [174.482086130482, -36.896746267749], [174.482090263997, -36.8967371663869], [174.482094365246, -36.8967281375372], [174.482098445274, -36.8967191720482], [174.482102504081, -36.89671026992], [174.482106530447, -36.8967014312925], [174.482110524546, -36.8966926651774], [174.482114508644, -36.896683962283], [174.482118460476, -36.896675331901], [174.482122379692, -36.8966667560082], [174.482126277862, -36.8966582524878], [174.482130143591, -36.8966498124681], [174.482133999319, -36.8966414356692], [174.48213781156, -36.8966331315227], [174.482141602581, -36.8966248907369], [174.48214537238, -36.896616713312], [174.482149121133, -36.8966086082594], [174.48215284884, -36.8966005755792], [174.482156714498, -36.8965927124387], [174.48216074107, -36.8965850455927], [174.482164939777, -36.896577574901], [174.482169299223, -36.8965702914922], [174.482173830977, -36.8965632132494], [174.482178534691, -36.8965563221493], [174.48218339932, -36.8965496273436], [174.482188436082, -36.8965431286923], [174.482193633759, -36.8965368263352], [174.482199003395, -36.8965307111209], [174.482204534119, -36.8965248012124], [174.482210236804, -36.8965190784465], [174.482216100402, -36.8965135519749], [174.482222136135, -36.8965082216575], [174.482228343827, -36.8965030784827], [174.482234712607, -36.8964981406136], [174.482241253348, -36.896493389887], [174.482247955177, -36.8964888444661], [174.482254817745, -36.8964844863277], [174.482261863494, -36.8964803151917], [174.482268754253, -36.8964762541541], [174.482275297365, -36.8964722064676], [174.48228149318, -36.8964681901555], [174.482287330476, -36.8964642053577], [174.48229280908, -36.8964602430627], [174.482297940211, -36.8964563031306], [174.482302712825, -36.8964523947131], [174.482307137966, -36.8964485086586], [174.482311215636, -36.8964446449671], [174.482314923742, -36.8964408219417], [174.482318295421, -36.8964370121279], [174.482321297364, -36.8964332339688], [174.482323963054, -36.8964294780329], [174.482326259007, -36.8964257537516], [174.482328207488, -36.8964220518336], [174.482329808671, -36.8964183812904], [174.482331051163, -36.8964147332503], [174.482331946184, -36.8964111075735], [174.482332482687, -36.8964075134115], [174.482332660498, -36.8964039417527], [174.482332657395, -36.8964003002415], [174.482332828583, -36.8963963861434], [174.482333184933, -36.8963921812952], [174.482333726444, -36.8963876856969], [174.482334453292, -36.8963829083602], [174.482335354082, -36.8963778404133], [174.482336451427, -36.896372490588], [174.482337734109, -36.8963668590241], [174.482339190558, -36.8963609278386], [174.482340843563, -36.8963547147746], [174.482342681904, -36.896348219972], [174.482344694187, -36.8963414345594], [174.482346903025, -36.8963343672681], [174.482349285805, -36.8963270093668], [174.48235186514, -36.8963193695869], [174.482354629636, -36.8963114390568], [174.482357568074, -36.8963032179166], [174.482360691847, -36.8962947150377], [174.482364012175, -36.8962859302803], [174.482367506444, -36.8962768549127], [174.482371185525, -36.8962674707717], [174.482374968786, -36.8962576706987], [174.482378855879, -36.8962474366704], [174.482382846629, -36.8962367596755], [174.48238692999, -36.8962256488653], [174.482391117009, -36.8962140950884], [174.482395407858, -36.8962021073562], [174.482399791145, -36.8961896767972], [174.482404289308, -36.8961768031314], [174.482408869036, -36.896163504802], [174.482413563466, -36.8961497543541], [174.482418350506, -36.896135570091], [174.482423241377, -36.8961209518725], [174.482428235904, -36.8961058906872], [174.482433323041, -36.8960903956866], [174.482438513834, -36.8960744577191], [174.482443808282, -36.8960580767847], [174.48244920656, -36.8960412618949], [174.482454697448, -36.8960240131898], [174.482460291991, -36.8960063215177], [174.482465979317, -36.8959882050418], [174.482471681696, -36.8959702866799], [174.482477327039, -36.8959529008401], [174.482482937435, -36.8959360292192], [174.482488502016, -36.8959196899802], [174.482494020605, -36.8959038741117], [174.482499493204, -36.8958885816137], [174.482504919986, -36.8958738214977], [174.482510311824, -36.8958595756006], [174.482515657846, -36.8958458620856], [174.482520946658, -36.895832672081], [174.482526200874, -36.8958200143186], [174.482531408926, -36.895807870915], [174.482536582383, -36.8957962597535], [174.482541698455, -36.895785163091], [174.482546768887, -36.8957746078221], [174.482551804375, -36.8957645667722], [174.482556793873, -36.8957550490928], [174.482561737557, -36.8957460637955], [174.482566635251, -36.8957376018687], [174.482571486957, -36.8957296633125], [174.48257627971, -36.8957221581512], [174.482580965843, -36.89571494276], [174.482585545354, -36.8957080171389], [174.48259002929, -36.8957013721363], [174.482594406431, -36.8956950078922], [174.482598677126, -36.8956889424298], [174.482602840851, -36.8956831487144], [174.482606909175, -36.8956776446291], [174.482610870879, -36.8956724303139], [174.482614725788, -36.8956674967574], [174.482618485296, -36.8956628528309], [174.48262213801, -36.895658489663], [174.482625684103, -36.8956544162654], [174.482629123402, -36.8956506236263], [174.4826324673, -36.8956471206175], [174.482635715798, -36.8956439072387], [174.482638846282, -36.8956409747587], [174.482641881191, -36.8956383228973], [174.482644809481, -36.8956359608061], [174.48264763115, -36.8956338884852], [174.482650354978, -36.8956319796326], [174.482652947717, -36.8956296758115], [174.482655441978, -36.8956269225325], [174.482657803929, -36.8956237112042], [174.482660056009, -36.8956200415464], [174.482662186998, -36.8956159136993], [174.482664196897, -36.8956113276627], [174.482666096924, -36.8956062832968], [174.482667876035, -36.895600789753], [174.482669545101, -36.8955948288683], [174.482671081856, -36.8955884099343], [174.482672508914, -36.8955815416824], [174.482673814707, -36.8955742062296], [174.482675010804, -36.895566421459], [174.482676074415, -36.8955581696275], [174.48267702833, -36.8955494684782], [174.482677872374, -36.8955403089995], [174.482678595328, -36.8955306913314], [174.48267919719, -36.895520615474], [174.482679677962, -36.8955100814272], [174.482680049387, -36.8954991160857], [174.482680389244, -36.8954882593031], [174.482680735552, -36.8954777359482], [174.482681099356, -36.8954675368695], [174.482681458391, -36.8954576713587], [174.482681823703, -36.8954481302641], [174.482682195291, -36.8954389135857], [174.48268258455, -36.8954300301951], [174.482682968866, -36.8954214713607], [174.482683359458, -36.8954132369426], [174.482683756501, -36.8954053359523], [174.482684159821, -36.8953977593782], [174.482684580811, -36.8953905160919], [174.482684996858, -36.8953835973618], [174.482685419181, -36.895377003048], [174.482685859176, -36.895370742022], [174.482686294226, -36.8953648055523], [174.482686735728, -36.8953592025103], [174.482687183506, -36.8953539238846], [174.482687648781, -36.8953489695351], [174.482688109287, -36.8953443487534], [174.482688604498, -36.895339781621], [174.482689184412, -36.8953349520331], [174.482689837808, -36.8953298601296], [174.482690575907, -36.8953245057704], [174.482691376269, -36.8953188892358], [174.482692261333, -36.8953130102456], [174.482693219706, -36.8953068599282], [174.482694262955, -36.8953004561668], [174.482695379513, -36.8952937810782], [174.482696569727, -36.8952868526857], [174.48269783325, -36.895279652966], [174.482699181475, -36.8952721907907], [174.482700591963, -36.8952644664399], [174.482702098372, -36.8952564794935], [174.482703667045, -36.8952482303714], [174.482705320419, -36.8952397187938], [174.482707047101, -36.895230935889], [174.48270884744, -36.8952218996802], [174.482710732307, -36.8952125920042], [174.48271267961, -36.8952030311642], [174.482714645168, -36.8951932537665], [174.482716385981, -36.8951834611465], [174.482717880131, -36.8951736806187], [174.482719138665, -36.8951639030317], [174.482720138968, -36.895154119654], [174.48272089261, -36.8951443483686], [174.482721410461, -36.8951345710123], [174.48272168165, -36.8951248057485], [174.482721705829, -36.8951150345538], [174.482721494567, -36.8951052753115], [174.482721025074, -36.8950955102784], [174.48272032014, -36.8950857571976], [174.482719368197, -36.8950759981861], [174.482718169592, -36.8950662512668], [174.482716724152, -36.8950565074283], [174.482715031702, -36.895046757659], [174.482713092592, -36.895037019982], [174.482710917692, -36.895027276234], [174.482708496131, -36.8950175445784], [174.482705827561, -36.8950078069919], [174.48270296843, -36.8949980807974], [174.482700569136, -36.8949883398498], [174.482698820766, -36.8949785997918], [174.482697722969, -36.8949688426003], [174.482697287315, -36.8949590861582], [174.482697491015, -36.8949493127227], [174.482698356856, -36.8949395400368], [174.482699873444, -36.8949297592289], [174.482702051826, -36.8949199611474], [174.482704869908, -36.8949101640954], [174.482708349782, -36.8949003497699], [174.482712480578, -36.8948905363337], [174.482717261945, -36.8948807057639], [174.482722694232, -36.8948708760833], [174.48272878831, -36.8948610291288], [174.482735533307, -36.8948511830634], [174.482742928876, -36.894841319864], [174.482750975363, -36.8948314575534], [174.482759672596, -36.8948215871201], [174.482769031617, -36.8948116994123], [174.482779041558, -36.894801812593], [174.482789155437, -36.894792077709], [174.482798938824, -36.8947826624303], [174.482808357884, -36.8947735581653], [174.482817435058, -36.8947647646341], [174.482826170171, -36.8947562728252], [174.482834552353, -36.8947481009019], [174.482842592475, -36.894740230701], [174.482850279665, -36.8947326803859], [174.482857613576, -36.8947254319334], [174.482864605776, -36.8947185032266], [174.482871255916, -36.8947118762425], [174.482877552952, -36.8947055601329], [174.482883497058, -36.8946995639091], [174.482889099105, -36.8946938694083], [174.482894348047, -36.894688485782], [174.482899255105, -36.8946834128902], [174.482903809059, -36.894678650873], [174.48290802113, -36.8946741995904], [174.482911880096, -36.8946700591824], [174.482915397178, -36.8946662295092], [174.482918714921, -36.8946625375302], [174.482922216947, -36.8946585097424], [174.482925936567, -36.8946541277025], [174.482929862735, -36.8946494005621], [174.482934006497, -36.8946443191695], [174.482938356633, -36.8946388836648], [174.482942913143, -36.894633094048], [174.482947687246, -36.8946269501789], [174.482952667898, -36.8946204612091], [174.482957865968, -36.8946136089756], [174.482963270586, -36.8946064116413], [174.482968881577, -36.8945988601948], [174.482974710336, -36.8945909635075], [174.482980756512, -36.8945827035563], [174.482986998017, -36.8945740986443], [174.482993457113, -36.8945651394798], [174.483000133802, -36.8945558260629], [174.483007016863, -36.8945461585336], [174.483014106471, -36.8945361459033], [174.483021402276, -36.8945257701489], [174.483028883409, -36.8945151126546], [174.48303616677, -36.8945046739584], [174.483043175914, -36.8944945631798], [174.483049933455, -36.89448478905], [174.483056416605, -36.8944753338262], [174.483062637107, -36.8944662244031], [174.483068594437, -36.8944574337459], [174.483074277901, -36.8944489890295], [174.483079698194, -36.8944408630792], [174.483084855665, -36.894433073918], [174.48308975014, -36.8944256125346], [174.483094370574, -36.8944184880805], [174.483098739232, -36.8944116912641], [174.483102822455, -36.8944052225056], [174.483106654076, -36.8943990903963], [174.483110222702, -36.8943932860649], [174.483113517114, -36.8943878096515], [174.483116548704, -36.8943826700274], [174.48311930608, -36.8943778583213], [174.483121811855, -36.8943733832646], [174.483124043415, -36.8943692361258], [174.483126346827, -36.8943653224473], [174.483128934045, -36.8943615764865], [174.483131782804, -36.8943580075353], [174.483134915369, -36.8943546063019], [174.48313832052, -36.8943513729263], [174.48314200965, -36.89434831628], [174.483145960147, -36.8943454276316], [174.483150194625, -36.8943427157124], [174.483154701688, -36.894340171651], [174.483159481337, -36.8943377954473], [174.483164544966, -36.8943355959728], [174.483169881355, -36.8943335733674], [174.483175490156, -36.8943317096081], [174.483181382937, -36.8943300225779], [174.483187537259, -36.8943285125568], [174.483193975387, -36.8943271702531], [174.4832006861, -36.8943259958069], [174.483207680794, -36.8943249980895], [174.483214936854, -36.8943241683696], [174.483222476721, -36.8943235063668], [174.483230274814, -36.8943228501533], [174.483238324158, -36.8943218392664], [174.483246602488, -36.8943204829979], [174.483255120849, -36.8943187721961], [174.483263868196, -36.8943167160126], [174.483272866619, -36.8943142961439], [174.483282094026, -36.8943115308934], [174.48329156129, -36.8943084020979], [174.483301268759, -36.8943049277803], [174.483311216431, -36.8943011079406], [174.48332140396, -36.8942969245557], [174.483331820473, -36.8942923957887], [174.48334248806, -36.8942875033362], [174.483353384632, -36.8942822655014], [174.483364521407, -36.8942766821443], [174.483375898036, -36.8942707352417], [174.483387503475, -36.894264433945], [174.483399360336, -36.8942577869857], [174.483411446006, -36.8942507856323], [174.483423771704, -36.8942434297446], [174.483436272728, -36.8942358553366], [174.48344851442, -36.8942287979488], [174.483460442949, -36.894222375432], [174.48347205849, -36.8942165967979], [174.48348336087, -36.894211453035], [174.483494350088, -36.8942069441434], [174.483505026319, -36.8942030791348], [174.483515377995, -36.8941998401262], [174.483525428079, -36.8941972538722], [174.483535153609, -36.8941952936183], [174.483544566153, -36.8941939772476], [174.483553676932, -36.8941933046202], [174.483562463157, -36.8941932579931], [174.483570936396, -36.8941938552495], [174.483579096477, -36.8941950873778], [174.483586943574, -36.8941969633897], [174.483594466291, -36.8941994744138], [174.48360168707, -36.8942026201699], [174.483608583646, -36.8942064099499], [174.483615178282, -36.894210834462], [174.483621459412, -36.8942158758232], [174.483627707057, -36.894220926616], [174.483634072538, -36.8942256874972], [174.483640533588, -36.8942301677585], [174.483647090034, -36.8942343583885], [174.483653764314, -36.8942382591068], [174.483660534164, -36.8942418792053], [174.483667410803, -36.8942452185438], [174.483674382837, -36.8942482682509], [174.483681461486, -36.8942510281863], [174.483688646924, -36.8942535073617], [174.483695939151, -36.894255705777], [174.483703326772, -36.8942576145609], [174.483710821008, -36.894259233573], [174.483718422033, -36.8942605718251], [174.483726118452, -36.8942616204456], [174.48373392166, -36.8942623883059], [174.483741831482, -36.8942628663945], [174.483749848092, -36.8942630637229], [174.483757960097, -36.8942629714197], [174.483766178889, -36.8942625983563], [174.48377441576, -36.894261999723], [174.483782582694, -36.8942612667566], [174.483790657429, -36.8942604087488], [174.483798651009, -36.8942594165481], [174.483806563608, -36.8942582991659], [174.483814383832, -36.894257047731], [174.483822123075, -36.8942556711146], [174.483829781164, -36.8942541603053], [174.483837358097, -36.8942525153031], [174.483844842829, -36.8942507452597], [174.483852246581, -36.8942488500351], [174.483859569003, -36.894246811606], [174.483866810618, -36.8942446570071], [174.483873959684, -36.894242359344], [174.483881027944, -36.8942399455113], [174.483888003654, -36.8942373886143], [174.483894909602, -36.894234706396], [174.48390172335, -36.8942318991366], [174.483908455942, -36.8942289576844], [174.483915096159, -36.8942258821797], [174.483921677137, -36.8942226451672], [174.483928240961, -36.8942191019016], [174.483934798329, -36.8942152252079], [174.483941349241, -36.8942110150862], [174.483947894044, -36.8942064895595], [174.483954432216, -36.8942016215933], [174.483960964279, -36.8941964382222], [174.483967489886, -36.894190921423], [174.48397400921, -36.8941850802074], [174.483980522077, -36.8941789055637], [174.483987028661, -36.8941724065036], [174.483993528962, -36.894165583027], [174.484000022805, -36.8941584261224], [174.484006510365, -36.8941509448013], [174.484012991468, -36.8941431300523], [174.484019466287, -36.8941349908867], [174.484025934824, -36.8941265273047], [174.484032396902, -36.8941177302948], [174.484038852697, -36.8941086088683], [174.484045302208, -36.8940991630254], [174.484051734565, -36.8940894109294], [174.484058046296, -36.8940798045597], [174.48406418427, -36.8940704978137], [174.484070170926, -36.894061490411], [174.484075983825, -36.8940527826322], [174.484081634186, -36.8940443743368], [174.48408712201, -36.8940362655252], [174.484092436252, -36.8940284653488], [174.484097599002, -36.8940209555044], [174.48410257695, -36.8940137544356], [174.484107403581, -36.8940068527103], [174.484112067676, -36.8940002504687], [174.484116558014, -36.893993947851], [174.484120885816, -36.893987944717], [174.484125051255, -36.8939822500784], [174.484129042765, -36.8939768460522], [174.484132883132, -36.8939717503811], [174.484136549743, -36.8939669543341], [174.484140042598, -36.893962457911], [174.484143384138, -36.8939582608317], [174.484146551921, -36.8939543633763], [174.48414967692, -36.8939505746202], [174.484152867491, -36.8939466949074], [174.48415611224, -36.8939427153666], [174.484159445001, -36.8939386445888], [174.48416283194, -36.8939344739829], [174.484166295671, -36.8939302122801], [174.4841698248, -36.8939258506091], [174.484173419501, -36.8939213979814], [174.4841770796, -36.8939168453854], [174.48418081649, -36.8939122016925], [174.484184618953, -36.8939074670429], [174.484188486813, -36.893902632425], [174.484192420071, -36.8938976978389], [174.484196418901, -36.893892672296], [174.484200494523, -36.8938875556562], [174.484204635542, -36.893882339048], [174.484208841958, -36.8938770224716], [174.484213125166, -36.8938716147982], [174.484217462727, -36.8938661163082], [174.484221876904, -36.8938605177097], [174.484226324915, -36.8938549277021], [174.484230655617, -36.8938496546408], [174.484234892148, -36.8938447342917], [174.4842390005, -36.8938401490522], [174.484243014508, -36.8938359075134], [174.484246911731, -36.8938320099556], [174.484250703564, -36.8938284652503], [174.484254389658, -36.8938252553742], [174.484257958967, -36.8938223894793], [174.484261411493, -36.8938198675653], [174.484264758454, -36.8938176894923], [174.484268000025, -36.8938158642718], [174.484271135858, -36.8938143738806], [174.484274154906, -36.8938132274705], [174.484277057171, -36.8938124250415], [174.484279865091, -36.8938119663133], [174.484282545008, -36.8938118517064], [174.48428513058, -36.8938120808003], [174.484287599369, -36.8938126538753], [174.484289962593, -36.8938135707913], [174.484292275654, -36.8938147948011], [174.484295214744, -36.8938158938105], [174.484298979897, -36.893816766169], [174.484303548674, -36.8938174121569], [174.484308932293, -36.8938178316339], [174.484315119536, -36.8938180247402], [174.484322132668, -36.8938179821836], [174.484329949422, -36.893817713256], [174.48433858102, -36.893817217817], [174.484348016066, -36.893816486995], [174.484358277349, -36.8938155385327], [174.484369342081, -36.8938143546869], [174.48438122148, -36.8938129353175], [174.484393915897, -36.8938112984472], [174.484407413761, -36.8938094261927], [174.484421737687, -36.8938073272852], [174.484436865235, -36.8938050020045], [174.48445279623, -36.893802441339], [174.48446955346, -36.8937996630309], [174.484487113963, -36.8937966403257], [174.484505489481, -36.8937934001174], [174.484523909527, -36.8937901413224], [174.484541782254, -36.8937870155564], [174.484559119057, -36.8937840316909], [174.484575908542, -36.893781180855], [174.484592162102, -36.89377847192], [174.484607868345, -36.8937758960149], [174.484623038664, -36.8937734620113], [174.484637672884, -36.8937711608977], [174.484651748742, -36.8937690019665], [174.484665299897, -36.8937669847971], [174.484678292514, -36.8937651007988], [174.484690760254, -36.8937633495512], [174.484702669631, -36.8937617404865], [174.484714054305, -36.8937602731843], [174.484724880442, -36.893758939054], [174.484735181877, -36.8937577466864], [174.48474492495, -36.8937566965024], [174.48475414297, -36.8937557700585], [174.484762802804, -36.8937549948099], [174.48477093776, -36.8937543523131], [174.484778648117, -36.8937538052599], [174.484786234535, -36.893753232714], [174.484793708581, -36.8937526525584], [174.484801080953, -36.8937520376181], [174.484808340955, -36.8937514150681], [174.484815499455, -36.8937507667451], [174.484822534017, -36.8937500929295], [174.484829467427, -36.893749411364], [174.484836299162, -36.893748695014], [174.484843007307, -36.8937479711946], [174.484849613777, -36.8937472125907], [174.484856107877, -36.8937464463772], [174.484862500476, -36.8937456543907], [174.484868780355, -36.8937448367717], [174.484874947863, -36.893744011543], [174.484881002477, -36.8937431516702], [174.484886955939, -36.8937422840477], [174.484892796507, -36.893741381781], [174.484898524705, -36.8937404719048], [174.484904151402, -36.8937395362559], [174.484909699212, -36.8937385835653], [174.484915438105, -36.8937376465134], [174.484921424178, -36.8937367243991], [174.484927657606, -36.8937358262339], [174.484934138214, -36.8937349430062], [174.484940866002, -36.8937340747159], [174.484947841145, -36.8937332303746], [174.484955052423, -36.8937324101224], [174.484962510881, -36.8937316048076], [174.48497021652, -36.8937308144301], [174.484978169513, -36.8937300480013], [174.484986369687, -36.8937292965097], [174.484994805821, -36.8937285600954], [174.48500350053, -36.8937278474896], [174.485012431199, -36.893727149961], [174.485021609223, -36.893726476381], [174.485031034427, -36.8937258177378], [174.485040695766, -36.8937251831833], [174.485050615505, -36.8937245634254], [174.485060771379, -36.8937239677559], [174.485071174259, -36.8937233780116], [174.485081588533, -36.8937227971377], [174.485091901655, -36.8937222085136], [174.485102113627, -36.8937216121394], [174.485112213053, -36.8937209991437], [174.485122211502, -36.8937203874096], [174.485132097407, -36.8937197590541], [174.48514187094, -36.8937191230888], [174.485151543322, -36.8937184793735], [174.485161114378, -36.8937178188967], [174.485170573239, -36.8937171598217], [174.485179930773, -36.8937164839852], [174.485189175937, -36.8937158005392], [174.485198319949, -36.8937151093432], [174.485207351591, -36.8937144105377], [174.485216282081, -36.8937137039823], [174.485225100027, -36.8937129808058], [174.48523381682, -36.8937122498795], [174.485242421418, -36.8937115203553], [174.48525092469, -36.8937107740698], [174.485259315417, -36.8937100111633], [174.485267660916, -36.8937092307942], [174.485276049896, -36.893708377771], [174.485284493751, -36.893707460965], [174.485292969867, -36.8937064716451], [174.485301512078, -36.893705418402], [174.485310097945, -36.8937043015164], [174.485318727293, -36.8937031119766], [174.485327400296, -36.8937018587942], [174.485336128, -36.8937005328174], [174.485344910754, -36.8936991520691], [174.485353725594, -36.8936976897954], [174.485362606703, -36.8936961726101], [174.485371520073, -36.8936945829108], [174.485380488319, -36.8936929294286], [174.485389511265, -36.8936912031519], [174.485398577866, -36.8936894132324], [174.485407688122, -36.8936875596703], [174.485416853079, -36.8936856333136], [174.48542606169, -36.8936836433142], [174.485435325002, -36.8936815805202], [174.485444587964, -36.8936794997024], [174.485453641422, -36.893677610792], [174.485462463459, -36.8936759411043], [174.485471043032, -36.8936744997912], [174.485479391011, -36.8936732686894], [174.485487496525, -36.8936722659623], [174.485495359574, -36.8936714916099], [174.48550299103, -36.8936709274689], [174.485510391241, -36.8936705915625], [174.485517537768, -36.8936704841712], [174.48552446392, -36.8936705868512], [174.485531136389, -36.8936709180464], [174.485537577439, -36.8936714684648], [174.485543787245, -36.893672247118], [174.485549754412, -36.8936732451346], [174.485555478941, -36.8936744625148], [174.48556097205, -36.8936758991184], [174.485566222696, -36.8936775640971], [174.485571241923, -36.8936794482991], [174.485576018686, -36.8936815608764], [174.485580563856, -36.8936838836656], [174.485585064672, -36.8936862340504], [174.485589586879, -36.8936885300851], [174.485594141872, -36.893690780641], [174.48559871843, -36.8936929858584], [174.4856033276, -36.8936951365853], [174.485607958161, -36.8936972329621], [174.485612632902, -36.8936992927312], [174.48561731764, -36.8937012892791], [174.485622035164, -36.893703240348], [174.485626785473, -36.8937051459381], [174.485631557173, -36.893706997178], [174.485636350265, -36.8937087940679], [174.485641176142, -36.8937105454788], [174.485646034805, -36.8937122514108], [174.485650926079, -36.8937139028524], [174.485655827699, -36.8937155090957], [174.48566077315, -36.8937170607083], [174.485665739991, -36.8937185579707], [174.485670728399, -36.8937200098945], [174.485675749592, -36.8937214163394], [174.485680770087, -36.8937227867379], [174.485685756574, -36.893724139534], [174.485690709052, -36.8937254747277], [174.485695616653, -36.8937268104824], [174.48570050129, -36.8937281194829], [174.485705340874, -36.8937294200329], [174.485710146451, -36.8937307029806], [174.485714918194, -36.8937319773374], [174.485719667149, -36.8937332339516], [174.485724359831, -36.8937344822555], [174.485729029724, -36.8937357128168], [174.485733654391, -36.8937369259162], [174.485738256443, -36.8937381302844], [174.485742813442, -36.8937393262021], [174.485747336259, -36.8937404955059], [174.485751825417, -36.8937416652306], [174.485756280392, -36.8937428083413], [174.485760701534, -36.8937439428613], [174.485765077623, -36.8937450689308], [174.485769430923, -36.8937461772578], [174.485773705512, -36.8937472775552], [174.485777824075, -36.8937484338863], [174.485781752603, -36.8937496286489], [174.485785513711, -36.893750870574], [174.48578908496, -36.8937521599421], [174.485792477744, -36.8937535056246], [174.485795702932, -36.8937548894581], [174.485798738436, -36.8937563297463], [174.485801595125, -36.8937578083257], [174.485804273348, -36.8937593432196], [174.485806772758, -36.8937609164047], [174.485809093701, -36.8937625459043], [174.485811236005, -36.8937642227069], [174.485813199495, -36.8937659378007], [174.485814984519, -36.8937677092091], [174.485816579683, -36.8937695280606], [174.485818007427, -36.8937713940748], [174.485819256357, -36.8937732983803], [174.485820315601, -36.8937752591407], [174.485821207425, -36.8937772670637], [174.485821943223, -36.8937793310206], [174.485822974924, -36.8937816076062], [174.485824449256, -36.8937841400541], [174.485826343779, -36.893786928645], [174.485828692328, -36.8937899819695], [174.485831460895, -36.8937932824252], [174.485834672267, -36.8937968477548], [174.485838326271, -36.8938006689465], [174.485842411687, -36.8938047461407], [174.485846928515, -36.8938090793373], [174.485851888149, -36.8938136774075], [174.485857279021, -36.8938185224685], [174.48586310148, -36.8938236325432], [174.485869366571, -36.8938289984798], [174.485876063075, -36.8938346204185], [174.485883202386, -36.8938405072305], [174.485890772935, -36.8938466410328], [174.485898786292, -36.8938530397082], [174.485907219843, -36.8938596945257], [174.485916107247, -36.8938666050642], [174.485925414845, -36.8938737717446], [174.485934903181, -36.8938809992598], [174.485944298792, -36.8938880747004], [174.485953624641, -36.8938950248205], [174.485962857939, -36.8939018318778], [174.485971998686, -36.8939084958722], [174.485981069496, -36.8939150255346], [174.485990047755, -36.8939214121342], [174.485998956077, -36.8939276644018], [174.486007771848, -36.8939337736067], [174.486016506461, -36.89393974862], [174.486025159743, -36.8939455804303], [174.486033720649, -36.8939512781894], [174.486042211442, -36.8939568326051], [174.486050609858, -36.8939622529696], [174.486058926942, -36.8939675301312], [174.486067162694, -36.8939726640898], [174.486075306244, -36.8939776730088], [174.486083379507, -36.893982529573], [174.486091360392, -36.8939872520862], [174.48609926012, -36.8939918404081], [174.48610710078, -36.8939962762347], [174.486114960909, -36.8940005585838], [174.486122851553, -36.8940046783034], [174.486130761667, -36.8940086445453], [174.48613870212, -36.8940124391462], [174.486146662216, -36.894016089281], [174.486154641433, -36.8940195679151], [174.486162639944, -36.89402288406], [174.486170669144, -36.8940260465869], [174.486178729033, -36.8940290554958], [174.486186796822, -36.8940318930444], [174.4861948953, -36.894034576975], [174.486203024291, -36.894037098276], [174.486211172577, -36.8940394570878], [174.486219340331, -36.8940416624219], [174.48622752738, -36.8940437052669], [174.486235744942, -36.8940455854823], [174.486243993192, -36.8940473120797], [174.486252260737, -36.8940488761878], [174.486260547576, -36.8940502778068], [174.486268843013, -36.8940515441115], [174.486277084798, -36.8940529372792], [174.486285251193, -36.8940544936368], [174.486293342545, -36.8940562312074], [174.486301347636, -36.8940581501314], [174.48630927751, -36.894060241257], [174.486317132168, -36.894062504584], [174.486324900565, -36.8940649492644], [174.486332604965, -36.8940675660061], [174.486340222929, -36.8940703550896], [174.486347754632, -36.8940733255267], [174.486355222513, -36.8940764770365], [174.486362603783, -36.8940797918767], [174.486369910187, -36.8940832969416], [174.48637712998, -36.894086965337], [174.486384274732, -36.8940908149455], [174.486391344268, -36.8940948367558], [174.486398338763, -36.8940990397792], [174.486405258042, -36.8941034150042], [174.48641209106, -36.8941079715829], [174.486418837642, -36.8941127005036], [174.486425272172, -36.8941175414933], [174.486431214263, -36.8941224517403], [174.486436675307, -36.894127440116], [174.486441643911, -36.894132497749], [174.486446120075, -36.8941376246397], [174.486450115017, -36.8941428206475], [174.486453606475, -36.894148095065], [174.48645662793, -36.8941534384594], [174.486459145726, -36.8941588512519], [174.486461182475, -36.8941643421734], [174.486462726783, -36.8941699023526], [174.486463789869, -36.8941755316493], [174.486464360514, -36.8941812302039], [174.486464438893, -36.8941870070278], [174.48646403605, -36.8941928529693], [174.486463140766, -36.8941987681685], [174.486461753214, -36.8942047616372], [174.486459884441, -36.8942108242233], [174.486457523225, -36.8942169560672], [174.486454669568, -36.8942231571689], [174.486451647965, -36.8942293783994], [174.486449118453, -36.8942355123489], [174.486447103298, -36.8942415497252], [174.486445613894, -36.8942474993994], [174.486444627627, -36.8942533526408], [174.486444155716, -36.8942591093089], [174.486444209382, -36.8942647692635], [174.48644477758, -36.8942703416564], [174.486445848915, -36.8942758176164], [174.486447445827, -36.8942811968629], [174.486449557271, -36.8942864885476], [174.486452183073, -36.894291683659], [174.486455323232, -36.8942967821972], [174.486458977923, -36.8943017931735], [174.486463146797, -36.8943066985648], [174.486467841423, -36.8943115162538], [174.486473039363, -36.8943162465212], [174.48647875166, -36.894320880215], [174.486484989534, -36.8943254171948], [174.486491741767, -36.8943298576008], [174.486498929645, -36.8943341934041], [174.486506091589, -36.8943383492568], [174.486513137317, -36.8943422992473], [174.486520089617, -36.894346061118], [174.486526925701, -36.8943496171266], [174.486533656963, -36.8943529761443], [174.486540272183, -36.8943561383115], [174.486546793801, -36.8943591033474], [174.486553188157, -36.8943618716732], [174.48655948891, -36.8943644428678], [174.486565673622, -36.8943668172119], [174.486571753511, -36.8943689945653], [174.486577728578, -36.8943709749278], [174.486583598648, -36.894372749288], [174.48658935285, -36.8943743358094], [174.486595002054, -36.8943757163285], [174.486600535217, -36.8943768999973], [174.486605963557, -36.8943778866753], [174.486611287074, -36.8943786763627], [174.486616505768, -36.8943792690594], [174.486621619814, -36.894379673777], [174.486626900757, -36.8943800042959], [174.486632507246, -36.8943803397545], [174.486638439106, -36.8943806711411], [174.486644674072, -36.8943810077479], [174.486651234408, -36.8943813402828], [174.486658109071, -36.8943816778974], [174.48666530928, -36.8943820204515], [174.48667282364, -36.8943823590736], [174.486680652151, -36.8943826937639], [174.486688794988, -36.8943830335338], [174.486697263371, -36.8943833782428], [174.486706045905, -36.8943837190197], [174.48671514259, -36.8943840558644], [174.486724564821, -36.8943843976481], [174.486734301378, -36.894384744511], [174.486744352086, -36.8943850874414], [174.48675472834, -36.8943854353106], [174.486765418745, -36.8943857792472], [174.486776423477, -36.8943861282627], [174.486787742359, -36.8943864733455], [174.486799185008, -36.8943868349057], [174.486810415357, -36.8943872441905], [174.486821433406, -36.8943877012], [174.486832238981, -36.8943881969226], [174.486842821036, -36.8943887405105], [174.486853201836, -36.8943893226713], [174.486863370337, -36.8943899525569], [174.486873326363, -36.894390621156], [174.486883070089, -36.8943913374801], [174.486892601516, -36.8943921015292], [174.486901920468, -36.8943929042919], [174.48691102712, -36.8943937547797], [174.486919921298, -36.8943946439812], [174.486928591957, -36.8943955810484], [174.486937061536, -36.8943965657005], [174.48694531864, -36.8943975890664], [174.486953363445, -36.8943986601577], [174.486961195776, -36.8943997699628], [174.486968815806, -36.8944009274935], [174.486976223363, -36.8944021237381], [174.486983541686, -36.8944033481404], [174.486991396981, -36.8944044846973], [174.486999845346, -36.8944055327065], [174.487008886607, -36.8944064831565], [174.487018520762, -36.8944073360469], [174.487028759207, -36.8944081002489], [174.487039590371, -36.8944087578795], [174.487051026001, -36.8944093358329], [174.48706305435, -36.8944098072147], [174.487075675769, -36.8944101900476], [174.487088901303, -36.8944104751798], [174.487102719731, -36.8944106627512], [174.487117131229, -36.8944107617733], [174.487132146842, -36.8944107630939], [174.487147755349, -36.8944106668531], [174.48716396797, -36.8944104729104], [174.487180773661, -36.8944101904174], [174.487198172246, -36.8944098103624], [174.4872161639, -36.8944093417566], [174.487234759494, -36.8944087664363], [174.487253948331, -36.8944081115762], [174.487273652049, -36.8944073871708], [174.487293848558, -36.894406611524], [174.487314537859, -36.8944057846355], [174.487335708906, -36.8944049156569], [174.487357372569, -36.8944039864246], [174.487379517978, -36.8944030151018], [174.487402156178, -36.8944019925362], [174.487425287169, -36.8944009187276], [174.487448899731, -36.894399793816], [174.487473005258, -36.8943986266724], [174.487497603401, -36.8943973992733], [174.48752269451, -36.8943961296415], [174.487548267189, -36.8943948089057], [174.487574321439, -36.8943934370654], [174.487600879699, -36.8943920138395], [174.487627919529, -36.8943905395086], [174.48765544093, -36.8943890140723], [174.487683466515, -36.8943874462609], [174.48771197367, -36.8943858273434], [174.487740962396, -36.8943841573196], [174.487769693242, -36.8943824995321], [174.487797292824, -36.8943809550564], [174.487823738352, -36.8943795061513], [174.487849052441, -36.8943781615482], [174.487873212476, -36.8943769125171], [174.487896241248, -36.8943757768009], [174.487918127011, -36.8943747275062], [174.487938870292, -36.8943737916681], [174.487958470739, -36.8943729512642], [174.487976928703, -36.8943722243181], [174.48799425488, -36.8943715836552], [174.488010427354, -36.8943710565916], [174.488025468215, -36.8943706248238], [174.488039366419, -36.8943702975042], [174.48805212179, -36.8943700656217], [174.488063734679, -36.8943699471996], [174.488074204736, -36.8943699242154], [174.488083543181, -36.8943699965286], [174.488091727924, -36.8943701824438], [174.488098781054, -36.8943704636571], [174.488104970444, -36.8943707647032], [174.488111278701, -36.8943708299029], [174.488117761224, -36.8943706225074], [174.488124429407, -36.8943701513875], [174.488131294644, -36.8943694254143], [174.488138334146, -36.8943684268458], [174.488145559308, -36.8943671645528], [174.48815297013, -36.8943656385354], [174.488160577831, -36.894363848653], [174.488168359971, -36.8943617951866], [174.488176327596, -36.8943594689841], [174.488184481056, -36.8943568880686], [174.488192819999, -36.8943540344169], [174.488201344776, -36.8943509260522], [174.488210055038, -36.8943475449512], [174.488218950958, -36.8943439001255], [174.488228032537, -36.894339991575], [174.488237299774, -36.8943358192997], [174.48824675267, -36.8943313832996], [174.48825639105, -36.894326674563], [174.488266204567, -36.8943217382883], [174.488275964261, -36.8943169198656], [174.488285615956, -36.8943123191247], [174.488295171048, -36.8943079449366], [174.488304617968, -36.8943037794188], [174.488313968284, -36.8942998404538], [174.488323199558, -36.8942961283228], [174.48833233388, -36.8942926247217], [174.488341371599, -36.8942893476735], [174.488350290101, -36.8942862884478], [174.488359111826, -36.8942834467635], [174.488367825554, -36.8942808227613], [174.488376442679, -36.894278425312], [174.488384951808, -36.8942762455448], [174.488393352939, -36.8942742834597], [174.488401646249, -36.8942725480681], [174.488409842607, -36.8942710212066], [174.488417931144, -36.8942697210388], [174.488425911859, -36.8942686475647], [174.488433795622, -36.8942677826206], [174.488441571564, -36.8942671443702], [174.488449460053, -36.8942665227367], [174.488457637977, -36.8942657802977], [174.488466127251, -36.8942648897373], [174.488474905961, -36.8942638783713], [174.488483984801, -36.8942627190245], [174.488493352901, -36.8942614298603], [174.488503021481, -36.8942600107382], [174.488512990366, -36.8942584526465], [174.488523248337, -36.8942567557258], [174.488533818007, -36.8942549287063], [174.488544665542, -36.8942529629982], [174.488555824777, -36.8942508671913], [174.488567273096, -36.8942486325549], [174.488579021895, -36.8942462679601], [174.488591059779, -36.8942437645357], [174.488603409187, -36.8942411220006], [174.488616047854, -36.8942383496472], [174.488628975781, -36.8942354474756], [174.488642204011, -36.8942324063336], [174.488655732546, -36.8942292262209], [174.488669416404, -36.8942259540231], [174.488682909351, -36.8942226752022], [174.488696166685, -36.8942193993324], [174.488709210844, -36.8942161261325], [174.488722042004, -36.8942128646142], [174.488734659814, -36.8942095967543], [174.488747053231, -36.8942063317052], [174.488759233647, -36.8942030783379], [174.488771189495, -36.8941998187698], [174.488782932169, -36.8941965618721], [174.488794461668, -36.8941933076448], [174.488805766948, -36.8941900652401], [174.48881684766, -36.8941868166349], [174.488827726416, -36.8941835705597], [174.488838380779, -36.8941803272958], [174.488848810923, -36.8941770958547], [174.488859027719, -36.8941738580728], [174.488869031339, -36.8941706229617], [174.488878810567, -36.8941673906621], [174.488888376795, -36.8941641700449], [174.488897729849, -36.8941609520987], [174.488906882875, -36.8941578358098], [174.488915847092, -36.8941548210376], [174.48892463407, -36.8941519256647], [174.488933221194, -36.8941491409608], [174.488941630905, -36.8941464666446], [174.488949840938, -36.8941439120091], [174.488957873382, -36.8941414587499], [174.488965705972, -36.8941391161598], [174.488973361324, -36.8941368929692], [174.488980816824, -36.8941347804478], [174.488988094909, -36.8941327783144], [174.488995173142, -36.8941308868504], [174.489002073961, -36.8941291057743], [174.489008774927, -36.8941274353676], [174.48901529848, -36.8941258753491], [174.489021633575, -36.8941244348708], [174.489027780037, -36.8941231049214], [174.489033726472, -36.8941218766299], [174.489039495668, -36.8941207677382], [174.489045076231, -36.8941197693754], [174.489050655919, -36.8941187259547], [174.489056334132, -36.8941175551065], [174.489062121914, -36.8941162476786], [174.489068019442, -36.8941148126825], [174.48907401532, -36.8941132412474], [174.489080120942, -36.8941115422442], [174.489086336134, -36.8941097066612], [174.489092649676, -36.8941077346391], [174.489099084182, -36.8941056349082], [174.489105605994, -36.8941034078903], [174.48911224842, -36.8941010351404], [174.489118989545, -36.8940985439745], [174.489125840065, -36.8940959072172], [174.489132800505, -36.8940931519031], [174.489139859119, -36.8940902511383], [174.489147038697, -36.8940872226645], [174.48915430558, -36.8940840669036], [174.489161693252, -36.8940807744221], [174.489169179273, -36.8940773455014], [174.489176775038, -36.8940737890123], [174.489184426551, -36.8940702137963], [174.489192026342, -36.8940668645716], [174.489199574062, -36.894063723315], [174.489207070061, -36.8940608080496], [174.489214525208, -36.8940581006117], [174.48922192881, -36.8940556281765], [174.48922926912, -36.8940533638502], [174.48923656893, -36.8940513253744], [174.489243816844, -36.8940495038784], [174.489251024082, -36.8940478992214], [174.489258168204, -36.8940465116848], [174.489265271825, -36.8940453499987], [174.489272312332, -36.8940444054331], [174.489279312162, -36.8940436777066], [174.489286260097, -36.8940431669598], [174.489293156311, -36.8940428822044], [174.489300000631, -36.8940428144287], [174.489306804274, -36.8940429634921], [174.489313556198, -36.8940433385469], [174.489320244832, -36.8940439217105], [174.489326937318, -36.8940447031276], [174.489333831758, -36.8940454820125], [174.489340972504, -36.8940462307679], [174.489348359907, -36.8940469674168], [174.489355993441, -36.8940476649246], [174.489363862412, -36.8940483504665], [174.48937197769, -36.8940490058788], [174.489380350493, -36.8940496310206], [174.489388958559, -36.8940502351849], [174.489397813106, -36.8940508182309], [174.48940690274, -36.8940513712877], [174.489416250075, -36.8940519030854], [174.489425832497, -36.8940524048938], [174.4894356614, -36.8940528855836], [174.48944573661, -36.8940533361433], [174.489456058301, -36.8940537655844], [174.489466626474, -36.8940541739068], [174.489477429733, -36.8940545522395], [174.489488490694, -36.8940549093127], [174.489499786741, -36.8940552363962], [174.48951131805, -36.8940555425013], [174.48952282657, -36.8940558308636], [174.489534211148, -36.8940560937376], [174.489545449521, -36.8940563404162], [174.489556552733, -36.8940565617474], [174.489567520959, -36.8940567667425], [174.489578354025, -36.8940569463902], [174.489589052105, -36.894057109702], [174.489599615199, -36.894057256678], [174.489610031912, -36.8940573784473], [174.489620324684, -36.8940574747286], [174.489630471426, -36.8940575638264], [174.489640483007, -36.8940576275769], [174.489650359427, -36.8940576659803], [174.489660100862, -36.894057688048], [174.48966970731, -36.89405769378], [174.489679167378, -36.8940576743058], [174.489688503504, -36.8940576293436], [174.4896976936, -36.8940575771983], [174.489706759755, -36.8940574995652], [174.489715679529, -36.8940573967259], [174.489724510948, -36.8940573671037], [174.489733346045, -36.8940575267232], [174.489742173951, -36.8940578937479], [174.489750983097, -36.8940584502957], [174.489759795922, -36.894059196085], [174.489768601556, -36.8940601492797], [174.489777399649, -36.8940612918567], [174.489786190377, -36.8940626328275], [174.489794973564, -36.8940641631806], [174.489803749386, -36.8940658919275], [174.489812529062, -36.8940678189276], [174.489821290153, -36.8940699444621], [174.489830043704, -36.8940722593789], [174.489838801109, -36.8940747725489], [174.489847539754, -36.8940774752419], [174.48985628243, -36.8940803851994], [174.489865006345, -36.89408348468], [174.489873734116, -36.8940867824137], [174.489882443126, -36.8940902696704], [174.489891155992, -36.8940939551802], [174.489899816089, -36.8940978126121], [174.489908207441, -36.894101700455], [174.489916330049, -36.8941056187089], [174.489924172692, -36.8941095675148], [174.489931735372, -36.8941135468725], [174.489939017911, -36.8941175477707], [174.489946031706, -36.8941215790802], [174.489952765536, -36.8941256409418], [174.489959208007, -36.8941297244846], [174.489965392953, -36.8941338382982], [174.489971286714, -36.8941379828047], [174.489976911556, -36.8941421487112], [174.489982245213, -36.8941463453108], [174.489987310125, -36.8941505723219], [174.489992095073, -36.8941548298854], [174.4899966111, -36.894159108849], [174.490000835943, -36.8941634185058], [174.490004791865, -36.8941677495628], [174.490008467822, -36.8941721111723], [174.490011863815, -36.8941765033344], [174.490015002107, -36.8941809167559], [174.49001818335, -36.8941852304877], [174.490021519216, -36.8941894160877], [174.49002499831, -36.8941934646852], [174.490028632025, -36.894197385151], [174.490032420013, -36.894201159462], [174.490036351404, -36.894204805782], [174.490040437418, -36.8942083239702], [174.490044666483, -36.8942116961443], [174.490049061391, -36.8942149400459], [174.490053588307, -36.8942180470856], [174.490058281065, -36.8942210258527], [174.49006311705, -36.8942238676172], [174.490068096264, -36.894226572379], [174.490073230099, -36.894229149009], [174.490078518207, -36.8942315794839], [174.490083949892, -36.8942338909792], [174.49008953585, -36.8942360563195], [174.490095276429, -36.8942380935279], [174.490101160237, -36.8942399937334], [174.490107198491, -36.8942417567954], [174.49011335841, -36.8942434281937], [174.490119640343, -36.8942450259514], [174.490126022027, -36.8942465593614], [174.490132503286, -36.8942480194122], [174.490139095691, -36.894249423986], [174.49014579889, -36.8942507550599], [174.49015261306, -36.8942520216453], [174.490159538024, -36.8942532147307], [174.49016656274, -36.8942543434684], [174.490173698425, -36.8942554077175], [174.49018093386, -36.8942564076188], [174.490188280091, -36.8942573340199], [174.490195737292, -36.8942581959325], [174.490203305462, -36.8942589933565], [174.490210973383, -36.8942597264326], [174.490218752099, -36.8942603860086], [174.490226641785, -36.8942609810958], [174.490234631221, -36.8942615118351], [174.490242731452, -36.8942619690742], [174.490250942653, -36.8942623618246], [174.490259209426, -36.894262726836], [174.490267353835, -36.8942631474643], [174.490275376405, -36.894263650744], [174.490283265741, -36.8942642278044], [174.490291021668, -36.894264869634], [174.490298655756, -36.8942655941151], [174.490306167655, -36.8942663832248], [174.49031354632, -36.8942672461152], [174.490320803146, -36.8942681916572], [174.490327926563, -36.8942692019685], [174.490334916747, -36.8942702860606], [174.490341784916, -36.8942714437929], [174.490348531072, -36.8942726751654], [174.490355143994, -36.8942739803187], [174.490361634902, -36.8942753591123], [174.490367992576, -36.8942768116869], [174.490374228236, -36.8942783379016], [174.490380330663, -36.8942799378974], [174.490386311076, -36.8942816115335], [174.49039215808, -36.894283349939], [174.49039789429, -36.8942851618442], [174.490403630675, -36.8942869827605], [174.490409411588, -36.8942887850905], [174.490415237206, -36.8942905778456], [174.490421096132, -36.8942923521551], [174.490426999761, -36.8942941168897], [174.490432936875, -36.8942958721902], [174.490438918517, -36.8942976089043], [174.490444944862, -36.8942993360435], [174.490451004692, -36.8943010537486], [174.490457109049, -36.8943027528671], [174.490463246891, -36.8943044425516], [174.490469429437, -36.8943061226612], [174.490475645291, -36.894307784325], [174.490481917068, -36.8943094362732], [174.49048821111, -36.8943110789279], [174.49049454968, -36.8943127029962], [174.490500932954, -36.8943143174895], [174.490507360931, -36.8943159224079], [174.490513822217, -36.8943175088806], [174.490520316987, -36.894319085919], [174.490527015639, -36.8943207595501], [174.490534031947, -36.8943226094698], [174.490541343471, -36.8943246359596], [174.490548972652, -36.894326838738], [174.490556908445, -36.8943292269572], [174.490565161718, -36.8943317824532], [174.490573710209, -36.8943345145192], [174.490582576531, -36.8943374318849], [174.490591760334, -36.8943405165273], [174.49060123953, -36.894343786751], [174.490611036383, -36.8943472332626], [174.490621150717, -36.8943508470507], [174.490631560445, -36.8943546464198], [174.490642287829, -36.8943586220767], [174.490653321651, -36.8943627741621], [174.49066467313, -36.8943671025351], [174.490676331047, -36.8943716073364], [174.490688295577, -36.8943762975774], [174.49070056637, -36.8943811552351], [174.490713154821, -36.8943861891799], [174.490725877559, -36.8943912034109], [174.49073833278, -36.894395734256], [174.490750508915, -36.894399763833], [174.490762394918, -36.8944033012944], [174.490774001833, -36.8944063374879], [174.490785329661, -36.8944088724136], [174.490796378402, -36.8944109060716], [174.490807136834, -36.8944124386028], [174.490817616353, -36.894413478878], [174.490827816608, -36.8944140088743], [174.490837726906, -36.8944140557669], [174.490847369159, -36.89441359224], [174.490856721103, -36.8944126275866], [174.490865794133, -36.8944111706776], [174.490874576853, -36.8944092126423], [174.490883091704, -36.8944067531992], [174.490891316246, -36.8944037926299], [174.490899261872, -36.8944003398053], [174.490906917014, -36.894396376843], [174.490914293241, -36.8943919216256], [174.490921436834, -36.8943870456819], [174.490928671937, -36.8943822587266], [174.490936034137, -36.8943776594642], [174.490943546048, -36.8943732566244], [174.490951196276, -36.8943690413365], [174.49095899604, -36.8943650134598], [174.490966934296, -36.8943611821465], [174.490975010869, -36.8943575383851], [174.490983236979, -36.8943540820346], [174.490991601581, -36.8943508222475], [174.491000104499, -36.8943477500122], [174.49100875713, -36.8943448741993], [174.491017548077, -36.8943421859381], [174.491026477341, -36.8943396852286], [174.491035556143, -36.8943373719299], [174.491044773436, -36.8943352551943], [174.491054140442, -36.894333334881], [174.49106364559, -36.8943315931078], [174.49107328923, -36.8943300478975], [174.491083082583, -36.8943286991095], [174.491093002858, -36.8943275290021], [174.491102858795, -36.8943265129349], [174.491112515058, -36.8943256165517], [174.491121982691, -36.8943248307001], [174.491131250824, -36.894324173544], [174.491140330502, -36.8943236359312], [174.491149210506, -36.8943232180025], [174.491157902055, -36.8943229196171], [174.491166405149, -36.8943227407752], [174.491174708569, -36.8943226816174], [174.491182823534, -36.8943227420032], [174.491190739, -36.8943229310848], [174.491198465836, -36.8943232306983], [174.491205992998, -36.8943236499963], [174.491213331881, -36.8943241978495], [174.491220482133, -36.8943248562347], [174.491227432888, -36.894325643316], [174.491234183968, -36.8943265500818], [174.491240746418, -36.8943275673798], [174.491247120589, -36.8943287132332], [174.491253295086, -36.8943299787712], [174.491259449599, -36.8943313707519], [174.491265842706, -36.8943329129707], [174.491272485451, -36.894334596275], [174.491279377834, -36.8943364206649], [174.491286520031, -36.8943383951519], [174.491293912042, -36.8943405197359], [174.491301553691, -36.8943427854052], [174.491309445155, -36.8943452011715], [174.491317597476, -36.8943477578823], [174.491325988392, -36.8943504648307], [174.491334640167, -36.8943533127234], [174.491343530536, -36.8943563108537], [174.491352681763, -36.8943594499283], [174.491362071586, -36.8943627392402], [174.491371722267, -36.8943661694963], [174.491381622762, -36.8943697498488], [174.491391772897, -36.8943734712862], [174.491402172846, -36.8943773428199], [174.491412822435, -36.8943813554383], [174.491423721839, -36.8943855181529], [174.491434891218, -36.894389713532], [174.49144644364, -36.8943934083459], [174.491458389098, -36.894396539373], [174.49147073846, -36.8943990884493], [174.491483491902, -36.8944010645862], [174.491496626984, -36.8944024680652], [174.491510166145, -36.8944032986045], [174.491524109384, -36.8944035562041], [174.491538445482, -36.8944032410045], [174.491553174439, -36.8944023530057], [174.491568307298, -36.8944008830552], [174.49158382197, -36.8943988494576], [174.491599751939, -36.8943962427787], [174.49161606337, -36.8943930544292], [174.491632790272, -36.8943893020096], [174.491649898635, -36.8943849679192], [174.491667411249, -36.8943800698992], [174.491685316542, -36.8943745900673], [174.49170362591, -36.8943685372938], [174.491722328131, -36.8943619117196], [174.491741401293, -36.8943547406607], [174.491760406959, -36.8943475614327], [174.491779136514, -36.8943406110121], [174.491797600829, -36.8943338712351], [174.491815800255, -36.8943273601249], [174.491833734615, -36.8943210686701], [174.491851392692, -36.8943149970116], [174.49186878588, -36.8943091540203], [174.491885914003, -36.8943035306847], [174.491902777063, -36.8942981270049], [174.49191936384, -36.894292943122], [174.491935685728, -36.8942879879067], [174.491951742553, -36.8942832523474], [174.491967534315, -36.8942787364445], [174.491983049795, -36.8942744403388], [174.491998300388, -36.8942703729011], [174.492013285917, -36.89426652512], [174.492028006385, -36.8942628969955], [174.492042450571, -36.8942594886687], [174.49205662987, -36.8942563090103], [174.492070544107, -36.8942533490088], [174.492084271294, -36.8942505806434], [174.492097911705, -36.8942479665996], [174.49211148778, -36.8942455065958], [174.49212497708, -36.8942432009138], [174.492138390824, -36.8942410494126], [174.492151728837, -36.8942390430808], [174.49216498025, -36.8942372000824], [174.492178156109, -36.8942355112649], [174.492191256412, -36.8942339766284], [174.492204281159, -36.8942325961729], [174.492217218957, -36.8942313610278], [174.492230081375, -36.8942302890753], [174.492242857018, -36.8942293714448], [174.492255568151, -36.8942285988429], [174.492268192685, -36.8942279895747], [174.492280741664, -36.8942275344875], [174.492293203693, -36.8942272247109], [174.492305601563, -36.8942270779861], [174.492317912659, -36.8942270855834], [174.492330148025, -36.8942272383505], [174.492342396541, -36.8942274901021], [174.492355057551, -36.8942276014646], [174.492368141924, -36.8942275542741], [174.49238166088, -36.8942273483893], [174.492395614417, -36.8942269838101], [174.492410002537, -36.8942264605363], [174.49242481402, -36.8942257787089], [174.492440060084, -36.8942249381865], [174.492455740731, -36.8942239389692], [174.492471856135, -36.8942227900682], [174.492488405944, -36.8942214734604], [174.492505379116, -36.8942199982979], [174.492522798089, -36.8942183642988], [174.492540640599, -36.8942165807563], [174.492558917514, -36.8942146295061], [174.492577629011, -36.8942125195597], [174.492596763868, -36.8942102510577], [174.492616344702, -36.8942078327296], [174.49263634872, -36.8942052468339], [174.492656787495, -36.8942025112528], [174.492677582487, -36.8941996269726], [174.492697784944, -36.8941968582987], [174.492717093164, -36.8941942721186], [174.492735507148, -36.8941918684326], [174.492753027071, -36.8941896562527], [174.492769652758, -36.8941876265678], [174.492785384384, -36.8941857883897], [174.492800221775, -36.8941841327072], [174.492814164931, -36.8941826595208], [174.492827214026, -36.8941813778422], [174.492839368887, -36.8941802786602], [174.492850618468, -36.8941793711276], [174.492860985034, -36.8941786459511], [174.492870457365, -36.894178103272], [174.492879035637, -36.894177752102], [174.492886708455, -36.8941775835707], [174.492893498433, -36.894177606408], [174.492899382957, -36.8941778118843], [174.492904384466, -36.8941781997178], [174.492908480697, -36.8941787792022], [174.492911693913, -36.894179541044], [174.49291500477, -36.8941801303978], [174.492919349046, -36.8941801929822], [174.492924715873, -36.8941797469609], [174.492931093854, -36.8941787834634], [174.492938516649, -36.8941773020665], [174.492946950599, -36.894175303193], [174.492956407099, -36.8941727957132], [174.492966897191, -36.8941697704744], [174.492978409658, -36.8941662276172], [174.492990933277, -36.8941621672825], [174.493004501884, -36.8941575980584], [174.493019081468, -36.8941525023445], [174.493034683598, -36.8941468980225], [174.49305131932, -36.8941407759395], [174.493068966368, -36.8941341453886], [174.49308764683, -36.8941269880643], [174.493107349836, -36.8941193221302], [174.493128086431, -36.8941111384331], [174.493149834173, -36.8941024372548], [174.493172615678, -36.894093227324], [174.493196085594, -36.8940836391733], [174.493219365297, -36.89407408045], [174.493242398866, -36.8940645608709], [174.49326519787, -36.8940550983182], [174.493287739521, -36.894045675051], [174.493310046432, -36.8940362997989], [174.493332107384, -36.8940269727031], [174.493353922377, -36.8940176937638], [174.493375502457, -36.8940084538284], [174.493396825533, -36.8939992712023], [174.493417913696, -36.8939901275804], [174.493438744856, -36.893981041268], [174.493459341103, -36.8939719939602], [174.493479702435, -36.8939629856569], [174.493499806766, -36.8939540346636], [174.493519665139, -36.8939451318276], [174.493539288599, -36.8939362679967], [174.493558666277, -36.893927461335], [174.493577797822, -36.8939186938195], [174.493596683411, -36.8939099744619], [174.493615323569, -36.8939013302969], [174.493633655194, -36.8938929784475], [174.493651657254, -36.8938849912881], [174.493669351835, -36.8938773505136], [174.493686727895, -36.8938700652767], [174.493703774214, -36.8938631357187], [174.493720513232, -36.8938565615576], [174.493736922334, -36.8938503340641], [174.493753013092, -36.8938444711203], [174.493768785154, -36.8938389547033], [174.493784238696, -36.8938337938247], [174.493799373543, -36.8938289794732], [174.493814190047, -36.8938245296718], [174.493828676636, -36.8938204265388], [174.493842855927, -36.8938166788036], [174.493856705479, -36.8938132867485], [174.493870236514, -36.8938102502325], [174.49388346025, -36.8938075691146], [174.493896354073, -36.8938052346656], [174.493908929379, -36.893803255756], [174.493921186168, -36.893801632386], [174.493933264321, -36.8938000563297], [174.493945260951, -36.8937983280641], [174.493957164837, -36.8937964477301], [174.493968987199, -36.8937944151869], [174.493980728038, -36.8937922304343], [174.493992387352, -36.8937898934724], [174.494003953923, -36.8937874044424], [174.49401543897, -36.8937847632031], [174.494026842492, -36.8937819697546], [174.494038164666, -36.8937790331085], [174.494049393921, -36.8937759353827], [174.494060541651, -36.8937726854479], [174.494071607856, -36.8937692833039], [174.494082581318, -36.893765729092], [174.494093473431, -36.8937620316825], [174.494104283844, -36.8937581730524], [174.494115012732, -36.8937541622133], [174.494125649051, -36.8937500083179], [174.494136203671, -36.893745693202], [174.494146676765, -36.8937412258771], [174.494157113388, -36.8937366147904], [174.494167625385, -36.8937318405077], [174.494178224326, -36.8937269209109], [174.49418889864, -36.893721838118], [174.494199648678, -36.8937166101522], [174.494210474089, -36.8937112189902], [174.494221386443, -36.893705682514], [174.494232362951, -36.8936999829829], [174.494243437622, -36.8936941379964], [174.494254576446, -36.8936881299549], [174.494265802213, -36.8936819765991], [174.494277103529, -36.8936756690586], [174.494288480216, -36.8936691983219], [174.494299932628, -36.893662582412], [174.494311471806, -36.8936558121762], [174.494323086357, -36.8936488787441], [174.494334776631, -36.8936418001388], [174.494346553671, -36.8936345672075], [174.49435840626, -36.8936271800914], [174.494370334395, -36.8936196387904], [174.49438227164, -36.893611989209], [174.494393797449, -36.8936045340902], [174.49440484556, -36.89359732835], [174.494415393535, -36.8935903722709], [174.494425463637, -36.8935836565593], [174.494435056042, -36.8935771902267], [174.494444148311, -36.8935709735555], [174.494452762884, -36.8935650062636], [174.494460899584, -36.8935592793396], [174.49446853615, -36.8935538020773], [174.494475694843, -36.893548565183], [174.494482375841, -36.8935435776684], [174.494488567923, -36.8935388396746], [174.494494270914, -36.8935343421903], [174.494499485167, -36.8935301032385], [174.494504221548, -36.893526104655], [174.494508468839, -36.8935223465812], [174.494512227215, -36.8935188380285], [174.494515507897, -36.8935155788559], [174.494518299664, -36.8935125692046], [174.494520624604, -36.8935097907692], [174.494522980743, -36.8935068857491], [174.494525645053, -36.8935036703853], [174.494528583876, -36.8935001451012], [174.49453183087, -36.8934963094734], [174.494535363772, -36.8934921727956], [174.49453919345, -36.8934877169037], [174.49454330886, -36.8934829509503], [174.494547732617, -36.8934778836646], [174.49455243071, -36.8934724974469], [174.494557436975, -36.8934668008853], [174.494562729146, -36.8934608032736], [174.494568318268, -36.893454495459], [174.494574204166, -36.8934478684301], [174.49458037597, -36.8934409403509], [174.494586844549, -36.8934336930573], [174.494593599035, -36.8934261447133], [174.49460066169, -36.8934182860252], [174.494608010076, -36.893410117275], [174.494615644192, -36.8934016384629], [174.494623586477, -36.8933928493065], [174.494631694769, -36.8933839408825], [174.49463981832, -36.8933752395817], [174.49464794556, -36.8933667275222], [174.494656065445, -36.8933584138567], [174.494664200238, -36.8933502892913], [174.494672339072, -36.8933423719904], [174.494680481594, -36.8933346439307], [174.494688616938, -36.8933271232765], [174.49469676719, -36.8933197917225], [174.494704921308, -36.8933126584213], [174.494713067895, -36.8933057145026], [174.494721229742, -36.8932989777071], [174.494729395279, -36.8932924301528], [174.494737564856, -36.8932860898629], [174.494745726904, -36.8932799389555], [174.494753904036, -36.8932739861597], [174.494762084858, -36.8932682226052], [174.494770258502, -36.8932626664562], [174.494778447055, -36.8932572994073], [174.494786639473, -36.8932521306113], [174.494794914117, -36.8932471500683], [174.494803673308, -36.8932422715927], [174.494812939658, -36.8932375039134], [174.494822735255, -36.8932328287249], [174.494833049233, -36.8932282641913], [174.494843881413, -36.8932238013011], [174.494855231798, -36.8932194400539], [174.494867089167, -36.893215180591], [174.494879487178, -36.8932110224885], [174.494892392349, -36.8932069751814], [174.494905815547, -36.8932030205052], [174.494919757125, -36.893199176483], [174.494934228126, -36.8931954339616], [174.494949205935, -36.893191784212], [174.494964713342, -36.8931882449744], [174.494980727909, -36.893184816531], [174.494997271724, -36.8931814805764], [174.495014333741, -36.8931782462628], [174.495031914137, -36.8931751226017], [174.495050012562, -36.8931720915697], [174.49506860675, -36.8931691624606], [174.49508718796, -36.8931661433746], [174.495105575624, -36.893162982502], [174.495123769391, -36.8931596618196], [174.495141780833, -36.8931561992095], [174.495159587158, -36.8931525769312], [174.495177211158, -36.8931488127252], [174.49519463004, -36.8931448888512], [174.495211855377, -36.893140823191], [174.495228898037, -36.8931365975804], [174.495245735931, -36.893132230325], [174.495262391147, -36.8931277031194], [174.495278841598, -36.8931230342692], [174.495295109371, -36.893118205469], [174.495311183597, -36.8931132348831], [174.495327052883, -36.8931081136412], [174.49534273949, -36.8931028324496], [174.495358221332, -36.8930974096138], [174.495373520671, -36.8930918358398], [174.495388626289, -36.893086111269], [174.495403526789, -36.8930802270312], [174.495418382936, -36.893074370391], [174.495433309914, -36.8930686931319], [174.49544833069, -36.8930632220059], [174.495463433868, -36.8930579481427], [174.495478619273, -36.8930528625308], [174.49549388708, -36.8930479741816], [174.495509248509, -36.8930432829539], [174.495524692341, -36.8930387889889], [174.495540218576, -36.8930344922865], [174.495555838258, -36.893030383694], [174.495571540342, -36.8930264723641], [174.49558732483, -36.8930227582967], [174.49560319172, -36.8930192414918], [174.495619152234, -36.8930159218081], [174.495635195151, -36.8930127993869], [174.495651320296, -36.8930098652165], [174.495667539239, -36.8930071371787], [174.495683840411, -36.8930045973917], [174.495700223986, -36.8930022548671], [174.49571668979, -36.8930001005931], [174.495733202933, -36.892998071913], [174.495749612637, -36.8929959183409], [174.4957659182, -36.8929936038306], [174.495782097359, -36.8929911376762], [174.49579818377, -36.8929885194541], [174.495814143953, -36.8929857585995], [174.495829988775, -36.8929828369483], [174.495845729806, -36.8929797723822], [174.495861366695, -36.8929765468783], [174.495876877179, -36.8929731697306], [174.495892283872, -36.8929696496682], [174.495907575204, -36.8929659688094], [174.495922762745, -36.8929621450359], [174.495937823704, -36.8929581606073], [174.495952780873, -36.8929540332642], [174.4959676339, -36.8929497449836], [174.495982360696, -36.892945314071], [174.495996983526, -36.8929407312325], [174.496011490993, -36.8929359875978], [174.496025894669, -36.8929311010489], [174.49604023908, -36.8929260529974], [174.496055164085, -36.8929208534131], [174.496070837798, -36.8929154911648], [174.496087282659, -36.8929099659697], [174.496104476052, -36.8929042690986], [174.496122440767, -36.8928984182915], [174.496141154191, -36.8928924048193], [174.496160627541, -36.8928862285402], [174.496180860817, -36.8928798894539], [174.49620185402, -36.89287338756], [174.496223606972, -36.8928667138466], [174.496246120026, -36.8928598863363], [174.496269393004, -36.8928528960172], [174.496293425908, -36.8928457428889], [174.496318207516, -36.8928384270921], [174.496343760267, -36.8928309483439], [174.496370061723, -36.8928233069262], [174.496397134321, -36.8928155025562], [174.496424955622, -36.8928075355157], [174.496453536846, -36.8927994056631], [174.496482878167, -36.8927911220093], [174.496511851002, -36.8927829331273], [174.49653956202, -36.8927750666004], [174.496565988785, -36.8927675227122], [174.496591142691, -36.8927603103336], [174.496615034609, -36.892753411301], [174.496637642274, -36.8927468349095], [174.496658976908, -36.8927405810183], [174.496679049731, -36.8927346494869], [174.496697838303, -36.8927290405984], [174.496715353846, -36.8927237542123], [174.496731607578, -36.8927187901877], [174.496746577062, -36.8927141488077], [174.496760284561, -36.8927098207787], [174.496772707988, -36.8927058244069], [174.496783858388, -36.8927021505397], [174.496793746803, -36.8926987900246], [174.496802351148, -36.8926957611677], [174.496809693685, -36.892693054675], [174.496815751801, -36.892690661818], [174.496820548285, -36.8926886003372], [174.496824552593, -36.8926867741804], [174.496828995512, -36.8926849965795], [174.496833932964, -36.8926832578161], [174.496839364949, -36.8926815578902], [174.496845280071, -36.8926798879314], [174.496851689901, -36.8926782658215], [174.496858582869, -36.8926766736786], [174.496865970369, -36.8926751203729], [174.496873852401, -36.8926736059042], [174.496882228966, -36.8926721302725], [174.496891088845, -36.892670693619], [174.496900443079, -36.8926692867906], [174.496910280803, -36.8926679279518], [174.496920612883, -36.892666598938], [174.496931439496, -36.8926653087605], [174.496942749421, -36.8926640575606], [174.496954553879, -36.8926628451969], [174.496966852869, -36.892661671669], [174.496979646216, -36.8926605279655], [174.496992923051, -36.8926594322504], [174.49700660396, -36.8926583404559], [174.497020113585, -36.8926570975848], [174.497033294152, -36.8926556695705], [174.497046167746, -36.8926540381074], [174.497058723501, -36.8926522213599], [174.497070972459, -36.8926502101753], [174.497082903577, -36.8926480137065], [174.497094527723, -36.8926456137893], [174.49710582281, -36.8926430287296], [174.497116822496, -36.8926402581032], [174.49712749277, -36.8926372843114], [174.497137856424, -36.8926341250945], [174.497147902061, -36.8926307715825], [174.497157640902, -36.8926272236341], [174.497167061903, -36.8926234904022], [174.497176164887, -36.8926195628754], [174.497184961075, -36.8926154409125], [174.497193450642, -36.8926111335249], [174.497201610973, -36.8926066319841], [174.497209464508, -36.8926019360072], [174.497217011246, -36.8925970455944], [174.497224591464, -36.8925921457454], [174.497232408873, -36.8925873240302], [174.497240463473, -36.8925825804487], [174.497248766657, -36.8925779238709], [174.497257307208, -36.8925733544382], [174.497266096168, -36.8925688629976], [174.497275111099, -36.892564449832], [174.497284374615, -36.8925601236699], [174.497293875321, -36.8925558756411], [174.497303624612, -36.8925517146157], [174.49731361127, -36.8925476407352], [174.497323834941, -36.8925436359763], [174.497334296155, -36.8925397273736], [174.497345005778, -36.8925358967625], [174.497355952591, -36.8925321442845], [174.497367136769, -36.8925284789508], [174.497378558138, -36.8925248917501], [174.497390228092, -36.8925213915523], [174.497402135236, -36.8925179694873], [174.497414290966, -36.8925146344249], [174.497426503671, -36.8925113437118], [174.497438469549, -36.8925080561087], [174.497450177206, -36.8925047627455], [174.49746162664, -36.8925014636223], [174.497472818027, -36.8924981677507], [174.497483739798, -36.8924948572491], [174.497494414565, -36.8924915408464], [174.497504831286, -36.8924882276955], [174.497514978566, -36.8924849089264], [174.497524878667, -36.8924815752448], [174.497534520723, -36.8924782448151], [174.497543893336, -36.8924749087675], [174.497553019124, -36.8924715758306], [174.497561875294, -36.8924682282642], [174.497570484461, -36.8924648747972], [174.497578824364, -36.8924615247239], [174.497586917087, -36.8924581597385], [174.497594740546, -36.8924547981469], [174.497602317003, -36.8924514306549], [174.497609624018, -36.8924480575452], [174.497616729084, -36.892444686981], [174.497623902523, -36.8924413696368], [174.497631200606, -36.8924381138169], [174.497638612115, -36.8924349196627], [174.497646137049, -36.8924317871742], [174.497653775232, -36.89242870734], [174.49766153806, -36.89242568903], [174.497669403271, -36.8924227415386], [174.49767739295, -36.8924198465598], [174.497685495878, -36.8924170042352], [174.497693723627, -36.8924142324462], [174.497702064626, -36.8924115133113], [174.497710508007, -36.8924088649949], [174.497719087075, -36.8924062690495], [174.49772776835, -36.8924037349111], [174.49773657427, -36.8924012622968], [174.49774548222, -36.8923988424778], [174.497754514991, -36.8923964931942], [174.497763661011, -36.8923941965646], [174.497772931676, -36.8923919614588], [174.497782304724, -36.8923897971713], [174.497791725465, -36.8923877765014], [174.497801138686, -36.8923859452138], [174.497810555428, -36.8923842941556], [174.497819964824, -36.8923828414912], [174.497829388962, -36.8923815689146], [174.497838805578, -36.8923804857205], [174.497848214674, -36.8923795919086], [174.497857638686, -36.8923788871961], [174.497867055002, -36.8923783628544], [174.497876475191, -36.8923780367651], [174.497885898903, -36.8923778909052], [174.497895315094, -36.8923779344275], [174.497904746203, -36.8923781670493], [174.497914158572, -36.8923785891947], [174.497923585859, -36.8923792004396], [174.497933016668, -36.8923799919139], [174.497942440133, -36.8923809817819], [174.497951867121, -36.8923821518793], [174.497961286588, -36.8923835113589], [174.497970720797, -36.8923850509264], [174.497980122582, -36.8923866539981], [174.497989454585, -36.8923881317569], [174.497998728026, -36.8923894840611], [174.498007931686, -36.8923907110524], [174.498017076783, -36.8923918125893], [174.498026163142, -36.8923927796603], [174.498035179895, -36.8923936304298], [174.49804412669, -36.892394346875], [174.498053014923, -36.8923949378658], [174.498061833374, -36.8923954035437], [174.498070593263, -36.8923957437673], [174.498079283193, -36.8923959496666], [174.498087914737, -36.8923960391231], [174.498096476323, -36.8923959942552], [174.498104979522, -36.8923958329446], [174.498113423983, -36.8923955371683], [174.498121787442, -36.8923951162206], [174.498130103557, -36.8923945696773], [174.498138338671, -36.8923938979627], [174.498146526441, -36.8923931006524], [174.498154679144, -36.892392231674], [174.498163003308, -36.8923915227798], [174.498171510856, -36.8923910098743], [174.498180201436, -36.8923906749345], [174.498189075225, -36.8923905269719], [174.498198121178, -36.8923905751393], [174.498207350165, -36.8923908012722], [174.498216773579, -36.8923912142407], [174.498226369159, -36.8923918233391], [174.498236147772, -36.8923926104029], [174.498246098374, -36.8923935845851], [174.498256243404, -36.8923947456026], [174.49826657182, -36.8923961026083], [174.498277072049, -36.8923976377208], [174.498287755487, -36.8923993598099], [174.498298622135, -36.8924012688757], [174.498309671992, -36.892403364918], [174.498320905059, -36.8924056479368], [174.498332321335, -36.8924081179321], [174.49834392082, -36.8924107749037], [174.49835570334, -36.8924136098402], [174.498367888875, -36.8924163946239], [174.498380510028, -36.892419074761], [174.498393600455, -36.8924216498269], [174.498407137367, -36.8924241020814], [174.498421121115, -36.8924264495475], [174.498435562742, -36.8924286830719], [174.498450462426, -36.892430811666], [174.498465808769, -36.8924328264596], [174.498481612991, -36.892434727311], [174.498497863874, -36.8924365143616], [174.498514572812, -36.8924381964811], [174.498531739629, -36.892439764658], [174.498549353107, -36.8924412190334], [174.498567424463, -36.8924425594657], [174.498585942655, -36.8924437951077], [174.498604918726, -36.8924449168061], [174.498624341634, -36.8924459337138], [174.49864422242, -36.8924468366776], [174.498685346408, -36.8924483009137], [174.498723206622, -36.8924619117416]]}, "properties": {"OBJECTID": 1185, "TRACKNAME": "Wainamu Bush Track", "CONDITIONSOFUSE": "Waitakere North Regional Park", "STATUS": "Temp Closed", "WEBLINK": "https://www.aucklandcouncil.govt.nz/en/parks-recreation/find-park-beach/park-detail/3407.html", "VALIDATIONSTATE": 3, "created_user": "AC_owner", "last_edited_user": "AC_owner", "last_edited_date": 1789875254325, "created_date": 1789875254325, "PARK_SAPSITEID": null, "TRACK_ID": null, "KAURIDIEBACK_TRACK": null, "KAURIDIEBACK_MITIGATED": null, "SegmentID": null, "GlobalID": "f28bfd99-8c91-4db8-a31c-788d84b0aa31", "Shape__Length": 2543.7456215513066}}]}