{"type": "FeatureCollection", "features": [{"type": "Feature", "id": 4711, "geometry": {"type": "MultiLineString", "coordinates": [[[175.084863919888, -36.8202503438575], [175.084861192713, -36.8202398221397], [175.084861193613, -36.8202398140122], [175.084861195194, -36.8202397896494], [175.084862753724, -36.8202237705332], [175.084862757228, -36.8202237344197], [175.084863988639, -36.8202077237452], [175.084866685683, -36.8201649998479], [175.084868287889, -36.8201434847348], [175.084868650976, -36.8201383571752], [175.084868652533, -36.8201383319115], [175.084868653433, -36.820138323784], [175.084869070562, -36.8201303129168], [175.084869072897, -36.8201302750212], [175.084869323797, -36.8201222526489], [175.084869324136, -36.8201222238013], [175.08486932535, -36.8201221859254], [175.084869317195, -36.8201207286651]], [[175.084869317195, -36.8201207286651], [175.084869314558, -36.8201206728307], [175.08486930656, -36.8201205846435], [175.084866957268, -36.8201017210681], [175.084866950296, -36.8201016707175], [175.084866948907, -36.8201016608276], [175.08486694123, -36.8201016258115], [175.084866736213, -36.8201007632576], [175.084865499825, -36.8200958106656], [175.084865490979, -36.8200957738674], [175.084865489785, -36.8200957711844], [175.084864137642, -36.8200908080046], [175.084864133938, -36.8200907954513], [175.084864127724, -36.8200907730278], [175.08486268519, -36.8200858664128], [175.084862675394, -36.8200858359404], [175.084862672909, -36.820085826971], [175.084861107553, -36.8200808972738], [175.08486065463, -36.8200794919787], [175.084860654581, -36.8200794901769], [175.084854122479, -36.8200594633845], [175.084854112708, -36.820059433813], [175.08485411149, -36.8200594302292], [175.084853553365, -36.8200578248879], [175.084853553292, -36.8200578221853], [175.084851250461, -36.8200513290485], [175.08485124683, -36.8200513191979], [175.084851235914, -36.8200512887451], [175.084848799677, -36.8200448781641], [175.084848786423, -36.8200448441471], [175.084848783986, -36.8200448369795], [175.084846199108, -36.8200384019665], [175.084846196696, -36.8200383956997], [175.084846183514, -36.8200383643854], [175.084837153482, -36.8200169654627], [175.084828040386, -36.8199955211284], [175.084810158755, -36.8199537620528], [175.084792394282, -36.8199121883897], [175.084792326086, -36.8199120300556]], [[175.084792326086, -36.8199120300556], [175.084792280181, -36.8199119082839], [175.084792275382, -36.8199118966511], [175.084792219707, -36.8199117453078], [175.084790630892, -36.8199077272361], [175.084790624898, -36.8199077129204], [175.084790616419, -36.8199076896353], [175.08478907012, -36.8199035031759], [175.084789064101, -36.8199034879593], [175.08478905801, -36.8199034700401], [175.084787598206, -36.8198992487155], [175.084787592164, -36.819899232598], [175.084787585999, -36.8198992119762], [175.084786209354, -36.8198949567461], [175.084786198291, -36.8198949208881], [175.08478491599, -36.8198906721149], [175.084783657683, -36.8198864400455], [175.084783647815, -36.8198864068705], [175.084781923064, -36.8198809734367], [175.084781916924, -36.8198809537158], [175.084781910832, -36.8198809357966], [175.084780061558, -36.8198754991392], [175.084780052957, -36.8198754713497], [175.084778071584, -36.8198700415156], [175.084778066711, -36.8198700271803], [175.08477805465, -36.8198699958463], [175.084776929988, -36.8198671359165], [175.084776922776, -36.819867118017], [175.084776920388, -36.819867112651], [175.084769445409, -36.8198488166646], [175.084769441803, -36.8198488077149], [175.08476942984, -36.8198487799844], [175.084765075748, -36.8198387013972], [175.084765063761, -36.8198386727659], [175.084765061398, -36.8198386683008], [175.084760127584, -36.8198277995264], [175.084757437554, -36.819822033318], [175.08474988181, -36.8198062966384], [175.084749880616, -36.8198062939554], [175.084749664533, -36.8198058497989], [175.084749655007, -36.8198058292361], [175.084749645554, -36.8198058113758], [175.084747914474, -36.8198024167949], [175.084747908602, -36.8198024069836], [175.0847478991, -36.8198023873216], [175.08474611078, -36.8197990315993], [175.084746107199, -36.8197990235504], [175.084746088366, -36.8197989905325], [175.084744228386, -36.8197956793294], [175.084744222465, -36.8197956677164], [175.084744208335, -36.8197956427278], [175.084742282102, -36.8197923687387], [175.084742264512, -36.8197923402056], [175.084742259786, -36.8197923312755], [175.084740253532, -36.8197890415652], [175.084740241814, -36.8197890228434], [175.084740225417, -36.8197889969933], [175.084738150405, -36.8197857760865], [175.084738135203, -36.8197857529193], [175.084738125848, -36.8197857386626], [175.084728487163, -36.8197714463466], [175.084718738448, -36.8197571063881], [175.084700185576, -36.8197294824498], [175.084681657854, -36.8197018346334], [175.084681655515, -36.8197018310693], [175.084681641457, -36.8197018087833], [175.084681082265, -36.8197009488356], [175.084679094473, -36.819697843567], [175.084679080392, -36.8196978203801], [175.084679068673, -36.8196978016583], [175.084677168889, -36.8196946759189], [175.084677155952, -36.8196946536132], [175.084677145379, -36.8196946357727], [175.084675324516, -36.8196914852151], [175.08467530924, -36.8196914593453], [175.084673518334, -36.8196882559869], [175.084666160583, -36.8196748159484], [175.08466615822, -36.8196748114834], [175.084666139387, -36.8196747784656], [175.084626130388, -36.8196051579684], [175.084619606093, -36.8195935131214], [175.084619603778, -36.819593510458], [175.084619586091, -36.8195934783214], [175.084613285913, -36.8195817060651], [175.084613284743, -36.819581704283], [175.084613274097, -36.8195816837398], [175.084607237795, -36.8195698446655], [175.084607223566, -36.8195698160734], [175.08460721884, -36.8195698071432], [175.084601437446, -36.8195578599483], [175.084601427944, -36.8195578402863], [175.084601419636, -36.8195578233073], [175.084595897392, -36.8195458003643], [175.084595887817, -36.8195457779997], [175.084595880679, -36.8195457628028], [175.084590635003, -36.8195336863388], [175.084590615828, -36.8195336407087], [175.084590592998, -36.8195335843271], [175.084589697484, -36.8195311539021]], [[175.084589697484, -36.8195311539021], [175.084589673045, -36.8195310795228], [175.084589647995, -36.8195309826216], [175.084585189755, -36.8195118991538], [175.084585184687, -36.8195118776114], [175.084585180836, -36.8195118596529], [175.084585173718, -36.8195118038971], [175.084585081666, -36.8195110141694], [175.084585078716, -36.8195109880834], [175.084585076059, -36.8195109728079], [175.084584372354, -36.8195059847322], [175.084584370915, -36.8195059730405], [175.084584368112, -36.8195059523597], [175.084583576253, -36.8195009793496], [175.084583573646, -36.8195009658758], [175.084583569575, -36.8195009398095], [175.084582665812, -36.8194959741697], [175.08458266457, -36.819495969685], [175.084582658112, -36.8194959382528], [175.084581651999, -36.8194910429069], [175.0845816442, -36.8194910033864], [175.084581635379, -36.8194909674891], [175.084576410955, -36.8194700056274], [175.084571215973, -36.8194489305866], [175.084571208395, -36.8194488991739], [175.084571208273, -36.8194488946696], [175.084570866815, -36.8194473828673], [175.084570864306, -36.819447372997], [175.084570859139, -36.8194473478512], [175.084569857803, -36.819442463237], [175.084569856585, -36.8194424596532], [175.084569851345, -36.8194424318047], [175.084568943672, -36.819437569883], [175.08456893853, -36.819437545638], [175.084568937165, -36.8194375366489], [175.084568125122, -36.819432646011], [175.084568121076, -36.8194326208455], [175.084568118273, -36.8194326001648], [175.084567426634, -36.8194276848827], [175.084567105747, -36.8194252371693], [175.084567101701, -36.8194252120039], [175.084567100263, -36.8194252003122], [175.084566177378, -36.819419157953], [175.08456617477, -36.8194191444792], [175.084566171967, -36.8194191237985], [175.084565138959, -36.8194131131135], [175.084565136278, -36.8194130969371], [175.084565134986, -36.8194130906507], [175.084563952682, -36.8194070726697], [175.084563951463, -36.8194070690859], [175.084563827518, -36.819406467388], [175.084563823766, -36.819406453033], [175.084563816114, -36.8194064189178], [175.084562170296, -36.8193994726142], [175.084562165178, -36.8193994492701], [175.084562160183, -36.8193994304304], [175.084560341856, -36.8193924889548], [175.084560339321, -36.8193924781837], [175.084560331865, -36.8193924512754], [175.08455837845, -36.8193855716548], [175.084558368508, -36.8193855357771], [175.084556255077, -36.8193786256146], [175.084556251446, -36.8193786157639], [175.084556242796, -36.8193785861727], [175.084553981682, -36.8193717281717], [175.084553980464, -36.8193717245879], [175.084553970742, -36.8193716968181], [175.084551575123, -36.8193648808331], [175.084551561819, -36.8193648450144], [175.084548058878, -36.8193554770378], [175.084548045624, -36.8193554430209], [175.084548043285, -36.8193554394567], [175.084543792966, -36.8193447623787], [175.084543786948, -36.8193447471622], [175.084543778542, -36.8193447265796], [175.084539307807, -36.8193341065439], [175.08453930537, -36.8193340993762], [175.084539291093, -36.8193340689824], [175.084534608155, -36.819323560824], [175.084534590223, -36.8193235196786], [175.084534577164, -36.8193234928686], [175.084533801213, -36.8193219156808], [175.084533795268, -36.8193219031668], [175.084533788154, -36.8193218888708], [175.084532130624, -36.8193186426122], [175.084532125898, -36.8193186336821], [175.084532121147, -36.8193186238511], [175.084530396875, -36.8193153967891], [175.084530389761, -36.819315382493], [175.084530374485, -36.8193153566232], [175.084528575971, -36.8193121615073], [175.084528558332, -36.8193121311725], [175.084526724504, -36.8193089979644], [175.084526706865, -36.8193089676295], [175.084526699849, -36.8193089569369], [175.084524757962, -36.8193058075978], [175.084524748632, -36.8193057942419], [175.084524739228, -36.8193057781835], [175.084522735033, -36.8193026461605], [175.084521833214, -36.8193012640584], [175.084521822665, -36.8193012471186], [175.08452181331, -36.8193012328619], [175.084520256112, -36.8192987509494], [175.084520240861, -36.8192987259804], [175.084520231482, -36.8192987108228], [175.084518732742, -36.8192961936356], [175.084518725725, -36.819296182943], [175.084518715152, -36.8192961651025], [175.084517265543, -36.8192936407445], [175.084517254946, -36.8192936220031], [175.084517245493, -36.8192936041428], [175.084515853882, -36.8192910688534], [175.084515839678, -36.8192910411622], [175.084515836121, -36.8192910340142], [175.084514506574, -36.8192884723999], [175.084514491176, -36.8192884420257], [175.084513193876, -36.819285829373], [175.084513187931, -36.8192858168591], [175.084513173727, -36.8192857891678], [175.084511956545, -36.81928319584], [175.084511949358, -36.8192831788413], [175.084511943413, -36.8192831663274], [175.084510778943, -36.8192805738777], [175.084510756236, -36.8192805220005], [175.084510736915, -36.8192804709652], [175.084506889267, -36.8192704213398], [175.084506883249, -36.8192704061232], [175.084506877133, -36.8192703873031], [175.084502931971, -36.8192594705336], [175.084500765403, -36.8192534112285], [175.084500760554, -36.819253397794], [175.08450075093, -36.8192533736277], [175.084497987071, -36.8192461242645], [175.084497984684, -36.8192461188986], [175.084497972623, -36.8192460875646], [175.084495067565, -36.819238922696], [175.084495053165, -36.8192388877977], [175.084495044784, -36.8192388681161], [175.084491476618, -36.819230773017], [175.084491469479, -36.81923075782], [175.084491462292, -36.8192307408214], [175.084485514512, -36.8192178654937], [175.084484093945, -36.8192148413052], [175.084484086807, -36.8192148261083], [175.084484082031, -36.8192148153764], [175.084479957004, -36.819205698053], [175.084479948623, -36.8192056783714], [175.084479942629, -36.8192056640557], [175.084476005942, -36.8191965055746], [175.084475999948, -36.8191964912589], [175.084475990324, -36.8191964670925], [175.084472514267, -36.8191878827736], [175.084472503425, -36.8191878550234], [175.084472500964, -36.8191878469548], [175.084467919242, -36.81917586249], [175.084467917999, -36.8191758580053], [175.084467909496, -36.8191758338193], [175.084466699461, -36.8191725121144], [175.084466694637, -36.8191724995808], [175.084466689813, -36.8191724870472], [175.084464659338, -36.8191666506799], [175.084464652102, -36.8191666318795], [175.084464645913, -36.8191666103568], [175.08446275058, -36.819160755396], [175.084462743295, -36.8191607347938], [175.084462737081, -36.8191607123703], [175.084460985316, -36.8191548188397], [175.084460978007, -36.8191547973367], [175.084460970648, -36.8191547740319], [175.084460935172, -36.8191546646953], [175.084460919163, -36.8191546117993], [175.084460904202, -36.819154556181], [175.084460081559, -36.8191513818049], [175.084460079049, -36.8191513719346], [175.084460071447, -36.8191513396211], [175.084459320903, -36.8191481369415], [175.084459318271, -36.8191481225669], [175.084459314445, -36.8191481055092], [175.084458619708, -36.8191448937393], [175.08445861325, -36.819144862307], [175.084458609399, -36.8191448443485], [175.084457997673, -36.8191415932682], [175.084457735934, -36.8191402098548], [175.084456991335, -36.8191364825138], [175.084456983732, -36.8191364502003], [175.084456983635, -36.8191364465968], [175.084456168225, -36.8191327123859], [175.08445616435, -36.8191326935265], [175.08445615799, -36.8191326656977], [175.084455250825, -36.8191289790623], [175.084455244465, -36.8191289512335], [175.084455237082, -36.8191289270278], [175.084447228029, -36.8190999888085], [175.084439219872, -36.8190709180814], [175.084433695344, -36.8190499245208], [175.084428399448, -36.8190288872931], [175.08442839321, -36.8190288639687], [175.084428390724, -36.8190288549993], [175.084423496658, -36.8190078774209], [175.084418875342, -36.8189869121838], [175.08441886903, -36.8189868861567], [175.084418867592, -36.818986874465], [175.084417859071, -36.8189818070109], [175.084417856463, -36.8189817935371], [175.084417855074, -36.8189817836472], [175.084416383778, -36.8189736661942], [175.08441637983, -36.8189736446323], [175.0844163771, -36.8189736266541], [175.084415081743, -36.8189654655573], [175.084414556463, -36.81896213635], [175.084414553831, -36.8189621219754], [175.084414551077, -36.8189621030964], [175.084413790474, -36.8189577856835], [175.084413786551, -36.8189577650223], [175.084413785161, -36.8189577551324], [175.084412928437, -36.8189534069583], [175.084412927121, -36.818953399771], [175.084412919469, -36.8189533656557], [175.084411976302, -36.818949095608], [175.084411968675, -36.8189490623937], [175.084411967457, -36.8189490588098], [175.084410932263, -36.8189447849682], [175.084410919787, -36.8189447383193], [175.084410901195, -36.8189446728504], [175.084410652882, -36.8189438669353]], [[175.084410652882, -36.8189438669353], [175.084410637143, -36.8189438239489], [175.084410608295, -36.8189437523507], [175.084407079423, -36.8189356998217], [175.084407051965, -36.8189356381135], [175.084410652882, -36.8189438669353]], [[175.084410652882, -36.8189438669353], [175.084404964642, -36.8189318793391], [175.084404955213, -36.8189318623797], [175.084404946954, -36.8189318472025], [175.084401724526, -36.8189257928915], [175.084401718605, -36.8189257812784], [175.084401705596, -36.8189257562701], [175.084395155198, -36.818912608496], [175.084395140945, -36.818912579003], [175.084395138606, -36.8189125754388], [175.084383853926, -36.8188908266506], [175.084383846861, -36.8188908141563], [175.084383836214, -36.818890793613], [175.084380816469, -36.8188851854963], [175.084380801121, -36.8188851569238], [175.084380796394, -36.8188851479937], [175.084375495545, -36.8188756628245], [175.084375494351, -36.8188756601415], [175.084375475544, -36.8188756280245], [175.084369997546, -36.8188662658345], [175.084369981126, -36.8188662390834], [175.084369974061, -36.8188662265891], [175.084364283568, -36.8188569654656], [175.084364261276, -36.8188569289032], [175.084364243809, -36.8188569048744], [175.084364170823, -36.8188568178268], [175.084359780839, -36.8188518583395]], [[175.084359780839, -36.8188518583395], [175.084359708219, -36.818851784805], [175.084359588803, -36.8188516805456], [175.08435285373, -36.8188461465928], [175.084352726666, -36.8188460496779], [175.084359780839, -36.8188518583395]], [[175.084359780839, -36.8188518583395], [175.084344721734, -36.8188414347873], [175.084344651188, -36.8188413963672], [175.084344630726, -36.8188413859104], [175.08434451056, -36.8188413366434], [175.084335682972, -36.8188379267968], [175.084335642218, -36.8188379121893], [175.084335637687, -36.8188379104662], [175.084335599199, -36.8188378967203], [175.08433125216, -36.8188364623684]], [[175.08433125216, -36.8188364623684], [175.08433120349, -36.8188364451958], [175.084331112775, -36.8188364071293], [175.084296022344, -36.8188214110256], [175.084295996255, -36.8188213997661], [175.084295954234, -36.818821379773], [175.084295852921, -36.818821322965], [175.084242421628, -36.81878989147], [175.084233784337, -36.8187847766224], [175.084233774082, -36.8187847704931], [175.08423374787, -36.8187847547293], [175.084224872105, -36.8187793204956], [175.084224835638, -36.8187792986025], [175.084216093862, -36.8187737619743], [175.084216076761, -36.8187737514586], [175.084216057346, -36.8187737382795], [175.084207431604, -36.8187680572104], [175.084207413334, -36.8187680449126], [175.084207396208, -36.8187680334959], [175.08419890107, -36.8187622491904], [175.08419887023, -36.8187622280999], [175.08419886224, -36.8187622228322], [175.084190458165, -36.8187562828068], [175.084190455876, -36.8187562810444], [175.084190428446, -36.8187562616967], [175.084189270044, -36.8187554212662], [175.084189257449, -36.8187554115728], [175.084189244855, -36.8187554018793], [175.084182579348, -36.8187504480359], [175.084182564464, -36.81875043658], [175.084182550725, -36.8187504260053], [175.084175964645, -36.8187453833426], [175.084175956631, -36.818745377174], [175.084175938287, -36.8187453621735], [175.084175456025, -36.8187449821689], [175.084175452615, -36.8187449804262], [175.084173154796, -36.81874313159], [175.084173152506, -36.8187431298276], [175.084173135308, -36.8187431157083], [175.084170933489, -36.8187412931292], [175.084170895633, -36.8187412613461], [175.084170893318, -36.8187412586828], [175.084168676828, -36.818739349836], [175.084168664209, -36.8187393392416], [175.084168636658, -36.8187393153896], [175.084166509347, -36.8187374293141], [175.08416648294, -36.8187374063433], [175.084166471442, -36.8187373957293], [175.08416437533, -36.8187354613378], [175.084164355768, -36.8187354427535], [175.084164345391, -36.8187354321199], [175.084162270443, -36.8187334513909], [175.084162261235, -36.8187334425393], [175.084162238214, -36.8187334204105], [175.084150672568, -36.8187219738892], [175.084139097554, -36.8187105951286], [175.084129610513, -36.8187013879439], [175.084120100576, -36.8186921631338], [175.084103287534, -36.8186757207705], [175.084086577294, -36.8186593072465], [175.084086564627, -36.8186592948503], [175.08408654621, -36.8186592771473], [175.084060376695, -36.8186344725221], [175.08405778202, -36.8186320114973], [175.084057764748, -36.8186319946754], [175.084057748646, -36.8186319796356], [175.084054429085, -36.8186287075312], [175.084054412934, -36.8186286906897], [175.084054401411, -36.8186286791748], [175.084051137628, -36.8186253556195], [175.084051116848, -36.8186253334513], [175.084051108785, -36.818625325481], [175.084047897075, -36.8186219379215], [175.08404789364, -36.8186219352778], [175.084047870522, -36.8186219095454], [175.08404475861, -36.81861852294], [175.084044742434, -36.8186185051975], [175.084044725113, -36.8186184865739], [175.084041687612, -36.8186150328687], [175.084041665638, -36.8186150080176], [175.084041663348, -36.8186150062551], [175.084038678384, -36.8186115056623], [175.084038666764, -36.818611490544], [175.084038641282, -36.8186114603465], [175.084035784467, -36.8186079313691], [175.084035767049, -36.8186079091419], [175.084035755453, -36.8186078949244], [175.084019609188, -36.8185871028957], [175.08400354144, -36.8185663121919], [175.083992610284, -36.8185522182242], [175.083981702031, -36.8185381418798], [175.083976493581, -36.8185313166134], [175.083976483105, -36.8185313023763], [175.083976473799, -36.8185312899212], [175.083968909486, -36.8185210539758], [175.083968895503, -36.8185210343923], [175.08396889314, -36.8185210299273], [175.08396154003, -36.8185106451689], [175.083959853284, -36.8185082214003], [175.083959848607, -36.8185082142719], [175.083959835792, -36.8185081964705], [175.083951225459, -36.8184954353916], [175.083951217274, -36.8184954229169], [175.083951203266, -36.8184954024325], [175.083942866912, -36.818482533801], [175.083942851686, -36.8184825097329], [175.083942846984, -36.8184825017036], [175.083939435175, -36.8184770266306], [175.083939417634, -36.8184769998991], [175.083939411763, -36.8184769900877], [175.083935777629, -36.8184708816926], [175.083935775315, -36.8184708790292], [175.083935407594, -36.8184702581707], [175.083935400529, -36.8184702456763], [175.083935386423, -36.8184702215885], [175.08393225108, -36.8184646893927], [175.083932245185, -36.8184646786805], [175.0839322322, -36.818464654573], [175.083929200376, -36.8184590538659], [175.083927813177, -36.8184564319665], [175.083927806137, -36.8184564203731], [175.083927802531, -36.8184564114233], [175.083924543035, -36.8184500215627], [175.08392452642, -36.8184499876045], [175.08392452525, -36.8184499858224], [175.083923742644, -36.8184483690895], [175.083922539846, -36.8184458088509], [175.08392252915, -36.8184457865058], [175.083922521963, -36.8184457695071], [175.083921393631, -36.8184432268902], [175.083921382838, -36.8184432009417], [175.083921380475, -36.8184431964766], [175.083920288068, -36.8184406144739], [175.083920280881, -36.8184405974751], [175.083920266482, -36.8184405625769], [175.083918512092, -36.8184360579879], [175.083918509656, -36.8184360508202], [175.08391850125, -36.8184360302377], [175.083915426066, -36.8184277561299], [175.083915413957, -36.8184277229941], [175.083915412715, -36.8184277185093], [175.083912508011, -36.8184193648021], [175.083905224919, -36.8183983759058], [175.083905211591, -36.8183983391861], [175.083905203162, -36.8183983177027], [175.083903924668, -36.8183949917836], [175.083903921038, -36.8183949819329], [175.083903913826, -36.8183949640333], [175.083900496365, -36.8183864696994], [175.083900483111, -36.8183864356823], [175.083900481917, -36.8183864329993], [175.083896855385, -36.8183779179955], [175.083895579408, -36.8183749741839], [175.083895575827, -36.818374966135], [175.083895560259, -36.8183749294546], [175.083894117106, -36.8183713603669], [175.08389410987, -36.8183713415665], [175.083894103901, -36.8183713281516], [175.083892717915, -36.8183677175032], [175.083892710654, -36.8183676978019], [175.083892703369, -36.8183676771996], [175.083891400833, -36.8183640434569], [175.083891398324, -36.8183640335866], [175.083891391014, -36.8183640120835], [175.083890177462, -36.8183603939055], [175.083890168983, -36.8183603706203], [175.08389016528, -36.818360358067], [175.083889025069, -36.8183567160706], [175.083889015274, -36.8183566855981], [175.083889002848, -36.8183566407509], [175.083888152251, -36.8183534677613], [175.083888145891, -36.8183534399325], [175.083888142236, -36.818353429181], [175.083886663256, -36.8183475470813], [175.083886659528, -36.8183475336272], [175.083886654508, -36.8183475138866], [175.083885293424, -36.818341638733], [175.083885288355, -36.8183416171906], [175.083885283263, -36.8183415947474], [175.083884062652, -36.8183356909933], [175.08388295105, -36.8183301278225], [175.083882947298, -36.8183301134674], [175.08388294469, -36.8183300999936], [175.083879694863, -36.8183150556685], [175.083879691013, -36.8183150377099], [175.083879684751, -36.8183150134846], [175.083874561282, -36.8182937127282], [175.083869319795, -36.8182723590611], [175.083869318577, -36.8182723554773], [175.083868663188, -36.8182697252537], [175.083868643183, -36.8182696489938], [175.083868593086, -36.8182694551911], [175.083868590601, -36.8182694462216], [175.083868587993, -36.8182694327478]], [[175.083868587993, -36.8182694327478], [175.08386852564, -36.818269200404], [175.083868521912, -36.8182691869498], [175.083866934122, -36.8182632607911], [175.083866930345, -36.8182632455352], [175.083866924181, -36.8182632249134], [175.083865148717, -36.8182571163768], [175.083865137582, -36.8182570778161], [175.083863210556, -36.8182509196612], [175.083862709399, -36.8182493881236], [175.083862699678, -36.8182493603537], [175.083862697192, -36.8182493513843], [175.083861024115, -36.8182444965652], [175.083861017999, -36.8182444777451], [175.083861013151, -36.8182444643105], [175.083859235456, -36.8182396374632], [175.083859227001, -36.8182396150789], [175.083859222153, -36.8182396016444], [175.083857345541, -36.8182348062742], [175.083857335893, -36.8182347812069], [175.083857329875, -36.8182347659903], [175.083855344261, -36.8182300022739], [175.083855333493, -36.8182299772263], [175.083855322724, -36.8182299521787], [175.083854592589, -36.8182283273149], [175.083854568835, -36.8182282781598], [175.08385456406, -36.8182282674279], [175.083854544059, -36.8182282326278], [175.083842813698, -36.8182084348012], [175.083842758591, -36.8182083456373], [175.083842707286, -36.81820827263], [175.083842527963, -36.8182080261134], [175.083842526794, -36.8182080243313], [175.083838683835, -36.818202854243], [175.083838667562, -36.818202832897], [175.083838654797, -36.8182028168974], [175.083834698407, -36.8181977218029], [175.083834683303, -36.8181977022391], [175.083834671732, -36.8181976889225], [175.083830604711, -36.8181926480429], [175.083830588462, -36.8181926275978], [175.083830575721, -36.8181926124991], [175.083826371809, -36.8181876082686], [175.083825688022, -36.8181867829476], [175.083807991118, -36.8181656449329], [175.083807973749, -36.8181656245075], [175.083807964492, -36.8181656138542], [175.083807558299, -36.8181651450882], [175.083804987627, -36.8181622041443], [175.083804965678, -36.818162180194], [175.08380495988, -36.8181621730852], [175.083802335549, -36.8181592790484], [175.083802319374, -36.8181592613059], [175.083802304368, -36.8181592453456], [175.083799608061, -36.818156384116], [175.083799595344, -36.8181563699181], [175.083799583822, -36.8181563584032], [175.083796838217, -36.8181535394977], [175.083796816317, -36.8181535173491], [175.083796807133, -36.8181535093984], [175.083793991695, -36.8181507196574], [175.083793982462, -36.8181507099049], [175.083793961756, -36.8181506904393], [175.083791094779, -36.8181479430616], [175.083791080991, -36.8181479306851], [175.083791056825, -36.8181479076749], [175.083788142428, -36.8181452305287], [175.083788115997, -36.8181452066569], [175.083788088446, -36.8181451828048], [175.083786841714, -36.8181441023699], [175.083785413159, -36.8181428899274], [175.083785395936, -36.8181428749072], [175.083785389067, -36.8181428696198], [175.083783906316, -36.8181416842651], [175.083782410316, -36.8181405063531], [175.083782405736, -36.8181405028282], [175.083782379403, -36.8181404825599], [175.083780908423, -36.8181393591886], [175.083780883259, -36.8181393407024], [175.083780854636, -36.8181393186717], [175.083779324661, -36.8181382107554], [175.083779321227, -36.8181382081118], [175.083779149708, -36.8181380840352], [175.083779141718, -36.8181380787674], [175.083779133728, -36.8181380734997], [175.083776837661, -36.8181364535551], [175.083776813667, -36.8181364368511], [175.083776804532, -36.8181364307021], [175.083774490443, -36.8181348489281], [175.083774460772, -36.8181348296196], [175.083774440213, -36.8181348155592], [175.083772087056, -36.8181332813377], [175.083772064231, -36.8181332664157], [175.083772060821, -36.8181332646729], [175.083769634589, -36.8181317227194], [175.083759643028, -36.8181254851218], [175.083759622493, -36.8181254719623], [175.083759606537, -36.8181254623277], [175.083745182799, -36.8181167571538], [175.083745173688, -36.8181167519057], [175.083745146332, -36.8181167352605], [175.083741765212, -36.8181147467775], [175.083741731035, -36.8181147266467], [175.083741727625, -36.8181147249038], [175.083736402564, -36.8181116997533], [175.083736391164, -36.8181116927427], [175.083736361591, -36.8181116770377], [175.083731029329, -36.8181087583667], [175.083730997467, -36.8181087408992], [175.083730992911, -36.8181087382752], [175.083725546217, -36.818105857662], [175.083725538251, -36.8181058532952], [175.083725503027, -36.8181058358866], [175.083720037878, -36.8181030601477], [175.083720014005, -36.818103047948], [175.083719990158, -36.8181030366491], [175.083706628981, -36.818096598543], [175.083706622161, -36.8180965950573], [175.083706592637, -36.8180965811541], [175.083692502915, -36.8180900233267], [175.083692475681, -36.8180900111859], [175.083692469981, -36.8180900076806], [175.083686971438, -36.8180875299549], [175.083664442621, -36.8180775806527], [175.083664415412, -36.8180775694128], [175.083664402915, -36.8180775633227], [175.083645374226, -36.8180694850495], [175.083643355815, -36.8180686371566], [175.083626214067, -36.8180612711786], [175.083626206126, -36.8180612677126], [175.083626176627, -36.8180612547102], [175.083592856242, -36.8180464040168], [175.083559692328, -36.818031287391], [175.08355966624, -36.8180312761314], [175.083559635571, -36.8180312613469], [175.083555832778, -36.8180294316685], [175.083555816871, -36.8180294238357], [175.083555804375, -36.8180294177456], [175.083551654235, -36.8180273462979], [175.083551617866, -36.8180273280081], [175.08355161219, -36.8180273254037], [175.083547462289, -36.818025180045], [175.083547450937, -36.8180251748361], [175.083547414544, -36.8180251556454], [175.083546330523, -36.8180245770845], [175.083546302071, -36.8180245613598], [175.083546279343, -36.8180245500413], [175.083542845369, -36.8180228031263], [175.083542824907, -36.8180227926694], [175.08354281241, -36.8180227865793], [175.083539343631, -36.8180210790303], [175.083539324314, -36.8180210694546], [175.083539316372, -36.8180210659886], [175.083535818708, -36.8180194094186], [175.083535780123, -36.8180193920689], [175.08353572792, -36.8180193686488], [175.083534205586, -36.8180187076408], [175.083534203321, -36.8180187067792], [175.083531210467, -36.818017435229], [175.083531208202, -36.8180174343674], [175.083531162869, -36.8180174162347], [175.083528224755, -36.8180162203355], [175.08352819528, -36.8180162082339], [175.083528180543, -36.8180162021832], [175.083525158905, -36.8180150266753], [175.083525136251, -36.8180150180594], [175.083525110211, -36.8180150086015], [175.083522067482, -36.8180138821335], [175.083519825464, -36.8180130561841], [175.083513684441, -36.8180107384267], [175.083513664053, -36.8180107306724], [175.083513639133, -36.8180107211949], [175.083507603943, -36.8180083375897], [175.083507566551, -36.818008322923], [175.083507549524, -36.8180083151098], [175.083504496116, -36.8180070428177], [175.083504466641, -36.8180070307161], [175.083496650772, -36.8180036778788], [175.083496623538, -36.818003665738], [175.083496606511, -36.8180036579247], [175.083488863758, -36.8180001902413], [175.08348883879, -36.8180001789621], [175.083488818352, -36.818000169406], [175.083481130421, -36.8179965736776], [175.083477710707, -36.8179949391734], [175.083477703887, -36.8179949356878], [175.083477685715, -36.8179949269933], [175.08347028538, -36.8179912712437], [175.083470256977, -36.8179912573207], [175.083470243335, -36.8179912503495], [175.083462904887, -36.8179874790494], [175.08346287875, -36.817987465988], [175.083462867349, -36.8179874589775], [175.083455622968, -36.8179836013058], [175.083455587695, -36.8179835820955], [175.083455550133, -36.8179835611226], [175.083450630263, -36.8179807604911], [175.083450612042, -36.8179807499948], [175.083450596087, -36.8179807403602], [175.083445084688, -36.8179774985449], [175.083445075602, -36.8179774941976], [175.083445044811, -36.8179774749087], [175.083439620172, -36.8179741666787], [175.083439604192, -36.8179741561432], [175.083439582536, -36.8179741430032], [175.083434226363, -36.8179707551597], [175.083434209262, -36.8179707446438], [175.083434189848, -36.8179707314646], [175.083428914368, -36.817967260188], [175.083428150594, -36.8179667508207], [175.083422026987, -36.8179627599381], [175.083422008717, -36.8179627476401], [175.083422000727, -36.8179627423723], [175.083415812261, -36.8179588400524], [175.08341579287, -36.8179588277741], [175.08341577348, -36.8179588154957], [175.083409506684, -36.8179550010734], [175.083409488463, -36.8179549905771], [175.083409467928, -36.8179549774175], [175.083403171839, -36.8179512815788], [175.083403109211, -36.8179512457231], [175.083403047776, -36.8179512125505], [175.083400858765, -36.8179500675104], [175.083396776883, -36.8179479497956], [175.083396742755, -36.8179479314665], [175.083396725728, -36.8179479236532], [175.083392593137, -36.8179458789313], [175.083392572675, -36.8179458684743], [175.083388361507, -36.8179438611816], [175.083388359241, -36.81794386032], [175.083387577867, -36.8179434873574], [175.08338755743, -36.8179434778013], [175.083387534702, -36.8179434664827], [175.083385930688, -36.8179426870313], [175.083385894319, -36.8179426687414], [175.083385889789, -36.8179426670182], [175.083384223485, -36.8179418228636], [175.083382611257, -36.8179409885767], [175.083382574864, -36.817940969386], [175.083382553258, -36.8179409580478], [175.08338098066, -36.8179400969286], [175.083380947652, -36.8179400785798], [175.083380933987, -36.8179400707076], [175.083379343238, -36.8179391603349], [175.083379340972, -36.8179391594733], [175.083377771659, -36.8179382541327], [175.083377736338, -36.8179382331206], [175.083377711272, -36.8179382182378], [175.083376184901, -36.8179372842042], [175.083376173525, -36.8179372780944], [175.08337614729, -36.8179372614295], [175.083374647371, -36.8179363107088], [175.083374623425, -36.8179362958064], [175.083374608566, -36.8179362852512], [175.083373137291, -36.8179353160024], [175.083373106451, -36.8179352949117], [175.083373083602, -36.8179352790888], [175.083361942973, -36.8179275501148], [175.083350848824, -36.8179198401536], [175.083332101835, -36.8179068925685], [175.083313330171, -36.8178938615917], [175.083313297017, -36.8178938378376], [175.08331324669, -36.8178938008651], [175.083311817403, -36.8178927263286], [175.083311800204, -36.8178927122092], [175.083311773872, -36.8178926919408], [175.083311712947, -36.8178926362267], [175.083305259968, -36.8178865853281], [175.083305207009, -36.8178865339808], [175.083305179287, -36.8178865038225]], [[175.083305179287, -36.8178865038225], [175.083304136512, -36.8178853377892], [175.083304119192, -36.8178853191654], [175.083304097243, -36.817885295215], [175.083302807897, -36.8178839244014], [175.083302803245, -36.8178839181739], [175.083302788263, -36.8178839031143], [175.083301478068, -36.8178825488896], [175.083301466521, -36.8178825364738], [175.083301441186, -36.8178825116814], [175.083300124564, -36.8178812098447], [175.083300094625, -36.8178811806265], [175.083300092311, -36.8178811779632], [175.083298718373, -36.817879870822], [175.083298690749, -36.8178798442671], [175.08329865399, -36.8178798115633], [175.083283080076, -36.8178659755535], [175.083267409524, -36.8178519654816], [175.083256639205, -36.8178421407907], [175.083254649716, -36.8178402919397], [175.083246009911, -36.8178321423797], [175.083234464171, -36.817821006364], [175.083222963255, -36.8178098695615], [175.083208342294, -36.8177957049895], [175.083193782357, -36.8177815582735], [175.083193761627, -36.8177815379068], [175.083193754709, -36.8177815308177], [175.083191450479, -36.8177792368311], [175.083191426265, -36.817779212019], [175.083187578444, -36.8177752659608], [175.083187553061, -36.8177752393666], [175.08318376233, -36.8177712075854], [175.083183743865, -36.8177711880804], [175.083183731149, -36.8177711738825], [175.083180044426, -36.817767091608], [175.083180034048, -36.8177670809743], [175.083180021308, -36.8177670658755], [175.083176407535, -36.817762945369], [175.08317639019, -36.8177629258444], [175.083176377474, -36.8177629116464], [175.083172858721, -36.817758739903], [175.083172845956, -36.8177587239033], [175.083172827442, -36.8177587025966], [175.083169400904, -36.8177544589354], [175.083168744361, -36.8177536457511], [175.083168739733, -36.8177536404244], [175.083168717686, -36.8177536128704], [175.083158146005, -36.8177400325712], [175.083158135554, -36.8177400192349], [175.083158120451, -36.8177399996709], [175.083147834851, -36.8177262620371], [175.083147818529, -36.8177262388893], [175.083147815045, -36.8177262344438], [175.083145501059, -36.8177230429311], [175.083145485931, -36.8177230224663], [175.083145475456, -36.8177230082291], [175.083139205231, -36.8177141456632], [175.083139183087, -36.8177141145057], [175.083139181893, -36.8177141118227], [175.083133053352, -36.8177050998612], [175.083129853071, -36.8177003529126], [175.083129841378, -36.8177003350915], [175.083129835531, -36.817700326181], [175.083124265602, -36.8176923192944], [175.083124253982, -36.8176923041759], [175.083124245797, -36.8176922917011], [175.083118497816, -36.8176843744596], [175.083118478011, -36.8176843468664], [175.083118454795, -36.8176843175303], [175.083112214817, -36.8176762809261], [175.08311219394, -36.8176762551542], [175.08311219277, -36.8176762533721], [175.083103584892, -36.817665517408], [175.083101264039, -36.8176626513844], [175.083101253613, -36.8176626389489], [175.083101244332, -36.8176626273947], [175.083096992774, -36.8176572273994], [175.083096969558, -36.8176571980633], [175.08309696493, -36.8176571927366], [175.083092810532, -36.8176516964018], [175.083092807048, -36.8176516919563], [175.083092786098, -36.8176516634818], [175.083088767739, -36.8176461404276], [175.08308876657, -36.8176461386455], [175.083088751418, -36.8176461172798], [175.083072568304, -36.8176229976974], [175.083056644696, -36.8176003115973], [175.083056583964, -36.8176002216301], [175.083056532269, -36.8176001342085], [175.083046397108, -36.8175821442927], [175.083046358324, -36.817582078276], [175.083046312721, -36.8175820087737], [175.083035233413, -36.8175654152951], [175.083035224058, -36.8175654010382], [175.083035203011, -36.8175653689602], [175.083018400881, -36.8175387253136], [175.083018379833, -36.8175386932356], [175.083018363487, -36.817538669187], [175.083012487909, -36.8175299727476], [175.083012469224, -36.8175299451347], [175.083002989562, -36.817516368216], [175.083002976723, -36.8175163495136], [175.083002972046, -36.8175163423852], [175.083001498518, -36.817514338477], [175.082998647182, -36.8175105534072], [175.082998637852, -36.8175105400512], [175.082998619289, -36.8175105169426], [175.082995691083, -36.8175067909031], [175.082995688769, -36.8175067882398], [175.082995670206, -36.8175067651313], [175.082992673189, -36.8175030646327], [175.082989886261, -36.8174996705], [175.082989879318, -36.81749966251], [175.082989864215, -36.817499642946], [175.082985797599, -36.8174945308258], [175.0829857709, -36.8174944970442], [175.082985768585, -36.8174944943809], [175.082981804999, -36.8174892957327], [175.082981795742, -36.8174892850793], [175.082981782904, -36.8174892663769], [175.082961312347, -36.8174614873752], [175.082959419305, -36.8174588950578], [175.082959414652, -36.8174588888302], [175.082959409975, -36.8174588817017], [175.082953355753, -36.8174503353018], [175.08295334177, -36.8174503157182], [175.082953333609, -36.8174503041443], [175.082947453252, -36.817441678988], [175.082947446212, -36.8174416673944], [175.082947431011, -36.817441644227], [175.082941751777, -36.8174329533561], [175.082941738963, -36.8174329355546], [175.082941730729, -36.8174329212781], [175.082940594312, -36.8174311124518], [175.082940579111, -36.8174310892843], [175.082940574434, -36.8174310821559], [175.08293784465, -36.8174265703081], [175.082937832859, -36.8174265488835], [175.082937824674, -36.8174265364087], [175.082935176193, -36.8174219636502], [175.082935169153, -36.8174219520567], [175.082935153903, -36.8174219270875], [175.082933147845, -36.817418349825], [175.082933137248, -36.8174183310834], [175.082933130183, -36.8174183185889], [175.08292914733, -36.8174109201997], [175.082927888765, -36.8174085339769], [175.082927876974, -36.8174085125523], [175.08292787103, -36.8174085000382], [175.08292411761, -36.8174011291738], [175.082924115271, -36.8174011256096], [175.082924098657, -36.8174010916513], [175.082922871042, -36.8173985651844], [175.082919377431, -36.8173912258191], [175.082919364373, -36.8173911990089], [175.082919345273, -36.8173911560811], [175.082918814054, -36.8173899206927], [175.082917409835, -36.8173865861492], [175.08291740031, -36.8173865655862], [175.082917391905, -36.8173865450036], [175.082916071428, -36.817383198177], [175.082916065411, -36.8173831829603], [175.082916058151, -36.8173831632589], [175.082914798592, -36.8173797892271], [175.082914794987, -36.8173797802772], [175.082914784048, -36.8173797489234], [175.082913621388, -36.8173763930222], [175.082913615297, -36.8173763751029], [175.082913610474, -36.8173763625692], [175.082912497112, -36.8173729643442], [175.082912490924, -36.8173729428214], [175.082912485978, -36.8173729257833], [175.08291144474, -36.8173695001567], [175.082910218793, -36.8173653810609], [175.082910211411, -36.8173653568551], [175.082910207757, -36.8173653461035], [175.082908442444, -36.8173598151068], [175.082908435086, -36.8173597918019], [175.082908428971, -36.8173597729818], [175.082906527449, -36.8173542623979], [175.082906525013, -36.8173542552302], [175.082906516559, -36.8173542328458], [175.082904516926, -36.8173487834671], [175.082904503624, -36.8173487476482], [175.082904482039, -36.8173486957509], [175.082903132199, -36.8173455062652], [175.082903119019, -36.8173454749506], [175.082903114244, -36.8173454642186], [175.082901199214, -36.8173411507997], [175.082901192076, -36.8173411356027], [175.082901180188, -36.8173411105746], [175.082899171236, -36.8173368474717], [175.082899170042, -36.8173368447887], [175.082899154621, -36.8173368135134], [175.082897074255, -36.8173326039374], [175.082897058859, -36.817332573563], [175.082897052988, -36.8173325637516], [175.082894847785, -36.8173283392384], [175.082894341943, -36.8173273783021], [175.082894339605, -36.8173273747379], [175.082890902338, -36.8173207076563], [175.082890896369, -36.8173206942414], [175.082890885723, -36.817320673698], [175.082887598186, -36.8173139886705], [175.082887586347, -36.8173139654442], [175.082887580378, -36.8173139520292], [175.082884430316, -36.8173072105145], [175.082884420766, -36.8173071890506], [175.082884408853, -36.8173071631216], [175.082882307327, -36.8173023383273], [175.082882294172, -36.8173023079136], [175.082882292978, -36.8173023052306], [175.082878998902, -36.8172943864357], [175.082878995297, -36.8172943774859], [175.082878983286, -36.8172943479534], [175.082875877109, -36.8172864132476], [175.082875875916, -36.8172864105646], [175.08287565268, -36.8172858259265], [175.082875647808, -36.8172858115911], [175.082875641741, -36.8172857945727], [175.082874145885, -36.8172816847125], [175.082874144692, -36.8172816820295], [175.082874137358, -36.8172816596255], [175.082872736499, -36.8172775390877], [175.082872731626, -36.8172775247522], [175.082872725511, -36.8172775059321], [175.082871407518, -36.8172733821395], [175.082871396506, -36.817273348083], [175.082871394094, -36.8172733418162], [175.082870170634, -36.8172691902294], [175.082870161985, -36.817269160638], [175.082870159524, -36.8172691525694], [175.082869022851, -36.8172649769292], [175.082869016613, -36.8172649536047], [175.082869005161, -36.8172649033325], [175.082868562951, -36.817262981395], [175.082868559003, -36.817262959833], [175.082868557736, -36.8172629544473], [175.082867860915, -36.8172597039466], [175.082867853142, -36.8172596653268], [175.082867851777, -36.8172596563377], [175.082867240818, -36.8172563890103], [175.082867236895, -36.8172563683491], [175.082867235457, -36.8172563566574], [175.08286668885, -36.8172530647684], [175.082866687632, -36.8172530611846], [175.082866682246, -36.8172530279308], [175.082866208107, -36.8172497627123], [175.082866205378, -36.8172497447341], [175.082866203744, -36.8172497258354], [175.082865793082, -36.8172464450838], [175.082865790084, -36.817246417196], [175.082865788426, -36.8172463973964], [175.082865464648, -36.817243096195], [175.082865308399, -36.8172414675773], [175.082864787973, -36.8172367016017], [175.08286478656, -36.8172366908109], [175.082864783562, -36.8172366629231], [175.082864168216, -36.8172319517875], [175.082864164122, -36.8172319248202], [175.082864162708, -36.8172319140294], [175.082863442547, -36.817227182198], [175.082863441085, -36.8172271696054], [175.08286343704, -36.8172271444398], [175.082862624249, -36.817222469211], [175.082862616354, -36.8172224260868], [175.082862603659, -36.8172223713299], [175.082861897531, -36.8172194391516], [175.082861897458, -36.817219436449], [175.082861891221, -36.8172194131244], [175.082860786839, -36.8172151053283], [175.082860781771, -36.8172150837859], [175.0828607768, -36.8172150658469], [175.082859569041, -36.8172107490466], [175.082859565289, -36.8172107346916], [175.082859557858, -36.817210708684], [175.082858254617, -36.8172064260037], [175.082858248453, -36.8172064053818], [175.082858244799, -36.8172063946302], [175.082856968842, -36.8172024981301], [175.082856859547, -36.8172021467351], [175.082856824803, -36.8172020229643], [175.082856714241, -36.8172016661837], [175.08285596295, -36.8171993837338], [175.082855961658, -36.8171993774474], [175.082855953107, -36.8171993514594], [175.082855153414, -36.8171966895084], [175.082855148395, -36.8171966697678], [175.082855145934, -36.8171966616992], [175.082854388721, -36.8171939953986], [175.08285437995, -36.8171939613028], [175.082854377392, -36.8171939496307], [175.082853681973, -36.8171912470966], [175.082853678246, -36.8171912336423], [175.082853671959, -36.8171912085161], [175.082853039679, -36.8171885192963], [175.082853032101, -36.8171884878836], [175.082853032003, -36.8171884842801], [175.08285244583, -36.8171857591017], [175.082852441956, -36.8171857402422], [175.08285243662, -36.8171857087902], [175.082851932681, -36.8171829983942], [175.082851928709, -36.8171829759312], [175.082851924615, -36.8171829489639], [175.082851522351, -36.817180639668], [175.082851477973, -36.8171803258915], [175.082851467785, -36.817180239545], [175.082851463569, -36.8171802080734], [175.082851443801, -36.8171800164425], [175.082851436294, -36.8171799462726], [175.082851087259, -36.817176664441], [175.082851085748, -36.8171766500467], [175.082851084041, -36.8171766284453], [175.082850791113, -36.8171731419364], [175.082850787919, -36.8171731068416], [175.082850787651, -36.817173096932], [175.082850579388, -36.8171695494537], [175.082850579046, -36.8171695368414], [175.08285057712, -36.8171695071322], [175.082850427905, -36.8171660289206], [175.082850427124, -36.8171660000927], [175.082850365207, -36.8171624752863], [175.082850364303, -36.817162441954], [175.082850365228, -36.8171624347274], [175.082850379915, -36.817158882441], [175.082850379867, -36.8171588806392], [175.082850387012, -36.8171579449631], [175.082850388059, -36.8171579422408], [175.082850381641, -36.8171531564426], [175.082850381201, -36.8171531402268], [175.082850380737, -36.8171531231102], [175.082850285095, -36.8171483541975], [175.082850284412, -36.817148328973], [175.082850284192, -36.8171483208652], [175.082850065151, -36.817143548707], [175.082850064614, -36.8171435288877], [175.082850063005, -36.8171435108899], [175.082849745632, -36.8171387503691], [175.082849742609, -36.8171387215804], [175.082849737856, -36.8171386702895], [175.082849407818, -36.8171357171], [175.082849404869, -36.8171356910139], [175.08284940326, -36.8171356730161], [175.082848274347, -36.817126696908], [175.082848274299, -36.8171266951063], [175.082848268742, -36.8171266555464], [175.082846944018, -36.8171177342437], [175.082846649913, -36.8171158998409], [175.082846647184, -36.8171158818627], [175.082846644454, -36.8171158638845], [175.082845956046, -36.817110938618], [175.082845951927, -36.8171109107498], [175.082845950465, -36.8171108981572], [175.082845371326, -36.8171059511473], [175.08284536845, -36.8171059277639], [175.082845366988, -36.8171059151713], [175.08284488852, -36.8171009600882], [175.082844885571, -36.8171009340022], [175.082844885156, -36.8171009186873], [175.082844516496, -36.8170959616801], [175.08284451474, -36.817095938277], [175.082844512912, -36.8170959121713], [175.082844408383, -36.817093668861], [175.082844408334, -36.8170936670593], [175.082844407601, -36.8170936400331], [175.082844111061, -36.8170843546137], [175.08284411023, -36.817084323984], [175.08284401518, -36.8170750278236], [175.082844038828, -36.8170543957171], [175.082844030468, -36.8170532602237], [175.082844071804, -36.8170337355067], [175.082844072289, -36.8170337120644], [175.082844073019, -36.8170336976308], [175.082844098521, -36.8170326120169], [175.082844213681, -36.817028630753], [175.082844214166, -36.8170286073106], [175.082844214823, -36.8170285901744], [175.082844418574, -36.8170246100619], [175.082844419474, -36.8170246019344], [175.082844421957, -36.8170245694441], [175.08284471301, -36.8170206256565], [175.082844714665, -36.8170206039963], [175.082844715419, -36.8170205904635], [175.082845085342, -36.8170166200575], [175.082845088019, -36.8170165947741], [175.082845090819, -36.8170165739951], [175.082845562803, -36.8170126054059], [175.082845616435, -36.8170121853609], [175.082845618309, -36.8170121718086], [175.082845621036, -36.8170121483269], [175.082848785099, -36.8169910375794], [175.082848788971, -36.816991014979], [175.082848791892, -36.8169909987044], [175.082852404562, -36.8169699368778], [175.082852409334, -36.8169699061499], [175.082852411355, -36.8169698980028], [175.082856490798, -36.8169488523319], [175.082872301852, -36.8168724026799], [175.082872308816, -36.816872370111], [175.082872317899, -36.8168723329985], [175.082872500704, -36.8168715916292], [175.08287250874, -36.816871557239], [175.082872762036, -36.8168704387918], [175.082872769901, -36.8168703980954], [175.082872771922, -36.8168703899483], [175.082873005606, -36.8168692096549], [175.0828730077, -36.8168692042104], [175.082873013544, -36.8168691716612], [175.08287321364, -36.8168680343176], [175.082873221432, -36.8168679909186], [175.082873225132, -36.8168679620121], [175.082873947617, -36.8168626478965], [175.082873950368, -36.8168626253158], [175.082873950295, -36.8168626226131], [175.082874731067, -36.8168558608873], [175.082875016845, -36.8168531700011], [175.082875018744, -36.8168531573496], [175.082875021373, -36.8168531302645], [175.082876222056, -36.8168432084278], [175.08287622578, -36.8168431804222], [175.082876228702, -36.8168431641475], [175.082876498543, -36.8168414154007], [175.082876502365, -36.8168413909986], [175.082876504337, -36.8168413810497], [175.082877634374, -36.8168348908044], [175.082877637247, -36.8168348727281], [175.082877641216, -36.8168348537312], [175.082878903129, -36.8168283900167], [175.082878907073, -36.8168283701189], [175.082878912114, -36.8168283493007], [175.082880322271, -36.8168218956067], [175.082880324316, -36.8168218883604], [175.082880329357, -36.8168218675421], [175.082880347523, -36.8168217933171], [175.082880351419, -36.8168217716176], [175.082880356508, -36.8168217526011], [175.082880947342, -36.8168189842652], [175.082880950313, -36.8168189697923], [175.082880953284, -36.8168189553194], [175.082881501051, -36.8168161697122], [175.082881502098, -36.8168161669899], [175.082881508867, -36.8168161272141], [175.082881981639, -36.8168133870847], [175.082881986363, -36.8168133545551], [175.08288198831, -36.8168133437054], [175.082882403179, -36.8168105351905], [175.082882406903, -36.8168105071849], [175.082882771231, -36.816807736509], [175.082882774932, -36.8168077076025], [175.082882776709, -36.8168076904466], [175.082883067302, -36.8168048877146], [175.082883067156, -36.8168048823094], [175.082883070832, -36.816804852502], [175.082883302919, -36.8168020832421], [175.082883305548, -36.816802056157], [175.082883307908, -36.8168020191623], [175.082884326648, -36.8167810018869], [175.082885231549, -36.8167597964317], [175.08288615422, -36.8167384194177], [175.082887077134, -36.8167170514125], [175.082887393567, -36.8167106529359], [175.082887395051, -36.8167106249695], [175.08288739578, -36.8167106105359], [175.082888360555, -36.8166957906539], [175.082888361285, -36.8166957762203], [175.082888362039, -36.8166957626875], [175.082888764066, -36.8166907849649], [175.082890285302, -36.8166745754391], [175.082890286056, -36.8166745619064], [175.082890288709, -36.8166745357222], [175.082892693389, -36.8166537807742], [175.082895217408, -36.8166331688444], [175.082897505121, -36.8166121104046], [175.082899542701, -36.8165910464336], [175.082899545355, -36.8165910202493], [175.082899546936, -36.8165909958865], [175.082899676049, -36.8165891008908], [175.08289967938, -36.8165890170114], [175.082899678913, -36.816588958435]], [[175.082899678913, -36.816588958435], [175.0828987418, -36.8165708055187], [175.082898733365, -36.8165707011155], [175.08289871945, -36.8165706013149], [175.082898148382, -36.8165671512253], [175.082898147017, -36.8165671422362], [175.082898141851, -36.8165671170903], [175.082897311065, -36.8165627702502], [175.082897310992, -36.8165627675476], [175.082897303341, -36.8165627334322], [175.08289639225, -36.8165584429787], [175.082896385817, -36.8165584124472], [175.08289638455, -36.8165584070616], [175.082895372224, -36.8165540625014], [175.082895371006, -36.8165540589175], [175.082895362235, -36.8165540248218], [175.082894273478, -36.8165497555076], [175.082894267265, -36.8165497330839], [175.082894263513, -36.8165497187288], [175.082893646006, -36.8165474916179], [175.082890788742, -36.8165376553097], [175.082890777657, -36.8165376185506], [175.082890776415, -36.8165376140658], [175.082887674744, -36.8165277766325], [175.082887663732, -36.816527742576], [175.082884383061, -36.8165180011134], [175.082884380674, -36.8165179957474], [175.082884373365, -36.8165179742442], [175.082880868263, -36.8165082655558], [175.082879645506, -36.8165049251275], [175.082876889542, -36.8164970888346], [175.082876888373, -36.8164970870524], [175.08287687741, -36.8164970547977], [175.082874319625, -36.816489251084], [175.082874309783, -36.8164892188096], [175.082874307322, -36.816489210741], [175.082871913243, -36.8164813257455], [175.082871909491, -36.8164813113904], [175.082871902109, -36.8164812871846], [175.082869681214, -36.8164733811282], [175.082869676268, -36.8164733640901], [175.082869671273, -36.8164733452503], [175.082867618205, -36.81646542724], [175.082867610676, -36.816465397629], [175.082867604243, -36.8164653670975], [175.082862906516, -36.8164444139386], [175.082862905225, -36.8164444076521], [175.082862898914, -36.8164443816249], [175.082860756867, -36.8164339667657], [175.082860750288, -36.8164339308289], [175.08286074907, -36.8164339272451], [175.082858767132, -36.8164232157559], [175.082858765841, -36.8164232094694], [175.082858761771, -36.816423183403], [175.082855269765, -36.8164021712612], [175.0828518324, -36.8163812311672], [175.082851443999, -36.8163788954903], [175.082851441367, -36.8163788811156], [175.082851437298, -36.8163788550492], [175.082847996558, -36.8163598167604], [175.082847991416, -36.8163597925153], [175.082847988711, -36.816359775438], [175.082846341402, -36.8163514834874], [175.082846340086, -36.8163514763], [175.082846334945, -36.816351452055], [175.082843543793, -36.8163385952265], [175.082843533755, -36.8163385557451], [175.082843524837, -36.8163385162441], [175.082841415283, -36.8163304991784], [175.082841410312, -36.8163304812395], [175.082841405391, -36.8163304651023], [175.082838834328, -36.8163213853772], [175.082838831892, -36.8163213782094], [175.082838820831, -36.8163213423512], [175.082836037713, -36.8163123384459], [175.082836030355, -36.816312315141], [175.082836026701, -36.8163123043894], [175.082833060048, -36.8163033118118], [175.082833050254, -36.8163032813391], [175.082829877268, -36.8162943275276], [175.082829869984, -36.8162943069253], [175.082829863942, -36.8162942908078], [175.082826500213, -36.8162853718841], [175.082826486911, -36.8162853360651], [175.082822941136, -36.8162764834223], [175.082820952614, -36.8162716079752], [175.082820947839, -36.8162715972433], [175.082820942967, -36.8162715829078], [175.082816401255, -36.8162599825229], [175.082816395286, -36.8162599691079], [175.082816385614, -36.8162599431397], [175.082812121071, -36.8162483117601], [175.082812110181, -36.8162482822079], [175.082808072037, -36.8162365251854], [175.082808069625, -36.8162365189185], [175.082808059806, -36.816236487545], [175.082804294425, -36.8162247437688], [175.0828042858, -36.8162247150783], [175.082804283266, -36.8162247043071], [175.082800768036, -36.8162128840434], [175.082800758193, -36.816212851769], [175.082800746985, -36.8162128105055], [175.082799929828, -36.8162095864474], [175.082795550521, -36.816191528995], [175.082793604601, -36.816183345024], [175.082793602067, -36.8161833342528], [175.082793597048, -36.8161833145121], [175.082790371238, -36.8161707158599], [175.082790367462, -36.8161707006039], [175.082790358764, -36.8161706692108], [175.082784492894, -36.8161500014985], [175.082782374012, -36.816142549711], [175.082782365266, -36.8161425165161], [175.082778765208, -36.8161289311867], [175.082778489111, -36.8161278436469], [175.082778481461, -36.8161278095315], [175.082773700718, -36.8161075139697], [175.082768857439, -36.8160863173003], [175.082768854759, -36.8160863011239], [175.08276884857, -36.8160862796011], [175.082763624944, -36.8160654014463], [175.082758215066, -36.8160443102422], [175.082758209998, -36.8160442886998], [175.082758204905, -36.8160442662565], [175.082752457615, -36.8160193702609], [175.082752456226, -36.8160193603709], [175.082752449892, -36.8160193334429], [175.082746217584, -36.8159895708048], [175.082746211079, -36.8159895375706], [175.082746210957, -36.8159895330662], [175.082740591464, -36.8159596326064], [175.08273924422, -36.8159521123179], [175.08273189767, -36.8159138302703], [175.082731895087, -36.8159138176973], [175.082731889898, -36.8159137916505], [175.08272371603, -36.8158756737142], [175.082723708331, -36.8158756377971], [175.082723699487, -36.8158756009987], [175.082720959818, -36.8158649316242], [175.082720952241, -36.8158649002114], [175.082720951047, -36.8158648975284], [175.08271620357, -36.8158476477798], [175.082716201109, -36.8158476397112], [175.08271619246, -36.8158476101198], [175.082711092999, -36.8158304846086], [175.082711083132, -36.8158304514334], [175.082711081865, -36.8158304460477], [175.082705585911, -36.8158133328913], [175.082704695846, -36.8158106445816], [175.082699910692, -36.8157955613201], [175.082699902067, -36.8157955326295], [175.082699899533, -36.8157955218583], [175.082695446274, -36.8157803588745], [175.082695443838, -36.8157803517068], [175.082695436334, -36.8157803229966], [175.082691305378, -36.8157651399446], [175.082691297874, -36.8157651112345], [175.082691294146, -36.8157650977803], [175.082687520272, -36.8157498543934], [175.082687508992, -36.8157498104272], [175.082687501195, -36.8157497709066], [175.082685421452, -36.8157393369249], [175.082685420112, -36.8157393288366], [175.082685416287, -36.8157393117789], [175.08268347855, -36.8157284922558], [175.082683055196, -36.8157260246991], [175.082683052394, -36.8157260040183], [175.0826830512, -36.8157260013353], [175.082682209569, -36.8157215843814], [175.082682203014, -36.8157215493455], [175.082682201772, -36.8157215448607], [175.082681252745, -36.8157170946378], [175.082681252672, -36.8157170919351], [175.082681243852, -36.8157170560376], [175.082680223415, -36.8157127008012], [175.082680213328, -36.8157126595181], [175.082679082623, -36.815708289089], [175.082679073852, -36.8157082549932], [175.082679063984, -36.8157082218179], [175.08267655115, -36.8156997999192], [175.08267654618, -36.8156997819802], [175.082676541307, -36.8156997676448], [175.082672587473, -36.8156873142351], [175.082670392874, -36.8156803766121], [175.0826703928, -36.8156803739095], [175.082670381813, -36.8156803407538], [175.082668216712, -36.8156730438958], [175.082668209208, -36.8156730151856], [175.082668205529, -36.8156730035331], [175.082666200358, -36.8156656515974], [175.082666192878, -36.8156656237881], [175.082666187835, -36.8156656031465], [175.082665675844, -36.8156635048738], [175.082665669436, -36.8156634752431], [175.082664017971, -36.8156562279701], [175.082664009078, -36.81565618937], [175.082664009004, -36.8156561866673], [175.082662509623, -36.8156488429943], [175.082660956875, -36.8156411433407], [175.082660955583, -36.8156411370542], [175.082660951636, -36.8156411154921], [175.082657389226, -36.8156247814289], [175.082657384159, -36.8156247598865], [175.082657380333, -36.8156247428288], [175.082653455167, -36.8156084250356], [175.082653016658, -36.8156065976685], [175.082653012955, -36.8156065851151], [175.082653007985, -36.8156065671762], [175.082651983313, -36.8156025932642], [175.082651973324, -36.8156025555846], [175.082650796914, -36.8155983599071], [175.082650794405, -36.8155983500368], [175.082650785829, -36.815598323148], [175.082649534718, -36.8155941837587], [175.082649526093, -36.8155941550682], [175.082649523657, -36.8155941479004], [175.082648172069, -36.8155899823313], [175.082648168341, -36.8155899688771], [175.082648159814, -36.81558994379], [175.082646730261, -36.8155858381715], [175.082646721685, -36.8155858112827], [175.082646716861, -36.815585798749], [175.082645181717, -36.8155816850661], [175.082645174482, -36.8155816662656], [175.082645163714, -36.8155816412178], [175.08264328694, -36.8155769584901], [175.082643285698, -36.8155769540054], [175.082643274954, -36.8155769298585], [175.082636596296, -36.8155608883376], [175.08262763691, -36.8155399836951], [175.082627623681, -36.8155399505787], [175.082627621318, -36.8155399461136], [175.08261885503, -36.8155184315111], [175.082617813109, -36.8155158477082], [175.082617798784, -36.8155158155124], [175.082617797493, -36.8155158092259], [175.082615882711, -36.815511295707], [175.082615881518, -36.815511293024], [175.082615864806, -36.8155112554621], [175.082613868212, -36.8155068253951], [175.082613853937, -36.815506795001], [175.082613851549, -36.815506789635], [175.082611738866, -36.8155023363654], [175.082611737672, -36.8155023336824], [175.082611721058, -36.8155022997241], [175.082609537646, -36.8154979252057], [175.08260952108, -36.815497893049], [175.082609518717, -36.8154978885839], [175.082604623647, -36.8154887576371], [175.082604609494, -36.8154887317473], [175.082604607131, -36.8154887272823], [175.082598058959, -36.8154770034117], [175.082586011524, -36.815456024885], [175.082580963319, -36.8154471994575], [175.082567504422, -36.8154236508102]], [[175.084863919888, -36.8202503438575], [175.084860008289, -36.8202500456393], [175.084859974906, -36.8202501787161], [175.084857043629, -36.8202600624215], [175.084857000063, -36.8202601920717], [175.084863919888, -36.8202503438575]], [[175.084863919888, -36.8202503438575], [175.084851901415, -36.8202696901822], [175.08485185972, -36.8202697648203], [175.084851808889, -36.8202698333094], [175.084847471311, -36.8202754848383], [175.084847443156, -36.8202755213842], [175.084847411687, -36.8202755597908], [175.084834914756, -36.8202904945274], [175.084834890862, -36.8202905228868], [175.084826341373, -36.8203010864751], [175.084826301282, -36.8203011376512], [175.084826262337, -36.8203011897084], [175.084798625999, -36.8203397300716], [175.084793431741, -36.8203468206798], [175.08479341552, -36.8203468425956], [175.084793411209, -36.8203468489803], [175.084788090666, -36.8203538715019], [175.084788079828, -36.8203538852115], [175.08478806139, -36.8203539080674], [175.084782578192, -36.8203608442129], [175.084782573856, -36.8203608496968], [175.084782553251, -36.8203608752946], [175.084776957038, -36.8203676953517], [175.084776930976, -36.8203677264531], [175.084776927688, -36.8203677292147], [175.084771128998, -36.8203745239813], [175.084769185006, -36.8203767518443], [175.084769170855, -36.8203767674146], [175.084769144745, -36.8203767967142], [175.084765602482, -36.8203806488139], [175.084765600314, -36.8203806515559], [175.084765577418, -36.8203806753912], [175.084761989621, -36.8203844606919], [175.084761960198, -36.8203844918522], [175.084761949286, -36.8203845028592], [175.084758206074, -36.8203882620441], [175.084758195163, -36.8203882730511], [175.084758173314, -36.8203882941642], [175.08475442225, -36.820391970567], [175.084754394946, -36.8203919971836], [175.08475438837, -36.8203920027068], [175.084750520062, -36.8203956550282], [175.084750504766, -36.8203956697173], [175.08475048835, -36.820395684426], [175.084746664896, -36.8203991719238], [175.084746578452, -36.8203992500505], [175.084746548883, -36.8203992758056], [175.084746472255, -36.8203993438459], [175.084746442686, -36.8203993696009], [175.084738780917, -36.8204060861835], [175.084738757924, -36.8204061064154], [175.084738752444, -36.820406111018], [175.084730924271, -36.820412768329], [175.084730912214, -36.8204127784548], [175.084730887004, -36.8204127996268], [175.084722906207, -36.820419327123], [175.084721382802, -36.8204205705984], [175.084721370721, -36.8204205798233], [175.084721355376, -36.8204205927107], [175.084695281673, -36.8204412842236], [175.084695263015, -36.8204412989716], [175.08469525203, -36.820441307276], [175.084668833767, -36.8204616542205], [175.084668809605, -36.8204616726703], [175.084668775529, -36.8204616976031], [175.084660435891, -36.8204677672189], [175.084660421593, -36.820467777384], [175.084660400694, -36.8204677921713], [175.084651930455, -36.820473758625], [175.084651918349, -36.820473766949], [175.084651906219, -36.8204737743722], [175.08464328957, -36.8204796334344], [175.084643277464, -36.8204796417584], [175.084643258733, -36.8204796538039], [175.084638640971, -36.8204827063815], [175.084629867007, -36.8204885519785], [175.084629831761, -36.8204885751292], [175.084629827377, -36.8204885788113], [175.084621185938, -36.8204945572784], [175.08462117164, -36.8204945674435], [175.084621158438, -36.820494576688], [175.084612648693, -36.8205006573957], [175.084612637708, -36.8205006657001], [175.084612617929, -36.8205006804678], [175.084607956671, -36.8205041132548], [175.084607911634, -36.8205041473928], [175.084607877582, -36.8205041732264], [175.084598490789, -36.8205116447], [175.084598485284, -36.8205116484018], [175.084598455666, -36.8205116723551], [175.084589249115, -36.8205192587372], [175.084589230458, -36.8205192734852], [175.084589214041, -36.8205192881939], [175.084580179405, -36.8205270130645], [175.084580146498, -36.8205270397794], [175.084571253547, -36.8205349045699], [175.084571236034, -36.8205349201992], [175.084571232746, -36.8205349229608], [175.084562489127, -36.8205429203268], [175.084562473807, -36.820542934115], [175.08456246287, -36.8205429442211], [175.084558549362, -36.8205466252694], [175.084549929683, -36.8205546456973], [175.084549911099, -36.8205546631479], [175.08454989797, -36.8205546750951], [175.084541128686, -36.8205625530367], [175.084541101333, -36.8205625778515], [175.084541099141, -36.8205625796926], [175.084532121988, -36.8205703576295], [175.084532108859, -36.8205703695767], [175.084532090226, -36.8205703852256], [175.084522969241, -36.820578026884], [175.084522956088, -36.8205780379303], [175.084522936334, -36.8205780535989], [175.084513666062, -36.8205855644822], [175.08451364302, -36.8205855829124], [175.084513637515, -36.8205855866141], [175.084509994535, -36.8205884544497], [175.084509975852, -36.8205884682968], [175.08450995281, -36.8205884867269], [175.084481300553, -36.8206101283213], [175.084481293977, -36.8206101338445], [175.08448126979, -36.8206101513934], [175.084471512169, -36.8206173021883], [175.084471478093, -36.820617327121], [175.084461512872, -36.8206243878206], [175.084461493069, -36.8206244016874], [175.084451917622, -36.8206309535261], [175.084451915429, -36.8206309553672], [175.084451891218, -36.8206309720152], [175.084430047241, -36.8206455523817], [175.084408424815, -36.820659993664], [175.084408399483, -36.8206600103316], [175.084408391786, -36.8206600158744], [175.084398154995, -36.8206670669104], [175.084396158852, -36.820668447558], [175.08439615118, -36.8206684540016], [175.084396115934, -36.8206684771523], [175.084394125023, -36.8206698027287], [175.084394091969, -36.8206698240383], [175.084394084248, -36.8206698286802], [175.08439202591, -36.8206711482286], [175.084392009371, -36.820671158433], [175.084391990639, -36.8206711704784], [175.084389928936, -36.820672448626], [175.084389912372, -36.8206724579295], [175.08438989805, -36.8206724671937], [175.084388168488, -36.8206735087836], [175.084388126568, -36.8206735338539], [175.08438808572, -36.8206735571028], [175.084382995907, -36.8206764007354], [175.08438298156, -36.8206764090987], [175.084382950626, -36.8206764258646], [175.084377792527, -36.8206791904787], [175.084377767121, -36.8206792044438], [175.084377758279, -36.8206792091053], [175.084372531457, -36.8206819199451], [175.084372514869, -36.8206819283477], [175.08437248391, -36.8206819442127], [175.084367211868, -36.8206845585047], [175.084367183101, -36.8206845725287], [175.084367176476, -36.8206845762501], [175.084361833568, -36.8206871404105], [175.084361801464, -36.8206871553943], [175.084361766047, -36.8206871722388], [175.084361295322, -36.8206873832862], [175.084361263194, -36.8206873973692], [175.084361236643, -36.820687410453], [175.084333904364, -36.8207004367649], [175.084333814676, -36.8207004779949], [175.084333785836, -36.8207004893163], [175.084333755851, -36.8207004997564], [175.084331786001, -36.8207011967559]], [[175.084331786001, -36.8207011967559], [175.084331696191, -36.8207012334815], [175.084331550188, -36.8207013063433], [175.084329912688, -36.8207021876891], [175.0843297747, -36.8207022667194], [175.084331786001, -36.8207011967559]], [[175.084331786001, -36.8207011967559], [175.084328181954, -36.8207034753539], [175.08432812486, -36.8207035196175], [175.084328108467, -36.8207035352271], [175.084328022341, -36.8207036250649], [175.084326879467, -36.8207048870988], [175.084326843541, -36.8207049264847], [175.084326689995, -36.8207050932141], [175.084326654117, -36.8207051344017], [175.084315623367, -36.8207183750664], [175.084304453003, -36.8207318002411], [175.084303370229, -36.8207331288185], [175.084303357222, -36.8207331452699], [175.08430333876, -36.8207331672249], [175.084302311743, -36.8207344849102], [175.084302295522, -36.8207345068259], [175.084302274965, -36.8207345342254], [175.084301278011, -36.8207358856329], [175.084300286247, -36.8207372630871], [175.084300273314, -36.8207372822412], [175.0843002625, -36.8207372968517], [175.084299313268, -36.8207386717575], [175.084299302478, -36.8207386872688], [175.084299295999, -36.8207386963954], [175.084298359679, -36.820740092706]], [[175.084298359679, -36.820740092706], [175.084298355368, -36.8207400990906], [175.084297462655, -36.8207415324912], [175.084296588868, -36.8207429610533], [175.084296582414, -36.8207429710808], [175.084296567435, -36.8207429974812], [175.084295889279, -36.8207441576303], [175.084295875347, -36.8207441813084], [175.084295868991, -36.8207441949394], [175.084294615053, -36.820746445845], [175.084294603314, -36.820746467682], [175.084294599027, -36.8207464749676], [175.084293375176, -36.8207487604962], [175.084293365556, -36.8207487777897], [175.084293350675, -36.8207488077935], [175.084292200852, -36.8207510947279], [175.084292195543, -36.8207511056366], [175.084292187019, -36.8207511220095], [175.084291070253, -36.8207534290941], [175.084291059635, -36.8207534509116], [175.084291054374, -36.820753463622], [175.084289987645, -36.8207557968682], [175.084289979145, -36.820755814142], [175.084289974932, -36.8207558241302], [175.084289418557, -36.8207570930038], [175.084289410131, -36.8207571129802], [175.084289403823, -36.8207571284129], [175.084286154162, -36.8207649492027], [175.084286147879, -36.8207649655363], [175.084286139477, -36.8207649864135], [175.084283063086, -36.8207728303025], [175.084283054708, -36.8207728520807], [175.084283051542, -36.8207728593466], [175.08428099562, -36.8207783590837], [175.084277156385, -36.8207885804614], [175.084277148007, -36.8207886022395], [175.084277142771, -36.8207886158509], [175.084273093137, -36.8207987679125], [175.08427308471, -36.8207987878889], [175.084273078451, -36.8207988051234], [175.084272874022, -36.8207992863976], [175.084262816321, -36.820822733449], [175.084252589438, -36.8208461843674], [175.08424756629, -36.8208573124832], [175.084247558911, -36.8208573297373], [175.084243834435, -36.8208652111275], [175.084243830197, -36.8208652202148], [175.084243815292, -36.8208652493178], [175.084234571222, -36.8208840178681], [175.084234512599, -36.820884129756], [175.084234450321, -36.8208842308925], [175.084220309523, -36.8209059775812], [175.084220243712, -36.8209060724704], [175.084220171154, -36.8209061665767], [175.084219086282, -36.8209075005979], [175.084212047929, -36.8209159601469], [175.084212039258, -36.8209159711146], [175.084212021867, -36.8209159912481], [175.084204843993, -36.8209243081338], [175.084204817858, -36.8209243365324], [175.084204811355, -36.8209243447581], [175.084199806633, -36.8209299538844], [175.08419979577, -36.8209299666931], [175.084199781643, -36.8209299831642], [175.084196657147, -36.820933657576], [175.084196645212, -36.8209336722061], [175.084196636492, -36.820933681372], [175.084193417745, -36.82093731147], [175.084193414482, -36.8209373151324], [175.084193391635, -36.8209373407695], [175.084190128353, -36.8209408995443], [175.084190104385, -36.820940925201], [175.084190096737, -36.8209409325455], [175.08418671872, -36.8209444771087], [175.08418671436, -36.8209444816916], [175.084186687105, -36.8209445101098], [175.084183267352, -36.8209479625708], [175.084183244432, -36.8209479855052], [175.084183241144, -36.8209479882668], [175.084179724879, -36.8209514370121], [175.084179706294, -36.8209514544627], [175.084179694286, -36.8209514663902], [175.084176460116, -36.8209545280374]], [[175.084176460116, -36.8209545280374], [175.084176437147, -36.8209545491701], [175.084176379006, -36.8209545961559], [175.084166568483, -36.8209623616399], [175.084166548729, -36.8209623773084], [175.084166503618, -36.8209624087436], [175.084166381146, -36.8209624811926], [175.084176460116, -36.8209545280374]], [[175.084176460116, -36.8209545280374], [175.08415505061, -36.8209687645511], [175.084154903241, -36.8209688284236], [175.084148165599, -36.8209715540285], [175.084148065753, -36.8209715927326], [175.084147959111, -36.8209716288519], [175.084121672067, -36.8209800879237], [175.084095094499, -36.8209884583486], [175.084068781209, -36.8209966528866], [175.084042429595, -36.821004839979], [175.084042400681, -36.8210048485977], [175.084042360684, -36.8210048619172], [175.084025642916, -36.8210104655041], [175.084025602919, -36.8210104788236], [175.084025597365, -36.8210104807236], [175.084008935011, -36.8210163501216], [175.084008891726, -36.8210163662027], [175.08399243666, -36.8210224383618], [175.083992396712, -36.821022453483], [175.083992390062, -36.8210224563035], [175.083976008241, -36.821028790356], [175.083975988267, -36.8210287979166], [175.083975974967, -36.8210288035576], [175.083959744799, -36.8210353557676], [175.083959720392, -36.8210353652086], [175.083959701562, -36.8210353736504], [175.083943604292, -36.8210421551625], [175.083937299331, -36.8210448794785], [175.083915778321, -36.8210540985608], [175.083915756155, -36.8210541079624], [175.083915735085, -36.8210541164435], [175.083894002969, -36.8210630336822], [175.083894000753, -36.8210630346224], [175.083893976345, -36.8210630440633], [175.083872073146, -36.8210716470396], [175.083872029861, -36.8210716631206], [175.083849986806, -36.8210799458792], [175.083849955725, -36.8210799572398], [175.08384994905, -36.8210799591594], [175.083833903539, -36.8210857564302], [175.083833858012, -36.8210857725505], [175.083833815798, -36.8210857868101], [175.083808836978, -36.8210939984538], [175.083808834762, -36.821093999394], [175.083808791403, -36.8210940127724], [175.083783667219, -36.8211018664391], [175.083783633872, -36.821101876938], [175.083783621644, -36.8211018807576], [175.083758281894, -36.8211093920987], [175.083758266329, -36.8211093968781], [175.083758237415, -36.8211094054967], [175.083732731887, -36.8211165502054], [175.083730446243, -36.8211171779233], [175.083730417305, -36.821117185641], [175.083730413968, -36.8211171866008], [175.083684973446, -36.8211291602445], [175.083684946749, -36.8211291679229], [175.083684927798, -36.8211291718603], [175.083639212558, -36.8211405238986], [175.083639180258, -36.8211405316752], [175.083624719985, -36.8211439757723], [175.083624709949, -36.8211439777508], [175.083624682106, -36.821143984548], [175.083575783894, -36.8211550381489], [175.083572284476, -36.8211558025075], [175.083547545526, -36.8211613690806], [175.083547525478, -36.8211613739386], [175.083547497636, -36.8211613807357], [175.083522888303, -36.8211673037494], [175.083519707848, -36.8211680895543], [175.083519671114, -36.8211680992112], [175.083519626586, -36.8211681108074], [175.083478884171, -36.8211792908919], [175.083478864148, -36.8211792966507], [175.083478858594, -36.8211792985506], [175.083441111484, -36.8211902242263], [175.083431164033, -36.8211931097042], [175.083431156238, -36.8211931116434], [175.083431136215, -36.8211931174022], [175.083421148606, -36.8211958449542], [175.083421140811, -36.8211958468935], [175.083421104078, -36.8211958565504], [175.083411094655, -36.821198441177], [175.083411065693, -36.8211984479938], [175.083411047886, -36.8211984528124], [175.083400978601, -36.8212008969834], [175.083400941843, -36.8212009057394], [175.08340092847, -36.8212009086777], [175.083390770065, -36.8212032083992], [175.083390757813, -36.8212032113178], [175.083390726609, -36.8212032181738], [175.083380550995, -36.8212053793957], [175.083380536501, -36.8212053823537], [175.083380503056, -36.821205389249], [175.083370289868, -36.8212074051179], [175.083370266459, -36.8212074100347], [175.083370248604, -36.8212074130516], [175.083362480355, -36.8212088461856], [175.083362460259, -36.8212088492417], [175.083362435729, -36.8212088541782], [175.083362411175, -36.8212088582138], [175.083354806945, -36.8212100559367], [175.083354777933, -36.8212100609517], [175.083354757812, -36.821210063107], [175.083352914112, -36.8212103279588], [175.083352911871, -36.8212103279981], [175.08334326251, -36.8212117625572], [175.083343246871, -36.821211764634], [175.083343221221, -36.8212117695901], [175.083343150969, -36.8212117834396], [175.083337867533, -36.8212129053322], [175.083337783957, -36.8212129239218], [175.083337760597, -36.8212129306404], [175.083337636197, -36.8212129733794], [175.083332726952, -36.8212147890238]], [[175.083332726952, -36.8212147890238], [175.083332644911, -36.8212148229086], [175.083332522071, -36.8212148818437], [175.083330281696, -36.8212160216007], [175.083330276167, -36.8212160244015], [175.083330245207, -36.8212160402663], [175.083320925429, -36.8212209471668], [175.083311636146, -36.8212258210852], [175.083311630616, -36.821225823886], [175.083311610715, -36.8212258341492], [175.08331146471, -36.8212259070097], [175.083311119549, -36.8212260770963], [175.083306447874, -36.8212284266522], [175.083306441248, -36.8212284303736], [175.083306415793, -36.8212284425367], [175.083301337931, -36.8212309028614], [175.083301308043, -36.8212309169048], [175.083301299177, -36.8212309206654], [175.083296154735, -36.8212333235724], [175.083296114885, -36.8212333422969], [175.083296102705, -36.8212333479181], [175.083290869784, -36.8212356712586], [175.083290854268, -36.8212356778397], [175.083290835438, -36.8212356862814], [175.083285734584, -36.8212378775196], [175.083268059188, -36.821245460819], [175.083268048105, -36.8212454655198], [175.083268014879, -36.821245480523], [175.083258920157, -36.8212495092122], [175.083258886932, -36.8212495242154], [175.08325886479, -36.8212495345178], [175.083236358613, -36.8212600496916], [175.083232751736, -36.8212617713026], [175.08320916336, -36.8212733067842], [175.083206927827, -36.8212744185137], [175.083190395232, -36.8212828452185], [175.083190374235, -36.8212828564021], [175.083190355455, -36.8212828666456], [175.083175026265, -36.8212909811365], [175.083175000835, -36.8212909942004], [175.083174998618, -36.8212909951405], [175.083160191207, -36.8212991275237], [175.083160165801, -36.8212991414885], [175.083160150334, -36.8212991498713], [175.083145494574, -36.8213075004135], [175.083143813744, -36.8213084798431], [175.083143806047, -36.8213084853858], [175.083143778449, -36.8213085011916], [175.083133404224, -36.8213147496677], [175.083133370025, -36.8213147700957], [175.083133365616, -36.8213147728768], [175.083123092227, -36.8213211845229], [175.083123090035, -36.8213211863639], [175.083123048138, -36.8213212123346], [175.083123045946, -36.8213212141756], [175.08311539325, -36.8213259999103], [175.083115378927, -36.8213260091743], [175.083115351329, -36.8213260249801], [175.083107644201, -36.8213306638549], [175.083107635383, -36.8213306694172], [175.083107613315, -36.8213306824222], [175.083102599832, -36.8213336156946], [175.083102570042, -36.8213336333414], [175.083102535818, -36.8213336528685], [175.083093944494, -36.8213383865532], [175.083093920184, -36.8213383995974], [175.083093913559, -36.8213384033187], [175.083087169113, -36.8213419969362], [175.083081354311, -36.8213451046829], [175.083081345469, -36.8213451093444], [175.083081313437, -36.8213451270305], [175.083075613494, -36.8213482949537], [175.08307560134, -36.8213483014758], [175.083075577054, -36.821348315421], [175.08307149389, -36.8213506636668], [175.083071464099, -36.8213506813136], [175.083071447535, -36.8213506906169], [175.083068470227, -36.8213524778001], [175.083068463602, -36.8213524815214], [175.083068431643, -36.8213525019101], [175.083065529924, -36.8213543066958], [175.08306549799, -36.8213543279853], [175.083065479259, -36.8213543400305], [175.083062588726, -36.8213562266384], [175.08306115251, -36.8213571729383], [175.083061115071, -36.8213571979296], [175.083061111758, -36.8213571997903], [175.083057579683, -36.8213596131855], [175.083057574203, -36.821359617788], [175.083057555471, -36.8213596298332], [175.08305411455, -36.8213620560517], [175.083054092579, -36.8213620726601], [175.083054076064, -36.8213620837652], [175.083051282835, -36.8213641272965], [175.08305127845, -36.8213641309785], [175.083051253191, -36.8213641503485], [175.083024944822, -36.8213839884778], [175.082998795845, -36.8214037931638], [175.082998777163, -36.8214038070108], [175.082998771682, -36.8214038116133], [175.082972918124, -36.8214229351409], [175.082947013619, -36.8214420820884], [175.082920471186, -36.8214620964453], [175.082894053037, -36.8214819815351], [175.082894026657, -36.8214820009247], [175.082894014576, -36.8214820101494], [175.082886524958, -36.8214874365407], [175.082886506275, -36.8214874503876], [175.082886485376, -36.8214874651746], [175.082878876021, -36.8214927755933], [175.082878848496, -36.8214927941017], [175.082878840799, -36.8214927996443], [175.082871096411, -36.8214980087792], [175.082871075487, -36.8214980226654], [175.082871068886, -36.8214980272875], [175.082865898394, -36.821501413952], [175.082865886264, -36.821501421375], [175.08286586534, -36.8215014352611], [175.0828543108, -36.8215087670307], [175.082854304199, -36.8215087716529], [175.082854273337, -36.8215087911211], [175.082842605145, -36.8215159419171], [175.082842570922, -36.8215159614441], [175.082836412325, -36.821519621392], [175.082836381438, -36.8215196399592], [175.082836363778, -36.821519650183], [175.082827831447, -36.821524493675], [175.082827813788, -36.8215245038988], [175.082827787261, -36.8215245178832], [175.082819152512, -36.8215292225664], [175.082819133731, -36.8215292328098], [175.082819130418, -36.8215292346704], [175.082813228311, -36.8215323484407], [175.082809033457, -36.8215345886762], [175.082809006954, -36.8215346035614], [175.082809000329, -36.8215346072827], [175.082804821873, -36.8215369148282], [175.082804809718, -36.8215369213504], [175.082804778807, -36.8215369390167], [175.082800710994, -36.8215392752675], [175.082800682299, -36.8215392919938], [175.082800674578, -36.8215392966356], [175.082796587965, -36.8215417251483], [175.082796550453, -36.8215417474369], [175.082792605102, -36.8215441761781], [175.082792565422, -36.8215442012085], [175.082792563205, -36.8215442021487], [175.082789864406, -36.8215459249588], [175.082789823654, -36.8215459518106], [175.082777782491, -36.8215539428393], [175.082765790337, -36.8215619221925], [175.08275182343, -36.8215710808001], [175.082737789531, -36.8215802495929], [175.082726875603, -36.8215872690906], [175.082726870098, -36.8215872727922], [175.082726838116, -36.82158729228], [175.082715839621, -36.8215941284918], [175.082715812047, -36.8215941451984], [175.082712150221, -36.8215963634722], [175.082705505876, -36.8216003014139], [175.082705474989, -36.8216003199812], [175.082705463955, -36.8216003264836], [175.082698723991, -36.8216041696613], [175.082698707402, -36.8216041780636], [175.082698685334, -36.8216041910685], [175.082691858984, -36.8216079492346], [175.082691853454, -36.8216079520354], [175.082691823639, -36.8216079687813], [175.08268563784, -36.8216112461452], [175.082685613506, -36.8216112582885], [175.082685592508, -36.8216112694721], [175.082650857594, -36.8216289018762], [175.082615899093, -36.8216465580167], [175.082598341046, -36.8216555812435], [175.082580761317, -36.8216646318866], [175.082558671986, -36.8216762644541], [175.082558666456, -36.8216762672548], [175.082558655397, -36.8216762728564], [175.08255449015, -36.8216785305903], [175.082528481913, -36.8216924517205], [175.082528466445, -36.8216924601033], [175.082528428859, -36.8216924796891], [175.082524470066, -36.8216944958613], [175.082524453502, -36.8216945051645], [175.08252443801, -36.8216945126463], [175.082520415635, -36.8216964992881], [175.082520403456, -36.8216965049093], [175.082520369159, -36.8216965217336], [175.082516342321, -36.8216984264351], [175.082516307999, -36.8216984423586], [175.08251630247, -36.8216984451594], [175.082512186181, -36.8217003171785], [175.082512166255, -36.8217003265407], [175.082512145209, -36.8217003359224], [175.082508010354, -36.8217021433731], [175.082508000391, -36.8217021480541], [175.082507960491, -36.8217021649766], [175.08250377679, -36.821703907488], [175.082502481794, -36.8217044394124], [175.082502456266, -36.8217044488727], [175.082502445182, -36.8217044535734], [175.082494746276, -36.8217074960612], [175.082494737409, -36.8217074998218], [175.082494704111, -36.8217075121221], [175.082486974016, -36.8217104379867], [175.082486948512, -36.8217104483479], [175.082486928513, -36.8217104550074], [175.082479132688, -36.8217132720644], [175.082479109376, -36.8217132805845], [175.082479098268, -36.8217132843844], [175.082475061262, -36.8217146899419], [175.082474965725, -36.82171472226], [175.082474902318, -36.8217147404957]], [[175.082474902318, -36.8217147404957], [175.082453226457, -36.8217204523642], [175.082453092798, -36.8217204844489], [175.082452957872, -36.821720511148], [175.082449487977, -36.8217211253407], [175.082449479062, -36.8217211272995], [175.082449434411, -36.8217211343909], [175.082446601047, -36.8217215742958], [175.082446568649, -36.8217215784686], [175.082443749046, -36.8217219883895], [175.082443706612, -36.8217219945407], [175.082443686516, -36.8217219975967], [175.082440831954, -36.8217223585584], [175.082440812953, -36.8217223606939], [175.082440788375, -36.8217223638284], [175.082437945113, -36.8217226867375], [175.082437907112, -36.8217226910084], [175.08243790263, -36.821722691087], [175.082435027114, -36.8217229821142], [175.082435000294, -36.821722985288], [175.08243497457, -36.8217229875413], [175.082432110135, -36.8217232324079], [175.082432079929, -36.8217232347397], [175.082432056422, -36.8217232360529], [175.082429170669, -36.8217234389318], [175.082429160584, -36.8217234391085], [175.082429146042, -36.8217234402646], [175.082426267375, -36.8217236150789], [175.082426238266, -36.8217236164903], [175.082426203553, -36.8217236179998], [175.082423318964, -36.821723739741], [175.082422624716, -36.8217237699304], [175.082419409322, -36.8217238884544], [175.08241937461, -36.8217238899638], [175.082419361164, -36.8217238901994], [175.082416133368, -36.8217239647768], [175.082416115439, -36.8217239650909], [175.082416085185, -36.821723965621], [175.082412901014, -36.8217239952702], [175.082412864012, -36.8217239950172], [175.082412853927, -36.8217239951939], [175.082409604641, -36.8217239800176], [175.082409601279, -36.8217239800765], [175.082409565397, -36.8217239798038], [175.082406381295, -36.8217239292359], [175.082406348774, -36.8217239289044], [175.082406321857, -36.8217239284747], [175.082403111393, -36.8217238152775], [175.082403094561, -36.8217238146711], [175.08240307098, -36.8217238132816], [175.082399858419, -36.821723664069], [175.082399849455, -36.8217236642261], [175.082399810163, -36.8217236622106], [175.082396650289, -36.8217234715163], [175.082396614358, -36.8217234694419], [175.08239660649, -36.8217234686784], [175.08239528222, -36.8217233756118], [175.082395168728, -36.8217233658832], [175.082395062982, -36.8217233524138], [175.082380685462, -36.8217212942718], [175.082380526659, -36.8217212673111], [175.082380426247, -36.8217212438338]], [[175.082380426247, -36.8217212438338], [175.082369842761, -36.8217183287788], [175.082369728634, -36.8217182956275], [175.082369624543, -36.8217182604979], [175.082342991985, -36.8217088605484], [175.082316375035, -36.8216992503163], [175.082303546355, -36.8216945269224], [175.082290726763, -36.8216898078745], [175.082290698432, -36.8216897966539], [175.08229069278, -36.8216897949503], [175.082282843096, -36.8216870266748], [175.082282805777, -36.8216870147103], [175.082282802366, -36.8216870129675], [175.082276738778, -36.8216849560729], [175.082271796391, -36.8216832761083], [175.082271771494, -36.8216832675314], [175.082271754515, -36.8216832615198], [175.082266824669, -36.8216815065273], [175.082266821258, -36.8216815047844], [175.08226678618, -36.8216814927807], [175.082263341279, -36.821680216502], [175.082263291438, -36.8216801975466], [175.082263243838, -36.8216801785518], [175.082258911119, -36.8216784085915], [175.082258894091, -36.8216784007781], [175.082258868026, -36.8216783904191], [175.082254580807, -36.8216765619783], [175.082254549041, -36.8216765481139], [175.082254543365, -36.8216765455095], [175.082250266763, -36.8216746537914], [175.082250237238, -36.8216746398878], [175.08225021909, -36.821674632094], [175.082245999096, -36.8216726780956], [175.082245979803, -36.8216726694206], [175.082245958219, -36.8216726589831], [175.082241756515, -36.821670635264], [175.08224175425, -36.8216706344023], [175.082241724701, -36.8216706195979], [175.082237603722, -36.8216685548071], [175.082237583259, -36.82166854435], [175.082237568473, -36.8216685364973], [175.082233480815, -36.8216664188472], [175.082233445541, -36.8216663996366], [175.08223343872, -36.8216663961509], [175.082230657095, -36.8216648982484], [175.082217082082, -36.8216576624744], [175.082217052508, -36.8216576467691], [175.082217042277, -36.8216576415405], [175.082203289282, -36.8216505810313], [175.082203284726, -36.8216505784072], [175.082203261998, -36.8216505670885], [175.082197977325, -36.8216479224158], [175.08219797506, -36.8216479215542], [175.082197965973, -36.8216479172068], [175.082197962563, -36.821647915464], [175.082184771335, -36.8216417274851], [175.082178799131, -36.8216389885023], [175.082178788924, -36.8216389841746], [175.082178762834, -36.8216389729147], [175.082160793869, -36.8216310164563], [175.082159405259, -36.8216304107725], [175.082159363311, -36.8216303934813], [175.082159319073, -36.8216303744277], [175.082154715207, -36.821628527195], [175.082154693672, -36.8216285185592], [175.082154678959, -36.8216285134092], [175.08215000891, -36.8216267060916], [175.082149991907, -36.8216266991791], [175.082149957924, -36.8216266862549], [175.082145283643, -36.821624970944], [175.082145257578, -36.821624960585], [175.082145236068, -36.8216249528501], [175.082140480161, -36.8216232867378], [175.082140459772, -36.8216232789833], [175.082140439407, -36.8216232721297], [175.082135640241, -36.8216216644583], [175.082135628914, -36.8216216601502], [175.08213559498, -36.8216216490277], [175.082130817159, -36.8216201257046], [175.082130776477, -36.821620113799], [175.082130766295, -36.8216201103722], [175.082125883414, -36.8216186402633], [175.082125873256, -36.8216186377374], [175.082125843878, -36.821618629239], [175.082123691252, -36.8216180026891], [175.082118814853, -36.8216165649133], [175.082118786596, -36.8216165563953], [175.082118761724, -36.8216165487193], [175.08211395745, -36.8216150420822], [175.082113922396, -36.8216150309794], [175.082113913358, -36.8216150284338], [175.082109073515, -36.8216134503155], [175.082109061067, -36.8216134460271], [175.082109023723, -36.8216134331618], [175.082104286723, -36.8216118027689], [175.082104251644, -36.8216117907652], [175.082099477515, -36.821610072695], [175.082099474129, -36.821610071853], [175.082099432229, -36.8216100563636], [175.082094771321, -36.8216082966527], [175.082094750931, -36.8216082888981], [175.082094728277, -36.821608280282], [175.082090049313, -36.821606433461], [175.082089371489, -36.8216061596222], [175.082089323865, -36.8216061397265], [175.082089283037, -36.8216061224157], [175.082071436987, -36.8215982331905], [175.082071417693, -36.8215982245155], [175.08207139611, -36.821598214078], [175.082053716132, -36.8215900821949], [175.082053683221, -36.8215900674493], [175.082053674135, -36.8215900631019], [175.082044123184, -36.8215855346277], [175.081999124317, -36.8215640607271], [175.081928309622, -36.8215297285875], [175.081928306212, -36.8215297268447], [175.081928285749, -36.8215297163875], [175.081922453889, -36.8215268190082], [175.081892103224, -36.8215120546441], [175.081892087317, -36.821512046811], [175.081892063468, -36.8215120355118], [175.081861450294, -36.8214977191779], [175.081861418479, -36.8214977035117], [175.081845007379, -36.8214902668075], [175.081844890548, -36.8214902165784], [175.081844798832, -36.8214901830341]], [[175.081844798832, -36.8214901830341], [175.081803236894, -36.8214758520568], [175.08180310004, -36.8214758075861], [175.081802956633, -36.8214757695393], [175.081793398259, -36.8214734070009], [175.081793361013, -36.8214733977389], [175.081793341841, -36.8214733935682], [175.081782414601, -36.8214709468481], [175.081782386392, -36.8214709401318], [175.081782366101, -36.8214709359807], [175.081771346523, -36.8214686395916], [175.081771337485, -36.821468637046], [175.081771298047, -36.821468629625], [175.081760294288, -36.8214665033037], [175.081760259356, -36.8214664967051], [175.081760246957, -36.8214664942183], [175.08174914287, -36.82146451296], [175.081749129351, -36.8214645104929], [175.08174910007, -36.821464505598], [175.081739726221, -36.8214629536982], [175.081718523449, -36.8214595215589], [175.081718518942, -36.8214595207365], [175.081718484035, -36.8214595150388], [175.081714088262, -36.8214588511576], [175.081704367225, -36.8214574360244], [175.081704363839, -36.8214574351824], [175.081704332342, -36.8214574312275], [175.081694614456, -36.821456173766], [175.081694609949, -36.8214561729436], [175.081694577332, -36.8214561690083], [175.081688176786, -36.8214554113517], [175.081647477028, -36.8214506802991], [175.08163704544, -36.8214495624157], [175.081636919598, -36.8214495520014], [175.081636799456, -36.8214495450925], [175.081591327908, -36.8214479394824], [175.081591192201, -36.8214479373525], [175.08159105552, -36.8214479406475], [175.081584529971, -36.8214482378941]], [[175.081584529971, -36.8214482378941], [175.081584440474, -36.8214482448693], [175.081584304184, -36.8214482625783], [175.081584529971, -36.8214482378941]], [[175.081584529971, -36.8214482378941], [175.081559463952, -36.8214519621168], [175.081559371411, -36.8214519808621], [175.081557516282, -36.8214524036141], [175.081557490656, -36.8214524094707], [175.081557475066, -36.8214524133489], [175.081547731607, -36.8214547633302], [175.081547700427, -36.8214547710866], [175.0815476815, -36.8214547759246], [175.081537996926, -36.8214572717859], [175.08153798136, -36.821457276565], [175.081537960192, -36.8214572814422], [175.081531968189, -36.8214588996626], [175.081531950382, -36.821458904481], [175.081531935913, -36.8214589083396], [175.081522442328, -36.8214616261802], [175.081522395607, -36.8214616396166], [175.081512888462, -36.8214645190268], [175.081512886246, -36.8214645199669], [175.081512850657, -36.8214645305045], [175.081506005756, -36.8214666954276], [175.081502915381, -36.8214676625655], [175.081502893141, -36.8214676692641], [175.081502872022, -36.821467675943], [175.081499785907, -36.8214685934346], [175.0814997681, -36.821468598253], [175.08149974586, -36.8214686049515], [175.081496650828, -36.821469482942], [175.081496618552, -36.821469491619], [175.081496604082, -36.8214694954776], [175.08149344849, -36.821470331266], [175.081493445128, -36.8214703313249], [175.081493409515, -36.8214703409616], [175.081490311944, -36.821471125261], [175.081490274089, -36.821471134937], [175.081490264078, -36.8214711378162], [175.081487099467, -36.8214718890401], [175.081487077178, -36.821471893937], [175.081487034842, -36.8214719036914], [175.081483857269, -36.8214725902486], [175.081480751359, -36.8214732322882], [175.081480711214, -36.8214732402016], [175.081480650974, -36.8214732511709], [175.081469776787, -36.8214751621851], [175.081469741076, -36.8214751682182], [175.081458842546, -36.8214769255352], [175.081458809051, -36.8214769306283], [175.081458805714, -36.821476931588], [175.081453814914, -36.8214776841471], [175.081453803757, -36.8214776861451], [175.081453779178, -36.8214776892794], [175.081426532088, -36.8214815165626], [175.081426529847, -36.8214815166019], [175.081400583807, -36.8214850353831], [175.081400573747, -36.8214850364606], [175.081400540228, -36.8214850406527], [175.081386848086, -36.8214867603586], [175.081386819025, -36.8214867635714], [175.081386802265, -36.8214867656675], [175.081374766019, -36.8214881156831], [175.081374725777, -36.821488119993], [175.081374705656, -36.8214881221479], [175.081367145451, -36.8214888367772], [175.081367120848, -36.8214888390107], [175.081367087281, -36.8214888414011], [175.081359503538, -36.8214894320625], [175.081359500176, -36.8214894321214], [175.081359467729, -36.8214894344922], [175.081351905028, -36.821489932852], [175.081351871461, -36.8214899352424], [175.081351858039, -36.8214899363787], [175.081348781699, -36.8214900975036], [175.081322410123, -36.8214914407681], [175.081322372074, -36.8214914432369], [175.081295973084, -36.8214930988257], [175.081295847657, -36.821493103726], [175.08129571765, -36.8214931051012], [175.081275358524, -36.8214928811627]], [[175.081275358524, -36.8214928811627], [175.081275291194, -36.8214928787365], [175.081275177727, -36.8214928699078], [175.08127074002, -36.8214924374775], [175.081270661314, -36.8214924289414], [175.081270611815, -36.8214924225977], [175.081246899461, -36.8214891325597], [175.081246896099, -36.8214891326186], [175.081246864577, -36.8214891277628], [175.08123547, -36.8214874309462], [175.081200103852, -36.8214822278012], [175.081200067848, -36.8214822230238], [175.081200047581, -36.8214822197735], [175.081182393969, -36.8214798159674], [175.081164875845, -36.8214774061812], [175.081164839842, -36.8214774014037], [175.081164810561, -36.8214773965086], [175.081158819834, -36.8214764549927], [175.081158805194, -36.8214764525451], [175.081158777034, -36.8214764476303], [175.081152826984, -36.8214754351003], [175.08115280221, -36.8214754310276], [175.081152778556, -36.8214754269353], [175.081146840731, -36.821474327666], [175.081146796786, -36.8214743194224], [175.081146792279, -36.8214743186], [175.081140833987, -36.8214731259535], [175.081138804569, -36.8214727018236], [175.081121127856, -36.8214690726433], [175.081121115457, -36.8214690701565], [175.081121077139, -36.8214690627156], [175.081112361099, -36.8214673766715], [175.081112326167, -36.8214673700727], [175.081112318299, -36.8214673693092], [175.081059830389, -36.8214579161389], [175.081059828123, -36.8214579152773], [175.081059793215, -36.8214579095794], [175.081034909285, -36.8214537062634], [175.081034882246, -36.821453701329], [175.081034874353, -36.8214536996646], [175.081019290875, -36.8214512361555], [175.08101927738, -36.8214512345891], [175.081019242497, -36.8214512297921], [175.081003685314, -36.8214489920471], [175.081003657178, -36.8214489880332], [175.081003633549, -36.8214489848416], [175.080987933727, -36.821446944273], [175.0809879281, -36.8214469434702], [175.080987884228, -36.8214469379292], [175.080972200787, -36.8214451296073], [175.080972187292, -36.821445128041], [175.080972152457, -36.8214451250457], [175.080956694282, -36.8214435624383], [175.080956552703, -36.8214435504962], [175.080956257367, -36.821443532233], [175.080956200097, -36.8214435287292], [175.080956033891, -36.8214435181196], [175.080955885712, -36.8214435107995], [175.080952026458, -36.8214432016225], [175.080952016348, -36.8214432008982], [175.080951992744, -36.8214431986076], [175.080947716358, -36.8214429273776], [175.08094768491, -36.8214429252243], [175.080947672559, -36.8214429245392], [175.080943361707, -36.8214427052868], [175.080943340368, -36.8214427038577], [175.080943311185, -36.8214427025661], [175.080939002042, -36.8214425463746], [175.080938997535, -36.8214425455522], [175.080938961653, -36.8214425452791], [175.080934645204, -36.8214424505039], [175.080934633999, -36.8214424507], [175.080934594756, -36.8214424504858], [175.080930324861, -36.8214424188877], [175.080930292341, -36.8214424185558], [175.080930287859, -36.8214424186342], [175.080929683644, -36.8214424201995], [175.080929679162, -36.821442420278], [175.080919422418, -36.8214425007049], [175.080919388802, -36.8214425012934], [175.080919374235, -36.8214425015484], [175.080909128118, -36.8214427259965], [175.080909103467, -36.8214427264281], [175.0809090889, -36.8214427266831], [175.080903323921, -36.8214429177427], [175.080877618513, -36.8214437733584], [175.080851841787, -36.8214448104773], [175.080851839546, -36.8214448105165], [175.080851803713, -36.8214448120451], [175.080832713787, -36.8214457933831], [175.080832694762, -36.8214457946175], [175.080832679075, -36.8214457948921], [175.080825770229, -36.821446220483], [175.080825746722, -36.8214462217959], [175.080825723215, -36.8214462231087], [175.080818203291, -36.8214467693559], [175.080818160783, -36.8214467728039], [175.080810705927, -36.8214474035351], [175.080810676842, -36.8214474058469], [175.080810652239, -36.8214474080802], [175.080803163649, -36.8214481592745], [175.080799554356, -36.8214485523368], [175.080799518596, -36.821448556568], [175.080799496259, -36.8214485596629], [175.080794123369, -36.821449236865], [175.080794076453, -36.8214492430941], [175.080788766973, -36.8214499849808], [175.080788739058, -36.8214499890747], [175.080788714503, -36.8214499931097], [175.080783419546, -36.821450815859], [175.080783382715, -36.8214508219116], [175.080783374895, -36.8214508229498], [175.080778060721, -36.8214517226459], [175.080778036167, -36.821451726681], [175.080778017191, -36.8214517297171], [175.080773226212, -36.8214526166485], [175.080773194983, -36.821452622603], [175.080773184947, -36.8214526245813], [175.080762802252, -36.8214546774441], [175.080762791096, -36.821454679442], [175.080762753192, -36.821454687316], [175.080752433887, -36.8214568868815], [175.080752424971, -36.8214568888402], [175.080752402683, -36.8214568937369], [175.080747477345, -36.8214579939239], [175.080721596031, -36.8214639449373], [175.080695818978, -36.8214700203021], [175.080669893323, -36.8214759901066], [175.080665399, -36.8214770683244], [175.080665394542, -36.8214770693037], [175.08066535335, -36.8214770799391], [175.080660966625, -36.8214781986343], [175.080660918759, -36.8214782111891], [175.080656470432, -36.8214794147835], [175.080656465975, -36.8214794157629], [175.080656440397, -36.821479423421], [175.080652074091, -36.8214806751511], [175.080652050755, -36.82148068277], [175.080652037382, -36.821480685708], [175.080647667083, -36.8214819969936], [175.080647645963, -36.8214820036724], [175.08064761929, -36.8214820122511], [175.080643960041, -36.8214831686839], [175.080643845626, -36.8214832076401], [175.08064379016, -36.821483229341]], [[175.08064379016, -36.821483229341], [175.080618972263, -36.8214941305908], [175.080618862647, -36.8214941811799], [175.08061876314, -36.8214942324933], [175.080616541279, -36.8214954367693], [175.080610542622, -36.8214987143556], [175.080610532684, -36.8214987199374], [175.080610508374, -36.8214987329811], [175.080604492708, -36.8215018792748], [175.080604462844, -36.8215018942184], [175.080604455122, -36.8215018988601], [175.080598362453, -36.8215049752986], [175.080598324842, -36.821504993983], [175.080598319313, -36.8215049967837], [175.080592117168, -36.8215080048368], [175.080592106085, -36.8215080095373], [175.080592078437, -36.8215080235408], [175.08059139436, -36.8215083464643], [175.080591364471, -36.821508360507], [175.080591335679, -36.8215083736292], [175.080565316672, -36.8215200043158], [175.080565301156, -36.8215200108965], [175.080565288976, -36.8215200165175], [175.080539178651, -36.8215313802092], [175.080539129884, -36.8215314008915], [175.080539093296, -36.8215314159527], [175.080534398715, -36.821533254764], [175.080534359886, -36.8215332698645], [175.080534356549, -36.8215332708242], [175.080529544431, -36.8215350747394], [175.080529507794, -36.8215350879989], [175.080524749385, -36.8215368053501], [175.080524713869, -36.82153681859], [175.080524699424, -36.8215368233493], [175.080519837533, -36.821538486631], [175.080519826425, -36.8215384904307], [175.080519791981, -36.8215385018492], [175.080514914619, -36.8215400905935], [175.080514883487, -36.8215401001514], [175.08051366294, -36.8215404838391], [175.0805135485, -36.8215405218943], [175.080513441977, -36.8215405625148], [175.080488743457, -36.8215503674685], [175.08048863596, -36.8215504135138], [175.08048852856, -36.8215504631627], [175.080487270679, -36.8215510827432], [175.080487229756, -36.8215511032882], [175.080487199916, -36.8215511191326]], [[175.080487199916, -36.8215511191326], [175.080484872577, -36.8215524027644], [175.080484833919, -36.821552424171], [175.080484826198, -36.8215524288126], [175.080482460617, -36.8215537906257], [175.080482454016, -36.8215537952477], [175.080482424201, -36.821553811993], [175.080480158932, -36.8215551522215], [175.080480121419, -36.8215551745094], [175.080480102687, -36.8215551865541], [175.080477816181, -36.8215566118767], [175.080475574642, -36.8215580418199], [175.080475536082, -36.82155806683], [175.080475531697, -36.8215580705119], [175.080473531826, -36.8215593997858], [175.080471029356, -36.8215610470032], [175.080470998493, -36.8215610664708], [175.080470987483, -36.8215610738739], [175.080468430324, -36.8215626887005], [175.080465875819, -36.8215642773427], [175.080465850462, -36.8215642931087], [175.080465821767, -36.8215643098344], [175.080463237638, -36.8215658395093], [175.080463213352, -36.8215658534539], [175.080463201221, -36.8215658608766], [175.080460836492, -36.82156721276], [175.080460806652, -36.8215672286044], [175.08046078127, -36.8215672434695], [175.080447891243, -36.82157424237], [175.08044788793, -36.8215742442306], [175.080434894905, -36.821581165618], [175.080407191784, -36.8215956035587], [175.080379380949, -36.8216097901127], [175.080354912656, -36.8216219713461], [175.080330409762, -36.8216341171279], [175.080304115, -36.8216471595159], [175.080277870063, -36.8216600964751], [175.080277840199, -36.8216601114186], [175.080277799227, -36.8216601301618], [175.080275150697, -36.8216613518134], [175.080275138517, -36.8216613574344], [175.080275107508, -36.8216613714967], [175.080272445481, -36.821662550122], [175.08027242441, -36.8216625586025], [175.08027239781, -36.8216625698837], [175.080269675589, -36.8216637198196], [175.080269664505, -36.8216637245201], [175.080269640122, -36.8216637348612], [175.080266899069, -36.8216648517784], [175.080266892419, -36.8216648545987], [175.080266865795, -36.821664864979], [175.080264095484, -36.8216659364419], [175.080264085497, -36.8216659402219], [175.08026406221, -36.8216659496425], [175.080261323102, -36.8216669727903], [175.080261277599, -36.8216669898101], [175.080261266491, -36.8216669936097], [175.08025842478, -36.8216679951193], [175.080258386999, -36.8216680074975], [175.080255571984, -36.8216689598696], [175.080255557539, -36.8216689646289], [175.080255523095, -36.8216689760474], [175.080252668908, -36.8216698894477], [175.080246349822, -36.8216719333347], [175.080246332015, -36.8216719381529], [175.080246313137, -36.8216719447924], [175.08024005405, -36.8216740516213], [175.080240034051, -36.8216740582805], [175.080240002969, -36.8216740696401], [175.080233838108, -36.8216762613445], [175.080233798134, -36.8216762755636], [175.080233794797, -36.8216762765234], [175.080227587993, -36.8216785753151], [175.080225688234, -36.821679296257], [175.080225646093, -36.8216793132179], [175.080225638322, -36.8216793160578], [175.080212316909, -36.8216847929749], [175.080212299176, -36.8216848004956], [175.080212273671, -36.8216848108563], [175.080199401791, -36.8216903285746], [175.080199387395, -36.8216903351357], [175.080199360819, -36.8216903473177], [175.080192319287, -36.8216934917164], [175.080192309324, -36.8216934963973], [175.080192277218, -36.82169351138], [175.080185344333, -36.8216967349939], [175.080185303385, -36.8216967546379], [175.080185301168, -36.821696755578], [175.080178368457, -36.8217001098772], [175.080178362928, -36.8217001126778], [175.080178331943, -36.821700127641], [175.080173748341, -36.821702422357], [175.080173717381, -36.821702438221], [175.080173676482, -36.8217024596667], [175.080166845141, -36.8217061213374], [175.080166832986, -36.8217061278592], [175.080166806483, -36.8217061427439], [175.080160049345, -36.8217098950484], [175.080160029468, -36.8217099062118], [175.080160010712, -36.8217099173557], [175.080153324561, -36.821713765758], [175.080153295866, -36.8217137824836], [175.08015328371, -36.8217137890054], [175.080146680994, -36.8217177377942], [175.080146665551, -36.8217177470775], [175.080146643506, -36.8217177609828], [175.080143280607, -36.8217198432583], [175.080137680271, -36.8217232589596], [175.080137667044, -36.8217232673028], [175.080137639469, -36.8217232840088], [175.080132013673, -36.8217265874927], [175.080131972822, -36.8217266107401], [175.080126220159, -36.8217298659712], [175.080126181525, -36.8217298882786], [175.080120428004, -36.8217330290591], [175.080120407006, -36.8217330402422], [175.080120387129, -36.8217330514057], [175.080114500359, -36.8217361566633], [175.080114484891, -36.8217361650457], [175.08011445281, -36.8217361809293], [175.08011353929, -36.8217366421594], [175.080113522701, -36.8217366505614], [175.080113510522, -36.8217366561824], [175.080091581445, -36.8217474319591], [175.080091572578, -36.8217474357195], [175.080091552652, -36.8217474450813], [175.080069426589, -36.8217580260151], [175.080043621578, -36.8217701134091], [175.080017811387, -36.8217820098124], [175.080017767077, -36.8217820295152], [175.080017733851, -36.8217820445174], [175.080011514402, -36.8217847049412], [175.080011505535, -36.8217847087016], [175.080011472284, -36.821784722803], [175.080005226644, -36.8217872854429], [175.080005200044, -36.821787296724], [175.080005196706, -36.8217872976837], [175.079998861566, -36.8217897843776], [175.079998829411, -36.8217897975586], [175.07999882164, -36.8217898003985], [175.079992405014, -36.8217922173152], [175.079991737907, -36.8217924633277], [175.07998853131, -36.821793652378], [175.079988496891, -36.8217936646972], [175.079988473603, -36.8217936741178], [175.079985331001, -36.8217949080144], [175.079985303255, -36.8217949184142], [175.0799821323, -36.8217962231084], [175.079982120096, -36.8217962278285], [175.079982103483, -36.8217962353296], [175.079978984463, -36.8217975535357], [175.079978961176, -36.8217975629563], [175.079978929046, -36.821797577038], [175.079975883984, -36.8217989354097], [175.079975854095, -36.8217989494522], [175.079975848541, -36.8217989513521], [175.079972770254, -36.8218003661857], [175.079972748087, -36.8218003755867], [175.079972719318, -36.8218003896096], [175.079969702638, -36.8218018439237], [175.079969682712, -36.8218018532854], [175.079969655064, -36.8218018672887], [175.079966663379, -36.8218033752434], [175.079965203868, -36.8218041254303], [175.079965192809, -36.8218041310317], [175.079965185087, -36.8218041356733]], [[175.079965185087, -36.8218041356733], [175.079949672119, -36.8218126837913], [175.079949651121, -36.8218126949744], [175.0799496434, -36.821812699616], [175.079934292132, -36.8218213819002], [175.079923661029, -36.8218274714595], [175.079913017939, -36.8218335738459], [175.079913008, -36.8218335794276], [175.079912983738, -36.821833594273], [175.079899723351, -36.8218414513257], [175.079899701282, -36.8218414643301], [175.079899683621, -36.8218414745534], [175.079886733163, -36.8218494334361], [175.079873935898, -36.8218572950001], [175.079873897313, -36.8218573191091], [175.079861088197, -36.8218649086862]], [[175.079861088197, -36.8218649086862], [175.079860829818, -36.8218650547117], [175.079860651679, -36.82186514165], [175.07983634602, -36.8218760067362], [175.079835998046, -36.8218761561321], [175.079835945941, -36.8218761777738], [175.079835874934, -36.8218762051541], [175.079835824997, -36.8218762240539], [175.079835701787, -36.8218762694724], [175.079835578601, -36.8218763157917], [175.079831658948, -36.8218777516534], [175.079831655635, -36.821877753514], [175.079831625673, -36.8218777648539], [175.079827676596, -36.8218792733345], [175.079827653284, -36.8218792818541], [175.079827632213, -36.8218792903346], [175.079823676415, -36.8218808818524], [175.079823671982, -36.8218808837325], [175.079823642044, -36.8218808959733], [175.079819777473, -36.8218825030194], [175.079819736477, -36.8218825208615], [175.07981972761, -36.8218825246218], [175.079815844163, -36.8218842212269], [175.079815824213, -36.8218842296877], [175.079815799853, -36.8218842409296], [175.079811964909, -36.8218859898626], [175.079811960475, -36.8218859917428], [175.079811931707, -36.8218860057657], [175.079808578665, -36.8218875831306], [175.079808541054, -36.8218876018148], [175.079808518936, -36.8218876130174], [175.079791239683, -36.8218962235674], [175.079787928664, -36.8218979038461], [175.079787910979, -36.8218979131685], [175.079787892174, -36.8218979225106], [175.079784629169, -36.8218996370998], [175.079784603762, -36.8218996510639], [175.079781407869, -36.8219014014321], [175.079781380245, -36.8219014163363], [175.079781369211, -36.8219014228385], [175.079778179409, -36.8219032325858], [175.079778168375, -36.821903239088], [175.079778140776, -36.8219032548931], [175.079775007855, -36.8219050951906], [175.079774990195, -36.8219051054139], [175.079774965933, -36.8219051202593], [175.079774082544, -36.8219056593728], [175.079774062716, -36.821905672338], [175.079774054994, -36.8219056769796], [175.079765144548, -36.8219112632339], [175.079756358895, -36.8219167797063], [175.079730390202, -36.8219327635192], [175.079704366935, -36.8219488023596], [175.079670899466, -36.8219698024213], [175.079653023806, -36.8219809407215], [175.079652995135, -36.8219809583479], [175.079652986293, -36.8219809630091], [175.079637353039, -36.8219903712306], [175.079637350822, -36.8219903721707], [175.079637313309, -36.8219903944583], [175.079618921053, -36.8220010857338], [175.079600365314, -36.8220117843733], [175.079573996792, -36.8220270811463], [175.079547617299, -36.8220423871184], [175.079520031282, -36.8220586785864], [175.079492595187, -36.8220749593134], [175.079492579719, -36.8220749676957], [175.079492563179, -36.8220749778994], [175.079479123415, -36.8220827136647], [175.079479090286, -36.8220827322704], [175.079479078131, -36.8220827387921], [175.079467900543, -36.8220889775741], [175.079467891701, -36.8220889822353], [175.079467861861, -36.8220889980795], [175.079455486073, -36.8220956598037], [175.07945548276, -36.8220956616642], [175.079455451799, -36.822095677528], [175.079442935571, -36.8221021623489], [175.079442933354, -36.822102163289], [175.079442674559, -36.8221022939989], [175.079442656874, -36.8221023033213], [175.079442636972, -36.8221023135838], [175.079435485054, -36.822105814081], [175.079435477284, -36.8221058169208], [175.079435440769, -36.8221058346844], [175.079428235182, -36.822109216247], [175.079428215256, -36.8221092256086], [175.079428190896, -36.8221092368504], [175.079420883044, -36.8221125264664], [175.079416905622, -36.8221142724717], [175.079404640849, -36.8221196929591], [175.079404630862, -36.822119696739], [175.079404599852, -36.8221197108011], [175.079392462702, -36.8221252903874], [175.079390479912, -36.8221262164628], [175.079390457769, -36.8221262267645], [175.079390411291, -36.8221262492088], [175.079372842229, -36.8221350080761], [175.07937282564, -36.822135016478], [175.079372803522, -36.8221350276805], [175.079356960066, -36.8221432164772], [175.079344612217, -36.8221495856796], [175.079344587882, -36.8221495978222], [175.079344569076, -36.8221496071642], [175.079332083003, -36.8221557985232], [175.079332077449, -36.8221558004229], [175.079332049801, -36.8221558144261], [175.079324077272, -36.8221596474321], [175.079323990918, -36.8221596876987], [175.079323843664, -36.8221597560698], [175.079323799403, -36.8221597775741], [175.079323711928, -36.8221598178603], [175.079323701965, -36.8221598225411], [175.079323572396, -36.8221598815898], [175.079323407385, -36.8221599565806], [175.079320772656, -36.822161109471], [175.07932076379, -36.8221611132313], [175.079317791534, -36.822162387393], [175.079317770488, -36.8221623967742], [175.079317736116, -36.822162410895], [175.079314778694, -36.8221636117917], [175.079314749852, -36.8221636231118], [175.079314732119, -36.8221636306325], [175.079311670119, -36.822164819839], [175.079311656795, -36.8221648245786], [175.079311619062, -36.8221648387583], [175.079308621371, -36.8221659601434], [175.079308585854, -36.8221659733829], [175.079308564735, -36.8221659800615], [175.079305597516, -36.8221670261055], [175.079300007839, -36.8221690157228], [175.079299980094, -36.8221690261225], [175.079299960119, -36.8221690336823], [175.079294443061, -36.8221710968369], [175.079294418652, -36.8221711062769], [175.079294404232, -36.822171111937], [175.079288910561, -36.8221732521942], [175.079288895019, -36.8221732578739], [175.079288883936, -36.8221732625743], [175.079286363304, -36.8221742818779], [175.079286333366, -36.8221742941186], [175.079286296778, -36.8221743091794], [175.07927717914, -36.8221782487395], [175.079277156973, -36.8221782581403], [175.079277138143, -36.8221782665814], [175.079268108837, -36.8221823217648], [175.079268075634, -36.8221823376678], [175.079268063455, -36.8221823432887], [175.079259074393, -36.8221865600015], [175.079256873119, -36.8221876151777], [175.07925684988, -36.8221876263998], [175.079256845471, -36.8221876291809], [175.079241946304, -36.8221949614306], [175.079241925281, -36.8221949717126], [175.07924190538, -36.8221949819751], [175.079228292131, -36.8222019429243], [175.079223541927, -36.8222044216803], [175.079223537493, -36.8222044235604], [175.079223514279, -36.8222044356834], [175.079218858128, -36.8222069515499], [175.079218830504, -36.8222069664539], [175.079218816157, -36.8222069748166], [175.079214207923, -36.8222095628501], [175.079214192455, -36.8222095712324], [175.079214172578, -36.8222095823957], [175.079209627437, -36.8222122234034], [175.079209600934, -36.8222122382878], [175.07920958549, -36.822212247571], [175.079205101519, -36.8222149533035], [175.079205078353, -36.8222149672282], [175.079205060717, -36.8222149783524], [175.07920061375, -36.8222177672584], [175.079200579598, -36.822217789487], [175.079196228706, -36.8222206073565], [175.079196196771, -36.822220628645], [175.079196182448, -36.8222206379086], [175.079195785023, -36.8222209071395]], [[175.079195785023, -36.8222209071395], [175.079195745415, -36.8222209348714], [175.079195680619, -36.8222209846752], [175.079172360945, -36.8222393753712], [175.079172299535, -36.822239426017], [175.07917228638, -36.8222394370627], [175.079172262362, -36.8222394609167], [175.079167410116, -36.8222442172415], [175.079167385026, -36.8222442429168], [175.079167351216, -36.8222442777577], [175.07914765365, -36.8222649845237], [175.07912802277, -36.8222856702913], [175.07910309836, -36.822311667187], [175.079078207062, -36.8223376454724], [175.079072639404, -36.8223435147965], [175.079072626347, -36.8223435294457], [175.079072605642, -36.8223435514391], [175.07906721988, -36.8223494725606], [175.079067198103, -36.8223494963754], [175.079067193742, -36.8223495009581], [175.079063778087, -36.8223533641967], [175.079063759623, -36.8223533861509], [175.079061078035, -36.822356494778], [175.079061071531, -36.8223565030035], [175.079061046563, -36.8223565331832], [175.079058464169, -36.8223596617064], [175.079058444633, -36.8223596854819], [175.079058440297, -36.8223596909656], [175.079055896539, -36.8223628801014], [175.079055885699, -36.8223628938105], [175.079055869427, -36.8223629139238], [175.079053403743, -36.8223661296342], [175.079053384256, -36.8223661552116], [175.07905337668, -36.8223661652584], [175.079050972944, -36.822369433062], [175.079050582784, -36.8223699707532], [175.079050562249, -36.8223699990527], [175.079050547171, -36.8223700218489], [175.079048593256, -36.8223728852117], [175.07904858892, -36.8223728906953], [175.079048572794, -36.8223729162138], [175.079046684188, -36.8223757901511], [175.079046674493, -36.8223758047415], [175.07904665939, -36.8223758266369], [175.079044840453, -36.8223787065658], [175.07904482328, -36.8223787348066], [175.0790448168, -36.822378743933], [175.079043060371, -36.8223816552154], [175.079043042126, -36.8223816852774], [175.079043040007, -36.822381689821], [175.079041326574, -36.8223846571333], [175.079041319096, -36.8223846707836], [175.079041305187, -36.822384695362], [175.079039668269, -36.8223876730528], [175.079039661814, -36.8223876830801], [175.07903964905, -36.8223877085398], [175.079038073397, -36.8223907130993], [175.079037163327, -36.8223925036805], [175.079037158017, -36.822392514589], [175.079037146325, -36.8223925382273], [175.079033794363, -36.8223994593679], [175.079033781623, -36.8223994857284], [175.079033778456, -36.8223994929942], [175.079030558258, -36.8224064776249], [175.079030551924, -36.8224064921565], [175.079030541377, -36.8224065166761], [175.079027486826, -36.8224135326587], [175.079027480517, -36.8224135480912], [175.079027475256, -36.8224135608014], [175.079026585606, -36.8224156917173], [175.079026574036, -36.82241571986], [175.07902502208, -36.8224196000698], [175.079025010558, -36.8224196300142], [175.079025006393, -36.822419641804], [175.079023544253, -36.8224235682117], [175.079023536872, -36.8224235854655], [175.079023529637, -36.8224236081246], [175.079022161892, -36.8224275427955], [175.079022153561, -36.8224275663751], [175.079022149396, -36.8224275781648], [175.079020856704, -36.8224315520814], [175.079020849421, -36.8224315729388], [175.079020845377, -36.8224315892329], [175.079019778857, -36.8224350968258], [175.079019778905, -36.8224350986275], [175.079018009968, -36.822440861846], [175.079018006825, -36.8224408700126], [175.079017998544, -36.8224408953939], [175.079016131751, -36.8224466053446], [175.07901612247, -36.8224466352499], [175.079016117209, -36.8224466479601], [175.079014102405, -36.8224523568945], [175.079014102454, -36.8224523586963], [175.079013531443, -36.8224539189225], [175.079013517827, -36.8224539543115], [175.079013512614, -36.8224539688235], [175.079005402672, -36.8224743503029], [175.07900539327, -36.8224743757038], [175.079005386888, -36.8224743884337], [175.078996817073, -36.8224946788132], [175.078995159706, -36.8224984752428], [175.078986953339, -36.8225166610348], [175.078986952268, -36.8225166628562], [175.078986942695, -36.8225166819509], [175.078978360179, -36.8225347220018], [175.078978348511, -36.822534746541], [175.078974576978, -36.8225424032702], [175.078974577027, -36.822542405072], [175.078972457099, -36.8225467566819], [175.07897245291, -36.8225467675708], [175.078972441169, -36.8225467894074], [175.078970258975, -36.8225510772127], [175.078970249378, -36.8225510954066], [175.078970238709, -36.8225511154219], [175.078967948576, -36.8225553915956], [175.078967944313, -36.8225553997819], [175.078967929357, -36.8225554270825], [175.078965557154, -36.8225596533175], [175.078965548604, -36.8225596687892], [175.078965537911, -36.8225596879036], [175.07896355635, -36.8225630627864], [175.078963539177, -36.8225630910271], [175.078963532746, -36.8225631019552], [175.078963499276, -36.8225631494083], [175.078956387791, -36.8225728690509], [175.078956343433, -36.8225729284114], [175.078956331473, -36.8225729421401], [175.078956257274, -36.8225730173446], [175.078948649232, -36.8225803788547], [175.078948635006, -36.8225803917217], [175.078948619684, -36.8225804055093], [175.078948570356, -36.8225804469306], [175.078935364363, -36.8225909851994], [175.078922063802, -36.8226015918171], [175.078908466538, -36.8226124199352], [175.078894857236, -36.822623259078], [175.078894830928, -36.8226232811693], [175.078894825423, -36.8226232848708], [175.078888286366, -36.8226286385078], [175.078888277572, -36.8226286449707], [175.078888254577, -36.8226286652015], [175.078882238596, -36.8226337528183], [175.078873490836, -36.8226411721126], [175.078873465599, -36.8226411923826], [175.078873460142, -36.8226411978859], [175.078869988417, -36.822644067063], [175.07886997307, -36.8226440799496], [175.078869935751, -36.822644109444], [175.078864900087, -36.8226480550896], [175.078864879236, -36.8226480716778], [175.078864862744, -36.8226480836831], [175.078859716679, -36.8226519681685], [175.078859690273, -36.8226519866563], [175.0788596826, -36.8226519930996], [175.078855934385, -36.8226547535482], [175.07885166541, -36.8226579070593], [175.078851647798, -36.8226579190843], [175.078851633523, -36.8226579301496], [175.078847435241, -36.8226611274892], [175.078847407788, -36.8226611486993], [175.07884739461, -36.8226611588441], [175.078843259105, -36.8226644389066], [175.078841539926, -36.8226658272365], [175.078841514714, -36.8226658484074], [175.078841494983, -36.8226658649759], [175.078829823944, -36.8226757481795], [175.078829809693, -36.8226757601457], [175.078829799828, -36.82267576843], [175.078818275435, -36.8226857680393], [175.078805759485, -36.8226967845331], [175.078793363967, -36.8227077358282], [175.078793332202, -36.8227077634228], [175.078793301509, -36.8227077891961], [175.0787893924, -36.8227110256398], [175.078789373765, -36.8227110412879], [175.078789359515, -36.822711053254], [175.078785377349, -36.8227142414039], [175.078785357594, -36.8227142570715], [175.078785344439, -36.8227142681172], [175.078781284783, -36.8227174098531], [175.078781272725, -36.8227174199783], [175.078781248536, -36.8227174375261], [175.078779682625, -36.8227186068623], [175.078779593712, -36.8227186769162], [175.07877950821, -36.8227187487132], [175.078766826266, -36.8227300529174], [175.078766742054, -36.8227301310008], [175.078766662448, -36.8227302135102], [175.078765885818, -36.8227310526852], [175.078765857488, -36.8227310829236], [175.078765842263, -36.8227311003146]], [[175.078765842263, -36.8227311003146], [175.078764728938, -36.822732423068], [175.078764716978, -36.8227324367967], [175.078764705066, -36.8227324523271], [175.078763615639, -36.822733788182], [175.078763599367, -36.8227338082953], [175.078763586383, -36.822733825647], [175.078762539708, -36.8227351670634], [175.078762514764, -36.8227351981439], [175.078762506141, -36.8227352109129], [175.078761466726, -36.8227366134907], [175.078761465654, -36.8227366153121], [175.078761448334, -36.8227366381475], [175.078760454253, -36.8227380173999], [175.078760441294, -36.8227380356526], [175.078760424023, -36.8227380602898], [175.07875945876, -36.8227394687811], [175.078758833724, -36.8227403999414], [175.078752761284, -36.8227494092003], [175.078752754829, -36.8227494192275], [175.078752736462, -36.8227494447852], [175.078733258078, -36.8227771417495], [175.07871381147, -36.8228048120173], [175.078713794199, -36.8228048366545], [175.078713775808, -36.8228048613113], [175.078711840475, -36.822807459361], [175.078711814508, -36.8228074940646], [175.07871181234, -36.8228074968064], [175.078709773356, -36.8228101173988], [175.078709766852, -36.8228101256243], [175.078709745148, -36.8228101521416], [175.078707677369, -36.822812702936], [175.078707662193, -36.8228127221288], [175.078707657832, -36.8228127267116], [175.078705525256, -36.8228152858496], [175.078705512223, -36.8228153013997], [175.078705499167, -36.8228153160488], [175.078703282596, -36.8228178369986], [175.078702357688, -36.8228188725462], [175.078700285618, -36.8228212233267], [175.078700270393, -36.8228212407177], [175.078698229772, -36.8228236351118], [175.078698226532, -36.822823639675], [175.078698208068, -36.8228236616292], [175.078696246397, -36.82282603211], [175.078696229053, -36.8228260540446], [175.078696209517, -36.8228260778201], [175.07869432385, -36.8228284812211], [175.078694307602, -36.8228285022352], [175.078694300051, -36.8228285131829], [175.078692412679, -36.8228309779022], [175.078692406224, -36.8228309879294], [175.078692381329, -36.8228310208116], [175.078690577293, -36.8228334993956], [175.078690576222, -36.8228335012169], [175.078690419444, -36.8228337148633], [175.078690382735, -36.8228337668795], [175.078690351457, -36.8228338124916], [175.078686300421, -36.8228400076828], [175.078686282127, -36.8228400359431], [175.078686280008, -36.8228400404866], [175.078682343149, -36.8228463535539], [175.07868232812, -36.8228463781519], [175.078682322785, -36.8228463881595], [175.078678510041, -36.8228527720615], [175.078678508969, -36.8228527738829], [175.078678492917, -36.8228528021039], [175.0786761221, -36.8228569147451], [175.078673532171, -36.8228613818245], [175.07867351931, -36.8228614036807], [175.078673510711, -36.8228614173506], [175.078670827555, -36.8228658364887], [175.078670814693, -36.8228658583449], [175.078670802854, -36.822865876578], [175.078668011003, -36.8228702561572], [175.078668007763, -36.8228702607204], [175.078668002404, -36.8228702698271], [175.0786651335, -36.8228746192082], [175.078665121662, -36.8228746374413], [175.078665104391, -36.8228746620785], [175.078662122042, -36.8228789620694], [175.078662119898, -36.8228789657121], [175.078661943, -36.8228792229728], [175.078661927921, -36.822879245769], [175.078661911722, -36.8228792685849], [175.078651520949, -36.8228935448567], [175.078651498295, -36.8228935776997], [175.078651484264, -36.8228935977737], [175.07864907285, -36.8228971216733], [175.078649070731, -36.8228971262168], [175.07864905022, -36.8228971554172], [175.078646585555, -36.8229006171569], [175.078646575835, -36.8229006308464], [175.07864656178, -36.8229006500195], [175.07864402776, -36.8229040760187], [175.078644001769, -36.8229041098214], [175.078644000697, -36.8229041116427], [175.078641744616, -36.8229070370654], [175.078641682792, -36.8229071138559]], [[175.078641681696, -36.8229071147764], [175.078641588982, -36.8229071686733], [175.078634728937, -36.8229109776718], [175.078634522098, -36.8229110813336], [175.07863430035, -36.8229111726378], [175.078626756304, -36.822913940878], [175.078626633018, -36.8229139835927], [175.078626616307, -36.8229139874901], [175.07862652162, -36.822914009876], [175.078641681696, -36.8229071147764]], [[175.078641681696, -36.8229071147764], [175.078618217692, -36.8229157504017], [175.078618044346, -36.8229157660514], [175.078609723272, -36.8229162928234], [175.078609555285, -36.8229162993664], [175.078609464397, -36.8229162964494]], [[175.078609464397, -36.8229162964494], [175.078601010955, -36.8229156601529], [175.078600905305, -36.8229156502836], [175.07860087941, -36.82291564623], [175.078600833248, -36.8229156389256], [175.078597424289, -36.8229150279738], [175.078597379198, -36.8229150188481], [175.078597329601, -36.8229150088998], [175.07857521343, -36.8229103961502], [175.078553250267, -36.8229058032531], [175.078553216431, -36.8229057957331], [175.078553188246, -36.8229057899169], [175.078548627367, -36.8229047439511], [175.078548613847, -36.8229047414836], [175.078548586758, -36.8229047347469], [175.078544068703, -36.8229036141253], [175.078544032577, -36.8229036048428], [175.07853946446, -36.8229024156962], [175.078539459929, -36.8229024139728], [175.078539421537, -36.8229024038286], [175.078534976975, -36.822901181877], [175.078534930641, -36.8229011682664], [175.07853492499, -36.8229011665626], [175.078530442083, -36.8228998533486], [175.078530431901, -36.8228998499215], [175.078530404763, -36.822899841383], [175.078527672476, -36.8228990058888], [175.078522593987, -36.8228974750605], [175.07852258719, -36.8228974724755], [175.07852255216, -36.8228974622724], [175.078517497107, -36.8228960103487], [175.078517468873, -36.8228960027307], [175.078517445147, -36.8228959959352], [175.078512338329, -36.8228946197244], [175.078512319133, -36.8228946146523], [175.078512296552, -36.822894608738], [175.078507157799, -36.8228932952753], [175.078507137483, -36.8228932902228], [175.078507117167, -36.8228932851702], [175.078501934495, -36.8228920472833], [175.078501171803, -36.8228918686436], [175.078501110902, -36.8228918552877], [175.078501061281, -36.8228918444386], [175.078494762699, -36.8228905909149], [175.078494743527, -36.8228905867436], [175.078494719873, -36.8228905826508], [175.078488385264, -36.8228894063674], [175.078488353718, -36.8228894006099], [175.078488332305, -36.8228893964779], [175.078481944227, -36.8228883157658], [175.078481935214, -36.8228883141208], [175.078481894679, -36.8228883076192], [175.07847548329, -36.8228873183459], [175.078474526424, -36.8228871728445], [175.078466563832, -36.8228859493194], [175.078466523296, -36.8228859428178], [175.078466516524, -36.8228859411336], [175.078458557609, -36.822884604881], [175.07845854974, -36.8228846041172], [175.078458512567, -36.8228845975569], [175.07845064863, -36.8228831668087], [175.078450613698, -36.8228831602092], [175.078450595671, -36.8228831569192], [175.078448689954, -36.8228827891652], [175.078448668541, -36.8228827850331], [175.078448622305, -36.822882775026], [175.078427753559, -36.8228783143862], [175.078427740015, -36.8228783110179], [175.078427719723, -36.8228783068662], [175.07842260782, -36.8228771569671], [175.078406019054, -36.8228735534263], [175.078406011162, -36.8228735517617], [175.078405975084, -36.8228735442809], [175.078396242505, -36.822871541432], [175.078396210935, -36.8228715347736], [175.078396191788, -36.8228715315032], [175.07837867776, -36.8228682046143], [175.078378654106, -36.8228682005214], [175.0783786372, -36.8228681972118], [175.078370284213, -36.8228667155241], [175.078344315528, -36.8228623341338], [175.078344290753, -36.8228623300605], [175.078344246856, -36.8228623236177], [175.078336907936, -36.8228612369916], [175.078336885427, -36.82286123378], [175.078336866305, -36.8228612314105], [175.078329497691, -36.8228602489529], [175.07832946958, -36.8228602458393], [175.078329447071, -36.8228602426276], [175.078322065719, -36.8228593694498], [175.078322035366, -36.8228593663753], [175.078322022991, -36.8228593647891], [175.078317571867, -36.8228588946294], [175.078309284564, -36.8228579760035], [175.078309242957, -36.8228579713232], [175.078301050706, -36.8228569609046], [175.078301028197, -36.822856957693], [175.078301010195, -36.8228569553038], [175.07829283782, -36.8228558093418], [175.078292806298, -36.8228558044852], [175.078292802912, -36.8228558036431], [175.078291614212, -36.8228556252406], [175.078291564688, -36.8228556179949], [175.078291517381, -36.822855609809], [175.078287547413, -36.8228548986991], [175.078287530507, -36.8228548953895], [175.078287491068, -36.8228548879674], [175.078283556422, -36.8228541149512], [175.078283528238, -36.8228541091349], [175.078283512452, -36.8228541058057], [175.078279561631, -36.8228532735864], [175.078279536808, -36.8228532677113], [175.078279507502, -36.8228532619146], [175.078275587544, -36.8228523687682], [175.078275567252, -36.8228523646166], [175.078275545815, -36.8228523595836], [175.078271660545, -36.822851422568], [175.07827162895, -36.8228514150088], [175.078271621058, -36.8228514133442], [175.078267690307, -36.8228504113288], [175.078267647408, -36.822850400362], [175.078265837085, -36.8228499119652], [175.078262293733, -36.8228489743786], [175.078262290347, -36.8228489735365], [175.078262254221, -36.8228489642539], [175.0782587449, -36.8228480828542], [175.078258735863, -36.8228480803083], [175.07825871104, -36.8228480744332], [175.07825517317, -36.8228472566237], [175.078255148347, -36.8228472507486], [175.078255131441, -36.822847247439], [175.078251567775, -36.8228464706389], [175.078251549725, -36.8228464664481], [175.078251527167, -36.8228464614347], [175.078247960262, -36.8228457306575], [175.078247943356, -36.8228457273479], [175.078247907303, -36.8228457207679], [175.07824433521, -36.8228450468634], [175.078244314918, -36.8228450427117], [175.078244283371, -36.8228450369542], [175.07824066553, -36.8228444125197], [175.078238712922, -36.8228440933512], [175.078238672387, -36.8228440868495], [175.078238619501, -36.8228440796625], [175.07822635422, -36.82284244375], [175.078226306961, -36.8228424373659], [175.07822630472, -36.8228424374051], [175.078213923999, -36.822840968448], [175.078212646459, -36.822840821341], [175.078212629601, -36.8228408198332], [175.078212607117, -36.8228408175224], [175.078193651272, -36.8228388542487], [175.078193642283, -36.8228388535045], [175.078193617557, -36.8228388512329], [175.078186586241, -36.8228381945478], [175.078186572745, -36.8228381929812], [175.078186544658, -36.8228381907684], [175.078168494697, -36.8228367262946], [175.078168471116, -36.8228367249043], [175.078168459886, -36.8228367241993], [175.078160440965, -36.8228361532793], [175.078145186884, -36.8228350157603], [175.078145163304, -36.8228350143699], [175.078145145326, -36.8228350128817], [175.078134727278, -36.8228341107682], [175.078134680068, -36.8228341061859], [175.07813462499, -36.8228341008398], [175.078129913873, -36.8228335513977], [175.078129910486, -36.8228335505556], [175.078129866614, -36.8228335450136], [175.078125167213, -36.8228329313741], [175.078125162706, -36.8228329305516], [175.078125131184, -36.8228329256949], [175.07812044557, -36.8228322415126], [175.078120424182, -36.8228322382814], [175.078120400528, -36.8228322341885], [175.078115719932, -36.8228314868272], [175.078115695158, -36.8228314827539], [175.078115668118, -36.8228314778188], [175.078110975389, -36.8228306549601], [175.078109307941, -36.8228303506323], [175.078105207406, -36.8228296201679], [175.078105170233, -36.8228296136074], [175.07810516234, -36.8228296119428], [175.078101018031, -36.8228289209995], [175.078101005632, -36.8228289185124], [175.078100966217, -36.8228289119911], [175.078096869849, -36.8228282941161], [175.078096830459, -36.8228282884957], [175.078096816963, -36.8228282869291], [175.078092659306, -36.8228277242037], [175.078092644666, -36.8228277217557], [175.078092614289, -36.8228277177803], [175.078088462674, -36.8228272126324], [175.078088437924, -36.82282720946], [175.078088418801, -36.8228272070904], [175.078084245044, -36.8228267537037], [175.078084220318, -36.822826751432], [175.078084188845, -36.8228267483771], [175.078082760395, -36.8228266174267], [175.07808273679, -36.8228266151355], [175.078082698593, -36.8228266121981], [175.078074003925, -36.8228259683646], [175.078073975838, -36.8228259661518], [175.078073948896, -36.8228259648202], [175.07806521747, -36.82282545412], [175.07806519501, -36.8228254527101], [175.078065172575, -36.822825452201], [175.07805660027, -36.8228250630978], [175.078056585679, -36.8228250624516], [175.078056557616, -36.8228250611396], [175.078040787477, -36.8228245734549], [175.078040776247, -36.82282457275], [175.078040748208, -36.8228245723389], [175.078030566706, -36.8228243745037], [175.078030524075, -36.8228243734464], [175.078030511749, -36.8228243736619], [175.078015319362, -36.8228243148066], [175.078015277876, -36.8228243146306], [175.078004068236, -36.8228244033561], [175.077994629059, -36.8228244602261], [175.077994623456, -36.8228244603241], [175.077994576368, -36.822824460246], [175.077985236945, -36.822824391893], [175.077985189832, -36.8228243909141], [175.077985187591, -36.8228243909533], [175.077978099449, -36.8228242444845], [175.077978087123, -36.8228242447], [175.077978077014, -36.8228242439755], [175.077978068049, -36.8228242441322], [175.077968508164, -36.822823817309], [175.077968501441, -36.8228238174266], [175.077968458762, -36.8228238145675], [175.077958979434, -36.822823257449], [175.077958943503, -36.8228232553733], [175.077958934514, -36.8228232546291], [175.07795226278, -36.8228227944364], [175.077942518196, -36.8228221292913], [175.077942480023, -36.8228221272548], [175.077942469914, -36.8228221265302], [175.077932700946, -36.8228215961045], [175.077932689716, -36.8228215953995], [175.07793265493, -36.8228215942051], [175.07792594561, -36.8228213194348], [175.077925917547, -36.8228213181228], [175.077925899594, -36.8228213175353], [175.077899630712, -36.8228206330264], [175.077899602674, -36.8228206326153], [175.077899593709, -36.822820632772], [175.077873359519, -36.8228202360673], [175.077873324757, -36.8228202357737], [175.077873320274, -36.822820235852], [175.077847043675, -36.8228201364111], [175.077847034711, -36.8228201365678], [175.077846997708, -36.8228201363133], [175.077820783837, -36.8228203250878], [175.077820747979, -36.8228203257146], [175.077820714362, -36.8228203263023], [175.077813127841, -36.8228205301295], [175.077813095369, -36.8228205315984], [175.077813079681, -36.8228205318727], [175.077805470335, -36.8228208451559], [175.077805447924, -36.8228208455477], [175.077805424416, -36.8228208468599], [175.077797841209, -36.822821256125], [175.077797802038, -36.8228212586123], [175.077797794218, -36.8228212596503], [175.077794388953, -36.8228214895251], [175.077786594374, -36.8228219592665], [175.07778658765, -36.822821959384], [175.077786550721, -36.8228219618322], [175.077778816139, -36.8228223286772], [175.077778771341, -36.8228223303616], [175.077778764618, -36.8228223304791], [175.077770952985, -36.8228225842052], [175.077768769472, -36.8228226395003], [175.077768724674, -36.8228226411848], [175.077768680948, -36.8228226410478], [175.077762169604, -36.822822639507], [175.077762121396, -36.8228226394484], [175.077762112407, -36.8228226387043], [175.077755526399, -36.8228225294107], [175.077755518531, -36.822822528647], [175.077755475901, -36.8228225275896], [175.077748923606, -36.8228223383919], [175.077748918004, -36.8228223384898], [175.0777488877, -36.8228223372169], [175.077742553939, -36.8228220621802], [175.077733280772, -36.822821666378], [175.077733260578, -36.8228216658297], [175.077733248227, -36.8228216651443], [175.077723994428, -36.8228214050993], [175.077723980957, -36.8228214044335], [175.077723951798, -36.8228214040419], [175.077715673448, -36.8228212720542], [175.077715615155, -36.8228212721719], [175.077715564705, -36.8228212721525], [175.07770837245, -36.8228213798521], [175.077708364606, -36.8228213799892], [175.077708325386, -36.8228213806748], [175.077701168283, -36.8228215860013], [175.077701117882, -36.8228215877836], [175.077693871841, -36.8228219037219], [175.077693867359, -36.8228219038003], [175.077693831525, -36.8228219053279], [175.0776894388, -36.8228221434481], [175.077683648564, -36.8228224411479], [175.077683599308, -36.8228224438115], [175.077683593705, -36.8228224439095], [175.077677753116, -36.8228226622734], [175.077677748658, -36.8228226632526], [175.077677704956, -36.8228226640165], [175.077671910383, -36.8228228013599], [175.077671889093, -36.8228228017321], [175.077671862199, -36.8228228022022], [175.07766603966, -36.8228228589171], [175.077664132877, -36.8228228661104], [175.077664089151, -36.8228228659735], [175.0776640454, -36.8228228649357], [175.07765661059, -36.8228227091855], [175.077656594878, -36.8228227085588], [175.07765656796, -36.8228227081281], [175.077649134051, -36.8228224613302], [175.077649110495, -36.8228224608407], [175.077649079071, -36.8228224595874], [175.07764163415, -36.8228220958123], [175.077641631909, -36.8228220958515], [175.077641598219, -36.8228220937365], [175.077637671524, -36.8228218631433], [175.077637633352, -36.8228218611067], [175.077637615374, -36.8228218596183], [175.077625062247, -36.8228209794593], [175.077625056644, -36.8228209795572], [175.0776250117, -36.8228209758364], [175.077612527778, -36.8228199187124], [175.07761111185, -36.8228197947479], [175.077611066906, -36.822819791027], [175.077611035408, -36.822819787071], [175.077604009991, -36.8228190166842], [175.077603983, -36.8228190135508], [175.077603967239, -36.8228190111224], [175.077596917973, -36.8228181465153], [175.077596908984, -36.8228181457711], [175.077596875246, -36.8228181418543], [175.077589839889, -36.8228171697488], [175.077589803861, -36.8228171640695], [175.077585608692, -36.8228165406934], [175.077580597754, -36.8228158071969], [175.07758056063, -36.822815802438], [175.077580542628, -36.8228158000488], [175.077575469547, -36.8228151316307], [175.077575466186, -36.8228151316895], [175.077575421193, -36.8228151261668], [175.077570403922, -36.822814531581], [175.077570363435, -36.8228145268809], [175.077570348819, -36.8228145253338], [175.077565256179, -36.8228140041693], [175.077565248311, -36.8228140034055], [175.077565213476, -36.8228140004092], [175.077560136012, -36.8228135429717], [175.077559271985, -36.8228134724507], [175.07755922592, -36.8228134687494], [175.077559181024, -36.8228134668302], [175.07754973841, -36.8228129405828], [175.077549689008, -36.8228129378412], [175.077540285979, -36.8228125488002], [175.077540256796, -36.8228125475077], [175.077540253434, -36.8228125475665], [175.077532500605, -36.8228123225592], [175.077522460951, -36.8228120221565], [175.077522423924, -36.8228120210011], [175.077512372503, -36.8228115756936], [175.077512356791, -36.8228115750669], [175.07751233097, -36.8228115737156], [175.077506380174, -36.8228112405983], [175.077506348725, -36.822811238444], [175.077506308288, -36.8228112355457], [175.077482893941, -36.8228094402181], [175.077482891675, -36.8228094393564], [175.077480298377, -36.8228092242079], [175.077463254477, -36.8228078997697], [175.077453957951, -36.8228072619038], [175.077453943334, -36.8228072603566], [175.077453902921, -36.8228072583591], [175.07743085064, -36.8228060416376], [175.077428058979, -36.8228059119734], [175.077428033157, -36.8228059106221], [175.077428026434, -36.8228059107396], [175.077405833309, -36.8228050818785], [175.077405810873, -36.8228050813693], [175.077405795161, -36.8228050807426], [175.077402098329, -36.8228049759115], [175.077380975731, -36.8228045158947], [175.077380967863, -36.8228045151309], [175.077380935342, -36.822804514798], [175.077376468538, -36.8228044594756], [175.077363951907, -36.8228043898224], [175.077363931737, -36.822804390175], [175.077363899216, -36.8228043898421], [175.077351393328, -36.8228045101744], [175.077350757726, -36.8228045122703], [175.077350733073, -36.8228045127011], [175.077350682648, -36.8228045135824], [175.077324254822, -36.8228051647491], [175.077297863633, -36.8228059684908], [175.077271788369, -36.8228068469212], [175.077271765982, -36.8228068482137], [175.077271749173, -36.8228068485075], [175.07724938275, -36.8228078613011], [175.077245677269, -36.8228080585523]], [[175.077245677269, -36.8228080585523], [175.077245598952, -36.8228080644276], [175.077245480513, -36.8228080791157], [175.077221798474, -36.8228113095664], [175.077221753797, -36.822811315755], [175.077221729242, -36.8228113197893], [175.077221644518, -36.8228113374934], [175.077219067906, -36.8228119052787], [175.077219023352, -36.8228119159716], [175.07721902111, -36.8228119160108], [175.07720877203, -36.82281431864], [175.077208760898, -36.8228143215384], [175.077208723018, -36.8228143303122], [175.077198549648, -36.8228168794307], [175.077193817097, -36.8228181076928], [175.07719378482, -36.8228181163687], [175.077193763675, -36.822818122146], [175.077193755905, -36.8228181249857], [175.07719028786, -36.8228191427767], [175.077190258944, -36.8228191513937], [175.077190240041, -36.8228191571319], [175.077186763519, -36.8228202345568], [175.077186744615, -36.822820240295], [175.07718673129, -36.8228202450344], [175.077183279152, -36.8228213535786], [175.077183243611, -36.8228213659167], [175.077183213599, -36.8228213754542], [175.077179779244, -36.8228225611995], [175.07717974039, -36.822822575398], [175.07717639278, -36.822823776752], [175.077176355047, -36.822823790931], [175.077176348372, -36.8228237928502], [175.077172955453, -36.8228250598897], [175.077172929923, -36.8228250693488], [175.077172905515, -36.8228250787884], [175.07716954877, -36.8228263983723], [175.077169546553, -36.8228263993124], [175.077169532156, -36.8228264058731], [175.077167539332, -36.8228272113128], [175.077167448347, -36.8228272462511], [175.077167351711, -36.8228272794854], [175.077152751453, -36.8228320790031], [175.077152730333, -36.8228320856813], [175.077152681394, -36.8228321000561], [175.07715255991, -36.8228321265143], [175.077142936416, -36.8228340738634], [175.077142908524, -36.8228340788573], [175.077142881752, -36.8228340838317], [175.07714279352, -36.8228340961892], [175.077122009341, -36.8228366576844], [175.077101035323, -36.8228392053688], [175.077069243483, -36.8228430236565], [175.077037413687, -36.8228469309266], [175.077037398047, -36.8228469330025], [175.077037364528, -36.8228469371934], [175.077021788768, -36.8228490777775], [175.077021772033, -36.8228490807738], [175.077021749695, -36.8228490838681], [175.077010494535, -36.822850764994], [175.0769838658, -36.8228548084902], [175.076957934005, -36.8228585063203], [175.076931909541, -36.8228623013021], [175.076931881624, -36.8228623053951], [175.076931843671, -36.8228623114661], [175.076926747589, -36.8228631558064], [175.076926727516, -36.8228631597624], [175.076926714118, -36.8228631617991], [175.076921573993, -36.8228640772103], [175.076921547197, -36.8228640812838], [175.076921520449, -36.822864087159], [175.076916418276, -36.8228650794187], [175.07691640824, -36.8228650813967], [175.076916371456, -36.8228650892499], [175.076911313691, -36.8228661483311], [175.076911290281, -36.8228661532467], [175.07691127245, -36.8228661571635], [175.076906186353, -36.8228672879423], [175.076905649286, -36.8228674099897], [175.076905629238, -36.8228674148465], [175.07690560919, -36.8228674197034], [175.076890201303, -36.8228711256017], [175.076890191266, -36.8228711275797], [175.076890160085, -36.8228711353349], [175.076880103503, -36.8228736923001], [175.076863625107, -36.8228779008998], [175.076847169608, -36.8228821271231], [175.076810782415, -36.8228913793705], [175.076774526612, -36.8229004742871], [175.076774401816, -36.8229005026054], [175.076774300307, -36.8229005215038]], [[175.076774300307, -36.8229005215038], [175.076759799951, -36.8229028388458], [175.0767596458, -36.8229028595652], [175.076774300307, -36.8229005215038]], [[175.076774300307, -36.8229005215038], [175.076749490029, -36.8229032821675], [175.076749399288, -36.8229032846543], [175.076749306232, -36.8229032844776], [175.076745678383, -36.8229032433145], [175.076745653706, -36.8229032428444], [175.076745629029, -36.8229032423743], [175.076741906638, -36.8229031460809], [175.076741903277, -36.8229031461397], [175.076741870732, -36.8229031449057], [175.076738169096, -36.8229029869611], [175.076738157866, -36.822902986256], [175.076738126442, -36.8229029850025], [175.076734431432, -36.8229027818769], [175.076734419082, -36.8229027811914], [175.076734389898, -36.8229027798987], [175.076730730747, -36.8229025346866], [175.076730677959, -36.8229025311024], [175.076730671211, -36.822902530319], [175.076726966556, -36.8229022192055], [175.076726947458, -36.8229022177366], [175.076726924974, -36.8229022154256], [175.076723288746, -36.8229018643604], [175.076723242657, -36.8229018597579], [175.076723157178, -36.8229018495345], [175.076722972699, -36.82290182662], [175.076722908559, -36.8229018178264], [175.076722860228, -36.822901813263], [175.076702020022, -36.8228996906978], [175.07670200314, -36.8228996882888], [175.076701988524, -36.8228996867416], [175.076696200817, -36.8228990415877], [175.076671658664, -36.8228960860015], [175.076671623805, -36.822896082104], [175.076669566014, -36.8228958116151], [175.076669562628, -36.8228958107729], [175.076656371365, -36.8228940097149], [175.076656351097, -36.8228940064638], [175.076656327468, -36.8228940032715], [175.076643413157, -36.8228920793027], [175.076643268848, -36.8228920493771], [175.076643241784, -36.8228920435409], [175.076643238398, -36.8228920426988], [175.07664300744, -36.8228920007676], [175.076642988293, -36.8228919974969], [175.076629429856, -36.8228897603119], [175.076629390441, -36.8228897537902], [175.076629384814, -36.8228897529872], [175.076616940876, -36.8228875206638], [175.076616841706, -36.8228875016665], [175.076616767237, -36.8228874840403]], [[175.076616767237, -36.8228874840403], [175.0765946668, -36.8228817485243], [175.076594522199, -36.8228817077882], [175.076594390948, -36.8228816632137], [175.076588466011, -36.8228795080677], [175.076588328913, -36.8228794545823], [175.076588193862, -36.8228793938507], [175.076572508696, -36.8228719302136], [175.076572362024, -36.8228718543629], [175.076572218447, -36.8228717685438], [175.076563716272, -36.8228663010748], [175.076563588358, -36.8228662140807], [175.076563516131, -36.8228661549554]], [[175.076563516131, -36.8228661549554], [175.076553534627, -36.8228572640493], [175.076553455286, -36.8228571906274], [175.076563516131, -36.8228661549554]], [[175.076563516131, -36.8228661549554], [175.076550378862, -36.8228537013583], [175.076550341835, -36.8228536587427], [175.076550312823, -36.8228536222962], [175.076547331308, -36.8228499114512], [175.076547313891, -36.822849889223], [175.076544357541, -36.8228461139458], [175.076544341268, -36.8228460925989], [175.07654432502, -36.8228460721528], [175.076541482018, -36.8228422597445], [175.07654146806, -36.8228422410611], [175.076541462238, -36.8228422330511], [175.0765391457, -36.8228390261328], [175.076539061611, -36.8228389014196], [175.076538988605, -36.8228387720064], [175.076529493086, -36.8228204864512], [175.076529444392, -36.8228203854549], [175.076529402469, -36.8228202861428], [175.076528738139, -36.822818561842], [175.076528704571, -36.8228184813113], [175.076528670054, -36.8228184071063], [175.076523611036, -36.8228080557128], [175.076523512038, -36.822807877182], [175.076523391872, -36.8228077035276], [175.076516178516, -36.8227982378964], [175.076516101978, -36.8227981436956], [175.076516021055, -36.8227980531766], [175.076515021548, -36.822796993583], [175.076514913269, -36.8227968864172], [175.076514827206, -36.8227968131127]], [[175.076514827206, -36.8227968131127], [175.076489162759, -36.8227768479001], [175.076489068949, -36.8227767783362], [175.07648897302, -36.8227767133157], [175.076488340832, -36.8227763025511], [175.076488338542, -36.8227763007885], [175.076482687488, -36.8227727059798], [175.076482658963, -36.8227726875508], [175.076482644152, -36.8227726787966], [175.076476897873, -36.8227691694723], [175.076476891028, -36.8227691650854], [175.076476864817, -36.8227691493199], [175.076471089501, -36.8227657270276], [175.076471069015, -36.8227657156685], [175.076471047383, -36.8227657034283], [175.076465191411, -36.8227623663658], [175.076465159548, -36.8227623488964], [175.076465152727, -36.8227623454104], [175.076459202116, -36.8227590739934], [175.076459182774, -36.8227590635157], [175.076459161167, -36.8227590521762], [175.076459031523, -36.8227589841396], [175.076459007626, -36.8227589710376], [175.076458997371, -36.8227589649076], [175.076438578031, -36.8227478156161], [175.076436431949, -36.8227466426597]]]}, "properties": {"OBJECTID": 4711, "TRACKNAME": "Whakenewha Central Track", "CONDITIONSOFUSE": "Whakanewha Regional Park", "STATUS": "Open", "WEBLINK": "https://www.aucklandcouncil.govt.nz/en/parks-recreation/find-park-beach/park-detail/3422.html", "VALIDATIONSTATE": 3, "created_user": "AC_owner", "last_edited_user": "AC_owner", "last_edited_date": 1789875254325, "created_date": 1789875254325, "PARK_SAPSITEID": null, "TRACK_ID": null, "KAURIDIEBACK_TRACK": null, "KAURIDIEBACK_MITIGATED": null, "SegmentID": null, "GlobalID": "bb84a10a-afc7-4b67-9fa4-3615803e7e59", "Shape__Length": 1520.3232871387297}}]}