{"type": "FeatureCollection", "features": [{"type": "Feature", "id": 3052, "geometry": {"type": "LineString", "coordinates": [[174.502766746886, -36.8794736067807], [174.502773389241, -36.8794810492391], [174.502779868019, -36.8794881602578], [174.502786172178, -36.8794949489901], [174.502792312937, -36.8795014152942], [174.502798279077, -36.8795075593121], [174.50280408164, -36.8795133718903], [174.502809720978, -36.879518871052], [174.502815174304, -36.8795240390579], [174.502820475445, -36.8795288844938], [174.502825601968, -36.8795334076436], [174.502830639458, -36.8795379679742], [174.502835650891, -36.8795429162249], [174.502840647484, -36.8795482522538], [174.502845618197, -36.8795539852143], [174.502850574071, -36.879560105953], [174.502855515105, -36.8795666144699], [174.502860430259, -36.8795735199183], [174.502865319356, -36.8795808132869], [174.502870205007, -36.8795885033033], [174.502875064603, -36.8795965812397], [174.502879898142, -36.8796050470962], [174.502884717018, -36.8796139097425], [174.502889521055, -36.8796231601669], [174.502894299213, -36.8796328075229], [174.502899062532, -36.8796428426571], [174.502903811012, -36.8796532655695], [174.502908533613, -36.8796640854134], [174.502913230158, -36.8796752931774], [174.502917923082, -36.8796868885777], [174.502922578909, -36.8796988810515], [174.502927285082, -36.8797111523141], [174.50293220227, -36.8797233127424], [174.502937363064, -36.8797353078417], [174.5029427566, -36.8797471557769], [174.502948405136, -36.8797588472526], [174.502954286239, -36.8797703825526], [174.502960399907, -36.8797817616768], [174.502966768576, -36.8797929843415], [174.502973369988, -36.8798040598419], [174.502980203789, -36.8798149701549], [174.502987292768, -36.8798257330197], [174.502994614313, -36.8798363397085], [174.503002179641, -36.8798467900795], [174.503009977536, -36.8798570842745], [174.503018019214, -36.8798672221514], [174.503026304676, -36.8798772037104], [174.503034834099, -36.8798870379627], [174.503043595911, -36.8798967070274], [174.503052601684, -36.8799062287853], [174.503061851241, -36.879915594225], [174.503071322677, -36.8799248306647], [174.50308065712, -36.8799345195236], [174.503089724377, -36.879944887792], [174.503098524448, -36.87995593547], [174.503107046293, -36.8799676717112], [174.503115300774, -36.8799800783507], [174.503123288247, -36.8799931734114], [174.503131008535, -36.8800069478821], [174.503138450419, -36.8800214019045], [174.503145625118, -36.8800365353369], [174.503152532631, -36.8800523481792], [174.503159173136, -36.8800688494432], [174.503165535062, -36.8800860212475], [174.503171629978, -36.8801038814736], [174.503177446492, -36.8801224212516], [174.503183007038, -36.8801416402979], [174.503188289358, -36.8801615479079], [174.503193304316, -36.8801821259166], [174.503198041047, -36.880203392489], [174.503202510416, -36.8802253294602], [174.503206712776, -36.8802479548532], [174.503210760037, -36.8802706813594], [174.503214825583, -36.8802926234389], [174.503218909237, -36.8803137720804], [174.503223022217, -36.8803341271417], [174.503227153306, -36.880353688765], [174.503231302503, -36.8803724569502], [174.503235469807, -36.8803904316972], [174.503239666614, -36.8804076218758], [174.503243870311, -36.8804240187582], [174.503248103156, -36.8804396130492], [174.503252365503, -36.8804544227716], [174.50325663474, -36.8804684391979], [174.503260933478, -36.8804816710558], [174.503265261364, -36.8804941003221], [174.50326959614, -36.8805057362924], [174.503273960416, -36.8805165876942], [174.503278342799, -36.8805266456579], [174.503282743289, -36.8805359101837], [174.503287161884, -36.8805443812714], [174.503291609804, -36.8805520587792], [174.503296022038, -36.8805590607081], [174.503300154011, -36.8805660751967], [174.503303928965, -36.8805731933533], [174.503307380554, -36.8805804147524], [174.503310486342, -36.8805877396778], [174.503313257723, -36.8805951769991], [174.50331568348, -36.8806027268583], [174.503317774476, -36.8806103710903], [174.503319531066, -36.8806181277184], [174.503320953248, -36.8806259967424], [174.50332202963, -36.8806339692928], [174.503322771427, -36.8806420452278], [174.50332317864, -36.8806502245472], [174.503323240228, -36.8806585164046], [174.503322967232, -36.8806669116465], [174.503322348611, -36.8806754194264], [174.503321406623, -36.8806840304488], [174.503320118832, -36.8806927449977], [174.503318496634, -36.8807015719426], [174.503316528633, -36.8807105024139], [174.503314237265, -36.8807195361277], [174.503312001984, -36.8807285691319], [174.503310079383, -36.8807375260698], [174.503308435807, -36.8807464073675], [174.50330709387, -36.8807552217523], [174.503306053395, -36.880763960213], [174.50330530334, -36.8807726319029], [174.503304854747, -36.8807812276686], [174.503304696575, -36.8807897566635], [174.503304839689, -36.8807982007227], [174.503305284618, -36.8808065868807], [174.503306008574, -36.8808148973984], [174.503307045211, -36.88082313185], [174.503308372092, -36.8808312905192], [174.503309989394, -36.8808393824176], [174.503311908336, -36.8808474074033], [174.503314128741, -36.8808553564647], [174.503316639391, -36.8808632297438], [174.503319440463, -36.880871036252], [174.503322542997, -36.8808787668358], [174.503325946995, -36.8808864214953], [174.50332957464, -36.88089403727], [174.503333303067, -36.8809016427556], [174.503337110018, -36.8809092472475], [174.503340995493, -36.8809168507457], [174.503344981928, -36.8809244529664], [174.503349035669, -36.8809320543352], [174.50335319037, -36.8809396544264], [174.503357423595, -36.8809472535239], [174.503361735345, -36.8809548516276], [174.503366136836, -36.8809624485956], [174.50337062807, -36.880970044428], [174.503375197828, -36.8809776392665], [174.503379857328, -36.8809852329693], [174.503384595528, -36.8809928346898], [174.503389423295, -36.8810004262631], [174.503394340803, -36.8810080167006], [174.503399336836, -36.8810156061442], [174.503404422611, -36.8810231944521], [174.503409586911, -36.8810307817661], [174.503414840953, -36.8810383679443], [174.503420163008, -36.8810459893166], [174.503425435515, -36.8810539448238], [174.503430637626, -36.8810623158532], [174.503435757949, -36.8810710935355], [174.503440796661, -36.881080286882], [174.503445764801, -36.8810898867393], [174.503450662547, -36.881099902119], [174.503455467287, -36.8811103242933], [174.50346021285, -36.8811211618481], [174.503464865408, -36.8811324061976], [174.503469447395, -36.881144057058], [174.503473958988, -36.8811561234407], [174.503478388969, -36.8811686054878], [174.503482737162, -36.8811814941876], [174.503487014785, -36.8811947893984], [174.503491210797, -36.8812085002734], [174.503495325197, -36.8812226268128], [174.503499369026, -36.8812371598631], [174.503503342285, -36.8812520994242], [174.503507233933, -36.8812674546498], [174.503511043793, -36.8812832165281], [174.503514673112, -36.8812989266086], [174.503518024019, -36.8813141714978], [174.503521096867, -36.881328969219], [174.503523880085, -36.881343301891], [174.503526396109, -36.8813571692299], [174.503528634074, -36.8813705894008], [174.503530593626, -36.8813835443806], [174.503532274941, -36.8813960431809], [174.50353367802, -36.8814080858018], [174.503534802686, -36.8814196632316], [174.503535649292, -36.8814307934935], [174.503536217485, -36.8814414585644], [174.503536507263, -36.8814516584443], [174.503536518981, -36.8814614111564], [174.503536252286, -36.8814706986775], [174.503535707352, -36.8814795300191], [174.503534884182, -36.8814879051813], [174.503533782597, -36.8814958151526], [174.503532402775, -36.8815032689444], [174.503530744715, -36.8815102665568], [174.503528900633, -36.8815169330151], [174.503527125977, -36.8815237067596], [174.503525454755, -36.8815306053874], [174.503523887142, -36.88153763791], [174.503522422963, -36.881544795316], [174.503521062393, -36.8815520866168], [174.503519794216, -36.8815595119544], [174.503518640866, -36.881567071045], [174.503517579732, -36.8815747551608], [174.503516622208, -36.8815825731715], [174.503515768294, -36.881590525077], [174.50351501799, -36.8815986108774], [174.503514359901, -36.8816068217031], [174.503513816641, -36.8816151662817], [174.503513365596, -36.8816236358856], [174.503513018338, -36.8816322483959], [174.503512774513, -36.8816409857895], [174.503512622904, -36.8816498482084], [174.5035125863, -36.8816588533918], [174.503512641912, -36.8816679836004], [174.503512823216, -36.881677229397], [174.503513359601, -36.8816862723981], [174.503514361122, -36.8816950030461], [174.50351581674, -36.8817034304944], [174.50351771506, -36.8817115458735], [174.503520078517, -36.8817193488996], [174.503522884677, -36.8817268398563], [174.503526156151, -36.8817340274714], [174.503529870327, -36.8817409030171], [174.503534038424, -36.8817474663516], [174.503538671658, -36.8817537173326], [174.503543747772, -36.8817596652558], [174.503549277806, -36.8817653009674], [174.503555261761, -36.8817706244675], [174.503561710853, -36.8817756356141], [174.503568602825, -36.8817803437024], [174.503575948717, -36.8817847395789], [174.50358374853, -36.8817888232437], [174.50359200244, -36.8817926037079], [174.503600710093, -36.8817960629487], [174.503609871843, -36.8817992189888], [174.503619411287, -36.8818021809599], [174.503629219074, -36.8818050944655], [174.503639295204, -36.8818079595056], [174.503649639677, -36.8818107760801], [174.503660252494, -36.8818135441889], [174.503671145048, -36.8818162727015], [174.503682294551, -36.8818189438787], [174.503693723792, -36.8818215754595], [174.503705410159, -36.8818241587164], [174.503717376087, -36.8818266933652], [174.503729610534, -36.8818291885594], [174.503742113149, -36.8818316262758], [174.503754884283, -36.8818340245374], [174.503767923761, -36.8818363743326], [174.503781231582, -36.8818386756614], [174.503794807746, -36.8818409285235], [174.50380865243, -36.8818431419305], [174.503822776676, -36.8818453067288], [174.503837169088, -36.8818474140487], [174.503851818802, -36.8818494820551], [174.503866725112, -36.881851474702], [174.503881750045, -36.8818532224747], [174.503896870813, -36.8818547076341], [174.503912098633, -36.8818559300384], [174.503927422287, -36.8818568898293], [174.503942852993, -36.8818575868649], [174.503958390927, -36.8818580301566], [174.503974035737, -36.8818582016815], [174.503989776557, -36.8818581196043], [174.504005613033, -36.8818577659023], [174.504021567955, -36.8818571583142], [174.50403761871, -36.8818562881125], [174.504053776339, -36.8818551461438], [174.504070029978, -36.8818537505729], [174.504086390667, -36.8818520922464], [174.504102858406, -36.8818501711641], [174.504119421978, -36.8818479874682], [174.504136092776, -36.8818455500279], [174.504152859229, -36.8818428409624], [174.504169732732, -36.8818398691409], [174.504186713461, -36.881836643575], [174.504203835599, -36.8818331908732], [174.504221111072, -36.8818295469391], [174.50423855092, -36.8818257026194], [174.504256144101, -36.8818216670673], [174.50427389044, -36.8818174312715], [174.504291801154, -36.8818129950897], [174.504309876242, -36.8818083585219], [174.504328104663, -36.8818035307216], [174.504346486241, -36.8817985026772], [174.504365032192, -36.8817932742466], [174.504383731477, -36.8817878545832], [174.504402594958, -36.881782225522], [174.504421611948, -36.8817764142394], [174.504440793135, -36.8817703935588], [174.504460127654, -36.8817641816451], [174.504479626546, -36.8817577693449], [174.504499278769, -36.8817511658114], [174.504519084148, -36.8817443620332], [174.504539053898, -36.8817373578681], [174.504559188021, -36.8817301533161], [174.504579219235, -36.8817228509128], [174.50459863506, -36.8817156374228], [174.504617435675, -36.881708521858], [174.504635621079, -36.8817015042186], [174.504653179878, -36.8816945756355], [174.504670123467, -36.8816877449783], [174.504686440452, -36.8816810033779], [174.504702142226, -36.881674359704], [174.504717228792, -36.8816678139568], [174.504731688753, -36.8816613572671], [174.504745522288, -36.8816549986466], [174.504758740613, -36.8816487379535], [174.504771343553, -36.8816425661766], [174.504783331285, -36.8816364923273], [174.504794681196, -36.8816305076787], [174.504805427294, -36.8816246298277], [174.504815546613, -36.881618832024], [174.5048250509, -36.8816131411603], [174.504833928586, -36.8816075393557], [174.504842191064, -36.8816020354799], [174.504849894247, -36.881596619811], [174.504857609531, -36.881591249057], [174.504865426657, -36.8815859220813], [174.504873345626, -36.8815806388838], [174.504881388874, -36.8815753991802], [174.504889533964, -36.8815702032549], [174.504897780897, -36.8815650511077], [174.504906151931, -36.881559933443], [174.50491461359, -36.8815548596985], [174.504923199527, -36.8815498294478], [174.504931887306, -36.8815448429753], [174.504940688146, -36.8815399001387], [174.504949590652, -36.8815349920686], [174.504958606395, -36.8815301366458], [174.504967735022, -36.8815253158475], [174.504976965491, -36.8815205388272], [174.504986308843, -36.8815157964311], [174.504995765433, -36.8815111066823], [174.505005323689, -36.8815064516999], [174.505014995181, -36.8815018493648], [174.50502476834, -36.881497281796], [174.505034620551, -36.8814927402661], [174.50504448451, -36.8814882256279], [174.505054382475, -36.8814837285855], [174.505064303405, -36.8814792582927], [174.50507425834, -36.8814748055956], [174.50508423624, -36.8814703796481], [174.505094236928, -36.8814659714385], [174.505104271622, -36.8814615808247], [174.505114329281, -36.8814572169604], [174.505124420946, -36.8814528706919], [174.505134535398, -36.8814485421614], [174.505144684033, -36.8814442402381], [174.505154855634, -36.8814399650643], [174.505165050022, -36.8814357076284], [174.505175278416, -36.8814314677883], [174.505185529598, -36.881427245686], [174.505195814962, -36.8814230501911], [174.505206123292, -36.8814188814455], [174.50521645441, -36.8814147304378], [174.505226819533, -36.8814105970258], [174.505237162043, -36.8814064548858], [174.505247390429, -36.8814022150396], [174.505257470684, -36.8813978598907], [174.505267414379, -36.8813934073201], [174.505277221161, -36.8813888393047], [174.505286891384, -36.8813841738676], [174.505296424693, -36.8813793929858], [174.505305821442, -36.8813745146824], [174.505315081279, -36.8813695209343], [174.505324204379, -36.8813644207532], [174.505333179701, -36.8813592232927], [174.505342029328, -36.8813539102455], [174.505350742218, -36.8813484907653], [174.505359307154, -36.8813429649943], [174.505367746572, -36.8813373326483], [174.505376049253, -36.8813315938693], [174.505384203979, -36.8813257487996], [174.505392221969, -36.8813197972971], [174.50540011444, -36.8813137392196], [174.505407858781, -36.88130756584], [174.505415500037, -36.8813012856012], [174.505423350359, -36.8812947953971], [174.505431521215, -36.8812880577604], [174.505440023999, -36.8812810815602], [174.505448836099, -36.8812738580695], [174.505457968733, -36.8812663871458], [174.505467422254, -36.8812586868123], [174.50547719613, -36.8812507300342], [174.5054872795, -36.8812425349767], [174.505497694796, -36.8812341013554], [174.505508430625, -36.8812254203009], [174.505519475769, -36.8812164919552], [174.505530852839, -36.8812073250454], [174.505542539401, -36.8811979198558], [174.505554546494, -36.8811882672326], [174.505566885336, -36.8811783670335], [174.505579533668, -36.8811682285544], [174.505592502709, -36.8811578516528], [174.50560579228, -36.8811472273173], [174.505619402381, -36.8811363555477], [174.50563333319, -36.8811252453555], [174.505647408408, -36.8811140612217], [174.505661429481, -36.8811029769236], [174.505675407802, -36.8810920013303], [174.505689321114, -36.8810811437378], [174.505703191498, -36.8810703858387], [174.505717008091, -36.8810597457983], [174.505730770715, -36.881049214605], [174.505744490412, -36.8810387831052], [174.505758145099, -36.8810284696063], [174.505771757036, -36.8810182648124], [174.505785315005, -36.8810081688657], [174.505798818829, -36.8809981727548], [174.505812268862, -36.8809882945026], [174.505825676145, -36.8809785249555], [174.505839029459, -36.8809688642556], [174.505852317589, -36.8809593125453], [174.505865562968, -36.8809498695401], [174.505878765775, -36.8809405442515], [174.505891903219, -36.880931318941], [174.505904997914, -36.8809222023356], [174.505918048266, -36.8809131133321], [174.505931148154, -36.8809036901912], [174.50594428583, -36.8808939060206], [174.505957472157, -36.8808837426552], [174.505970707489, -36.8808732181179], [174.505983991471, -36.8808623143857], [174.505997313241, -36.8808510496239], [174.506010683837, -36.8808394146786], [174.506024114301, -36.8808274003962], [174.506037582551, -36.8808150250841], [174.50605108841, -36.8808022797308], [174.506064654136, -36.8807891550403], [174.506078268865, -36.8807756691778], [174.506091921203, -36.880761813274], [174.506105622366, -36.8807475871867], [174.506119372355, -36.880732990916], [174.506133170992, -36.8807180154502], [174.506147007413, -36.8807026789546], [174.506160903877, -36.8806869721332], [174.506174837948, -36.8806708952704], [174.506188809979, -36.8806544663892], [174.506202593961, -36.8806381750964], [174.506216093008, -36.8806222299359], [174.506229295901, -36.8806066310501], [174.506242214213, -36.88059139632], [174.506254836196, -36.8805764988533], [174.506267173599, -36.8805619655423], [174.506279214672, -36.8805477694949], [174.506290971166, -36.8805339376035], [174.506302431509, -36.8805204519873], [174.506313595701, -36.8805073126464], [174.506324475138, -36.8804945284501], [174.506335069819, -36.8804820993987], [174.506345368349, -36.8804700166228], [174.506355382125, -36.8804582889918], [174.506365099752, -36.8804469076365], [174.506374521406, -36.8804358815684], [174.506383669347, -36.8804252014917], [174.506392510099, -36.8804148768447], [174.506401066097, -36.8804049073428], [174.506409337165, -36.8803952839747], [174.506417513292, -36.8803859682767], [174.506425963418, -36.8803768924749], [174.506434687543, -36.8803680565693], [174.50644368549, -36.8803594515482], [174.506452957259, -36.8803510774117], [174.506462514244, -36.8803429430289], [174.506472334011, -36.8803350486843], [174.506482438817, -36.8803273850817], [174.506492806228, -36.8803199525057], [174.506503458855, -36.8803127596831], [174.506514385481, -36.8803058067561], [174.506525585929, -36.8802990847132], [174.506537060199, -36.8802925935542], [174.506548808469, -36.8802863422907], [174.506560830737, -36.8802803309224], [174.506573138045, -36.8802745502956], [174.506585707957, -36.8802690006947], [174.506598563087, -36.8802636908467], [174.506611680998, -36.8802586210357], [174.506625083949, -36.880253781966], [174.506638670451, -36.880249147883], [174.506651931466, -36.8802445089122], [174.506664754288, -36.8802398394417], [174.506677138741, -36.8802351304601], [174.506689096041, -36.8802303818253], [174.506700614971, -36.8802255936798], [174.50671170675, -36.8802207658813], [174.506722360158, -36.8802158985723], [174.506732575374, -36.8802110007643], [174.506742363438, -36.8802060633038], [174.50675172435, -36.8802010861908], [174.506760635675, -36.88019606971], [174.506769131066, -36.8801910134346], [174.506777177047, -36.880185926803], [174.506784806917, -36.8801807913656], [174.506791987378, -36.8801756255722], [174.506798740687, -36.8801704201268], [174.506805067022, -36.8801651840411], [174.506810954811, -36.8801598994343], [174.506816404408, -36.8801545843296], [174.506821426677, -36.8801492205616], [174.506826692543, -36.880143691457], [174.506832626145, -36.8801378834717], [174.50683922766, -36.8801318056171], [174.506846508483, -36.8801254667624], [174.506854445824, -36.8801188491691], [174.506863062472, -36.8801119705753], [174.506872347032, -36.8801048221118], [174.506882299327, -36.8800973947669], [174.506892930929, -36.8800897064212], [174.506904230441, -36.8800817482053], [174.506916197865, -36.8800735201189], [174.506928844417, -36.8800650220197], [174.506942147839, -36.8800562632034], [174.506956130211, -36.8800472253623], [174.506970780492, -36.8800379176499], [174.50698609886, -36.8800283490775], [174.507002096177, -36.8800185014796], [174.507018761579, -36.8800083930212], [174.507036094889, -36.8799980146905], [174.507054095929, -36.8799873574757], [174.507072523051, -36.87997668584], [174.507090759412, -36.8799665844862], [174.507108749811, -36.8799570991834], [174.507126516682, -36.8799482296471], [174.507144048633, -36.8799399670081], [174.507161345663, -36.8799323112666], [174.507178419167, -36.8799252712918], [174.507195257929, -36.8799188472262], [174.507211872813, -36.8799130209045], [174.507228241914, -36.879907819646], [174.507244387315, -36.879903225143], [174.507260297797, -36.8798992375381], [174.507275984757, -36.8798958657004], [174.5072914368, -36.8798931007609], [174.507306654104, -36.8798909517311], [174.507321647709, -36.8798894094574], [174.507336406575, -36.8798884830936], [174.507350930525, -36.8798881636282], [174.507365219738, -36.879888460073], [174.507379285253, -36.879889363274], [174.507393159306, -36.8798908007127], [174.507407386473, -36.8798919362166], [174.507422074498, -36.8798925430753], [174.507437245815, -36.879892621004], [174.507452889386, -36.8798921791564], [174.507469004854, -36.8798911995092], [174.507485603791, -36.879889699943], [174.50750268602, -36.8798876714461], [174.507520229106, -36.879885114303], [174.507538255659, -36.8798820372402], [174.507556765326, -36.8798784222345], [174.507575747242, -36.8798742874512], [174.50759520123, -36.8798696238784], [174.50761512729, -36.879864431516], [174.507635536639, -36.8798587102213], [174.507656429275, -36.8798524599942], [174.507677782942, -36.8798456901306], [174.507699619717, -36.8798383823225], [174.507721939957, -36.8798305545927], [174.507744732264, -36.8798221980718], [174.507767996639, -36.8798133127595], [174.507791303397, -36.8798043007126], [174.507814211284, -36.8797955461075], [174.507836709436, -36.8797870671099], [174.507858808717, -36.8797788455545], [174.507880520522, -36.8797708903108], [174.507901822594, -36.8797632106751], [174.507922725795, -36.8797557884823], [174.507943219087, -36.8797486328866], [174.507963324904, -36.8797417436032], [174.507983032029, -36.8797351207749], [174.508002329246, -36.8797287645442], [174.508021227593, -36.8797226657573], [174.508039727428, -36.8797168424376], [174.508057828571, -36.8797112855736], [174.508075530847, -36.879705986154], [174.508092834433, -36.8797009531906], [174.508109728289, -36.8796961958373], [174.508126223279, -36.8796916959289], [174.508142319579, -36.8796874624772], [174.508158017189, -36.8796834954823], [174.508173427222, -36.8796797394515], [174.508188960113, -36.8796759548179], [174.508204660378, -36.8796721229891], [174.508220505581, -36.8796682442498], [174.508236529375, -36.8796643181726], [174.508252698285, -36.8796603541962], [174.508269034391, -36.8796563340128], [174.508285538047, -36.8796522756453], [174.508302197859, -36.8796481702245], [174.508319025221, -36.8796440266195], [174.508336008562, -36.8796398269496], [174.508353148236, -36.8796355892377], [174.508370455282, -36.8796313043298], [174.508387929701, -36.8796269722259], [174.508405549058, -36.8796225932108], [174.508423347006, -36.879618166857], [174.508441301286, -36.879613702461], [174.508459411544, -36.8796091819995], [174.508477678134, -36.8796046234956], [174.508496123314, -36.8796000176528], [174.508514702391, -36.8795953740523], [174.508533237483, -36.8795907760759], [174.508551639737, -36.8795862699206], [174.508569909152, -36.8795818555864], [174.508588045552, -36.8795775240619], [174.508606037897, -36.8795732845011], [174.508623908621, -36.8795691366191], [174.50864164633, -36.879565071547], [174.508659251201, -36.8795610982962], [174.508676712017, -36.8795572170094], [174.508694051035, -36.8795534183901], [174.508711245999, -36.8795497117349], [174.508728307947, -36.8795460878898], [174.508745248276, -36.879542555724], [174.50876204455, -36.8795391155223], [174.50877870781, -36.879535758131], [174.508795238232, -36.8795324925615], [174.508811647034, -36.8795293186714], [174.508827911605, -36.8795262277343], [174.508844043339, -36.8795232286192], [174.508860042237, -36.8795203213261], [174.508875739327, -36.8795174719461], [174.50889090973, -36.8795146562939], [174.508905542052, -36.8795118655007], [174.508919625252, -36.8795091087207], [174.508933170371, -36.8795063768], [174.508946177409, -36.8795036697389], [174.508958646543, -36.879500996549], [174.508970566379, -36.8794983483615], [174.508981948311, -36.8794957340456], [174.50899280338, -36.8794931444474], [174.50900309811, -36.879490589006], [174.509012865799, -36.8794880492712], [174.509022095763, -36.87948555242], [174.509030776251, -36.8794830715606], [174.509038919013, -36.879480633585], [174.509046523517, -36.8794782114589], [174.509053590118, -36.8794758232054], [174.509060107422, -36.8794734599556], [174.509066098039, -36.8794711304361], [174.509071539359, -36.8794688259204], [174.509076533048, -36.8794665811723], [174.509081620199, -36.8794645245252], [174.509086868651, -36.8794626821587], [174.509092278401, -36.8794610540728], [174.509097860846, -36.8794596491365], [174.509103604414, -36.8794584494693], [174.509109520675, -36.8794574729516], [174.509115598237, -36.8794567107144], [174.509121848138, -36.8794561536037], [174.509128270734, -36.8794558196424], [174.509134843412, -36.8794557001041], [174.509141588608, -36.8794557947036], [174.509148506498, -36.8794561124525], [174.509155585511, -36.8794566354703], [174.509162837042, -36.8794573726258], [174.50917025005, -36.8794583330731], [174.509177824181, -36.8794594987892], [174.509185571007, -36.8794608876545], [174.509193479133, -36.8794624907999], [174.509201559777, -36.8794643080829], [174.509209801545, -36.8794663306346], [174.50921803245, -36.8794683713512], [174.509226160093, -36.8794702962003], [174.509234162395, -36.87947212349], [174.509242072651, -36.8794738347698], [174.509249857566, -36.8794754484903], [174.509257539219, -36.8794769463435], [174.509265106747, -36.8794783464948], [174.509272571013, -36.8794796307789], [174.509279920977, -36.8794808083496], [174.509287156639, -36.8794818792072], [174.509294289394, -36.8794828522204], [174.509301307668, -36.8794837095091], [174.509308222858, -36.879484459942], [174.509315012529, -36.8794851038042], [174.509321710331, -36.8794856406683], [174.509328282614, -36.8794860709618], [174.509334751635, -36.8794863853882], [174.50934110653, -36.8794866021129], [174.509347358341, -36.8794867119821], [174.509353495849, -36.8794867151383], [174.509359585294, -36.8794865566575], [174.50936577073, -36.8794861445726], [174.509372063195, -36.8794854697296], [174.509378462866, -36.8794845411398], [174.509384958173, -36.8794833409228], [174.509391560509, -36.8794818779477], [174.509398258835, -36.8794801613683], [174.50940507523, -36.8794781728767], [174.509411976396, -36.8794759309234], [174.50941899581, -36.8794734260692], [174.509426110857, -36.8794706495878], [174.509433333111, -36.8794676193596], [174.509440651176, -36.8794643265156], [174.50944807627, -36.8794607709132], [174.509455608393, -36.8794569525525], [174.509463236327, -36.8794528715759], [174.509470971468, -36.8794485368523], [174.509478802241, -36.8794439305015], [174.509486740043, -36.8794390613921], [174.509494785051, -36.8794339385359], [174.509502915184, -36.8794285802405], [174.509510979254, -36.8794232858801], [174.50951893381, -36.8794181281165], [174.509526778674, -36.8794130979381], [174.509534525065, -36.8794081952026], [174.509542161942, -36.8794034290638], [174.509549689128, -36.8793987905105], [174.509557118018, -36.8793942884115], [174.509564437217, -36.879389913898], [174.50957165812, -36.8793856758387], [174.509578769332, -36.879381565365], [174.509585771031, -36.8793775914882], [174.509592663038, -36.8793737451968], [174.509599456573, -36.8793700263485], [174.509606151812, -36.8793664439546], [174.50961272632, -36.8793629983002], [174.509619202355, -36.8793596800889], [174.509625579917, -36.8793564893207], [174.509631836749, -36.879353435292], [174.509637995108, -36.8793505087063], [174.509644055171, -36.8793477185753], [174.509650048462, -36.8793449563335], [174.509656006681, -36.8793421224272], [174.509661941222, -36.8793392257254], [174.50966784087, -36.8793362663705], [174.50967371684, -36.8793332442201], [174.509679568955, -36.8793301502627], [174.509685386177, -36.8793269936522], [174.50969117972, -36.8793237742462], [174.509696949587, -36.8793204920446], [174.509702684382, -36.8793171381786], [174.50970838446, -36.879313730671], [174.509714060683, -36.8793102513565], [174.509719713229, -36.8793067092464], [174.50972534192, -36.8793030953293], [174.509730935717, -36.8792994187592], [174.509736494796, -36.8792956885477], [174.509742030021, -36.8792918865292], [174.509747541391, -36.8792880127037], [174.509753018044, -36.8792840852366], [174.509758470842, -36.8792800859627], [174.50976388981, -36.8792760781046], [174.509769222055, -36.8792722245816], [174.509774479327, -36.8792685522858], [174.509779661625, -36.8792650612169], [174.509784768595, -36.8792617333522], [174.509789800592, -36.8792585867146], [174.509794746221, -36.8792556124351], [174.509799616699, -36.8792528103712], [174.509804412204, -36.8792501895345], [174.509809132558, -36.8792477409133], [174.509813766545, -36.8792454646504], [174.509818325381, -36.8792433606031], [174.509822809244, -36.879241437783], [174.509827217957, -36.8792396871785], [174.509831540479, -36.8792381179437], [174.509835798892, -36.8792367117705], [174.509839971113, -36.8792354869671], [174.509844056968, -36.8792344345219], [174.509848079066, -36.8792335631614], [174.50985201462, -36.8792328551476], [174.509855875379, -36.8792323373726], [174.509859529041, -36.8792321286959], [174.509862953881, -36.8792322654486], [174.509866138859, -36.8792327567848], [174.509869083799, -36.8792335936931], [174.509871800095, -36.8792347850422], [174.509874276352, -36.8792363219635], [174.509876512747, -36.8792382134682], [174.509878520499, -36.8792404594139], [174.509880276994, -36.8792430510743], [174.509881815886, -36.8792459880217], [174.509883103876, -36.8792492887066], [174.509884162867, -36.8792529258096], [174.509884982175, -36.8792569265077], [174.509885561443, -36.8792612727779], [174.50988591189, -36.8792659644777], [174.509886022476, -36.8792710107611], [174.5098858932, -36.8792764116281], [174.509885535102, -36.8792821579246], [174.509884936965, -36.8792882497933], [174.509884099144, -36.879294705257], [174.509883072935, -36.8793012802933], [174.509881886134, -36.8793076770957], [174.509880550312, -36.8793139135446], [174.509879065294, -36.8793199806287], [174.509877430901, -36.8793258693364], [174.50987564731, -36.8793315886792], [174.509873714522, -36.8793371386571], [174.509871632359, -36.8793425102585], [174.509869401176, -36.8793477215065], [174.509867009401, -36.8793527545206], [174.509864479646, -36.8793576180273], [174.509861800515, -36.8793623031575], [174.509858961148, -36.8793668280767], [174.509855983623, -36.879371174477], [174.509852845683, -36.8793753516548], [174.509849569763, -36.8793793593251], [174.50984613325, -36.8793831887614], [174.50984254754, -36.8793868488327], [174.50983881281, -36.8793903485504], [174.509834939745, -36.8793936607376], [174.509830962707, -36.8793968210125], [174.509827152155, -36.8793998890343], [174.509823564175, -36.8794028640904], [174.509820187729, -36.8794057553349], [174.509817022638, -36.8794085537561], [174.509814069079, -36.8794112683657], [174.509811326877, -36.8794138901521], [174.50980879603, -36.8794164191155], [174.509806476716, -36.8794188642672], [174.509804368936, -36.8794212256073], [174.509802461293, -36.8794234942669], [174.509800776401, -36.8794256789723], [174.509799302865, -36.8794277708546], [174.509798040862, -36.8794297789254], [174.509796990215, -36.8794316941731], [174.509796139706, -36.8794335167404], [174.509795511948, -36.8794352553535], [174.509795095724, -36.8794369101551], [174.509794890855, -36.8794384721336], [174.509794897519, -36.8794399503006], [174.509795115539, -36.8794413356446], [174.509795645517, -36.8794426088597], [174.509796532321, -36.8794437693757], [174.509797798388, -36.8794448169077], [174.509799409886, -36.8794457428717], [174.509801389429, -36.879446555994], [174.509803736839, -36.8794472472633], [174.509806441076, -36.8794478258335], [174.509809501963, -36.8794482826931], [174.509812942111, -36.8794486265684], [174.509816727691, -36.8794488488757], [174.509820881316, -36.8794489583411], [174.509825402807, -36.8794489459533], [174.509830281126, -36.8794488208662], [174.509835527311, -36.8794485739258], [174.509841130324, -36.879448214286], [174.509847101203, -36.8794477327927], [174.509853428908, -36.8794471385999], [174.509860124658, -36.8794464315651], [174.509867177057, -36.8794456028191], [174.509874597323, -36.8794446522195], [174.509882183543, -36.879443582332], [174.509889564833, -36.8794423618148], [174.509896718936, -36.8794409999646], [174.509903667931, -36.8794394784734], [174.509910389918, -36.8794378246607], [174.509916895579, -36.8794360113496], [174.509923185271, -36.879434056563], [174.509929258816, -36.8794319512896], [174.509935116391, -36.8794297045408], [174.509940746602, -36.8794273074478], [174.509946160666, -36.879424759868], [174.509951369977, -36.8794220706703], [174.509956340706, -36.8794192312711], [174.509961106683, -36.8794162502541], [174.509965656512, -36.8794131187505], [174.509969978977, -36.8794098369027], [174.50997409669, -36.8794064134373], [174.509977987038, -36.8794028396279], [174.509981661239, -36.8793991153318], [174.509985108252, -36.8793952497032], [174.509988384521, -36.8793912600523], [174.509991763875, -36.879387377256], [174.509995314506, -36.8793836455163], [174.509999025196, -36.8793800649756], [174.510002907164, -36.8793766354915], [174.510006949191, -36.8793733572065], [174.5100111511, -36.8793702211091], [174.510015524286, -36.8793672360682], [174.510020068927, -36.8793644110952], [174.51002477345, -36.8793617283098], [174.510029638032, -36.8793591967234], [174.510034673714, -36.8793568071819], [174.510039869634, -36.8793545778509], [174.51004523683, -36.8793524995762], [174.510050763908, -36.8793505634889], [174.510056462263, -36.879348778458], [174.510062320679, -36.8793471446259], [174.510068339154, -36.8793456619927], [174.510074528906, -36.8793443304158], [174.510080889935, -36.879343149895], [174.510087411024, -36.879342120573], [174.510094058698, -36.879341251889], [174.510100833135, -36.8793405528543], [174.510107700683, -36.8793400238966], [174.510114695171, -36.8793396735998], [174.510121793987, -36.8793394932374], [174.510129008349, -36.8793394826669], [174.510136338434, -36.8793396508996], [174.510143772847, -36.8793399890668], [174.510151311588, -36.8793404971683], [174.510158977093, -36.879341174919], [174.510166747103, -36.8793420316155], [174.510174621442, -36.8793430582463], [174.510182622544, -36.8793442545262], [174.510190728153, -36.8793456297518], [174.510198937912, -36.8793471659002], [174.510207263395, -36.8793488808517], [174.510215704602, -36.8793507746062], [174.510224261177, -36.8793528291408], [174.510232922259, -36.8793550626211], [174.510241699065, -36.8793574749043], [174.510250679381, -36.8793599657237], [174.510260116948, -36.8793623155242], [174.510270045239, -36.8793645148666], [174.5102804639, -36.8793665457279], [174.510291350851, -36.879368426416], [174.510302739567, -36.8793701474915], [174.510314596218, -36.8793717003707], [174.510326943593, -36.8793731027911], [174.510339770476, -36.8793743548951], [174.510353087728, -36.8793754385171], [174.51036688431, -36.879376362811], [174.510381171617, -36.8793771366455], [174.510395938252, -36.8793777511516], [174.51041118404, -36.8793781973175], [174.510426909334, -36.8793784931661], [174.510443125175, -36.8793786295431], [174.51045983174, -36.8793786154597], [174.510477006239, -36.8793784331781], [174.510494671284, -36.8793780914243], [174.510512827053, -36.8793775992095], [174.510531406418, -36.8793769664006], [174.510549741309, -36.8793764538755], [174.510567620016, -36.8793761364356], [174.510585042893, -36.8793760321041], [174.510602009587, -36.8793761228583], [174.510618520274, -36.8793764177098], [174.510634574777, -36.8793769076473], [174.510650173274, -36.8793776016825], [174.510665326982, -36.8793784996729], [174.51068001329, -36.8793795928926], [174.510694243769, -36.8793808992219], [174.510708018065, -36.8793824006381], [174.510721347395, -36.8793840969987], [174.510734209503, -36.8793859976007], [174.510746615605, -36.8793881023014], [174.510758576919, -36.8793904109585], [174.510770070832, -36.8793929148458], [174.51078110874, -36.8793956228324], [174.510791701861, -36.8793985347757], [174.510801827581, -36.8794016419497], [174.510811508514, -36.8794049530805], [174.510820855944, -36.8794084216848], [174.510830014101, -36.8794119648048], [174.510838983516, -36.8794156094752], [174.510847763835, -36.8794193376731], [174.510856355235, -36.8794231584098], [174.510864768756, -36.8794270625315], [174.510872982141, -36.8794310593348], [174.510881017824, -36.8794351485345], [174.510888853193, -36.8794393214045], [174.510896510861, -36.8794435866709], [174.51090397961, -36.8794479444765], [174.510911259262, -36.8794523858099], [174.510918361213, -36.8794569195399], [174.51092526285, -36.8794615369403], [174.510931986785, -36.8794662467373], [174.510938521802, -36.8794710490737], [174.510944856682, -36.8794759440921], [174.510951013683, -36.8794809224958], [174.510956981588, -36.8794859844275], [174.510962771968, -36.8794911477674], [174.510968361325, -36.8794963587321], [174.510973735598, -36.8795014732807], [174.510978905651, -36.8795064732477], [174.510983860444, -36.8795113677873], [174.510988599798, -36.879516147888], [174.510993134931, -36.8795208134071], [174.510997454627, -36.8795253644874], [174.511001558883, -36.8795298011288], [174.51100544788, -36.8795341323429], [174.511009132655, -36.8795383489756], [174.511012601991, -36.8795424511695], [174.511015856067, -36.8795464479362], [174.511018905744, -36.8795503211099], [174.51102174016, -36.8795540888565], [174.511024359137, -36.8795577421643], [174.511026762675, -36.8795612810336], [174.51102896217, -36.8795647143329], [174.511030946226, -36.8795680331936], [174.511032726061, -36.879571237473], [174.511034279239, -36.8795743274564], [174.511035639413, -36.879577302716], [174.511036964159, -36.8795801882887], [174.511038354434, -36.8795829828908], [174.511039787981, -36.8795856958191], [174.511041298096, -36.8795883086225], [174.511042851482, -36.879590839752], [174.511044470397, -36.8795932799109], [174.511046132406, -36.8795956293844], [174.511047871338, -36.879597896756], [174.511049653365, -36.8796000734423], [174.511051489703, -36.8796021593005], [174.511053391569, -36.8796041541881], [174.511055347924, -36.879606067259], [174.51105735859, -36.879607889502], [174.511059434786, -36.8796096207743], [174.511061554074, -36.8796112613611], [174.51106373907, -36.8796128199887], [174.511065978376, -36.8796142877883], [174.511068283211, -36.8796156646172], [174.511070631317, -36.8796169597722], [174.511073044775, -36.879618154945], [174.51107546945, -36.879619349975], [174.511077806872, -36.8796206723069], [174.511080068258, -36.879622121798], [174.51108224257, -36.8796237076023], [174.511084352063, -36.8796254204232], [174.511086374481, -36.8796272695574], [174.511088309645, -36.8796292459934], [174.511090179992, -36.8796313494459], [174.511091963264, -36.8796335892118], [174.51109365946, -36.8796359652909], [174.511095279443, -36.8796384595179], [174.511096834963, -36.8796410987842], [174.511098291836, -36.8796438564837], [174.511099684068, -36.8796467502111], [174.511100978007, -36.8796497803946], [174.511102207128, -36.8796529375945], [174.511103348996, -36.8796562220964], [174.511104415007, -36.8796596427689], [174.511105404981, -36.8796631906007], [174.511106307881, -36.8796668747458], [174.511107145607, -36.8796706678846], [174.511107937753, -36.8796744255481], [174.511108683965, -36.8796781297134], [174.511109395281, -36.8796817712265], [174.511110071879, -36.8796853590987], [174.511110702542, -36.8796888934727], [174.51111129831, -36.8796923651945], [174.51111185936, -36.8796957832755], [174.511112385693, -36.8796991477156], [174.511112865913, -36.8797024496461], [174.511113311415, -36.8797056979358], [174.511113722021, -36.8797088835732], [174.51111409791, -36.8797120155698], [174.511114427864, -36.8797150940682], [174.511114722923, -36.8797181099143], [174.511114983263, -36.8797210721197], [174.511115197491, -36.8797239718154], [174.511115377001, -36.8797268178703], [174.511115521794, -36.8797296102843], [174.511115631868, -36.8797323490576], [174.51111569583, -36.8797350253212], [174.511115850064, -36.879737727478], [174.511116163118, -36.879740517752], [174.511116646209, -36.8797433960008], [174.511117287942, -36.8797463533554], [174.511118099712, -36.8797493986847], [174.511119070302, -36.8797525321313], [174.511120210752, -36.8797557445412], [174.511121510022, -36.8797590450684], [174.511122968112, -36.8797624337129], [174.511124596061, -36.8797659013206], [174.511126394048, -36.8797694569029], [174.51112833946, -36.8797730917337], [174.511130466126, -36.8797768143965], [174.511132751613, -36.8797806251766], [174.511135195742, -36.8797845150625], [174.511137809909, -36.879788492923], [174.511140582896, -36.8797925589007], [174.511143514525, -36.8797967039842], [174.51114662741, -36.8798009368996], [174.511149887897, -36.8798052580749], [174.511153272309, -36.879809604715], [174.511156665986, -36.8798138520863], [174.511160046314, -36.8798179914625], [174.511163435729, -36.8798220225583], [174.511166811796, -36.879825945659], [174.511170196949, -36.8798297604794], [174.511173579794, -36.8798334581505], [174.511176949468, -36.879837056838], [174.511180328229, -36.8798405472452], [174.511183693464, -36.8798439206458], [174.511187067963, -36.8798471947775], [174.511190428936, -36.8798503519027], [174.511193799173, -36.8798534097589], [174.511197155884, -36.8798563506086], [174.511200521681, -36.8798591831779], [174.511203874131, -36.8798619077522], [174.511207235844, -36.8798645330576], [174.511210584031, -36.8798670413564], [174.511213941305, -36.8798694413748], [174.511217296447, -36.8798717332555], [174.511220661032, -36.8798739348788], [174.511224217911, -36.8798762151796], [174.51122802406, -36.879878618502], [174.511232079658, -36.8798811538573], [174.511236373486, -36.8798838213883], [174.511240927802, -36.8798866117981], [174.511245708953, -36.8798895255146], [174.51125075077, -36.8798925711213], [174.51125603064, -36.879895739892], [174.511261559958, -36.8798990406956], [174.511267338547, -36.8799024645204], [174.511273355367, -36.8799060205207], [174.511279621458, -36.8799096995421], [174.511286136819, -36.8799135015847], [174.511292890412, -36.8799174358026], [174.511299893453, -36.8799215020531], [174.511307145766, -36.8799256913246], [174.511314647349, -36.879930003617], [174.511322387164, -36.8799344480846], [174.51133037625, -36.8799390155731], [174.511338603568, -36.8799437152365], [174.511346822156, -36.8799485412027], [174.51135477419, -36.8799535057647], [174.511362470711, -36.8799585997687], [174.511369889462, -36.8799638325114], [174.511377041481, -36.8799691948388], [174.511383915551, -36.8799746868937], [174.511390534286, -36.879980317402], [174.511396886467, -36.8799860865066], [174.5114029607, -36.8799919853389], [174.511408779418, -36.8799980136132], [174.511414320366, -36.8800041806267], [174.511419594583, -36.8800104772252], [174.511424602246, -36.8800169124201], [174.511429343178, -36.8800234772001], [174.511433817556, -36.8800301805766], [174.511438025202, -36.8800370135382], [174.511441966118, -36.8800439760849], [174.511445629262, -36.880051077371], [174.511449037069, -36.880058317111], [174.511452166928, -36.880065686579], [174.511455141519, -36.8800731481593], [174.511458317669, -36.8800805891479], [174.511461728321, -36.880087973071], [174.511465396088, -36.8800953086544], [174.511469298711, -36.8801026051952], [174.511473436014, -36.8801098536817], [174.511477830432, -36.8801170538286], [174.511482459529, -36.8801242059211], [174.511487334523, -36.8801313098167], [174.511492444374, -36.8801383746694], [174.511497800122, -36.880145391325], [174.51150340159, -36.880152350772], [174.511509249311, -36.8801592800448], [174.511515331534, -36.8801661522517], [174.511521659654, -36.8801729762614], [174.51152823385, -36.8801797610852], [174.511535042725, -36.8801864978545], [174.511542097498, -36.8801931864264], [174.511549398169, -36.8801998268009], [174.511556933519, -36.8802064191207], [174.51156470355, -36.8802129633858], [174.511572482135, -36.8802193723355], [174.511580167429, -36.8802256021972], [174.511587782221, -36.8802316707081], [174.511595303544, -36.8802375511195], [174.511602743148, -36.8802432703229], [174.51161008946, -36.8802488104383], [174.511617365093, -36.8802541801916], [174.511624547611, -36.8802593798683], [174.511631648233, -36.8802644093257], [174.511638655562, -36.8802692596951], [174.511645592212, -36.8802739397025], [174.511652435569, -36.8802784406219], [174.511659197208, -36.8802827803335], [174.511665876771, -36.8802869408145], [174.511672474437, -36.8802909310763], [174.51167897881, -36.8802947422501], [174.511685401464, -36.8802983922163], [174.511691742043, -36.8803018629518], [174.511697989329, -36.8803051545994], [174.511704166112, -36.8803082848967], [174.511710497454, -36.8803112870349], [174.511717367058, -36.8803142733106], [174.51172477457, -36.8803172257005], [174.51173271999, -36.8803201442047], [174.511741214712, -36.8803230376918], [174.511750247519, -36.8803259063043], [174.511759818234, -36.8803287410307], [174.511769927034, -36.8803315508824], [174.511780573742, -36.8803343268476], [174.511791769753, -36.8803370777951], [174.511803492632, -36.88033980401], [174.511815764636, -36.8803424961954], [174.511828574725, -36.8803451635052], [174.51184193394, -36.8803477967851], [174.511855820023, -36.8803504053319], [174.51187025541, -36.8803529888597], [174.511885228704, -36.8803555384999], [174.511900740084, -36.8803580632635], [174.511916789372, -36.880360554139], [174.511933387963, -36.8803630199948], [174.511950412998, -36.8803654894352], [174.511967262286, -36.880368150398], [174.511983846619, -36.8803710310595], [174.512000165998, -36.8803741314199], [174.512016220601, -36.8803774604907], [174.512032010072, -36.8803810002491], [174.512047534767, -36.8803847687181], [174.512062794508, -36.8803887568864], [174.5120777779, -36.8803929558854], [174.512092507734, -36.8803973834526], [174.512106961397, -36.8804020308621], [174.512121150107, -36.8804068979712], [174.512135085259, -36.8804119936488], [174.512148744062, -36.8804173001576], [174.512162137911, -36.8804228263663], [174.512175255768, -36.8804285814292], [174.512188119712, -36.8804345470381], [174.512200718881, -36.8804407413586], [174.512213053096, -36.8804471553793], [174.512225111141, -36.8804537892432], [174.512236904055, -36.8804606337961], [174.51224845303, -36.8804676256722], [174.512259768039, -36.8804747016487], [174.512270826824, -36.8804818710225], [174.51228165182, -36.8804891335083], [174.512292231633, -36.8804964802374], [174.512302566439, -36.8805039202212], [174.512312667457, -36.8805114533172], [174.512322523291, -36.8805190706567], [174.512332134119, -36.8805267812512], [174.51234151098, -36.8805345759465], [174.512350642836, -36.8805424638969], [174.512359529684, -36.8805504451025], [174.512368182566, -36.8805585104091], [174.512376590442, -36.880566668971], [174.512384753311, -36.8805749207882], [174.512392670996, -36.8805832568494], [174.512400354892, -36.8805916860232], [174.512407793782, -36.8806002084525], [174.512414998704, -36.8806088149831], [174.51242195862, -36.8806175147693], [174.512428887907, -36.8806263681782], [174.512436305415, -36.8806355128248], [174.512444211145, -36.880644948709], [174.512452605453, -36.8806546938535], [174.512461499201, -36.8806647300925], [174.51247088135, -36.8806750665802], [174.512480751721, -36.880685694305], [174.512491121889, -36.8806966311468], [174.512501980281, -36.8807078592255], [174.512513338292, -36.8807193874095], [174.51252517331, -36.8807312069728], [174.512537519344, -36.8807433355098], [174.512550353602, -36.880755755283], [174.512563676087, -36.8807684662922], [174.512577487152, -36.8807814865602], [174.512591797662, -36.8807947979211], [174.512606596576, -36.8808084095288], [174.512621895113, -36.8808223212406], [174.512637682055, -36.8808365331988], [174.512653957226, -36.880851036392], [174.512670674154, -36.8808657502879], [174.512687324512, -36.8808799332192], [174.512703815003, -36.8808934060993], [174.512720111795, -36.8809061603452], [174.512736237324, -36.8809181956715], [174.512752191766, -36.8809295210895], [174.512767963725, -36.8809401277309], [174.512783564597, -36.8809500244643], [174.512798994203, -36.8809592022784], [174.512814241502, -36.8809676703275], [174.512829306318, -36.8809754196002], [174.512844200043, -36.8809824589653], [174.512858922501, -36.8809887794113], [174.512873462473, -36.8809943810812], [174.512887831354, -36.8809992728437], [174.512902017926, -36.8810034548417], [174.512916022011, -36.8810069180638], [174.512929866043, -36.8810096622245], [174.512943516547, -36.8810116967636], [174.512957007176, -36.8810130212529], [174.512970315316, -36.8810136269666], [174.512983398038, -36.8810141814669], [174.512996221851, -36.8810152620589], [174.513008786755, -36.8810168687424], [174.513021092574, -36.8810189925062], [174.513033139663, -36.8810216513733], [174.513044927666, -36.8810248273207], [174.513056445545, -36.881028529503], [174.513067715734, -36.8810327576343], [174.513078715798, -36.8810375120007], [174.513089468173, -36.8810427923163], [174.513099950424, -36.8810485988669], [174.513110173591, -36.8810549224984], [174.513120137851, -36.8810617722222], [174.513129843205, -36.8810691480383], [174.513139289653, -36.881077049947], [174.513148477196, -36.8810854779481], [174.513157394437, -36.8810944231732], [174.513166064167, -36.8811039033595], [174.513174463597, -36.8811139007698], [174.513182615339, -36.8811244241301], [174.513190642075, -36.8811354358228], [174.513199012278, -36.8811467946758], [174.513207782036, -36.8811584999745], [174.513216928736, -36.8811705429932], [174.513226463774, -36.8811829326005], [174.513236375933, -36.8811956689389], [174.51324668747, -36.8812087427112], [174.513257375951, -36.8812221542031], [174.513268441553, -36.881235912426], [174.513279906712, -36.8812500170938], [174.513291748816, -36.8812644594809], [174.513303979261, -36.8812792484556], [174.513316598046, -36.8812943840179], [174.513329604995, -36.8813098571561], [174.513342988889, -36.8813256680129], [174.513356761126, -36.881341825457], [174.513370910487, -36.8813583296308], [174.513385459232, -36.8813751712371], [174.513400385101, -36.881392359573], [174.513415699137, -36.881409885484], [174.513431366619, -36.8814276953297], [174.51344679428, -36.8814447240343], [174.513461806562, -36.8814606042715], [174.513476392424, -36.8814753451959], [174.513490540291, -36.8814889289276], [174.513504261914, -36.8815013823583], [174.513517556759, -36.8815126784538], [174.51353042518, -36.8815228352372], [174.513542866999, -36.8815318436972], [174.513554870998, -36.8815397039768], [174.51356645961, -36.8815464157904], [174.513577610579, -36.8815519884354], [174.513588334943, -36.8815564127575], [174.513598632701, -36.881559688757], [174.513608504032, -36.8815618254453], [174.513617948756, -36.8815628138112], [174.513626955656, -36.8815626539976], [174.513635535948, -36.8815613458619], [174.513643701028, -36.8815588982725], [174.513651428283, -36.881555302504], [174.51365872893, -36.8815505584135], [174.513665737393, -36.8815452231393], [174.513672635991, -36.8815400064429], [174.513679436297, -36.8815349262041], [174.513686127094, -36.8815299825659], [174.513692719422, -36.881525166374], [174.513699202064, -36.8815204777713], [174.513705575196, -36.8815159257692], [174.513711838642, -36.8815115013564], [174.513718003797, -36.8815072134013], [174.513724070483, -36.8815030528927], [174.513730016443, -36.8814990291276], [174.513735863934, -36.8814951328089], [174.513741612956, -36.8814913639366], [174.513747252469, -36.881487731665], [174.513752782474, -36.8814842359943], [174.513758202793, -36.8814808679129], [174.513763524643, -36.8814776272779], [174.513768736985, -36.8814745232438], [174.513773850859, -36.8814715466562], [174.513778855224, -36.8814687066694], [174.513783794417, -36.8814659756773], [174.513788901164, -36.8814632064954], [174.513794186503, -36.8814603899693], [174.513799673048, -36.8814575348244], [174.513805338185, -36.8814546323351], [174.513811193133, -36.8814516823586], [174.51381723789, -36.8814486848947], [174.513823472635, -36.881445648955], [174.513829885973, -36.8814425656707], [174.51383650016, -36.8814394257448], [174.513843293118, -36.8814362474857], [174.51385028728, -36.8814330306077], [174.513857459858, -36.8814297573737], [174.513864822244, -36.8814264366521], [174.513872374619, -36.8814230774544], [174.513880116803, -36.8814196707691], [174.51388803758, -36.8814162167391], [174.513896159383, -36.8814127150785], [174.513904459957, -36.8814091750845], [174.51391296138, -36.8814055784485], [174.51392164175, -36.8814019524904], [174.513930549675, -36.8813984858792], [174.51393971026, -36.8813953135006], [174.51394912297, -36.8813924083204], [174.513958776943, -36.8813897885042], [174.51396868322, -36.8813874448976], [174.513978841801, -36.8813853775006], [174.513989241645, -36.8813835954674], [174.513999905011, -36.8813820895007], [174.514010798246, -36.8813808600293], [174.51402195518, -36.8813799156356], [174.5140333532, -36.8813792475941], [174.514045003525, -36.8813788557616], [174.514056906331, -36.8813787491497], [174.514069050225, -36.8813789188898], [174.514081446423, -36.8813793648387], [174.514094095104, -36.8813800960078], [174.514106984872, -36.8813811035287], [174.514120126945, -36.8813823872582], [174.514133521501, -36.8813839562076], [174.514147157145, -36.8813858015086], [174.514160965325, -36.8813878609384], [174.514174775285, -36.8813900104811], [174.514188598243, -36.8813922499938], [174.514202411586, -36.881394570751], [174.514216226888, -36.8813969906324], [174.514230043614, -36.8813994826039], [174.514243873516, -36.8814020735568], [174.514257693625, -36.8814047367426], [174.514271515693, -36.8814074990528], [174.514285350581, -36.8814103423215], [174.514299176032, -36.881413275846], [174.514313003264, -36.8814162994834], [174.514326832099, -36.8814194042223], [174.514340673932, -36.8814225989311], [174.514354506151, -36.8814258748843], [174.514368340151, -36.8814292409504], [174.514382175931, -36.8814326971294], [174.514396024533, -36.8814362342669], [174.514409863697, -36.8814398616602], [174.514423704643, -36.8814435791664], [174.514437568916, -36.8814473414422], [174.51445161855, -36.881450830942], [174.514465875091, -36.8814540023225], [174.514480338182, -36.8814568375607], [174.51449500818, -36.8814593546795], [174.514509895946, -36.8814615355128], [174.514524979222, -36.8814633893581], [174.514540291483, -36.8814649067747], [174.514555799432, -36.8814661062147], [174.514571525149, -36.8814669693689], [174.514587457771, -36.8814675144032], [174.514603596942, -36.8814677232946], [174.514619954057, -36.8814676049115], [174.514636506682, -36.8814671595397], [174.514653288468, -36.8814663867503], [174.514670265585, -36.8814652779607], [174.514687460823, -36.8814638509076], [174.514704862609, -36.8814620877111], [174.514722471121, -36.8814599973827], [174.514740286358, -36.8814575799221], [174.514758319538, -36.8814548351863], [174.514776727171, -36.881452302003], [174.514795628913, -36.8814503574228], [174.514815036336, -36.8814490193253], [174.514834938223, -36.8814482878534], [174.514855334398, -36.8814481539952], [174.514876236256, -36.881448626619], [174.514897632403, -36.881449696856], [174.514919534055, -36.881451364563], [174.514941930175, -36.8814536388941], [174.514964820762, -36.881456519849], [174.514988216857, -36.881459998273], [174.515012107243, -36.8814640743087], [174.515036492098, -36.8814687569674], [174.515061382463, -36.8814740370941], [174.515086767299, -36.8814799238431], [174.515112657825, -36.881486417071], [174.515139042644, -36.881493507909], [174.515165921759, -36.8815011963568], [174.515193306565, -36.8815094912824], [174.515221185668, -36.881518383817], [174.515249116415, -36.8815276182078], [174.515275782955, -36.8815364721114], [174.515301127773, -36.8815448741524], [174.515325128791, -36.8815528426409], [174.515347797047, -36.881560368423], [174.515369132718, -36.881567460511], [174.515389135625, -36.8815741098942], [174.515407805767, -36.8815803165733], [174.515425143323, -36.8815860895604], [174.515441148113, -36.8815914198447], [174.515455820315, -36.8815963164381], [174.515469148533, -36.8816007704727], [174.515481155202, -36.881604781663], [174.515491818063, -36.8816083593068], [174.515501159374, -36.881611494107], [174.515509156878, -36.8816141953615], [174.515515821613, -36.881616453916], [174.51552115358, -36.8816182697708], [174.515525152956, -36.8816196519375], [174.515527819562, -36.8816205914047], [174.515529255784, -36.8816211589764], [174.515530666903, -36.8816221595269], [174.515532439485, -36.8816238495231], [174.515534584926, -36.8816262378333], [174.515537103047, -36.881629315446], [174.515539971415, -36.8816330826474], [174.515543212286, -36.8816375301398], [174.515546814977, -36.8816426851007], [174.515550790171, -36.8816485203525], [174.515555126829, -36.8816550450498], [174.515559824951, -36.8816622591926], [174.515564895934, -36.881670171649], [174.515570328382, -36.8816787735507], [174.515576122117, -36.8816880558862], [174.515582277495, -36.8816980366784], [174.515588805556, -36.8817087067726], [174.515595706302, -36.8817200661687], [174.515602957474, -36.8817321241644], [174.515610581152, -36.8817448624504], [174.515618566298, -36.8817582901812], [174.515626924306, -36.8817724162251], [174.515635309742, -36.8817867943026], [174.51564333087, -36.8818009066152], [174.515650999265, -36.8818147710428], [174.515658314748, -36.8818283785741], [174.515665277318, -36.881841729209], [174.515671875759, -36.8818548230909], [174.515678121287, -36.8818676600765], [174.515684002685, -36.8818802403092], [174.515689542388, -36.8818925635027], [174.515694706919, -36.8819046390979], [174.515699529577, -36.8819164486426], [174.515703988282, -36.881928010446], [174.515708093894, -36.8819393063421], [174.515711846771, -36.8819503543539], [174.515715235515, -36.881961145613], [174.515718271167, -36.8819716709649], [174.515720954082, -36.8819819484326], [174.515723272865, -36.8819919691478], [174.515725238732, -36.8820017329673], [174.515726840645, -36.8820112490458], [174.515728146444, -36.882020543559], [174.515729339709, -36.8820298214803], [174.515730454451, -36.8820391004033], [174.515731490669, -36.8820483803281], [174.515732448185, -36.8820576522431], [174.515733316137, -36.8820669343145], [174.515734105566, -36.8820762173877], [174.51573481647, -36.8820855014625], [174.515735448851, -36.8820947865391], [174.51573599149, -36.8821040727607], [174.515736455605, -36.8821133599839], [174.515736841196, -36.8821226482089], [174.515737148263, -36.8821319374357], [174.515737376806, -36.8821412276642], [174.515737515607, -36.8821505190376], [174.515737575705, -36.8821598024013], [174.515737557458, -36.8821690957783], [174.515737460686, -36.8821783901569], [174.515737274173, -36.8821876856805], [174.515737009135, -36.8821969822058], [174.515736677147, -36.8822062976127], [174.515736512005, -36.8822161066455], [174.515736630342, -36.8822266331594], [174.515737043375, -36.8822378770111], [174.515737739708, -36.8822498293323], [174.515738708124, -36.8822624902662], [174.515739971236, -36.8822758685379], [174.515741517649, -36.8822899552791], [174.515743347719, -36.8823047685127], [174.515745460913, -36.8823202812043], [174.515747857586, -36.8823365113767], [174.515750548956, -36.8823534588868], [174.515753512411, -36.8823711150095], [174.515756759347, -36.8823894886129], [174.515760300803, -36.8824085705424], [174.51576412574, -36.8824283699527], [174.51576823398, -36.8824488778322], [174.515772625702, -36.8824701031923], [174.51577728951, -36.8824920371646], [174.515782259237, -36.8825146883312], [174.51578750105, -36.8825380481099], [174.515792958322, -36.8825615223178], [174.515798509068, -36.8825840488923], [174.515804142071, -36.8826056279767], [174.515809868193, -36.8826262414048], [174.515815687789, -36.8826459071995], [174.515821600503, -36.882664607338], [174.515827595295, -36.8826823509748], [174.515833672344, -36.8826991471215], [174.515839853727, -36.8827149774687], [174.515846117188, -36.8827298513143], [174.515852462905, -36.8827437776696], [174.515858901738, -36.8827567383687], [174.515865433866, -36.882768742423], [174.515872059289, -36.8827797898324], [174.515878766788, -36.8827898807402], [174.515885567581, -36.8827990150032], [174.51589245045, -36.8828071927644], [174.515899426613, -36.8828144138808], [174.515906496069, -36.8828206783523], [174.515913647601, -36.8828259863222], [174.51592091682, -36.8828304364868], [174.515928427845, -36.8828346311816], [174.515936205782, -36.8828387052919], [174.515944250097, -36.8828426317835], [174.515952561325, -36.8828464376905], [174.51596113911, -36.88285010499], [174.515969994669, -36.8828536335388], [174.515979105744, -36.8828570326346], [174.515988494772, -36.882860301991], [174.515998139139, -36.8828634328828], [174.516008061279, -36.8828664250237], [174.516018250155, -36.8828692875682], [174.516028705764, -36.8828720205162], [174.51603942793, -36.8828746148562], [174.516050416831, -36.8828770795996], [174.516061672287, -36.8828794057348], [174.516073194478, -36.8828816022732], [174.516084994443, -36.8828836600602], [174.516097049924, -36.8828855883934], [174.516109383358, -36.8828873869865], [174.516121983347, -36.882889046971], [174.5161347281, -36.8828906510245], [174.516147562596, -36.8828922539315], [174.516160475795, -36.8828938648464], [174.516173467342, -36.8828954657464], [174.516186537593, -36.8828970746542], [174.516199697408, -36.882898673404], [174.516212935749, -36.8829002711501], [174.516226252794, -36.8829018769041], [174.516239648186, -36.8829034726431], [174.516253133322, -36.8829050672352], [174.516266697161, -36.882906669835], [174.516280339347, -36.8829082624197], [174.516294060059, -36.8829098540007], [174.516307859474, -36.8829114535893], [174.516321748455, -36.8829130430195], [174.51633571614, -36.8829146404573], [174.516349762171, -36.8829162278799], [174.516363897946, -36.8829178141553], [174.516378112425, -36.8829194084383], [174.516392394033, -36.8829209928492], [174.516406697543, -36.8829225499375], [174.516420808389, -36.8829240103324], [174.516434737433, -36.8829253558676], [174.516448462417, -36.8829265958412], [174.516462005777, -36.8829277299667], [174.516475356473, -36.882928767399], [174.516488514149, -36.8829296901151], [174.5165014902, -36.8829305069835], [174.516514262191, -36.8829312182905], [174.51652684134, -36.882931823893], [174.516539238865, -36.8829323236479], [174.516551443547, -36.8829327176985], [174.516563455386, -36.8829330060448], [174.516575274383, -36.8829331886868], [174.516586900359, -36.8829332566132], [174.516598333671, -36.8829332278469], [174.51660957414, -36.8829330933765], [174.516620632806, -36.8829328440476], [174.516631498807, -36.882932498026], [174.51664216057, -36.8829320374324], [174.516652686292, -36.8829315064647], [174.516663451511, -36.8829311707405], [174.516674570187, -36.8829311189422], [174.516686053183, -36.8829313329035], [174.516697889815, -36.882931839802], [174.516710079549, -36.8829326126032], [174.516722622741, -36.8829336693298], [174.516735530431, -36.8829350008271], [174.516748802797, -36.8829366161064], [174.516762417048, -36.8829384974311], [174.516776395976, -36.8829406625375], [174.516790739581, -36.8829431114256], [174.516805425249, -36.8829458353701], [174.516820475416, -36.8829488340846], [174.516835890083, -36.8829521075688], [174.516851646991, -36.8829556651204], [174.5168677684, -36.8829594974416], [174.516884243268, -36.8829636136867], [174.516901082459, -36.8829679956896], [174.516918275289, -36.8829726706275], [174.516935821223, -36.8829776114661], [174.516991612093, -36.8829969726749], [174.517045572323, -36.8830156812034], [174.517097701554, -36.8830337190311], [174.517147988922, -36.8830511043267], [174.517196445286, -36.8830678189265], [174.517243059782, -36.8830838809989], [174.517287843448, -36.8830992813914], [174.517330796102, -36.8831140110947], [174.517371906882, -36.8831280882771], [174.517411175607, -36.883141503929], [174.517448624711, -36.8831542577657], [174.517484231757, -36.8831663500756], [174.517517996921, -36.8831777898719], [174.517549931062, -36.8831885589899], [174.517580034358, -36.8831986664427], [174.517608295767, -36.8832081213863], [174.517634726149, -36.883216905656], [174.517659314643, -36.8832250374192], [174.517682072106, -36.8832324985109], [174.517702987679, -36.8832393070984], [174.517722072398, -36.8832454540279], [174.517739337481, -36.883250939157], [174.517755615728, -36.8832558870534], [174.517771503648, -36.8832603892482], [174.517787023499, -36.8832644364435], [174.517802141806, -36.8832680380808], [174.517816892221, -36.8832711937303], [174.51783125213, -36.8832738946673], [174.517845232751, -36.8832761407487], [174.517858823222, -36.8832779501408], [174.517872034225, -36.8832792956661], [174.517884855079, -36.8832802045024], [174.517897296643, -36.8832806584836], [174.517909358918, -36.8832806576098], [174.517921031042, -36.8832802200474], [174.517932323697, -36.8832793186189], [174.517943237419, -36.8832779803586], [174.517953760633, -36.8832761873872], [174.517963904556, -36.8832739395614], [174.517973658149, -36.883271246036], [174.51798303263, -36.8832681066679], [174.51799202782, -36.8832645124457], [174.51800063268, -36.8832604725242], [174.518008858427, -36.8832559867602], [174.518017036982, -36.8832513844204], [174.518025294775, -36.8832468171224], [174.518033654241, -36.8832422845796], [174.518042104164, -36.8832377869354], [174.518050655938, -36.8832333330577], [174.51805929799, -36.8832289050671], [174.518068030676, -36.8832245209864], [174.518076853819, -36.8832201718041], [174.518085778634, -36.8832158573769], [174.518094793906, -36.8832115778481], [174.518103910851, -36.8832073330743], [174.518113118431, -36.8832031322102], [174.518122416466, -36.8831989662446], [174.518131816175, -36.8831948350339], [174.51814130634, -36.8831907387214], [174.518150886961, -36.8831866773072], [174.518160558037, -36.8831826507913], [174.518170330966, -36.8831786680417], [174.51818019435, -36.8831747201902], [174.51819015923, -36.8831707980822], [174.518200214744, -36.8831669198838], [174.518210349674, -36.8831630857382], [174.518220417296, -36.8831592524519], [174.518230327866, -36.8831554211717], [174.518240115039, -36.8831515914675], [174.518249745161, -36.8831477637694], [174.518259240667, -36.8831439377908], [174.518268601558, -36.8831401135318], [174.518277816615, -36.8831362911355], [174.518286897235, -36.8831324794703], [174.518295831843, -36.8831286606566], [174.518304631837, -36.8831248435626], [174.518313285996, -36.8831210283315], [174.518321805541, -36.8831172148201], [174.518330179252, -36.8831134031718], [174.518338418348, -36.8831095932433], [174.518346511789, -36.8831057941893], [174.518354459219, -36.883101987987], [174.518362272033, -36.8830981835046], [174.518369950233, -36.883094380742], [174.518377482599, -36.8830905798427], [174.51838488035, -36.8830867806632], [174.518392132268, -36.8830829833471], [174.518399249749, -36.8830791967623], [174.51840626841, -36.8830755196047], [174.518413188787, -36.8830719789084], [174.518420021919, -36.8830685655187], [174.518426767985, -36.8830652884471], [174.518433415588, -36.8830621388256], [174.518439987342, -36.8830591253787], [174.518446449594, -36.8830562485367], [174.518452835819, -36.883053498858], [174.51845912376, -36.8830508856408], [174.518465324457, -36.8830483997304], [174.518471426869, -36.8830460502814], [174.518477442037, -36.8830438281393], [174.518483370139, -36.8830417423152], [174.518489199957, -36.8830397929528], [174.51849494253, -36.8830379708971], [174.518500598038, -36.8830362851597], [174.518506155083, -36.8830347268725], [174.518511625062, -36.8830333049035], [174.518517007976, -36.8830320192528], [174.518522303645, -36.8830308609089], [174.51852750103, -36.8830298390266], [174.518532622568, -36.8830289533193], [174.518537780972, -36.8830282293874], [174.518542976242, -36.8830276672309], [174.51854823117, -36.883027284586], [174.518553534183, -36.8830270635732], [174.518558896677, -36.8830270130604], [174.518564296215, -36.8830271333345], [174.518569755234, -36.8830274241086], [174.518575251119, -36.8830278766582], [174.518580806485, -36.8830284997078], [174.518586410113, -36.8830292934008], [174.518592073044, -36.8830302485824], [174.518597773199, -36.8830313835623], [174.518603532656, -36.8830326800308], [174.518609329158, -36.883034147286], [174.518615184962, -36.8830357760298], [174.518621100425, -36.8830375842851], [174.518627052756, -36.8830395543156], [174.518633053349, -36.8830416949895], [174.518639113246, -36.883043997152], [174.518645221584, -36.8830464789693], [174.518651378006, -36.8830491224185], [174.518657526246, -36.883051919205], [174.518663462596, -36.8830547817957], [174.518669130789, -36.8830577018961], [174.518674542221, -36.8830606883742], [174.518679707932, -36.8830637320752], [174.518684605485, -36.883066833286], [174.518689257495, -36.8830700007313], [174.518693652565, -36.883073225543], [174.518697790697, -36.8830765077212], [174.51870166067, -36.8830798474093], [174.518705285101, -36.883083253332], [174.518708652413, -36.8830867076097], [174.518711762964, -36.8830902282655], [174.518714627972, -36.8830938151559], [174.518717224644, -36.8830974505449], [174.518719564555, -36.8831011523119], [174.518721647526, -36.8831049114456], [174.518723484775, -36.8831087278026], [174.518725054045, -36.883112610681], [174.518726377594, -36.8831165507828], [174.518727444202, -36.8831205482512], [174.51872825387, -36.8831246030863], [174.518728861795, -36.883128669514], [174.518729477368, -36.8831325555697], [174.518730111628, -36.8831362520984], [174.518730764754, -36.8831397681117], [174.518731447607, -36.8831430854434], [174.518732138107, -36.8831462224029], [174.518732858512, -36.8831491696922], [174.518733586386, -36.8831519275981], [174.518734344344, -36.883154504845], [174.518735120811, -36.8831568835537], [174.518735904925, -36.8831590818903], [174.518736718945, -36.8831610905567], [174.518737562869, -36.8831629095528], [174.518738414263, -36.8831645391654], [174.518739284343, -36.8831659792511], [174.518740173111, -36.88316722981], [174.518741080745, -36.8831682998534], [174.518742018283, -36.8831691802265], [174.518742963291, -36.8831698712162], [174.518743938203, -36.8831703725356], [174.518744931803, -36.8831706843281], [174.518745932872, -36.8831708067371], [174.518746942838, -36.8831708118541], [174.518747874814, -36.8831708450092], [174.518748740376, -36.8831709240818], [174.518749539166, -36.8831710310491], [174.518750271542, -36.883171183934], [174.518750926106, -36.8831713738683], [174.518751514077, -36.8831716007088], [174.518752035633, -36.8831718734669], [174.518752490417, -36.8831721741196], [174.518752867569, -36.8831725208333], [174.518753189167, -36.8831728952983], [174.518753421915, -36.8831733159676], [174.518753599287, -36.8831737733996], [174.518753710245, -36.8831742767492], [174.518753743213, -36.8831748081369], [174.518753698548, -36.8831753855855], [174.518753598508, -36.8831759997969], [174.518753420478, -36.8831766420464], [174.51875318743, -36.8831773390814], [174.518752865174, -36.8831780642979], [174.518752487543, -36.8831788262772], [174.518752043498, -36.883179634174], [174.518751512387, -36.8831805783895], [174.518750931077, -36.8831818206992], [174.518750266094, -36.8831833705448], [174.518749540051, -36.8831852366509], [174.518748752592, -36.8831874009946], [174.518747881458, -36.8831898728742], [174.518746949087, -36.8831926520029], [174.51874594426, -36.8831957385241], [174.518744878195, -36.8831991322943], [174.518743739496, -36.8832028244456], [174.518742528519, -36.8832068330007], [174.518741256304, -36.883211148805], [174.518739900236, -36.8832157631336], [174.518738494327, -36.8832206935793], [174.518737004565, -36.8832259225495], [174.518735453743, -36.8832314677801], [174.518733830287, -36.8832373113918], [174.518732145593, -36.8832434622525], [174.518730377224, -36.883249920649], [174.518728559014, -36.8832566951626], [174.518726656951, -36.8832637682007], [174.518724693649, -36.8832711484877], [174.518722666253, -36.8832786918409], [174.518720571192, -36.8832862180316], [174.518718420041, -36.8832937449392], [174.518716201404, -36.8833012636957], [174.51871392632, -36.8833087651462], [174.518711594967, -36.8833162583023], [174.518709196129, -36.8833237433073], [174.518706741021, -36.8833312200178], [174.518704229646, -36.8833386884338], [174.518701650605, -36.8833461396872], [174.518699004078, -36.8833535827895], [174.518696301461, -36.8833610266087], [174.518693542397, -36.883368453122], [174.518690726885, -36.8833758623293], [174.518687844066, -36.8833832723969], [174.518684893582, -36.883390665302], [174.518681887008, -36.8833980589239], [174.518678823986, -36.8834054352399], [174.518675693478, -36.8834128034047], [174.518672506701, -36.883420163275], [174.518669263478, -36.8834275058393], [174.518665952946, -36.8834348492638], [174.518662741946, -36.8834421193063], [174.518659753341, -36.8834492873551], [174.518656997992, -36.8834563352441], [174.518654465036, -36.8834632811394], [174.518652165515, -36.8834701158862], [174.518650076813, -36.8834768307601], [174.518648232942, -36.8834834433535], [174.518646611287, -36.8834899449419], [174.518645211849, -36.8834963355253], [174.518644034626, -36.8835026151037], [174.518643102235, -36.8835087924018], [174.518642380663, -36.8835148498269], [174.518641892526, -36.8835207961035], [174.518641626784, -36.8835266403867], [174.518641594298, -36.88353236451], [174.518641784207, -36.8835379866398], [174.518642207373, -36.8835434886097], [174.518642852934, -36.8835488885861], [174.518643720711, -36.8835541775575], [174.518644821923, -36.8835593553805], [174.518646145352, -36.8835644221986], [174.518647702216, -36.8835693778682], [174.518649270477, -36.8835743424058], [174.518650750601, -36.8835793891934], [174.51865214241, -36.8835845092196], [174.518653445903, -36.8835897024843], [174.518654650041, -36.8835949781424], [174.518655765686, -36.8836003180276], [174.518656793372, -36.8836057491743], [174.518657721347, -36.8836112446915], [174.518658561185, -36.8836168224587], [174.518659301489, -36.8836224736079], [174.518659964874, -36.8836282068636], [174.518660517508, -36.8836340136448], [174.518660993044, -36.8836398935211], [174.518661369226, -36.8836458557908], [174.518661656913, -36.8836518822877], [174.518661856642, -36.883658000046], [174.518661956659, -36.8836641821749], [174.518661968539, -36.8836704465538], [174.518661880886, -36.8836767843146], [174.518661716313, -36.8836832041821], [174.518661440989, -36.883689697575], [174.518661077527, -36.8836962732178], [174.518660437008, -36.8837030236627], [174.518659464592, -36.8837100127065], [174.518658126445, -36.883717231768], [174.518656456221, -36.8837246804171], [174.518654431486, -36.8837323589405], [174.518652063455, -36.8837402671947], [174.51864935213, -36.8837484051798], [174.518646286292, -36.8837567730392], [174.518642877158, -36.8837653706293], [174.51863912473, -36.8837741979503], [174.518635029006, -36.883783255002], [174.518630578769, -36.8837925419279], [174.518625785236, -36.8838020585844], [174.518620648407, -36.8838118049716], [174.518615168282, -36.8838217810895], [174.518609333643, -36.8838319870812], [174.518603155708, -36.8838424228036], [174.518596634476, -36.8838530882563], [174.518589769947, -36.8838639834395], [174.518582550903, -36.8838751084965], [174.518574988562, -36.8838864632837], [174.518567127081, -36.883898011182], [174.518559518436, -36.8839092944504], [174.518552350119, -36.8839201484457], [174.518545622309, -36.8839305821795], [174.518539335185, -36.8839406046633], [174.518533477172, -36.8839501980177], [174.518528048627, -36.8839593802654], [174.51852306059, -36.8839681422519], [174.518518513062, -36.8839764839772], [174.518514394825, -36.8839844055847], [174.518510717274, -36.8839919159424], [174.518507480054, -36.8839989970276], [174.518504672304, -36.8840056670065], [174.518502305063, -36.8840119167244], [174.518500367114, -36.8840177463246], [174.518498869674, -36.8840231556638], [174.518497801525, -36.8840281448854], [174.518497185283, -36.8840327227141], [174.518496986936, -36.8840368715572], [174.518497240496, -36.8840406090073], [174.518497923348, -36.8840439263398], [174.518499035492, -36.8840468235547], [174.518500555384, -36.8840493459959], [174.518502210249, -36.8840518847394], [174.518503934208, -36.884054512737], [174.518505727259, -36.8840572299885], [174.5185076008, -36.8840600453621], [174.518509543434, -36.8840629499898], [174.51851155534, -36.8840659528828], [174.518513636339, -36.8840690450299], [174.518515786609, -36.8840722354424], [174.518518017191, -36.8840755149655], [174.518520316865, -36.8840788837426], [174.51852269703, -36.8840823506417], [174.518525135069, -36.8840859069381], [174.518527653599, -36.8840895613567], [174.518530241221, -36.8840933050291], [174.518532897937, -36.8840971379556], [174.518535635143, -36.884101069004], [174.51853844162, -36.8841050983178], [174.518541317012, -36.8841092078742], [174.518544261676, -36.8841134156959], [174.51854728683, -36.8841177216396], [174.518550369859, -36.8841221169806], [174.518553521982, -36.8841266015755], [174.518556641522, -36.884131140669], [174.518559706221, -36.8841357435595], [174.51856272712, -36.8841404010919], [174.518565704397, -36.8841451222778], [174.518568648912, -36.884149888951], [174.51857152737, -36.8841547195643], [174.518574373244, -36.8841596046764], [174.518577164278, -36.8841645535853], [174.518579922551, -36.8841695479815], [174.518582625984, -36.8841746061745], [174.518585285615, -36.8841797190096], [174.518587901447, -36.8841848864867], [174.518590462437, -36.8841901177607], [174.518592990845, -36.8841954035334], [174.518595464235, -36.8842007440916], [174.518597893823, -36.8842061392918], [174.518600279789, -36.8842115981456], [174.518602621955, -36.8842171116414], [174.518604909101, -36.8842226799227], [174.518607163665, -36.8842283027027], [174.518609363389, -36.8842339892796], [174.518611520025, -36.8842397665443], [174.518613603134, -36.8842457971328], [174.51861563533, -36.8842520897696], [174.518617594176, -36.8842586447416], [174.518619490891, -36.8842654619054], [174.518621314435, -36.8842725504158], [174.518623087065, -36.8842799009747], [174.518624786168, -36.8842875048572], [174.518626423318, -36.8842953799431], [174.518627987297, -36.8843035263755], [174.518629500184, -36.8843119258449], [174.518630939901, -36.8843205966609], [174.518632317307, -36.8843295206573], [174.518633621543, -36.8843387160003], [174.518634863648, -36.8843481735351], [174.518636043799, -36.8843579022732], [174.518637161641, -36.8843678841916], [174.51863821753, -36.8843781373133], [174.51863919989, -36.8843886437588], [174.518640120298, -36.8843994214075], [174.518640978754, -36.8844104702594], [174.518641774899, -36.8844217722917], [174.518642607376, -36.8844332090653], [174.518643760715, -36.8844444163946], [174.518645268391, -36.8844553848382], [174.51864711883, -36.8844660965165], [174.518649323427, -36.8844765602974], [174.518651859748, -36.8844867764679], [174.518654750229, -36.8844967447411], [174.51865798365, -36.8845064652603], [174.518661571053, -36.8845159288707], [174.518665490358, -36.8845251538819], [174.518669774862, -36.8845341218408], [174.518674391268, -36.8845428512005], [174.518679350438, -36.8845513237946], [174.518684663767, -36.8845595484912], [174.518690320217, -36.884567534445], [174.518696319431, -36.884575263633], [174.518702672804, -36.8845827449234], [174.51870936912, -36.8845899784594], [174.518716408199, -36.8845969552295], [174.518723790398, -36.8846036932566], [174.518731526758, -36.8846101833857], [174.518739594664, -36.8846164168921], [174.518747917016, -36.8846224668711], [174.518756260021, -36.8846284264484], [174.518764624214, -36.8846343226582], [174.518773020455, -36.8846401373343], [174.518781426488, -36.8846458797749], [174.518789864748, -36.8846515496933], [174.51879831262, -36.8846571383647], [174.51880679272, -36.8846626545139], [174.518815293651, -36.8846680892727], [174.518823804372, -36.884673451796], [174.518832347321, -36.8846787417971], [174.518840911279, -36.8846839594192], [174.518849496068, -36.884689095651], [174.518858113083, -36.8846941593604], [174.518866739712, -36.884699141823], [174.518875387349, -36.8847040519066], [174.518884067213, -36.8847088894679], [174.518892756868, -36.8847136547936], [174.518901478572, -36.8847183385856], [174.518910209888, -36.8847229411306], [174.51891897361, -36.8847274801647], [174.518927758162, -36.8847319378084], [174.518936599877, -36.8847364488029], [174.518945569991, -36.8847412105391], [174.51895465693, -36.8847462051375], [174.518963872089, -36.8847514414661], [174.518973204431, -36.8847569286796], [174.518982653597, -36.8847626487553], [174.518992231162, -36.8847686195726], [174.519001925732, -36.8847748322632], [174.519011748523, -36.884781286684], [174.519021688318, -36.8847879829781], [174.519031756334, -36.8847949210021], [174.519041941355, -36.8848021008995], [174.51905224338, -36.8848095226702], [174.519062673805, -36.8848171951822], [174.519073221057, -36.884825100556], [174.51908389671, -36.884833256671], [174.519094689188, -36.8848416456478], [174.51910559885, -36.884850285509], [174.519116636735, -36.8848591671], [174.519127791625, -36.884868290564], [174.519139074739, -36.8848776557575], [174.519150474858, -36.8848872628241], [174.519192673235, -36.884941436466], [174.519280823348, -36.885097616535], [174.519373033992, -36.8852095413679], [174.519400039154, -36.8852812516069], [174.519468222037, -36.8854552545964], [174.519516852263, -36.8856244328973], [174.519520757797, -36.8857993931275], [174.519543415866, -36.8859535081687], [174.519559555171, -36.8861025597499], [174.519844817219, -36.8863333844284]]}, "properties": {"OBJECTID": 3052, "TRACKNAME": "Whatitiri Track", "CONDITIONSOFUSE": "Waitakere North Regional Park", "STATUS": "Closed upgrade", "WEBLINK": "https://www.aucklandcouncil.govt.nz/en/parks-recreation/find-park-beach/park-detail/3407.html", "VALIDATIONSTATE": 3, "created_user": "AC_owner", "last_edited_user": "AC_owner", "last_edited_date": 1789875254325, "created_date": 1789875254325, "PARK_SAPSITEID": null, "TRACK_ID": null, "KAURIDIEBACK_TRACK": null, "KAURIDIEBACK_MITIGATED": null, "SegmentID": null, "GlobalID": "f5becdac-a505-4d4f-a878-219fb930acc9", "Shape__Length": 2412.0802564404967}}, {"type": "Feature", "id": 12643, "geometry": {"type": "LineString", "coordinates": [[174.499735428826, -36.8787570523856], [174.499854622387, -36.8788380596153], [174.499919496807, -36.8788575486231], [174.499945796754, -36.878866726109], [174.499988781053, -36.8788736107837], [174.499997770925, -36.8788754622862], [174.500006054985, -36.8788773677674], [174.500013644452, -36.8788793270858], [174.500020527932, -36.8788813313715], [174.5000267056, -36.8788833896364], [174.500032188851, -36.8788855107503], [174.500036966114, -36.878887676832], [174.500041048607, -36.8788898877399], [174.500044414248, -36.8788921617804], [174.500047096335, -36.8788944805057], [174.50004906157, -36.8788968623636], [174.500050332035, -36.8788992890479], [174.500050896687, -36.8789017697119], [174.500050755352, -36.878904295344], [174.500049919599, -36.8789068838255], [174.500048377858, -36.8789095172752], [174.500046343082, -36.8789121839907], [174.500044554558, -36.8789148205559], [174.500043101498, -36.8789173988035], [174.500041961642, -36.8789199280281], [174.500041146384, -36.8789224170997], [174.500040655547, -36.8789248570068], [174.500040489133, -36.8789272477493], [174.50004064714, -36.8789295893273], [174.500041118352, -36.8789318818824], [174.50004192538, -36.8789341341429], [174.500043056829, -36.8789363372388], [174.500044501307, -36.8789384823003], [174.50004627056, -36.8789405962203], [174.500048375275, -36.8789426518225], [174.500050793195, -36.8789446584018], [174.500053535714, -36.878946624828], [174.500056602655, -36.8789485420895], [174.500059994017, -36.8789504101864], [174.500063709802, -36.8789522291186], [174.500067750009, -36.878953998886], [174.500072114638, -36.8789557194887], [174.500076881506, -36.8789573538892], [174.500082083559, -36.8789588656165], [174.500087709757, -36.8789602638237], [174.500093771316, -36.8789615483691], [174.50010025702, -36.8789627193943], [174.500107166868, -36.8789637768992], [174.500114523295, -36.8789647206004], [174.500122303866, -36.8789655507812], [174.500130508582, -36.8789662674414], [174.500139148483, -36.8789668614279], [174.500148223921, -36.8789673507635], [174.500157723504, -36.8789677265783], [174.500167658273, -36.878967979719], [174.500178017361, -36.8789681283503], [174.500188811635, -36.8789681543072], [174.500200030229, -36.8789680757544], [174.500211684008, -36.878967874527], [174.500223773325, -36.8789675686481], [174.500236286609, -36.878967140236], [174.500249224037, -36.8789665983021], [174.50026231745, -36.8789660003148], [174.500275108523, -36.8789654331849], [174.500287608121, -36.8789648787478], [174.500299805379, -36.8789643551683], [174.500311711514, -36.8789638623049], [174.50032332635, -36.8789633911461], [174.500334627452, -36.8789629419754], [174.50034564865, -36.8789625233793], [174.500356367331, -36.8789621266297], [174.500366783496, -36.8789617517267], [174.500376908539, -36.8789614075403], [174.500386731242, -36.8789610942121], [174.50039626247, -36.8789607935776], [174.500405491534, -36.878960532813], [174.500414429123, -36.8789602847423], [174.500423064372, -36.8789600675301], [174.500431397282, -36.8789598811765], [174.500439449934, -36.8789597073753], [174.500447200423, -36.8789595734443], [174.500454648219, -36.8789594523491], [174.500461827857, -36.8789593887224], [174.500468931795, -36.878959470271], [174.500475994389, -36.8789597326162], [174.500483004248, -36.878960166888], [174.500489950329, -36.8789607822396], [174.500496854891, -36.8789615693763], [174.500503717935, -36.8789625282979], [174.500510517024, -36.8789636592879], [174.500517274595, -36.878964962063], [174.500523968389, -36.8789664459179], [174.500530620665, -36.8789681015579], [174.50053722038, -36.8789699381361], [174.50054376736, -36.878971946641], [174.500550272821, -36.878974126931], [174.500556725546, -36.8789764791477], [174.500563114318, -36.8789790034329], [174.500569461748, -36.8789817085146], [174.500575756442, -36.8789845855231], [174.500582009794, -36.8789876433283], [174.500588199017, -36.8789908641903], [174.500594346898, -36.878994265849], [174.50060037421, -36.8789978132499], [174.500606235907, -36.8790014979483], [174.500611931813, -36.8790053109327], [174.500617484364, -36.8790092519198], [174.500622860082, -36.8790133303461], [174.50062809262, -36.8790175457866], [174.500633159367, -36.8790218895131], [174.500638060324, -36.8790263615258], [174.500642806883, -36.8790309706944], [174.500647387651, -36.8790357081491], [174.50065182524, -36.8790405826181], [174.50065608582, -36.879045585515], [174.500660191826, -36.8790507165564], [174.500664143435, -36.8790559847538], [174.50066792943, -36.879061390249], [174.500671560851, -36.8790669238887], [174.500675026481, -36.8790725858146], [174.500678337713, -36.8790783848967], [174.500681483331, -36.8790843212765], [174.500684474375, -36.8790903858009], [174.500687455261, -36.879096504536], [174.500690737076, -36.879102520319], [174.500694342079, -36.879108423855], [174.500698281312, -36.8791142059907], [174.500702532691, -36.8791198850325], [174.500707107259, -36.8791254518272], [174.500712004839, -36.8791308973633], [174.500717225784, -36.8791362396637], [174.500722769741, -36.8791414607053], [174.500728625846, -36.8791465786529], [174.500734816179, -36.8791515751999], [174.500741329878, -36.879156468511], [174.500748155372, -36.8791612407049], [174.500755315271, -36.8791659005096], [174.500762787319, -36.8791704572199], [174.500770582378, -36.8791748926711], [174.500778700626, -36.8791792158747], [174.500787153281, -36.8791834266888], [174.500795917906, -36.8791875253968], [174.500804994503, -36.8791915119985], [174.500814338731, -36.8791954140954], [174.500823315079, -36.879199438017], [174.500831778778, -36.8792036396746], [174.500839741224, -36.8792080279381], [174.500847191022, -36.8792125939378], [174.500854117131, -36.879217346827], [174.500860541809, -36.8792222773109], [174.500866465057, -36.8792273853895], [174.500871864439, -36.8792326713464], [174.50087676239, -36.8792381348982], [174.50088114787, -36.8792437851981], [174.500885020701, -36.8792496132348], [174.50088838106, -36.8792556280198], [174.500891239812, -36.8792618113884], [174.500893574874, -36.8792681816471], [174.500895408682, -36.8792747385125], [174.500896740881, -36.8792814639615], [174.50089754939, -36.8792883763008], [174.500897856468, -36.8792954662353], [174.50089763968, -36.8793027340485], [174.500896921635, -36.8793101884684], [174.500896003441, -36.879317735554], [174.50089513047, -36.8793253000959], [174.500894314114, -36.8793328909638], [174.500893554198, -36.8793404991462], [174.500892850722, -36.8793481246431], [174.500892192644, -36.8793557766077], [174.500891591007, -36.8793634458869], [174.500891057202, -36.8793711413504], [174.50089056862, -36.87937885427], [174.500890125437, -36.8793865936574], [174.500889749911, -36.8793943502176], [174.500889419608, -36.8794021242341], [174.500889157138, -36.8794099244348], [174.500888939891, -36.8794177420918], [174.500888779083, -36.8794255770633], [174.500888663675, -36.8794334385025], [174.5008886161, -36.879441326126], [174.500888613747, -36.8794492312057], [174.500888667835, -36.8794571536], [174.500888778539, -36.8794651023202], [174.500889045405, -36.8794730039991], [174.500889756206, -36.8794806566992], [174.500890955282, -36.879488032819], [174.500892643163, -36.8794951593931], [174.500894796886, -36.8795020096704], [174.50089743906, -36.8795085923789], [174.500900569687, -36.8795149075187], [174.500904177725, -36.8795209642428], [174.500908262822, -36.8795267445282], [174.500912836548, -36.8795322662562], [174.500917887333, -36.8795375115454], [174.50092341553, -36.8795424984187], [174.500929432179, -36.879547217723], [174.500935926064, -36.8795516695997], [174.500942908401, -36.8795558539072], [174.500950367974, -36.879559770787], [174.500958304782, -36.8795634202391], [174.500966730043, -36.8795668021217], [174.500975632539, -36.8795699165763], [174.500985012447, -36.8795727726144], [174.500994846978, -36.8795753524962], [174.501004653254, -36.8795776352807], [174.50101427423, -36.879579622952], [174.501023687472, -36.8795813157935], [174.50103291506, -36.8795826954987], [174.501041934914, -36.8795837803743], [174.50105076929, -36.8795845611252], [174.501059406973, -36.8795850378933], [174.50106784796, -36.8795852106786], [174.501076103648, -36.8795850883509], [174.501084151423, -36.8795846621823], [174.501092013897, -36.8795839409007], [174.501099668283, -36.8795829067668], [174.501107137368, -36.87958157752], [174.501114409757, -36.8795799442907], [174.501121485452, -36.8795780070789], [174.501128364628, -36.8795757748961], [174.501135047109, -36.8795732387309], [174.501141544113, -36.8795703984415], [174.501147833203, -36.8795672543115], [174.501153936992, -36.8795638150689], [174.501159879679, -36.8795601705455], [174.501165708956, -36.8795564643584], [174.50117143604, -36.8795526963661], [174.501177049539, -36.8795488576987], [174.501182549803, -36.8795449663792], [174.501187947699, -36.879541004243], [174.501193232184, -36.8795369804433], [174.501198403084, -36.8795328859686], [174.501203471791, -36.8795287296886], [174.501208427264, -36.8795245207567], [174.501213280369, -36.8795202410081], [174.50121800867, -36.8795158907263], [174.501222646172, -36.8795114875091], [174.501227158871, -36.8795070137587], [174.501231569377, -36.8795024782031], [174.501235877691, -36.8794978808425], [174.501240061201, -36.8794932129486], [174.501244142519, -36.8794884832497], [174.501248121644, -36.8794836917457], [174.501251976142, -36.87947883872], [174.501255794517, -36.8794738599583], [174.501259828596, -36.8794684367978], [174.501264122541, -36.8794625326254], [174.501268676352, -36.8794561474412], [174.501273490031, -36.8794492812451], [174.501278574793, -36.8794419338953], [174.501283919421, -36.8794341055335], [174.501289512698, -36.8794257963015], [174.501295377058, -36.8794170059158], [174.501301501108, -36.8794077255064], [174.501307885199, -36.8793979730965], [174.501314529156, -36.8793877396745], [174.501321432977, -36.8793770252403], [174.501328596663, -36.8793658297938], [174.501336031432, -36.8793541531934], [174.50134371467, -36.8793419867108], [174.501351669167, -36.8793293480857], [174.50135987231, -36.8793162285899], [174.501368346533, -36.87930262794], [174.501377080444, -36.879288537266], [174.501386063529, -36.8792739927557], [174.501394983189, -36.8792596473485], [174.501403666825, -36.8792458547612], [174.501412114263, -36.8792326059824], [174.50142033672, -36.8792199008705], [174.501428322978, -36.8792077395671], [174.501436073038, -36.8791961220723], [174.501443587077, -36.8791850573977], [174.501450876136, -36.8791745363901], [174.501457940215, -36.8791645590494], [174.501464757056, -36.8791551346709], [174.501471348918, -36.8791462539593], [174.501477704583, -36.8791379170567], [174.501483824052, -36.879130123963], [174.501489718542, -36.8791228745364], [174.501495377013, -36.8791161779303], [174.501500799288, -36.8791100251332], [174.501505996584, -36.8791044160034], [174.501510957862, -36.8790993596941], [174.501515682944, -36.8790948471939], [174.501520183048, -36.8790908783611], [174.501524475669, -36.8790872005898], [174.501528629799, -36.8790833262663], [174.501532644908, -36.879079228356], [174.501536521173, -36.8790749158705], [174.501540247554, -36.8790703979631], [174.501543846131, -36.8790656563272], [174.501547305865, -36.879060700116], [174.501550615537, -36.8790555294714], [174.501553797583, -36.8790501441099], [174.501556829567, -36.879044544315], [174.501559733749, -36.8790387207917], [174.501562488045, -36.8790326918465], [174.501565103322, -36.8790264393146], [174.501567591148, -36.8790199810774], [174.501569928736, -36.8790132993953], [174.501572127481, -36.8790064031381], [174.501574187382, -36.8789992923057], [174.501576108439, -36.8789919668983], [174.501577890652, -36.8789844269158], [174.501579534022, -36.8789766723581], [174.501581050824, -36.8789687571527], [174.50158244847, -36.8789610597829], [174.501583739942, -36.8789536702221], [174.501584936281, -36.878946579317], [174.501586026623, -36.8789398052323], [174.501587021832, -36.8789333298033], [174.501587910867, -36.8789271621833], [174.501588693728, -36.8789213023722], [174.501589381456, -36.8789157412169], [174.501589963011, -36.8789104878705], [174.501590438392, -36.8789055423331], [174.501590818817, -36.878900904463], [174.501591092892, -36.8788965653903], [174.50159127201, -36.8788925339848], [174.501591344955, -36.8788888103883], [174.501591311726, -36.8788853946007], [174.501591172148, -36.8788822776107], [174.501590937613, -36.8788794682879], [174.501590608122, -36.8788769666322], [174.501590161063, -36.8788747639159], [174.501589619049, -36.8788728688667], [174.501589143809, -36.8788709459324], [174.501588853617, -36.8788687322198], [174.501588737432, -36.8788662368822], [174.501588806471, -36.8788634597777], [174.501589060558, -36.8788603918949], [174.50158949987, -36.8788570422454], [174.501590124405, -36.878853410829], [174.501590933989, -36.8788494886343], [174.501591917579, -36.8788452848145], [174.501593086393, -36.8788407992279], [174.501594451472, -36.8788360227212], [174.501595990558, -36.8788309645895], [174.501597714868, -36.8788256246909], [174.501599624402, -36.8788200030254], [174.501601718984, -36.8788140905816], [174.501603987395, -36.8788078875012], [174.501606452424, -36.8788014115237], [174.501609091283, -36.8787946449095], [174.501611915189, -36.8787875875169], [174.501614924494, -36.878780257369], [174.501618064525, -36.8787727272665], [174.501621116229, -36.8787652703902], [174.501624102392, -36.8787579044795], [174.501627000405, -36.8787506208064], [174.501629821661, -36.8787434282408], [174.50163256616, -36.8787363267826], [174.501635233725, -36.8787293074203], [174.501637824533, -36.8787223791655], [174.50164032719, -36.8787155331483], [174.501642753267, -36.87870878725], [174.501645102235, -36.8787021144362], [174.501647363404, -36.8786955418831], [174.50164954764, -36.8786890514259], [174.501651666337, -36.8786826519345], [174.501653685666, -36.8786763348225], [174.501655639455, -36.8786701086761], [174.50165750527, -36.8786639737791], [174.50165930537, -36.8786579208362], [174.501661017495, -36.8786519591425], [174.501662641647, -36.8786460886981], [174.501664200082, -36.8786403002079], [174.501665816369, -36.8786346011239], [174.501667501548, -36.8786289822928], [174.501669278229, -36.8786234524427], [174.501671135196, -36.8786180117152], [174.501673072272, -36.8786126510988], [174.501675100851, -36.8786073794634], [174.501677198499, -36.8786021970924], [174.501679387473, -36.8785970946908], [174.501681656732, -36.8785920814118], [174.501684017494, -36.8785871571137], [174.501686447148, -36.8785823130686], [174.501688968305, -36.8785775580042], [174.501691569747, -36.8785728920626], [174.501694262515, -36.8785683060902], [174.501697024352, -36.8785638093822], [174.501699877515, -36.8785593926436], [174.501702810964, -36.8785550650276], [174.501705824698, -36.8785508265343], [174.501708918541, -36.878546668152], [174.501712103887, -36.8785425987505], [174.501715392658, -36.8785386542341], [174.501718819567, -36.8785348882465], [174.501722395476, -36.8785312826229], [174.501726098305, -36.8785278556698], [174.501729939271, -36.8785246072456], [174.501733929238, -36.8785215191852], [174.501738046124, -36.8785186097954], [174.501742312188, -36.878515869781], [174.501746704994, -36.8785132994256], [174.501751247155, -36.8785109074571], [174.501755916059, -36.8785086851476], [174.50176073414, -36.8785066322134], [174.501765690359, -36.8785047578078], [174.501770773144, -36.8785030440497], [174.501776005283, -36.8785015086784], [174.501781375558, -36.8785001518356], [174.501786883618, -36.8784989554984], [174.501792529815, -36.8784979376898], [174.501798313973, -36.8784970893981], [174.501804236267, -36.878496419635], [174.501810263047, -36.8784959288257], [174.501816227993, -36.8784957182236], [174.501822120067, -36.878495796982], [174.501827927874, -36.8784961562313], [174.501833673848, -36.8784967956877], [174.501839335555, -36.8784977156349], [174.50184492439, -36.8784989249427], [174.501850440175, -36.8785004145995], [174.501855871869, -36.8785021937587], [174.501861230338, -36.8785042442554], [174.50186651611, -36.8785065931242], [174.501871728657, -36.8785092133306], [174.501876868331, -36.8785121228975], [174.501881923738, -36.8785153129554], [174.501886906096, -36.8785187833623], [174.501891815582, -36.8785225431299], [174.501896652019, -36.8785265832465], [174.501901404189, -36.8785309038541], [174.501906083487, -36.8785355138224], [174.501910689736, -36.8785404041398], [174.501915234153, -36.8785455746645], [174.501919814694, -36.8785508709247], [174.501924508821, -36.8785562378589], [174.501929316357, -36.8785616664555], [174.501934237301, -36.8785671567145], [174.501939260438, -36.8785727087776], [174.501944396984, -36.8785783225031], [174.501949647116, -36.8785840069025], [174.501954999439, -36.8785897531059], [174.501960465172, -36.8785955609717], [174.501966033274, -36.8786014396531], [174.501971714608, -36.8786073709852], [174.501977509529, -36.8786133729911], [174.501983406641, -36.8786194368011], [174.501989417163, -36.8786255622732], [174.501995541271, -36.8786317584191], [174.502001767572, -36.878638016369], [174.502008107282, -36.878644335981], [174.502014560402, -36.8786507172552], [174.502021115714, -36.8786571603333], [174.502027784613, -36.8786636740851], [174.502034624949, -36.8786703479165], [174.502041730169, -36.8786773699347], [174.502049122531, -36.8786847308446], [174.502056790818, -36.8786924307879], [174.502064735382, -36.8787004877876], [174.502072955695, -36.878708874809], [174.502081452286, -36.8787176188867], [174.502090224626, -36.8787266929861], [174.502099284461, -36.8787361239997], [174.502108609006, -36.8787458941882], [174.502118220694, -36.8787560032679], [174.502128097267, -36.8787664605337], [174.502138261161, -36.8787772657021], [174.502148700981, -36.8787884099031], [174.502159416906, -36.8787999021483], [174.502170408757, -36.8788117334261], [174.502181676713, -36.8788239127478], [174.502193220773, -36.8788364401135], [174.502205051803, -36.8788492973581], [174.502217147896, -36.8788625117998], [174.502229462243, -36.8788759848791], [174.502241513299, -36.8788891908739], [174.502253242859, -36.8789020223551], [174.502264640058, -36.8789144974879], [174.50227570472, -36.8789266072607], [174.502286436667, -36.8789383426622], [174.502296836252, -36.8789497217154], [174.502306903299, -36.8789607354091], [174.502316637807, -36.8789713837432], [174.502326039776, -36.8789816667178], [174.502335109029, -36.8789915753216], [174.502343857136, -36.8790011274358], [174.502352261485, -36.8790103143327], [174.502360344513, -36.8790191357286], [174.502368094999, -36.8790275917654], [174.502375501728, -36.8790356825851], [174.502382587133, -36.8790434079041], [174.502389340174, -36.8790507768757], [174.502395760497, -36.8790577714771], [174.502401848278, -36.8790644007197], [174.502407614736, -36.8790706644619], [174.502413266549, -36.8790768034611], [174.50241898602, -36.8790829596319], [174.502424762108, -36.8790891421277], [174.50243058342, -36.8790953420789], [174.502436461173, -36.8791015593435], [174.502442395543, -36.8791078029331], [174.502448386355, -36.8791140638361], [174.502454422566, -36.879120351206], [174.502460526436, -36.8791266557474], [174.50246667553, -36.8791329777441], [174.502472881241, -36.8791393260658], [174.502479143393, -36.8791456917008], [174.502485462163, -36.8791520836608], [174.502491826157, -36.879158493076], [174.502498257985, -36.8791649286742], [174.502504734861, -36.8791713727162], [174.502511268531, -36.8791778520945], [174.502517847249, -36.8791843399165], [174.502524493978, -36.879190862933], [174.502531185754, -36.8791973943932], [174.502537946425, -36.8792040061054], [174.50254478968, -36.8792108240889], [174.50255172709, -36.8792178662246], [174.502558735867, -36.8792251147735], [174.502565838799, -36.8792325874746], [174.502573024315, -36.8792402664469], [174.50258029277, -36.8792481697133], [174.502587655203, -36.8792562881204], [174.50259508918, -36.879264621952], [174.502602617135, -36.8792731709244], [174.502610227853, -36.8792819351793], [174.502617932549, -36.8792909145748], [174.502625708967, -36.8793001184063], [174.502633579187, -36.8793095283669], [174.502641532345, -36.8793191626214], [174.502649568089, -36.8793290031469], [174.50265769799, -36.8793390678245], [174.502665910652, -36.8793493477845], [174.502674206077, -36.8793598430269], [174.502682584264, -36.8793705535517], [174.50269103329, -36.8793814434547], [174.502699365907, -36.8793921184996], [174.50270752373, -36.8794024622463], [174.50271551833, -36.8794124925759], [174.502723338137, -36.8794221916073], [174.502730994722, -36.8794315772218], [174.502738487729, -36.8794406313963], [174.50274580612, -36.8794493632843], [174.502752949717, -36.8794577638742], [174.50275993009, -36.8794658510474], [174.502766746886, -36.8794736067807]]}, "properties": {"OBJECTID": 12643, "TRACKNAME": "Whatitiri Track", "CONDITIONSOFUSE": "Waitakere North Regional Park", "STATUS": "Closed upgrade", "WEBLINK": "https://www.aucklandcouncil.govt.nz/en/parks-recreation/find-park-beach/park-detail/3407.html", "VALIDATIONSTATE": 3, "created_user": "AC_owner", "last_edited_user": "AC_owner", "last_edited_date": 1789875254325, "created_date": 1789875254325, "PARK_SAPSITEID": null, "TRACK_ID": null, "KAURIDIEBACK_TRACK": null, "KAURIDIEBACK_MITIGATED": null, "SegmentID": null, "GlobalID": "9bea79af-d144-49df-a194-833fe1f3f200", "Shape__Length": 459.38879189666903}}]}