{"type": "FeatureCollection", "features": [{"type": "Feature", "id": 12248, "geometry": {"type": "LineString", "coordinates": [[175.023195439264, -36.8831898506828], [175.023225172957, -36.8831597094375], [175.023256671302, -36.883122886518], [175.023279971617, -36.8830964059664], [175.023294714857, -36.8830666642394], [175.023299966876, -36.8830518294781], [175.023320482204, -36.8830265319959], [175.023331046149, -36.8829991327321], [175.023341800837, -36.8829785350502], [175.023354047254, -36.8829613188807], [175.023374472653, -36.8829326159987], [175.023392281416, -36.8829118981567], [175.0234045875, -36.8828969432344], [175.023430923327, -36.8828783514206], [175.023447558472, -36.8828667296754], [175.023483793, -36.8828490958622], [175.023509044864, -36.8828429965187], [175.023534147137, -36.8828312305272], [175.023567746276, -36.8828204464138], [175.023598579455, -36.8828119897047], [175.023625304052, -36.8828081275168], [175.023663280965, -36.8828029470026], [175.023695676545, -36.8828001238294], [175.023718173405, -36.882796342658], [175.023748886684, -36.8827833453898], [175.023773839057, -36.8827659036982], [175.02380428307, -36.8827427082624], [175.023825056181, -36.882727609044], [175.023852924543, -36.882713524578], [175.023899349767, -36.8827070644101], [175.023930362208, -36.8827054003799], [175.023968368779, -36.8827013458913], [175.024010554811, -36.8826949579093], [175.024076639486, -36.8826847647885], [175.024128555816, -36.8826725327629], [175.024159298945, -36.8826606705218], [175.024192838203, -36.8826476249852], [175.024229072447, -36.8826299909523], [175.024260989034, -36.8826090325763], [175.024286031396, -36.8825950051804], [175.024311253129, -36.8825877705408], [175.024340743761, -36.8825815897749], [175.024363229305, -36.8825778086752], [175.024399923876, -36.8825771833302], [175.024428200071, -36.8825789727239], [175.024457960256, -36.8825829990882], [175.024504553761, -36.8825833406481], [175.024512294838, -36.8825824696495], [175.024552410422, -36.8825779824581], [175.024588985305, -36.882572825545], [175.024601530704, -36.8825669425349], [175.024626812357, -36.8825619780887], [175.024644890044, -36.8825514582194], [175.024662866805, -36.8825375421587], [175.024699172062, -36.8825221780549], [175.02472704018, -36.8825080933904], [175.024757753162, -36.8824950958694], [175.024791262256, -36.8824809150392], [175.024841046846, -36.8824415087315], [175.024875688355, -36.8824171058357], [175.024896532345, -36.882404276506], [175.024915862107, -36.882388066063], [175.024949221435, -36.882368218552], [175.024984203459, -36.882356283841], [175.025008011991, -36.8823490731456], [175.025037352773, -36.8823372255729], [175.025068095619, -36.8823253631042], [175.025114299594, -36.8823109657659], [175.02517591616, -36.8822917720993], [175.025224826471, -36.8822727950301], [175.025251270136, -36.8822587345299], [175.025280581091, -36.8822457607788], [175.025309671126, -36.8822248503164], [175.025333060189, -36.8822017657668], [175.025360778352, -36.8821820143229], [175.025473123147, -36.8821094727568], [175.025497764751, -36.8820913329925], [175.025528686252, -36.8820662813116], [175.025546965268, -36.8820527745646], [175.025557252607, -36.8820459385265], [175.025568575025, -36.8820430325404], [175.025590708428, -36.882038671369], [175.025658691345, -36.8820290128277], [175.025723968898, -36.8820193012394], [175.025748031915, -36.882014934172], [175.025785779471, -36.882009162037], [175.025852795895, -36.8819803401614], [175.025965344078, -36.8818925987175], [175.025978444453, -36.8818665439739], [175.026022297928, -36.8818307263755], [175.026307765479, -36.8815924019869], [175.02634240963, -36.8815558220367], [175.02642133969, -36.8812328279714], [175.026444458539, -36.8811995450788], [175.026575218274, -36.8809659591664], [175.026611545719, -36.880898426751], [175.026623682256, -36.8808766695655], [175.026635927606, -36.8808594530844], [175.026655357854, -36.8808466475717], [175.02666925581, -36.8808384699906], [175.02667224225, -36.8808372743858], [175.026695799955, -36.8808278143829], [175.026713846935, -36.8808161590882], [175.026728888287, -36.880797759254], [175.026746396024, -36.8807657076776], [175.026752970457, -36.8807474522986], [175.026761741422, -36.8807053380309], [175.026769570234, -36.8806509280518], [175.026770081733, -36.8806473591818], [175.026778043587, -36.880574641488], [175.026777563897, -36.8805564974498], [175.026774179597, -36.8805350050604], [175.026759551202, -36.8805159757945], [175.026737910179, -36.8804982018127], [175.026728844066, -36.8804756797336], [175.026726921365, -36.8804564246738], [175.026726831575, -36.880453028297], [175.026734728974, -36.8804313434252], [175.026749800259, -36.8804140787183], [175.026762086497, -36.8803979881543], [175.026787217466, -36.8803873566386], [175.02680391134, -36.8803779956986], [175.026816426196, -36.8803709773401], [175.02682318041, -36.8803595237196], [175.026817299728, -36.8803505479447], [175.026799976355, -36.880336098214], [175.026800849892, -36.8803156688185], [175.026803215256, -36.8802986208913], [175.026804268617, -36.880284993258], [175.026806345327, -36.8802566028627], [175.026801656855, -36.8802396752873], [175.026798422381, -36.8802238495312], [175.0267881231, -36.8802081533262], [175.026777943388, -36.8801969796167], [175.02677323613, -36.8801789167197], [175.026772816706, -36.8801630519463], [175.026772546855, -36.8801528447979], [175.026790582693, -36.8801411986958], [175.026811665352, -36.8801374320646], [175.026829982015, -36.8801359839046], [175.02684801784, -36.8801243377941], [175.026873028663, -36.8801091657488], [175.02688663804, -36.8800896546875], [175.02690044604, -36.8800780807067], [175.026911307975, -36.8800620144301], [175.026912361315, -36.880048386796], [175.026911671995, -36.8800223148759], [175.026916724733, -36.8799995519021], [175.026925993816, -36.879976707972], [175.026931226381, -36.8799607467597], [175.026936507515, -36.8799470469867], [175.026946117459, -36.8799366712597], [175.026952721795, -36.8799195509993], [175.026960918729, -36.8799091993814], [175.026975780014, -36.8798839977584], [175.026979419484, -36.8798612498837], [175.026984730617, -36.8798486852373], [175.026991514776, -36.8798383667371], [175.027001124699, -36.879827991006], [175.027020453614, -36.8798117892561], [175.027039853523, -36.8797978485598], [175.027063721087, -36.8797929077363], [175.027096025189, -36.8797866782912], [175.027111425953, -36.8797818819378], [175.027136736523, -36.8797780521162], [175.027167638824, -36.879771846573], [175.027180213579, -36.8797670984362], [175.027191326515, -36.879760103963], [175.027200865393, -36.8797474671604], [175.027210265641, -36.8797291635328], [175.027216899679, -36.8797131693789], [175.027217863153, -36.879696145367], [175.027223987628, -36.8796608810573], [175.027223298213, -36.8796348091406], [175.02722266883, -36.8796110074805], [175.027220487585, -36.8795815541002], [175.027219917997, -36.8795600136876], [175.027216342561, -36.8795317197399], [175.02720601328, -36.8795148884409], [175.027199892977, -36.8794968496736], [175.027183922699, -36.8794801056235], [175.027178994316, -36.8794541060434], [175.027181220956, -36.8794313912851], [175.027193106017, -36.8794005622211], [175.027192686517, -36.8793846974497], [175.027180835424, -36.8793633495549], [175.027166147137, -36.8793420500749], [175.027146009166, -36.879327648421], [175.02711466852, -36.8793168448525], [175.027077795728, -36.8793106692263], [175.027056394855, -36.8793019673104], [175.027039311311, -36.879296580617], [175.027017689382, -36.8792799419941], [175.027006097014, -36.8792688014193], [175.026981540283, -36.8792476703045], [175.02697379722, -36.8792217187413], [175.026970203098, -36.8791922894614], [175.02697085577, -36.8791639323715], [175.026983141774, -36.879147841789], [175.026995296747, -36.8791272198911], [175.027007163283, -36.8790952645324], [175.027012234504, -36.8790736278649], [175.027018449075, -36.8790417689469], [175.027023591529, -36.8790224023448], [175.027032530814, -36.8789870900104], [175.027044427328, -36.878956269777], [175.027051694949, -36.8789107742119], [175.027053880391, -36.8788869245161], [175.027053340878, -36.8788665192274], [175.027058513326, -36.8788482877526], [175.027062201548, -36.8788278103226], [175.027068505883, -36.8787993477789], [175.027076373262, -36.8787765367671], [175.027088629171, -36.8787593110467], [175.027100694258, -36.8787352927625], [175.027111297543, -36.8787090281401], [175.027132607517, -36.8786812018216], [175.02714582357, -36.878646402344], [175.027149297583, -36.8786076411444], [175.027149906025, -36.8785580951915], [175.027145048752, -36.878495744873]]}, "properties": {"OBJECTID": 12248, "TRACKNAME": "Perimeter Track", "CONDITIONSOFUSE": "Omana Regional Park", "STATUS": "Open", "WEBLINK": null, "VALIDATIONSTATE": 3, "created_user": "AC_owner", "last_edited_user": "AC_owner", "last_edited_date": 1789875254325, "created_date": 1789875254325, "PARK_SAPSITEID": null, "TRACK_ID": null, "KAURIDIEBACK_TRACK": null, "KAURIDIEBACK_MITIGATED": null, "SegmentID": null, "GlobalID": "1e31bdf2-8b30-45ba-8f97-f99bef2e2b9a", "Shape__Length": 740.3706283317551, "_COUNCIL_TRACKNAME": "Perimeter Track"}}, {"type": "Feature", "id": 12254, "geometry": {"type": "LineString", "coordinates": [[175.022883184556, -36.8833728693505], [175.022949242461, -36.8833960705527], [175.02296817313, -36.8833957481626], [175.023005956286, -36.8833917158083], [175.023028711232, -36.8833760241674]]}, "properties": {"OBJECTID": 12254, "TRACKNAME": "Perimeter Track", "CONDITIONSOFUSE": "Omana Regional Park", "STATUS": "Open", "WEBLINK": null, "VALIDATIONSTATE": 3, "created_user": "AC_owner", "last_edited_user": "AC_owner", "last_edited_date": 1789875254325, "created_date": 1789875254325, "PARK_SAPSITEID": null, "TRACK_ID": null, "KAURIDIEBACK_TRACK": null, "KAURIDIEBACK_MITIGATED": null, "SegmentID": null, "GlobalID": "8b99f56d-bdcc-4fff-bb91-e6d103bf503a", "Shape__Length": 14.186503429110727, "_COUNCIL_TRACKNAME": "Perimeter Track"}}, {"type": "Feature", "id": 12260, "geometry": {"type": "LineString", "coordinates": [[175.023028711232, -36.8833760241674], [175.023042981446, -36.8833589628362], [175.023071628692, -36.8833280379725], [175.023098223441, -36.8832988425067], [175.023131087419, -36.8832678458128], [175.023153643682, -36.8832454788829], [175.023173790558, -36.8832113188869], [175.023195439264, -36.8831898506828]]}, "properties": {"OBJECTID": 12260, "TRACKNAME": "Perimeter Track", "CONDITIONSOFUSE": "Omana Regional Park", "STATUS": "Open", "WEBLINK": null, "VALIDATIONSTATE": 3, "created_user": "AC_owner", "last_edited_user": "AC_owner", "last_edited_date": 1789875254325, "created_date": 1789875254325, "PARK_SAPSITEID": null, "TRACK_ID": null, "KAURIDIEBACK_TRACK": null, "KAURIDIEBACK_MITIGATED": null, "SegmentID": null, "GlobalID": "4933fb4e-c5d0-4e1a-8be1-08703e440467", "Shape__Length": 25.54751886155535, "_COUNCIL_TRACKNAME": "Perimeter Track"}}, {"type": "Feature", "id": 13214, "geometry": {"type": "LineString", "coordinates": [[174.706143361376, -36.5399106354863], [174.706141964969, -36.5399167308753], [174.706143969104, -36.5399255809403], [174.706150366719, -36.5399406869139], [174.70615727321, -36.5399520087577], [174.706164693055, -36.5399602585099], [174.706172503142, -36.5399659336999], [174.706180602097, -36.539969504504], [174.706188844869, -36.5399714867933], [174.706197130086, -36.5399723507442], [174.706205366553, -36.5399725213177], [174.706213491028, -36.539972170684], [174.706221471597, -36.5399713714115], [174.706229210527, -36.5399702510943], [174.706236720371, -36.5399688726505], [174.706243958443, -36.5399673268305], [174.706250804479, -36.539965732537], [174.706257271428, -36.5399641707103], [174.70626333874, -36.5399627227701], [174.706269029143, -36.5399614064192], [174.706274355193, -36.5399602845756], [174.706279439925, -36.5399593644925], [174.706284339569, -36.539958663393], [174.706289088222, -36.539958207831], [174.706293742512, -36.539958033052], [174.706298369836, -36.5399581561192], [174.706302981758, -36.5399585948951], [174.706307556934, -36.5399593947548], [174.706312051093, -36.53996057436], [174.706316386262, -36.5399621438406], [174.7063204737, -36.5399641315084], [174.706324280697, -36.5399665738875], [174.706327729679, -36.5399694991301], [174.706330765207, -36.5399729260575], [174.706333320079, -36.5399768466176], [174.706335395484, -36.5399813148772], [174.706337002193, -36.5399863126542], [174.706338117476, -36.539991822246], [174.706338752896, -36.5399978615151], [174.706338908255, -36.5400044214503], [174.706338572385, -36.5400115022116], [174.70633775685, -36.5400191216612], [174.706336483389, -36.5400272524462], [174.706334773148, -36.5400358401803], [174.706332691545, -36.5400448118153], [174.706330271685, -36.5400541488498], [174.706327611496, -36.5400637327006], [174.706324709988, -36.540073518312], [174.70632164434, -36.5400834595099], [174.706318502107, -36.5400934739154], [174.706315281901, -36.5401034984507], [174.706312082246, -36.5401134415662], [174.706308934068, -36.5401231856379], [174.706305924724, -36.5401326392759], [174.706303118641, -36.5401416843769], [174.70630055811, -36.540150212168], [174.70629830875, -36.5401581586126], [174.706296433996, -36.5401653605516], [174.70629498909, -36.5401717901524], [174.70629390802, -36.5401774934297], [174.706293182591, -36.5401826057101], [174.706292747383, -36.5401872000414], [174.706292549137, -36.5401913943674], [174.706292523029, -36.5401952887692], [174.7062926491, -36.5401989917001], [174.706292862726, -36.5402026122523], [174.706293120228, -36.5402061961207], [174.706293422003, -36.5402097613275], [174.706293800956, -36.5402132803601], [174.706294277641, -36.5402166717985], [174.70629486263, -36.5402199084496], [174.706295565506, -36.5402229180648], [174.706296397237, -36.5402256914729], [174.706297390731, -36.5402282011612], [174.706298590062, -36.540230419457], [174.70629999325, -36.5402322562492], [174.70630165811, -36.5402338008497], [174.706303695918, -36.5402350336382], [174.706306061806, -36.5402359462427], [174.706308901542, -36.5402365636189], [174.706312170061, -36.5402368683839], [174.706315968858, -36.5402369041546], [174.706320375111, -36.5402366247568], [174.706325243846, -36.5402360412793], [174.706330496497, -36.5402351368184], [174.706336099563, -36.5402339118537], [174.706341951748, -36.540232331779], [174.706347940984, -36.5402303801704], [174.70635401104, -36.5402280398048], [174.706360050244, -36.5402253122803], [174.706366013531, -36.5402221802143], [174.706371856433, -36.5402186532569], [174.706377635773, -36.5402147756648], [174.706383339791, -36.5402105205645], [174.706388936372, -36.5402059515132], [174.706394448643, -36.5402011042357], [174.706399920875, -36.5401959600706], [174.706405309193, -36.5401905557017], [174.706410625555, -36.5401849270135], [174.706415859983, -36.5401791282327], [174.706421002103, -36.5401731955636], [174.70642600883, -36.5401672017344], [174.706430859218, -36.5401612101428], [174.706435509587, -36.5401552664836], [174.706439972492, -36.5401494336749], [174.706444204453, -36.5401437664228], [174.706448195491, -36.5401383189537], [174.706451978117, -36.5401330457328], [174.706455585833, -36.5401279462803], [174.706459061722, -36.5401229478681], [174.706462427723, -36.5401180321543], [174.706465739275, -36.5401131803174], [174.70646903946, -36.5401083196292], [174.706472317114, -36.5401034502494], [174.706475672144, -36.5400985437062], [174.706479049111, -36.540093618821], [174.706482449799, -36.5400887566938], [174.706485830332, -36.5400839940086], [174.70648915899, -36.5400794123448], [174.706492448328, -36.5400750746206], [174.70649566524, -36.5400709993375], [174.706498789175, -36.5400672679155], [174.706501787623, -36.5400639258896], [174.706504716221, -36.5400609634495], [174.706507552238, -36.5400583628927], [174.706510350519, -36.5400560783644], [174.706513144369, -36.5400541003738], [174.706515943962, -36.5400523837057], [174.706518727362, -36.5400509467018], [174.706521605051, -36.5400497336971], [174.706524565267, -36.5400487178181], [174.706527586072, -36.5400479174065], [174.706530689801, -36.5400473321429], [174.706533909757, -36.5400469525364], [174.706537257305, -36.5400467874385], [174.706540687578, -36.5400468284772], [174.706544245642, -36.5400470930355], [174.706547942464, -36.5400475719424], [174.706551733377, -36.5400482658372], [174.706555651883, -36.5400491742405], [174.706559596882, -36.5400502715574], [174.706563557605, -36.5400515759701], [174.706567499757, -36.5400530519136], [174.706571355941, -36.5400546823247], [174.706575092853, -36.5400564766942], [174.706578676595, -36.5400584174793], [174.706582062499, -36.5400605053195], [174.706585274287, -36.5400628029729], [174.706588267686, -36.5400653291012], [174.706591055645, -36.5400681646445], [174.706593650719, -36.540071372521], [174.70659604293, -36.5400750069571], [174.706598233069, -36.5400791039974], [174.706600211752, -36.5400837449017], [174.70660197997, -36.5400889747257], [174.706603537327, -36.5400947754471], [174.706604804861, -36.5401011121404], [174.706605815676, -36.5401079663039], [174.706606513344, -36.5401153117035], [174.706606875132, -36.5401231306366], [174.706606877916, -36.5401313873784], [174.706606476432, -36.5401400555351], [174.706605682045, -36.5401491439579], [174.70660439643, -36.5401587532077], [174.706602554963, -36.5401689923771], [174.706600094006, -36.5401800156141], [174.70659693757, -36.54019192316], [174.706593021821, -36.5402048601517], [174.706588282332, -36.5402189446929], [174.706582620974, -36.5402342863553], [174.706576084, -36.5402509565886], [174.706568819826, -36.5402685927099], [174.706561164923, -36.5402867482191], [174.706553423256, -36.5403050221512], [174.706545819428, -36.5403229605934], [174.706538701873, -36.5403401529304], [174.706532328501, -36.540356135759], [174.70652699191, -36.5403704992631], [174.706522919678, -36.5403829246969], [174.706520047972, -36.5403935571976], [174.706518282232, -36.5404026685373], [174.706517537874, -36.5404104762618], [174.706517664899, -36.5404172709645], [174.706518579912, -36.5404233242579], [174.706520165226, -36.5404288721893], [174.706521983613, -36.54043333511], [174.706522601396, -36.5404360304532], [174.706521605643, -36.5404461223063], [174.706533208397, -36.5404520586719], [174.706535840747, -36.5404554372808], [174.706540537732, -36.5404607603923], [174.706545804637, -36.5404660933735], [174.706551663995, -36.540471444916], [174.706558148516, -36.5404767784955], [174.706564258851, -36.5404813512447], [174.706574132743, -36.5404924863627], [174.706584104681, -36.5404958861045], [174.706590778896, -36.5404981612366], [174.706596846519, -36.5405002828002], [174.706600191686, -36.540501532925], [174.706606189613, -36.540507089802], [174.706620032795, -36.5405143281531], [174.706628277067, -36.540513326771], [174.70663301308, -36.5405163597759], [174.706642013585, -36.5405218105719], [174.706651278934, -36.5405271133529], [174.706660708621, -36.5405322695573], [174.706670234653, -36.5405372350887], [174.706679767892, -36.5405420202371], [174.706689229176, -36.540546581066], [174.706698506834, -36.5405509191739], [174.706707567562, -36.5405550440517], [174.706716288126, -36.5405589394356], [174.706724601523, -36.540562606285], [174.706732429384, -36.5405660367078], [174.706739659641, -36.5405692142805], [174.706740945772, -36.5405697907895], [174.706741253241, -36.5405741220993], [174.70675106082, -36.540580715119], [174.706757084882, -36.5405849195211], [174.706763011016, -36.5405892425062], [174.706768714996, -36.540593622755], [174.706774060835, -36.5405979720749], [174.706778913933, -36.540602265351], [174.706783194931, -36.5406064496357], [174.706786937529, -36.5406105334607], [174.706790198354, -36.540614552071], [174.706793055973, -36.5406185223699], [174.70679542865, -36.5406222832764], [174.706797765376, -36.5406264413114], [174.706799763521, -36.5406304419424], [174.706801595546, -36.5406345080493], [174.706803351382, -36.5406386653864], [174.706805063738, -36.5406428774297], [174.706806799222, -36.5406471251977], [174.706808591136, -36.5406513991996], [174.706810505492, -36.5406556534206], [174.706812586762, -36.5406598782102], [174.706814889989, -36.5406640367244], [174.706817471008, -36.540668128164], [174.706820384664, -36.5406721066738], [174.706823642324, -36.5406759811052], [174.706827276696, -36.540679714934], [174.706831288374, -36.5406833351936], [174.706835766894, -36.5406868496159], [174.706837456955, -36.5406880152619], [174.706839515317, -36.5406962786297], [174.706851614729, -36.5407004140762], [174.706857682771, -36.5407025536482], [174.706865093377, -36.5407052959613], [174.706875281726, -36.5407058351567], [174.706883323656, -36.5407073154907], [174.706886369953, -36.5407097056442], [174.706892403416, -36.540713828779], [174.706898923877, -36.5407177466341], [174.706911321478, -36.5407242665027], [174.706917803424, -36.5407213523321], [174.706918885379, -36.5407217875391], [174.706926924593, -36.5407241602903], [174.706927037057, -36.5407241947359], [174.706939768251, -36.5407281047932], [174.706989075483, -36.5407402887822], [174.707003283396, -36.5407437900891], [174.707051545772, -36.5407541772078], [174.707065934615, -36.5407572702887], [174.707111955155, -36.5407708623937], [174.70717427782, -36.5407826075476], [174.707235099949, -36.5407926615052], [174.707294394774, -36.5408013311268], [174.707351574791, -36.5408088231351], [174.70740609657, -36.540815316581], [174.707457562452, -36.5408210154702], [174.707506287096, -36.5408260054397], [174.707552730339, -36.5408303700463], [174.707597329283, -36.5408341751437], [174.7076405661, -36.5408375039673], [174.707682844392, -36.540840422849], [174.707724646728, -36.540843033045], [174.707766420784, -36.5408453732128], [174.707808515122, -36.5408475465269], [174.707850873311, -36.5408495267534], [174.70789330531, -36.5408513076005], [174.707935643413, -36.5408528824567], [174.70797769758, -36.5408542450308], [174.708019311468, -36.5408553975629], [174.708060305215, -36.5408562885465], [174.70810050054, -36.5408569385646], [174.708139752071, -36.5408573406867], [174.708178093905, -36.5408575214672], [174.708215627339, -36.5408575155113], [174.708252453473, -36.540857348413], [174.708288607195, -36.5408570827708], [174.708324234473, -36.5408567525495], [174.708359403102, -36.5408563928339], [174.708394203016, -36.5408560293775], [174.708428702009, -36.5408556972649], [174.708462832088, -36.5408553524011], [174.708496458454, -36.5408549606623], [174.708529467847, -36.5408544515604], [174.708561691769, -36.540853782441], [174.708593073391, -36.5408529090493], [174.708623421483, -36.540851771029], [174.708652668249, -36.5408503332968], [174.708680666729, -36.5408485168341], [174.708707563089, -36.5408463646167], [174.708733535407, -36.5408438470512], [174.708758751192, -36.5408409617373], [174.708783378744, -36.5408377423191], [174.708807596143, -36.5408341592026], [174.708831593627, -36.5408302276894], [174.708855516568, -36.5408259547097], [174.708879532869, -36.5408213558848], [174.708903666452, -36.5408165029834], [174.708927974342, -36.5408114492717], [174.70895245892, -36.5408063028829], [174.708977166044, -36.5408011172433], [174.709002119835, -36.5407959731323], [174.709027377714, -36.5407909418384], [174.709052963604, -36.5407860951301], [174.709078867726, -36.5407814962449], [174.709105056182, -36.5407771276407], [174.709131327567, -36.5407729741766], [174.709157547676, -36.5407690287628], [174.709183570344, -36.5407652484249], [174.709209217096, -36.5407616447356], [174.709234375466, -36.5407581832519], [174.709258855017, -36.5407548396625], [174.709282577382, -36.5407516060773], [174.709305664407, -36.5407484356802], [174.709328304942, -36.5407452806941], [174.709350687241, -36.5407420663086], [174.709372967446, -36.5407387812712], [174.709395389846, -36.5407353589815], [174.709418087058, -36.5407317344404], [174.709441248327, -36.5407278778925], [174.709465029001, -36.5407237420402], [174.70948933895, -36.5407192921198], [174.709514065508, -36.5407144846766], [174.709539063105, -36.5407093037699], [174.709564185775, -36.5407037154369], [174.709589344179, -36.5406977209584], [174.709614380192, -36.5406912414765], [174.709639137273, -36.5406842702222], [174.709663481418, -36.5406768091171], [174.709687314105, -36.540668949714], [174.70971054838, -36.5406608014274], [174.709733085523, -36.5406524467992], [174.709754883447, -36.5406440036143], [174.709775866363, -36.5406355811278], [174.709795947118, -36.5406272797432], [174.709815049526, -36.5406191906931], [174.709833142072, -36.5406114045695], [174.709850403033, -36.5406039007881], [174.709867043594, -36.5405966312508], [174.709883286897, -36.5405895837434], [174.7098993547, -36.5405826829741], [174.709915458581, -36.5405758988665], [174.709931832058, -36.5405691830017], [174.709948686513, -36.5405624962919], [174.709966200421, -36.5405558271632], [174.709984318343, -36.5405491944384], [174.710002896497, -36.5405426632771], [174.710021802265, -36.5405362986789], [174.710040903429, -36.5405301836656], [174.710060077945, -36.5405243560436], [174.710079160092, -36.5405188993152], [174.710098062122, -36.5405138868509], [174.71011665003, -36.5405093205729], [174.710135080553, -36.5405052162609], [174.710153509038, -36.540501526617], [174.710172090634, -36.5404981953319], [174.710190981483, -36.5404952111517], [174.710210347901, -36.5404925176069], [174.710230356401, -36.5404900672388], [174.71025114099, -36.5404878581249], [174.710272800782, -36.5404858257451], [174.710295224105, -36.540483971701], [174.710318243057, -36.540482280373], [174.710341633699, -36.5404807279315], [174.710365250858, -36.5404793164589], [174.710388881963, -36.5404780309768], [174.710412370079, -36.540476846695], [174.710435503228, -36.5404757756684], [174.710458168748, -36.5404747744441], [174.710480311001, -36.5404738528344], [174.710501940558, -36.5404729836461], [174.710523057024, -36.5404721488573], [174.710543660199, -36.5404713394572], [174.710563771821, -36.5404705280923], [174.710583358391, -36.5404697152435], [174.710602452812, -36.5404688733971], [174.710621077618, -36.5404680112439], [174.71063935545, -36.5404671180106], [174.710657499871, -36.5404662537306], [174.710675723057, -36.5404654153595], [174.71069418234, -36.5404646457095], [174.710713124192, -36.5404639772996], [174.710732749619, -36.5404634072453], [174.710753238489, -36.5404629870489], [174.710774769871, -36.5404627321683], [174.710797266391, -36.5404626797691], [174.710820628735, -36.5404628853596], [174.710844767965, -36.5404633682434], [174.710869562037, -36.5404641662271], [174.710894889106, -36.5404653261287], [174.710920672195, -36.5404669031362], [174.710946822363, -36.5404689165536], [174.710973651298, -36.5404713168377], [174.711002320225, -36.5404735735278], [174.711034054991, -36.5404750470673], [174.711070025006, -36.5404750716659], [174.711111444749, -36.540472998913], [174.711159484024, -36.5404681810365], [174.711215414131, -36.5404600138748], [174.711280094176, -36.5404479442485], [174.711280327891, -36.540447904838], [174.711287016676, -36.5404467812383], [174.711292265103, -36.5404456873269], [174.711297412871, -36.5404440810652], [174.711304614237, -36.5404418864612], [174.71131067907, -36.5404383019949], [174.711317397839, -36.540433978012], [174.711324046823, -36.540429528835], [174.711330814473, -36.5404248886615], [174.711337656717, -36.5404200851659], [174.711344596483, -36.5404151450607], [174.711351589899, -36.5404101050317], [174.711358594283, -36.5404050558309], [174.711365599063, -36.5404000246518], [174.711372605233, -36.5403950565501], [174.711379535616, -36.5403901977032], [174.711386425104, -36.5403855107079], [174.711393206297, -36.5403809785038], [174.711399868228, -36.5403766102625], [174.711406377592, -36.5403724154758], [174.71141273459, -36.5403684031549], [174.711418882988, -36.5403645560791], [174.711424812017, -36.5403608924311], [174.711430510113, -36.5403573943488], [174.711435944369, -36.5403540893466], [174.711441203925, -36.540350967131], [174.711446355782, -36.5403480267401], [174.711451489477, -36.5403452759026], [174.711456672211, -36.5403427226677], [174.711462037988, -36.5403403651118], [174.711467642445, -36.5403381934222], [174.711473552983, -36.5403362246592], [174.71147985874, -36.5403344485292], [174.711486470974, -36.5403328933479], [174.711493299951, -36.5403315423755], [174.711500290235, -36.5403304144357], [174.71150729685, -36.5403295206237], [174.711514263764, -36.5403288527299], [174.711521079901, -36.5403284393908], [174.711527677862, -36.5403282635459], [174.71153822595, -36.5403284005648], [174.71154138819, -36.5403264171692], [174.711542333576, -36.5403267371132], [174.711549361043, -36.5403293223829], [174.711556392285, -36.5403320788629], [174.711563270566, -36.5403349907755], [174.711569882625, -36.5403379876352], [174.711582091136, -36.5403440229756], [174.711589173941, -36.5403405050065], [174.711591346475, -36.5403412580301], [174.711598869667, -36.5403440344868], [174.711606453066, -36.5403470083854], [174.711613939737, -36.5403501549373], [174.711618938415, -36.5403524267992], [174.711624754266, -36.5403598429066], [174.711634526219, -36.5403627763691], [174.711641084914, -36.5403648725962], [174.7116415667, -36.5403650396484]]}, "properties": {"OBJECTID": 13214, "TRACKNAME": "Perimeter Track", "CONDITIONSOFUSE": "Wenderholm Regional Park", "STATUS": "Open", "WEBLINK": "https://www.aucklandcouncil.govt.nz/en/parks-recreation/find-park-beach/park-detail/3411.html", "VALIDATIONSTATE": 3, "created_user": "AC_owner", "last_edited_user": "AC_owner", "last_edited_date": 1789875254325, "created_date": 1789875254325, "PARK_SAPSITEID": null, "TRACK_ID": null, "KAURIDIEBACK_TRACK": null, "KAURIDIEBACK_MITIGATED": null, "SegmentID": null, "GlobalID": "56d0ad64-376b-414a-9cdc-3396badfbebb", "Shape__Length": 618.8945410111206, "_COUNCIL_TRACKNAME": "Perimeter Track"}}, {"type": "Feature", "id": 13218, "geometry": {"type": "LineString", "coordinates": [[174.706143361376, -36.5399106354863], [174.706141964969, -36.5399167308753], [174.706143969104, -36.5399255809403], [174.706150366719, -36.5399406869139], [174.70615727321, -36.5399520087577], [174.706164693055, -36.5399602585099], [174.706172503142, -36.5399659336999], [174.706180602097, -36.539969504504], [174.706188844869, -36.5399714867933], [174.706197130086, -36.5399723507442], [174.706205366553, -36.5399725213177], [174.706213491028, -36.539972170684], [174.706221471597, -36.5399713714115], [174.706229210527, -36.5399702510943], [174.706236720371, -36.5399688726505], [174.706243958443, -36.5399673268305], [174.706250804479, -36.539965732537], [174.706257271428, -36.5399641707103], [174.70626333874, -36.5399627227701], [174.706269029143, -36.5399614064192], [174.706274355193, -36.5399602845756], [174.706279439925, -36.5399593644925], [174.706284339569, -36.539958663393], [174.706289088222, -36.539958207831], [174.706293742512, -36.539958033052], [174.706298369836, -36.5399581561192], [174.706302981758, -36.5399585948951], [174.706307556934, -36.5399593947548], [174.706312051093, -36.53996057436], [174.706316386262, -36.5399621438406], [174.7063204737, -36.5399641315084], [174.706324280697, -36.5399665738875], [174.706327729679, -36.5399694991301], [174.706330765207, -36.5399729260575], [174.706333320079, -36.5399768466176], [174.706335395484, -36.5399813148772], [174.706337002193, -36.5399863126542], [174.706338117476, -36.539991822246], [174.706338752896, -36.5399978615151], [174.706338908255, -36.5400044214503], [174.706338572385, -36.5400115022116], [174.70633775685, -36.5400191216612], [174.706336483389, -36.5400272524462], [174.706334773148, -36.5400358401803], [174.706332691545, -36.5400448118153], [174.706330271685, -36.5400541488498], [174.706327611496, -36.5400637327006], [174.706324709988, -36.540073518312], [174.70632164434, -36.5400834595099], [174.706318502107, -36.5400934739154], [174.706315281901, -36.5401034984507], [174.706312082246, -36.5401134415662], [174.706308934068, -36.5401231856379], [174.706305924724, -36.5401326392759], [174.706303118641, -36.5401416843769], [174.70630055811, -36.540150212168], [174.70629830875, -36.5401581586126], [174.706296433996, -36.5401653605516], [174.70629498909, -36.5401717901524], [174.70629390802, -36.5401774934297], [174.706293182591, -36.5401826057101], [174.706292747383, -36.5401872000414], [174.706292549137, -36.5401913943674], [174.706292523029, -36.5401952887692], [174.7062926491, -36.5401989917001], [174.706292862726, -36.5402026122523], [174.706293120228, -36.5402061961207], [174.706293422003, -36.5402097613275], [174.706293800956, -36.5402132803601], [174.706294277641, -36.5402166717985], [174.70629486263, -36.5402199084496], [174.706295565506, -36.5402229180648], [174.706296397237, -36.5402256914729], [174.706297390731, -36.5402282011612], [174.706298590062, -36.540230419457], [174.70629999325, -36.5402322562492], [174.70630165811, -36.5402338008497], [174.706303695918, -36.5402350336382], [174.706306061806, -36.5402359462427], [174.706308901542, -36.5402365636189], [174.706312170061, -36.5402368683839], [174.706315968858, -36.5402369041546], [174.706320375111, -36.5402366247568], [174.706325243846, -36.5402360412793], [174.706330496497, -36.5402351368184], [174.706336099563, -36.5402339118537], [174.706341951748, -36.540232331779], [174.706347940984, -36.5402303801704], [174.70635401104, -36.5402280398048], [174.706360050244, -36.5402253122803], [174.706366013531, -36.5402221802143], [174.706371856433, -36.5402186532569], [174.706377635773, -36.5402147756648], [174.706383339791, -36.5402105205645], [174.706388936372, -36.5402059515132], [174.706394448643, -36.5402011042357], [174.706399920875, -36.5401959600706], [174.706405309193, -36.5401905557017], [174.706410625555, -36.5401849270135], [174.706415859983, -36.5401791282327], [174.706421002103, -36.5401731955636], [174.70642600883, -36.5401672017344], [174.706430859218, -36.5401612101428], [174.706435509587, -36.5401552664836], [174.706439972492, -36.5401494336749], [174.706444204453, -36.5401437664228], [174.706448195491, -36.5401383189537], [174.706451978117, -36.5401330457328], [174.706455585833, -36.5401279462803], [174.706459061722, -36.5401229478681], [174.706462427723, -36.5401180321543], [174.706465739275, -36.5401131803174], [174.70646903946, -36.5401083196292], [174.706472317114, -36.5401034502494], [174.706475672144, -36.5400985437062], [174.706479049111, -36.540093618821], [174.706482449799, -36.5400887566938], [174.706485830332, -36.5400839940086], [174.70648915899, -36.5400794123448], [174.706492448328, -36.5400750746206], [174.70649566524, -36.5400709993375], [174.706498789175, -36.5400672679155], [174.706501787623, -36.5400639258896], [174.706504716221, -36.5400609634495], [174.706507552238, -36.5400583628927], [174.706510350519, -36.5400560783644], [174.706513144369, -36.5400541003738], [174.706515943962, -36.5400523837057], [174.706518727362, -36.5400509467018], [174.706521605051, -36.5400497336971], [174.706524565267, -36.5400487178181], [174.706527586072, -36.5400479174065], [174.706530689801, -36.5400473321429], [174.706533909757, -36.5400469525364], [174.706537257305, -36.5400467874385], [174.706540687578, -36.5400468284772], [174.706544245642, -36.5400470930355], [174.706547942464, -36.5400475719424], [174.706551733377, -36.5400482658372], [174.706555651883, -36.5400491742405], [174.706559596882, -36.5400502715574], [174.706563557605, -36.5400515759701], [174.706567499757, -36.5400530519136], [174.706571355941, -36.5400546823247], [174.706575092853, -36.5400564766942], [174.706578676595, -36.5400584174793], [174.706582062499, -36.5400605053195], [174.706585274287, -36.5400628029729], [174.706588267686, -36.5400653291012], [174.706591055645, -36.5400681646445], [174.706593650719, -36.540071372521], [174.70659604293, -36.5400750069571], [174.706598233069, -36.5400791039974], [174.706600211752, -36.5400837449017], [174.70660197997, -36.5400889747257], [174.706603537327, -36.5400947754471], [174.706604804861, -36.5401011121404], [174.706605815676, -36.5401079663039], [174.706606513344, -36.5401153117035], [174.706606875132, -36.5401231306366], [174.706606877916, -36.5401313873784], [174.706606476432, -36.5401400555351], [174.706605682045, -36.5401491439579], [174.70660439643, -36.5401587532077], [174.706602554963, -36.5401689923771], [174.706600094006, -36.5401800156141], [174.70659693757, -36.54019192316], [174.706593021821, -36.5402048601517], [174.706588282332, -36.5402189446929], [174.706582620974, -36.5402342863553], [174.706576084, -36.5402509565886], [174.706568819826, -36.5402685927099], [174.706561164923, -36.5402867482191], [174.706553423256, -36.5403050221512], [174.706545819428, -36.5403229605934], [174.706538701873, -36.5403401529304], [174.706532328501, -36.540356135759], [174.70652699191, -36.5403704992631], [174.706522919678, -36.5403829246969], [174.706520047972, -36.5403935571976], [174.706518282232, -36.5404026685373], [174.706517537874, -36.5404104762618], [174.706517664899, -36.5404172709645], [174.706518579912, -36.5404233242579], [174.706520165226, -36.5404288721893], [174.706521983613, -36.54043333511], [174.706522601396, -36.5404360304532], [174.706521605643, -36.5404461223063], [174.706533208397, -36.5404520586719], [174.706535840747, -36.5404554372808], [174.706540537732, -36.5404607603923], [174.706545804637, -36.5404660933735], [174.706551663995, -36.540471444916], [174.706558148516, -36.5404767784955], [174.706564258851, -36.5404813512447], [174.706574132743, -36.5404924863627], [174.706584104681, -36.5404958861045], [174.706590778896, -36.5404981612366], [174.706596846519, -36.5405002828002], [174.706600191686, -36.540501532925], [174.706606189613, -36.540507089802], [174.706620032795, -36.5405143281531], [174.706628277067, -36.540513326771], [174.70663301308, -36.5405163597759], [174.706642013585, -36.5405218105719], [174.706651278934, -36.5405271133529], [174.706660708621, -36.5405322695573], [174.706670234653, -36.5405372350887], [174.706679767892, -36.5405420202371], [174.706689229176, -36.540546581066], [174.706698506834, -36.5405509191739], [174.706707567562, -36.5405550440517], [174.706716288126, -36.5405589394356], [174.706724601523, -36.540562606285], [174.706732429384, -36.5405660367078], [174.706739659641, -36.5405692142805], [174.706740945772, -36.5405697907895], [174.706741253241, -36.5405741220993], [174.70675106082, -36.540580715119], [174.706757084882, -36.5405849195211], [174.706763011016, -36.5405892425062], [174.706768714996, -36.540593622755], [174.706774060835, -36.5405979720749], [174.706778913933, -36.540602265351], [174.706783194931, -36.5406064496357], [174.706786937529, -36.5406105334607], [174.706790198354, -36.540614552071], [174.706793055973, -36.5406185223699], [174.70679542865, -36.5406222832764], [174.706797765376, -36.5406264413114], [174.706799763521, -36.5406304419424], [174.706801595546, -36.5406345080493], [174.706803351382, -36.5406386653864], [174.706805063738, -36.5406428774297], [174.706806799222, -36.5406471251977], [174.706808591136, -36.5406513991996], [174.706810505492, -36.5406556534206], [174.706812586762, -36.5406598782102], [174.706814889989, -36.5406640367244], [174.706817471008, -36.540668128164], [174.706820384664, -36.5406721066738], [174.706823642324, -36.5406759811052], [174.706827276696, -36.540679714934], [174.706831288374, -36.5406833351936], [174.706835766894, -36.5406868496159], [174.706837456955, -36.5406880152619], [174.706839515317, -36.5406962786297], [174.706851614729, -36.5407004140762], [174.706857682771, -36.5407025536482], [174.706865093377, -36.5407052959613], [174.706875281726, -36.5407058351567], [174.706883323656, -36.5407073154907], [174.706886369953, -36.5407097056442], [174.706892403416, -36.540713828779], [174.706898923877, -36.5407177466341], [174.706911321478, -36.5407242665027], [174.706917803424, -36.5407213523321], [174.706918885379, -36.5407217875391], [174.706926924593, -36.5407241602903], [174.706927037057, -36.5407241947359], [174.706939768251, -36.5407281047932], [174.706989075483, -36.5407402887822], [174.707003283396, -36.5407437900891], [174.707051545772, -36.5407541772078], [174.707065934615, -36.5407572702887], [174.707111955155, -36.5407708623937], [174.70717427782, -36.5407826075476], [174.707235099949, -36.5407926615052], [174.707294394774, -36.5408013311268], [174.707351574791, -36.5408088231351], [174.70740609657, -36.540815316581], [174.707457562452, -36.5408210154702], [174.707506287096, -36.5408260054397], [174.707552730339, -36.5408303700463], [174.707597329283, -36.5408341751437], [174.7076405661, -36.5408375039673], [174.707682844392, -36.540840422849], [174.707724646728, -36.540843033045], [174.707766420784, -36.5408453732128], [174.707808515122, -36.5408475465269], [174.707850873311, -36.5408495267534], [174.70789330531, -36.5408513076005], [174.707935643413, -36.5408528824567], [174.70797769758, -36.5408542450308], [174.708019311468, -36.5408553975629], [174.708060305215, -36.5408562885465], [174.70810050054, -36.5408569385646], [174.708139752071, -36.5408573406867], [174.708178093905, -36.5408575214672], [174.708215627339, -36.5408575155113], [174.708252453473, -36.540857348413], [174.708288607195, -36.5408570827708], [174.708324234473, -36.5408567525495], [174.708359403102, -36.5408563928339], [174.708394203016, -36.5408560293775], [174.708428702009, -36.5408556972649], [174.708462832088, -36.5408553524011], [174.708496458454, -36.5408549606623], [174.708529467847, -36.5408544515604], [174.708561691769, -36.540853782441], [174.708593073391, -36.5408529090493], [174.708623421483, -36.540851771029], [174.708652668249, -36.5408503332968], [174.708680666729, -36.5408485168341], [174.708707563089, -36.5408463646167], [174.708733535407, -36.5408438470512], [174.708758751192, -36.5408409617373], [174.708783378744, -36.5408377423191], [174.708807596143, -36.5408341592026], [174.708831593627, -36.5408302276894], [174.708855516568, -36.5408259547097], [174.708879532869, -36.5408213558848], [174.708903666452, -36.5408165029834], [174.708927974342, -36.5408114492717], [174.70895245892, -36.5408063028829], [174.708977166044, -36.5408011172433], [174.709002119835, -36.5407959731323], [174.709027377714, -36.5407909418384], [174.709052963604, -36.5407860951301], [174.709078867726, -36.5407814962449], [174.709105056182, -36.5407771276407], [174.709131327567, -36.5407729741766], [174.709157547676, -36.5407690287628], [174.709183570344, -36.5407652484249], [174.709209217096, -36.5407616447356], [174.709234375466, -36.5407581832519], [174.709258855017, -36.5407548396625], [174.709282577382, -36.5407516060773], [174.709305664407, -36.5407484356802], [174.709328304942, -36.5407452806941], [174.709350687241, -36.5407420663086], [174.709372967446, -36.5407387812712], [174.709395389846, -36.5407353589815], [174.709418087058, -36.5407317344404], [174.709441248327, -36.5407278778925], [174.709465029001, -36.5407237420402], [174.70948933895, -36.5407192921198], [174.709514065508, -36.5407144846766], [174.709539063105, -36.5407093037699], [174.709564185775, -36.5407037154369], [174.709589344179, -36.5406977209584], [174.709614380192, -36.5406912414765], [174.709639137273, -36.5406842702222], [174.709663481418, -36.5406768091171], [174.709687314105, -36.540668949714], [174.70971054838, -36.5406608014274], [174.709733085523, -36.5406524467992], [174.709754883447, -36.5406440036143], [174.709775866363, -36.5406355811278], [174.709795947118, -36.5406272797432], [174.709815049526, -36.5406191906931], [174.709833142072, -36.5406114045695], [174.709850403033, -36.5406039007881], [174.709867043594, -36.5405966312508], [174.709883286897, -36.5405895837434], [174.7098993547, -36.5405826829741], [174.709915458581, -36.5405758988665], [174.709931832058, -36.5405691830017], [174.709948686513, -36.5405624962919], [174.709966200421, -36.5405558271632], [174.709984318343, -36.5405491944384], [174.710002896497, -36.5405426632771], [174.710021802265, -36.5405362986789], [174.710040903429, -36.5405301836656], [174.710060077945, -36.5405243560436], [174.710079160092, -36.5405188993152], [174.710098062122, -36.5405138868509], [174.71011665003, -36.5405093205729], [174.710135080553, -36.5405052162609], [174.710153509038, -36.540501526617], [174.710172090634, -36.5404981953319], [174.710190981483, -36.5404952111517], [174.710210347901, -36.5404925176069], [174.710230356401, -36.5404900672388], [174.71025114099, -36.5404878581249], [174.710272800782, -36.5404858257451], [174.710295224105, -36.540483971701], [174.710318243057, -36.540482280373], [174.710341633699, -36.5404807279315], [174.710365250858, -36.5404793164589], [174.710388881963, -36.5404780309768], [174.710412370079, -36.540476846695], [174.710435503228, -36.5404757756684], [174.710458168748, -36.5404747744441], [174.710480311001, -36.5404738528344], [174.710501940558, -36.5404729836461], [174.710523057024, -36.5404721488573], [174.710543660199, -36.5404713394572], [174.710563771821, -36.5404705280923], [174.710583358391, -36.5404697152435], [174.710602452812, -36.5404688733971], [174.710621077618, -36.5404680112439], [174.71063935545, -36.5404671180106], [174.710657499871, -36.5404662537306], [174.710675723057, -36.5404654153595], [174.71069418234, -36.5404646457095], [174.710713124192, -36.5404639772996], [174.710732749619, -36.5404634072453], [174.710753238489, -36.5404629870489], [174.710774769871, -36.5404627321683], [174.710797266391, -36.5404626797691], [174.710820628735, -36.5404628853596], [174.710844767965, -36.5404633682434], [174.710869562037, -36.5404641662271], [174.710894889106, -36.5404653261287], [174.710920672195, -36.5404669031362], [174.710946822363, -36.5404689165536], [174.710973651298, -36.5404713168377], [174.711002320225, -36.5404735735278], [174.711034054991, -36.5404750470673], [174.711070025006, -36.5404750716659], [174.711111444749, -36.540472998913], [174.711159484024, -36.5404681810365], [174.711215414131, -36.5404600138748], [174.711280094176, -36.5404479442485], [174.711280327891, -36.540447904838], [174.711287016676, -36.5404467812383], [174.711292265103, -36.5404456873269], [174.711297412871, -36.5404440810652], [174.711304614237, -36.5404418864612], [174.71131067907, -36.5404383019949], [174.711317397839, -36.540433978012], [174.711324046823, -36.540429528835], [174.711330814473, -36.5404248886615], [174.711337656717, -36.5404200851659], [174.711344596483, -36.5404151450607], [174.711351589899, -36.5404101050317], [174.711358594283, -36.5404050558309], [174.711365599063, -36.5404000246518], [174.711372605233, -36.5403950565501], [174.711379535616, -36.5403901977032], [174.711386425104, -36.5403855107079], [174.711393206297, -36.5403809785038], [174.711399868228, -36.5403766102625], [174.711406377592, -36.5403724154758], [174.71141273459, -36.5403684031549], [174.711418882988, -36.5403645560791], [174.711424812017, -36.5403608924311], [174.711430510113, -36.5403573943488], [174.711435944369, -36.5403540893466], [174.711441203925, -36.540350967131], [174.711446355782, -36.5403480267401], [174.711451489477, -36.5403452759026], [174.711456672211, -36.5403427226677], [174.711462037988, -36.5403403651118], [174.711467642445, -36.5403381934222], [174.711473552983, -36.5403362246592], [174.71147985874, -36.5403344485292], [174.711486470974, -36.5403328933479], [174.711493299951, -36.5403315423755], [174.711500290235, -36.5403304144357], [174.71150729685, -36.5403295206237], [174.711514263764, -36.5403288527299], [174.711521079901, -36.5403284393908], [174.711527677862, -36.5403282635459], [174.71153822595, -36.5403284005648], [174.71154138819, -36.5403264171692], [174.711542333576, -36.5403267371132], [174.711549361043, -36.5403293223829], [174.711556392285, -36.5403320788629], [174.711563270566, -36.5403349907755], [174.711569882625, -36.5403379876352], [174.711582091136, -36.5403440229756], [174.711589173941, -36.5403405050065], [174.711591346475, -36.5403412580301], [174.711598869667, -36.5403440344868], [174.711606453066, -36.5403470083854], [174.711613939737, -36.5403501549373], [174.711618938415, -36.5403524267992], [174.711624754266, -36.5403598429066], [174.711634526219, -36.5403627763691], [174.711641084914, -36.5403648725962], [174.711647940311, -36.5403672530095], [174.71165100339, -36.5403683718323], [174.711653705379, -36.5403738856311], [174.711656052081, -36.5403761036235]]}, "properties": {"OBJECTID": 13218, "TRACKNAME": "Perimeter Track", "CONDITIONSOFUSE": "Wenderholm Regional Park", "STATUS": "Open", "WEBLINK": "https://www.aucklandcouncil.govt.nz/en/parks-recreation/find-park-beach/park-detail/3411.html", "VALIDATIONSTATE": 3, "created_user": "AC_owner", "last_edited_user": "AC_owner", "last_edited_date": 1789875254325, "created_date": 1789875254325, "PARK_SAPSITEID": null, "TRACK_ID": null, "KAURIDIEBACK_TRACK": null, "KAURIDIEBACK_MITIGATED": null, "SegmentID": null, "GlobalID": "de2ae4b6-68cf-460d-8d1e-f46d362c1da6", "Shape__Length": 620.7983230705752, "_COUNCIL_TRACKNAME": "Perimeter Track"}}, {"type": "Feature", "id": 12180, "geometry": {"type": "LineString", "coordinates": [[175.024057426552, -36.8786646524207], [175.024028070593, -36.8786389066637], [175.023984238006, -36.8786066387674], [175.023953835307, -36.8785871388272], [175.023915919695, -36.8785614126945], [175.023874117818, -36.8785274427481], [175.023845759965, -36.8784859522063], [175.023811076502, -36.8784628117905], [175.02360689391, -36.8783878137131], [175.023561043269, -36.8783721640036], [175.023487509135, -36.8783405640924], [175.023425468057, -36.878314239281], [175.023361065719, -36.8782843133913], [175.02331028832, -36.8782541463919], [175.023253958366, -36.8781857505408], [175.023134384332, -36.8780454262275], [175.0230899922, -36.8779987286448], [175.023069019325, -36.8779790047863], [175.02304602203, -36.8779684455983], [175.022901990392, -36.8779343955781], [175.022735069118, -36.8778934345759], [175.02255173422, -36.8778414053851], [175.022411842513, -36.8777839495415], [175.022329263056, -36.8777543325327], [175.0222146624, -36.8777161303599], [175.022169004893, -36.8777077773694], [175.022118902182, -36.8777031593181], [175.022064161331, -36.8776949609033], [175.022018407862, -36.8776829682231], [175.021970137283, -36.8776618881672], [175.021923950733, -36.8776334720647], [175.021858875765, -36.8775779958313], [175.021830422902, -36.8775328471088], [175.02180670441, -36.8774949273721], [175.021789996238, -36.8774641798633], [175.021761880323, -36.8774318058676], [175.021731584204, -36.8774031192471], [175.02167833916, -36.8773656929689], [175.021634429333, -36.8773372380028], [175.021590748954, -36.8773179093173], [175.021553982655, -36.8773021042229], [175.021494604521, -36.8772903431882], [175.021419132369, -36.8772715464112], [175.021361982497, -36.8772579177477], [175.021321059616, -36.8772567934329], [175.021223360192, -36.877256626122], [175.021104447638, -36.8772616416122], [175.021054718179, -36.8772647859913], [175.020990598736, -36.8772744662562], [175.020915200734, -36.8772874208131], [175.020881565569, -36.877304423763], [175.020830351729, -36.8773436183961], [175.020752357692, -36.8774015289596], [175.020712251997, -36.8774314133977], [175.020676639978, -36.8774594007532], [175.020663784253, -36.8774888216556], [175.020632857983, -36.8775222002066], [175.020579607936, -36.8775705595718], [175.020486048406, -36.8776415061857], [175.02041047436, -36.8777048462813], [175.02025430349, -36.8778133603564], [175.020143020526, -36.8779010388755], [175.020091554476, -36.8779311162949], [175.020021932794, -36.8779615024189], [175.019956553159, -36.8779808655351], [175.019853199536, -36.8780246056114], [175.019745483037, -36.8780632913604], [175.019563233304, -36.8781426941937], [175.019517800918, -36.8781616278251], [175.019479665635, -36.8781798875949], [175.019447743436, -36.8781963562954], [175.019431332745, -36.8782075410412], [175.019416042143, -36.8782212123677], [175.019406286148, -36.8782473718049], [175.019402556094, -36.8782642084707], [175.019402997694, -36.8782809742215], [175.01941211258, -36.8783569794184], [175.019415253988, -36.8783897785278], [175.019427708027, -36.8784315495317], [175.01943789682, -36.8784733590419], [175.019450361864, -36.8785151208425], [175.019459177897, -36.8785495359593], [175.01946543417, -36.878576216342], [175.019471907404, -36.8786107073367], [175.019474120693, -36.8786419179006], [175.01947506089, -36.8786776115586], [175.019478624103, -36.8787076815573], [175.019484979653, -36.878737704086], [175.019496581237, -36.8787564792953], [175.019506597971, -36.8787674761586], [175.019513803923, -36.8787773941758], [175.01951976621, -36.8787929124031], [175.019519051508, -36.8788185936738], [175.019515596323, -36.8788454391494], [175.019503632655, -36.8788657325867], [175.019484774781, -36.8788883694439], [175.019466122876, -36.87891882611], [175.019424169767, -36.8789608280074], [175.019387650197, -36.8789982760728], [175.01936590488, -36.8790165005439], [175.01931699907, -36.8790586296063], [175.019282720412, -36.8790759494952], [175.019247033201, -36.8790921847139], [175.019203072393, -36.8791107867735], [175.019181033255, -36.8791178580697], [175.019135505558, -36.8791297900536], [175.019109470993, -36.8791436259316], [175.019077973385, -36.879160898493], [175.019056227948, -36.8791791229107], [175.019030663356, -36.8792108056044], [175.019004757637, -36.8792291097349], [175.018978722777, -36.8792429365767], [175.018940136844, -36.8792547595188], [175.018886100548, -36.8792601393312], [175.018852918571, -36.8792662823233], [175.018817319189, -36.8792858597578], [175.018762567908, -36.8793169207871], [175.018655523508, -36.8793667342596], [175.018566463711, -36.8794139977919], [175.01849369783, -36.8794464824247], [175.018429252903, -36.8794788256307], [175.018407478046, -36.8794959418284], [175.018379043697, -36.8795243202965], [175.018357562444, -36.8795525896336], [175.018342787799, -36.8795718131012], [175.018325672431, -36.8796078135421], [175.01831022329, -36.8796538352046], [175.018300196379, -36.8796952942754], [175.018291618856, -36.8797389639526], [175.018292676179, -36.8797791260965], [175.018291766656, -36.8797969963707], [175.018289484748, -36.8798160075781], [175.018292970793, -36.8798427350881], [175.018293881072, -36.8798773116483], [175.018304121383, -36.8798972277171], [175.018314783944, -36.8799327561991], [175.018315577069, -36.8799628823101], [175.018312121191, -36.8799897187512], [175.018311083055, -36.8800031297582], [175.018300674488, -36.8800300933401], [175.018295446399, -36.8800424579189], [175.018284714789, -36.8800571512354], [175.018282297276, -36.8800705856779], [175.018280073942, -36.8800918221087], [175.018280866822, -36.8801219392105], [175.018282012383, -36.8801654527017], [175.018280141493, -36.8802000765127], [175.018275442056, -36.8802325221613], [175.018266306399, -36.8802549936482], [175.01825552715, -36.880267452539], [175.018232625657, -36.8802946283673], [175.018220503411, -36.8803093453046], [175.0181977487, -36.8803420977006], [175.018183649322, -36.8803869787967], [175.018171028509, -36.880435178607], [175.018168248252, -36.8804876816979], [175.018179281471, -36.8805377148757], [175.01818417997, -36.8805635441253], [175.018201703672, -36.8805975950789], [175.018216367986, -36.8806133801255], [175.018216389703, -36.8806133527174], [175.01824901866, -36.8806454165275], [175.018267200283, -36.8806656753644], [175.018282447899, -36.8806746366387], [175.018303007495, -36.8806842196883], [175.018334116097, -36.8806921994414], [175.018348235138, -36.8806919595493], [175.018367647416, -36.8806916297188], [175.018395036792, -36.8806925793916], [175.018414497761, -36.8806936727853], [175.018435801411, -36.880698276988], [175.018451905044, -36.8807065116655], [175.018460824068, -36.8807099022385], [175.018480684429, -36.880726590395], [175.018483332816, -36.8807274647233], [175.018488915407, -36.8807370859139], [175.018501635929, -36.8807510562808], [175.018522176832, -36.8807599275797], [175.0185445529, -36.8807715977835], [175.018571179776, -36.8807768235364]]}, "properties": {"OBJECTID": 12180, "TRACKNAME": "Perimeter Walk", "CONDITIONSOFUSE": "Omana Regional Park", "STATUS": "Open", "WEBLINK": null, "VALIDATIONSTATE": 3, "created_user": "AC_owner", "last_edited_user": "AC_owner", "last_edited_date": 1789875254325, "created_date": 1789875254325, "PARK_SAPSITEID": null, "TRACK_ID": null, "KAURIDIEBACK_TRACK": null, "KAURIDIEBACK_MITIGATED": null, "SegmentID": null, "GlobalID": "ed869591-bace-4893-bbcd-d14f7febb11c", "Shape__Length": 874.8735429433367, "_COUNCIL_TRACKNAME": "Perimeter Walk"}}, {"type": "Feature", "id": 1170, "geometry": {"type": "LineString", "coordinates": [[174.558281386475, -36.8867150024666], [174.55827868518, -36.8867080847592], [174.558276000046, -36.8867014651919], [174.558273333315, -36.8866951437353], [174.558270683866, -36.8866891204043], [174.55826805168, -36.8866833942975], [174.558265436795, -36.8866779672174], [174.558262840295, -36.8866728373469], [174.558260259972, -36.8866680065177], [174.558257698035, -36.8866634728982], [174.558255152277, -36.8866592383199], [174.558252624903, -36.8866553009514], [174.55825011481, -36.8866516617082], [174.558247622, -36.8866483205906], [174.55824514647, -36.8866452775985], [174.558242689344, -36.8866425327171], [174.558240248378, -36.886640085976], [174.558237825814, -36.8866379373456], [174.558235419411, -36.8866360868555], [174.55823303141, -36.8866345344761], [174.55823066069, -36.8866332802222], [174.558228299715, -36.8866322845326], [174.55822590216, -36.8866313109555], [174.558223460433, -36.8866303172263], [174.558220974533, -36.8866293033449], [174.558218444498, -36.8866282711137], [174.558215870291, -36.8866272187304], [174.55821325079, -36.8866261462097], [174.558210587135, -36.8866250544379], [174.558207880448, -36.8866239434005], [174.558205128485, -36.8866228131267], [174.558202332351, -36.8866216627008], [174.558199490922, -36.8866204921375], [174.55819660648, -36.8866193032096], [174.558193676744, -36.8866180941442], [174.558190703958, -36.886616864912], [174.558187685896, -36.8866156164435], [174.558184623681, -36.8866143487239], [174.558181517311, -36.8866130617533], [174.55817836677, -36.8866117546305], [174.558175170935, -36.8866104273703], [174.558171932086, -36.8866090817454], [174.558168659583, -36.8866077365619], [174.558165365101, -36.8866064142006], [174.558162049781, -36.8866051155481], [174.558158713605, -36.8866038397032], [174.55815535545, -36.8866025866806], [174.558151976458, -36.8866013573668], [174.55814857659, -36.8866001499593], [174.558145154762, -36.8865989662754], [174.558141712096, -36.8865978063001], [174.558138247434, -36.8865966682461], [174.558134761933, -36.8865955539007], [174.558131254454, -36.8865944623777], [174.558127726118, -36.8865933936622], [174.558124176945, -36.8865923486555], [174.558120605792, -36.886591326471], [174.558117013784, -36.8865903270941], [174.558113400937, -36.8865893514259], [174.558109766093, -36.8865883976789], [174.558106109289, -36.8865874676553], [174.558102432769, -36.8865865613257], [174.558098728149, -36.8865856526604], [174.558094966403, -36.8865845833997], [174.558091140251, -36.8865833265979], [174.558087250778, -36.8865818804382], [174.558083295741, -36.8865802449499], [174.558079278524, -36.8865784209901], [174.55807519576, -36.8865764086028], [174.558071049694, -36.8865742077587], [174.558066839186, -36.8865718175713], [174.558062564235, -36.8865692380406], [174.558058226001, -36.8865664709541], [174.558053823324, -36.8865635145244], [174.558049356223, -36.8865603696524], [174.55804482468, -36.8865570354371], [174.558040229835, -36.8865535127649], [174.55803557167, -36.8865498007346], [174.558030847977, -36.886545901178], [174.558026060946, -36.8865418113621], [174.55802120951, -36.8865375340051], [174.558016294753, -36.8865330672901], [174.558011315573, -36.8865284121327], [174.558006021031, -36.8865238097846], [174.558000137178, -36.88651952884], [174.557993661734, -36.8865155675258], [174.557986594737, -36.8865119276444], [174.557978937307, -36.8865086091808], [174.557970689409, -36.8865056103326], [174.557961849957, -36.8865029329169], [174.557952420054, -36.8865005760175], [174.557942398597, -36.8864985405501], [174.557931786689, -36.8864968255988], [174.557920583208, -36.8864954311782], [174.557908789277, -36.8864943572733], [174.557896404895, -36.886493603884], [174.557883428958, -36.886493171926], [174.557869861466, -36.886493061399], [174.557855703504, -36.8864932704859], [174.557840955109, -36.8864938009887], [174.55782561514, -36.8864946520208], [174.557809684719, -36.8864958235674], [174.557793162742, -36.8864973165439], [174.557776156317, -36.8864991007019], [174.557759390761, -36.8865009763428], [174.557743002184, -36.8865029047258], [174.557726990624, -36.8865048876534], [174.557711356043, -36.8865069233235], [174.557696099581, -36.8865090126226], [174.557681218995, -36.8865111555804], [174.557666716529, -36.8865133521676], [174.55765259106, -36.8865156023989], [174.557638843711, -36.8865179062598], [174.557625472238, -36.8865202637799], [174.557612478867, -36.8865226740288], [174.557599862511, -36.8865251388235], [174.557587623135, -36.8865276563619], [174.557575760756, -36.8865302275452], [174.557564276498, -36.8865328523589], [174.557553169237, -36.8865355308178], [174.557542438974, -36.8865382629219], [174.557532085709, -36.8865410486714], [174.557522109423, -36.8865438871653], [174.557512511276, -36.8865467801911], [174.557503242854, -36.8865498302381], [174.557494252799, -36.8865531605654], [174.557485538869, -36.8865567712025], [174.557477102167, -36.8865606612337], [174.55746894157, -36.8865648306736], [174.557461059323, -36.886569279493], [174.5574534532, -36.8865740086225], [174.557446123201, -36.886579018062], [174.557439071552, -36.8865843068811], [174.557432296008, -36.8865898751093], [174.55742579771, -36.8865957236331], [174.557419576639, -36.8866018515513], [174.557413632796, -36.886608258864], [174.557407965077, -36.886614946487], [174.557402574585, -36.8866219135047], [174.55739746134, -36.886629160818], [174.557392625321, -36.8866366875261], [174.557388065427, -36.8866444945446], [174.557383782761, -36.8866525809578], [174.557379777322, -36.8866609467658], [174.557376024253, -36.8866695282974], [174.557372348005, -36.8866778591433], [174.557368714178, -36.8866858478153], [174.55736512279, -36.8866934952143], [174.557361572683, -36.8867007995529], [174.557358066118, -36.8867077617028], [174.557354601993, -36.8867143825798], [174.557351179149, -36.8867206603964], [174.557347798727, -36.886726596039], [174.557344460725, -36.8867321895076], [174.557341165145, -36.8867374408021], [174.557337911986, -36.8867423499227], [174.557334701249, -36.8867469168693], [174.557331532933, -36.886751141642], [174.557328405916, -36.8867550242552], [174.557325321322, -36.8867585646946], [174.557322279148, -36.88676176296], [174.557319280519, -36.8867646190366], [174.557316322067, -36.8867671329688], [174.557313407159, -36.8867693047122], [174.557310534654, -36.8867711333806], [174.557307666877, -36.8867727528699], [174.557304758828, -36.8867743233119], [174.55730181165, -36.886775845593], [174.557298824182, -36.8867773179256], [174.557295796462, -36.886778742112], [174.55729272849, -36.8867801181521], [174.557289620247, -36.8867814451449], [174.557286472855, -36.8867827230757], [174.557283285211, -36.8867839528602], [174.557280057296, -36.8867851335973], [174.55727678911, -36.8867862652871], [174.557273481794, -36.886787348816], [174.557270133086, -36.8867883833121], [174.557266745247, -36.8867893696473], [174.557263317137, -36.8867903069352], [174.557259849878, -36.8867911951609], [174.557256341246, -36.8867920352551], [174.557252793464, -36.8867928262872], [174.557249205412, -36.8867935682719], [174.557245577108, -36.8867942621103], [174.557241906253, -36.8867949051285], [174.557238177915, -36.8867954803961], [174.557234386431, -36.8867959852834], [174.557230534008, -36.8867964179587], [174.557226618438, -36.8867967802537], [174.557222641948, -36.8867970712377], [174.557218603433, -36.8867972918266], [174.557214501753, -36.886797441134], [174.557210339153, -36.8867975191305], [174.55720611451, -36.8867975258308], [174.557201827842, -36.8867974621359], [174.557197479132, -36.8867973271448], [174.557193068378, -36.8867971208575], [174.557188595601, -36.886796844175], [174.557184061884, -36.8867964952804], [174.557179465039, -36.8867960769065], [174.557174806134, -36.8867955863352], [174.557170085204, -36.8867950253687], [174.557165303353, -36.8867943930913], [174.557160458338, -36.8867936895322], [174.55715555242, -36.8867929155632], [174.557150679925, -36.8867920744548], [174.557145964434, -36.886791173601], [174.557141407053, -36.8867902120859], [174.557137007798, -36.8867891908106], [174.557132765531, -36.8867881088887], [174.557128681373, -36.8867869663056], [174.557124754219, -36.8867857639771], [174.557120985175, -36.8867845009874], [174.557117373136, -36.8867831782522], [174.557113919188, -36.8867817939548], [174.557110622263, -36.8867803508132], [174.557107483429, -36.8867788461092], [174.557104502722, -36.8867772816453], [174.55710167902, -36.886775657436], [174.557099013427, -36.8867739725656], [174.557096504821, -36.8867722270488], [174.557094153202, -36.8867704208856], [174.557091960832, -36.8867685549477], [174.557089924346, -36.8867666292793], [174.557088047072, -36.8867646420339], [174.557086310159, -36.8867626042751], [174.557084578044, -36.8867605817766], [174.557082824116, -36.8867585902105], [174.557081045026, -36.8867566305219], [174.557079244123, -36.8867547017657], [174.557077418021, -36.8867528030847], [174.557075569003, -36.8867509362519], [174.557073697048, -36.8867491003662], [174.557071801036, -36.8867472954421], [174.557069882106, -36.8867455223662], [174.5570679391, -36.8867437793509], [174.557065973177, -36.8867420681838], [174.557063983178, -36.8867403870773], [174.557061970261, -36.8867387378189], [174.557059933287, -36.8867371195222], [174.557057872255, -36.8867355321873], [174.557055788287, -36.8867339757993], [174.557053681384, -36.8867324503584], [174.557051550423, -36.8867309558792], [174.557049396544, -36.8867294932482], [174.55704721859, -36.8867280606777], [174.5570449393, -36.8867266663913], [174.557042454529, -36.8867253207676], [174.557039764222, -36.8867240211031], [174.557036868433, -36.8867227701013], [174.557033767145, -36.886721566861], [174.55703046034, -36.8867204104811], [174.557026946912, -36.8867193018773], [174.557023229108, -36.8867182410203], [174.557019304681, -36.8867172279394], [174.557015174737, -36.8867162617188], [174.557010838172, -36.8867153432743], [174.557006297247, -36.8867144734776], [174.557001549664, -36.8867136496547], [174.556996597722, -36.8867128744795], [174.556991439158, -36.8867121470804], [174.556986075076, -36.8867114665413], [174.556980504373, -36.8867108337782], [174.556974729292, -36.8867102487617], [174.55696874759, -36.886709711521], [174.55696256037, -36.8867092211403], [174.556956201104, -36.8867087681673], [174.556949946117, -36.8867082561399], [174.556943860073, -36.8867076643806], [174.556937944094, -36.8867069928749], [174.556932197057, -36.8867062416373], [174.556926617841, -36.8867054106826], [174.556921208671, -36.8867044990804], [174.556915968462, -36.8867035086475], [174.556910896056, -36.8867024375965], [174.556905993715, -36.8867012867991], [174.556901260316, -36.8867000562701], [174.55689669586, -36.8866987460094], [174.556892300328, -36.8866973551159], [174.556888073758, -36.886695885392], [174.556884017233, -36.8866943350206], [174.55688012853, -36.8866927049324], [174.55687640877, -36.8866909951126], [174.556872857952, -36.8866892055613], [174.556869477199, -36.8866873362637], [174.556866264248, -36.8866853863482], [174.556863221381, -36.8866833575876], [174.556860300389, -36.8866813073998], [174.556857437854, -36.8866793177387], [174.556854632692, -36.8866773904214], [174.556851884884, -36.8866755245467], [174.55684919557, -36.8866737210011], [174.556846562487, -36.8866719789128], [174.556843987881, -36.8866702982525], [174.556841470646, -36.8866686799359], [174.556839010765, -36.8866671230619], [174.55683660936, -36.8866656276159], [174.556834264205, -36.8866641945284], [174.556831977526, -36.8866628228688], [174.556829748201, -36.8866615126519], [174.556827576247, -36.8866602647788], [174.556825461648, -36.8866590783484], [174.556823405524, -36.8866579533459], [174.55682140565, -36.8866568907019], [174.556819464252, -36.8866558894859], [174.556817580207, -36.8866549497126], [174.556815753535, -36.8866540722831], [174.556813968328, -36.8866532474907], [174.556812068127, -36.8866523962629], [174.556810017774, -36.8866515001317], [174.556807816127, -36.8866505582105], [174.556805464308, -36.8866495704847], [174.556802961214, -36.8866485378701], [174.556800306845, -36.8866474603667], [174.556797503425, -36.886646337044], [174.556794547591, -36.886645167946], [174.556791441603, -36.8866439539445], [174.556788185443, -36.8866426941383], [174.556784778008, -36.8866413894432], [174.556781219279, -36.8866400389582], [174.556777510398, -36.8866386435695], [174.556773651344, -36.8866372023762], [174.556769641016, -36.8866357162939], [174.556765479394, -36.8866341844215], [174.556761167618, -36.8866326076455], [174.55675670455, -36.8866309850794], [174.556752091309, -36.8866293167085], [174.556747326794, -36.8866276034486], [174.556742491299, -36.886625820812], [174.556737701901, -36.8866239321113], [174.556732957497, -36.8866219382623], [174.556728259209, -36.8866198392504], [174.556723607036, -36.8866176350755], [174.556719000942, -36.8866153239354], [174.556714440983, -36.8866129085335], [174.556709927121, -36.8866103870675], [174.556705459374, -36.8866077604386], [174.556701037726, -36.8866050277456], [174.556696662193, -36.8866021898897], [174.556692332757, -36.8865992459698], [174.556688049437, -36.8865961968869], [174.556683812233, -36.8865930426411], [174.556679621127, -36.8865897823313], [174.556675476118, -36.8865864159574], [174.556671377243, -36.8865829453218], [174.556667323344, -36.8865793686369], [174.556663316665, -36.8865756858732], [174.556659356101, -36.8865718979466], [174.556655449909, -36.8865680245791], [174.556651686012, -36.8865642512014], [174.556648085591, -36.8865606262097], [174.556644647524, -36.8865571496189], [174.556641372915, -36.8865538205131], [174.556638260661, -36.8865506398081], [174.556635311863, -36.8865476065882], [174.556632526524, -36.8865447208532], [174.55662990466, -36.8865419835045], [174.556627445133, -36.8865393936555], [174.556625149081, -36.8865369521928], [174.556623015365, -36.8865346582298], [174.556621046246, -36.8865325126383], [174.556619239463, -36.8865305145467], [174.556617595034, -36.886528664856], [174.556616115184, -36.8865269626357], [174.556614797688, -36.8865254088163], [174.556613642527, -36.8865240024968], [174.556612651964, -36.8865227445489], [174.556611823737, -36.8865216341008], [174.556611157845, -36.8865206711525], [174.556610570017, -36.8865197396306], [174.556609927585, -36.8865186610001], [174.556609228268, -36.886517433488], [174.556608472048, -36.8865160561934], [174.556607660065, -36.8865145300025], [174.55660679118, -36.886512854029], [174.556605865391, -36.8865110282728], [174.55660488384, -36.8865090536204], [174.556603846525, -36.8865069300718], [174.556602752308, -36.8865046567406], [174.556601601206, -36.8865022345278], [174.556600394324, -36.8864996625177], [174.556599130556, -36.8864969416261], [174.556597811026, -36.8864940718382], [174.556596434593, -36.8864910522677], [174.556595002379, -36.8864878828998], [174.55659351328, -36.8864845646504], [174.556591967297, -36.8864810975195], [174.556590365533, -36.8864774805912], [174.556588706867, -36.8864737138802], [174.556587005991, -36.8864698026023], [174.556585400736, -36.8864657927239], [174.5565839261, -36.8864616946029], [174.556582584344, -36.8864575091111], [174.556581373224, -36.8864532362778], [174.556580293861, -36.8864488760884], [174.556579346257, -36.8864444285429], [174.556578530411, -36.8864398936413], [174.556577846304, -36.8864352704824], [174.556577293973, -36.8864305608686], [174.556576873382, -36.8864257629975], [174.556576584549, -36.8864208777703], [174.55657642637, -36.8864159061028], [174.556576401034, -36.8864108452623], [174.556576506352, -36.8864056979815], [174.55657674455, -36.8864004633299], [174.556577113384, -36.8863951413368], [174.556577613957, -36.8863897310866], [174.556578246287, -36.8863842334802], [174.556579010394, -36.8863786494188], [174.556579905118, -36.8863729771149], [174.55658089316, -36.88636725852], [174.556581908545, -36.8863615602983], [174.556582951294, -36.8863558833508], [174.556584020283, -36.8863502276923], [174.556585116616, -36.886344592407], [174.556586241452, -36.8863389792824], [174.556587391389, -36.8863333865603], [174.55658856981, -36.8863278150978], [174.556589775575, -36.8863222640084], [174.556591007599, -36.8863167351091], [174.556592266967, -36.886311226583], [174.556593553698, -36.8863057393312], [174.556594866652, -36.8863002724671], [174.556596206986, -36.8862948277785], [174.556597575786, -36.8862894034483], [174.556598969705, -36.8862840004218], [174.556600392108, -36.8862786186549], [174.556601841874, -36.8862732581622], [174.556603317862, -36.8862679180574], [174.556604821213, -36.8862625992268], [174.556606338464, -36.8862573018469], [174.556607734998, -36.8862520276814], [174.556608970431, -36.8862467772595], [174.556610046986, -36.8862415496506], [174.556610963562, -36.8862363457706], [174.556611721279, -36.8862311656049], [174.556612319016, -36.886226009168], [174.556612756754, -36.8862208755589], [174.556613034513, -36.8862157656786], [174.556613153413, -36.8862106795126], [174.556613112333, -36.8862056170755], [174.556612911273, -36.8862005783673], [174.556612551337, -36.8861955624721], [174.556612031421, -36.8861905703059], [174.556611352646, -36.8861856018538], [174.556610512771, -36.8861806571453], [174.556609514018, -36.8861757352499], [174.556608356426, -36.8861708379697], [174.556607037715, -36.8861659635321], [174.556605560145, -36.8861611128086], [174.556603922577, -36.8861562849128], [174.556602234162, -36.8861514396558], [174.556600674176, -36.8861465088891], [174.556599244807, -36.8861414898798], [174.556597948317, -36.8861363834997], [174.556596783585, -36.8861311897634], [174.556595749488, -36.8861259086856], [174.556594847149, -36.8861205402518], [174.556594077671, -36.886115083546], [174.556593438846, -36.8861095403999], [174.556592931761, -36.8861039089965], [174.556592556451, -36.8860981911381], [174.55659231288, -36.8860923850225], [174.556592199944, -36.8860864915655], [174.556592219888, -36.8860805107377], [174.55659237157, -36.8860744416525], [174.556592653906, -36.8860682861272], [174.556593069121, -36.886062043231], [174.556593614953, -36.8860557120922], [174.556594292542, -36.8860492935974], [174.556595101888, -36.8860427877464], [174.556596035413, -36.8860362081591], [174.556596997563, -36.8860297120238], [174.556597962329, -36.8860233447496], [174.556598930833, -36.8860171063218], [174.556599900814, -36.8860109958687], [174.556600873411, -36.8860050142768], [174.556601849728, -36.8859991606301], [174.55660282754, -36.8859934358592], [174.556603807968, -36.8859878399495], [174.556604791013, -36.8859823729008], [174.556605777777, -36.8859770337975], [174.556606766036, -36.8859718235699], [174.556607756912, -36.8859667422035], [174.556608751508, -36.8859617887824], [174.556609747598, -36.8859569642371], [174.556610746304, -36.8859522685529], [174.556611748731, -36.885947700814], [174.556612752653, -36.8859432619509], [174.55661375919, -36.8859389519489], [174.556614769448, -36.8859347698922], [174.556615781201, -36.8859307167113], [174.556616766902, -36.8859267621207], [174.556617673834, -36.8859228518278], [174.556618500873, -36.8859189858471], [174.556619250246, -36.8859151632484], [174.556619919727, -36.885911384962], [174.556620510438, -36.8859076509732], [174.556621021238, -36.8859039603957], [174.55662145325, -36.8859003132147], [174.556621806492, -36.8858967103313], [174.556622079842, -36.8858931517603], [174.556622274404, -36.8858896365859], [174.556622390196, -36.8858861657091], [174.556622427218, -36.88588273913], [174.556622384329, -36.8858793559621], [174.556622261531, -36.8858760162054], [174.556622061084, -36.8858727207317], [174.556621780745, -36.8858694695704], [174.556621420496, -36.8858662618203], [174.5566209826, -36.8858630983531], [174.556620464793, -36.8858599782972], [174.556619871636, -36.8858569051983], [174.556619264311, -36.8858539079997], [174.556618657621, -36.885850997324], [174.556618052669, -36.8858481722553], [174.556617450578, -36.885845432779], [174.556616849103, -36.8858427789244], [174.556616249366, -36.8858402106769], [174.556615652489, -36.8858377280217], [174.556615056229, -36.8858353309882], [174.556614461726, -36.8858330204629], [174.556613870064, -36.8858307946288], [174.556613279037, -36.8858286553176], [174.556612689749, -36.8858266016134], [174.55661210332, -36.8858246335015], [174.556611517508, -36.8858227510114], [174.556610934557, -36.8858209541136], [174.556610352221, -36.8858192428376], [174.556609771643, -36.8858176180697], [174.556609193924, -36.8858160788942], [174.556608616804, -36.8858146244392], [174.55660804144, -36.8858132564925], [174.556607391653, -36.8858118705922], [174.556606526684, -36.8858102765914], [174.556605445358, -36.8858084718015], [174.55660414429, -36.8858064553655], [174.556602626846, -36.8858042272392], [174.556600890782, -36.8858017874521], [174.55659893722, -36.8857991359894], [174.556596766179, -36.8857962737522], [174.556594377639, -36.8857931998394], [174.556591770481, -36.8857899142658], [174.556588945824, -36.8857864170165], [174.55658590367, -36.8857827080915], [174.556582642915, -36.8857787884067], [174.556579165784, -36.8857746570316], [174.556575470033, -36.8857703139954], [174.556571556785, -36.8857657592835], [174.556567424918, -36.8857609929105], [174.556563076694, -36.8857560157482], [174.556558509851, -36.8857508269248], [174.556553725511, -36.8857454264256], [174.55654874094, -36.8857398356571], [174.556543806766, -36.8857343505893], [174.556538998896, -36.8857290621672], [174.556534318449, -36.885723970376], [174.556529763184, -36.8857190752453], [174.556525335324, -36.8857143758444], [174.556521034908, -36.8857098739756], [174.556516860775, -36.8857055678515], [174.556512812963, -36.8857014592742], [174.556508891435, -36.8856975464416], [174.55650509735, -36.8856938311412], [174.556501429549, -36.8856903115854], [174.55649788805, -36.8856869886754], [174.556494473993, -36.8856838632977], [174.55649118622, -36.8856809336647], [174.556488024749, -36.8856782006775], [174.55648498958, -36.8856756643361], [174.556482081835, -36.885673324626], [174.556479301514, -36.885671181547], [174.556476646373, -36.8856692351286], [174.556474118656, -36.8856674853413], [174.556471623301, -36.8856657820011], [174.556468978293, -36.8856638372525], [174.556466180121, -36.8856616439305], [174.556463228803, -36.8856592029363], [174.556460124339, -36.8856565142698], [174.556456866711, -36.8856535770299], [174.556453455919, -36.8856503912167], [174.556449890877, -36.8856469586469], [174.556446173793, -36.885643277489], [174.556442302424, -36.8856393477724], [174.556438279031, -36.8856351703687], [174.556434101352, -36.8856307444062], [174.556429770527, -36.8856260707713], [174.556425287679, -36.8856211494494], [174.556420650546, -36.8856159795685], [174.556415860267, -36.8856105620153], [174.556410915704, -36.8856048959031], [174.556405819117, -36.8855989821038], [174.556400569384, -36.885592820632], [174.556395166489, -36.8855864105865], [174.556389616387, -36.8855797690153], [174.556384025993, -36.8855731324784], [174.556378427169, -36.8855665780761], [174.556372819914, -36.8855601058083], [174.55636720535, -36.8855537156603], [174.556361583477, -36.8855474076322], [174.556355953156, -36.8855411808374], [174.556350315545, -36.8855350370636], [174.556344670624, -36.8855289754096], [174.556339017273, -36.8855229958901], [174.556333356614, -36.8855170984904], [174.556327687505, -36.8855112823241], [174.556322011106, -36.8855055491788], [174.556316326277, -36.885499898168], [174.55631063412, -36.8854943283759], [174.556304934673, -36.8854888416047], [174.556299226795, -36.885483436968], [174.55629351159, -36.88547811355], [174.556287787972, -36.8854728731676], [174.556282057027, -36.885467714004], [174.556276318792, -36.8854626378613], [174.556270630039, -36.885457622363], [174.556265108855, -36.8854526254008], [174.556259758607, -36.8854476469307], [174.556254578173, -36.8854426869674], [174.556249567533, -36.8854377446096], [174.556244727811, -36.885432819843], [174.556240057902, -36.8854279135831], [174.556235558909, -36.8854230249142], [174.556231229712, -36.8854181538511], [174.556227070327, -36.8854133012949], [174.556223081878, -36.8854084672309], [174.556219263224, -36.8854036507727], [174.556215615486, -36.8853988519056], [174.556212137543, -36.8853940706444], [174.556208829413, -36.8853893078902], [174.556205692218, -36.8853845636282], [174.556202724818, -36.8853798369721], [174.556199928334, -36.8853751279072], [174.556197301663, -36.8853704373494], [174.556194845909, -36.8853657643827], [174.556192544299, -36.8853611119311], [174.556190157371, -36.8853565128763], [174.556187602369, -36.8853519809213], [174.556184881499, -36.8853475142346], [174.556181993677, -36.885343114633], [174.556178937744, -36.8853387803291], [174.556175715944, -36.8853345112933], [174.556172326069, -36.8853303093573], [174.556168769205, -36.8853261727042], [174.556165045388, -36.8853221031362], [174.556161154564, -36.8853180979499], [174.556157096788, -36.8853141598487], [174.556152870919, -36.8853102879461], [174.556148479183, -36.8853064813115], [174.556143919354, -36.8853027408756], [174.556139192554, -36.8852990666234], [174.556134299906, -36.8852954585405], [174.556129239147, -36.8852919157549], [174.556124011417, -36.8852884391532], [174.556118615613, -36.885285029651], [174.556113053923, -36.8852816845156], [174.556107371933, -36.8852784383033], [174.55610166635, -36.8852753564484], [174.556095941697, -36.8852724406945], [174.55609019687, -36.8852696919574], [174.556084431851, -36.8852671093359], [174.556078646641, -36.88526469283], [174.556072842378, -36.8852624433263], [174.556067017924, -36.8852603599382], [174.5560611744, -36.885258442651], [174.55605530958, -36.8852566923953], [174.55604942569, -36.8852551082405], [174.556043521626, -36.8852536911025], [174.556037598492, -36.8852524400654], [174.556031655184, -36.8852513560451], [174.556025691665, -36.8852504372392], [174.556019707991, -36.8852496863513], [174.556013705228, -36.8852491006632], [174.556007682291, -36.8852486819917], [174.556001639162, -36.885248429436], [174.555995575859, -36.8852483438969], [174.555989495509, -36.8852484136159], [174.55598343151, -36.8852484596849], [174.555977394905, -36.8852484179623], [174.555971387935, -36.8852482884186], [174.55596540834, -36.8852480701822], [174.555959457278, -36.8852477650406], [174.555953534711, -36.8852473711916], [174.555947639556, -36.885246890452], [174.555941774019, -36.8852463209904], [174.555935935893, -36.8852456646383], [174.555930126264, -36.8852449195787], [174.555924345149, -36.8852440867129], [174.555918592567, -36.8852431669419], [174.555912867359, -36.8852421584782], [174.555907171788, -36.8852410621935], [174.55590150361, -36.8852398781173], [174.555895863946, -36.8852386062347], [174.555890252797, -36.8852372465459], [174.555884669042, -36.8852357990655], [174.555879114922, -36.8852342637642], [174.555873588196, -36.8852326406713], [174.55586813835, -36.8852309354483], [174.555862870059, -36.8852291638504], [174.555857787791, -36.8852273249178], [174.555852890444, -36.8852254195662], [174.555848179139, -36.885223447781], [174.555843652736, -36.8852214086758], [174.555839312375, -36.8852193031371], [174.555835156934, -36.8852171311795], [174.555831187517, -36.8852148918873], [174.555827403021, -36.8852125861763], [174.555823803445, -36.8852102140465], [174.555820389892, -36.8852077745821], [174.555817162382, -36.8852052686843], [174.555814119791, -36.8852026963677], [174.555811262103, -36.8852000567312], [174.555808590457, -36.8851973506614], [174.555806103731, -36.8851945781729], [174.555803803028, -36.8851917383499], [174.555801687246, -36.8851888321082], [174.555799757488, -36.885185858532], [174.555798004889, -36.8851828231456], [174.555796280645, -36.8851798027111], [174.55579453146, -36.8851768249675], [174.555792756211, -36.8851738899293], [174.555790954918, -36.8851709984978], [174.555789127578, -36.8851681506729], [174.555787275298, -36.8851653455389], [174.555785396972, -36.8851625840115], [174.555783492601, -36.8851598660907], [174.555781562148, -36.8851571899743], [174.55577960679, -36.885154558351], [174.555777625368, -36.8851519694331], [174.55577561678, -36.8851494241366], [174.555773584372, -36.8851469215163], [174.555771524796, -36.8851444625172], [174.555769440279, -36.8851420462089], [174.555767328595, -36.885139673522], [174.555765191969, -36.8851373435259], [174.55576303042, -36.8851350571217], [174.555760841704, -36.8851328143388], [174.555758628046, -36.8851306142467], [174.555756356603, -36.8851284419523], [174.555753955989, -36.885126263237], [174.555751423906, -36.8851240754268], [174.555748760371, -36.8851218794229], [174.555745964264, -36.8851196752399], [174.555743036705, -36.8851174628632], [174.555739977695, -36.8851152422926], [174.555736787234, -36.8851130135283], [174.555733465303, -36.885110775669], [174.555730010799, -36.8851085296306], [174.555726424863, -36.8851062762996], [174.555722706335, -36.8851040138882], [174.555718857478, -36.8851017432683], [174.555714876029, -36.8850994635681], [174.555710763148, -36.8850971765752], [174.555706518798, -36.8850948804872], [174.555702141892, -36.8850925771211], [174.555697633518, -36.88509026466], [174.555692993692, -36.885087944005], [174.555688222416, -36.885085615156], [174.555683323035, -36.8850832771679], [174.555678383953, -36.8850809180666], [174.55567343989, -36.8850785346934], [174.555668488585, -36.8850761261765], [174.555663531141, -36.8850736916002], [174.555658567594, -36.8850712327667], [174.555653599031, -36.8850687478591], [174.555648623243, -36.8850662387089], [174.555643641316, -36.8850637034993], [174.555638653269, -36.8850611431313], [174.55563366024, -36.8850585584914], [174.555628659952, -36.8850559478068], [174.555623653561, -36.8850533128649], [174.555618642152, -36.8850506518489], [174.555613623502, -36.8850479656892], [174.55560859873, -36.8850452543711], [174.555603568979, -36.8850425187812], [174.555598531966, -36.8850397571465], [174.555593489955, -36.8850369703387], [174.555588440701, -36.8850341583873], [174.555583386448, -36.8850313212629], [174.555578359174, -36.8850284864891], [174.555573440982, -36.8850257187907], [174.555568635293, -36.885023020827], [174.555563942107, -36.885020392598], [174.555559361423, -36.8850178341038], [174.555554892138, -36.8850153462602], [174.555550536459, -36.8850129272356], [174.555546292161, -36.8850105779605], [174.555542159243, -36.8850082984348], [174.55553813995, -36.8850060886293], [174.555534232055, -36.8850039494744], [174.555530437767, -36.8850018791386], [174.555526754859, -36.8849998785523], [174.55552318335, -36.8849979486167], [174.555519725447, -36.8849960875002], [174.555516378943, -36.8849942970343], [174.555513146044, -36.8849925753876], [174.555510024545, -36.8849909243915], [174.555507015529, -36.8849893422293], [174.555504117912, -36.8849878307178], [174.555501327115, -36.8849863854101], [174.555498510536, -36.8849849413414], [174.555495613779, -36.8849834721826], [174.555492639069, -36.8849819770034], [174.55548958306, -36.8849804567489], [174.555486449099, -36.884978910474], [174.555483234961, -36.884977339109], [174.555479940644, -36.884975742654], [174.555476568376, -36.8849741201786], [174.55547311593, -36.8849724726131], [174.555469583307, -36.8849707999577], [174.555465972731, -36.8849691012817], [174.55546228196, -36.8849673766145], [174.555458511011, -36.8849656268573], [174.555454662128, -36.8849638519807], [174.555450731946, -36.8849620520288], [174.555446723812, -36.8849602260562], [174.555442635482, -36.8849583740925], [174.555438468096, -36.884956497024], [174.555434221655, -36.8849545948507], [174.555429895036, -36.8849526675874], [174.555425510877, -36.8849507248526], [174.555421122433, -36.8849487920888], [174.55541673314, -36.8849468728564], [174.555412342946, -36.884944964452], [174.555407951886, -36.884943068678], [174.55540355882, -36.8849411846478], [174.55539916487, -36.8849393123468], [174.555394768933, -36.8849374526908], [174.555390372112, -36.884935604764], [174.555385974426, -36.8849337694675], [174.555381574715, -36.8849319450136], [174.555377175261, -36.8849301331755], [174.555372772697, -36.8849283339969], [174.555368370353, -36.8849265456318], [174.555363966022, -36.8849247699116], [174.555359560825, -36.8849230068218], [174.555355153603, -36.8849212545746], [174.555350745517, -36.8849195149578], [174.555346336564, -36.8849177879713], [174.55534192671, -36.8849160718128], [174.555337506997, -36.884914367501], [174.555332911016, -36.8849126582857], [174.555328067912, -36.8849109360807], [174.55532297544, -36.8849092009155], [174.555317634742, -36.8849074536764], [174.555312045816, -36.8849056943634], [174.555306208646, -36.8849039220754], [174.555300123248, -36.8849021377134], [174.555293790727, -36.8849003403616], [174.555287208857, -36.8848985309504], [174.555280378742, -36.884896708564], [174.5552733004, -36.8848948741034], [174.555265973813, -36.8848930266676], [174.55525840012, -36.8848911671428], [174.555250577061, -36.8848892946574], [174.555242505775, -36.8848874100976], [174.555234186244, -36.8848855125623], [174.555225619608, -36.8848836029379], [174.555216803623, -36.8848816812537], [174.555207739393, -36.8848797465939], [174.555198426918, -36.8848777989583], [174.55518897464, -36.8848758738834], [174.555179659263, -36.8848740596867], [174.555170495461, -36.8848723606827], [174.555161483216, -36.8848707759705], [174.555152621443, -36.884869307367], [174.555143911245, -36.8848679539565], [174.555135353744, -36.8848667157242], [174.555126946696, -36.8848655926997], [174.555118690102, -36.8848645848828], [174.555110586205, -36.8848636922444], [174.5551026339, -36.8848629157002], [174.555094832031, -36.8848622534627], [174.555087181737, -36.8848617064183], [174.555079683036, -36.8848612754682], [174.555072335891, -36.8848609588103], [174.555065140339, -36.8848607582468], [174.555058095223, -36.8848606719901], [174.555051201699, -36.8848607018278], [174.55504445975, -36.8848608468589], [174.555037869357, -36.8848611061822], [174.555031430539, -36.8848614806989], [174.555025124982, -36.8848619526214], [174.555018948051, -36.8848625147994], [174.555012897486, -36.8848631663612], [174.555006974407, -36.8848639072921], [174.555001178834, -36.8848647384933], [174.554995510747, -36.8848656590637], [174.554989971287, -36.8848666698897], [174.554984558192, -36.8848677700995], [174.554979272584, -36.8848689596785], [174.55497411336, -36.8848702395426], [174.554969082762, -36.8848716096624], [174.55496417965, -36.8848730691515], [174.554959404026, -36.8848746180098], [174.554954754785, -36.8848762571532], [174.554950234152, -36.8848779856513], [174.554945839884, -36.8848798035333], [174.554941574243, -36.8848817116712], [174.554937434986, -36.8848837100942], [174.554933424336, -36.8848857978719], [174.554929540052, -36.8848879750336], [174.554925771561, -36.8848902182823], [174.554922083931, -36.8848924649793], [174.554918477051, -36.8848947097181], [174.554914949818, -36.8848969534143], [174.554911503355, -36.8848991960533], [174.554908136556, -36.884901438551], [174.554904849387, -36.884903679105], [174.554901642987, -36.8849059186018], [174.554898516234, -36.8849081570562], [174.554895469146, -36.8849103953692], [174.554892502809, -36.8849126317239], [174.554889616119, -36.8849148670362], [174.554886809095, -36.8849171022072], [174.554884082822, -36.8849193354198], [174.554881436196, -36.8849215675901], [174.554878869217, -36.8849237987179], [174.554876383025, -36.8849260296897], [174.554873976463, -36.8849282587179], [174.554871649548, -36.8849304867037], [174.554869403401, -36.8849327136324], [174.554867236957, -36.8849349422221], [174.55486517187, -36.8849372442987], [174.554863214387, -36.8849396513282], [174.554861366772, -36.8849421641825], [174.554859627902, -36.8849447828762], [174.554857997777, -36.8849475074094], [174.554856476398, -36.8849503377821], [174.554855063764, -36.8849532739941], [174.554853759857, -36.8849563151445], [174.554852565835, -36.8849594630208], [174.554851479419, -36.8849627158502], [174.554850502888, -36.8849660754054], [174.554849635084, -36.8849695398989], [174.554848874904, -36.8849731102467], [174.554848224591, -36.8849767864192], [174.554847684145, -36.8849805684164], [174.554847251322, -36.8849844562679], [174.554846927246, -36.8849884499588], [174.554846713018, -36.8849925485733], [174.554846606431, -36.8849967539432], [174.554846609694, -36.8850010642367], [174.554846616999, -36.8850054078278], [174.55484633573, -36.8850095758237], [174.554845747721, -36.8850135576455], [174.55484485183, -36.8850173524068], [174.554843650301, -36.8850209600783], [174.554842142012, -36.8850243806747], [174.554840326982, -36.8850276150971], [174.554838205193, -36.8850306624443], [174.554835776626, -36.8850335218151], [174.554833041335, -36.885036195913], [174.554830000388, -36.8850386820199], [174.554826651578, -36.8850409819674], [174.55482299599, -36.8850430939384], [174.554819034782, -36.8850450197206], [174.554814765711, -36.8850467593432], [174.554810190984, -36.8850483109747], [174.554805308394, -36.8850496764466], [174.554800120147, -36.8850508539272], [174.554794625159, -36.8850518452335], [174.554788822308, -36.8850526503801], [174.55478272283, -36.8850532701212], [174.5547765912, -36.8850537983434], [174.554770557336, -36.8850542784147], [174.554764622363, -36.8850547103205], [174.554758784035, -36.8850550940902], [174.554753044597, -36.8850554296944], [174.554747402908, -36.8850557162467], [174.554741857884, -36.8850559555641], [174.554736411749, -36.885056146716], [174.554731063363, -36.885056288816], [174.554725812764, -36.8850563836665], [174.55472065881, -36.8850564303808], [174.554715603728, -36.8850564280287], [174.554710646432, -36.885056378427], [174.554705786886, -36.8850562797736], [174.554701025125, -36.8850561338705], [174.554696361114, -36.8850559389157], [174.554691796011, -36.8850556966967], [174.554687327536, -36.8850554054406], [174.554682956847, -36.885055066935], [174.554678683907, -36.8850546793776], [174.554674483482, -36.8850542710412], [174.554670278636, -36.8850539213513], [174.554666064992, -36.8850536357733], [174.554661841427, -36.8850534143222], [174.554657610167, -36.8850532560672], [174.554653368968, -36.8850531610378], [174.554649118988, -36.8850531310216], [174.554644860192, -36.8850531642163], [174.554640591475, -36.8850532615377], [174.554636315063, -36.8850534220553], [174.554632028748, -36.8850536476008], [174.554627733617, -36.8850539363571], [174.554623429669, -36.8850542883244], [174.5546191158, -36.8850547044184], [174.554614793132, -36.8850551846244], [174.554610461665, -36.8850557289423], [174.554606121381, -36.8850563364713], [174.554601772299, -36.8850570081122], [174.554597414418, -36.8850577438652], [174.554593046597, -36.8850585428437], [174.554588668893, -36.8850594077511], [174.554584219171, -36.8850604286359], [174.554579670246, -36.885061648218], [174.55457501991, -36.8850630683288], [174.554570268126, -36.8850646871663], [174.554565416017, -36.8850665047157], [174.55456046362, -36.8850685227792], [174.554555409775, -36.8850707395693], [174.55455025564, -36.8850731568735], [174.55454500118, -36.8850757728896], [174.554539645291, -36.8850785885333], [174.554534187954, -36.8850816029036], [174.55452863145, -36.8850848177732], [174.554522973498, -36.8850882313693], [174.554517214135, -36.8850918454941], [174.554511354446, -36.8850956583307], [174.554505394449, -36.8850996707802], [174.554499333004, -36.8851038819562], [174.554493171269, -36.8851082936461], [174.554486908087, -36.8851129040624], [174.554480544596, -36.8851177140916], [174.55447412728, -36.8851226365941], [174.554467803278, -36.885127401939], [174.554461580075, -36.8851319920008], [174.554455459897, -36.8851364058492], [174.554449441659, -36.885140645301], [174.554443525344, -36.8851447094552], [174.554437712054, -36.885148597396], [174.554432000685, -36.8851523100391], [174.554426391239, -36.8851558473847], [174.554420883715, -36.8851592094326], [174.554415479235, -36.8851623961683], [174.554410176659, -36.8851654067054], [174.554404976024, -36.885168242846], [174.554399877292, -36.8851709027879], [174.554394881605, -36.8851733874177], [174.55438998784, -36.8851756967499], [174.554385195997, -36.8851778307847], [174.554380507199, -36.8851797895073], [174.554375920305, -36.8851815720313], [174.554371435352, -36.8851831801589], [174.554367052339, -36.8851846138902], [174.554362773541, -36.8851859299816], [174.554358600717, -36.8851871599579], [174.554354531589, -36.8851883020461], [174.554350568417, -36.8851893571181], [174.554346708959, -36.8851903252033], [174.554342955457, -36.8851912062722], [174.554339306791, -36.8851920003396], [174.554335762959, -36.8851927074055], [174.554332323945, -36.8851933265687], [174.554328989784, -36.8851938596315], [174.554325761561, -36.8851943047771], [174.554322637052, -36.8851946629358], [174.5543196185, -36.8851949340784], [174.554316704783, -36.8851951182195], [174.554313895901, -36.8851952153592], [174.554311191854, -36.8851952254974], [174.554308592625, -36.8851951477331], [174.554306098249, -36.8851949838684], [174.554303709811, -36.8851947320864], [174.554301425087, -36.8851943933178], [174.554299204679, -36.8851940167516], [174.554296917075, -36.8851937573408], [174.554294552437, -36.8851936278332], [174.554292109642, -36.8851936282435], [174.554289589811, -36.8851937585571], [174.554286991806, -36.8851940178875], [174.554284316765, -36.8851944071211], [174.554281564671, -36.8851949253567], [174.554278735541, -36.8851955734956], [174.554275828255, -36.8851963515524], [174.554272842812, -36.885197259527], [174.554269781437, -36.8851982964891], [174.554266641905, -36.885199463369], [174.554263425337, -36.885200760152], [174.554260130595, -36.8852021859519], [174.554256758817, -36.8852037416548], [174.554253310003, -36.885205427261], [174.554249783015, -36.8852072418839], [174.554246178991, -36.8852091864099], [174.554242497931, -36.8852112608391], [174.554238739836, -36.8852134651714], [174.554234957997, -36.885215826652], [174.554231178488, -36.8852183584604], [174.554227403609, -36.8852210632705], [174.554223631061, -36.8852239384084], [174.554219862001, -36.8852269856616], [174.554216097535, -36.8852302041143], [174.554212335417, -36.8852335937959], [174.554208577892, -36.885237154677], [174.554204822734, -36.885240887688], [174.554201071047, -36.8852447919132], [174.554197323952, -36.885248867338], [174.554193579206, -36.8852531139916], [174.554189839071, -36.8852575327458], [174.554186101285, -36.885262122729], [174.554182368091, -36.8852668839116], [174.554178637246, -36.8852718163231], [174.55417490989, -36.8852769208499], [174.554171187126, -36.8852821965762], [174.554167466711, -36.8852876435314], [174.554163750889, -36.8852932616861], [174.554160046769, -36.8852989590079], [174.554156389539, -36.8853044231636], [174.554152779826, -36.8853096298079], [174.554149218734, -36.8853145780252], [174.55414570516, -36.8853192687312], [174.554142240208, -36.8853237010102], [174.554138822773, -36.8853278757779], [174.554135453978, -36.8853317930197], [174.5541321327, -36.8853354527502], [174.554128860044, -36.8853388540537], [174.55412563601, -36.8853419969302], [174.554122459512, -36.8853448831965], [174.554119331635, -36.8853475110358], [174.554116251258, -36.8853498804627], [174.554113219521, -36.8853519923638], [174.554110235302, -36.8853538467536], [174.554107299724, -36.8853554436175], [174.554104411645, -36.8853567820691], [174.554101572187, -36.8853578620936], [174.554098781388, -36.8853586854934], [174.554096034797, -36.8853592541294], [174.554093135721, -36.8853597733821], [174.55408996985, -36.885360361023], [174.554086540513, -36.8853610152059], [174.554082844398, -36.8853617386782], [174.554078882574, -36.8853625287217], [174.554074656198, -36.8853633871241], [174.55407016413, -36.8853643129989], [174.554065406388, -36.8853653072471], [174.554060382954, -36.8853663689676], [174.554055094951, -36.8853674981456], [174.554049540133, -36.8853686948106], [174.554043720764, -36.8853699598342], [174.554037635721, -36.8853712932311], [174.554031284968, -36.885372693199], [174.554024669662, -36.8853741615254], [174.554017787562, -36.8853756982396], [174.554010640872, -36.88537730151], [174.554003228509, -36.8853789731534], [174.553995550453, -36.8853807122688], [174.553987607845, -36.8853825197424], [174.553979532649, -36.8853844290014], [174.553971796297, -36.8853865582683], [174.553964437168, -36.8853889187587], [174.553957457489, -36.8853915095422], [174.553950855032, -36.8853943315496], [174.553944630922, -36.885397384766], [174.553938786259, -36.8854006682758], [174.553933318821, -36.8854041830095], [174.553928229709, -36.8854079280513], [174.553923518942, -36.8854119043025], [174.553919186521, -36.885416111763], [174.553915232427, -36.8854205495318], [174.553911655556, -36.8854252185247], [174.553908458134, -36.8854301178114], [174.553905639058, -36.8854352483075], [174.553903197205, -36.8854406100278], [174.553901134802, -36.8854462020419], [174.553899449604, -36.8854520243791], [174.553898143891, -36.8854580788124], [174.553897215384, -36.8854643635688], [174.553896661767, -36.8854708750732], [174.553896228884, -36.885477364267], [174.553895765607, -36.8854836825986], [174.553895273058, -36.8854898300533], [174.553894750097, -36.8854958057448], [174.553894196743, -36.885501610574], [174.553893612994, -36.8855072445411], [174.553892998852, -36.885512707646], [174.553892355419, -36.8855179989729], [174.553891681611, -36.8855231203388], [174.553890977391, -36.8855280699413], [174.553890243881, -36.8855328477659], [174.553889478873, -36.8855374556441], [174.553888684575, -36.8855418917443], [174.553887859883, -36.8855461569823], [174.553887004797, -36.8855502513581], [174.553886119299, -36.8855541739706], [174.553885204548, -36.8855579266074], [174.553884259384, -36.8855615074808], [174.553883283827, -36.8855649174921], [174.553882277857, -36.8855681557401], [174.553881205779, -36.8855712326067], [174.553879929109, -36.8855741805495], [174.553878436684, -36.8855770024189], [174.5538767274, -36.8855796991304], [174.553874803484, -36.8855822697536], [174.55387266269, -36.885584714318], [174.553870306142, -36.8855870328087], [174.553867733857, -36.8855892261269], [174.553864944695, -36.8855912933861], [174.553861939796, -36.8855932354728], [174.553858719125, -36.8855950505848], [174.553855282734, -36.8855967414253], [174.553851629449, -36.8855983053056], [174.553847761549, -36.8855997439986], [174.553843676772, -36.8856010566326], [174.553839375118, -36.8856022432074], [174.553834858849, -36.885603304595], [174.553830125704, -36.8856042399233], [174.553825176803, -36.8856050491779], [174.553820012166, -36.8856057332597], [174.553814634036, -36.8856062921393], [174.553809290517, -36.8856068424538], [174.553804134497, -36.8856074534115], [174.553799167133, -36.8856081268], [174.553794387303, -36.8856088626341], [174.553789796093, -36.8856096590968], [174.553785392436, -36.8856105189062], [174.553781176278, -36.8856114393589], [174.553777148775, -36.8856124222427], [174.553773309911, -36.8856134666562], [174.553769658563, -36.8856145726143], [174.553766194749, -36.8856157410181], [174.553762919574, -36.8856169709518], [174.553759831933, -36.8856182633312], [174.553756932912, -36.8856196163394], [174.553754221444, -36.8856210326945], [174.553751698596, -36.8856225096784], [174.553749363282, -36.885624049108], [174.553747216607, -36.8856256500676], [174.553745257466, -36.8856273134731], [174.553743486945, -36.8856290375073], [174.553741898276, -36.8856308204563], [174.553740473165, -36.8856326454332], [174.553739208207, -36.8856345106798], [174.553738105667, -36.8856364170679], [174.553737163299, -36.8856383646269], [174.553736381087, -36.8856403524556], [174.55373576129, -36.8856423814258], [174.553735301649, -36.8856444506658], [174.553735002181, -36.8856465610766], [174.553734865111, -36.8856487117278], [174.553734888214, -36.88565090355], [174.55373507149, -36.8856531365429], [174.553735417165, -36.8856554097763], [174.553735922994, -36.8856577232794], [174.553736590137, -36.8856600788398], [174.553737417416, -36.8856624737689], [174.553738406008, -36.8856649107552], [174.553739555878, -36.8856673879966], [174.553740867024, -36.885669905493], [174.553742338343, -36.8856724641603], [174.553743969835, -36.8856750639984], [174.55374571517, -36.885677744372], [174.553747542327, -36.8856805309382], [174.553749451306, -36.8856834236969], [174.55375144321, -36.8856864217324], [174.553753516954, -36.8856895268616], [174.553755673624, -36.8856927372675], [174.553757912133, -36.885696054767], [174.553760232447, -36.885699477558], [174.553762634582, -36.8857030065415], [174.553765119661, -36.8857066417028], [174.553767686561, -36.8857103830566], [174.553770336406, -36.8857142305883], [174.553773068073, -36.8857181843125], [174.553775881543, -36.885722243328], [174.553778776854, -36.8857264094371], [174.55378175509, -36.885730680823], [174.553784816288, -36.8857350592877], [174.553787958169, -36.8857395430585], [174.553791182993, -36.885744133007], [174.55379448964, -36.885748829148], [174.553797844217, -36.885753620207], [174.553801107774, -36.8857584602286], [174.553804264497, -36.8857633440117], [174.553807316647, -36.8857682724279], [174.55381026198, -36.8857732455067], [174.553813101601, -36.8857782623322], [174.553815835527, -36.8857833238056], [174.55381846374, -36.8857884290258], [174.553820985137, -36.8857935789085], [174.553823401942, -36.8857987725234], [174.553825711931, -36.8858040108008], [174.553827917347, -36.8858092937114], [174.553830015929, -36.8858146203835], [174.553832008797, -36.8858199908025], [174.55383389597, -36.8858254058693], [174.553835677449, -36.8858308655841], [174.553837353215, -36.8858363690457], [174.553838922164, -36.8858419171699], [174.55384038654, -36.8858475099274], [174.553841744081, -36.8858531464465], [174.55384299589, -36.8858588258112], [174.553844138882, -36.885864395731], [174.553845170973, -36.8858697534773], [174.553846092145, -36.885874898149], [174.553846902398, -36.885879829746], [174.553847601732, -36.8858845482685], [174.553848189044, -36.8858890546322], [174.55384866654, -36.8858933470054], [174.553849032014, -36.8858974272198], [174.553849286569, -36.8859012943597], [174.553849430224, -36.885904949326], [174.553849462941, -36.8859083903167], [174.553849384757, -36.8859116191339], [174.553849194533, -36.8859146348911], [174.553848894511, -36.8859174375591], [174.553848482448, -36.8859200271671], [174.553847959466, -36.8859224037006], [174.553847326705, -36.8859245680459], [174.553846581904, -36.8859265193312], [174.553845725061, -36.8859282575567], [174.553844758421, -36.8859297826929], [174.553843691298, -36.8859311667273], [174.553842570214, -36.8859327119107], [174.553841399173, -36.8859344497387], [174.553840178194, -36.8859363811123], [174.553838908417, -36.8859385069179], [174.553837589805, -36.8859408253534], [174.553836221255, -36.8859433373345], [174.553834802786, -36.8859460437624], [174.553833335481, -36.8859489428201], [174.553831818256, -36.8859520363245], [174.553830251075, -36.8859553224734], [174.553828635096, -36.8859588030544], [174.5538269703, -36.8859624771663], [174.553825255547, -36.8859663439227], [174.553823490875, -36.8859704051258], [174.553821677386, -36.8859746598599], [174.55381981394, -36.8859791072384], [174.553817900574, -36.8859837490637], [174.553815939513, -36.8859885844052], [174.553813927392, -36.885993613307], [174.553811866418, -36.8859988339374], [174.553809767923, -36.886004085705], [174.55380764189, -36.8860092522029], [174.553805487181, -36.8860143325446], [174.553803303831, -36.8860193285323], [174.553801091804, -36.8860242383638], [174.55379885224, -36.8860290629256], [174.553796582913, -36.8860338031481], [174.553794286031, -36.8860384571998], [174.553791960472, -36.8860430250952], [174.553789607394, -36.8860475086221], [174.553787224535, -36.8860519069085], [174.553784814121, -36.886056219024], [174.553782375066, -36.8860604467856], [174.553779907335, -36.8860645883909], [174.553777412066, -36.8860686447265], [174.553774888138, -36.8860726158071], [174.55377233443, -36.8860765016471], [174.553769754306, -36.8860803022028], [174.553767144402, -36.8860840175181], [174.553764505821, -36.886087646677], [174.553761840305, -36.8860912203035], [174.55375914929, -36.88609486457], [174.553756433086, -36.8860985947958], [174.553753692834, -36.8861024118671], [174.553750926254, -36.8861063140113], [174.553748135624, -36.8861103030011], [174.553745319806, -36.8861143779501], [174.553742479921, -36.8861185388436], [174.553739613726, -36.886122785711], [174.553736723463, -36.8861271185229], [174.553733808012, -36.886131537294], [174.55373086739, -36.8861360429255], [174.553727902684, -36.8861406336003], [174.553724911684, -36.8861453111501], [174.5537218966, -36.8861500737433], [174.553718856345, -36.8861549231968], [174.553715790901, -36.8861598586096], [174.553712701409, -36.8861648808679], [174.553709586709, -36.8861699881843], [174.55370644682, -36.8861751814599], [174.553703280621, -36.8861804607094], [174.553700027293, -36.8861857041422], [174.553696637857, -36.8861908204594], [174.553693112313, -36.886195809661], [174.553689449557, -36.8862006726629], [174.553685651815, -36.8862054085345], [174.553681717965, -36.8862100172905], [174.553677649129, -36.8862144989162], [174.553673443082, -36.886218854342], [174.553669100926, -36.8862230826522], [174.553664623803, -36.8862271847333], [174.553660009449, -36.8862311597133], [174.55365526011, -36.8862350075629], [174.553650374662, -36.8862387282969], [174.553645353125, -36.8862423228162], [174.553640194358, -36.8862457902345], [174.553634900623, -36.8862491314235], [174.553629471883, -36.8862523445809], [174.553623905932, -36.8862554315383], [174.553618203891, -36.886258392281], [174.553612366864, -36.8862612258932], [174.553606427439, -36.8862639346528], [174.553600546399, -36.8862665344847], [174.553594743956, -36.8862690260257], [174.553589017867, -36.8862714093054], [174.553583371497, -36.8862736842797], [174.55357780148, -36.8862758509926], [174.553572310061, -36.8862779094149], [174.553566896135, -36.8862798604622], [174.553561559666, -36.8862817023324], [174.553556301813, -36.886283436813], [174.553551122538, -36.8862850621019], [174.553546019636, -36.8862865800305], [174.553540995331, -36.8862879896686], [174.553536048501, -36.8862892910306], [174.553531180269, -36.8862904841021], [174.553526389512, -36.8862915688976], [174.553521676231, -36.8862925454172], [174.553517040426, -36.8862934136608], [174.553512483236, -36.886294174515], [174.553508004626, -36.8862948261775], [174.553503602388, -36.8862953704798], [174.553499176729, -36.8862959772826], [174.553494648388, -36.886296777419], [174.553490017382, -36.8862977717902], [174.553485283712, -36.8862989603962], [174.553480447395, -36.886300344138], [174.553475507273, -36.8863019212281], [174.553470465609, -36.8863036925382], [174.553465320175, -36.8863056589989], [174.553460072059, -36.8863078187931], [174.553454721296, -36.8863101737232], [174.55344926785, -36.8863127219868], [174.553443711757, -36.8863154653862], [174.55343805298, -36.8863184021191], [174.553432290435, -36.8863215340024], [174.553426426329, -36.8863248592045], [174.553420458453, -36.8863283795571], [174.553414387894, -36.8863320932431], [174.553408214688, -36.8863360020649], [174.553401938816, -36.8863401051211], [174.553395560278, -36.886344402412], [174.553389119633, -36.886348846536], [174.553382810895, -36.886353210516], [174.553376659299, -36.8863574660798], [174.553370667071, -36.8863616122969], [174.553364831985, -36.8863656500977], [174.553359155128, -36.8863695776654], [174.553353635395, -36.8863733959159], [174.553348273927, -36.8863771057355], [174.553343070686, -36.886380705322], [174.553338024589, -36.8863841964925], [174.553333136738, -36.8863875783311], [174.553328407115, -36.8863908499366], [174.553323835757, -36.8863940131114], [174.553319421524, -36.8863970669691], [174.553315165556, -36.8864000123961], [174.553311066694, -36.8864028476048], [174.553307126079, -36.8864055734817], [174.55330334371, -36.8864081900269], [174.553299719607, -36.8864106981415], [174.553296252628, -36.8864130969389], [174.553292943897, -36.8864153864046], [174.55328970813, -36.8864177326038], [174.55328647627, -36.8864202716443], [174.553283248318, -36.8864230035261], [174.553280024272, -36.8864259282492], [174.553276804152, -36.8864290467148], [174.553273587921, -36.8864323571206], [174.553270375597, -36.8864358603678], [174.55326716718, -36.8864395564562], [174.553263963811, -36.8864434462725], [174.553260763208, -36.8864475280436], [174.553257566512, -36.8864518026561], [174.553254373742, -36.886456271011], [174.55325118486, -36.8864609313062], [174.553247999903, -36.8864657853438], [174.553244818835, -36.8864708313216], [174.553241641693, -36.8864760710419], [174.553238468438, -36.8864815027023], [174.553235299109, -36.8864871281053], [174.553232133669, -36.8864929454484], [174.553228972154, -36.886498956534], [174.553225821302, -36.8865051062906], [174.553222715968, -36.8865111211484], [174.553219659908, -36.8865169650036], [174.553216654208, -36.8865226360392], [174.553213698867, -36.8865281342554], [174.553210792801, -36.8865334614689], [174.553207935972, -36.8865386158776], [174.553205129521, -36.8865435983678], [174.553202373448, -36.8865484089398], [174.553199666613, -36.8865530467068], [174.553197010175, -36.8865575134566], [174.553194402974, -36.8865618074016], [174.553191846151, -36.8865659294282], [174.553189339688, -36.8865698786353], [174.553186882481, -36.8865736559387], [174.553184475653, -36.8865772613238], [174.55318211808, -36.8865806948051], [174.553179809764, -36.8865839563828], [174.55317755293, -36.8865870451263], [174.553175345352, -36.8865899619661], [174.553173187031, -36.8865927069022], [174.553170850045, -36.8865953288841], [174.553168137741, -36.8865978692414], [174.553165051276, -36.8866003297616], [174.553161588371, -36.8866027086719], [174.553157751305, -36.8866050077451], [174.553153537798, -36.8866072252082], [174.553148950112, -36.8866093619331], [174.553143987125, -36.8866114179343], [174.553138648819, -36.8866133923107], [174.55313293523, -36.8866152868644], [174.553126846341, -36.8866171006943], [174.553120382132, -36.8866188328992], [174.553113542623, -36.8866204843802], [174.553106327813, -36.8866220551372], [174.553098737702, -36.8866235451701], [174.553090773412, -36.8866249544642], [174.553082432699, -36.8866262830488], [174.553073716685, -36.8866275309091], [174.553064626474, -36.8866286971292], [174.55305516098, -36.886629783526], [174.553045413279, -36.8866307870799], [174.553035884841, -36.8866317021369], [174.553026648586, -36.8866325277439], [174.553017703391, -36.8866332639155], [174.553009050379, -36.8866339106371], [174.553000689549, -36.8866344679089], [174.552992619762, -36.8866349348445], [174.552984841054, -36.8866353132461], [174.55297735451, -36.8866356012968], [174.552970160149, -36.886635799898], [174.552963257971, -36.8866359090495], [174.552956646853, -36.8866359287662], [174.552950326796, -36.886635859048], [174.552944298922, -36.8866356998805], [174.552938563213, -36.8866354503624], [174.552933118583, -36.8866351123107], [174.552927966117, -36.8866346839086], [174.552923105834, -36.8866341660572], [174.552918536612, -36.8866335587712], [174.552914258452, -36.8866328620507], [174.552910273595, -36.8866320758663], [174.55290645486, -36.8866312920173], [174.552902691706, -36.8866305930715], [174.552898983013, -36.8866299790435], [174.552895331022, -36.8866294499041], [174.55289173237, -36.8866290056973], [174.552888189299, -36.8866286463937], [174.552884701828, -36.8866283728945], [174.55288126992, -36.8866281833973], [174.552877891368, -36.8866280797339], [174.552874569502, -36.886628060058], [174.552871302114, -36.8866281262011], [174.552868089185, -36.8866282772621], [174.552864932978, -36.8866285141129], [174.55286183009, -36.8866288349951], [174.552858783906, -36.886629240766], [174.552855791078, -36.8866297323706], [174.552852854935, -36.8866303079626], [174.552849973269, -36.8866309693738], [174.552847146064, -36.8866317157029], [174.55284437444, -36.8866325469354], [174.552841655086, -36.8866334658185], [174.552838967036, -36.8866344897523], [174.552836306941, -36.8866356196819], [174.552833677064, -36.8866368564792], [174.552831075161, -36.8866382001735], [174.552828502372, -36.8866396516511], [174.552825958661, -36.88664120911], [174.552823444027, -36.88664287255], [174.552820957385, -36.8866446437881], [174.552818500961, -36.8866465218939], [174.552816072511, -36.8866485068966], [174.552813672016, -36.8866505978953], [174.552811301739, -36.8866527957615], [174.552808959455, -36.8866551014259], [174.552806646247, -36.8866575130714], [174.552804362136, -36.8866600315993], [174.55280210712, -36.8866626570095], [174.552799880078, -36.8866653893167], [174.552797683254, -36.8866682284915], [174.552795514403, -36.8866711745633], [174.552793373508, -36.886674226631], [174.55279119575, -36.8866774531443], [174.552788915062, -36.8866809162596], [174.552786533704, -36.8866846168487], [174.552784049415, -36.8866885540398], [174.552781463354, -36.8866927296206], [174.552778775465, -36.8866971408876], [174.552775985785, -36.886701789643], [174.552773094314, -36.8867066758869], [174.55277009993, -36.8867117996339], [174.552767004858, -36.8867171599535], [174.552763806856, -36.8867227568752], [174.552760508183, -36.8867285912706], [174.552757106598, -36.8867346631691], [174.552753603203, -36.8867409716548], [174.552749998016, -36.886747517629], [174.552746289917, -36.8867543011062], [174.552742481129, -36.8867613211561], [174.552738570531, -36.8867685777932], [174.552734557039, -36.8867760728344], [174.552730441736, -36.8867838044629], [174.552726245317, -36.8867917417616], [174.552722082033, -36.8867997083723], [174.552717973717, -36.8868076742644], [174.552713917004, -36.8868156394819], [174.55270991526, -36.8868236039809], [174.552705966222, -36.8868315668896], [174.552702069927, -36.8868395300101], [174.55269822748, -36.8868474924268], [174.552694438879, -36.8868554541395], [174.552690702984, -36.886863414262], [174.552687019833, -36.8868713745964], [174.552683391651, -36.8868793342123], [174.552679815072, -36.8868872931536], [174.552676293461, -36.8868952513764], [174.552672824557, -36.886903208009], [174.552669408397, -36.8869111648535], [174.552666046083, -36.8869191209941], [174.552662737617, -36.8869270764309], [174.552659481857, -36.8869350302774], [174.552656279963, -36.8869429843212], [174.552653130793, -36.8869509376759], [174.552649245576, -36.8870157913181], [174.552644366732, -36.8870217265831], [174.552639681795, -36.8870273185972], [174.552635189626, -36.8870325664738], [174.552630891327, -36.8870374692971], [174.552626785795, -36.8870420279831], [174.552622873049, -36.8870462434327], [174.552619154174, -36.8870501138292], [174.552615628066, -36.8870536400883], [174.552612295848, -36.8870568221954], [174.552609155276, -36.8870596601799], [174.552606209715, -36.8870621539977], [174.552603455781, -36.8870643027917], [174.552600896877, -36.8870661083202], [174.552598529601, -36.887067568825], [174.552596356233, -36.887068686079], [174.552594375615, -36.8870694582946], [174.552592588887, -36.8870698863582], [174.552590994944, -36.8870699711858], [174.552589594874, -36.8870697109603], [174.552588386449, -36.8870691066123], [174.552587172715, -36.887068350904], [174.55258557291, -36.887067813865], [174.552583575945, -36.8870675019497], [174.552581184099, -36.8870674169312], [174.552578396232, -36.8870675579228], [174.552575212344, -36.8870679249246], [174.552571632454, -36.8870685188377], [174.552567657665, -36.8870693387462], [174.552563286855, -36.8870703846647], [174.552558520042, -36.8870716574945], [174.552553357208, -36.8870731563341], [174.552547798353, -36.8870748811838], [174.552541844599, -36.8870768320286], [174.552535494842, -36.8870790097843], [174.552528749064, -36.8870814135498], [174.552521607264, -36.887084043325], [174.552514070582, -36.8870868999963], [174.552506136757, -36.8870899826917], [174.552497808032, -36.887093291382], [174.552489083286, -36.8870968260817], [174.552479963657, -36.8871005876771], [174.552470576696, -36.8871045023921], [174.55246137395, -36.8871083155488], [174.552452394227, -36.8871120041059], [174.552443637564, -36.8871155698658], [174.55243510282, -36.887119011942], [174.552426791135, -36.8871223312211], [174.552418702473, -36.8871255259008], [174.552410835749, -36.8871285977981], [174.552403192066, -36.8871315459973], [174.552395771425, -36.8871343704984], [174.552388572704, -36.887137071316], [174.552381598164, -36.8871396493221], [174.552374844423, -36.8871421036596], [174.552368314845, -36.8871444342844], [174.552362007186, -36.887146641226], [174.55235592257, -36.8871487244697], [174.552350061014, -36.8871506849166], [174.552344421378, -36.8871525216805], [174.552339004784, -36.8871542347465], [174.552333811232, -36.8871558241148], [174.5523288396, -36.8871572898], [174.552324068683, -36.8871586374874], [174.552319349862, -36.8871598979628], [174.552314654097, -36.8871610779151], [174.552309981369, -36.8871621764431], [174.552305332838, -36.8871631953345], [174.552300707344, -36.8871641328018], [174.552296104907, -36.8871649897459], [174.552291525526, -36.8871657661669], [174.552286970322, -36.8871664620503], [174.552282438175, -36.8871670774105], [174.552277929065, -36.8871676113466], [174.552273444134, -36.8871680647449], [174.552268982259, -36.8871684376202], [174.552264543439, -36.8871687299724], [174.55226012878, -36.8871689408857], [174.552255737177, -36.887169071276], [174.552251368648, -36.8871691220444], [174.552247023157, -36.8871690913886], [174.552242701826, -36.8871689792939], [174.552238403569, -36.8871687875774], [174.552234128351, -36.8871685144366], [174.552229878487, -36.8871681634469], [174.552225670541, -36.887167776756], [174.552221513798, -36.887167369566], [174.552217405995, -36.8871669410049], [174.55221334717, -36.8871664928751], [174.55220933839, -36.8871660224584], [174.552205379708, -36.8871655324584], [174.552201469967, -36.8871650210874], [174.552197610307, -36.8871644892318], [174.552193799607, -36.8871639369064], [174.552190038969, -36.8871633631954], [174.552186328412, -36.8871627689999], [174.552182666814, -36.8871621543345], [174.552179055296, -36.8871615191846], [174.55217549272, -36.8871608626637], [174.552171980225, -36.8871601856584], [174.552168517792, -36.8871594872675], [174.552165104337, -36.8871587693079], [174.552161740944, -36.8871580299626], [174.552158426492, -36.8871572692464], [174.55215516214, -36.8871564889469], [174.552151945625, -36.8871556881923], [174.552148550338, -36.8871549808112], [174.55214483409, -36.8871544380666], [174.552140795779, -36.8871540608742], [174.552136435366, -36.8871538474318], [174.552131752908, -36.8871538004427], [174.552126748349, -36.8871539172035], [174.552121421744, -36.8871542004176], [174.55211577416, -36.8871546473667], [174.552109803389, -36.8871552598825], [174.552103511658, -36.8871560370345], [174.55209689674, -36.8871569797531], [174.552089960862, -36.8871580871077], [174.552082702919, -36.8871593600142], [174.552075122874, -36.8871607966701], [174.552067220783, -36.8871623997789], [174.552058996591, -36.887164166637], [174.552050451456, -36.8871660990321], [174.552041583134, -36.8871681969932], [174.55203239385, -36.88717045959], [174.552022882483, -36.8871728868371], [174.552013047929, -36.88717547965], [174.552003102587, -36.8871781982981], [174.551993306968, -36.8871809961124], [174.551983664419, -36.887183872148], [174.551974172696, -36.8871868264342], [174.55196483294, -36.8871898598574], [174.551955645131, -36.8871929715167], [174.55194660813, -36.8871961605255], [174.551937724218, -36.8871994286568], [174.55192899115, -36.88720277594], [174.551920410012, -36.8872062005582], [174.55191198084, -36.8872097043137], [174.551903702494, -36.8872132863201], [174.551895577218, -36.887216946548], [174.551887602769, -36.8872206850269], [174.551879780285, -36.8872245026432], [174.55187210861, -36.8872283976093], [174.551864590022, -36.8872323716982], [174.551857222261, -36.8872364240382], [174.551850006448, -36.8872405546146], [174.551842942601, -36.8872447643285], [174.551836030684, -36.8872490513778], [174.551829299554, -36.8872534000623], [174.551822815646, -36.8872577662486], [174.551816582324, -36.8872621498927], [174.551810599572, -36.8872665500938], [174.551804867388, -36.8872709668516], [174.551799385791, -36.8872754010676], [174.551794154764, -36.8872798518404], [174.551789175427, -36.8872843191555], [174.551784445537, -36.8872888030423], [174.551779966234, -36.8872933043872], [174.551775737501, -36.8872978222892], [174.551771759355, -36.8873023576493], [174.55176803176, -36.8873069086655], [174.551764554752, -36.8873114771398], [174.551761328332, -36.8873160630725], [174.551758352463, -36.8873206646612], [174.551755627181, -36.8873252837082], [174.551753152487, -36.8873299202134], [174.551750928345, -36.8873345723748], [174.55174895479, -36.8873392419945], [174.551747231804, -36.8873439281715], [174.551745703096, -36.8873486217259], [174.551744126559, -36.8873532807517], [174.551742472917, -36.8873579002231], [174.551740744431, -36.8873624810119], [174.551738939961, -36.8873670222316], [174.551737059508, -36.8873715238822], [174.551735103088, -36.8873759868649], [174.551733070704, -36.8873804111796], [174.551730962317, -36.8873847950241], [174.551728779086, -36.8873891401859], [174.551726518768, -36.8873934466944], [174.551724183588, -36.8873977136192], [174.551721771302, -36.8874019409895], [174.551719284172, -36.8874061296772], [174.551716721059, -36.8874102787958], [174.551714081979, -36.8874143892463], [174.551711366916, -36.8874184601278], [174.551708575869, -36.8874224914401], [174.551705708856, -36.8874264840844], [174.551702766981, -36.8874304371449], [174.551699748001, -36.8874343506509], [174.551696675673, -36.8874382342071], [174.551693735458, -36.887442158402], [174.55169097147, -36.8874461406866], [174.551688383691, -36.88745018016], [174.551685972159, -36.8874542786242], [174.551683736854, -36.8874584351783], [174.551681678881, -36.8874626489065], [174.551679797136, -36.8874669207245], [174.551678090516, -36.8874712515482], [174.551676561226, -36.8874756395459], [174.551675208165, -36.8874800856335], [174.551674031332, -36.887484589811], [174.551673030727, -36.8874891520783], [174.55167220635, -36.8874937724355], [174.551671558183, -36.8874984499815], [174.551671086262, -36.8875031865185], [174.551670791673, -36.8875079802296], [174.551670672209, -36.8875128329464], [174.551670730077, -36.8875177428372], [174.551670964173, -36.887522710818], [174.551671374497, -36.8875277368886], [174.551671952002, -36.8875328175619], [174.551672491683, -36.8875378590689], [174.551672905218, -36.8875428220019], [174.551673191484, -36.8875477063755], [174.551673351585, -36.8875525112739], [174.551673384417, -36.8875572376129], [174.551673291102, -36.8875618853778], [174.551673070518, -36.8875664545833], [174.551672723786, -36.8875709452147], [174.551672249768, -36.8875753563857], [174.551671649621, -36.8875796898836], [174.551670922186, -36.8875839439211], [174.551670068604, -36.8875881193844], [174.551669087735, -36.8875922153873], [174.551667980737, -36.8875962337171], [174.551666746451, -36.8876001725865], [174.551665386018, -36.8876040328817], [174.551663899438, -36.8876078146029], [174.551662284467, -36.8876115177793], [174.551660544471, -36.8876151423669], [174.551658676065, -36.8876186875087], [174.551656682634, -36.8876221540616], [174.551654702163, -36.8876255402237], [174.55165284347, -36.8876288445735], [174.551651109903, -36.8876320661661], [174.551649499255, -36.8876352068329], [174.551648011488, -36.8876382647718], [174.551646647744, -36.8876412408692], [174.551645406881, -36.8876441342386], [174.551644290059, -36.8876469466677], [174.551643297241, -36.8876496763543], [174.551642427324, -36.8876523242139], [174.551641680306, -36.8876548902469], [174.551641057311, -36.8876573744383], [174.551640557216, -36.8876597768029], [174.551640181125, -36.8876620964249], [174.551639929057, -36.8876643342055], [174.551639798767, -36.8876664901739], [174.551639793621, -36.8876685642863], [174.551639911376, -36.8876705565718], [174.551640152013, -36.8876724661293], [174.551640516672, -36.8876742938455], [174.551641004231, -36.8876760397348], [174.551641421726, -36.8876777613009], [174.551641469079, -36.8876795462902], [174.55164114296, -36.8876813965488], [174.551640442249, -36.8876833120914], [174.551639366962, -36.8876852938191], [174.551637918186, -36.887687339915], [174.551636094798, -36.8876894503938], [174.551633897957, -36.8876916270429], [174.551631326523, -36.887693868976], [174.551628381599, -36.8876961752773], [174.551625063221, -36.8876985477489], [174.551621370232, -36.8877009846032], [174.55161730265, -36.8877034867413], [174.551612861614, -36.8877060550497], [174.551608047088, -36.8877086877261], [174.55160285795, -36.887711384785], [174.551597294236, -36.8877141480286], [174.551591357051, -36.8877169765413], [174.551585045272, -36.8877198703374], [174.551578360002, -36.8877228285013], [174.551571301279, -36.887725852835], [174.551564004206, -36.8877289100263], [174.551556857467, -36.8877319102704], [174.551549885634, -36.8877348478383], [174.551543086464, -36.8877377227592], [174.551536461078, -36.8877405350186], [174.551530010597, -36.8877432846019], [174.551523732779, -36.8877459715383], [174.551517629886, -36.8877485966997], [174.551511700776, -36.8877511591997], [174.551505945433, -36.8877536581371], [174.551500363892, -36.8877560953144], [174.551494956135, -36.8877584698302], [174.551489722163, -36.8877607816847], [174.551484661975, -36.8877630308779], [174.551479776693, -36.8877652173952], [174.551475064093, -36.8877673421669], [174.55147052638, -36.8877694033617], [174.551466161348, -36.887771402811], [174.551461971204, -36.8877733386833], [174.551457954864, -36.8877752127955], [174.551454112307, -36.8877770242466], [174.551450419366, -36.8877787985904], [174.55144674752, -36.8877806727103], [174.551443079257, -36.8877826684678], [174.551439412299, -36.88778478409], [174.551435748906, -36.8877870204487], [174.551432086835, -36.8877893775732], [174.551428428311, -36.887791854533], [174.551424771127, -36.8877944531597], [174.551421117491, -36.8877971716218], [174.551417465176, -36.8878000108497], [174.551413815305, -36.8878029708287], [174.551410168981, -36.887806050643], [174.551406523997, -36.8878092521243], [174.55140288256, -36.887812573441], [174.551399242445, -36.8878160155234], [174.551395605895, -36.8878195783423], [174.551391970649, -36.887823261026], [174.551388338986, -36.8878270653471], [174.551384708626, -36.887830989533], [174.55138108071, -36.88783503447], [174.551377456342, -36.8878391992424], [174.551373831789, -36.8878434658715], [174.551370184326, -36.887847598496], [174.551366508116, -36.887851530491], [174.551362803157, -36.8878552618565], [174.551359069451, -36.8878587925924], [174.551355305875, -36.8878621227135], [174.551351513552, -36.887865252205], [174.55134769248, -36.887868181067], [174.55134384154, -36.8878709093141], [174.551339961851, -36.8878734369317], [174.551336053416, -36.8878757639197], [174.55133211511, -36.8878778902928], [174.551328148058, -36.8878798160364], [174.551324152275, -36.8878815420516], [174.551320127728, -36.887883066536], [174.551316073311, -36.8878843904056], [174.551311990146, -36.8878855136455], [174.551307877113, -36.8878864362706], [174.551303736453, -36.8878871582514], [174.551299565925, -36.8878876796174], [174.551295366649, -36.8878880003537], [174.551291137596, -36.8878881249807], [174.55128688357, -36.8878882355118], [174.551282606469, -36.8878884256644], [174.551278306328, -36.8878886972406], [174.551273982008, -36.8878890493541], [174.55126963463, -36.8878894819901], [174.551265263073, -36.8878899951634], [174.551260869599, -36.8878905897456], [174.551256451945, -36.8878912648651], [174.551252010112, -36.8878920205218], [174.551247546343, -36.8878928566864], [174.551243058395, -36.8878937733882], [174.551238547389, -36.8878947706126], [174.551234012222, -36.8878958492753], [174.551229455119, -36.8878970084459], [174.551224873837, -36.8878982481536], [174.551220268393, -36.8878995692997], [174.551215640996, -36.8879009700526], [174.551210989437, -36.8879024522437], [174.551206313698, -36.8879040149721], [174.551201616024, -36.8879056582083], [174.55119689417, -36.8879073819817], [174.551192198619, -36.8879091856332], [174.551187580994, -36.88791106939], [174.551183039034, -36.8879130323803], [174.551178573859, -36.8879150745896], [174.551174185471, -36.8879171960177], [174.551169873886, -36.887919397566], [174.551165639088, -36.8879216783331], [174.551161481057, -36.887924037418], [174.551157398709, -36.8879264766377], [174.551153394287, -36.8879289959628], [174.551149465511, -36.8879315936204], [174.55114561466, -36.8879342713834], [174.551141839474, -36.8879370283801], [174.551138141074, -36.8879398645957], [174.551134519459, -36.8879427800304], [174.551130974649, -36.8879457755851], [174.551127506607, -36.8879488494577], [174.551124115368, -36.8879520034505], [174.551120799794, -36.887955236677], [174.551117562127, -36.8879585491078], [174.551114400143, -36.8879619416734], [174.551111262511, -36.8879653176964], [174.551108048002, -36.8879684991264], [174.551104754263, -36.8879714805859], [174.551101382398, -36.8879742611592], [174.5510979302, -36.8879768426779], [174.551094399893, -36.8879792242113], [174.551090789217, -36.8879814048878], [174.551087100451, -36.8879833864803], [174.551083332455, -36.8879851681023], [174.551079485211, -36.8879867488527], [174.551075558755, -36.8879881305337], [174.55107155307, -36.8879893122441], [174.551067468156, -36.887990293984], [174.551063305115, -36.8879910748376], [174.551059061741, -36.8879916566364], [174.551054740259, -36.88799203845], [174.551050338408, -36.8879922194065], [174.551045858467, -36.8879922012789], [174.551041299297, -36.8879919831808], [174.551036660897, -36.887991565112], [174.551031943249, -36.8879909461715], [174.55102714836, -36.8879902254834], [174.551022282994, -36.8879897373665], [174.551017348873, -36.8879895115435], [174.551012343737, -36.8879895471424], [174.551007269865, -36.8879898459362], [174.551002124996, -36.887990407053], [174.550996911354, -36.8879912295626], [174.550991627855, -36.8879923152816], [174.550986274461, -36.8879936624079], [174.550980851191, -36.8879952718426], [174.550975358064, -36.8879971444869], [174.550969796146, -36.8879992776226], [174.550964163247, -36.8880016739824], [174.550958460473, -36.8880043326507], [174.550952688944, -36.8880072536126], [174.550946847521, -36.8880104359817], [174.550940935117, -36.8880138815749], [174.550934953941, -36.8880175885607], [174.550928902888, -36.8880215578548], [174.550922781976, -36.8880257903583], [174.550916592291, -36.8880302842544], [174.550910344395, -36.8880350069558], [174.55090413019, -36.8880397310199], [174.550897964525, -36.8880444138885], [174.55089184854, -36.8880490564481], [174.550885781113, -36.8880536587133], [174.55087976333, -36.8880582188673], [174.550873795226, -36.8880627387123], [174.550867875681, -36.888067218263], [174.550862005797, -36.8880716566036], [174.550856184454, -36.8880760537487], [174.55085041279, -36.8880804105849], [174.550844690789, -36.8880847262111], [174.550839017345, -36.8880890015429], [174.550833393564, -36.8880932356647], [174.550827818323, -36.888097428591], [174.550822292761, -36.8881015812085], [174.550816816862, -36.8881056926159], [174.550811389521, -36.8881097637291], [174.550806011842, -36.8881137936322], [174.550800682704, -36.88811778234], [174.550795403245, -36.8881217307389], [174.550790170174, -36.8881256424774], [174.550784931083, -36.8881295894475], [174.550779668532, -36.8881335971152], [174.550774381399, -36.8881376654951], [174.550769071928, -36.888141794558], [174.550763737858, -36.888145983432], [174.550758379225, -36.8881502339192], [174.550752997131, -36.8881545451041], [174.55074759156, -36.8881589160854], [174.550742162529, -36.8881633477643], [174.550736708935, -36.8881678410565], [174.550731231862, -36.8881723941451], [174.55072573133, -36.8881770079312], [174.550720207338, -36.888181682415], [174.550714658746, -36.8881864167097], [174.550709086712, -36.8881912126032], [174.550703490097, -36.8881960692088], [174.550697871125, -36.8882009855962], [174.55069222759, -36.8882059635969], [174.550686559455, -36.8882110014087], [174.550680868982, -36.8882160999033], [174.550675155012, -36.8882212572932], [174.550669568559, -36.8882263391063], [174.550664203211, -36.8882312566886], [174.550659060108, -36.8882360109264], [174.550654139233, -36.8882406009188], [174.550649439481, -36.8882450275815], [174.550644961957, -36.8882492899987], [174.550640705575, -36.8882533899875], [174.550636672524, -36.888257324815], [174.550632860615, -36.8882610972141], [174.550629270916, -36.8882647044667], [174.550625902358, -36.8882681492909], [174.550622756029, -36.8882714298698], [174.550619831945, -36.8882745471046], [174.55061713009, -36.888277500094], [174.550614649358, -36.888280289754], [174.550612390873, -36.8882829160698], [174.550610353493, -36.8882853781551], [174.550608539482, -36.8882876768816], [174.550606946577, -36.8882898113775], [174.550605575918, -36.8882917825293], [174.550604426384, -36.8882935903518], [174.550603391424, -36.8882954038897], [174.550602337389, -36.8882974394128], [174.550601262017, -36.8882996960493], [174.550600166413, -36.8883021728834], [174.550599049509, -36.8883048726331], [174.550597912372, -36.8883077925804], [174.550596755038, -36.8883109345275], [174.55059557749, -36.8883142975733], [174.550594378623, -36.8883178826337], [174.550593159542, -36.8883216887927], [174.550591920245, -36.8883257160504], [174.550590659613, -36.8883299644215], [174.550589378783, -36.8883344347925], [174.550588077721, -36.888339125361], [174.55058675648, -36.8883440388305], [174.550585413885, -36.8883491725122], [174.550584051093, -36.8883545281937], [174.550582668086, -36.8883601049739], [174.550581263742, -36.8883659028675], [174.550579839202, -36.888371922761], [174.550578394447, -36.8883781637531], [174.550576889959, -36.8883845028724], [174.550575234698, -36.8883906555739], [174.550573425027, -36.8883966083846], [174.550571462085, -36.8884023621908], [174.550569343646, -36.888407917923], [174.550567071918, -36.8884132737497], [174.550564645798, -36.8884184305866], [174.550562066424, -36.8884233893202], [174.550559331518, -36.8884281481776], [174.55055644334, -36.8884327080305], [174.550553400788, -36.8884370697947], [174.550550203825, -36.8884412316679], [174.550546852487, -36.8884451954525], [174.55054334786, -36.8884489593314], [174.55053968884, -36.8884525242205], [174.550535875445, -36.8884558910208], [174.55053190764, -36.8884590579301], [174.550527785459, -36.8884620267507], [174.55052350999, -36.8884647956655], [174.550519080127, -36.8884673655904], [174.55051449589, -36.8884697374264], [174.550509783956, -36.8884719540911], [174.550505060465, -36.8884742096652], [174.550500338195, -36.8884765256147], [174.550495617146, -36.8884789019397], [174.5504908973, -36.888481337739], [174.550486178692, -36.8884838348149], [174.550481461288, -36.8884863913652], [174.550476745123, -36.888489009192], [174.55047203016, -36.8884916864932], [174.550467316418, -36.8884944241698], [174.550462603897, -36.8884972222219], [174.550457892597, -36.8885000806495], [174.550453182518, -36.8885029994525], [174.550448473641, -36.8885059777298], [174.550443766004, -36.8885090172838], [174.550439059569, -36.888512116312], [174.550434354373, -36.8885152766169], [174.55042965038, -36.8885184963961], [174.550424947608, -36.8885217765508], [174.550420246056, -36.8885251170809], [174.550415545725, -36.8885285179865], [174.550410848694, -36.8885319711281], [174.550406171383, -36.8885354005767], [174.550401519053, -36.8885387891375], [174.550396890602, -36.8885421377264], [174.550392286029, -36.8885454463434], [174.55038770642, -36.8885487131716], [174.550383149567, -36.8885519400424], [174.550378618837, -36.888555126912], [174.550374110844, -36.8885582729232], [174.550369627834, -36.8885613780467], [174.550365168702, -36.8885644431983], [174.55036073343, -36.8885674674769], [174.550356323159, -36.8885704517689], [174.550351936748, -36.8885733951878], [174.550347574196, -36.8885762977337], [174.550343235524, -36.8885791603077], [174.550338921833, -36.888581981994], [174.550334632003, -36.8885847628074], [174.550330367173, -36.8885875036341], [174.550326125099, -36.8885902045036], [174.55032190799, -36.8885928635843], [174.55031771827, -36.8885954898582], [174.55031360777, -36.8885982602182], [174.550309602702, -36.8886012500372], [174.550305703065, -36.8886044593151], [174.550301906635, -36.8886078889823], [174.550298215635, -36.8886115381084], [174.550294627823, -36.8886154067228], [174.550291145443, -36.8886194947962], [174.550287768513, -36.8886238032297], [174.55028449477, -36.8886283311514], [174.550281326476, -36.8886330794332], [174.550278261352, -36.8886380463022], [174.550275301678, -36.8886432335313], [174.550272447435, -36.8886486402195], [174.550269696398, -36.888654267297], [174.550267049671, -36.8886601138482], [174.550264508374, -36.8886661798585], [174.550262071388, -36.8886724653424], [174.550259738729, -36.8886789712012], [174.550257511502, -36.888685696519], [174.550255387462, -36.8886926413251], [174.550253367732, -36.8886998056049], [174.550251224279, -36.8887069002912], [174.550248774102, -36.8887136988247], [174.550246017162, -36.8887201994032], [174.550242954581, -36.888726402012], [174.550239585257, -36.888732307567], [174.550235910292, -36.8887379151522], [174.550231928583, -36.8887432256834], [174.550227640129, -36.8887482391606], [174.550223046036, -36.8887529546681], [174.550218146302, -36.8887573722057], [174.550212938701, -36.8887614927038], [174.550207425479, -36.8887653161331], [174.550201606598, -36.8887688406914], [174.55019548099, -36.8887720690965], [174.550189048621, -36.8887749995462], [174.550182310611, -36.8887776320259], [174.550175265857, -36.8887799674511], [174.550167914359, -36.8887820058219], [174.550160257221, -36.8887837462224], [174.55015229334, -36.8887851895684], [174.550144023818, -36.888786334944], [174.550135509132, -36.8887873429047], [174.550126845256, -36.8887884645809], [174.550118034451, -36.8887897008444], [174.550109074473, -36.8887910517246], [174.550099966481, -36.8887925190089], [174.550090710438, -36.8887941008952], [174.55008130638, -36.8887957991855], [174.550071754253, -36.8887976111765], [174.550062054112, -36.8887995395716], [174.550052205938, -36.8888015834696], [174.550042209712, -36.8888037419693], [174.550032065454, -36.8888060159717], [174.550021773144, -36.8888084045759], [174.55001133282, -36.8888109095839], [174.550000744444, -36.8888135291934], [174.549990008034, -36.8888162643056], [174.549979123592, -36.8888191149205], [174.549968091098, -36.8888220801367], [174.549956910588, -36.8888251617567], [174.549945582027, -36.888828357978], [174.549934105432, -36.8888316697018], [174.54992269039, -36.8888350842787], [174.549911934321, -36.8888385677749], [174.549901871965, -36.8888421179347], [174.549892505567, -36.8888457347289], [174.549883834005, -36.8888494181725], [174.549875856157, -36.8888531682801], [174.549868574248, -36.8888569841215], [174.549861986071, -36.8888608675284], [174.549856093853, -36.8888648175704], [174.549850895349, -36.888868834277], [174.549846392803, -36.8888729176189], [174.549842583953, -36.8888770667245], [174.549839469958, -36.8888812833813], [174.549837051922, -36.8888855666736], [174.549835327582, -36.8888899157297], [174.549834298097, -36.8888943323372], [174.549833964571, -36.8888988155803], [174.549834324742, -36.8889033645871], [174.549835379769, -36.8889079811454], [174.549837129615, -36.8889126634528], [174.549839575438, -36.8889174132969], [174.549842588061, -36.8889222242505], [174.54984549149, -36.8889270735846], [174.549848185752, -36.8889319562939], [174.549850670865, -36.8889368732794], [174.549852946811, -36.8889418236401], [174.549855012467, -36.8889468073905], [174.549856868993, -36.8889518263185], [174.549858516333, -36.8889568777204], [174.549859954542, -36.8889619642999], [174.549861182462, -36.8889670842691], [174.549862202336, -36.888972237599], [174.549863011939, -36.8889774252198], [174.549863612375, -36.8889826462158], [174.549864002539, -36.8889879015029], [174.549864184676, -36.8889931910517], [174.549864156523, -36.8889985139903], [174.549863919221, -36.8890038712053], [174.549863472751, -36.8890092617956], [174.549862816009, -36.8890146866768], [174.5498619501, -36.8890201449333], [174.549860875041, -36.8890256374661], [174.549859598703, -36.889031165074], [174.549858214656, -36.8890367490703], [174.549856747709, -36.8890423954412], [174.549855200124, -36.8890481050583], [174.549853571863, -36.8890538761194], [174.549851860702, -36.8890597095549], [174.549850068884, -36.8890656053356], [174.549848195269, -36.8890715625749], [174.549846239893, -36.8890775830751], [174.549844202739, -36.8890836659352], [174.549842084909, -36.8890898102391], [174.549839885319, -36.8890960178041], [174.549837603931, -36.8891022868276], [174.549835241887, -36.8891086181962], [174.549832798064, -36.8891150119246], [174.54983027248, -36.8891214689139], [174.549827665098, -36.8891279873618], [174.549824975938, -36.8891345681694], [174.549822206102, -36.889141210421], [174.549819354506, -36.8891479159334], [174.54981642113, -36.8891546838056], [174.549813404562, -36.8891614996341], [174.549810181931, -36.889167780936], [174.549806693174, -36.8891732211288], [174.549802937189, -36.8891778211281], [174.549798913956, -36.889181580033], [174.549794623495, -36.8891844987444], [174.549790065787, -36.8891865763612], [174.549785239728, -36.8891878137992], [174.549780147544, -36.8891882101278], [174.549774788115, -36.8891877653618], [174.549769161457, -36.8891864804021], [174.549763267553, -36.8891843543477], [174.549757106421, -36.8891813880995], [174.549750678044, -36.8891775807565], [174.549743982421, -36.8891729323186], [174.549737018449, -36.8891674437014], [174.549729788373, -36.8891611148757], [174.549722291053, -36.8891539449548], [174.549714526488, -36.8891459339388], [174.549706494679, -36.8891370818276], [174.549698195645, -36.8891273895222], [174.549689629386, -36.8891168570226], [174.549687638557, -36.8891163511853], [174.549685647728, -36.8891158453479], [174.549683656899, -36.8891153395105], [174.549681666069, -36.889114833673], [174.549679676362, -36.8891143278209], [174.549677685533, -36.8891138219834], [174.549675694704, -36.8891133161459], [174.549673703875, -36.8891128103083], [174.549671713045, -36.8891123044706], [174.549669722198, -36.8891117977319], [174.549667731369, -36.8891112918942], [174.54966574054, -36.8891107860565], [174.549663750833, -36.8891102802041], [174.549661760004, -36.8891097743663], [174.549659769175, -36.8891092685285], [174.549657778346, -36.8891087626906], [174.549655787517, -36.8891082568527], [174.549653796688, -36.8891077510148], [174.549651805859, -36.8891072451768], [174.54964981503, -36.8891067393388], [174.549647825323, -36.8891062334862], [174.549645834495, -36.8891057276481], [174.549643843666, -36.88910522181], [174.549641852837, -36.8891047159719], [174.549639862008, -36.8891042101337], [174.54963787118, -36.8891037042955], [174.549635880351, -36.8891031984573], [174.549633889504, -36.8891026917179], [174.549631899797, -36.8891021858649], [174.549629908969, -36.8891016800266], [174.54962791814, -36.8891011741882], [174.549625927312, -36.8891006683498], [174.549623936483, -36.8891001625114], [174.549621945655, -36.8890996566729], [174.549619954826, -36.8890991508344], [174.549617963998, -36.8890986449958], [174.549615973169, -36.8890981391573], [174.549613983463, -36.889097633304], [174.549611992635, -36.8890971274654], [174.549610001806, -36.8890966216267], [174.549609528057, -36.8890965007134], [174.549609054326, -36.8890963807013], [174.549608580577, -36.889096259788], [174.549608106846, -36.8890961397758], [174.549607631993, -36.8890960197783], [174.549607158244, -36.889095898865], [174.549606684513, -36.8890957788528], [174.549606210764, -36.8890956579395], [174.549605737033, -36.8890955379273], [174.549605263284, -36.889095417014], [174.549604789553, -36.8890952970019], [174.549604315804, -36.8890951760885], [174.549603842073, -36.8890950560763], [174.549603368342, -36.8890949360642], [174.549602894593, -36.8890948151509], [174.549602420862, -36.8890946951387], [174.549601947113, -36.8890945742253], [174.549601473382, -36.8890944542132], [174.549600998511, -36.8890943333145], [174.54960052478, -36.8890942133023], [174.549600051031, -36.8890940923889], [174.5495995773, -36.8890939723767], [174.549599103569, -36.8890938523645], [174.54959862982, -36.8890937314512], [174.549598156089, -36.889093611439], [174.549597682339, -36.8890934905257], [174.549597208609, -36.8890933705135], [174.549596734859, -36.8890932496001], [174.549596261128, -36.8890931295879], [174.549595787379, -36.8890930086745], [174.549595313648, -36.8890928886624], [174.549594839918, -36.8890927686501], [174.549594365047, -36.8890926477514], [174.549593891316, -36.8890925277392], [174.549593417567, -36.8890924068258], [174.549592943836, -36.8890922868136], [174.549592470086, -36.8890921659002], [174.549591996356, -36.889092045888], [174.549591522606, -36.8890919249747], [174.549591048876, -36.8890918049624], [174.549580578452, -36.8890926572186], [174.549570296217, -36.8890935484823], [174.549560201049, -36.8890944787679], [174.549550292946, -36.8890954480756], [174.549540573031, -36.8890964563908], [174.549531039061, -36.8890975037428], [174.549521693279, -36.8890985901024], [174.549512534563, -36.8890997154843], [174.549503564016, -36.8891008789727], [174.549494779433, -36.8891020823992], [174.549486183037, -36.8891033248334], [174.549477773707, -36.8891046062902], [174.549469552566, -36.8891059267547], [174.54946151735, -36.8891072853552], [174.549453670341, -36.8891086838648], [174.549446010398, -36.889110121397], [174.549438538624, -36.889111597036], [174.549431252813, -36.8891131126135], [174.549424155191, -36.889114667199], [174.549417244616, -36.8891162599061], [174.549410521125, -36.8891178925371], [174.549403985804, -36.8891195632751], [174.549397636446, -36.8891212739517], [174.549391475258, -36.8891230227354], [174.549385502275, -36.8891248114285], [174.549379715219, -36.889126638258], [174.54937411637, -36.8891285049969], [174.549368704568, -36.8891304098576], [174.549363280214, -36.8891323599502], [174.549357642568, -36.8891343614979], [174.549351793857, -36.8891364135705], [174.549345731853, -36.8891385170983], [174.549339458801, -36.8891406720519], [174.549332972439, -36.8891428775595], [174.549326272786, -36.8891451345222], [174.549319362065, -36.8891474420095], [174.549312239175, -36.8891498009372], [174.549304902993, -36.8891522113198], [174.549297354622, -36.8891546722416], [174.549289594081, -36.8891571846037], [174.549281621369, -36.8891597484059], [174.549273435348, -36.8891623627619], [174.549265038259, -36.8891650276422], [174.549256427897, -36.8891677448783], [174.549247605346, -36.8891705126534], [174.549238570606, -36.8891733309673], [174.549229322574, -36.8891762007358], [174.549219863493, -36.8891791219295], [174.549210191101, -36.8891820936766], [174.549200306539, -36.8891851168635], [174.549190209806, -36.8891881914901], [174.549179900884, -36.8891913166553], [174.54916937867, -36.8891944932748], [174.549158645388, -36.8891977204181], [174.549147698813, -36.8892009990155], [174.549136540068, -36.8892043290524], [174.549125384687, -36.8892076590444], [174.549114448261, -36.8892109402105], [174.549103730772, -36.8892141716498], [174.549093233359, -36.8892173542487], [174.549082954883, -36.8892204871208], [174.549072895362, -36.8892235711674], [174.549063054778, -36.8892266054872], [174.549053433131, -36.8892295900805], [174.549044031543, -36.8892325249326], [174.549034848928, -36.8892354118604], [174.54902588411, -36.8892382481753], [174.549017140491, -36.8892410356356], [174.549008614687, -36.8892437733842], [174.549000308961, -36.889246462293], [174.548992221031, -36.8892491005889], [174.548984353197, -36.8892516909463], [174.548976704301, -36.8892542315776], [174.548969275463, -36.889256722468], [174.548962064442, -36.8892591636469], [174.548955073497, -36.8892615559863], [174.54894830149, -36.8892638985997], [174.548941748439, -36.8892661923882], [174.548935414325, -36.8892684364507], [174.54892930027, -36.8892706307727], [174.548923405172, -36.88927277627], [174.54891772901, -36.8892748720414], [174.548912271805, -36.8892769189881], [174.548907033537, -36.889278916209], [174.548901871549, -36.8892808565504], [174.548896642023, -36.8892827310709], [174.548891344996, -36.8892845415729], [174.548885980431, -36.889286286254], [174.548880548365, -36.8892879669165], [174.548875048761, -36.8892895817581], [174.548869481657, -36.8892911325811], [174.548863847015, -36.8892926175833], [174.548858144853, -36.8892940376656], [174.548852375191, -36.8892953937292], [174.548846537991, -36.889296683972], [174.548840633271, -36.8892979092949], [174.548834661033, -36.889299069698], [174.548828621275, -36.8893001651813], [174.54882251512, -36.8893011957301], [174.548816340323, -36.8893021613737], [174.548810098008, -36.8893030620975], [174.548803788173, -36.8893038979014], [174.548797410819, -36.8893046687853], [174.548790967068, -36.8893053747348], [174.548784454676, -36.889306015779], [174.548777874765, -36.8893065919033], [174.548771228438, -36.8893071021919], [174.548764513488, -36.8893075484763], [174.548757731019, -36.8893079298408], [174.548750882135, -36.8893082453695], [174.548743964628, -36.889308496894], [174.548736979584, -36.8893086825975], [174.548729973006, -36.8893088577648], [174.548722988635, -36.8893090768091], [174.548716026472, -36.8893093397306], [174.54870908762, -36.8893096456134], [174.548702170958, -36.8893099944721], [174.548695277624, -36.8893103871933], [174.548688406498, -36.8893108237915], [174.548681557561, -36.8893113033658], [174.548674731954, -36.8893118268024], [174.548667928535, -36.8893123932151], [174.548661147324, -36.8893130035049], [174.548654389424, -36.889313656756], [174.548647653732, -36.8893143538842], [174.548640941369, -36.8893150948749], [174.548634251194, -36.8893158788416], [174.548627583209, -36.8893167057844], [174.548620938553, -36.8893175765895], [174.548614316105, -36.8893184912719], [174.548607716967, -36.8893194489156], [174.548601140037, -36.8893204504365], [174.548594585314, -36.8893214958345], [174.548588053901, -36.8893225841939], [174.548581544678, -36.8893237155293], [174.548575057662, -36.8893248907419], [174.548568593976, -36.889326109817], [174.548562152478, -36.8893273718681], [174.548555734309, -36.8893286777818], [174.54854933833, -36.8893300266715], [174.548539801448, -36.8893295434611], [174.548530627402, -36.8893290789561], [174.548521816208, -36.8893286340576], [174.548513366728, -36.8893282078793], [174.548505281205, -36.8893278003919], [174.548497556291, -36.8893274125406], [174.548490195333, -36.8893270433804], [174.548483196089, -36.8893266929406], [174.548476559698, -36.8893263621079], [174.548470286142, -36.889326049981], [174.548464374317, -36.8893257574759], [174.548458825327, -36.8893254836769], [174.548453639171, -36.8893252285839], [174.548448814729, -36.8893249922117], [174.548444354262, -36.8893247754322], [174.548440254403, -36.8893245782893], [174.548436518484, -36.889324398937], [174.548433144295, -36.8893242392066], [174.54843013296, -36.8893240990838], [174.54842748446, -36.8893239776673], [174.548425198794, -36.8893238749571], [174.548423133668, -36.8893238018217], [174.548420893539, -36.889323786852], [174.548418456006, -36.8893238321426], [174.548415819945, -36.8893239377082], [174.548412985341, -36.8893241026475], [174.548409953349, -36.8893243287484], [174.548406721691, -36.8893246142377], [174.548403292647, -36.8893249608883], [174.54839966618, -36.8893253668982], [174.548395840065, -36.8893258331975], [174.548391816526, -36.8893263588559], [174.54838759448, -36.8893269456903], [174.548383173906, -36.8893275927995], [174.54837855591, -36.8893282992677], [174.548373739387, -36.8893290660107], [174.548368724338, -36.8893298930285], [174.548363510762, -36.889330780321], [174.548358099781, -36.8893317278735], [174.548352489134, -36.8893327348142], [174.5483466811, -36.8893338029161], [174.548340675642, -36.8893349303768], [174.548334486425, -36.8893361269334], [174.548328238271, -36.8893374612655], [174.548321961818, -36.8893389500998], [174.548315657083, -36.8893405943376], [174.548309321786, -36.8893423922057], [174.54830295819, -36.889344344576], [174.548296565171, -36.8893464514633], [174.548290142731, -36.8893487128674], [174.548283690888, -36.8893511296894], [174.548277209604, -36.8893537001272], [174.54827070002, -36.8893564250672], [174.548264160996, -36.889359303623], [174.548257592568, -36.8893623375967], [174.548250994718, -36.8893655260872], [174.548244368568, -36.88936886908], [174.548237712977, -36.8893723656884], [174.548231027983, -36.8893760177148], [174.548224313566, -36.8893798242581], [174.548217569709, -36.889383784417], [174.54821079757, -36.8893878999792], [174.548203994868, -36.8893921691717], [174.548197166054, -36.8893965901338], [174.548190429281, -36.8894009567154], [174.548183860476, -36.8894051390316], [174.548177459656, -36.8894091379835], [174.548171225701, -36.8894129535858], [174.548165159732, -36.8894165858238], [174.548159260609, -36.8894200338112], [174.548153529491, -36.8894232993355], [174.54814796634, -36.8894263805945], [174.548142570073, -36.8894292794052], [174.548137341774, -36.8894319939506], [174.548132280339, -36.8894345251466], [174.548127386892, -36.8894368729785], [174.54812266143, -36.8894390374464], [174.548118102816, -36.8894410176637], [174.548113712206, -36.8894428154182], [174.548109489565, -36.8894444289075], [174.548105433807, -36.8894458599487], [174.548101546018, -36.8894471067247], [174.548097825094, -36.8894481701514], [174.548094273279, -36.8894490501996], [174.548090887207, -36.8894497469132], [174.548087588572, -36.8894503280136], [174.548084230624, -36.8894509170977], [174.548080810052, -36.8894515169129], [174.548077326856, -36.8894521274591], [174.54807378214, -36.8894527478204], [174.548070173677, -36.8894533789274], [174.548066503693, -36.8894540198496], [174.548062771085, -36.8894546715028], [174.548058975853, -36.8894553338869], [174.548055117997, -36.889456007002], [174.54805119862, -36.8894566899322], [174.548047215497, -36.889457383608], [174.548043170871, -36.8894580880002], [174.548039063603, -36.8894588022221], [174.548034893711, -36.889459527175], [174.548030661194, -36.8894602628587], [174.548026366035, -36.8894610083723], [174.548022009373, -36.8894617646021], [174.548017590087, -36.8894625315628], [174.548013108159, -36.8894633083533], [174.548008563606, -36.8894640958747], [174.54800398245, -36.8894649046043], [174.547999495865, -36.8894657842108], [174.547995123104, -36.8894667434569], [174.547990860765, -36.8894677805845], [174.54798671225, -36.8894688973518], [174.54798267528, -36.8894700919858], [174.547978751012, -36.8894713662742], [174.54797493941, -36.8894727184147], [174.547971239388, -36.8894741502242], [174.547967652032, -36.8894756598859], [174.547964177379, -36.8894772492021], [174.547960815391, -36.8894789163704], [174.547957564984, -36.8894806632077], [174.547954427243, -36.8894824878973], [174.547951402204, -36.8894843922413], [174.54794848871, -36.8894863744522], [174.547945687917, -36.8894884363175], [174.547942999791, -36.8894905760351], [174.547940423226, -36.8894927945206], [174.547937960486, -36.8894950926461], [174.54793560929, -36.8894974686384], [174.547933365096, -36.8894999198526], [174.547931127543, -36.8895023664735], [174.547928855586, -36.8895047765865], [174.54792655035, -36.8895071501771], [174.547924210711, -36.8895094872598], [174.547921836689, -36.8895117887358], [174.547919429367, -36.8895140527882], [174.547916987644, -36.8895162803328], [174.547914511536, -36.8895184722706], [174.54791200213, -36.8895206267848], [174.54790945834, -36.8895227456923], [174.547906880148, -36.8895248280919], [174.547904267535, -36.8895268730825], [174.54790162166, -36.8895288824518], [174.547898941383, -36.8895308553132], [174.547896227826, -36.8895327916521], [174.547893479866, -36.8895346914832], [174.547890697504, -36.8895365548064], [174.547887880759, -36.8895383825228], [174.547885030714, -36.8895401728156], [174.547882146268, -36.8895419266005], [174.547879227437, -36.8895436447787], [174.547876320413, -36.8895452807785], [174.547873472452, -36.8895467853106], [174.547870685763, -36.8895481565432], [174.547867960363, -36.8895493953777], [174.547865295149, -36.8895505027298], [174.547862691207, -36.8895514767825], [174.547860148553, -36.8895523184371], [174.547857666086, -36.8895530286092], [174.547855243768, -36.8895536054966], [174.547852882758, -36.889554050887], [174.547850583019, -36.8895543629781], [174.547848343448, -36.8895545426856], [174.547846165185, -36.8895545908961], [174.547844047071, -36.8895545058219], [174.547841990246, -36.8895542883495], [174.54783999473, -36.8895539393802], [174.547838059363, -36.8895534571261], [174.547836184182, -36.8895528433897], [174.547834370272, -36.8895520963539], [174.547832617653, -36.8895512169201], [174.547830925219, -36.8895502060038], [174.547829257344, -36.8895490775898], [174.547827499441, -36.8895478809435], [174.547825642625, -36.8895466206875], [174.547823688001, -36.8895452959059], [174.547821634427, -36.8895439057123], [174.547819481942, -36.889542451909], [174.547817231647, -36.8895409335801], [174.547814881318, -36.8895393516561], [174.547812434285, -36.8895377042908], [174.547809887217, -36.8895359933304], [174.547807242322, -36.8895342169432], [174.547804499637, -36.8895323769317], [174.547801656899, -36.8895304724238], [174.547798717474, -36.8895285033757], [174.547795677997, -36.8895264698313], [174.547792540712, -36.8895243717613], [174.547789304514, -36.8895222100815], [174.547785969368, -36.8895199829896], [174.547782536431, -36.8895176922732], [174.547779004564, -36.8895153370458], [174.547775374888, -36.8895129172927], [174.547771664541, -36.8895104481141], [174.547768059425, -36.889508077616], [174.547764605235, -36.8895058457648], [174.547761301915, -36.8895037498571], [174.547758150624, -36.8895017916806], [174.547755150239, -36.8894999712498], [174.547752300743, -36.8894982876637], [174.547749603258, -36.8894967409076], [174.547747056679, -36.8894953318973], [174.547744660988, -36.8894940597318], [174.547742417326, -36.8894929252974], [174.547740324553, -36.8894919277077], [174.547738383808, -36.8894910678493], [174.547736593951, -36.8894903448356], [174.547734954983, -36.8894897586667], [174.547733468043, -36.8894893102289], [174.547732131991, -36.889488998636], [174.547730947968, -36.8894888247743], [174.547729913711, -36.8894887877719], [174.547729032605, -36.8894888884862], [174.547728301265, -36.8894891260599], [174.547727720813, -36.8894895004784], [174.547727114899, -36.8894900032227], [174.5477263633, -36.8894906268454], [174.547725466017, -36.8894913713466], [174.547724421945, -36.8894922376418], [174.54772323219, -36.8894932248155], [174.547721895646, -36.8894943337833], [174.547720413418, -36.8894955636295], [174.547718785505, -36.8894969143541], [174.547717010804, -36.8894983868728], [174.547715090419, -36.8894999802699], [174.547713024349, -36.8895016945453], [174.547710811491, -36.8895035306149], [174.547708452949, -36.8895054875628], [174.547705948722, -36.889507565389], [174.547703297707, -36.8895097650094], [174.547700501007, -36.889512085508], [174.547697557519, -36.8895145278007], [174.547694468346, -36.8895170909717], [174.547691233488, -36.889519775021], [174.547687851842, -36.8895225808644], [174.547684324512, -36.889525507586], [174.547680705643, -36.8895284580342], [174.547677104577, -36.8895312342865], [174.54767352459, -36.8895338317934], [174.547669965681, -36.889536250555], [174.547666427832, -36.88953848967], [174.547662911043, -36.8895405491386], [174.547659415332, -36.8895424298617], [174.547655941803, -36.8895441309238], [174.547652488213, -36.889545652354], [174.5476490557, -36.8895469950388], [174.547645645388, -36.8895481589636], [174.547642255015, -36.8895491432565], [174.547638886823, -36.8895499478883], [174.54763553971, -36.8895505737748], [174.547632212535, -36.8895510200294], [174.547628907561, -36.889551287524], [174.547625623647, -36.8895513753721], [174.547622360811, -36.8895512844748], [174.547619119036, -36.8895510139311], [174.547615898321, -36.8895505637409], [174.547612698685, -36.8895499348053], [174.547609520237, -36.8895491325311], [174.547606364662, -36.8895481848388], [174.547603229863, -36.8895470989666], [174.547600116907, -36.8895458721965], [174.54759702697, -36.8895445072173], [174.547593957772, -36.889543002256], [174.547590911557, -36.8895413572833], [174.5475878861, -36.8895395732295], [174.547584883643, -36.8895376500656], [174.547581903048, -36.8895355869049], [174.547578944332, -36.8895333846486], [174.547576006356, -36.8895310424101], [174.547573091381, -36.8895285610614], [174.547570198285, -36.8895259406171], [174.54756732705, -36.8895231801761], [174.547564477695, -36.8895202806394], [174.547561651323, -36.8895172410914], [174.547558845708, -36.8895140624623], [174.547556061955, -36.8895107438366], [174.547553300081, -36.8895072861152], [174.54755056119, -36.8895036883824], [174.54754783877, -36.8894999615396], [174.547545013223, -36.889496351415], [174.54754203178, -36.8894929677616], [174.547538893337, -36.8894898114949], [174.547535597876, -36.8894868817139], [174.547532146537, -36.8894841793052], [174.547528538179, -36.889481703382], [174.547524772822, -36.8894794548456], [174.547520851568, -36.8894774327803], [174.547516773296, -36.8894756372005], [174.547512538024, -36.8894740690075], [174.547508146873, -36.8894727281866], [174.547503598705, -36.8894716138512], [174.547498893536, -36.8894707269025], [174.54749403247, -36.8894700664248], [174.547489014387, -36.8894696324325], [174.547483839302, -36.8894694258269], [174.54747850834, -36.8894694465932], [174.547473020358, -36.889469693845], [174.547467375358, -36.8894701675823], [174.54746157448, -36.8894708686914], [174.547455616601, -36.8894717971871], [174.547449559828, -36.8894728297265], [174.547443477355, -36.8894738121237], [174.547437370249, -36.8894747416609], [174.547431237425, -36.8894756201548], [174.547425078865, -36.8894764467043], [174.547418895708, -36.889477222196], [174.547412686815, -36.8894779457433], [174.547406453308, -36.8894786173315], [174.547400194064, -36.8894792369754], [174.547393910206, -36.8894798046602], [174.54738760063, -36.8894803213017], [174.54738126644, -36.8894807859843], [174.547374906532, -36.8894811996235], [174.547368520869, -36.8894815604173], [174.54736211061, -36.889481870153], [174.547355675736, -36.8894821279298], [174.547349215145, -36.8894823346632], [174.5473427288, -36.8894824885511], [174.547336217858, -36.8894825913811], [174.54732968118, -36.8894826422666], [174.547323119906, -36.8894826420942], [174.547316576885, -36.8894826011221], [174.547310205564, -36.8894825606175], [174.5473040206, -36.889482523995], [174.547298020853, -36.889482490368], [174.547292206359, -36.8894824615389], [174.547286577082, -36.8894824357054], [174.547281133041, -36.8894824137687], [174.547275875338, -36.889482394813], [174.547270802888, -36.8894823806553], [174.547265915655, -36.8894823694933], [174.547261213675, -36.8894823631293], [174.547256698034, -36.8894823597464], [174.547252367611, -36.8894823593594], [174.547248221318, -36.889482363785], [174.547244262486, -36.8894823711772], [174.547240487768, -36.8894823824811], [174.547236898284, -36.8894823976819], [174.547233495157, -36.8894824167651], [174.547230277266, -36.8894824397453], [174.547227244591, -36.8894824657214], [174.547224398274, -36.88948249558], [174.547221718047, -36.8894825259795], [174.547218997608, -36.8894825100315], [174.547216177245, -36.8894824358947], [174.547213256976, -36.88948230447], [174.547210235624, -36.8894821130688], [174.547207114365, -36.8894818643797], [174.547203893182, -36.8894815575018], [174.547200570934, -36.8894811915483], [174.547197149883, -36.8894807673913], [174.547193627786, -36.8894802850599], [174.547190005764, -36.8894797445395], [174.547186282678, -36.8894791449436], [174.547182460807, -36.8894784880453], [174.547178537871, -36.8894777720714], [174.547174515011, -36.8894769979085], [174.547170391105, -36.8894761655711], [174.547166168377, -36.889475274129], [174.547161844622, -36.8894743254136], [174.547157420923, -36.889473317608], [174.547152897301, -36.8894722516133], [174.547148272631, -36.8894711274441], [174.547143548038, -36.8894699450859], [174.547138783075, -36.8894687641545], [174.547134024668, -36.8894676300087], [174.547129271713, -36.8894665435641], [174.547124525331, -36.8894655048062], [174.54711978326, -36.8894645128631], [174.547115048885, -36.889463568592], [174.547110318839, -36.8894626720368], [174.547105595349, -36.8894618222671], [174.547100878432, -36.8894610201841], [174.547096165845, -36.8894602658169], [174.547091459813, -36.8894595582354], [174.547086760354, -36.8894588983404], [174.547082066347, -36.8894582861468], [174.547077377773, -36.8894577207533], [174.547072695772, -36.8894572030465], [174.547068019223, -36.8894567330409], [174.547063349229, -36.889456309821], [174.547058684687, -36.8894559343023], [174.547054025596, -36.8894556064848], [174.54704937306, -36.8894553254529], [174.547044725976, -36.8894550921223], [174.547040050068, -36.8894548762929], [174.547035267633, -36.8894546086698], [174.547030375267, -36.8894542874947], [174.547025371848, -36.889453912782], [174.547020259622, -36.8894534845027], [174.547015037447, -36.8894530017701], [174.547009704219, -36.8894524654999], [174.547004262184, -36.8894518756631], [174.546998709096, -36.8894512322886], [174.546993046078, -36.889450535362], [174.546987274234, -36.8894497839675], [174.546981391337, -36.8894489790353], [174.546975398511, -36.889448120551], [174.546969295754, -36.8894472085144], [174.546963084171, -36.8894462420098], [174.546956761535, -36.8894452219675], [174.54695032897, -36.8894441483729], [174.546943786475, -36.889443021226], [174.546937134049, -36.8894418405268], [174.546930371675, -36.8894406053741], [174.546923499371, -36.889439316669], [174.546916547719, -36.8894379884352], [174.546909716021, -36.889436710017], [174.546903038242, -36.8894354962954], [174.546896516645, -36.8894343481423], [174.546890148968, -36.8894332646859], [174.546883936368, -36.8894322477138], [174.54687787881, -36.8894312954237], [174.546871975189, -36.8894304087316], [174.54686622661, -36.8894295867216], [174.546860633108, -36.889428831196], [174.546855194648, -36.8894281403526], [174.546849911228, -36.8894275141914], [174.546844781765, -36.8894269545292], [174.546839807343, -36.8894264595494], [174.54683498798, -36.8894260301529], [174.546830322555, -36.8894256663545], [174.546825813293, -36.8894253672237], [174.546821457968, -36.889425133691], [174.546817257702, -36.8894249657418], [174.546813212496, -36.8894248633761], [174.54680932121, -36.8894248257073], [174.546805579391, -36.8894248545963], [174.546801769908, -36.8894249781083], [174.54679778756, -36.8894252102322], [174.546793630103, -36.8894255509972], [174.546789299763, -36.889425999473], [174.546784795453, -36.8894265574764], [174.546780117157, -36.8894272241063], [174.546775264874, -36.8894279993625], [174.546770239707, -36.8894288823295], [174.54676503945, -36.8894298748386], [174.546759666327, -36.8894309759594], [174.546754119199, -36.8894321848055], [174.546748398101, -36.889433503179], [174.546742503017, -36.8894349301788], [174.546736435049, -36.8894364648891], [174.54673019199, -36.8894381091415], [174.546723776047, -36.8894398611043], [174.546717186135, -36.8894417225944], [174.546710422235, -36.8894436927107], [174.54670348433, -36.889445770552], [174.546696372456, -36.8894479579206], [174.546689087697, -36.8894502529994], [174.546681721248, -36.8894526149412], [174.546674409914, -36.8894549833759], [174.546667152539, -36.8894573565159], [174.546659951366, -36.889459734332], [174.546652804188, -36.8894621186556], [174.546645713211, -36.8894645076553], [174.546638676211, -36.8894669022615], [174.546631694291, -36.8894693015584], [174.546624767487, -36.8894717073483], [174.546617896885, -36.8894741178143], [174.546611080241, -36.8894765329856], [174.546604318714, -36.88947895465], [174.546597612267, -36.8894813810052], [174.546590960918, -36.8894838129522], [174.546584364649, -36.8894862495901], [174.546577822375, -36.8894886927356], [174.546571336302, -36.8894911405573], [174.54656490531, -36.8894935930698], [174.546558529434, -36.8894960520754], [174.546552207517, -36.8894985157865], [174.546545941819, -36.8895009850749], [174.546539711177, -36.8895035233119], [174.54653344434, -36.8895063811037], [174.546527130635, -36.8895095856304], [174.546520772269, -36.8895131350603], [174.54651436926, -36.8895170302947], [174.546507920468, -36.8895212704471], [174.54650142705, -36.889525857305], [174.54649488785, -36.8895307890808], [174.546488302866, -36.8895360657745], [174.546481673257, -36.8895416891738], [174.546474997864, -36.8895476574909], [174.546468277828, -36.8895539716124], [174.546461513148, -36.8895606315384], [174.546454701562, -36.8895676363968], [174.546447846455, -36.889574987045], [174.546440944459, -36.8895826835268], [174.546433998923, -36.8895907248972], [174.546427006517, -36.8895991130023], [174.546419969449, -36.8896078460107], [174.546412887718, -36.8896169239223], [174.546405760239, -36.8896263485539], [174.546398598734, -36.8896360891066], [174.546391556917, -36.8896457550902], [174.546384684969, -36.88965521966], [174.54637798177, -36.8896644828308], [174.546371448459, -36.8896735454891], [174.546365083897, -36.8896824067484], [174.546358888083, -36.8896910666087], [174.546352862158, -36.8896995259565], [174.546347005, -36.8897077848066], [174.546341317695, -36.889715841342], [174.546335799157, -36.8897236973796], [174.546330450508, -36.8897313529049], [174.54632527059, -36.8897388061302], [174.546320259458, -36.889746059759], [174.546315418179, -36.8897531110732], [174.546310745667, -36.8897599618897], [174.546306243027, -36.8897666112929], [174.546301909155, -36.8897730601985], [174.546297745154, -36.8897793076907], [174.546293749922, -36.8897853546853], [174.546289923439, -36.8897912002812], [174.546286266828, -36.8897968444639], [174.546282714553, -36.8898023205355], [174.5462792077, -36.8898076563038], [174.546275748531, -36.8898128526409], [174.546272335924, -36.8898179095613], [174.546268969862, -36.8898228261638], [174.546265650362, -36.8898276033497], [174.546262378528, -36.8898322402032], [174.546259152135, -36.8898367376546], [174.546255973408, -36.8898410947736], [174.546252841243, -36.889845312476], [174.546249754519, -36.8898493907762], [174.546246715461, -36.8898533287441], [174.546243722966, -36.8898571272954], [174.546240778137, -36.8898607855142], [174.546237878749, -36.889864304331], [174.546235025905, -36.88986768283], [174.546232220746, -36.8898709218978], [174.546229462149, -36.889874021549], [174.546226750097, -36.8898769808824], [174.546224083467, -36.8898797999126], [174.546221465662, -36.8898824803981], [174.546218873849, -36.8898850586907], [174.546216259508, -36.8898876327697], [174.546213620486, -36.8898902071699], [174.546210956782, -36.8898927818912], [174.546208268415, -36.8898953578349], [174.546205554227, -36.8898979332131], [174.546202816479, -36.889900508898], [174.54620005405, -36.889903084904], [174.54619726694, -36.8899056612311], [174.546194454044, -36.8899082387952], [174.546191617571, -36.8899108157647], [174.546188755294, -36.88991339307], [174.546185869458, -36.8899159706818], [174.546182957819, -36.8899185486294], [174.54618002262, -36.8899211268836], [174.546177061636, -36.8899237063746], [174.546174075953, -36.8899262852856], [174.546171065588, -36.8899288645178], [174.546168030542, -36.8899314440712], [174.546164970814, -36.8899340239457], [174.546161886423, -36.8899366050424], [174.546158786271, -36.8899391836402], [174.546155735264, -36.8899417507818], [174.546152745668, -36.8899443027022], [174.546149818624, -36.889946840288], [174.546146954132, -36.889949363539], [174.546144151071, -36.88995187247], [174.546141410543, -36.8899543661653], [174.546138732567, -36.8899568455258], [174.546136116021, -36.8899593105663], [174.546133562028, -36.8899617612722], [174.546131070568, -36.8899641967422], [174.546128640539, -36.8899666178923], [174.546126273061, -36.8899690247077], [174.546123968136, -36.8899714171884], [174.546121724623, -36.889973794448], [174.546119543662, -36.889976157373], [174.546117425253, -36.8899785059633], [174.546115368256, -36.8899808393325], [174.546113373829, -36.8899831592682], [174.546111440814, -36.8899854639828], [174.546109570334, -36.8899877534616], [174.54610776018, -36.8899900295361], [174.546105895903, -36.8899922927945], [174.5461039158, -36.8899945440397], [174.546101819909, -36.889996785074], [174.546099608191, -36.8899990140952], [174.546097280666, -36.8900012320043], [174.546094836193, -36.8900034379149], [174.546092275913, -36.8900056327134], [174.546089598703, -36.8900078164145], [174.546086806807, -36.8900099889889], [174.546083897964, -36.8900121495646], [174.546080873313, -36.8900142990284], [174.546077732855, -36.89001643738], [174.546074475467, -36.8900185646341], [174.546071103375, -36.8900206798604], [174.546067614353, -36.8900227839892], [174.546064009524, -36.8900248770059], [174.546060287747, -36.8900269580239], [174.546056450162, -36.8900290279297], [174.546052497892, -36.8900310867088], [174.54604842757, -36.8900331344049], [174.546044242544, -36.8900351700731], [174.546040001383, -36.8900371487842], [174.546035799096, -36.890038996291], [174.546031640133, -36.8900407107329], [174.546027522269, -36.8900422930402], [174.546023445505, -36.8900437432128], [174.546019410961, -36.8900450612363], [174.546015418621, -36.8900462462095], [174.54601146738, -36.890047299048], [174.546007557238, -36.890048219752], [174.546003689318, -36.8900490083068], [174.5459998636, -36.8900496638113], [174.545996078982, -36.8900501871812], [174.545992335463, -36.8900505784166], [174.545988635269, -36.890050836587], [174.545984975053, -36.8900509626375], [174.545981357058, -36.8900509565388], [174.545977781267, -36.8900508173898], [174.545974246593, -36.8900505470075], [174.545970754122, -36.8900501435748], [174.545967302732, -36.8900496071065], [174.545963893582, -36.8900489393901], [174.545960495319, -36.8900481994226], [174.54595697307, -36.8900476548624], [174.545953311783, -36.8900473383546], [174.54594951144, -36.8900472489979], [174.545945570937, -36.8900473877083], [174.545941490256, -36.8900477535844], [174.545937270519, -36.8900483466116], [174.545932911744, -36.8900491676912], [174.54592841279, -36.8900502159366], [174.545923774781, -36.8900514913331], [174.545918997733, -36.8900529947818], [174.545914080506, -36.8900547253962], [174.54590902312, -36.8900566840775], [174.545903826677, -36.8900588699098], [174.545898491178, -36.8900612828932], [174.545893015518, -36.8900639239434], [174.545887400801, -36.8900667921446], [174.545881645906, -36.8900698875114], [174.545875751972, -36.8900732109302], [174.545869718982, -36.8900767615001], [174.54586354583, -36.8900805401367], [174.545857248006, -36.8900845358219], [174.545851073574, -36.8900885848846], [174.545845111122, -36.8900926284846], [174.545839359526, -36.8900966666365], [174.545833821032, -36.8901006993112], [174.545828493396, -36.8901047265378], [174.54582337886, -36.8901087482872], [174.545818475164, -36.8901127636875], [174.545813783465, -36.8901167745264], [174.545809303746, -36.8901207799028], [174.545805036006, -36.8901247798167], [174.545800980228, -36.890128773367], [174.545797136447, -36.8901327623559], [174.545793503506, -36.8901367449959], [174.545790083685, -36.8901407230599], [174.545786874703, -36.8901446947751], [174.545783877718, -36.890148661929], [174.545781093818, -36.8901526227048], [174.545778520775, -36.8901565780328]]}, "properties": {"OBJECTID": 1170, "TRACKNAME": "Peripatus Track", "CONDITIONSOFUSE": "Waitakere North Regional Park", "STATUS": "Temp Closed", "WEBLINK": "https://www.aucklandcouncil.govt.nz/en/parks-recreation/find-park-beach/park-detail/3407.html", "VALIDATIONSTATE": 3, "created_user": "AC_owner", "last_edited_user": "AC_owner", "last_edited_date": 1789875254325, "created_date": 1789875254325, "PARK_SAPSITEID": null, "TRACK_ID": null, "KAURIDIEBACK_TRACK": null, "KAURIDIEBACK_MITIGATED": null, "SegmentID": null, "GlobalID": "f0abc918-d674-41e8-9ef6-fa8fb296c485", "Shape__Length": 1629.6965025862578, "_COUNCIL_TRACKNAME": "Peripatus Track"}}, {"type": "Feature", "id": 1558, "geometry": {"type": "LineString", "coordinates": [[174.774343211019, -36.4438566694244], [174.774364040164, -36.443891433174], [174.774395180508, -36.4439395285389], [174.774429482447, -36.4439794823229], [174.774433933984, -36.4440279745003], [174.774437944583, -36.4440575979377], [174.774445116539, -36.444079070792], [174.774465811693, -36.4441084371335], [174.774506487277, -36.444134811194], [174.774547520386, -36.4441773690498], [174.774581453853, -36.4442011391397], [174.774632133699, -36.4442273643924]]}, "properties": {"OBJECTID": 1558, "TRACKNAME": "Pigsty Track", "CONDITIONSOFUSE": "Scandrett Regional Park", "STATUS": "Open", "WEBLINK": "https://www.aucklandcouncil.govt.nz/en/parks-recreation/find-park-beach/park-detail/225.html", "VALIDATIONSTATE": 3, "created_user": "AC_owner", "last_edited_user": "AC_owner", "last_edited_date": 1789875254325, "created_date": 1789875254325, "PARK_SAPSITEID": null, "TRACK_ID": null, "KAURIDIEBACK_TRACK": null, "KAURIDIEBACK_MITIGATED": null, "SegmentID": null, "GlobalID": "08aadf29-2598-4d6c-845e-a58f1ad674bb", "Shape__Length": 50.70549649819043, "_COUNCIL_TRACKNAME": "Pigsty Track"}}, {"type": "Feature", "id": 1580, "geometry": {"type": "LineString", "coordinates": [[174.773926668975, -36.4426456123218], [174.773968861506, -36.442667114507], [174.774012747907, -36.4426880416441], [174.774053411429, -36.4427144160553], [174.774090924585, -36.4427489318498], [174.77412158397, -36.4427754459402], [174.774166207579, -36.4428287403204], [174.77419734735, -36.4428768357601], [174.774214903046, -36.4429143524074], [174.774226330706, -36.4429762258227], [174.774225871658, -36.4431030324717], [174.774215838293, -36.4432488567563], [174.774218233795, -36.4433540414667], [174.774215943255, -36.4433999387083], [174.774217233052, -36.4434565724692], [174.774224957746, -36.4435023208154], [174.774239290278, -36.4435452667247], [174.774272931844, -36.4436551879617], [174.77429050446, -36.4437414429881], [174.774322013294, -36.4438057220235], [174.774343211019, -36.4438566694244]]}, "properties": {"OBJECTID": 1580, "TRACKNAME": "Pigsty Track", "CONDITIONSOFUSE": "Scandrett Regional Park", "STATUS": "Open", "WEBLINK": "https://www.aucklandcouncil.govt.nz/en/parks-recreation/find-park-beach/park-detail/225.html", "VALIDATIONSTATE": 3, "created_user": "AC_owner", "last_edited_user": "AC_owner", "last_edited_date": 1789875254325, "created_date": 1789875254325, "PARK_SAPSITEID": null, "TRACK_ID": null, "KAURIDIEBACK_TRACK": null, "KAURIDIEBACK_MITIGATED": null, "SegmentID": null, "GlobalID": "5636b1a4-d7c7-4d6f-8de8-ac31f79381b6", "Shape__Length": 146.6791890908517, "_COUNCIL_TRACKNAME": "Pigsty Track"}}, {"type": "Feature", "id": 12204, "geometry": {"type": "LineString", "coordinates": [[174.469119589197, -36.9531959535603], [174.468616013394, -36.9530738613935], [174.468134496663, -36.9527859599942], [174.46786528753, -36.952113418047], [174.467485702712, -36.9514128532601], [174.467182716761, -36.9508876553345], [174.466951254447, -36.9502734155064], [174.466938294386, -36.9495977047484], [174.466999106715, -36.9489504679486], [174.467137068487, -36.9485079771975], [174.467191409222, -36.9481274421684], [174.467172682535, -36.9478764424415], [174.467027283167, -36.9475488475289], [174.466755747209, -36.9471725638846], [174.466409003033, -36.9468642044379], [174.46613329987, -36.9466331262171], [174.465741633006, -36.946380054137], [174.465406580231, -36.9460903327476], [174.465327891073, -36.9454478492362], [174.465374273049, -36.9446570837968], [174.465610873423, -36.9441602928349], [174.465850307982, -36.9438116280137], [174.46590141466, -36.9432677393366], [174.466202359654, -36.9429183144072], [174.466814313149, -36.9430000712958]]}, "properties": {"OBJECTID": 12204, "TRACKNAME": "Piha Beach", "CONDITIONSOFUSE": "LES WAYGOOD PARK", "STATUS": "Open", "WEBLINK": null, "VALIDATIONSTATE": 3, "created_user": "AC_owner", "last_edited_user": "AC_owner", "last_edited_date": 1789875254325, "created_date": 1789875254325, "PARK_SAPSITEID": null, "TRACK_ID": null, "KAURIDIEBACK_TRACK": null, "KAURIDIEBACK_MITIGATED": null, "SegmentID": null, "GlobalID": "1de69ede-db0c-4541-94c6-8b67fa993a55", "Shape__Length": 1349.505070961794, "_COUNCIL_TRACKNAME": "Piha Beach"}}, {"type": "Feature", "id": 329, "geometry": {"type": "LineString", "coordinates": [[174.478604087993, -36.9669080201955], [174.478642346472, -36.9669462752814], [174.478680496832, -36.9669795201165], [174.478737512959, -36.96702001126], [174.478931918621, -36.9671399135965], [174.479140518697, -36.9672671110529], [174.479473294183, -36.9674751633195], [174.479595013782, -36.9675510373975], [174.479746850656, -36.9676490069378], [174.479874995415, -36.9677335438602], [174.480022942426, -36.9678678594521], [174.480162075712, -36.9680273156208], [174.480220793113, -36.9681103291888], [174.480317306957, -36.9682453578217], [174.480455949056, -36.9684536195813], [174.480558793627, -36.9685935716187], [174.480717612535, -36.9687977956719], [174.480837143529, -36.9689512851074], [174.480918828931, -36.9690502363319], [174.480981252647, -36.9691244329899], [174.481044864564, -36.9691811012948], [174.481127402511, -36.9692475025068], [174.481203407541, -36.9693002393811], [174.481295048923, -36.9693552598392], [174.481384961411, -36.9694027934421], [174.481479376203, -36.969441509534], [174.481576685458, -36.9694701752764], [174.481681704653, -36.9694949770062], [174.481767773369, -36.9695087842031], [174.481906765658, -36.9695180998789], [174.481998790912, -36.9695193035972], [174.482158492855, -36.9695133076606], [174.482318631753, -36.9694910364442], [174.482487946441, -36.9694611420645], [174.482607662956, -36.9694444409284], [174.482736939706, -36.969437616379], [174.482863213964, -36.969435840775], [174.482977203661, -36.9694429977818], [174.483180240573, -36.969457668176], [174.483315395503, -36.969469526922], [174.483541765549, -36.9694813632916], [174.483795647459, -36.9694677974502], [174.483968359781, -36.9694503513886], [174.48410199418, -36.9694284451538], [174.484189130799, -36.9694197121742], [174.484275882437, -36.9693934704582], [174.484384855713, -36.9693494012714], [174.484448057357, -36.9693159816072], [174.48467309777, -36.9691951968628], [174.484987614048, -36.9690306128884], [174.485195661214, -36.9689175751346], [174.485369904348, -36.9688275391498], [174.485566886337, -36.9687434377578], [174.485673606227, -36.9687031542825], [174.485794316715, -36.9686614066541], [174.486011167646, -36.9685945422887], [174.486432630998, -36.9684709887811], [174.486696776871, -36.9683922008209], [174.48710427342, -36.9682726055858], [174.487426556088, -36.968177971848], [174.487706094298, -36.968090200502], [174.487894973185, -36.9680274780069], [174.488125460869, -36.9679428983609], [174.488349715482, -36.9678584144465], [174.48854850548, -36.9677855435012], [174.488655379641, -36.9677527547706], [174.488791987345, -36.9677245505441], [174.489004933193, -36.9676927656973], [174.489196615576, -36.9676875579987], [174.489500615846, -36.9676845281759], [174.489572260117, -36.9676501886486]]}, "properties": {"OBJECTID": 329, "TRACKNAME": "Piha Road", "CONDITIONSOFUSE": null, "STATUS": "Open", "WEBLINK": null, "VALIDATIONSTATE": 3, "created_user": "AC_owner", "last_edited_user": "AC_owner", "last_edited_date": 1789875254325, "created_date": 1789875254325, "PARK_SAPSITEID": null, "TRACK_ID": null, "KAURIDIEBACK_TRACK": null, "KAURIDIEBACK_MITIGATED": null, "SegmentID": null, "GlobalID": "05edda08-055d-4b9e-b6c6-4daadd982a84", "Shape__Length": 1153.9731498894819, "_COUNCIL_TRACKNAME": "Piha Road"}}, {"type": "Feature", "id": 10, "geometry": {"type": "LineString", "coordinates": [[174.484545618907, -36.9520892018353], [174.484746590812, -36.9519417942667], [174.484828073016, -36.9518605257982], [174.484851354604, -36.951814599398], [174.48485599294, -36.9516852585221], [174.484874649838, -36.9516307828138], [174.485061075849, -36.9513702351461], [174.485093322398, -36.9513521713482], [174.485182120923, -36.9513333280418], [174.485216505538, -36.95131716098], [174.485383351479, -36.9511603119809], [174.485892531659, -36.9508036385261], [174.48607672887, -36.950738349362], [174.486192096678, -36.9507119717432], [174.486451972284, -36.9507462982372], [174.486666060201, -36.9507901940215], [174.486769646902, -36.9507906230453], [174.486994485249, -36.9507044427643], [174.487215383619, -36.9505881273869], [174.487378582646, -36.9505341725109], [174.487555785759, -36.950498044931], [174.487601082897, -36.9504795988189], [174.487797444629, -36.9502446104499], [174.487859950714, -36.9500820383864], [174.487887584001, -36.9499391817091], [174.487951738069, -36.9498538359671], [174.487953966806, -36.9498129960085], [174.487925718341, -36.949631599572], [174.487937080363, -36.9495114737112], [174.487954155385, -36.9494638578137], [174.488190992889, -36.9492678458607], [174.488228987472, -36.9492557672523], [174.488406409351, -36.9492283996626], [174.48878576282, -36.949063102236], [174.488817187975, -36.9490191478998], [174.488921765819, -36.9487737404271], [174.489101303908, -36.9486306351738], [174.489148770877, -36.9486209234411], [174.489317606073, -36.9486342551944], [174.489501795789, -36.9485612154302], [174.489551455515, -36.9485563253755], [174.489758152538, -36.9486192956237], [174.48994997691, -36.9487031042273], [174.490099787539, -36.9487475904319], [174.49019694559, -36.9487551179053], [174.490332069816, -36.9487285045588], [174.490420013707, -36.9487293656321], [174.490703065463, -36.9488334992423], [174.490793953826, -36.9488505954172], [174.491049328112, -36.9487894534344], [174.491088149772, -36.9487607315371], [174.4912124937, -36.9486263474282], [174.491300710478, -36.9485929426258], [174.491429179758, -36.9485618804592], [174.491618187725, -36.9485440882864], [174.491920602192, -36.9484641891636], [174.492313572334, -36.9484404419213]]}, "properties": {"OBJECTID": 10, "TRACKNAME": "Piha Valley Track", "CONDITIONSOFUSE": "Waitakere West Regional Park", "STATUS": "Closed Dieback", "WEBLINK": "https://www.aucklandcouncil.govt.nz/en/parks-recreation/find-park-beach/park-detail/3451.html", "VALIDATIONSTATE": 3, "created_user": "AC_owner", "last_edited_user": "AC_owner", "last_edited_date": 1789875254325, "created_date": 1789875254325, "PARK_SAPSITEID": null, "TRACK_ID": null, "KAURIDIEBACK_TRACK": null, "KAURIDIEBACK_MITIGATED": null, "SegmentID": null, "GlobalID": "44e3c2b8-1780-4bf3-a41d-e1e6d08ad851", "Shape__Length": 931.8309164468279, "_COUNCIL_TRACKNAME": "Piha Valley Track"}}, {"type": "Feature", "id": 300, "geometry": {"type": "LineString", "coordinates": [[174.492313572334, -36.9484404419213], [174.49266903259, -36.9486386907586], [174.492762113765, -36.9486831431326], [174.493107813572, -36.9487755308333], [174.493173727956, -36.9487812791772], [174.493318724902, -36.9487777898932], [174.493856590269, -36.9487266054896], [174.494160715485, -36.9487148214419], [174.494440927827, -36.9487131561681], [174.494724401057, -36.9487962342676], [174.495026496525, -36.948852851991], [174.495469135043, -36.9490047496894], [174.495603872713, -36.9490388493502], [174.495851438446, -36.9490427081072], [174.496131377984, -36.9489966689845], [174.496502842889, -36.9489750338475], [174.496554325133, -36.9489656119712], [174.49664491149, -36.9489315045363], [174.496691315368, -36.9489248407936], [174.496740969627, -36.9489459692971], [174.496880325638, -36.9490671748484], [174.496908264178, -36.9490805197546], [174.496942580201, -36.9490609709719], [174.497072422023, -36.9489275264445], [174.497106196007, -36.9489082900122], [174.497138651281, -36.9489282272792], [174.497285654863, -36.9490930421835], [174.497329063278, -36.9491254270233], [174.497388922668, -36.949125145338], [174.497604872167, -36.9490882482615], [174.497796494439, -36.9490081262837], [174.497894078917, -36.948995687657], [174.498378237385, -36.9490834530535], [174.498404276481, -36.949104676065], [174.498442928448, -36.9492097614767], [174.498461348248, -36.949222697944], [174.49862050606, -36.9491249183107], [174.498682123329, -36.9491155406514], [174.498735638366, -36.9491470537747], [174.498758901632, -36.9491449619018], [174.499059926396, -36.9489991877713], [174.499116510501, -36.9489870260242], [174.499163239874, -36.9490036250262], [174.499416417603, -36.9491274518879], [174.499469668446, -36.9491344175542], [174.49967114498, -36.9491350727722], [174.499851063837, -36.9491857940371], [174.500094226011, -36.9493246382902], [174.500175908234, -36.9494243688629], [174.500212207017, -36.9494424449728], [174.500245602329, -36.949439888577], [174.500279848682, -36.9494223777017], [174.500470728974, -36.9492770606281], [174.500505976664, -36.9492661178936], [174.500544568298, -36.9492737550711], [174.500672205809, -36.9493303718313], [174.500711199627, -36.9493576454963], [174.500722851233, -36.9493874658777], [174.500734428774, -36.9494886040233], [174.500750657215, -36.9495159256571], [174.500813497032, -36.949546986461], [174.50096275366, -36.9496000432498], [174.500988006296, -36.949597284019], [174.501009160813, -36.9495823874455], [174.501154140959, -36.9494164602823], [174.501197349321, -36.9493806562232], [174.50126785469, -36.9493677540829], [174.501493215425, -36.9493575303], [174.501533294968, -36.9493801416272], [174.501619328379, -36.9494715055832], [174.501740882316, -36.94964365924], [174.501772004681, -36.949676110394], [174.501889928772, -36.9497311523183], [174.501981310955, -36.9497270687138], [174.501997010042, -36.9497375891348], [174.502041589695, -36.9499686243193], [174.502032916211, -36.9500868190225], [174.502038299217, -36.9501070153856], [174.502073179068, -36.9500986078687], [174.50231857165, -36.9499754712121], [174.502368632124, -36.9499577073592], [174.50237903731, -36.9499618283306], [174.502387304225, -36.9499796716804], [174.502411159067, -36.9501242586522], [174.502434045832, -36.9501451826394], [174.502478036429, -36.9501540100666], [174.502502185359, -36.9501502288124], [174.502524831312, -36.9501263084733], [174.502606011835, -36.9499379750109], [174.502629787927, -36.9499007010661], [174.50266194031, -36.9498855784833], [174.502775488398, -36.9498696672611], [174.502820085118, -36.949851678529], [174.50300875664, -36.9496612522875], [174.503086689658, -36.9495631392565], [174.503171660865, -36.9494276106923], [174.503180069881, -36.9493872502244], [174.503161177507, -36.9493615102982], [174.50308046217, -36.9492946576399], [174.503042324967, -36.9492472951357], [174.503005609481, -36.9491590657114], [174.503002969271, -36.9491096917732], [174.503033809659, -36.9490650867639], [174.503292512095, -36.9487879582762], [174.503330432681, -36.9487635099825], [174.503381732405, -36.9487605096818]]}, "properties": {"OBJECTID": 300, "TRACKNAME": "Piha Valley Track", "CONDITIONSOFUSE": "Waitakere West Regional Park", "STATUS": "Closed Dieback", "WEBLINK": "https://www.aucklandcouncil.govt.nz/en/parks-recreation/find-park-beach/park-detail/3451.html", "VALIDATIONSTATE": 3, "created_user": "AC_owner", "last_edited_user": "AC_owner", "last_edited_date": 1789875254325, "created_date": 1789875254325, "PARK_SAPSITEID": null, "TRACK_ID": null, "KAURIDIEBACK_TRACK": null, "KAURIDIEBACK_MITIGATED": null, "SegmentID": null, "GlobalID": "35b986ca-fba5-4d7e-81f7-cdd149814f64", "Shape__Length": 1309.9438650843622, "_COUNCIL_TRACKNAME": "Piha Valley Track"}}, {"type": "Feature", "id": 2496, "geometry": {"type": "LineString", "coordinates": [[174.599244050752, -36.9566287314964], [174.599184988573, -36.9565322442419], [174.599149391361, -36.9564326557091], [174.599135515198, -36.9563727855753], [174.599190916236, -36.956251808053], [174.599242777072, -36.9561575762231], [174.59931112642, -36.9560564161954], [174.599444332292, -36.9558841941367], [174.599495508187, -36.9557599293804], [174.599587843842, -36.9556183629298], [174.59966340027, -36.9554703795347], [174.599702484413, -36.95536298867], [174.599675449834, -36.9552732808891], [174.599606272164, -36.9551608409922], [174.599517170017, -36.9550854175956], [174.599440321316, -36.9549997970058], [174.599426456457, -36.95493992674], [174.599482852894, -36.9548623086984], [174.599602563531, -36.9547070604503], [174.599662666482, -36.9547261074096], [174.599804010195, -36.9547239775121], [174.599985921081, -36.9546778555931], [174.60015542767, -36.9546352536133], [174.600342118211, -36.954615755749], [174.600512563661, -36.9546131966669], [174.600637987359, -36.9545791562315], [174.600763655357, -36.954502604635], [174.600932071013, -36.9544132992157], [174.601149928085, -36.9543032086118], [174.601418585544, -36.9542324163369], [174.601617667409, -36.9542093963057], [174.60179557249, -36.9541699956729], [174.601916040751, -36.9541648459733], [174.601991185091, -36.954177063866], [174.602158182976, -36.9542045909908], [174.602362115129, -36.9542115282711], [174.60251108076, -36.9541792502483], [174.602642861345, -36.9541238590252], [174.602762319374, -36.9540753400673], [174.602952383785, -36.954022406516], [174.603084012748, -36.9539603468553], [174.603243570201, -36.9538478037867], [174.603423444278, -36.9537149220403]]}, "properties": {"OBJECTID": 2496, "TRACKNAME": "Pipeline Road", "CONDITIONSOFUSE": "Waitakere Central Regional Park", "STATUS": "Temp Closed", "WEBLINK": "https://www.aucklandcouncil.govt.nz/en/parks-recreation/find-park-beach/park-detail/204.html", "VALIDATIONSTATE": 3, "created_user": "AC_owner", "last_edited_user": "AC_owner", "last_edited_date": 1789875254325, "created_date": 1789875254325, "PARK_SAPSITEID": null, "TRACK_ID": null, "KAURIDIEBACK_TRACK": null, "KAURIDIEBACK_MITIGATED": null, "SegmentID": null, "GlobalID": "eb2f33e7-34a0-48b7-bbde-5c0ab12bcbe6", "Shape__Length": 609.3704533449201, "_COUNCIL_TRACKNAME": "Pipeline Road"}}, {"type": "Feature", "id": 3229, "geometry": {"type": "LineString", "coordinates": [[174.603423444278, -36.9537149220403], [174.603532599277, -36.9536408673747], [174.603594975165, -36.9535987384816], [174.603683518567, -36.9535546598005], [174.603929064649, -36.9534371289391], [174.604109356919, -36.9533638513806], [174.604272650147, -36.9532959445629], [174.604340289662, -36.953266468532], [174.604647874817, -36.9530806740567], [174.60472914168, -36.9529993463671], [174.604805707859, -36.9528947191394], [174.604916145571, -36.952816295958], [174.605011454429, -36.9528015142988], [174.605123157816, -36.952776451834], [174.605325447099, -36.9527133262172], [174.60552782849, -36.9526535340121], [174.60570100491, -36.9525908465241], [174.605820085639, -36.9525256366007], [174.606005746001, -36.9524627527774], [174.60622905908, -36.9524093191945], [174.606416056318, -36.9524031566983], [174.606537230655, -36.9524280258006], [174.606738585953, -36.9525017535449], [174.606897448737, -36.952537739645], [174.607058307359, -36.9525457746615], [174.607263752693, -36.9525522324012], [174.607388778565, -36.9525636904655], [174.607492394579, -36.9525487763239], [174.607629254048, -36.9525333488553], [174.607849517718, -36.9525266885676], [174.608028114248, -36.9525173113127], [174.608202079706, -36.952487986532], [174.608359206845, -36.9524488936277], [174.608462030654, -36.9524006033401], [174.608598598059, -36.9523718477362], [174.608801663562, -36.9523420737185], [174.608975243486, -36.9522960600185], [174.609156990866, -36.9522432473444], [174.609345522939, -36.9522145256659], [174.609503150463, -36.9521971289994], [174.609832420186, -36.9521404134449], [174.610140639544, -36.9520723280044], [174.610405475993, -36.9520165928581], [174.610591247838, -36.9519587119034], [174.610718910836, -36.9519050441618], [174.61084440408, -36.9518480797396], [174.61101551943, -36.9517854125152], [174.611122990356, -36.9517579231509], [174.611207748202, -36.9517366097227], [174.611327126362, -36.9516847392917], [174.611436691375, -36.9516580414536], [174.611552393173, -36.9516262487062], [174.611636871145, -36.9515932662832], [174.611726249483, -36.9515919087617], [174.611784765585, -36.9516043822525], [174.611922917517, -36.951644004825], [174.612069948622, -36.9517068606626], [174.612152034473, -36.9517490018626], [174.612214237888, -36.9518298285548], [174.612356206523, -36.9520312723053], [174.612484208719, -36.9521695135913], [174.612560595386, -36.952234274675], [174.612665611001, -36.9522794120187], [174.612792877193, -36.9522975039457], [174.61293617585, -36.9522903294013], [174.613079132194, -36.9522624021397], [174.613277127263, -36.95222448979], [174.613368799697, -36.9522070071431], [174.61353599315, -36.9521544035965], [174.613643446106, -36.9521260829566], [174.613782788505, -36.9521272986546], [174.613967590143, -36.9521161516193], [174.614201894548, -36.9520884134113], [174.614481511388, -36.9520424371703], [174.614745096889, -36.9520217628871], [174.614933970408, -36.9520072149606], [174.615188569611, -36.9519582874298], [174.61548646858, -36.9518936905956], [174.615767909603, -36.9518368522881], [174.615977177467, -36.9518053051085], [174.616268364787, -36.9517207786934], [174.61651163001, -36.9516319826987], [174.616690930859, -36.9515641753699], [174.616899086408, -36.9514859157421], [174.617014739002, -36.951452450866], [174.617161469439, -36.9514143442503], [174.617263168087, -36.9514061177143], [174.617368459697, -36.9513744881699], [174.617555879271, -36.9512982044186], [174.617714666842, -36.9512423925841], [174.617824427937, -36.9512240417161], [174.617978078295, -36.9511961512443], [174.618070761138, -36.9511769062026], [174.618098898226, -36.9511771221242], [174.618309949876, -36.9512241667785], [174.618415794656, -36.951260102962], [174.618514440078, -36.9512986609744], [174.61857440512, -36.9513286155665], [174.618643498918, -36.951361140706], [174.618689248228, -36.9513927852897], [174.618743375854, -36.9514403596463], [174.618804602056, -36.9514794816772], [174.618894083615, -36.9515265198274], [174.619000209985, -36.9515741331321], [174.619129360917, -36.951627660666], [174.619268677642, -36.9516722612487], [174.619392241319, -36.9517095953359], [174.619464328864, -36.9517243586214], [174.619528959677, -36.9517317153392], [174.619601699406, -36.9517306058922], [174.619680017259, -36.9517266801994], [174.619784530398, -36.9517240735794], [174.619889283694, -36.951730684396], [174.619959572934, -36.9517406046283], [174.620004654809, -36.9517566103747], [174.620049882661, -36.9517784458428], [174.620106774178, -36.9518101180975], [174.620156461405, -36.9518452416571], [174.620200216512, -36.9518929749067], [174.620260442167, -36.9519775829045], [174.620303204298, -36.9520505313946], [174.620365193695, -36.9521870960826], [174.62042558219, -36.952366821163], [174.620446302751, -36.9524516167158], [174.620482910348, -36.9525929083171], [174.62050944601, -36.9526600932389], [174.62054067534, -36.9527055095954], [174.620573870933, -36.9527467258564], [174.620617159202, -36.9527909410341], [174.620665393256, -36.9528364136648], [174.620904657623, -36.9530787288734], [174.620986630726, -36.9531528723331], [174.621153825923, -36.9533002313877], [174.621193587832, -36.9533232316713], [174.621232021648, -36.953341328711], [174.621300058859, -36.9533678456785], [174.621506441413, -36.9534384870386], [174.621563127813, -36.9534513952815], [174.621599686845, -36.9534419815934], [174.621647543979, -36.953444212231], [174.621741621497, -36.9534572856622], [174.62183009708, -36.9534667580411], [174.621906176995, -36.9534700271586], [174.622038733264, -36.9534773558644], [174.622106747919, -36.9534763184342], [174.622203486022, -36.9534723917586], [174.622246353176, -36.9534707514414], [174.622279486668, -36.9534724529173], [174.622327217711, -36.9534692678959], [174.622382228718, -36.9534630179342], [174.62243622629, -36.9534656420565], [174.622496479704, -36.9534735707267], [174.622552027116, -36.9534899552406], [174.622626094655, -36.9535121797258], [174.622700554042, -36.9535248174696], [174.622785454054, -36.9535377901711], [174.6228707806, -36.9535438706756], [174.623003378742, -36.9535531626692], [174.62308260284, -36.9535595788228], [174.62316200961, -36.9535746003071], [174.623301306345, -36.9536116340351], [174.623439558683, -36.9536454911045], [174.623534368867, -36.9536660703379], [174.623580571676, -36.9536697199071], [174.623614004571, -36.9536643593536], [174.623652926931, -36.9536514785755], [174.623701931392, -36.9536241645058], [174.623755925012, -36.9536012078021], [174.623838047458, -36.9535748648496], [174.623897775357, -36.9535606808951], [174.623953773306, -36.9535443215999], [174.623994347357, -36.9535235493434], [174.624018863533, -36.9535023567752], [174.624054116974, -36.9534335973651], [174.624077542577, -36.9533874974104], [174.624122657569, -36.953299746861], [174.624145734273, -36.9532647202286], [174.624171453269, -36.9532377695828], [174.624198606257, -36.9532196415449], [174.624231260743, -36.9532014382356], [174.624255254094, -36.9531794325445], [174.624279163791, -36.9531534890991], [174.62429425331, -36.9531178416206], [174.624289703022, -36.9531175451382]]}, "properties": {"OBJECTID": 3229, "TRACKNAME": "Pipeline Road", "CONDITIONSOFUSE": "Waitakere Central Regional Park", "STATUS": "Open", "WEBLINK": "https://www.aucklandcouncil.govt.nz/en/parks-recreation/find-park-beach/park-detail/204.html", "VALIDATIONSTATE": 3, "created_user": "AC_owner", "last_edited_user": "AC_owner", "last_edited_date": 1789875254325, "created_date": 1789875254325, "PARK_SAPSITEID": null, "TRACK_ID": null, "KAURIDIEBACK_TRACK": null, "KAURIDIEBACK_MITIGATED": null, "SegmentID": null, "GlobalID": "7e63638c-e233-4896-8be2-cc0c563461f6", "Shape__Length": 2135.469190647044, "_COUNCIL_TRACKNAME": "Pipeline Road"}}, {"type": "Feature", "id": 204, "geometry": {"type": "LineString", "coordinates": [[174.601967209932, -36.9533566978816], [174.601860561288, -36.9533674162907], [174.601851525934, -36.9533735772541], [174.601842453687, -36.9533795854849], [174.601833333129, -36.9533854321236], [174.601824152846, -36.9533911083106], [174.601814935669, -36.9533966317649], [174.601805670183, -36.953401993627], [174.601796356387, -36.9534071938969], [174.601786982864, -36.9534122237152], [174.601777572449, -36.9534171008007], [174.601768113724, -36.9534218162939], [174.601758595273, -36.9534263613355], [174.601749039929, -36.9534307536442], [174.601739436087, -36.9534349753497], [174.601729772896, -36.9534390446254], [174.601720072624, -36.9534429521573], [174.601710323854, -36.953446689086], [174.601700526964, -36.9534502734332], [174.601690670348, -36.9534536873287], [174.601680776839, -36.9534569484912], [174.601670823605, -36.953460039202], [174.601660878767, -36.9534629945959], [174.601651067528, -36.9534658941055], [174.601641423383, -36.9534687282656], [174.601631924066, -36.9534715063899], [174.601622580805, -36.9534742283272], [174.601613405015, -36.9534769029369], [174.601604373863, -36.9534795125001], [174.601595509995, -36.9534820657249], [174.601586790955, -36.9534845629141], [174.601578228158, -36.9534870129274], [174.601569832457, -36.9534893975914], [174.601561581582, -36.9534917262199], [174.601553497992, -36.9534939985102], [174.601545559417, -36.9534962237762], [174.601537787937, -36.9534983836929], [174.601530161286, -36.9535004875744], [174.601522701917, -36.9535025351177], [174.601515387377, -36.9535045266258], [174.601508240308, -36.9535064708067], [174.601501237879, -36.9535083499415], [174.601494402734, -36.9535101727383], [174.601487712416, -36.9535119395], [174.601481178154, -36.9535136500751], [174.60147460719, -36.9535152169287], [174.601467943195, -36.9535166318071], [174.601461185981, -36.9535178856993], [174.601454335359, -36.9535189695943], [174.601447391707, -36.953519901514], [174.601440354648, -36.9535206634365], [174.601433224558, -36.9535212733836], [174.60142600125, -36.9535217223445], [174.601418684534, -36.9535220013081], [174.601411274788, -36.9535221282963], [174.601403771635, -36.9535220852872], [174.601396175452, -36.9535218903027], [174.601388485861, -36.9535215253209], [174.601380703241, -36.9535210083636], [174.601372827214, -36.9535203214089], [174.601364858157, -36.9535194824787], [174.601356795692, -36.9535184735511], [174.60134864001, -36.953517303637], [174.601340391298, -36.9535159817474], [174.601332049179, -36.9535144898602], [174.60132361403, -36.9535128459975], [174.601315085475, -36.9535110321372], [174.601306500593, -36.9535092100226], [174.601297930713, -36.9535075679753], [174.601289353567, -36.9535061153091], [174.601280791235, -36.9535048336993], [174.60127222145, -36.9535037324598], [174.601263666666, -36.9535028112877], [174.601255104428, -36.9535020704857], [174.60124655738, -36.953501518762], [174.60123800269, -36.9535011383977], [174.601229463001, -36.9535009381007], [174.601220916047, -36.9535009271849], [174.601212372677, -36.9535010874769], [174.601203844309, -36.9535014278364], [174.601195308487, -36.953501948566], [174.601186787854, -36.953502658374], [174.601178259579, -36.9535035395413], [174.601169746304, -36.9535046007759], [174.601161225764, -36.9535058513918], [174.601152720036, -36.9535072730641], [174.601144207042, -36.9535088841176], [174.60113570886, -36.9535106662275], [174.601127203412, -36.9535126377187], [174.601118756555, -36.9535147255948], [174.601110521327, -36.9535167294946], [174.601102542072, -36.9535186217796], [174.601094807186, -36.9535203845792], [174.601087317046, -36.9535220359156], [174.601080071653, -36.9535235757887], [174.601073082044, -36.9535249950361], [174.601066325765, -36.9535262939609], [174.601059825461, -36.953527481271], [174.601053569714, -36.9535285481072], [174.601047558524, -36.9535294944692], [174.601041803309, -36.9535303292168], [174.601036281424, -36.9535310436419], [174.601031015513, -36.9535316464526], [174.60102599416, -36.9535321287894], [174.601021217364, -36.9535324906523], [174.601016685315, -36.9535327410524], [174.601012409052, -36.9535328708272], [174.601008366119, -36.9535328802797], [174.601004579161, -36.9535327781179], [174.601001036949, -36.9535325644935], [174.600997739106, -36.9535322213843], [174.600994686198, -36.9535317758233], [174.600991710565, -36.9535312661257], [174.600988757009, -36.9535307381031], [174.600985825343, -36.9535301827448], [174.600982904339, -36.9535296002021], [174.600980005413, -36.9535289993346], [174.600977128377, -36.9535283711313], [174.600974262002, -36.9535277157435], [174.600971428745, -36.9535270328686], [174.600968594922, -36.9535263229607], [174.600965794405, -36.9535255945765], [174.600963004361, -36.953524829997], [174.600960236396, -36.9535240470927], [174.60095749032, -36.9535232368526], [174.600954755094, -36.9535224084391], [174.60095204157, -36.9535215436788], [174.600949338896, -36.9535206607451], [174.600946669339, -36.9535197503242], [174.600944010444, -36.9535188127189], [174.6009413624, -36.9535178569402], [174.600938747473, -36.9535168736744], [174.600936143019, -36.9535158542132], [174.600933549605, -36.9535148255895], [174.600930945906, -36.9535138421721], [174.600928256535, -36.9535130582072], [174.600925481493, -36.9535124736948], [174.600922620401, -36.953512070613], [174.600919684866, -36.9535118668324], [174.600916652431, -36.9535118626556], [174.600913545364, -36.953512048769], [174.600910352436, -36.953512425324], [174.600907073836, -36.9535130013314], [174.600903709376, -36.9535137677803], [174.600900259244, -36.9535147336818], [174.600896734479, -36.9535158898733], [174.600893112814, -36.9535172456688], [174.600889416328, -36.9535187827433], [174.600885634358, -36.9535205282813], [174.60088176634, -36.9535224552497], [174.600877812649, -36.9535245816706], [174.600873784514, -36.9535269073926], [174.60086965929, -36.9535294237074], [174.600865459433, -36.9535321303123], [174.600861173904, -36.9535350363695], [174.600856802514, -36.9535381328682], [174.600852366964, -36.9535413834617], [174.600848030765, -36.9535445515937], [174.600843804769, -36.9535476190908], [174.60083967737, -36.9535505680827], [174.600835671401, -36.9535534162885], [174.600831775257, -36.9535561458375], [174.600827978087, -36.9535587749032], [174.60082430197, -36.9535612851608], [174.600820736056, -36.9535636947837], [174.600817268739, -36.9535659859013], [174.600813922852, -36.9535681762328], [174.60081068679, -36.9535702479077], [174.60080756093, -36.9535722189479], [174.600804544896, -36.9535740713315], [174.600801627647, -36.9535758142208], [174.600798831829, -36.9535774563241], [174.600796145836, -36.9535789797708], [174.600793570046, -36.9535804025829], [174.600791092853, -36.9535817068897], [174.600788736902, -36.9535829013995], [174.600786491153, -36.9535839952747], [174.60078435523, -36.9535849704934], [174.600782318282, -36.9535858452288], [174.600780314828, -36.9535867104991], [174.600778290239, -36.9535876391489], [174.600776244137, -36.9535886131563], [174.600774165673, -36.9535896506947], [174.600772077113, -36.9535907424502], [174.60076996704, -36.9535918795633], [174.600767824604, -36.9535930802074], [174.600765671884, -36.9535943260577], [174.600763498028, -36.9535956352875], [174.600761291432, -36.9535969900263], [174.600759074929, -36.9535984079933], [174.600756837102, -36.9535998803288], [174.600754566535, -36.9536013981733], [174.60075228606, -36.953602979246], [174.600749984072, -36.9536046056762], [174.600747649722, -36.9536062956374], [174.600745305087, -36.9536080308048], [174.600742939317, -36.9536098293517], [174.600740540995, -36.9536116824186], [174.600738132388, -36.9536135806916], [174.600735702646, -36.9536155423442], [174.600733240353, -36.9536175585167], [174.600730755415, -36.953619565981], [174.600728234719, -36.9536214747787], [174.60072565562, -36.9536232762016], [174.600723029158, -36.9536249610872], [174.60072035571, -36.9536265474577], [174.60071762386, -36.9536280264533], [174.600714867291, -36.95362939762], [174.60071205213, -36.9536306524009], [174.600709189984, -36.9536318086665], [174.600706280663, -36.9536328574059], [174.600703312939, -36.9536337987704], [174.600700320308, -36.953634623295], [174.600697269463, -36.9536353494558], [174.600694171444, -36.9536359680902], [174.600691014833, -36.9536364703389], [174.600687822465, -36.9536368739209], [174.600684582921, -36.9536371699767], [174.600681296015, -36.9536373494952], [174.600677962123, -36.9536374304985], [174.600674581056, -36.9536374039754], [174.600671152627, -36.9536372609152], [174.600667677211, -36.9536370193397], [174.600664166226, -36.9536366881084], [174.600660667035, -36.9536363837586], [174.600657180203, -36.9536361333232], [174.600653728186, -36.9536359364994], [174.600650299756, -36.9536357934385], [174.600646894914, -36.9536357041407], [174.600643513659, -36.9536356686058], [174.600640144763, -36.9536356869853], [174.600636810682, -36.9536357589764], [174.600633500377, -36.9536358937415], [174.600630213471, -36.9536360732587], [174.600626950152, -36.9536363065388], [174.600623699192, -36.9536365937333], [174.600620483047, -36.9536369345394], [174.600617290489, -36.9536373291086], [174.600614121519, -36.9536377774407], [174.600610976324, -36.9536382885469], [174.6006078433, -36.9536388445564], [174.600604745091, -36.9536394541776], [174.600601670469, -36.9536401175618], [174.600598619435, -36.9536408347091], [174.600595591987, -36.9536416056193], [174.600592576899, -36.953642430444], [174.600589448401, -36.9536432027164], [174.60058608148, -36.9536438520139], [174.600582487363, -36.953644378185], [174.600578666049, -36.9536447812298], [174.600574617352, -36.9536450521373], [174.600570341647, -36.9536452089293], [174.600565838746, -36.9536452425949], [174.600561119877, -36.9536451529826], [174.600556162396, -36.9536449313843], [174.600550977907, -36.9536445956704], [174.600545566223, -36.9536441368299], [174.600539927344, -36.9536435548629], [174.600534061079, -36.9536428407583], [174.600527967808, -36.9536420125381], [174.600521647341, -36.9536410611911], [174.60051509949, -36.9536399777065], [174.600508324632, -36.9536387801061], [174.600501322579, -36.9536374593789], [174.600494093141, -36.9536360065139], [174.600486636697, -36.9536344395329], [174.600478953057, -36.9536327494251], [174.600471042033, -36.9536309271793], [174.600463017223, -36.9536290343587], [174.600455138941, -36.9536271666029], [174.60044741879, -36.9536253417824], [174.600439856394, -36.9536235418754], [174.600432440903, -36.9536217850551], [174.600425194394, -36.953620052997], [174.600418105828, -36.9536183548634], [174.600411175395, -36.9536166996652], [174.600404402716, -36.9536150693807], [174.600397788169, -36.9536134820316], [174.600391331376, -36.9536119195963], [174.600385032527, -36.9536103910856], [174.60037889181, -36.9536089055105], [174.600372920076, -36.9536074446977], [174.600367095245, -36.953606026972], [174.600361428169, -36.9536046341601], [174.600355919036, -36.9536032752729], [174.600350568035, -36.9536019593214], [174.600345374789, -36.9536006682838], [174.600340339674, -36.953599420182], [174.600335462314, -36.9535981969941], [174.600330743085, -36.953597016742], [174.600326159156, -36.9535958617064], [174.600321520596, -36.9535947795153], [174.600316760229, -36.9535937800875], [174.600311888904, -36.9535928452497], [174.60030690681, -36.953591984013], [174.600301813947, -36.9535911963773], [174.600296621543, -36.9535904821912], [174.600291307142, -36.9535898417575], [174.600285881972, -36.9535892749247], [174.600280346034, -36.9535887816929], [174.600274699515, -36.953588371073], [174.600268953266, -36.9535880248917], [174.60026308502, -36.9535877524627], [174.600257106005, -36.9535875536346], [174.600251016222, -36.9535874284073], [174.600244815669, -36.9535873767809], [174.600238504347, -36.9535873987553], [174.600232093672, -36.9535875031902], [174.600225560812, -36.9535876723662], [174.600218917183, -36.9535879151431], [174.600212162784, -36.9535882315207], [174.600205297617, -36.953588621499], [174.600198321868, -36.9535890940891], [174.600191245636, -36.9535895950737], [174.600184091375, -36.9535901241501], [174.60017683644, -36.95359067261], [174.600169492061, -36.9535912403021], [174.600162058237, -36.9535918272262], [174.600154534967, -36.9535924333825], [174.600146922253, -36.9535930587709], [174.600139231132, -36.9535936942291], [174.600131439527, -36.9535943580817], [174.600123558477, -36.9535950411663], [174.600115587982, -36.9535957434829], [174.600107528042, -36.9535964650315], [174.600099378656, -36.9535972058122], [174.600091151053, -36.9535979656735], [174.600082822777, -36.953598744918], [174.600074404867, -36.9535995343835], [174.600065897701, -36.953600352092], [174.600057301089, -36.9536011890323], [174.600048615032, -36.9536020452045], [174.60003983953, -36.9536029206086], [174.600030974583, -36.9536038152445], [174.60002202019, -36.9536047291122], [174.600013044473, -36.9536056973478], [174.600004218487, -36.9536068438351], [174.599995542045, -36.9536081595632], [174.599987037977, -36.9536096622515], [174.599978694869, -36.9536113430404], [174.599970501304, -36.9536131930702], [174.599962480113, -36.9536152300603], [174.599954619882, -36.953617445151], [174.599946909194, -36.9536198294828], [174.59993937088, -36.9536224007749], [174.599931993526, -36.9536251501678], [174.59992477713, -36.9536280776615], [174.599917710277, -36.9536311743963], [174.599910815799, -36.9536344580917], [174.599904082279, -36.9536379198879], [174.599897509719, -36.953641559785], [174.5998910867, -36.9536453689234], [174.599884836057, -36.9536493650224], [174.599878746372, -36.9536535392223], [174.599872817646, -36.9536578915233], [174.599867049879, -36.9536624219253], [174.599861431842, -36.9536671305796], [174.599855962783, -36.9536719814424], [174.599850320215, -36.9536765912781], [174.599844422907, -36.9536808349921], [174.599838271235, -36.9536847306063], [174.59983186501, -36.9536882691097], [174.599825204044, -36.9536914414913], [174.599818288714, -36.9536942657729], [174.599811118643, -36.9536967239327], [174.599803705436, -36.9536988338411], [174.599796015033, -36.9537005779301], [174.599788081494, -36.9537019737677], [174.599779893215, -36.9537030034831], [174.599771450572, -36.9537036850984], [174.599762753189, -36.9537040005914], [174.599753801254, -36.9537039589731], [174.599744594956, -36.9537035692544], [174.599735133919, -36.9537028134132], [174.59972541833, -36.9537017004606], [174.599715448189, -36.9537002303964], [174.599705223686, -36.9536984122316], [174.599694733216, -36.9536962280954], [174.599683999424, -36.9536936866961], [174.59967301108, -36.9536907881849], [174.599655408396, -36.9536900699297], [174.599638595083, -36.9536921893076], [174.599622040385, -36.9536943232257], [174.599605732697, -36.9536964538134], [174.599589672207, -36.9536985900817], [174.599573870145, -36.9537007318797], [174.599558315092, -36.9537028703474], [174.599543007238, -36.9537050144963], [174.599527957811, -36.9537071641749], [174.599513155582, -36.9537093195348], [174.599498600364, -36.9537114715649], [174.599484303761, -36.9537136381361], [174.599470254168, -36.9537158013778], [174.599456451586, -36.9537179612901], [174.599442907619, -36.9537201357437], [174.599429610662, -36.9537223068681], [174.599416560905, -36.9537244836743], [174.599403769574, -36.9537266660111], [174.599391225253, -36.9537288450189], [174.599378928132, -36.9537310297087], [174.599366889437, -36.9537332199294], [174.599355097942, -36.9537354158323], [174.599343609408, -36.9537375986392], [174.599332512903, -36.9537397310964], [174.599321808805, -36.9537418312258], [174.599311496736, -36.9537438810057], [174.599301565658, -36.9537458895983], [174.599292026799, -36.9537478568525], [174.599282880157, -36.9537497827684], [174.599274125734, -36.9537516673461], [174.59926576353, -36.9537535105857], [174.599257782316, -36.9537553126385], [174.599250193132, -36.9537570643423], [174.599242996355, -36.9537587837192], [174.599236191608, -36.9537604527473], [174.599229768041, -36.9537620895999], [174.599223736504, -36.9537636761038], [174.599218108413, -36.9537652211188], [174.599212861313, -36.9537667249474], [174.599207995205, -36.9537681875899], [174.599203532543, -36.9537696087435], [174.599199450871, -36.9537709887109], [174.599195761419, -36.953772327341], [174.599192463997, -36.9537736156227], [174.59918937915, -36.9537748649869], [174.599186113527, -36.9537760627049], [174.599182667128, -36.9537772087768], [174.599179039766, -36.9537782941914], [174.599175220589, -36.9537793371222], [174.599171220447, -36.9537803193957], [174.599167039531, -36.953781250023], [174.599162666611, -36.9537821291552], [174.599158112915, -36.9537829566412], [174.599153367028, -36.9537837236212], [174.599148440554, -36.9537844479657], [174.599143333116, -36.953785111653], [174.59913804509, -36.9537857327049], [174.599132564873, -36.9537862932507], [174.599126892653, -36.9537868023012], [174.599121039658, -36.9537872597054], [174.599115005698, -36.953787656452], [174.599108791152, -36.9537880105632], [174.599102384413, -36.9537883041681], [174.5990957969, -36.9537885461264], [174.599089017571, -36.9537887456003], [174.599082057279, -36.9537888844167], [174.599074849599, -36.9537890085376], [174.599067195444, -36.953789264861], [174.599059095004, -36.9537896623975], [174.599050525446, -36.9537901834277], [174.599041498374, -36.9537908458221], [174.599032024828, -36.9537916404185], [174.599022082541, -36.9537925765302], [174.59901169378, -36.9537936448437], [174.599000847316, -36.9537948455099], [174.598989532111, -36.9537961876912], [174.598977770432, -36.9537976620737], [174.598965551049, -36.9537992688088], [174.598952873965, -36.9538010078961], [174.598939739366, -36.9538028883467], [174.598926147064, -36.9538049011492], [174.598912097248, -36.9538070553146], [174.598897600957, -36.9538093416805], [174.598882635735, -36.9538117605491], [174.59886721281, -36.9538143117692], [174.598851343597, -36.9538170042002], [174.598835005454, -36.9538198291334], [174.598818221023, -36.9538227952773], [174.598801079184, -36.9538258563671], [174.598784036699, -36.9538288349948], [174.598767160934, -36.9538317302532], [174.598750440285, -36.9538345242718], [174.59873387494, -36.9538372260615], [174.598717475938, -36.9538398264602], [174.598701232429, -36.9538423436411], [174.598685144036, -36.9538447595824], [174.598669222175, -36.9538470831439], [174.598653455618, -36.9538493144768], [174.598637844178, -36.9538514445702], [174.598622399458, -36.953853491295], [174.598607109855, -36.9538554367805], [174.598591975557, -36.9538572900376], [174.598577007602, -36.9538590419043], [174.598562183914, -36.953860710705], [174.598547537797, -36.9538622779642], [174.598533035757, -36.9538637531465], [174.598518700063, -36.9538651269386], [174.598504519861, -36.9538664175138], [174.598490506005, -36.9538676066988], [174.598476647453, -36.953868703656], [174.598462944395, -36.9538697173963], [174.598449409943, -36.9538707378786], [174.59843602164, -36.9538717654052], [174.598422813546, -36.9538728175445], [174.598409751602, -36.9538738767282], [174.59839685864, -36.9538749606759], [174.598384123244, -36.953876060528], [174.598371545224, -36.9538771672735], [174.598359136187, -36.9538782987832], [174.598346884716, -36.9538794461973], [174.598334802037, -36.9538806093648], [174.598322876925, -36.9538817884368], [174.598311109378, -36.9538829834135], [174.598299499397, -36.9538841942947], [174.59828805821, -36.9538854209296], [174.598276774588, -36.9538866634691], [174.598265648532, -36.9538879219135], [174.598254691269, -36.9538891961116], [174.598243891761, -36.9538904952255], [174.598233260857, -36.9538918010822], [174.598222776292, -36.953893122995], [174.598212460708, -36.9538944696727], [174.598202324958, -36.9538958229421], [174.598192468961, -36.9538971273772], [174.59818293744, -36.9538983733624], [174.598173730584, -36.9538995699088], [174.598164836788, -36.9539006991456], [174.598156267657, -36.9539017789438], [174.598148022815, -36.9539027912814], [174.598140102449, -36.9539037451695], [174.598132506559, -36.9539046406082], [174.598125224107, -36.9539054867596], [174.598118277171, -36.9539062652996], [174.598111632256, -36.9539069856926], [174.598105323046, -36.9539076474852], [174.598099338312, -36.9539082508287], [174.598093666828, -36.9539087958742], [174.59808831982, -36.9539092824706], [174.598083297289, -36.9539097106181], [174.598078588007, -36.9539100804676], [174.59807421443, -36.9539103917171], [174.598070142873, -36.9539106448199], [174.598066407022, -36.9539108393228], [174.598062995648, -36.9539109753767], [174.598059886295, -36.9539110532842], [174.598056809872, -36.9539110946942], [174.598053665517, -36.9539111099779], [174.598050430963, -36.9539111084487], [174.598047128477, -36.9539110807932], [174.598043746831, -36.9539110271626], [174.598040297254, -36.9539109474057], [174.598036757289, -36.9539108418248], [174.598033149581, -36.9539107191285], [174.598029473941, -36.9539105703061], [174.598025707913, -36.9539103956595], [174.598021873953, -36.9539101948867], [174.598017960834, -36.9539099681386], [174.598013968743, -36.9539097244264], [174.598009897493, -36.9539094547389], [174.598005758123, -36.9539091499141], [174.598001539969, -36.9539088371361], [174.597997253696, -36.9539084892208], [174.597992877035, -36.9539081154813], [174.597988432631, -36.9539077246265], [174.597983920294, -36.9539073076453], [174.597979317571, -36.9539068648399], [174.597974647104, -36.9539064049192], [174.597969998527, -36.9539059176631], [174.59796541713, -36.953905420489], [174.597960914138, -36.953904913246], [174.597956489365, -36.9539043869229], [174.597952142999, -36.9539038505308], [174.597947875039, -36.9539033040698], [174.597943674069, -36.9539027386799], [174.597939551506, -36.953902163221], [174.59793550735, -36.9539015776932], [174.597931541411, -36.9539009730854], [174.597927642651, -36.9539003585598], [174.597923822298, -36.9538997339652], [174.597920080163, -36.9538990902907], [174.597916405207, -36.9538984366985], [174.597912819885, -36.9538977728861], [174.597909301553, -36.953897090145], [174.5979058504, -36.9538963974861], [174.597902488693, -36.9538956855962], [174.597899194165, -36.9538949637885], [174.597895978043, -36.9538942319119], [174.597892840328, -36.9538934899664], [174.597889769603, -36.9538927290922], [174.597886633206, -36.9538920502234], [174.597883275642, -36.9538915365746], [174.59787970795, -36.9538911789836], [174.597875930319, -36.9538909864615], [174.597871953789, -36.953890949846], [174.597867767318, -36.9538910782992], [174.597863359681, -36.9538913719723], [174.597858753144, -36.9538918215519], [174.597853936479, -36.9538924271893], [174.597848909874, -36.9538931978954], [174.597843684558, -36.9538941335189], [174.597838237886, -36.9538952253512], [174.597832581275, -36.9538964822521], [174.597826725763, -36.9538978950595], [174.597820649084, -36.9538994730864], [174.597814373505, -36.9539012070198], [174.597807887986, -36.9539031060216], [174.597801192527, -36.9539051700918], [174.597794286939, -36.9539073902194], [174.597787171224, -36.9539097664045], [174.597779845568, -36.9539123076578], [174.597772309973, -36.9539150139794], [174.597764662851, -36.9539177578555], [174.597756991579, -36.9539204209345], [174.597749307196, -36.9539229940542], [174.597741609514, -36.9539254682037], [174.59773389872, -36.953927852394], [174.597726174815, -36.953930146625], [174.59771842676, -36.9539323600589], [174.597710676633, -36.9539344743714], [174.597702901979, -36.9539364898647], [174.597695114403, -36.9539384244099], [174.597687313716, -36.9539402689957], [174.597679499729, -36.9539420146113], [174.597671661592, -36.9539436794297], [174.597663821384, -36.9539452451267], [174.597655956837, -36.9539467210156], [174.597648090407, -36.953948106794], [174.597640199638, -36.9539494027643], [174.597632284531, -36.9539506089264], [174.597624367353, -36.9539517159672], [174.597616437253, -36.9539527420596], [174.597608482625, -36.9539536693328], [174.597600526303, -36.9539545155066], [174.597592625556, -36.9539553338915], [174.597584929168, -36.9539562576882], [174.597577448368, -36.9539572867456], [174.597570171927, -36.9539584212148], [174.597563111074, -36.9539596609447], [174.597556265997, -36.9539610149465], [174.597549614052, -36.9539624745113], [174.597543188734, -36.9539640301749], [174.597536956736, -36.9539657004126], [174.597530951554, -36.9539674757602], [174.597525139692, -36.9539693656819], [174.597519554456, -36.9539713517026], [174.597514162353, -36.9539734432865], [174.597508997253, -36.9539756489914], [174.597504025285, -36.9539779602596], [174.597499268716, -36.9539803677779], [174.597494727923, -36.9539828895684], [174.597490391678, -36.9539855257822], [174.597486270832, -36.9539882582461], [174.597482354346, -36.9539910961224], [174.597478653636, -36.9539940482709], [174.597475157285, -36.9539971058317], [174.59747178557, -36.9540002157966], [174.597468289407, -36.9540032823682], [174.59746465738, -36.9540062966868], [174.597460900529, -36.9540092495901], [174.597457018854, -36.9540121410783], [174.597453001315, -36.9540149803133], [174.597448847912, -36.9540177672952], [174.597444569685, -36.9540204928618], [174.597440166822, -36.9540231660242], [174.597435627907, -36.9540257779223], [174.597430964356, -36.9540283374162], [174.597426164753, -36.9540308356459], [174.597421229286, -36.9540332816223], [174.597416180222, -36.9540356660323], [174.597410984067, -36.9540379983401], [174.597405663088, -36.9540402692326], [174.597400217472, -36.9540424877206], [174.597394635805, -36.9540446449444], [174.597388929501, -36.9540467497637], [174.597383087334, -36.9540488023297], [174.597377120342, -36.9540507934802], [174.597371017298, -36.9540527233663], [174.597364680164, -36.9540547375234], [174.597357681404, -36.9540573374472], [174.59734998809, -36.9540605596349], [174.597341611825, -36.9540644219572], [174.597332529587, -36.9540688976831], [174.597322764398, -36.9540740135432], [174.597312304652, -36.9540797516667], [174.597301161766, -36.9540861209131], [174.597289313282, -36.9540931215844], [174.597276781468, -36.9541007443673], [174.597263555472, -36.9541090074347], [174.597249634918, -36.9541178927643], [174.597235019804, -36.9541274003559], [174.597219710506, -36.9541375482312], [174.597203717875, -36.954148318217], [174.597187030683, -36.954159710464], [174.597169649305, -36.954171742994], [174.597151573364, -36.9541843977847], [174.597132803047, -36.9541976838467], [174.597113349582, -36.9542116010286], [174.597093190323, -36.9542261406214], [174.597072347915, -36.9542413113335], [174.597050987762, -36.9542569667233], [174.597029979553, -36.9542722658476], [174.597009467181, -36.9542871076226], [174.596989461497, -36.9543014738752], [174.596969951464, -36.9543153737679], [174.59695093708, -36.9543288073009], [174.596932429388, -36.9543417653123], [174.596914417535, -36.9543542659754], [174.596896901147, -36.9543662912684], [174.596879880411, -36.9543778502026], [174.596863366557, -36.954388942627], [174.596847348356, -36.9543995686931], [174.59683182581, -36.9544097284008], [174.59681679873, -36.9544194127395], [174.596802278534, -36.9544286305692], [174.596788254181, -36.9544373910522], [174.596774725297, -36.9544456761666], [174.596761691881, -36.9544534859126], [174.596749165538, -36.9544608381614], [174.596737134664, -36.954467715042], [174.596725599636, -36.9544741345767], [174.596714571305, -36.9544800785926], [174.596704005514, -36.9544855837378], [174.596693626457, -36.9544908880733], [174.596683378934, -36.954496037409], [174.596673263135, -36.9545010407559], [174.59666326783, -36.9545058982652], [174.596653415289, -36.9545106006239], [174.596643683243, -36.9545151571449], [174.596634082921, -36.9545195676774], [174.596624614134, -36.9545238232103], [174.596615265843, -36.9545279329056], [174.596606060504, -36.9545318964615], [174.596596975472, -36.9545357051689], [174.596588022164, -36.9545393678878], [174.59657920058, -36.9545428846183], [174.596570499304, -36.9545462465005], [174.59656194098, -36.9545494622433], [174.596553503152, -36.9545525321487], [174.59654519686, -36.9545554470548], [174.596537011064, -36.9545582161237], [174.596528968032, -36.9545608300423], [174.596521045497, -36.9545632981237], [174.596513254687, -36.9545656202168], [174.596505606828, -36.9545677961708], [174.596498215895, -36.9545699055747], [174.596491127363, -36.9545719748575], [174.596484330004, -36.9545740041704], [174.596477846274, -36.9545759932114], [174.596471653529, -36.9545779332715], [174.596465763373, -36.9545798422218], [174.596460175431, -36.9545817020403], [174.59645488989, -36.954583521738], [174.596449906938, -36.9545853103261], [174.596445226199, -36.9545870497825], [174.596440836634, -36.9545887492693], [174.596436749471, -36.9545904086355], [174.596432964708, -36.954592027881], [174.596429482159, -36.9545935979952], [174.5964263022, -36.9545951369997], [174.596423424454, -36.9545966268728], [174.59642083807, -36.9545980857874], [174.596418565127, -36.9545994954196], [174.596416583358, -36.9546008650824], [174.596414904178, -36.9546022036357], [174.596413527212, -36.9546034930576], [174.59641244142, -36.9546047425102], [174.596411355815, -36.9546060009737], [174.596410125189, -36.9546073064548], [174.596408760579, -36.9546086497917], [174.596407261987, -36.9546100309842], [174.596405629412, -36.9546114500325], [174.596403851626, -36.9546129070873], [174.596401939857, -36.9546144019978], [174.596399894106, -36.954615934764], [174.59639771456, -36.9546175143968], [174.596395389615, -36.9546191230252], [174.596392930875, -36.9546207785203], [174.596390337965, -36.95462246286], [174.596387600031, -36.9546241942173], [174.596384728115, -36.9546259634302], [174.596381722216, -36.9546277704987], [174.596378582334, -36.9546296154228], [174.596375297242, -36.9546314983535], [174.596371878166, -36.9546334191397], [174.596368325107, -36.9546353777815], [174.596364638254, -36.9546373832898], [174.596360806001, -36.9546394177936], [174.596356828726, -36.9546414993149], [174.596351709458, -36.9546442902325], [174.596344772322, -36.9546482322832], [174.596336028357, -36.9546533163047], [174.596325466523, -36.9546595514584], [174.596313087007, -36.9546669467551], [174.596298889244, -36.954675475161], [174.596282885024, -36.9546851635577], [174.59626506293, -36.9546960030844], [174.596245422773, -36.9547079847293], [174.596223976154, -36.9547211263626], [174.59620070024, -36.9547354102632], [174.596175628901, -36.9547508449883], [174.596148728262, -36.9547674219786], [174.596120021153, -36.9547851589531], [174.596089495968, -36.9548040380393], [174.596057153079, -36.954824077258], [174.596022992108, -36.9548452585857], [174.595987024468, -36.954867590881], [174.595949238928, -36.9548910742933], [174.595909635295, -36.9549156998098], [174.595868225171, -36.9549414852999], [174.595824996948, -36.9549684128907], [174.595812598317, -36.9549765114473], [174.595800509366, -36.9549843805021], [174.595788718679, -36.9549920111949], [174.595777237483, -36.9549994033751], [174.595766065969, -36.9550065660537], [174.59575519253, -36.9550134813598], [174.595744628773, -36.9550201671644], [174.595734374508, -36.9550266144566], [174.595724418509, -36.9550328233875], [174.59571477219, -36.9550388028171], [174.595705435177, -36.9550445347237], [174.595696396618, -36.9550500372801], [174.595687667552, -36.9550553013245], [174.595679236752, -36.9550603270079], [174.595671115635, -36.9550651231904], [174.595663304011, -36.9550696808611], [174.595655801693, -36.9550739910091], [174.59564859783, -36.9550780718073], [174.595641692421, -36.9550819232557], [174.595635107547, -36.9550855270307], [174.595628821128, -36.955088901456], [174.595622832975, -36.9550920375207], [174.595617011738, -36.9550950992337], [174.595611203609, -36.9550982509054], [174.595605419815, -36.9551014923849], [174.595599637901, -36.9551048239741], [174.595593869095, -36.9551082455221], [174.595588124437, -36.9551117478669], [174.595582393075, -36.9551153491815], [174.595576663592, -36.9551190406057], [174.595570958445, -36.9551228218378], [174.595565266406, -36.9551266930287], [174.595559598514, -36.9551306450164], [174.595553932691, -36.9551346961249], [174.595548279974, -36.9551388371921], [174.595542651594, -36.9551430680672], [174.595537024905, -36.9551473800409], [174.59553142274, -36.9551517908336], [174.595525833494, -36.955156282574], [174.595520257544, -36.9551608732842], [174.595514694513, -36.9551655449423], [174.595509144778, -36.9551703155701], [174.595503619191, -36.9551751669948], [174.595498095671, -36.9551801175402], [174.595492539218, -36.955185104582], [174.595486893129, -36.9551901018416], [174.595481145798, -36.9551950914481], [174.595475308831, -36.9552000912725], [174.59546938185, -36.9552050832927], [174.595463354005, -36.9552100856816], [174.595457247374, -36.9552150801155], [174.595451039879, -36.955220084918], [174.595444731142, -36.9552250820673], [174.595438343809, -36.9552300802725], [174.59543185561, -36.9552350888463], [174.595425277399, -36.9552400896159], [174.59541860955, -36.9552451006032], [174.59541184046, -36.9552501039371], [174.595404981733, -36.9552551174888], [174.595398032992, -36.9552601232362], [174.595390994615, -36.9552651392012], [174.595383854996, -36.9552701475128], [174.59537662574, -36.955275166042], [174.595369306471, -36.9552801767669], [174.595361897376, -36.9552851886984], [174.595354387416, -36.9552902109983], [174.595346909636, -36.9552951607572], [174.595339597643, -36.9552999820986], [174.595332451249, -36.9553046660114], [174.595325448187, -36.9553092218085], [174.595318621953, -36.9553136400263], [174.595311939051, -36.9553179301284], [174.595305433165, -36.9553220916621], [174.595299070423, -36.9553261160693], [174.595292873281, -36.955330003048], [174.595286841927, -36.9553337616095], [174.595280965133, -36.9553373919044], [174.595275253939, -36.9553408847711], [174.595269697305, -36.9553442493714], [174.595264295044, -36.9553474766943], [174.595259058571, -36.9553505756], [174.595253976471, -36.9553535372283], [174.595249060158, -36.9553563704394], [174.595244298219, -36.9553590663733], [174.595239702068, -36.95536163389], [174.595235260289, -36.9553640641294], [174.595230984299, -36.9553663659517], [174.59522686287, -36.9553685395078], [174.595222841365, -36.95537065764], [174.59521887694, -36.9553728200726], [174.595214957991, -36.9553750089347], [174.595211073666, -36.9553772423989], [174.59520725746, -36.9553795110019], [174.595203475691, -36.9553818151961], [174.595199739586, -36.9553841548307], [174.595196049144, -36.9553865299057], [174.595192415783, -36.9553889492812], [174.595188816669, -36.955391395237], [174.595185274635, -36.9553938854934], [174.595181778265, -36.9553964111902], [174.59517832756, -36.9553989723274], [174.595174922518, -36.955401568905], [174.59517156314, -36.955404200923], [174.595168260654, -36.9554068682307], [174.595164992791, -36.9554095801406], [174.595161781633, -36.9554123183291], [174.595158616327, -36.955415100969], [174.595155496685, -36.9554179190494], [174.595152422706, -36.9554207725703], [174.595149394392, -36.9554236615316], [174.595146367393, -36.9554266135698], [174.595143297549, -36.9554296653323], [174.595140184673, -36.9554328078081], [174.595137028764, -36.9554360409973], [174.59513383001, -36.9554393739107], [174.595130576996, -36.9554427976883], [174.595127292176, -36.9554463120284], [174.595123953284, -36.9554499262436], [174.595120571359, -36.955453631172], [174.595117146401, -36.9554574268138], [174.595113678599, -36.9554613221799], [174.595110167763, -36.9554653082593], [174.595106602667, -36.9554693852028], [174.595103005954, -36.9554735617197], [174.595099354979, -36.9554778291007], [174.595095660972, -36.955482187195], [174.595091935348, -36.9554866448627], [174.595088155463, -36.9554911933946], [174.595084321317, -36.9554958327905], [174.595080455553, -36.9555005717598], [174.595076546757, -36.9555054014424], [174.5950725837, -36.9555103219891], [174.595068554025, -36.9555152794848], [174.595064434338, -36.9555202291762], [174.595060224261, -36.9555251530413], [174.595055912756, -36.9555300602419], [174.595051511049, -36.9555349506272], [174.595047019141, -36.9555398241972], [174.59504243722, -36.9555446899629], [174.595037753494, -36.9555495210421], [174.595032990982, -36.955554344166], [174.595028115814, -36.9555591507763], [174.595023161672, -36.9555639404204], [174.595018106101, -36.9555687134], [174.595012960141, -36.9555734605531], [174.595007724167, -36.9555781999018], [174.595002397805, -36.9555829134241], [174.594996970201, -36.9555876192928], [174.594991452208, -36.9555922993351], [174.594985844013, -36.9555969625619], [174.594980134577, -36.9556016181351], [174.594974334752, -36.9556062478818], [174.594968444725, -36.955610860813], [174.594962464497, -36.9556154569287], [174.594956505221, -36.9556199806545], [174.594950677862, -36.9556243674049], [174.594944982608, -36.955628626191], [174.594939430499, -36.9556327478509], [174.594934021724, -36.9556367413958], [174.594928733825, -36.9556406071271], [174.5949236003, -36.9556443355816], [174.594918587464, -36.9556479272117], [174.594913717962, -36.9556513907267], [174.594908980564, -36.9556547262775], [174.594904386313, -36.9556579247023], [174.594899924166, -36.955660995163], [174.594895605166, -36.9556639284976], [174.594891407043, -36.9556667340189], [174.594887363293, -36.9556694022634], [174.594883451649, -36.9556719425438], [174.594879671923, -36.9556743458491], [174.594876024303, -36.9556766211903], [174.594872519828, -36.9556787594056], [174.594869147459, -36.9556807696568], [174.594865918424, -36.9556826517932], [174.594862821306, -36.9556843969545], [174.594859880067, -36.955686076927], [174.59485709602, -36.9556877547878], [174.594854468979, -36.9556894215258], [174.594852010547, -36.9556910950123], [174.594849709309, -36.9556927663871], [174.594847576491, -36.9556944354993], [174.594845600868, -36.9556961024997], [174.594843793477, -36.9556977582266], [174.594842143468, -36.9556994208529], [174.594840661881, -36.9557010812166], [174.594839337486, -36.9557027394687], [174.594838181514, -36.9557043954582], [174.594837182734, -36.9557060493361], [174.59483634096, -36.9557076920912], [174.594835667796, -36.9557093415949], [174.594835163053, -36.9557109888361], [174.594834804275, -36.9557126341165], [174.594834625147, -36.9557142769835], [174.594834603024, -36.9557159087278], [174.594834738283, -36.9557175473715], [174.594835041964, -36.9557191837528], [174.594835502837, -36.9557208180223], [174.594835619023, -36.9557226191656], [174.594834866559, -36.9557247744917], [174.594833256484, -36.9557272748387], [174.594830788799, -36.9557301202067], [174.594827463503, -36.9557333105956], [174.594823269369, -36.9557368461561], [174.594818217812, -36.9557407357483], [174.594812297416, -36.955744970512], [174.594805519221, -36.9557495412851], [174.59479788379, -36.9557544751006], [174.594789390559, -36.9557597449253], [174.594780028489, -36.9557653599209], [174.594769808994, -36.9557713289472], [174.594758720658, -36.955777643144], [174.594746774709, -36.9557843023602], [174.594733971147, -36.9557913065954], [174.594720310159, -36.9557986648606], [174.594705780141, -36.955806359284], [174.594690392695, -36.9558144077367], [174.594674147635, -36.9558228012074], [174.59465703373, -36.9558315398465], [174.59463906221, -36.9558406235028], [174.594620990195, -36.9558497355467], [174.594603574247, -36.9558585323162], [174.594586837196, -36.955867031532], [174.594570744985, -36.9558752156247], [174.594555331484, -36.9558830931532], [174.594540574239, -36.9558906644193], [174.594526484478, -36.9558979292725], [174.594513050974, -36.9559048878638], [174.594500284954, -36.9559115400426], [174.594488186418, -36.9559178858092], [174.59447674414, -36.9559239253145], [174.594465969348, -36.9559296584079], [174.594455850813, -36.9559350852403], [174.594446399765, -36.9559402056612], [174.594437616015, -36.9559450106597], [174.594429488711, -36.9559495184088], [174.594422028707, -36.9559537107357], [174.594415225149, -36.9559576058135], [174.594409100118, -36.9559611853186], [174.594403620307, -36.9559644677254], [174.594398819024, -36.9559674345598], [174.594394674, -36.9559700951343], [174.594390760821, -36.9559725633111], [174.594386643468, -36.9559749350811], [174.594382344586, -36.9559772191536], [174.59437783049, -36.955979415981], [174.594373134676, -36.9559815160999], [174.594368234877, -36.9559835288229], [174.594363131092, -36.95598545415], [174.594357845589, -36.9559872827684], [174.594352344873, -36.9559890241417], [174.594346662627, -36.9559906778173], [174.594340776208, -36.9559922350858], [174.594334685802, -36.9559937049583], [174.594328402451, -36.9559950782728], [174.594321926531, -36.9559963730514], [174.594315246437, -36.9559975714228], [174.594308373397, -36.9559986732362], [174.594301307788, -36.9559996965135], [174.594294037817, -36.9560006143725], [174.594286575276, -36.9560014536954], [174.594278908562, -36.956002196611], [174.594271049091, -36.9560028519793], [174.594262985634, -36.9560034199512], [174.594254990297, -36.9560040230618], [174.594247323958, -36.9560047839973], [174.594239986805, -36.9560057117688], [174.594232978838, -36.9560068063761], [174.594226299868, -36.9560080588086], [174.594219949897, -36.9560094690661], [174.594213929299, -36.9560110551707], [174.59420822647, -36.9560127992514], [174.594202863868, -36.9560147010065], [174.594197830451, -36.9560167695978], [174.594193114992, -36.9560190051763], [174.594188728531, -36.9560213985802], [174.594184682483, -36.9560239586697], [174.594180954393, -36.9560266857463], [174.594177555301, -36.9560295706485], [174.594174485206, -36.9560326133761], [174.594171744486, -36.9560358319513], [174.594169332763, -36.956039208352], [174.594167250038, -36.9560427425783], [174.594165496499, -36.9560464436411], [174.594164060917, -36.9560503116914], [174.594162965562, -36.9560543374164], [174.594162038629, -36.9560583608799], [174.59416113077, -36.9560622218438], [174.594160253027, -36.9560659111465], [174.594159382942, -36.9560694290895], [174.594158531932, -36.9560727845329], [174.594157711224, -36.956075977326], [174.594156897988, -36.9560789897484], [174.594156115054, -36.9560818395206], [174.594155339966, -36.956084526944], [174.594154594994, -36.9560870427061], [174.594153868908, -36.9560893869577], [174.594153161897, -36.9560915687098], [174.594152473773, -36.9560935789514], [174.594151804536, -36.9560954176825], [174.594151154373, -36.9560970939141], [174.594150523285, -36.9560986076461], [174.594149910896, -36.9560999408567], [174.594149317582, -36.9561011115678], [174.594148754571, -36.9561021196285], [174.594148199218, -36.9561029563296], [174.594147673981, -36.9561036213694], [174.594147156589, -36.9561041240604], [174.594146560601, -36.9561046278069], [174.594145788344, -36.9561052961636], [174.594144828777, -36.9561061382923], [174.594143693129, -36.9561071540423], [174.594142369984, -36.9561083345533], [174.59414087057, -36.9561096796746], [174.594139184034, -36.9561112075788], [174.594137310001, -36.9561129002441], [174.594135270927, -36.9561147573688], [174.594133033315, -36.9561167884163], [174.594130619622, -36.956118993085], [174.594128018432, -36.9561213625147], [174.59412524116, -36.9561239055655], [174.594122287806, -36.9561266222376], [174.594119146956, -36.9561295036705], [174.594115818607, -36.9561325498644], [174.594112314365, -36.9561357786904], [174.594108622625, -36.9561391722773], [174.594104754615, -36.9561427304743], [174.594100699296, -36.9561464624431], [174.594096467895, -36.956150368033], [174.594092048996, -36.9561544383837], [174.594087541586, -36.9561585730174], [174.594083033612, -36.9561626806179], [174.594078524699, -36.9561667431633], [174.594074015033, -36.9561707696645], [174.594069504616, -36.9561747601216], [174.594064993446, -36.9561787145344], [174.594060470297, -36.9561826330539], [174.594055957436, -36.9561865063675], [174.594051444011, -36.9561903526479], [174.594046929646, -36.9561941538732], [174.594042414529, -36.9561979190543], [174.594037898661, -36.9562016481913], [174.59403338204, -36.9562053412841], [174.594028864668, -36.9562089983327], [174.594024346356, -36.9562126103262], [174.594019827481, -36.9562161952865], [174.594015307665, -36.9562197351917], [174.594010775869, -36.9562232392035], [174.59400625455, -36.9562267070203], [174.594001732479, -36.956230138793], [174.593997209656, -36.9562335345215], [174.593992686082, -36.9562368942059], [174.593988151091, -36.9562402450299], [174.593983593831, -36.9562436051662], [174.593979003449, -36.9562469927876], [174.593974402215, -36.9562503985816], [174.5939697789, -36.9562538226989], [174.593965122275, -36.9562572652903], [174.593960454797, -36.9562607260543], [174.593955754011, -36.9562642052923], [174.593951042371, -36.9562677027029], [174.59394629761, -36.9562712275986], [174.593941530579, -36.9562747618066], [174.593936741468, -36.9562783143379], [174.593931930463, -36.9562818942036], [174.59392709719, -36.9562854833815], [174.593922242023, -36.9562890998938], [174.593917364774, -36.9562927347293], [174.593912465257, -36.9562963788772], [174.593907543847, -36.9563000503593], [174.593902589127, -36.9563037403155], [174.593897623554, -36.9563074484443], [174.593892624671, -36.956311175047], [174.593887614936, -36.9563149198224], [174.593882414885, -36.9563186941931], [174.59387686751, -36.9563225092808], [174.593870972999, -36.9563263740962], [174.593864730977, -36.9563302706174], [174.59385814182, -36.9563342168663], [174.593851205339, -36.9563382038319], [174.593843921534, -36.956342231514], [174.593836290406, -36.9563462999127], [174.593828311954, -36.9563504090279], [174.593819986178, -36.9563545588594], [174.593811313266, -36.9563587584182], [174.59380229303, -36.9563629986933], [174.593792925282, -36.9563672706736], [174.593783210398, -36.956371592381], [174.59377314819, -36.9563759548043], [174.593762738657, -36.9563803579436], [174.593751981988, -36.9563848108097], [174.593740889034, -36.9563892952298], [174.593729437716, -36.9563938295273], [174.593717638886, -36.9563983955293], [174.593705492918, -36.9564030112578], [174.593692999626, -36.9564076677016], [174.59368058568, -36.9564123591331], [174.593668688983, -36.9564170796739], [174.59365730972, -36.9564218383352], [174.593646425061, -36.9564266173967], [174.593636057838, -36.956431434579], [174.593626207675, -36.9564362718603], [174.593616863719, -36.9564411474133], [174.593608037011, -36.9564460520765], [174.593599716323, -36.9564509860008], [174.593591901843, -36.9564559581972], [174.593584604423, -36.9564609504931], [174.593577813024, -36.9564659720503], [174.593571539061, -36.9564710317292], [174.593565782346, -36.9564761205189], [174.593560520424, -36.9564812387208], [174.59355577575, -36.9564863860337], [174.593551548325, -36.9564915624575], [174.593547826922, -36.956496768143], [174.593544622955, -36.9565020119506], [174.593541924821, -36.9565072760091], [174.593539732896, -36.9565125783403], [174.59353805822, -36.9565179097828], [174.593536708224, -36.9565231917995], [174.593535490525, -36.9565283548647], [174.593534404935, -36.9565333899673], [174.593533462871, -36.9565383059676], [174.593532652917, -36.9565430940053], [174.59353197526, -36.9565477630915], [174.593531441128, -36.9565523130755], [174.593531039107, -36.9565567350968], [174.593530769194, -36.9565610291557], [174.593530642995, -36.9565652131232], [174.593530648719, -36.9565692601172], [174.593530786739, -36.9565731881597], [174.593531068285, -36.9565769970998], [174.593531470901, -36.9565806872392], [174.593532016667, -36.9565842402542], [174.593532706146, -36.956587683178], [174.593533527735, -36.9565909981393], [174.593534481434, -36.9565941851379], [174.593535567431, -36.956597253185], [174.593536796953, -36.9566002021298], [174.593538158585, -36.9566030231121], [174.593539652515, -36.9566057251427]]}, "properties": {"OBJECTID": 204, "TRACKNAME": "Pipeline Track", "CONDITIONSOFUSE": "Waitakere Central Regional Park", "STATUS": "Temp Closed", "WEBLINK": "https://www.aucklandcouncil.govt.nz/en/parks-recreation/find-park-beach/park-detail/204.html", "VALIDATIONSTATE": 3, "created_user": "AC_owner", "last_edited_user": "AC_owner", "last_edited_date": 1789875254325, "created_date": 1789875254325, "PARK_SAPSITEID": null, "TRACK_ID": null, "KAURIDIEBACK_TRACK": null, "KAURIDIEBACK_MITIGATED": null, "SegmentID": null, "GlobalID": "32164981-87fe-4546-a73a-1a77965ed6c0", "Shape__Length": 884.9848928476268, "_COUNCIL_TRACKNAME": "Pipeline Track"}}, {"type": "Feature", "id": 3230, "geometry": {"type": "LineString", "coordinates": [[174.60342910246, -36.9537110671583], [174.603369040684, -36.9536202848042], [174.603394638695, -36.9535286610543], [174.603447512276, -36.9533394068079], [174.603375451281, -36.9532726002093], [174.603279901794, -36.9532658243894], [174.602891116487, -36.9533328328437], [174.602551077321, -36.9533604636021], [174.602254484405, -36.9533687877901], [174.601967209932, -36.9533566978816]]}, "properties": {"OBJECTID": 3230, "TRACKNAME": "Pipeline Track", "CONDITIONSOFUSE": "Waitakere Central Regional Park", "STATUS": "Open", "WEBLINK": "https://www.aucklandcouncil.govt.nz/en/parks-recreation/find-park-beach/park-detail/204.html", "VALIDATIONSTATE": 3, "created_user": "AC_owner", "last_edited_user": "AC_owner", "last_edited_date": 1789875254325, "created_date": 1789875254325, "PARK_SAPSITEID": null, "TRACK_ID": null, "KAURIDIEBACK_TRACK": null, "KAURIDIEBACK_MITIGATED": null, "SegmentID": null, "GlobalID": "1f14f47c-397a-4600-85bf-3453fb9686bf", "Shape__Length": 179.5863677629267, "_COUNCIL_TRACKNAME": "Pipeline Track"}}, {"type": "Feature", "id": 3231, "geometry": {"type": "LineString", "coordinates": [[174.582972384598, -36.9599005332586], [174.583350011578, -36.9595794073104], [174.583417064782, -36.9595434647809], [174.583509271628, -36.9595002030207], [174.583612787949, -36.9594537004904], [174.583741544385, -36.9593959800252], [174.58388067824, -36.9593402923291], [174.583966044962, -36.9592965148658], [174.584044242384, -36.9592529564877], [174.584144005995, -36.9592064233509], [174.584241383344, -36.9591680503751], [174.584331247411, -36.9591348684294], [174.584452780762, -36.9591083664074], [174.584559853019, -36.9590902586895], [174.584647987085, -36.9590671523846], [174.58473672277, -36.9590402360777], [174.584835192295, -36.9590141010293], [174.584939205129, -36.95898132644], [174.585018485488, -36.9589502267898], [174.585127716806, -36.9589121076469], [174.585240568142, -36.9588683615937], [174.585398780186, -36.9588175938486], [174.585582044698, -36.9587705798334], [174.585714021748, -36.9587350515072], [174.585822353845, -36.9586898915575], [174.585873356438, -36.9586437838817], [174.585904523491, -36.95857361906], [174.585903687864, -36.9584940218484], [174.5859016613, -36.9584262104092], [174.585899905028, -36.9583600042732], [174.585895806322, -36.9582873234636], [174.58589438461, -36.9582112547615], [174.585893806968, -36.9581366755352], [174.585890385282, -36.9580535308877], [174.58589723202, -36.9579766369561], [174.585901263251, -36.9579153506028], [174.585912164007, -36.9578753047991], [174.58594176062, -36.9578486232735], [174.585985507977, -36.9578336424437], [174.586027625694, -36.9578370204907], [174.586099999135, -36.9578595698846], [174.586166412328, -36.9578910672775], [174.58622317882, -36.9579432479734], [174.586290766123, -36.9580153607871], [174.586352767749, -36.9580998543669], [174.586423785519, -36.9581952464667], [174.586490867774, -36.9582732571494], [174.586541274145, -36.9583364723108], [174.586599268831, -36.9583815616864], [174.586680633235, -36.9584049991709], [174.586792918386, -36.9584042429264], [174.586924680741, -36.9583840247064], [174.587121418929, -36.9583543766582], [174.587218601603, -36.9583327753304], [174.587321833109, -36.958294434249], [174.587382129089, -36.9582631677343], [174.587476464088, -36.9582240810778], [174.587565527814, -36.9581919097092], [174.587652903674, -36.9581710043187], [174.5877840079, -36.9581357296461], [174.587984178249, -36.9580751863835], [174.58821859205, -36.958017118582], [174.588370275681, -36.9579720722031], [174.588501368365, -36.9579333555341], [174.588619145279, -36.9578917450969], [174.58869737156, -36.9578553409381], [174.588740945675, -36.9578089691117], [174.588769189991, -36.957752067316], [174.588770863378, -36.9577025507548], [174.588739872501, -36.9576433257006], [174.588663158055, -36.9576228559437], [174.588586233524, -36.9576021654125], [174.588507668539, -36.9575807387434], [174.588422216267, -36.9575388686565], [174.588348053372, -36.9575011847744], [174.588280890248, -36.95745042682], [174.588229269234, -36.9574097732789], [174.58819868213, -36.9573758003762], [174.588186235427, -36.9573337889908], [174.588186806839, -36.9572768924758], [174.588197339967, -36.9572167764636], [174.588219522413, -36.9571311414445], [174.588239193296, -36.957063503979], [174.588258447154, -36.9569807122385]]}, "properties": {"OBJECTID": 3231, "TRACKNAME": "Pipeline Track", "CONDITIONSOFUSE": "Waitakere Central Regional Park", "STATUS": "Temp Closed", "WEBLINK": "https://www.aucklandcouncil.govt.nz/en/parks-recreation/find-park-beach/park-detail/204.html", "VALIDATIONSTATE": 3, "created_user": "AC_owner", "last_edited_user": "AC_owner", "last_edited_date": 1789875254325, "created_date": 1789875254325, "PARK_SAPSITEID": null, "TRACK_ID": null, "KAURIDIEBACK_TRACK": null, "KAURIDIEBACK_MITIGATED": null, "SegmentID": null, "GlobalID": "2a16326b-3e5c-4157-a589-160a1ef7c40a", "Shape__Length": 804.0592195786552, "_COUNCIL_TRACKNAME": "Pipeline Track"}}, {"type": "Feature", "id": 12094, "geometry": {"type": "LineString", "coordinates": [[175.071789349341, -36.8081187733084], [175.071773665233, -36.8081146275578], [175.071773623465, -36.8081146165687], [175.07175880872, -36.8081105376835]]}, "properties": {"OBJECTID": 12094, "TRACKNAME": "Piwakawaka track", "CONDITIONSOFUSE": "Onetangi Sports Park (Rangihoua)", "STATUS": "Open", "WEBLINK": "https://www.aucklandcouncil.govt.nz/en/parks-recreation/find-park-beach/park-detail/120.html", "VALIDATIONSTATE": 3, "created_user": "AC_owner", "last_edited_user": "AC_owner", "last_edited_date": 1789875254325, "created_date": 1789875254325, "PARK_SAPSITEID": null, "TRACK_ID": null, "KAURIDIEBACK_TRACK": null, "KAURIDIEBACK_MITIGATED": null, "SegmentID": null, "GlobalID": "ff37b341-83ee-4dfc-afe9-526538b1d2b7", "Shape__Length": 2.874567094197972, "_COUNCIL_TRACKNAME": "Piwakawaka track"}}, {"type": "Feature", "id": 12095, "geometry": {"type": "LineString", "coordinates": [[175.071789349341, -36.8081187733084], [175.071742215689, -36.8081040670816], [175.07174218057, -36.8081040532728], [175.071742134077, -36.808104033353], [175.071727345381, -36.8080977602348], [175.071727251323, -36.8080977222166], [175.071727199301, -36.8080977050971], [175.071710412474, -36.8080924861748], [175.071693794898, -36.8080872255444], [175.071693732696, -36.8080872049971], [175.071693687421, -36.8080871886614], [175.071679481896, -36.8080821329505], [175.071679441174, -36.8080821192393], [175.071666064767, -36.8080775502029], [175.071665988999, -36.8080775253854], [175.071665921195, -36.8080775049358], [175.071651515059, -36.8080733233778], [175.071651403294, -36.8080732937798], [175.071651287825, -36.8080732930882]]}, "properties": {"OBJECTID": 12095, "TRACKNAME": "Piwakawaka track", "CONDITIONSOFUSE": "Onetangi Sports Park (Rangihoua)", "STATUS": "Open", "WEBLINK": "https://www.aucklandcouncil.govt.nz/en/parks-recreation/find-park-beach/park-detail/120.html", "VALIDATIONSTATE": 3, "created_user": "AC_owner", "last_edited_user": "AC_owner", "last_edited_date": 1789875254325, "created_date": 1789875254325, "PARK_SAPSITEID": null, "TRACK_ID": null, "KAURIDIEBACK_TRACK": null, "KAURIDIEBACK_MITIGATED": null, "SegmentID": null, "GlobalID": "fcd80771-4523-4cac-8e41-312d2b3cb687", "Shape__Length": 13.324849713857944, "_COUNCIL_TRACKNAME": "Piwakawaka track"}}, {"type": "Feature", "id": 12096, "geometry": {"type": "LineString", "coordinates": [[175.07175880872, -36.8081105376835], [175.071789349341, -36.8081187733084]]}, "properties": {"OBJECTID": 12096, "TRACKNAME": "Piwakawaka track", "CONDITIONSOFUSE": "Onetangi Sports Park (Rangihoua)", "STATUS": "Open", "WEBLINK": "https://www.aucklandcouncil.govt.nz/en/parks-recreation/find-park-beach/park-detail/120.html", "VALIDATIONSTATE": 3, "created_user": "AC_owner", "last_edited_user": "AC_owner", "last_edited_date": 1789875254325, "created_date": 1789875254325, "PARK_SAPSITEID": null, "TRACK_ID": null, "KAURIDIEBACK_TRACK": null, "KAURIDIEBACK_MITIGATED": null, "SegmentID": null, "GlobalID": "ace155a9-58b8-4ba3-9f2b-2034ca199460", "Shape__Length": 2.874512802305887, "_COUNCIL_TRACKNAME": "Piwakawaka track"}}, {"type": "Feature", "id": 12097, "geometry": {"type": "LineString", "coordinates": [[175.07175880872, -36.8081105376835], [175.071758693522, -36.8081105054416]]}, "properties": {"OBJECTID": 12097, "TRACKNAME": "Piwakawaka track", "CONDITIONSOFUSE": "Onetangi Sports Park (Rangihoua)", "STATUS": "Open", "WEBLINK": "https://www.aucklandcouncil.govt.nz/en/parks-recreation/find-park-beach/park-detail/120.html", "VALIDATIONSTATE": 3, "created_user": "AC_owner", "last_edited_user": "AC_owner", "last_edited_date": 1789875254325, "created_date": 1789875254325, "PARK_SAPSITEID": null, "TRACK_ID": null, "KAURIDIEBACK_TRACK": null, "KAURIDIEBACK_MITIGATED": null, "SegmentID": null, "GlobalID": "fd0da14c-612e-4daf-9918-f8b0557a8bca", "Shape__Length": 0.010884851353894864, "_COUNCIL_TRACKNAME": "Piwakawaka track"}}, {"type": "Feature", "id": 12098, "geometry": {"type": "LineString", "coordinates": [[175.071982503058, -36.8080990445451], [175.071960449676, -36.8080983753052], [175.071960348331, -36.8080983996042], [175.071960294967, -36.8080984158565], [175.071950859064, -36.8081014798171], [175.071950804604, -36.8081014969897], [175.071950766803, -36.8081015084643], [175.071934889053, -36.8081061466178], [175.071934838977, -36.8081061601088], [175.071914731378, -36.8081112685575], [175.071914596617, -36.8081113006494], [175.071914471696, -36.8081113235566], [175.071895114056, -36.8081144811262], [175.07189506722, -36.8081144900543], [175.071895010349, -36.8081145009599], [175.071877434006, -36.8081180826389], [175.071877380472, -36.808118092585], [175.071877335828, -36.8081180996722], [175.071860224412, -36.8081206746002], [175.071860113837, -36.8081206891457], [175.071860016585, -36.8081206989524], [175.071843727791, -36.8081221473311], [175.071843602433, -36.8081221540224], [175.071843430873, -36.8081221516046], [175.071824816552, -36.8081214070791], [175.071824742463, -36.8081214029625], [175.071824662724, -36.8081213971418], [175.071806510052, -36.8081198568275], [175.071806469598, -36.808119853026], [175.071806430313, -36.8081198510068], [175.07178956559, -36.8081188119009], [175.071789453264, -36.8081188030429], [175.071789349341, -36.8081187733084]]}, "properties": {"OBJECTID": 12098, "TRACKNAME": "Piwakawaka track", "CONDITIONSOFUSE": "Onetangi Sports Park (Rangihoua)", "STATUS": "Open", "WEBLINK": "https://www.aucklandcouncil.govt.nz/en/parks-recreation/find-park-beach/park-detail/120.html", "VALIDATIONSTATE": 3, "created_user": "AC_owner", "last_edited_user": "AC_owner", "last_edited_date": 1789875254325, "created_date": 1789875254325, "PARK_SAPSITEID": null, "TRACK_ID": null, "KAURIDIEBACK_TRACK": null, "KAURIDIEBACK_MITIGATED": null, "SegmentID": null, "GlobalID": "176ad28d-1262-4eaa-ae2d-f9d4547e8895", "Shape__Length": 17.621229824338617, "_COUNCIL_TRACKNAME": "Piwakawaka track"}}, {"type": "Feature", "id": 12099, "geometry": {"type": "LineString", "coordinates": [[175.071982503058, -36.8080990445451], [175.071987517548, -36.8080950409755], [175.07198760567, -36.8080949835587], [175.072011251224, -36.8080789986793], [175.072011343633, -36.8080789339773], [175.07201138485, -36.8080788413258]]}, "properties": {"OBJECTID": 12099, "TRACKNAME": "Piwakawaka track", "CONDITIONSOFUSE": "Onetangi Sports Park (Rangihoua)", "STATUS": "Open", "WEBLINK": "https://www.aucklandcouncil.govt.nz/en/parks-recreation/find-park-beach/park-detail/120.html", "VALIDATIONSTATE": 3, "created_user": "AC_owner", "last_edited_user": "AC_owner", "last_edited_date": 1789875254325, "created_date": 1789875254325, "PARK_SAPSITEID": null, "TRACK_ID": null, "KAURIDIEBACK_TRACK": null, "KAURIDIEBACK_MITIGATED": null, "SegmentID": null, "GlobalID": "147e1cae-f05d-492c-9da9-695f2741d6c7", "Shape__Length": 3.419226291364243, "_COUNCIL_TRACKNAME": "Piwakawaka track"}}, {"type": "Feature", "id": 12100, "geometry": {"type": "LineString", "coordinates": [[175.07201138485, -36.8080788413258], [175.072018577781, -36.8080626763387], [175.072018615831, -36.8080625909529]]}, "properties": {"OBJECTID": 12100, "TRACKNAME": "Piwakawaka track", "CONDITIONSOFUSE": "Onetangi Sports Park (Rangihoua)", "STATUS": "Open", "WEBLINK": "https://www.aucklandcouncil.govt.nz/en/parks-recreation/find-park-beach/park-detail/120.html", "VALIDATIONSTATE": 3, "created_user": "AC_owner", "last_edited_user": "AC_owner", "last_edited_date": 1789875254325, "created_date": 1789875254325, "PARK_SAPSITEID": null, "TRACK_ID": null, "KAURIDIEBACK_TRACK": null, "KAURIDIEBACK_MITIGATED": null, "SegmentID": null, "GlobalID": "358dd1d9-9099-47c7-b5fb-c76d34234d85", "Shape__Length": 1.9153721945670998, "_COUNCIL_TRACKNAME": "Piwakawaka track"}}, {"type": "Feature", "id": 12101, "geometry": {"type": "LineString", "coordinates": [[175.07201138485, -36.8080788413258], [175.072018620149, -36.8080625016485], [175.072019233969, -36.8080416960539], [175.072019233562, -36.8080415978188], [175.07201911834, -36.8080415646763], [175.071998604793, -36.8080356464459], [175.07199849863, -36.8080356167507], [175.071998386838, -36.8080356277122], [175.071986006455, -36.8080370305192], [175.071985927105, -36.8080370391127], [175.0719858857, -36.808037041637], [175.071974905605, -36.8080375412641], [175.071974861936, -36.8080375429266], [175.071974822797, -36.8080375463127], [175.071961898965, -36.8080387062241], [175.071961787052, -36.8080387126812], [175.071961625624, -36.8080387118896], [175.071950223121, -36.8080384275316], [175.071950052488, -36.8080384178874], [175.071949960255, -36.8080384059754], [175.071935273548, -36.8080356254627], [175.071935216095, -36.8080356147471], [175.071935171062, -36.8080356074203], [175.071917987823, -36.8080328974577], [175.071917942791, -36.8080328901308], [175.071917901192, -36.808032885448], [175.071900458147, -36.8080308911403], [175.071900346892, -36.8080308804611], [175.071900244697, -36.8080308732292], [175.071880996959, -36.8080298738673], [175.071880908403, -36.8080298736081], [175.071862376965, -36.808029999205], [175.071847834718, -36.8080302075931], [175.071847709166, -36.8080302070774], [175.071847586368, -36.8080301839811], [175.071833387688, -36.8080272534452], [175.071833291826, -36.8080272316821]]}, "properties": {"OBJECTID": 12101, "TRACKNAME": "Piwakawaka track", "CONDITIONSOFUSE": "Onetangi Sports Park (Rangihoua)", "STATUS": "Open", "WEBLINK": "https://www.aucklandcouncil.govt.nz/en/parks-recreation/find-park-beach/park-detail/120.html", "VALIDATIONSTATE": 3, "created_user": "AC_owner", "last_edited_user": "AC_owner", "last_edited_date": 1789875254325, "created_date": 1789875254325, "PARK_SAPSITEID": null, "TRACK_ID": null, "KAURIDIEBACK_TRACK": null, "KAURIDIEBACK_MITIGATED": null, "SegmentID": null, "GlobalID": "daf40744-cc07-49de-be06-d15276c43e8b", "Shape__Length": 21.100779566370523, "_COUNCIL_TRACKNAME": "Piwakawaka track"}}, {"type": "Feature", "id": 12102, "geometry": {"type": "LineString", "coordinates": [[175.071651287825, -36.8080732930882], [175.071633173575, -36.8080732194012]]}, "properties": {"OBJECTID": 12102, "TRACKNAME": "Piwakawaka track", "CONDITIONSOFUSE": "Onetangi Sports Park (Rangihoua)", "STATUS": "Open", "WEBLINK": "https://www.aucklandcouncil.govt.nz/en/parks-recreation/find-park-beach/park-detail/120.html", "VALIDATIONSTATE": 3, "created_user": "AC_owner", "last_edited_user": "AC_owner", "last_edited_date": 1789875254325, "created_date": 1789875254325, "PARK_SAPSITEID": null, "TRACK_ID": null, "KAURIDIEBACK_TRACK": null, "KAURIDIEBACK_MITIGATED": null, "SegmentID": null, "GlobalID": "e658a5d2-160f-4750-b3bc-09d55cb9610c", "Shape__Length": 1.6164773588941614, "_COUNCIL_TRACKNAME": "Piwakawaka track"}}, {"type": "Feature", "id": 12103, "geometry": {"type": "LineString", "coordinates": [[175.071651287825, -36.8080732930882], [175.071641870565, -36.808072557701], [175.071641597932, -36.8080725480313], [175.071641324736, -36.8080725591014], [175.071633173575, -36.8080732194012]]}, "properties": {"OBJECTID": 12103, "TRACKNAME": "Piwakawaka track", "CONDITIONSOFUSE": "Onetangi Sports Park (Rangihoua)", "STATUS": "Open", "WEBLINK": "https://www.aucklandcouncil.govt.nz/en/parks-recreation/find-park-beach/park-detail/120.html", "VALIDATIONSTATE": 3, "created_user": "AC_owner", "last_edited_user": "AC_owner", "last_edited_date": 1789875254325, "created_date": 1789875254325, "PARK_SAPSITEID": null, "TRACK_ID": null, "KAURIDIEBACK_TRACK": null, "KAURIDIEBACK_MITIGATED": null, "SegmentID": null, "GlobalID": "742d943f-1f92-42ad-b743-c8a0a173044e", "Shape__Length": 1.62414643751275, "_COUNCIL_TRACKNAME": "Piwakawaka track"}}, {"type": "Feature", "id": 12104, "geometry": {"type": "LineString", "coordinates": [[175.071621864698, -36.8080737057981], [175.071621733617, -36.8080737080824]]}, "properties": {"OBJECTID": 12104, "TRACKNAME": "Piwakawaka track", "CONDITIONSOFUSE": "Onetangi Sports Park (Rangihoua)", "STATUS": "Open", "WEBLINK": "https://www.aucklandcouncil.govt.nz/en/parks-recreation/find-park-beach/park-detail/120.html", "VALIDATIONSTATE": 3, "created_user": "AC_owner", "last_edited_user": "AC_owner", "last_edited_date": 1789875254325, "created_date": 1789875254325, "PARK_SAPSITEID": null, "TRACK_ID": null, "KAURIDIEBACK_TRACK": null, "KAURIDIEBACK_MITIGATED": null, "SegmentID": null, "GlobalID": "5623783d-a163-445c-a48e-6f848b99e1e5", "Shape__Length": 0.011699999682605267, "_COUNCIL_TRACKNAME": "Piwakawaka track"}}, {"type": "Feature", "id": 12105, "geometry": {"type": "LineString", "coordinates": [[175.071621864698, -36.8080737057981], [175.071651287825, -36.8080732930882]]}, "properties": {"OBJECTID": 12105, "TRACKNAME": "Piwakawaka track", "CONDITIONSOFUSE": "Onetangi Sports Park (Rangihoua)", "STATUS": "Open", "WEBLINK": "https://www.aucklandcouncil.govt.nz/en/parks-recreation/find-park-beach/park-detail/120.html", "VALIDATIONSTATE": 3, "created_user": "AC_owner", "last_edited_user": "AC_owner", "last_edited_date": 1789875254325, "created_date": 1789875254325, "PARK_SAPSITEID": null, "TRACK_ID": null, "KAURIDIEBACK_TRACK": null, "KAURIDIEBACK_MITIGATED": null, "SegmentID": null, "GlobalID": "53279c0a-899b-432e-9ff6-4e3542aace84", "Shape__Length": 2.6260234596925778, "_COUNCIL_TRACKNAME": "Piwakawaka track"}}, {"type": "Feature", "id": 12106, "geometry": {"type": "LineString", "coordinates": [[175.071633173575, -36.8080732194012], [175.071632836932, -36.8080732468992], [175.071632796672, -36.8080732503047], [175.071632744064, -36.8080732530241], [175.071621864698, -36.8080737057981]]}, "properties": {"OBJECTID": 12106, "TRACKNAME": "Piwakawaka track", "CONDITIONSOFUSE": "Onetangi Sports Park (Rangihoua)", "STATUS": "Open", "WEBLINK": "https://www.aucklandcouncil.govt.nz/en/parks-recreation/find-park-beach/park-detail/120.html", "VALIDATIONSTATE": 3, "created_user": "AC_owner", "last_edited_user": "AC_owner", "last_edited_date": 1789875254325, "created_date": 1789875254325, "PARK_SAPSITEID": null, "TRACK_ID": null, "KAURIDIEBACK_TRACK": null, "KAURIDIEBACK_MITIGATED": null, "SegmentID": null, "GlobalID": "0a5e0656-5a22-43c5-9e67-c86ebb73b67c", "Shape__Length": 1.010650898088904, "_COUNCIL_TRACKNAME": "Piwakawaka track"}}, {"type": "Feature", "id": 12107, "geometry": {"type": "LineString", "coordinates": [[175.071633173575, -36.8080732194012], [175.071610954243, -36.8080731298231], [175.071610834074, -36.8080731211016], [175.071610721238, -36.808073093325], [175.071600050363, -36.808070219354], [175.071599940791, -36.8080701879152], [175.071599841277, -36.8080701553998], [175.071590118575, -36.8080668205614], [175.071590049578, -36.8080667974285], [175.071589964823, -36.8080667718664], [175.071576495913, -36.8080628876205], [175.071576388533, -36.8080628543409], [175.071576304825, -36.8080628260566], [175.071564568035, -36.8080585393859], [175.071555379521, -36.8080552285839], [175.071555264153, -36.8080551900356], [175.071555135899, -36.8080551724419], [175.071546920453, -36.8080542376458], [175.07154679797, -36.8080542262606], [175.071546675585, -36.808054218479], [175.07153500962, -36.8080537241618], [175.071534896246, -36.8080537180257], [175.071534776005, -36.8080537066015], [175.071517852014, -36.8080518401907], [175.071517794657, -36.8080518330784], [175.07151775077, -36.8080518266328], [175.071498530695, -36.808048817719], [175.071498495795, -36.8080488120181], [175.07147972534, -36.8080456005846], [175.071479660044, -36.8080455900054], [175.071479607169, -36.808045582815], [175.071460041356, -36.8080430540059], [175.071459878371, -36.8080430370173], [175.071459747047, -36.8080430302927], [175.071440017362, -36.8080426142896], [175.071439979221, -36.8080426131516], [175.071420743875, -36.8080419487844], [175.071420567615, -36.8080419383362], [175.071420478744, -36.8080419263652], [175.071401798408, -36.8080384402537], [175.071401708246, -36.808038421996], [175.071401624781, -36.8080384027204], [175.07138519581, -36.8080343996849], [175.071385033192, -36.8080343547494], [175.071384878882, -36.8080342853338], [175.071371929701, -36.8080279332496], [175.07137178869, -36.8080278581945], [175.07137174081, -36.8080278283844], [175.07137170764, -36.8080278037259], [175.071360867691, -36.8080197366586], [175.071360806953, -36.8080196872439], [175.071360704498, -36.8080195871817], [175.071350715096, -36.8080092249926], [175.071350663151, -36.8080091691155], [175.071350606433, -36.808009102506], [175.071342472804, -36.8079991829676], [175.071342441462, -36.807999142955], [175.071337068092, -36.8079922009996], [175.071336997372, -36.807992113904], [175.071336952391, -36.8079920669186]]}, "properties": {"OBJECTID": 12107, "TRACKNAME": "Piwakawaka track", "CONDITIONSOFUSE": "Onetangi Sports Park (Rangihoua)", "STATUS": "Open", "WEBLINK": "https://www.aucklandcouncil.govt.nz/en/parks-recreation/find-park-beach/park-detail/120.html", "VALIDATIONSTATE": 3, "created_user": "AC_owner", "last_edited_user": "AC_owner", "last_edited_date": 1789875254325, "created_date": 1789875254325, "PARK_SAPSITEID": null, "TRACK_ID": null, "KAURIDIEBACK_TRACK": null, "KAURIDIEBACK_MITIGATED": null, "SegmentID": null, "GlobalID": "b4780f91-e51a-42c5-8916-5b3795b61265", "Shape__Length": 29.21724959273721, "_COUNCIL_TRACKNAME": "Piwakawaka track"}}, {"type": "Feature", "id": 12108, "geometry": {"type": "LineString", "coordinates": [[175.071833291826, -36.8080272316821], [175.071812255707, -36.8080134027646], [175.071812249894, -36.8080133118341], [175.071811756255, -36.8080024831526], [175.071811754632, -36.8080023813335]]}, "properties": {"OBJECTID": 12108, "TRACKNAME": "Piwakawaka track", "CONDITIONSOFUSE": "Onetangi Sports Park (Rangihoua)", "STATUS": "Open", "WEBLINK": "https://www.aucklandcouncil.govt.nz/en/parks-recreation/find-park-beach/park-detail/120.html", "VALIDATIONSTATE": 3, "created_user": "AC_owner", "last_edited_user": "AC_owner", "last_edited_date": 1789875254325, "created_date": 1789875254325, "PARK_SAPSITEID": null, "TRACK_ID": null, "KAURIDIEBACK_TRACK": null, "KAURIDIEBACK_MITIGATED": null, "SegmentID": null, "GlobalID": "92ccd6cb-0cb3-44db-9406-3b875f5a3b39", "Shape__Length": 3.6486287235846286, "_COUNCIL_TRACKNAME": "Piwakawaka track"}}, {"type": "Feature", "id": 12109, "geometry": {"type": "LineString", "coordinates": [[175.071811754632, -36.8080023813335], [175.071811815016, -36.8080022928546]]}, "properties": {"OBJECTID": 12109, "TRACKNAME": "Piwakawaka track", "CONDITIONSOFUSE": "Onetangi Sports Park (Rangihoua)", "STATUS": "Open", "WEBLINK": "https://www.aucklandcouncil.govt.nz/en/parks-recreation/find-park-beach/park-detail/120.html", "VALIDATIONSTATE": 3, "created_user": "AC_owner", "last_edited_user": "AC_owner", "last_edited_date": 1789875254325, "created_date": 1789875254325, "PARK_SAPSITEID": null, "TRACK_ID": null, "KAURIDIEBACK_TRACK": null, "KAURIDIEBACK_MITIGATED": null, "SegmentID": null, "GlobalID": "4e00edff-9949-424e-9804-8b5dc2bc3b61", "Shape__Length": 0.011200446226698921, "_COUNCIL_TRACKNAME": "Piwakawaka track"}}, {"type": "Feature", "id": 12110, "geometry": {"type": "LineString", "coordinates": [[175.071811754632, -36.8080023813335], [175.071845248409, -36.8079799166179], [175.071845362785, -36.8079798767697], [175.071845479523, -36.8079798413868], [175.071860220648, -36.8079756592868], [175.071860281806, -36.8079756410961], [175.071860349613, -36.8079756200856], [175.071871258587, -36.8079720248266], [175.071871347607, -36.8079720007425], [175.071871517051, -36.8079719662436], [175.071884417213, -36.8079697206828], [175.07188459026, -36.8079696951342], [175.071884764694, -36.8079696794757], [175.071901411134, -36.8079686097154], [175.071901520831, -36.8079686041983], [175.071901620542, -36.8079686024604], [175.071913354975, -36.8079685601735], [175.071913423365, -36.8079685607842], [175.071913482817, -36.8079685624519], [175.071928136028, -36.8079691029084], [175.071928175289, -36.8079691040268], [175.071928232475, -36.8079691048327], [175.071943096397, -36.8079691873574], [175.071943178304, -36.8079691904363], [175.071943313159, -36.807969203408], [175.071955785764, -36.8079705984499], [175.071955925076, -36.8079706104426], [175.071956040472, -36.8079706084313], [175.071972623892, -36.8079699868064], [175.071972683222, -36.8079699839697], [175.071972729107, -36.8079699813673], [175.071992802994, -36.807968447169], [175.071992967321, -36.8079684307852], [175.071993066644, -36.8079684146332]]}, "properties": {"OBJECTID": 12110, "TRACKNAME": "Piwakawaka track", "CONDITIONSOFUSE": "Onetangi Sports Park (Rangihoua)", "STATUS": "Open", "WEBLINK": "https://www.aucklandcouncil.govt.nz/en/parks-recreation/find-park-beach/park-detail/120.html", "VALIDATIONSTATE": 3, "created_user": "AC_owner", "last_edited_user": "AC_owner", "last_edited_date": 1789875254325, "created_date": 1789875254325, "PARK_SAPSITEID": null, "TRACK_ID": null, "KAURIDIEBACK_TRACK": null, "KAURIDIEBACK_MITIGATED": null, "SegmentID": null, "GlobalID": "4d6ce78c-0863-44ed-896f-cf3f68987ea3", "Shape__Length": 17.298453523671395, "_COUNCIL_TRACKNAME": "Piwakawaka track"}}, {"type": "Feature", "id": 12111, "geometry": {"type": "LineString", "coordinates": [[175.071336952391, -36.8079920669186], [175.071321577585, -36.8079818859907], [175.071321522526, -36.8079817977209], [175.071319775327, -36.8079788953196], [175.071319732029, -36.8079788275749], [175.071319687659, -36.8079787616515], [175.071316546392, -36.8079743314942], [175.071316459283, -36.8079742185463], [175.071316362139, -36.8079741075759], [175.071313016092, -36.8079705219038], [175.071312947903, -36.8079704455798]]}, "properties": {"OBJECTID": 12111, "TRACKNAME": "Piwakawaka track", "CONDITIONSOFUSE": "Onetangi Sports Park (Rangihoua)", "STATUS": "Open", "WEBLINK": "https://www.aucklandcouncil.govt.nz/en/parks-recreation/find-park-beach/park-detail/120.html", "VALIDATIONSTATE": 3, "created_user": "AC_owner", "last_edited_user": "AC_owner", "last_edited_date": 1789875254325, "created_date": 1789875254325, "PARK_SAPSITEID": null, "TRACK_ID": null, "KAURIDIEBACK_TRACK": null, "KAURIDIEBACK_MITIGATED": null, "SegmentID": null, "GlobalID": "276455e2-918a-4cec-8b52-69659ba8ee61", "Shape__Length": 3.2665910061602608, "_COUNCIL_TRACKNAME": "Piwakawaka track"}}, {"type": "Feature", "id": 12112, "geometry": {"type": "LineString", "coordinates": [[175.071993066644, -36.8079684146332], [175.072005664843, -36.8079658615698], [175.072005791907, -36.8079658350199]]}, "properties": {"OBJECTID": 12112, "TRACKNAME": "Piwakawaka track", "CONDITIONSOFUSE": "Onetangi Sports Park (Rangihoua)", "STATUS": "Open", "WEBLINK": "https://www.aucklandcouncil.govt.nz/en/parks-recreation/find-park-beach/park-detail/120.html", "VALIDATIONSTATE": 3, "created_user": "AC_owner", "last_edited_user": "AC_owner", "last_edited_date": 1789875254325, "created_date": 1789875254325, "PARK_SAPSITEID": null, "TRACK_ID": null, "KAURIDIEBACK_TRACK": null, "KAURIDIEBACK_MITIGATED": null, "SegmentID": null, "GlobalID": "bf87f014-5094-4ac7-b94f-30545a069016", "Shape__Length": 1.1710924571429568, "_COUNCIL_TRACKNAME": "Piwakawaka track"}}, {"type": "Feature", "id": 12113, "geometry": {"type": "LineString", "coordinates": [[175.071993066644, -36.8079684146332], [175.072005897882, -36.807965774588], [175.072013398853, -36.80796145278], [175.072013500322, -36.8079613915253], [175.072013525629, -36.8079613739594], [175.07201356628, -36.8079613435078], [175.072024767701, -36.8079524641974], [175.07202481588, -36.8079524218977], [175.072024904175, -36.8079523293269], [175.072038323742, -36.8079374185794], [175.072038398909, -36.8079373379544], [175.072038483039, -36.8079372571732], [175.072053945307, -36.8079230291587], [175.072054167929, -36.80792284682], [175.072054412445, -36.8079226866323], [175.072070579957, -36.807913289933], [175.072070670515, -36.8079132396841], [175.072070775293, -36.8079132180291], [175.072086115169, -36.8079102917974], [175.072086256701, -36.80791026139], [175.072086326773, -36.8079102412412], [175.072101421939, -36.807905222839], [175.072101506333, -36.8079051934275], [175.07210161372, -36.8079051437865], [175.072118124721, -36.8078971381154], [175.072118187561, -36.8078970991653], [175.072118296605, -36.8078970278641], [175.072134284524, -36.8078864580845], [175.072134367922, -36.8078863917368], [175.072146234042, -36.8078766409843], [175.072146272429, -36.8078766096708], [175.072146298783, -36.8078765893828], [175.072155500659, -36.8078695024584], [175.072155579818, -36.8078694451976], [175.072155669425, -36.8078694012743], [175.072166375751, -36.8078642773035], [175.072166489277, -36.8078642059241], [175.072176827361, -36.8078573137029], [175.072176940886, -36.8078572423235], [175.072176976252, -36.807857223681], [175.072177023844, -36.80785720122], [175.072187082904, -36.8078526401284], [175.072187191338, -36.8078525877652], [175.072187251965, -36.8078525082949]]}, "properties": {"OBJECTID": 12113, "TRACKNAME": "Piwakawaka track", "CONDITIONSOFUSE": "Onetangi Sports Park (Rangihoua)", "STATUS": "Open", "WEBLINK": "https://www.aucklandcouncil.govt.nz/en/parks-recreation/find-park-beach/park-detail/120.html", "VALIDATIONSTATE": 3, "created_user": "AC_owner", "last_edited_user": "AC_owner", "last_edited_date": 1789875254325, "created_date": 1789875254325, "PARK_SAPSITEID": null, "TRACK_ID": null, "KAURIDIEBACK_TRACK": null, "KAURIDIEBACK_MITIGATED": null, "SegmentID": null, "GlobalID": "7ec1376b-547e-4194-a515-d8f7cc6ed18a", "Shape__Length": 22.041993247421487, "_COUNCIL_TRACKNAME": "Piwakawaka track"}}, {"type": "Feature", "id": 12114, "geometry": {"type": "LineString", "coordinates": [[175.071312947903, -36.8079704455798], [175.071314534321, -36.8079611840727], [175.071314503957, -36.8079610971752], [175.071313467009, -36.8079582220556], [175.071313445337, -36.8079581665523], [175.071313421304, -36.8079581065836], [175.071311376858, -36.8079534076536], [175.071311349415, -36.8079533459418], [175.071311318635, -36.8079532851894], [175.071307706316, -36.8079463071399], [175.07130766034, -36.8079462232183], [175.071307606449, -36.8079461367308], [175.071303029881, -36.8079391060818], [175.07130296805, -36.8079390161274], [175.071302871974, -36.8079389447958], [175.071296063357, -36.807934145912], [175.071296013066, -36.8079341098347], [175.071295960437, -36.807934070193], [175.071289737815, -36.807929221441], [175.071289566878, -36.8079290757042], [175.071289412405, -36.8079289170622], [175.071284442543, -36.8079233470694], [175.07128436381, -36.8079232538043], [175.071284294064, -36.8079231612839], [175.071280087671, -36.8079173057943], [175.07128007021, -36.8079172817633], [175.071275056882, -36.8079105146938], [175.071270769447, -36.8079048129364], [175.071270629227, -36.8079046008691], [175.071270519063, -36.8079043810677], [175.071268045234, -36.8078985972372], [175.071268014211, -36.807898527476], [175.071267975516, -36.8078984641575], [175.071263525148, -36.8078913330659], [175.071263491153, -36.8078912777773], [175.071263458157, -36.8078912179648], [175.071258608843, -36.8078822182092], [175.071258540706, -36.8078821022268], [175.071258522077, -36.8078820764136], [175.071258473444, -36.8078820186762], [175.071251494333, -36.8078740537734], [175.071251419277, -36.8078739721611], [175.071251323347, -36.8078739062347], [175.071243909296, -36.8078690178518], [175.071243796197, -36.807868938705], [175.071243702996, -36.8078688492971], [175.071238377733, -36.8078634423216], [175.071238344345, -36.8078634095551], [175.071238308691, -36.8078633759267], [175.071233505115, -36.8078588602647], [175.07123348327, -36.8078588399153], [175.071233449882, -36.8078588071488], [175.071228060052, -36.80785341662], [175.071228035845, -36.8078533918052], [175.071228005794, -36.8078533580792], [175.071221777471, -36.8078461759452], [175.071221745106, -36.8078461395557], [175.07122171744, -36.8078461111959], [175.071213527296, -36.8078380862737], [175.071213447977, -36.8078380128474], [175.071213406698, -36.8078379784157], [175.071202516478, -36.8078298743543], [175.071202478681, -36.8078298443685], [175.071202408616, -36.8078297815966], [175.071193652839, -36.8078215637345], [175.071193586063, -36.8078214982014], [175.071193545859, -36.8078214204884]]}, "properties": {"OBJECTID": 12114, "TRACKNAME": "Piwakawaka track", "CONDITIONSOFUSE": "Onetangi Sports Park (Rangihoua)", "STATUS": "Open", "WEBLINK": "https://www.aucklandcouncil.govt.nz/en/parks-recreation/find-park-beach/park-detail/120.html", "VALIDATIONSTATE": 3, "created_user": "AC_owner", "last_edited_user": "AC_owner", "last_edited_date": 1789875254325, "created_date": 1789875254325, "PARK_SAPSITEID": null, "TRACK_ID": null, "KAURIDIEBACK_TRACK": null, "KAURIDIEBACK_MITIGATED": null, "SegmentID": null, "GlobalID": "5fed4ac7-5096-42e8-bc43-05bf436f149d", "Shape__Length": 20.185683547952035, "_COUNCIL_TRACKNAME": "Piwakawaka track"}}, {"type": "Feature", "id": 12116, "geometry": {"type": "LineString", "coordinates": [[175.072187251965, -36.8078525082949], [175.072194284058, -36.8078442244031], [175.072194374156, -36.8078441155773]]}, "properties": {"OBJECTID": 12116, "TRACKNAME": "Piwakawaka track", "CONDITIONSOFUSE": "Onetangi Sports Park (Rangihoua)", "STATUS": "Open", "WEBLINK": "https://www.aucklandcouncil.govt.nz/en/parks-recreation/find-park-beach/park-detail/120.html", "VALIDATIONSTATE": 3, "created_user": "AC_owner", "last_edited_user": "AC_owner", "last_edited_date": 1789875254325, "created_date": 1789875254325, "PARK_SAPSITEID": null, "TRACK_ID": null, "KAURIDIEBACK_TRACK": null, "KAURIDIEBACK_MITIGATED": null, "SegmentID": null, "GlobalID": "864dd1c0-ceda-452a-b49b-25e1a9700de8", "Shape__Length": 1.1275798370788421, "_COUNCIL_TRACKNAME": "Piwakawaka track"}}, {"type": "Feature", "id": 12117, "geometry": {"type": "LineString", "coordinates": [[175.072187251965, -36.8078525082949], [175.072199653469, -36.8078354674675], [175.072199711758, -36.8078353844327], [175.07219978142, -36.8078353075089], [175.072206117474, -36.8078293944631], [175.072206209178, -36.8078293036354], [175.072206255945, -36.8078292505445], [175.07221726129, -36.8078151786143], [175.0722173197, -36.8078151000839], [175.072217372557, -36.8078150234529], [175.072226866372, -36.8078004307787], [175.072226936475, -36.8078003286106], [175.072227016684, -36.8078002271676], [175.07223764296, -36.8077873948279], [175.072237703853, -36.8077873252672], [175.072237781771, -36.8077872635216], [175.072255139484, -36.807774203879], [175.072255168006, -36.8077741808492], [175.072269940497, -36.8077626831656], [175.072270027134, -36.8077626122549], [175.07227005252, -36.8077625144714], [175.072273660547, -36.8077465056977], [175.072273675798, -36.8077464477484], [175.072273688173, -36.8077464078753], [175.072282112882, -36.8077221781594], [175.072282150616, -36.807722081062], [175.072282176168, -36.8077220310448], [175.072287306458, -36.8077127203664], [175.072287340731, -36.8077126611842], [175.072287365454, -36.8077126219971], [175.072296827509, -36.8076990140955], [175.072296897708, -36.8076989155308], [175.072296997571, -36.8076988362778], [175.072349202191, -36.80765905025], [175.07234928342, -36.8076589866439], [175.072349330481, -36.8076589029035], [175.072384531021, -36.8075928689725], [175.072384568242, -36.8075927944166], [175.072384589583, -36.8075927129272], [175.072392725077, -36.8075577996764], [175.072392740938, -36.807557722789], [175.072392745647, -36.8075576064386], [175.072393105718, -36.8075038211287], [175.072393106432, -36.8075037228741]]}, "properties": {"OBJECTID": 12117, "TRACKNAME": "Piwakawaka track", "CONDITIONSOFUSE": "Onetangi Sports Park (Rangihoua)", "STATUS": "Open", "WEBLINK": "https://www.aucklandcouncil.govt.nz/en/parks-recreation/find-park-beach/park-detail/120.html", "VALIDATIONSTATE": 3, "created_user": "AC_owner", "last_edited_user": "AC_owner", "last_edited_date": 1789875254325, "created_date": 1789875254325, "PARK_SAPSITEID": null, "TRACK_ID": null, "KAURIDIEBACK_TRACK": null, "KAURIDIEBACK_MITIGATED": null, "SegmentID": null, "GlobalID": "882c0f92-8a48-45e8-8903-9361f919265e", "Shape__Length": 44.42611624303602, "_COUNCIL_TRACKNAME": "Piwakawaka track"}}, {"type": "Feature", "id": 12118, "geometry": {"type": "LineString", "coordinates": [[175.071193545859, -36.8078214204884], [175.071187772575, -36.8078125729251], [175.071187742135, -36.8078125247851], [175.071187722069, -36.8078124872799], [175.071187671592, -36.8078123610754], [175.071184906729, -36.8078046363971], [175.071184864555, -36.8078045271727], [175.07118481578, -36.8078044225699], [175.071181480621, -36.8077977046707]]}, "properties": {"OBJECTID": 12118, "TRACKNAME": "Piwakawaka track", "CONDITIONSOFUSE": "Onetangi Sports Park (Rangihoua)", "STATUS": "Open", "WEBLINK": "https://www.aucklandcouncil.govt.nz/en/parks-recreation/find-park-beach/park-detail/120.html", "VALIDATIONSTATE": 3, "created_user": "AC_owner", "last_edited_user": "AC_owner", "last_edited_date": 1789875254325, "created_date": 1789875254325, "PARK_SAPSITEID": null, "TRACK_ID": null, "KAURIDIEBACK_TRACK": null, "KAURIDIEBACK_MITIGATED": null, "SegmentID": null, "GlobalID": "95f10cad-8029-4513-b644-a7170a408b74", "Shape__Length": 2.853944366460516, "_COUNCIL_TRACKNAME": "Piwakawaka track"}}, {"type": "Feature", "id": 12119, "geometry": {"type": "LineString", "coordinates": [[175.071193545859, -36.8078214204884], [175.071181480621, -36.8077977046707]]}, "properties": {"OBJECTID": 12119, "TRACKNAME": "Piwakawaka track", "CONDITIONSOFUSE": "Onetangi Sports Park (Rangihoua)", "STATUS": "Open", "WEBLINK": "https://www.aucklandcouncil.govt.nz/en/parks-recreation/find-park-beach/park-detail/120.html", "VALIDATIONSTATE": 3, "created_user": "AC_owner", "last_edited_user": "AC_owner", "last_edited_date": 1789875254325, "created_date": 1789875254325, "PARK_SAPSITEID": null, "TRACK_ID": null, "KAURIDIEBACK_TRACK": null, "KAURIDIEBACK_MITIGATED": null, "SegmentID": null, "GlobalID": "966436eb-1d2e-429c-8320-cd90ca7fc204", "Shape__Length": 2.843602911680057, "_COUNCIL_TRACKNAME": "Piwakawaka track"}}, {"type": "Feature", "id": 12120, "geometry": {"type": "LineString", "coordinates": [[175.071193545859, -36.8078214204884], [175.071181430612, -36.8077975126628], [175.071181263652, -36.8077904430346], [175.071181011883, -36.8077812243713], [175.071180515183, -36.8077691555438], [175.071180505039, -36.8077690286366], [175.071180494401, -36.8077689666319]]}, "properties": {"OBJECTID": 12120, "TRACKNAME": "Piwakawaka track", "CONDITIONSOFUSE": "Onetangi Sports Park (Rangihoua)", "STATUS": "Open", "WEBLINK": "https://www.aucklandcouncil.govt.nz/en/parks-recreation/find-park-beach/park-detail/120.html", "VALIDATIONSTATE": 3, "created_user": "AC_owner", "last_edited_user": "AC_owner", "last_edited_date": 1789875254325, "created_date": 1789875254325, "PARK_SAPSITEID": null, "TRACK_ID": null, "KAURIDIEBACK_TRACK": null, "KAURIDIEBACK_MITIGATED": null, "SegmentID": null, "GlobalID": "4c9571a3-3a02-49c4-8a5d-415dde9eed65", "Shape__Length": 6.034166381723723, "_COUNCIL_TRACKNAME": "Piwakawaka track"}}, {"type": "Feature", "id": 12121, "geometry": {"type": "LineString", "coordinates": [[175.071181480621, -36.8077977046707], [175.071181434354, -36.8077976099385]]}, "properties": {"OBJECTID": 12121, "TRACKNAME": "Piwakawaka track", "CONDITIONSOFUSE": "Onetangi Sports Park (Rangihoua)", "STATUS": "Open", "WEBLINK": "https://www.aucklandcouncil.govt.nz/en/parks-recreation/find-park-beach/park-detail/120.html", "VALIDATIONSTATE": 3, "created_user": "AC_owner", "last_edited_user": "AC_owner", "last_edited_date": 1789875254325, "created_date": 1789875254325, "PARK_SAPSITEID": null, "TRACK_ID": null, "KAURIDIEBACK_TRACK": null, "KAURIDIEBACK_MITIGATED": null, "SegmentID": null, "GlobalID": "defb3745-a57c-4d1a-bb14-63769d1c790d", "Shape__Length": 0.011294689884220945, "_COUNCIL_TRACKNAME": "Piwakawaka track"}}, {"type": "Feature", "id": 12122, "geometry": {"type": "LineString", "coordinates": [[175.071180494401, -36.8077689666319], [175.071177596205, -36.8077572920558], [175.071177583788, -36.8077572472069], [175.071177571614, -36.8077572113668], [175.071177519235, -36.8077570978137], [175.071180494401, -36.8077689666319]]}, "properties": {"OBJECTID": 12122, "TRACKNAME": "Piwakawaka track", "CONDITIONSOFUSE": "Onetangi Sports Park (Rangihoua)", "STATUS": "Open", "WEBLINK": "https://www.aucklandcouncil.govt.nz/en/parks-recreation/find-park-beach/park-detail/120.html", "VALIDATIONSTATE": 3, "created_user": "AC_owner", "last_edited_user": "AC_owner", "last_edited_date": 1789875254325, "created_date": 1789875254325, "PARK_SAPSITEID": null, "TRACK_ID": null, "KAURIDIEBACK_TRACK": null, "KAURIDIEBACK_MITIGATED": null, "SegmentID": null, "GlobalID": "6ddcad9b-a562-4b56-840a-60da10a7d5a6", "Shape__Length": 2.6874744039406098, "_COUNCIL_TRACKNAME": "Piwakawaka track"}}, {"type": "Feature", "id": 12123, "geometry": {"type": "LineString", "coordinates": [[175.071180494401, -36.8077689666319], [175.071172041235, -36.8077461468677], [175.071171983838, -36.8077460550333], [175.071166616523, -36.8077379638007], [175.071166590807, -36.8077379245913], [175.071161944448, -36.8077305075913], [175.071161805762, -36.8077303108193], [175.071161641575, -36.807730124406], [175.071154696822, -36.8077230593017], [175.071154607031, -36.8077229716369], [175.071154515219, -36.8077228921191], [175.071145054441, -36.8077150074006], [175.071135073112, -36.8077066477501], [175.071134998517, -36.8077065832545], [175.071134955927, -36.8077065001752]]}, "properties": {"OBJECTID": 12123, "TRACKNAME": "Piwakawaka track", "CONDITIONSOFUSE": "Onetangi Sports Park (Rangihoua)", "STATUS": "Open", "WEBLINK": "https://www.aucklandcouncil.govt.nz/en/parks-recreation/find-park-beach/park-detail/120.html", "VALIDATIONSTATE": 3, "created_user": "AC_owner", "last_edited_user": "AC_owner", "last_edited_date": 1789875254325, "created_date": 1789875254325, "PARK_SAPSITEID": null, "TRACK_ID": null, "KAURIDIEBACK_TRACK": null, "KAURIDIEBACK_MITIGATED": null, "SegmentID": null, "GlobalID": "54e7313d-f670-44c8-9055-5d8ca1ae150f", "Shape__Length": 8.194313965599724, "_COUNCIL_TRACKNAME": "Piwakawaka track"}}, {"type": "Feature", "id": 12124, "geometry": {"type": "LineString", "coordinates": [[175.071134955927, -36.8077065001752], [175.071128424666, -36.8076955621697], [175.071128376425, -36.8076954773862], [175.071128351542, -36.8076953858867], [175.071134955927, -36.8077065001752]]}, "properties": {"OBJECTID": 12124, "TRACKNAME": "Piwakawaka track", "CONDITIONSOFUSE": "Onetangi Sports Park (Rangihoua)", "STATUS": "Open", "WEBLINK": "https://www.aucklandcouncil.govt.nz/en/parks-recreation/find-park-beach/park-detail/120.html", "VALIDATIONSTATE": 3, "created_user": "AC_owner", "last_edited_user": "AC_owner", "last_edited_date": 1789875254325, "created_date": 1789875254325, "PARK_SAPSITEID": null, "TRACK_ID": null, "KAURIDIEBACK_TRACK": null, "KAURIDIEBACK_MITIGATED": null, "SegmentID": null, "GlobalID": "557c23cc-435d-4f7a-a6b3-117e7880e4f0", "Shape__Length": 2.734266996952022, "_COUNCIL_TRACKNAME": "Piwakawaka track"}}, {"type": "Feature", "id": 12125, "geometry": {"type": "LineString", "coordinates": [[175.071134955927, -36.8077065001752], [175.071125025656, -36.8076820648665], [175.07112501556, -36.8076819397611], [175.071124519907, -36.8076705333736], [175.071124517864, -36.8076704991596], [175.071124515991, -36.8076704712519], [175.071123520245, -36.8076577684882], [175.071123510999, -36.8076576749136], [175.071123503136, -36.8076576326893], [175.071120181592, -36.8076442647254], [175.071120158023, -36.8076441804133], [175.071120131167, -36.8076440988625], [175.071115969212, -36.807632445401], [175.071111798824, -36.8076211444963], [175.071111777129, -36.8076210880921], [175.071111753193, -36.8076210317269], [175.071107706485, -36.8076118665619], [175.071107668401, -36.8076117843053], [175.071107607178, -36.8076117168729], [175.071099576124, -36.8076032718661], [175.071099539229, -36.8076032337528], [175.07109949778, -36.807603193015], [175.071090306671, -36.8075943752496], [175.07109023539, -36.8075943088937], [175.071090191821, -36.8075942726992]]}, "properties": {"OBJECTID": 12125, "TRACKNAME": "Piwakawaka track", "CONDITIONSOFUSE": "Onetangi Sports Park (Rangihoua)", "STATUS": "Open", "WEBLINK": "https://www.aucklandcouncil.govt.nz/en/parks-recreation/find-park-beach/park-detail/120.html", "VALIDATIONSTATE": 3, "created_user": "AC_owner", "last_edited_user": "AC_owner", "last_edited_date": 1789875254325, "created_date": 1789875254325, "PARK_SAPSITEID": null, "TRACK_ID": null, "KAURIDIEBACK_TRACK": null, "KAURIDIEBACK_MITIGATED": null, "SegmentID": null, "GlobalID": "d9a2c824-237a-47b2-9b37-65be6f3ef423", "Shape__Length": 13.34811187929191, "_COUNCIL_TRACKNAME": "Piwakawaka track"}}, {"type": "Feature", "id": 12126, "geometry": {"type": "LineString", "coordinates": [[175.071090191821, -36.8075942726992], [175.071081764098, -36.807587703908], [175.071081689601, -36.8075876430159], [175.071081629377, -36.8075875710594], [175.071075688018, -36.8075801387626]]}, "properties": {"OBJECTID": 12126, "TRACKNAME": "Piwakawaka track", "CONDITIONSOFUSE": "Onetangi Sports Park (Rangihoua)", "STATUS": "Open", "WEBLINK": "https://www.aucklandcouncil.govt.nz/en/parks-recreation/find-park-beach/park-detail/120.html", "VALIDATIONSTATE": 3, "created_user": "AC_owner", "last_edited_user": "AC_owner", "last_edited_date": 1789875254325, "created_date": 1789875254325, "PARK_SAPSITEID": null, "TRACK_ID": null, "KAURIDIEBACK_TRACK": null, "KAURIDIEBACK_MITIGATED": null, "SegmentID": null, "GlobalID": "013c7f54-7573-43f3-b48b-7599a778c674", "Shape__Length": 2.047007052386567, "_COUNCIL_TRACKNAME": "Piwakawaka track"}}, {"type": "Feature", "id": 12127, "geometry": {"type": "LineString", "coordinates": [[175.071090191821, -36.8075942726992], [175.071071201796, -36.807573714009], [175.071071129301, -36.807573602609], [175.071071100859, -36.807573545421], [175.071066711715, -36.8075634019956], [175.071066681934, -36.8075633367192], [175.071066648744, -36.8075632696996], [175.071061857699, -36.8075541012771], [175.071061821148, -36.8075540343161], [175.071061789418, -36.8075539798893], [175.07105835313, -36.8075483750566], [175.071058303745, -36.8075482893917], [175.071058306847, -36.8075481965033], [175.071061151106, -36.8074977171531], [175.071061153594, -36.8074976846628], [175.071062586353, -36.8074551388517], [175.0710625848, -36.8074550811953], [175.071062570441, -36.8074549642758], [175.071054793633, -36.8074049529744], [175.071054772722, -36.8074048424782], [175.071054716154, -36.8074047398137], [175.071043247291, -36.8073842672988], [175.071043196838, -36.8073841419952], [175.071033508684, -36.8073570418071], [175.071033459352, -36.807356916484], [175.071033421462, -36.8073568414345], [175.071011117554, -36.8073178700296], [175.071011097586, -36.8073178361279], [175.071011072991, -36.8073177968989], [175.070996812279, -36.8072950855059], [175.070996779429, -36.8072950310986], [175.070996750037, -36.8072949802363], [175.070992561913, -36.8072873461429], [175.070992494922, -36.8072872310416], [175.070992424324, -36.8072871484502], [175.070987469236, -36.8072815835941], [175.070987393962, -36.8072814938737], [175.070987356752, -36.8072814440489], [175.070983551206, -36.8072756122086], [175.070983532431, -36.80727558099], [175.070979452393, -36.8072690464073], [175.070979427798, -36.8072690071784], [175.070979404445, -36.8072689724344], [175.070974881614, -36.8072623527312], [175.070974820784, -36.8072622582526], [175.070974761999, -36.807262156528], [175.070970846192, -36.8072548115149], [175.070970792084, -36.8072547169192], [175.070970709235, -36.8072546372451]]}, "properties": {"OBJECTID": 12127, "TRACKNAME": "Piwakawaka track", "CONDITIONSOFUSE": "Onetangi Sports Park (Rangihoua)", "STATUS": "Open", "WEBLINK": "https://www.aucklandcouncil.govt.nz/en/parks-recreation/find-park-beach/park-detail/120.html", "VALIDATIONSTATE": 3, "created_user": "AC_owner", "last_edited_user": "AC_owner", "last_edited_date": 1789875254325, "created_date": 1789875254325, "PARK_SAPSITEID": null, "TRACK_ID": null, "KAURIDIEBACK_TRACK": null, "KAURIDIEBACK_MITIGATED": null, "SegmentID": null, "GlobalID": "78e30c82-8a00-4c84-b042-f6bdc6132fe3", "Shape__Length": 40.1981275458059, "_COUNCIL_TRACKNAME": "Piwakawaka track"}}, {"type": "Feature", "id": 12128, "geometry": {"type": "LineString", "coordinates": [[175.071075688018, -36.8075801387626], [175.071090191821, -36.8075942726992]]}, "properties": {"OBJECTID": 12128, "TRACKNAME": "Piwakawaka track", "CONDITIONSOFUSE": "Onetangi Sports Park (Rangihoua)", "STATUS": "Open", "WEBLINK": "https://www.aucklandcouncil.govt.nz/en/parks-recreation/find-park-beach/park-detail/120.html", "VALIDATIONSTATE": 3, "created_user": "AC_owner", "last_edited_user": "AC_owner", "last_edited_date": 1789875254325, "created_date": 1789875254325, "PARK_SAPSITEID": null, "TRACK_ID": null, "KAURIDIEBACK_TRACK": null, "KAURIDIEBACK_MITIGATED": null, "SegmentID": null, "GlobalID": "8db06cf6-b261-475d-8b88-644d74ce83a9", "Shape__Length": 2.033581677249016, "_COUNCIL_TRACKNAME": "Piwakawaka track"}}, {"type": "Feature", "id": 12130, "geometry": {"type": "LineString", "coordinates": [[175.070970709235, -36.8072546372451], [175.070961837162, -36.8072460933151]]}, "properties": {"OBJECTID": 12130, "TRACKNAME": "Piwakawaka track", "CONDITIONSOFUSE": "Onetangi Sports Park (Rangihoua)", "STATUS": "Open", "WEBLINK": "https://www.aucklandcouncil.govt.nz/en/parks-recreation/find-park-beach/park-detail/120.html", "VALIDATIONSTATE": 3, "created_user": "AC_owner", "last_edited_user": "AC_owner", "last_edited_date": 1789875254325, "created_date": 1789875254325, "PARK_SAPSITEID": null, "TRACK_ID": null, "KAURIDIEBACK_TRACK": null, "KAURIDIEBACK_MITIGATED": null, "SegmentID": null, "GlobalID": "c6ba993b-1836-4eb4-948d-2f7c5c34b846", "Shape__Length": 1.2352566576966966, "_COUNCIL_TRACKNAME": "Piwakawaka track"}}, {"type": "Feature", "id": 12131, "geometry": {"type": "LineString", "coordinates": [[175.070970709235, -36.8072546372451], [175.070964876992, -36.8072488821716], [175.070964842459, -36.8072488485236], [175.070964812578, -36.8072488211037], [175.070961837162, -36.8072460933151]]}, "properties": {"OBJECTID": 12131, "TRACKNAME": "Piwakawaka track", "CONDITIONSOFUSE": "Onetangi Sports Park (Rangihoua)", "STATUS": "Open", "WEBLINK": "https://www.aucklandcouncil.govt.nz/en/parks-recreation/find-park-beach/park-detail/120.html", "VALIDATIONSTATE": 3, "created_user": "AC_owner", "last_edited_user": "AC_owner", "last_edited_date": 1789875254325, "created_date": 1789875254325, "PARK_SAPSITEID": null, "TRACK_ID": null, "KAURIDIEBACK_TRACK": null, "KAURIDIEBACK_MITIGATED": null, "SegmentID": null, "GlobalID": "c8d839ac-536b-4f1f-a223-af23ccac6c62", "Shape__Length": 1.23543575152627, "_COUNCIL_TRACKNAME": "Piwakawaka track"}}, {"type": "Feature", "id": 12132, "geometry": {"type": "LineString", "coordinates": [[175.070961837162, -36.8072460933151], [175.070958339933, -36.8072428852085]]}, "properties": {"OBJECTID": 12132, "TRACKNAME": "Piwakawaka track", "CONDITIONSOFUSE": "Onetangi Sports Park (Rangihoua)", "STATUS": "Open", "WEBLINK": "https://www.aucklandcouncil.govt.nz/en/parks-recreation/find-park-beach/park-detail/120.html", "VALIDATIONSTATE": 3, "created_user": "AC_owner", "last_edited_user": "AC_owner", "last_edited_date": 1789875254325, "created_date": 1789875254325, "PARK_SAPSITEID": null, "TRACK_ID": null, "KAURIDIEBACK_TRACK": null, "KAURIDIEBACK_MITIGATED": null, "SegmentID": null, "GlobalID": "af7a7f36-d265-49c6-94bd-44a3f3efd2f4", "Shape__Length": 0.4734445904955797, "_COUNCIL_TRACKNAME": "Piwakawaka track"}}, {"type": "Feature", "id": 12133, "geometry": {"type": "LineString", "coordinates": [[175.070961837162, -36.8072460933151], [175.070952860326, -36.8072374466581], [175.070952783811, -36.8072373524528], [175.070949325674, -36.8072328079313], [175.070949249159, -36.807232713726], [175.070949189081, -36.8072326471747]]}, "properties": {"OBJECTID": 12133, "TRACKNAME": "Piwakawaka track", "CONDITIONSOFUSE": "Onetangi Sports Park (Rangihoua)", "STATUS": "Open", "WEBLINK": "https://www.aucklandcouncil.govt.nz/en/parks-recreation/find-park-beach/park-detail/120.html", "VALIDATIONSTATE": 3, "created_user": "AC_owner", "last_edited_user": "AC_owner", "last_edited_date": 1789875254325, "created_date": 1789875254325, "PARK_SAPSITEID": null, "TRACK_ID": null, "KAURIDIEBACK_TRACK": null, "KAURIDIEBACK_MITIGATED": null, "SegmentID": null, "GlobalID": "287723c2-aad5-452f-bc51-7cd2d52db46b", "Shape__Length": 1.8753562531651595, "_COUNCIL_TRACKNAME": "Piwakawaka track"}}, {"type": "Feature", "id": 12134, "geometry": {"type": "LineString", "coordinates": [[175.070958339933, -36.8072428852085], [175.070970709235, -36.8072546372451]]}, "properties": {"OBJECTID": 12134, "TRACKNAME": "Piwakawaka track", "CONDITIONSOFUSE": "Onetangi Sports Park (Rangihoua)", "STATUS": "Open", "WEBLINK": "https://www.aucklandcouncil.govt.nz/en/parks-recreation/find-park-beach/park-detail/120.html", "VALIDATIONSTATE": 3, "created_user": "AC_owner", "last_edited_user": "AC_owner", "last_edited_date": 1789875254325, "created_date": 1789875254325, "PARK_SAPSITEID": null, "TRACK_ID": null, "KAURIDIEBACK_TRACK": null, "KAURIDIEBACK_MITIGATED": null, "SegmentID": null, "GlobalID": "974f2816-88d0-4bd0-87cd-c8ecb5215f8f", "Shape__Length": 1.7086026254038735, "_COUNCIL_TRACKNAME": "Piwakawaka track"}}, {"type": "Feature", "id": 12136, "geometry": {"type": "LineString", "coordinates": [[175.070949189081, -36.8072326471747], [175.070937303274, -36.8072223242938]]}, "properties": {"OBJECTID": 12136, "TRACKNAME": "Piwakawaka track", "CONDITIONSOFUSE": "Onetangi Sports Park (Rangihoua)", "STATUS": "Open", "WEBLINK": "https://www.aucklandcouncil.govt.nz/en/parks-recreation/find-park-beach/park-detail/120.html", "VALIDATIONSTATE": 3, "created_user": "AC_owner", "last_edited_user": "AC_owner", "last_edited_date": 1789875254325, "created_date": 1789875254325, "PARK_SAPSITEID": null, "TRACK_ID": null, "KAURIDIEBACK_TRACK": null, "KAURIDIEBACK_MITIGATED": null, "SegmentID": null, "GlobalID": "036c792b-cc28-405e-9e50-ea725c12c04d", "Shape__Length": 1.561214991656115, "_COUNCIL_TRACKNAME": "Piwakawaka track"}}, {"type": "Feature", "id": 12137, "geometry": {"type": "LineString", "coordinates": [[175.070949189081, -36.8072326471747], [175.070946049091, -36.8072294688965], [175.070945982315, -36.8072294033632], [175.070945911058, -36.807229337908], [175.070941904491, -36.8072258628748], [175.070941879237, -36.8072258407822], [175.070941852911, -36.8072258205108], [175.070937667677, -36.8072225784227], [175.070937601338, -36.8072225291053], [175.070937536217, -36.8072224833719], [175.070937303274, -36.8072223242938]]}, "properties": {"OBJECTID": 12137, "TRACKNAME": "Piwakawaka track", "CONDITIONSOFUSE": "Onetangi Sports Park (Rangihoua)", "STATUS": "Open", "WEBLINK": "https://www.aucklandcouncil.govt.nz/en/parks-recreation/find-park-beach/park-detail/120.html", "VALIDATIONSTATE": 3, "created_user": "AC_owner", "last_edited_user": "AC_owner", "last_edited_date": 1789875254325, "created_date": 1789875254325, "PARK_SAPSITEID": null, "TRACK_ID": null, "KAURIDIEBACK_TRACK": null, "KAURIDIEBACK_MITIGATED": null, "SegmentID": null, "GlobalID": "1eca25b0-3402-475c-9c0c-2ce9a388815c", "Shape__Length": 1.5636376306992734, "_COUNCIL_TRACKNAME": "Piwakawaka track"}}, {"type": "Feature", "id": 12138, "geometry": {"type": "LineString", "coordinates": [[175.070937303274, -36.8072223242938], [175.070937145682, -36.8072222161787]]}, "properties": {"OBJECTID": 12138, "TRACKNAME": "Piwakawaka track", "CONDITIONSOFUSE": "Onetangi Sports Park (Rangihoua)", "STATUS": "Open", "WEBLINK": "https://www.aucklandcouncil.govt.nz/en/parks-recreation/find-park-beach/park-detail/120.html", "VALIDATIONSTATE": 3, "created_user": "AC_owner", "last_edited_user": "AC_owner", "last_edited_date": 1789875254325, "created_date": 1789875254325, "PARK_SAPSITEID": null, "TRACK_ID": null, "KAURIDIEBACK_TRACK": null, "KAURIDIEBACK_MITIGATED": null, "SegmentID": null, "GlobalID": "d06c5c12-56c6-472d-9151-364d4872b719", "Shape__Length": 0.01848594021489641, "_COUNCIL_TRACKNAME": "Piwakawaka track"}}]}