{"type": "FeatureCollection", "features": [{"type": "Feature", "id": 12256, "geometry": {"type": "LineString", "coordinates": [[174.485797771376, -36.983312277059], [174.48601962241, -36.9833606753725], [174.486181662893, -36.9833683091107], [174.486343756143, -36.9833440067483], [174.486415126453, -36.9831634086459], [174.486532912366, -36.9829494466889], [174.486686072257, -36.9827790730268], [174.486814187535, -36.9826554419994], [174.487031104837, -36.9824947790872], [174.487049470861, -36.9824599547546], [174.487055642043, -36.9823827660055], [174.487095830542, -36.9823065661973], [174.487324334053, -36.9820953354579], [174.487672710172, -36.9819045500355], [174.487888578933, -36.9818148538536], [174.488162526681, -36.9817219323428], [174.488327917849, -36.9815701245002], [174.488830854988, -36.9812890100857], [174.488892946828, -36.9812403329058], [174.48902422251, -36.9811096923567], [174.489264804705, -36.9809479533594], [174.490099357059, -36.9806459521346], [174.490578327041, -36.9804154362233], [174.490607205984, -36.9803863201455], [174.490617425054, -36.9803210053923], [174.49061970679, -36.9802168334998], [174.49060610027, -36.9800906786425], [174.490603606449, -36.9798926088541], [174.490620473734, -36.9798530616389], [174.490659100577, -36.9798133853707], [174.491167593662, -36.9795773495733], [174.491468950149, -36.9793720189851], [174.491524895087, -36.9793188297551], [174.49167342787, -36.9790890541098], [174.491765313903, -36.9790042800806], [174.491858686327, -36.978942129486], [174.49223680673, -36.9788018478027], [174.492588650588, -36.9786456167703], [174.492629250444, -36.9786362819074], [174.49277752545, -36.978631604998], [174.493011020401, -36.9785552794567], [174.493040802349, -36.9785224378286], [174.493105312569, -36.9784034489436], [174.493276264281, -36.9782645439367], [174.493342999498, -36.978156532548], [174.493345472236, -36.9781433686103], [174.493327374121, -36.9781416944309], [174.493338123321, -36.9781249020466], [174.493571428955, -36.9778907224668], [174.493602940831, -36.9778699642082], [174.49362793815, -36.9778653772088], [174.493746259298, -36.977915256823], [174.493817527947, -36.9779207956443], [174.493910549169, -36.9779109358161], [174.493983625327, -36.9778744664003], [174.494082242968, -36.9778032164211], [174.494249703009, -36.9775956522545], [174.494474491556, -36.9773656522907], [174.494842971553, -36.9770795264011], [174.495030120226, -36.9770119649438], [174.4952270042, -36.976996406258], [174.495391912937, -36.9769164692776], [174.495439273987, -36.9769007838261], [174.495496971171, -36.9768954509573], [174.495633429315, -36.9769082705872], [174.495722402354, -36.9769063292383], [174.495762432642, -36.976895513245], [174.495833033118, -36.9768554864829], [174.49589246588, -36.9768056764371], [174.49596771798, -36.976712320552], [174.49598973598, -36.9765802641094], [174.496022014589, -36.9765155271722], [174.496049266108, -36.9764895399918], [174.496187244842, -36.9764056328265], [174.496231532377, -36.9763397259246], [174.496293305603, -36.9761989208449], [174.496364999725, -36.976147667056], [174.496623168027, -36.9760135436634], [174.496692223752, -36.9759904994839], [174.496873268727, -36.9759682874629], [174.497032199824, -36.9759928642814], [174.49708583456, -36.9759935308628], [174.497345921316, -36.9759579725532], [174.497590660879, -36.9759097629153], [174.49768966337, -36.9758744964499], [174.497783206096, -36.9757945372224], [174.497838085885, -36.9757710403014], [174.498035758607, -36.975755223667], [174.498280875079, -36.9757085311568], [174.498455555906, -36.9755978744315], [174.498608970209, -36.9755370788087], [174.498671671509, -36.9755343492567], [174.498911641855, -36.97557014084], [174.498975840882, -36.9755727462963], [174.499064402201, -36.9755521945593], [174.499244873877, -36.97548883005], [174.499638034842, -36.9754146931901], [174.499736290681, -36.9754044291902], [174.50006529133, -36.9753926464385], [174.500147597917, -36.9754043064419], [174.500160250583, -36.9754199023175], [174.500163584363, -36.9754506596725], [174.500143281858, -36.9756422480453], [174.500204315807, -36.9757611593198], [174.500250757537, -36.9758297697934], [174.500304600222, -36.9758553368803], [174.500592215537, -36.9759293714618], [174.500912921259, -36.9759876277502]]}, "properties": {"OBJECTID": 12256, "TRACKNAME": "La Trobe Track", "CONDITIONSOFUSE": "Waitakere West Regional Park", "STATUS": "Temp Closed", "WEBLINK": "https://www.aucklandcouncil.govt.nz/en/parks-recreation/find-park-beach/park-detail/3451.html", "VALIDATIONSTATE": 3, "created_user": "AC_owner", "last_edited_user": "AC_owner", "last_edited_date": 1789875254325, "created_date": 1789875254325, "PARK_SAPSITEID": null, "TRACK_ID": null, "KAURIDIEBACK_TRACK": null, "KAURIDIEBACK_MITIGATED": null, "SegmentID": null, "GlobalID": "a82c5d47-5a5c-4126-a3f5-425f42dd3c2c", "Shape__Length": 1803.0087126204917, "_COUNCIL_TRACKNAME": "La Trobe Track"}}, {"type": "Feature", "id": 12267, "geometry": {"type": "LineString", "coordinates": [[174.479581223904, -36.9839873433842], [174.479605848771, -36.9840544492487], [174.479637078145, -36.9842032352835], [174.479590429567, -36.9843848823213], [174.479583930891, -36.9844658605328], [174.479592201579, -36.9844862273522], [174.479628711708, -36.9844865113305], [174.479636805331, -36.9845017966748], [174.479609420009, -36.984588596664], [174.479507358098, -36.9847569723467], [174.479501564891, -36.9848070881516], [174.479530386557, -36.9849620785346], [174.479554292985, -36.9850292023663], [174.479610049392, -36.9851477754606], [174.479697397456, -36.9852650082493], [174.479842000925, -36.9854018347864], [174.479891186013, -36.9854265047163], [174.479940262684, -36.9854200609826], [174.480105009342, -36.9853763817788], [174.480326042674, -36.9852982713999], [174.480431373439, -36.9852731076246], [174.480541356209, -36.9852607211127], [174.480763538097, -36.9852795730609], [174.480794555911, -36.9852190833101], [174.481044762083, -36.9848498014331], [174.481045443035, -36.9848084294644], [174.481000849085, -36.9846989296879], [174.481006455408, -36.9846728374306], [174.481046751627, -36.9846533970107], [174.481200084133, -36.9846081641708], [174.481661991534, -36.9845205913499], [174.481720300877, -36.9845012863817], [174.481861168654, -36.9843794123174], [174.481929703034, -36.9842877535054], [174.482091955549, -36.9839257689312], [174.482119191725, -36.98388471434], [174.482161072641, -36.98386533488], [174.482354312466, -36.9838236222864], [174.482413955167, -36.9838018486266], [174.482842155195, -36.9835675450141], [174.483118227876, -36.9833878254461], [174.483137369253, -36.9833494316393], [174.483180114649, -36.9831518148473], [174.483395307102, -36.9828740842117], [174.483395635794, -36.9828626598555], [174.483379593434, -36.982850601834], [174.483241469215, -36.982805664503], [174.483237241453, -36.9827892945308], [174.483257147678, -36.9827538476105], [174.483316076208, -36.9826901420837], [174.483638086933, -36.9824433628074], [174.4839744599, -36.9821315140973], [174.484032661046, -36.9820934610443], [174.484114519699, -36.9820864344659], [174.484137360973, -36.9820962621368], [174.484151240788, -36.9821167207454], [174.484254414046, -36.9824278064001], [174.484301370827, -36.9826148014966], [174.484321154208, -36.982651122323], [174.484484004626, -36.9827433049673], [174.484654590488, -36.9827773609902], [174.484687181225, -36.9827928082721], [174.484711633274, -36.982819597325], [174.484748548087, -36.9828829429158], [174.484760915462, -36.9829215287131], [174.484752199488, -36.9829419003429], [174.484681174812, -36.9830080924034], [174.484688453153, -36.9830316801192], [174.484723626884, -36.9830586234887], [174.484792418317, -36.9830821628033], [174.485411032832, -36.9832279063454], [174.485797771376, -36.983312277059]]}, "properties": {"OBJECTID": 12267, "TRACKNAME": "La Trobe Track", "CONDITIONSOFUSE": "Waitakere West Regional Park", "STATUS": "Temp Closed", "WEBLINK": "https://www.aucklandcouncil.govt.nz/en/parks-recreation/find-park-beach/park-detail/3451.html", "VALIDATIONSTATE": 3, "created_user": "AC_owner", "last_edited_user": "AC_owner", "last_edited_date": 1789875254325, "created_date": 1789875254325, "PARK_SAPSITEID": null, "TRACK_ID": null, "KAURIDIEBACK_TRACK": null, "KAURIDIEBACK_MITIGATED": null, "SegmentID": null, "GlobalID": "021d1ad8-0dce-4f84-9031-52fb0e98295e", "Shape__Length": 1014.4899075995123, "_COUNCIL_TRACKNAME": "La Trobe Track"}}, {"type": "Feature", "id": 468, "geometry": {"type": "LineString", "coordinates": [[174.458171328983, -36.9330185663333], [174.458163690025, -36.9329759351336], [174.458133875875, -36.9329433380698], [174.457846804482, -36.9327740426748], [174.457707935229, -36.9327522125898], [174.457501927621, -36.932707085678], [174.457344490764, -36.9326476975616], [174.457326471445, -36.9326300985813], [174.457318586013, -36.9326075168451], [174.457307037697, -36.9324432844664]]}, "properties": {"OBJECTID": 468, "TRACKNAME": "Laird Thompson Track", "CONDITIONSOFUSE": null, "STATUS": "Open", "WEBLINK": null, "VALIDATIONSTATE": 3, "created_user": "AC_owner", "last_edited_user": "AC_owner", "last_edited_date": 1789875254325, "created_date": 1789875254325, "PARK_SAPSITEID": null, "TRACK_ID": null, "KAURIDIEBACK_TRACK": null, "KAURIDIEBACK_MITIGATED": null, "SegmentID": null, "GlobalID": "d467de88-32fc-451d-9e0e-1bd4b4ff6a24", "Shape__Length": 111.49470122245741, "_COUNCIL_TRACKNAME": "Laird Thompson Track"}}, {"type": "Feature", "id": 662, "geometry": {"type": "LineString", "coordinates": [[174.45989039248, -36.934845255838], [174.459863463939, -36.9347090814858], [174.459841750037, -36.9346820386905], [174.459804703393, -36.9346603879919], [174.459762465379, -36.9346689654735], [174.459596313851, -36.9347695772182], [174.459541946618, -36.9347861483361], [174.45922363644, -36.9346761891201], [174.458809268848, -36.934642161608], [174.45875768636, -36.934615566655], [174.458535226986, -36.9344094911786], [174.458526962101, -36.9344211708013], [174.458533826098, -36.9345202102683], [174.458524525764, -36.9345598640389], [174.458361918151, -36.9347022784956], [174.458332352949, -36.9347213792798], [174.458312452241, -36.9347222275902], [174.458273515916, -36.9346787566917], [174.458210457406, -36.9345759283557], [174.458207888797, -36.9345342904145], [174.458225112622, -36.9344318544194], [174.458219186841, -36.9344001799954], [174.458080708636, -36.9342589544696], [174.458061308936, -36.934251734722], [174.45804354917, -36.9342616371117], [174.457950366769, -36.9343880041659], [174.457927467257, -36.9344001789017], [174.457846785619, -36.9341557206492], [174.457829569636, -36.9341299220336], [174.457803236939, -36.934150427], [174.457698429797, -36.9342787492248], [174.457755047533, -36.9339985912947], [174.457737617044, -36.9339764413441], [174.457678988494, -36.9339598069271], [174.457344989754, -36.9338920742301], [174.457200147174, -36.9339047276281], [174.456987681785, -36.9339034884507], [174.456902234962, -36.9338757749286], [174.456832618865, -36.9338101339296], [174.45678417472, -36.9338034721883], [174.456357292218, -36.9338278560292], [174.45602036584, -36.933933104326], [174.455708492525, -36.9339952222108]]}, "properties": {"OBJECTID": 662, "TRACKNAME": "Laird Thompson Track", "CONDITIONSOFUSE": "Waitakere West Regional Park", "STATUS": "Temp Closed", "WEBLINK": "https://www.aucklandcouncil.govt.nz/en/parks-recreation/find-park-beach/park-detail/3451.html", "VALIDATIONSTATE": 3, "created_user": "AC_owner", "last_edited_user": "AC_owner", "last_edited_date": 1789875254325, "created_date": 1789875254325, "PARK_SAPSITEID": null, "TRACK_ID": null, "KAURIDIEBACK_TRACK": null, "KAURIDIEBACK_MITIGATED": null, "SegmentID": null, "GlobalID": "cb3bd366-ef04-4c7e-97dd-2eb0b9d14c95", "Shape__Length": 553.8320580267209, "_COUNCIL_TRACKNAME": "Laird Thompson Track"}}, {"type": "Feature", "id": 2032, "geometry": {"type": "LineString", "coordinates": [[174.455708492525, -36.9339952222108], [174.455916446606, -36.9338074175739], [174.455979915794, -36.9337939273722], [174.456128439331, -36.9337354983481], [174.456274409004, -36.9336398188356], [174.456329253448, -36.9336129857538], [174.457302987456, -36.9333237360632], [174.457671417506, -36.9331848720094], [174.45784696308, -36.9331020164036], [174.458171328983, -36.9330185663333]]}, "properties": {"OBJECTID": 2032, "TRACKNAME": "Laird Thompson Track", "CONDITIONSOFUSE": "Waitakere West Regional Park", "STATUS": "Open", "WEBLINK": "https://www.aucklandcouncil.govt.nz/en/parks-recreation/find-park-beach/park-detail/3451.html", "VALIDATIONSTATE": 3, "created_user": "AC_owner", "last_edited_user": "AC_owner", "last_edited_date": 1789875254325, "created_date": 1789875254325, "PARK_SAPSITEID": null, "TRACK_ID": null, "KAURIDIEBACK_TRACK": null, "KAURIDIEBACK_MITIGATED": null, "SegmentID": null, "GlobalID": "f213a97b-4d44-465f-b589-9b94b4ed0fb8", "Shape__Length": 248.17876868179079, "_COUNCIL_TRACKNAME": "Laird Thompson Track"}}, {"type": "Feature", "id": 3030, "geometry": {"type": "LineString", "coordinates": [[174.455708492525, -36.9339952222108], [174.455612974673, -36.9340955096775], [174.455554754727, -36.93414485139], [174.455148184345, -36.9343566754082], [174.45509888933, -36.9343656270488], [174.454918789169, -36.9343420518165], [174.454747040852, -36.9343624285276], [174.454678441955, -36.9343843699777], [174.454631688211, -36.9344156704473], [174.454619903821, -36.9344389899608], [174.454636371479, -36.9344646368716], [174.454708119683, -36.9345302764816]]}, "properties": {"OBJECTID": 3030, "TRACKNAME": "Laird Thompson Track", "CONDITIONSOFUSE": "Waitakere West Regional Park", "STATUS": "Open", "WEBLINK": "https://www.aucklandcouncil.govt.nz/en/parks-recreation/find-park-beach/park-detail/3451.html", "VALIDATIONSTATE": 3, "created_user": "AC_owner", "last_edited_user": "AC_owner", "last_edited_date": 1789875254325, "created_date": 1789875254325, "PARK_SAPSITEID": null, "TRACK_ID": null, "KAURIDIEBACK_TRACK": null, "KAURIDIEBACK_MITIGATED": null, "SegmentID": null, "GlobalID": "ebf8eaf2-dc8a-498c-8ba1-8893c5521b32", "Shape__Length": 128.62203068653062, "_COUNCIL_TRACKNAME": "Laird Thompson Track"}}, {"type": "Feature", "id": 12196, "geometry": {"type": "LineString", "coordinates": [[174.466406856562, -36.8900565797254], [174.466160494372, -36.8900220329553], [174.465802255751, -36.8900059201053], [174.465378542803, -36.8899084623202], [174.465145562313, -36.8897573175571], [174.465104272191, -36.8896038085298], [174.465101721406, -36.8894703551134], [174.465111949142, -36.8893367441081], [174.465058088263, -36.8891936567564], [174.464889591524, -36.8890725252955], [174.464592122639, -36.888891365472], [174.464500308992, -36.8887692880879], [174.464406534419, -36.8885445499424], [174.464403592602, -36.8883905589165], [174.464362304788, -36.8882370495482], [174.46447478275, -36.8881021872262], [174.464651924786, -36.8880075853505], [174.4648664429, -36.8878611889586], [174.465053822989, -36.8876329843566], [174.465176907484, -36.8873850390342], [174.465299413662, -36.887106291649], [174.465412379271, -36.8867559040865], [174.465452111421, -36.8865636442385], [174.465497089992, -36.8864935716291], [174.465638779739, -36.8863041543855]]}, "properties": {"OBJECTID": 12196, "TRACKNAME": "Lake Wainamu Track", "CONDITIONSOFUSE": "Waitakere North Regional Park", "STATUS": "Temp Closed", "WEBLINK": "https://www.aucklandcouncil.govt.nz/en/parks-recreation/find-park-beach/park-detail/3407.html", "VALIDATIONSTATE": 3, "created_user": "AC_owner", "last_edited_user": "AC_owner", "last_edited_date": 1789875254325, "created_date": 1789875254325, "PARK_SAPSITEID": null, "TRACK_ID": null, "KAURIDIEBACK_TRACK": null, "KAURIDIEBACK_MITIGATED": null, "SegmentID": null, "GlobalID": "42ac1c72-532f-43d5-9155-e304b618ca76", "Shape__Length": 563.825483312235, "_COUNCIL_TRACKNAME": "Lake Wainamu Track"}}, {"type": "Feature", "id": 12197, "geometry": {"type": "LineString", "coordinates": [[174.470478043411, -36.8915643590308], [174.470607045429, -36.8915780675834], [174.470708646333, -36.891576142834], [174.470779287153, -36.8915889151394], [174.47079644966, -36.8915838622758], [174.470847563486, -36.8915831483363], [174.470927761015, -36.8915875005631], [174.471093491293, -36.8915865120964], [174.47114061545, -36.8915843241091], [174.471153177541, -36.891585151049], [174.471191153068, -36.8915910084377], [174.471243613055, -36.8916031312747], [174.471334805223, -36.8916190198823], [174.471367230142, -36.891629191437], [174.471404750823, -36.8916493502084], [174.471430351346, -36.891657109458], [174.471499075611, -36.8916594761545], [174.471525867236, -36.8916620557476], [174.47160175868, -36.8916770880737], [174.471657736586, -36.8916912403135], [174.471717327308, -36.891694251837], [174.471749067826, -36.8916880627837], [174.471771267265, -36.8916794139879], [174.471792292587, -36.8916733216131], [174.471836323078, -36.891666060876], [174.471944666519, -36.8916435812942], [174.471991407803, -36.8916273001985], [174.472054090585, -36.8916014111949], [174.472089239516, -36.8915927280762], [174.472149346894, -36.8915881704402], [174.472211440578, -36.8915894561143], [174.472250723192, -36.8915961712999], [174.472296961907, -36.891613905213], [174.472323231067, -36.8916290112076], [174.472340583932, -36.8916438040525], [174.472375583035, -36.8916781453614], [174.472388850187, -36.8916993164919], [174.472414547486, -36.8917769489604], [174.472465378322, -36.8918929299054], [174.472471517383, -36.8919104847203], [174.472528095471, -36.892161465515], [174.472576130438, -36.8922528104101], [174.472616766548, -36.8923153489016], [174.472642016024, -36.8923410315808], [174.472674591651, -36.8923666144242], [174.472732793207, -36.8924193625201], [174.472783736214, -36.8924920758992], [174.472764204592, -36.8925052437572], [174.472806205915, -36.8925640606011], [174.472837788569, -36.8926290638387], [174.472853487584, -36.8926535488646], [174.472875790568, -36.8926777266688], [174.472907700382, -36.892696097683], [174.472949545713, -36.8927146699977], [174.472980836099, -36.8927335083732], [174.473040502826, -36.8927772153771], [174.473071711664, -36.8927941438236], [174.473102842823, -36.8928081978376], [174.473134333979, -36.8928211296739], [174.473175113582, -36.8928321255427], [174.473218127802, -36.8928408582755], [174.473260142814, -36.8928472327671], [174.473293309342, -36.892855078055], [174.473323675436, -36.8928672756514], [174.473389208498, -36.8929003095503], [174.473423539116, -36.8929225894093], [174.473483741426, -36.8929725360731], [174.473545345839, -36.8930142718133], [174.473604552965, -36.893063230231], [174.473631488254, -36.8930825911673], [174.47366366686, -36.8930991649029], [174.473694706543, -36.8931125348484], [174.473767665022, -36.8931401042255], [174.473807406756, -36.8931572240731], [174.473835863306, -36.8931739881564], [174.473851450261, -36.8932013768622], [174.473873339589, -36.893225027793], [174.473904971524, -36.8932376782483], [174.473942541772, -36.8932329125606], [174.473976579981, -36.8932201323903], [174.474004229758, -36.8932031138881], [174.474033785533, -36.8931825022848], [174.47405657082, -36.8931611273897], [174.474079919127, -36.8931351845459], [174.474096881774, -36.893105147566], [174.474095703739, -36.8930771564573], [174.474086128541, -36.8930414275785], [174.474074587208, -36.8930149171213], [174.474059389294, -36.8929855856604], [174.474041915176, -36.892958103218], [174.474012375008, -36.8929322577526], [174.473982207762, -36.8929129009476], [174.473914963871, -36.8928772836302], [174.473841857478, -36.8928449298732], [174.473804139953, -36.8928216014888], [174.473777400127, -36.8928024815369], [174.473759280361, -36.8927764312332], [174.473733535826, -36.8927203605664], [174.473633171654, -36.8925450441711], [174.473602988359, -36.8924962395343], [174.473549396893, -36.8924153929044], [174.473521517293, -36.8923830908942], [174.473473263653, -36.8923405585818], [174.473456811907, -36.8923131174491], [174.473447031616, -36.8922760389913], [174.473446820577, -36.892247549134], [174.473451979117, -36.8922135033034], [174.473466509251, -36.8921806842874], [174.473491998029, -36.892160429728], [174.473513485289, -36.8921334194112], [174.473546551524, -36.8920706881855], [174.473566921313, -36.8920392569528], [174.473592038707, -36.8920113633157], [174.473607334822, -36.891981617485], [174.473619256314, -36.8919520397041], [174.473641569194, -36.891886845876], [174.473656749997, -36.8918575251156], [174.473704241122, -36.8918125522824], [174.473719143438, -36.8917594116172], [174.473772459637, -36.891752422566], [174.473787420244, -36.8916993983479], [174.473813416547, -36.8916740356396], [174.473831441329, -36.8916455539094], [174.473865744123, -36.8916004651979], [174.47388933519, -36.8915784133192], [174.473908111779, -36.8915633527437], [174.473924406827, -36.8915552184745], [174.473937183044, -36.8915525901953], [174.474000943191, -36.8915448314904], [174.474039072843, -36.8915417714515], [174.474111444586, -36.8915383225772], [174.474141698977, -36.8915400654026], [174.474192506521, -36.8915461862493], [174.47421798383, -36.8915428595076], [174.474281065096, -36.891522561932], [174.474348416297, -36.8915072229793], [174.474470896274, -36.8914682958379], [174.474626984902, -36.8914293119573], [174.474686395288, -36.8914083746875], [174.474762565054, -36.8913952786255], [174.474829499832, -36.8913793045946], [174.474965782467, -36.8913567097777], [174.475044298777, -36.8913256019654], [174.475065134662, -36.8913207642779], [174.475093493824, -36.8913173294575], [174.475113928596, -36.8913108922937], [174.475144581984, -36.8912978022865], [174.475210240643, -36.8912738396751], [174.475271383282, -36.8912467151978], [174.475320525257, -36.8912292762688], [174.475348516694, -36.8912218979307], [174.475377054965, -36.8912184427912], [174.475419230147, -36.8912162695005], [174.475460231517, -36.891216661665], [174.475491575801, -36.891220229417], [174.475521618357, -36.8912278785305], [174.475579789316, -36.8912556665291], [174.475701439869, -36.8913013605216], [174.47574544843, -36.8913227172757], [174.475772022733, -36.8913338256196], [174.475811960691, -36.8913541692915], [174.475847689743, -36.8913698149889], [174.475862571982, -36.8913739927647], [174.475909832046, -36.8913841229974], [174.475954954826, -36.8913899080945], [174.476004539111, -36.891390779332], [174.476051867073, -36.8913863694827], [174.476100413624, -36.8913770590203], [174.476157789762, -36.8913612300497], [174.476187399712, -36.8913493245278], [174.47620861254, -36.8913384247153], [174.476248047509, -36.8913122545175], [174.476292645423, -36.8912750594273], [174.476327412921, -36.8912407807449], [174.476362689981, -36.8911927587626], [174.476414576495, -36.8911174079772], [174.476428310834, -36.8911004446727], [174.47647078998, -36.8910552175536], [174.4765390965, -36.8909928137088], [174.476560835703, -36.8909795366754], [174.476586323295, -36.8909674389198], [174.476612124931, -36.8909576628033], [174.476631964744, -36.8909518096551], [174.476659522325, -36.8909487179344], [174.476700779173, -36.8909460688621], [174.476719158971, -36.8909483101687], [174.476730652615, -36.8909525119293], [174.476771453838, -36.8909792172708], [174.476792688817, -36.8909962687231], [174.476829818413, -36.8910211177834], [174.476869824827, -36.8910519973236], [174.476919824759, -36.8910773623895], [174.476945567425, -36.8910860741376], [174.476954253345, -36.8910872461064], [174.476961823841, -36.8910864399027], [174.476975251668, -36.8910797830642], [174.476981064823, -36.8910710575922], [174.476981549362, -36.8910595139669], [174.476978733246, -36.8910513915329], [174.47696773516, -36.8910356370206], [174.476914117569, -36.8909797693452], [174.476867327346, -36.8909264578004], [174.476846029637, -36.8909102273924], [174.476841342977, -36.8909046160033], [174.476836970548, -36.890893763718], [174.476827923371, -36.8908319066417], [174.476833261558, -36.8907857169153], [174.476859433958, -36.8907421886504], [174.476863931046, -36.8907263136116], [174.47686049058, -36.8907160716902], [174.476850281278, -36.890701064515], [174.476829217089, -36.890684137141], [174.476762108649, -36.8906432827439], [174.4767393514, -36.8906275932553], [174.476700526117, -36.8905927689892], [174.476666040757, -36.8905560429472], [174.476653889517, -36.8905468286931], [174.476598583983, -36.8905163195036], [174.476580791034, -36.8905084192605], [174.47654085395, -36.8904968462125], [174.476520095326, -36.8904934446266], [174.476447385458, -36.8904880206149], [174.476409549615, -36.8904870756643], [174.476338905425, -36.8904892695773], [174.476294886239, -36.8904929804157], [174.47626810646, -36.8904968285544], [174.476243560111, -36.8905018567773], [174.476208482467, -36.8905124421339], [174.476128792538, -36.8905448903114], [174.476024321248, -36.8905958090393], [174.476017689, -36.8906010473061], [174.475995969113, -36.8906258165356], [174.475964683835, -36.890656770855], [174.475944516623, -36.8906829179168], [174.475925775457, -36.8907108590233], [174.475901007303, -36.8907370091546], [174.475889108091, -36.8907461256642], [174.475867781454, -36.8907586853637], [174.475843526062, -36.8907660083972], [174.475816545135, -36.8907669925604], [174.47574490116, -36.8907644843495], [174.475688628203, -36.8907670672261], [174.4756199701, -36.8907663516429], [174.475565454801, -36.8907605568803], [174.475514837714, -36.8907596442002], [174.475472244905, -36.8907599298212], [174.47540462937, -36.8907632393266], [174.475364842774, -36.890756567496], [174.475259178778, -36.8907496410847], [174.475235904703, -36.8907490647744], [174.475175757061, -36.8907509023118], [174.475122368045, -36.8907470673723], [174.475069602146, -36.8907377082546], [174.475050690761, -36.8907329133857], [174.475007232185, -36.8907179493038], [174.474964040331, -36.8906976006832], [174.474916916216, -36.8906845929923], [174.47485774963, -36.8906720953332], [174.474789181578, -36.8906620579289], [174.474722388891, -36.8906474735421], [174.474664946729, -36.8906376945619], [174.474600894268, -36.8906243830868], [174.474551520817, -36.8906186952963], [174.47447459372, -36.8906174687469], [174.47438582572, -36.8906143970589], [174.474341573979, -36.8906112776347], [174.474288022191, -36.8906100583274], [174.474269876009, -36.8906071196847], [174.474263953299, -36.890604912702], [174.474248053986, -36.8905945188396], [174.474211789013, -36.890559725073], [174.47415977325, -36.8905170053461], [174.474128054501, -36.8904816954395], [174.474113546749, -36.8904602154001], [174.474093307131, -36.8904178585122], [174.474064152326, -36.8903297232082], [174.474055260537, -36.8903120043257], [174.47403396926, -36.8902843979649], [174.473995444831, -36.8902429709968], [174.473972386015, -36.8902226516414], [174.473954588188, -36.8902121460861], [174.473867689107, -36.8901749337524], [174.47377121729, -36.8901452764546], [174.473692697797, -36.8901119801755], [174.473656785694, -36.890102519524], [174.47360520057, -36.8900944250554], [174.473576063873, -36.8900883326071], [174.473466518634, -36.8900551596023], [174.473418864392, -36.8900320534629], [174.473362974963, -36.8900084455131], [174.473342565519, -36.8900039303462], [174.473319483357, -36.890002233572], [174.473268095615, -36.8900044031771], [174.47323325573, -36.8900040149667], [174.473182661829, -36.8900095368221], [174.473164633503, -36.890008633656], [174.473140732809, -36.8900034676866], [174.473107807666, -36.8899882641216], [174.473058686162, -36.889960624082], [174.473019890535, -36.8899348300061], [174.472956975864, -36.8898971753959], [174.472941404279, -36.8898892200192], [174.472925952964, -36.8898834354648], [174.472899323586, -36.8898770052954], [174.472874290177, -36.8898747917998], [174.47284338608, -36.8898783297472], [174.472809878153, -36.8898853522355], [174.472784702373, -36.8898920821336], [174.472667259031, -36.8899354970434], [174.472502945796, -36.8899866947674], [174.472428433673, -36.8900007423141], [174.472332070865, -36.8900158628371], [174.472306340587, -36.8900223561349], [174.472237568096, -36.8900460312356], [174.472153194417, -36.8900829966111], [174.472094307608, -36.8901066392679], [174.47206754645, -36.8901155519613], [174.4720293634, -36.8901257328922], [174.471981283503, -36.8901359553103], [174.471946659517, -36.8901398005143], [174.47189201865, -36.8901432086604], [174.471830221844, -36.8901427123404], [174.471794796393, -36.8901381305516], [174.471761549106, -36.8901318542233], [174.471737580541, -36.8901249040876], [174.47165284096, -36.890094901417], [174.471523947615, -36.8900423072737], [174.471483198887, -36.8900310760761], [174.471462422068, -36.8900226171089], [174.471304215687, -36.889933672742], [174.47127518353, -36.8899207369886], [174.471192531092, -36.889894800384], [174.471072221187, -36.8898514647458], [174.470991966471, -36.8898294192957], [174.470947810587, -36.8898131373243], [174.47090740808, -36.8898006397136], [174.47076456851, -36.889768588499], [174.470705308896, -36.8897529260773], [174.47064930115, -36.8897435690585], [174.470629076345, -36.8897416471001], [174.470596837685, -36.889741721672], [174.470539792888, -36.889746159478], [174.470505486145, -36.8897472331096], [174.470385886219, -36.8897443868073], [174.470286936778, -36.8897328930092], [174.470246098852, -36.8897234291841], [174.470178589257, -36.8897035600171], [174.47013963172, -36.8896891603858], [174.470079530997, -36.8896723452829], [174.470003045262, -36.8896554624755], [174.469907199551, -36.8896302560796], [174.469851013141, -36.8896121575443], [174.469823043217, -36.8896007586566], [174.469760481403, -36.8895708768434], [174.469691556533, -36.8895327810518], [174.469664766929, -36.8895138770887], [174.469638680982, -36.8894924585892], [174.469624575775, -36.8894790222936], [174.469594775764, -36.8894453279152], [174.469567751813, -36.8894259040301], [174.469539501069, -36.8894086315751], [174.469517055577, -36.8894003281099], [174.469479184092, -36.8893928103528], [174.469412672812, -36.889385187113], [174.469323871576, -36.8893680054971], [174.469286846517, -36.8893578091364], [174.469246064489, -36.8893489031256], [174.469191752892, -36.8893319979463], [174.469120746842, -36.8892988761096], [174.469096532013, -36.8892837349701], [174.469054100077, -36.8892537300489], [174.468948034804, -36.8891958661814], [174.468887990428, -36.8891579485517], [174.468744068079, -36.88904351346], [174.468725870211, -36.8890249627643], [174.468706462553, -36.889000081332], [174.468678542769, -36.8889701943209], [174.46865666073, -36.8889420894999], [174.468632428026, -36.8889066765293], [174.468612906005, -36.8888834369994], [174.468578702286, -36.8888512119539], [174.468556711431, -36.8888273809825], [174.46845211224, -36.8887505155492], [174.467472565498, -36.888361821829], [174.467340668211, -36.8882786223876], [174.467297603399, -36.8882293243622], [174.467247843218, -36.8881801090083], [174.467199860631, -36.8881379898514], [174.467131350758, -36.888083156963], [174.467078668821, -36.8880459091388], [174.466986344809, -36.8879906049632], [174.466955760228, -36.8879767462672], [174.466914681533, -36.8879630162349], [174.466749530078, -36.8879171434941], [174.466637191542, -36.8878893320498], [174.466597447446, -36.8878759676149], [174.466567633052, -36.8878614782614], [174.46654578334, -36.8878472646555], [174.466500497948, -36.8878116018264], [174.466444330278, -36.8877622263517], [174.466422658059, -36.8877467296752], [174.46640880859, -36.8877408082126], [174.466384674873, -36.8877385353631], [174.466352603736, -36.887731603009], [174.466340542305, -36.8877273477484], [174.466328503941, -36.8877200158028], [174.466318510858, -36.8877082634997], [174.466313410486, -36.8876931166167], [174.466314370921, -36.8876683538572], [174.466320248123, -36.8876379932565], [174.466333391834, -36.8875898904072], [174.466354970768, -36.8875242517192], [174.466377138779, -36.8874670597696], [174.466396288917, -36.8874257440582], [174.466420792161, -36.8873836925478], [174.466448757205, -36.8873456310627], [174.466483564056, -36.8873051135973], [174.466548548338, -36.8872357842748], [174.466587094007, -36.8871874633782], [174.466683097293, -36.8870296279626], [174.466695603014, -36.887005907981], [174.466703449712, -36.8869861809263], [174.466709132399, -36.8869571594484], [174.466710366716, -36.8869157511818], [174.466715473261, -36.8868864700084], [174.46673530771, -36.8868168335458], [174.466761333485, -36.8867424758482], [174.46676576103, -36.8867214010777], [174.466767415835, -36.8866995664256], [174.466764264173, -36.8866631085846], [174.466752814426, -36.8866266540372], [174.466732484219, -36.886591141093], [174.466704192821, -36.8865573443995], [174.466683980429, -36.8865383684557], [174.466657312117, -36.886517909218], [174.466633084519, -36.8865027911497], [174.466607298673, -36.8864896284696], [174.46658007988, -36.8864785187815], [174.466551426964, -36.8864694593948], [174.466521382001, -36.8864624795345], [174.46649219241, -36.8864590351254], [174.466465137589, -36.8864599567691], [174.466440215275, -36.8864652435938], [174.466372990624, -36.8864954437949], [174.466319722605, -36.8865161217233], [174.466281232027, -36.8865283597364], [174.466246225723, -36.8865345001873], [174.466215033986, -36.8865342694912], [174.46616671693, -36.8865245071424], [174.466118105031, -36.8865214474462], [174.46608244735, -36.886522455334], [174.465929828142, -36.8865340355677], [174.46590627324, -36.8865343721723], [174.465873300933, -36.8865295771496], [174.465847985855, -36.8865207233869], [174.465829149933, -36.886510460149], [174.465812015159, -36.8864984948516], [174.46578064982, -36.8864713429522], [174.465771148148, -36.8864593384596], [174.465742726185, -36.8864143453354], [174.465707515997, -36.8863655690413], [174.465686399853, -36.8863418592247], [174.465660936445, -36.8863196082807]]}, "properties": {"OBJECTID": 12197, "TRACKNAME": "Lake Wainamu Track", "CONDITIONSOFUSE": "Waitakere North Regional Park", "STATUS": "Temp Closed", "WEBLINK": "https://www.aucklandcouncil.govt.nz/en/parks-recreation/find-park-beach/park-detail/3407.html", "VALIDATIONSTATE": 3, "created_user": "AC_owner", "last_edited_user": "AC_owner", "last_edited_date": 1789875254325, "created_date": 1789875254325, "PARK_SAPSITEID": null, "TRACK_ID": null, "KAURIDIEBACK_TRACK": null, "KAURIDIEBACK_MITIGATED": null, "SegmentID": null, "GlobalID": "b678edf1-9e56-4fe3-8a37-947fabc9aaa2", "Shape__Length": 2337.644741783397, "_COUNCIL_TRACKNAME": "Lake Wainamu Track"}}, {"type": "Feature", "id": 12230, "geometry": {"type": "LineString", "coordinates": [[174.470095578251, -36.8926527894455], [174.470084833152, -36.8927075007074], [174.470082033051, -36.8927376232768], [174.470033357015, -36.8927765430845], [174.469994084769, -36.8927739012603], [174.469962088879, -36.892759785015], [174.469931201731, -36.8927414546316], [174.469905834, -36.8927124918257], [174.469886025063, -36.8926878228949], [174.469866834379, -36.8926614517248], [174.469844135154, -36.8926370438908], [174.469817817495, -36.8926170615061], [174.469785460723, -36.8926005069487], [174.469753401217, -36.8925772154279], [174.469721086063, -36.8925522955709], [174.469692085289, -36.8925328421079], [174.469656515754, -36.8925126045781], [174.469627503495, -36.8924954767905], [174.469581623986, -36.8924590158214], [174.469560353476, -36.8924464884175], [174.469556153701, -36.8924434216085], [174.469544972513, -36.8924338521019], [174.469537581129, -36.8924258672052], [174.469530073048, -36.8924170634996], [174.469522576361, -36.8924082686664], [174.469511041609, -36.8923948907104], [174.46949923849, -36.8923833188243], [174.469491277526, -36.8923760620706], [174.469479179781, -36.8923649264872], [174.469466517555, -36.8923506881382], [174.469461999281, -36.8923450563443], [174.469453193321, -36.8923329426106], [174.469444656966, -36.8923202576746], [174.469437066342, -36.8923083181961], [174.469430082619, -36.892297011187], [174.469423179174, -36.8922863792165], [174.469419898502, -36.8922809123884], [174.469413824263, -36.8922702160784], [174.469410882078, -36.8922648442147], [174.469402081245, -36.8922488995662], [174.469398971288, -36.8922435568186], [174.469390260897, -36.8922270612113], [174.469384313006, -36.8922159306765], [174.469377910995, -36.8922051122259], [174.469374362263, -36.8921991259139], [174.46936740236, -36.8921867189277], [174.46936411184, -36.8921801525411], [174.469360829948, -36.8921734508414], [174.469354902219, -36.8921598592996], [174.469349881205, -36.8921467342722], [174.469345183676, -36.8921346778809], [174.469343004412, -36.892128710685], [174.469335715989, -36.8921126301465], [174.469328675961, -36.8920972135534], [174.469325054497, -36.8920868474527], [174.469320043484, -36.8920724874152], [174.469314229663, -36.8920572269169], [174.469312024012, -36.8920522245189], [174.469305527019, -36.8920370355657], [174.469303450301, -36.8920317341189], [174.469297147689, -36.8920179038386], [174.469290137756, -36.8920052270533], [174.469287945574, -36.892000341667], [174.469283056316, -36.8919894053501], [174.46928038669, -36.8919836154789], [174.469277573803, -36.8919779625858], [174.469271609721, -36.8919665708458], [174.469262126623, -36.8919495710001], [174.469258846151, -36.8919441131782], [174.469255375122, -36.8919386667268], [174.469245736706, -36.8919229307266], [174.469242447436, -36.8919175992057], [174.469233931148, -36.891902444235], [174.469228424673, -36.8918920924293], [174.469225507891, -36.8918868734801], [174.4692225773, -36.8918815194952], [174.469216720954, -36.8918710638507], [174.469211356381, -36.8918616747614], [174.469203953945, -36.8918472541553], [174.469198731064, -36.8918364751942], [174.469195918189, -36.8918308222988], [174.469192755613, -36.8918250745766], [174.469186600826, -36.8918136851903], [174.469183438251, -36.8918079374678], [174.46918008011, -36.8918019397785], [174.469173743398, -36.8917904264486], [174.46917090567, -36.8917846476673], [174.469167936073, -36.8917790147367], [174.469162401996, -36.8917683928562], [174.469155323369, -36.8917527153297], [174.469152935636, -36.8917475799736], [174.469150382549, -36.8917425998962], [174.469144953951, -36.8917327969624], [174.469139665679, -36.8917227038527], [174.469135022087, -36.8917122872889], [174.469128484955, -36.8916979280868], [174.469098071105, -36.8916597613543], [174.469096239062, -36.891595795332], [174.469094420928, -36.8915899318301], [174.469091302304, -36.891578279549], [174.469088052159, -36.8915667911418], [174.469085101482, -36.891555118756], [174.469083812387, -36.8915493388495], [174.469081895447, -36.8915377348045], [174.46908041571, -36.8915255214311], [174.469079997501, -36.8915136554813], [174.469080392621, -36.8915026538087], [174.469080984704, -36.8914931459846], [174.46908108659, -36.8914838244973], [174.469080234219, -36.8914674570365], [174.469079182382, -36.8914559053898], [174.469078038882, -36.8914436698309], [174.46907678026, -36.8914318683559], [174.469076538366, -36.8914262738024], [174.46907564821, -36.8914108622671], [174.469073985843, -36.8913973171153], [174.469072911081, -36.8913880822881], [174.469071282427, -36.89137863798], [174.469070291782, -36.8913737918136], [174.469069290091, -36.8913689547975], [174.469065868169, -36.8913537728718], [174.469063241153, -36.891343178134], [174.469060302934, -36.8913327404781], [174.469057717351, -36.8913225508469], [174.469055722428, -36.8913127324897], [174.469054299338, -36.8913023031394], [174.469053553268, -36.8912967508752], [174.469052757311, -36.8912909378288], [174.469051369074, -36.891279399355], [174.469049157607, -36.8912617957867], [174.469048333685, -36.8912556946457], [174.469045928901, -36.8912379582614], [174.469045155212, -36.8912321359258], [174.469043154173, -36.8912161432182], [174.469042642854, -36.8912111288766], [174.469037481555, -36.8911918491695], [174.469030250979, -36.8911787784889], [174.469021185448, -36.8911659918967], [174.469011410527, -36.8911542506579], [174.469007979444, -36.8911502999882], [174.469004537314, -36.8911463584688], [174.468993092796, -36.8911347460383], [174.468988617283, -36.8911307541999], [174.468979364028, -36.8911228103147], [174.468963851563, -36.8911103197638], [174.468958483166, -36.8911059964417], [174.46895329376, -36.8911016438648], [174.468943471244, -36.8910921025661], [174.468925089504, -36.891072184094], [174.46892053373, -36.8910675172133], [174.468911124789, -36.8910584755687], [174.468906580236, -36.8910538085487], [174.468902038101, -36.8910492676913], [174.468893483039, -36.891040278584], [174.468889649447, -36.891035819103], [174.468879856042, -36.891019012348], [174.468876501682, -36.8910055962772], [174.468838924883, -36.8909736744316], [174.468825554384, -36.8909681340299], [174.468817508225, -36.8909640330969], [174.468810084302, -36.8909596089887], [174.468798768133, -36.8909529344926], [174.468790644299, -36.8909482936925], [174.468782743994, -36.8909441909538], [174.468773148015, -36.8909388562659], [174.468756761423, -36.8909311087183], [174.468750323268, -36.8909289348732], [174.468743017258, -36.8909265644404], [174.46871995158, -36.8909187101715], [174.468713954783, -36.8909173150652], [174.468694730267, -36.8909125591068], [174.468681622854, -36.8909090345186], [174.468668075478, -36.8909059750696], [174.468661417609, -36.8909046332018], [174.468648065969, -36.8909018327299], [174.468641562235, -36.8909003357215], [174.468620827962, -36.8908958508], [174.468613511784, -36.8908947063564], [174.468598907047, -36.8908926875392], [174.468584109511, -36.8908905629383], [174.468569036847, -36.8908887211632], [174.468553412713, -36.8908867960654], [174.46853790146, -36.8908843197309], [174.468522183081, -36.8908815755417], [174.468505820547, -36.8908791818357], [174.468497521047, -36.8908782568562], [174.468480913593, -36.89087655122], [174.468472628076, -36.890875770286], [174.468448008515, -36.890874082556], [174.468439739224, -36.8908735628182], [174.468431646852, -36.8908729056867], [174.468415764511, -36.890871560643], [174.468393392253, -36.8908688536108], [174.468385896745, -36.8908677203833], [174.468363338933, -36.8908635283682], [174.468355788191, -36.8908618549959], [174.468347699787, -36.8908602333371], [174.468323537969, -36.8908554932723], [174.468308789291, -36.8908524035607], [174.468279729143, -36.8908456148064], [174.468272181166, -36.8908440856147], [174.468250981243, -36.8908398948236], [174.468244312512, -36.8908385710939], [174.468224765619, -36.890833972277], [174.468218250852, -36.8908324843954], [174.468198822023, -36.8908276046885], [174.468192447756, -36.8908258356425], [174.468173403836, -36.8908199596608], [174.468153778243, -36.8908135951074], [174.46814735116, -36.8908114120786], [174.46812210248, -36.8908026562524], [174.468109986028, -36.8907975509601], [174.468103814748, -36.8907946616944], [174.468097466893, -36.8907919278444], [174.468077591728, -36.8907836644587], [174.468064301404, -36.8907787899977], [174.468050441833, -36.890774661698], [174.468035705781, -36.8907704721172], [174.468020966797, -36.8907661293368], [174.468006074025, -36.8907619597164], [174.467998974659, -36.8907598300555], [174.467978315716, -36.8907534151452], [174.467958342876, -36.8907470818911], [174.467951747861, -36.8907449189542], [174.467945166482, -36.8907428820411], [174.467931307097, -36.8907387627388], [174.467911163214, -36.8907322873699], [174.467898752324, -36.8907276273681], [174.467887049456, -36.8907230217132], [174.467875206435, -36.8907187152429], [174.467856473769, -36.8907126821301], [174.46783684926, -36.8907075433819], [174.467817651086, -36.8907018134685], [174.467811070059, -36.8906997945711], [174.467804475053, -36.8906976316258], [174.46778394525, -36.8906909266453], [174.467770512043, -36.8906862071504], [174.467756844444, -36.8906809677515], [174.467743333398, -36.8906756993756], [174.467730464442, -36.8906699723774], [174.467718245341, -36.8906641922805], [174.46770061738, -36.8906549005405], [174.467695043336, -36.8906515531869], [174.467679207707, -36.8906403373972], [174.467668612479, -36.8906326263163], [174.467653230978, -36.8906210984448], [174.467644145693, -36.8906131253367], [174.467635853006, -36.8906049351198], [174.467627891548, -36.8905964613838], [174.467619092274, -36.8905881872862], [174.46760963193, -36.8905799664232], [174.467594844727, -36.8905678272802], [174.467584908001, -36.8905599277817], [174.467568257026, -36.8905489113378], [174.467551031789, -36.8905401373984], [174.467539936373, -36.890533847645], [174.467528967481, -36.8905271326809], [174.467512270428, -36.8905172254909], [174.467506732476, -36.8905140038751], [174.467501147231, -36.8905106566504], [174.467490139512, -36.8905036717493], [174.467484719624, -36.8905001692473], [174.467479415039, -36.890496241674], [174.467468624466, -36.890488289616], [174.467462983997, -36.8904844022459], [174.467451652663, -36.8904763396869], [174.467439828548, -36.8904683282824], [174.467428200338, -36.8904605848698], [174.467422584727, -36.8904568233833], [174.467406740545, -36.8904457428683], [174.46740164033, -36.8904419389598], [174.467386325355, -36.8904309510568], [174.46738089167, -36.8904273135139], [174.467364618233, -36.8904166709556], [174.467359509562, -36.8904130113699], [174.467349404765, -36.8904051229406], [174.46734446145, -36.8904013080779], [174.467334423103, -36.8903939596524], [174.467329341876, -36.8903905611255], [174.467309472113, -36.8903784666928], [174.467295128724, -36.8903695759984], [174.467290742228, -36.8903661238206], [174.467282665358, -36.890358066119], [174.467278627533, -36.8903534829141], [174.467266112753, -36.8903404593558], [174.467247185112, -36.8903254057761], [174.467241866745, -36.8903213431556], [174.467231667912, -36.8903126446386], [174.467226932951, -36.8903079889176], [174.467222545268, -36.8903033018663], [174.467205437243, -36.8902865762887], [174.467196558991, -36.8902788619873], [174.46719209484, -36.8902748699389], [174.46718763069, -36.8902708778904], [174.46717901049, -36.8902625745061], [174.467166677836, -36.890249683894], [174.467154357426, -36.8902380190012], [174.467138918298, -36.8902234721618], [174.467135049797, -36.8902201127325], [174.467127609849, -36.8902130837372], [174.467123713736, -36.8902094542357], [174.467119960541, -36.8902056697351], [174.467112454151, -36.8901981007335], [174.467108687322, -36.8901941902082], [174.467104752379, -36.8901902907726], [174.467096677789, -36.8901823502085], [174.467092574905, -36.8901784708739], [174.467084123186, -36.8901701744157], [174.4670799561, -36.8901658722265], [174.467075632119, -36.8901615809884], [174.467066794295, -36.8901530459252], [174.467062459269, -36.8901487638367], [174.467057970107, -36.8901446368855], [174.467049347694, -36.8901362163398], [174.467045040109, -36.890132195311], [174.467036332594, -36.8901246050814], [174.467031946124, -36.8901211528934], [174.467027366514, -36.8901175768974], [174.467017274372, -36.8901109321819], [174.467011714031, -36.8901077108188], [174.467006192695, -36.8901047684003], [174.466994800161, -36.8900987797177], [174.466989146956, -36.890095983147], [174.466977845721, -36.8900906603538], [174.466972245327, -36.8900882777633], [174.466966815463, -36.8900860102458], [174.466955812819, -36.8900816302088], [174.466950264891, -36.890079643575], [174.466944537803, -36.8900776771808], [174.466933239125, -36.8900748331368], [174.466927667362, -36.8900739464755], [174.466917045592, -36.8900736359533], [174.46690690433, -36.890074392135], [174.466896993678, -36.8900742981747], [174.466887930526, -36.890072751547], [174.466857108962, -36.8900706533179], [174.466848361806, -36.8900715455157], [174.466838077454, -36.8900724476785], [174.466821121528, -36.890071872831], [174.466815384411, -36.8900711414399], [174.466797312493, -36.8900673714676], [174.466778463362, -36.8900628629458], [174.466772763718, -36.8900611576035], [174.466752398514, -36.8900530713033], [174.466740580855, -36.890048908625], [174.466734002153, -36.890047006817], [174.466720920169, -36.8900436259158], [174.466708470069, -36.8900410123959], [174.466690863677, -36.8900369392057], [174.466673684811, -36.8900335097261], [174.466656520764, -36.8900314411393], [174.466645846364, -36.8900307256231], [174.46662935579, -36.8900298385352], [174.466618110949, -36.8900286343016], [174.466406856562, -36.8900565797254]]}, "properties": {"OBJECTID": 12230, "TRACKNAME": "Lake Wainamu Track", "CONDITIONSOFUSE": "Waitakere North Regional Park", "STATUS": "Temp Closed", "WEBLINK": "https://www.aucklandcouncil.govt.nz/en/parks-recreation/find-park-beach/park-detail/3407.html", "VALIDATIONSTATE": 3, "created_user": "AC_owner", "last_edited_user": "AC_owner", "last_edited_date": 1789875254325, "created_date": 1789875254325, "PARK_SAPSITEID": null, "TRACK_ID": null, "KAURIDIEBACK_TRACK": null, "KAURIDIEBACK_MITIGATED": null, "SegmentID": null, "GlobalID": "78d5f6d8-6c1b-48c8-b52e-1b2695e43282", "Shape__Length": 503.64298775311937, "_COUNCIL_TRACKNAME": "Lake Wainamu Track"}}, {"type": "Feature", "id": 12245, "geometry": {"type": "LineString", "coordinates": [[174.470478043411, -36.8915643590308], [174.470464238806, -36.8915755104579], [174.470431733189, -36.8915986788401], [174.470393478517, -36.8916143017438], [174.470357746646, -36.8916124977603], [174.47030850042, -36.8915963200286], [174.470240136795, -36.8915737871062], [174.470197401033, -36.891564832605], [174.470151875562, -36.8915653599306], [174.470098762257, -36.8915811837388], [174.470050418429, -36.8916040360239], [174.470005216114, -36.8916301908179], [174.469968288032, -36.891659518815], [174.469940794375, -36.8916990327936], [174.469924244401, -36.8917460937866], [174.469901121372, -36.8918256748172], [174.469892755669, -36.8918557698014], [174.469884357598, -36.8918844698556], [174.469875933199, -36.8919117388502], [174.469867481316, -36.8919375749966], [174.469859000844, -36.8919619792099], [174.469852408097, -36.8919856903447], [174.469851112931, -36.8920100263893], [174.469855179787, -36.892035011785], [174.46986460981, -36.8920606474185], [174.469879404109, -36.8920869323733], [174.46989742398, -36.8921135271505], [174.469914640751, -36.8921397911414], [174.469930958693, -36.892165706602], [174.469946378977, -36.8921912762223], [174.469960900446, -36.8922164982141], [174.469974967417, -36.8922417195181], [174.469989469609, -36.8922676321984], [174.470004432086, -36.8922942557749], [174.470019853727, -36.8923215902615], [174.470035734517, -36.8923496347567], [174.470051084227, -36.8923778399564], [174.470063806665, -36.8924050410823], [174.470073832661, -36.8924312011335], [174.470081164475, -36.8924563209841], [174.470085799824, -36.8924803988602], [174.470088348328, -36.8925030387254], [174.470090166503, -36.8925233503607], [174.470091307579, -36.892541300658], [174.47009176931, -36.8925568896451], [174.470091551716, -36.8925701182231], [174.470090957737, -36.8925816271271], [174.470090696645, -36.8925929390172], [174.470090800011, -36.8926041202048], [174.470091266679, -36.8926151689014], [174.470092096665, -36.8926260860081], [174.470093266237, -36.8926368628048], [174.470094709941, -36.8926474802712]]}, "properties": {"OBJECTID": 12245, "TRACKNAME": "Lake Wainamu Track", "CONDITIONSOFUSE": "Waitakere North Regional Park", "STATUS": "Temp Closed", "WEBLINK": "https://www.aucklandcouncil.govt.nz/en/parks-recreation/find-park-beach/park-detail/3407.html", "VALIDATIONSTATE": 3, "created_user": "AC_owner", "last_edited_user": "AC_owner", "last_edited_date": 1789875254325, "created_date": 1789875254325, "PARK_SAPSITEID": null, "TRACK_ID": null, "KAURIDIEBACK_TRACK": null, "KAURIDIEBACK_MITIGATED": null, "SegmentID": null, "GlobalID": "32592b6b-b8b9-43dc-9b88-f74dc07fcca7", "Shape__Length": 167.19177453592815, "_COUNCIL_TRACKNAME": "Lake Wainamu Track"}}, {"type": "Feature", "id": 12268, "geometry": {"type": "LineString", "coordinates": [[174.465013816539, -36.8856930137966], [174.464993725909, -36.885683135458], [174.464962733319, -36.8856716987561], [174.464914075961, -36.8856591827725], [174.464880193179, -36.8856539308806], [174.464845154768, -36.8856511530857], [174.464756018747, -36.8856499400178], [174.464705936133, -36.8856466923551], [174.464643680578, -36.88563861643], [174.464586592521, -36.8856262601282], [174.464534671985, -36.885609624358], [174.464438234066, -36.8855697995235], [174.464361931557, -36.8855423159721], [174.464295374013, -36.885521260773], [174.464120478307, -36.8854709271931], [174.464033503646, -36.8854423301418], [174.46400642887, -36.8854280875964], [174.463988056645, -36.8854134628902], [174.463971342293, -36.8853954565164], [174.463956285851, -36.8853740702779], [174.463942887317, -36.8853493041753], [174.463931146659, -36.8853211564067], [174.463918127045, -36.8852813272208], [174.463906220713, -36.8852348060104], [174.46389834462, -36.8851839743289], [174.463897526608, -36.8851099308428], [174.463891876202, -36.885066354866], [174.463879322596, -36.8850220734368], [174.463857357521, -36.8849693097256], [174.463846557719, -36.8849378350874], [174.463836628145, -36.8848968708404], [174.463830666737, -36.8848541054234], [174.463828553957, -36.8847919949968], [174.463832048549, -36.8847232552568], [174.463841357564, -36.8846577906921], [174.463852023577, -36.8846169701944], [174.463865818475, -36.8845822278922], [174.463879257414, -36.884554936254], [174.46390129857, -36.8845169014673], [174.463920922455, -36.8844871395584], [174.464157912921, -36.8841663223121], [174.464312471871, -36.8839487421965], [174.464330397173, -36.8839195383759], [174.464344418862, -36.8838925162255], [174.464354540307, -36.8838676757051], [174.464360759272, -36.8838450168432], [174.464362935937, -36.8838280287936], [174.46436269752, -36.8838020342], [174.46435560679, -36.883755844869], [174.464343528076, -36.883710755401], [174.46430142051, -36.8835835545696], [174.464270533645, -36.8834781946246], [174.464254939831, -36.8834001598468], [174.46424744005, -36.8833282574392], [174.464246245722, -36.883291220128], [174.464247634971, -36.8832529187929], [174.464256370927, -36.8831827966186], [174.464267523769, -36.8831302972373], [174.464300052824, -36.8830013364409], [174.464309105049, -36.8829756257494], [174.464343391802, -36.8828872368219], [174.464357068423, -36.8828563745444], [174.464378050984, -36.8828188800191], [174.464402176584, -36.882785563396], [174.46443675004, -36.8827497924373], [174.464520758092, -36.8826873235551], [174.464552731789, -36.8826591985461], [174.464574859016, -36.8826363462783], [174.464647218362, -36.8825474906478], [174.464764664946, -36.88242053855], [174.464813097792, -36.8823636206572], [174.464865813764, -36.8822942659085], [174.46492561483, -36.8822050268204], [174.464961929182, -36.8821448231335], [174.464992208111, -36.8820866273091], [174.46502093354, -36.8820195369077], [174.465052077176, -36.8819316696689], [174.465074311926, -36.8818869810078], [174.465111348604, -36.8818297122676], [174.46517837193, -36.8817410708423], [174.465227825872, -36.8816710981542], [174.465271935606, -36.8816025470256], [174.465299992922, -36.8815514813773], [174.465319616549, -36.8815089728557], [174.465335824304, -36.881466506459], [174.465397992998, -36.8812675456608], [174.465399917164, -36.8812493375327], [174.465399295524, -36.8812294923531], [174.465393588392, -36.8811966534376], [174.465382151228, -36.8811601300525], [174.465357991163, -36.8811056999688], [174.465333186579, -36.8810605791464], [174.465293121988, -36.880997423359], [174.46525314249, -36.8809423572754], [174.465214218162, -36.8808967651673], [174.465176351234, -36.8808606470088], [174.465139538305, -36.8808340019415], [174.465019711474, -36.880772503835], [174.464910908539, -36.8807132177774], [174.464867717058, -36.880692627403], [174.464833341055, -36.8806785922167], [174.464784863583, -36.8806617563213], [174.464746523369, -36.8806505372119], [174.464692758777, -36.8806374557981], [174.464424892477, -36.8805825277086], [174.464379434745, -36.880576217676], [174.464317144343, -36.8805718565416], [174.464234374655, -36.8805717958453], [174.464112375059, -36.8805784948098], [174.464019384977, -36.8805812703495], [174.463926334514, -36.8805808836246], [174.46380454853, -36.8805771452883], [174.46375011527, -36.8805778104887], [174.463712764983, -36.8805798804848], [174.463657132576, -36.8805863229255], [174.463609738929, -36.8805965073283], [174.463558632135, -36.8806137303424], [174.463510582327, -36.8806364501416], [174.463480247425, -36.8806546494446], [174.46345838829, -36.8806699022977], [174.463407125848, -36.8807100158591], [174.463343798841, -36.8807625196053], [174.463223250031, -36.8808692536659], [174.463103077927, -36.880984692082], [174.463046007664, -36.8810339358582], [174.462990172589, -36.881079233488], [174.462923706847, -36.8811282792151], [174.462840968092, -36.8811820979515], [174.462777455662, -36.8812256872498], [174.462541199171, -36.8813951838862], [174.462513200885, -36.8814210844013], [174.462491839279, -36.8814445596352], [174.462440032609, -36.8815137272946], [174.462405301311, -36.8815530095917], [174.462351969154, -36.8816039151396], [174.46228592932, -36.8816589232965], [174.462217449395, -36.8817099557225], [174.462155646175, -36.8817498370206], [174.462109242381, -36.8817745550902], [174.462045715274, -36.8818022402667], [174.462014657571, -36.8818198243404], [174.461986434727, -36.8818422625984], [174.461957532967, -36.8818775268007], [174.461937175836, -36.8818954388897], [174.461906391669, -36.8819148376494], [174.461855242437, -36.8819395527161], [174.461834354416, -36.8819529860622], [174.461812788515, -36.8819695897793], [174.461790544748, -36.8819893647685], [174.461759832516, -36.8820206625997], [174.461680170416, -36.882113594945], [174.461619381261, -36.8821783911039], [174.461568874342, -36.8822258669585], [174.461499587666, -36.8822838386947], [174.46143942384, -36.8823284758611], [174.461384355637, -36.8823643024473], [174.461347502173, -36.8823847176556], [174.461299686214, -36.8824067297183], [174.461263858408, -36.8824255620854], [174.461205537622, -36.8824594104071], [174.46115066426, -36.8824938725074], [174.461083667402, -36.8825411985106], [174.461007441512, -36.8826024849349], [174.460942204014, -36.8826525267102], [174.460909100692, -36.8826853310841], [174.460881923599, -36.8827202862816], [174.460767211661, -36.882903618234], [174.460750042028, -36.8829351468108], [174.460732527018, -36.8829729306885], [174.460720772229, -36.8829874828348], [174.460695214582, -36.8830103891888], [174.460658360955, -36.8830373004199], [174.460623307536, -36.8830601107728], [174.460521018118, -36.88311997764], [174.460415671662, -36.8831762927091], [174.460377928108, -36.8831934871204], [174.460358391218, -36.8832000080598], [174.460337538158, -36.8832028783672], [174.460308823468, -36.8832020198493], [174.460281819462, -36.8831977186675], [174.460232621166, -36.8831863719673], [174.460204898886, -36.8831833000617], [174.460182702524, -36.8831826264075], [174.460143034398, -36.8831846120081], [174.460040634001, -36.8831971980384], [174.459977482154, -36.8831983165989], [174.459906180292, -36.883191403036], [174.459819283597, -36.8831791177361], [174.459797232507, -36.8831722245181], [174.459780554013, -36.8831603257333], [174.459773124791, -36.8831507821807], [174.459767630508, -36.8831394364349], [174.459761602669, -36.8831125610898], [174.459757458607, -36.8831022948301], [174.459748981821, -36.8830944839761], [174.459737134296, -36.8830933910432], [174.459726036809, -36.8830969796663], [174.459713041992, -36.8831043458391], [174.459554167011, -36.883219473806], [174.459485573905, -36.8832737474212], [174.459403352751, -36.8833476374337], [174.459374323173, -36.8833687915099], [174.459343046975, -36.8833868111392], [174.459309525283, -36.883401696306], [174.459282907734, -36.8834108026585], [174.45925502832, -36.8834181659145], [174.459215899383, -36.8834257322279], [174.45918508603, -36.8834298108242], [174.459142048632, -36.8834331201328], [174.459108304234, -36.8834340068703], [174.459061358404, -36.8834330600675], [174.458903896052, -36.8834226682294], [174.458410398288, -36.8833841159209], [174.458317770598, -36.8833718034226], [174.458165380142, -36.8833440590112], [174.458094321076, -36.8833353972133], [174.458029877015, -36.8833300559969], [174.457935098151, -36.8833254006668], [174.457847204696, -36.8833238886115], [174.457789380578, -36.8833247243061], [174.457673876351, -36.883329426081], [174.457594571482, -36.8833300474908], [174.457537290653, -36.8833285923047], [174.457488284066, -36.8833240087605], [174.457447050558, -36.8833172034932], [174.457404013621, -36.8833076107367], [174.457287860903, -36.8832732949107], [174.457209046067, -36.8832545917087], [174.457122435677, -36.8832399366046], [174.456978609785, -36.8832220025919], [174.456927848838, -36.88321266122], [174.456875812197, -36.8832009630407], [174.456822501005, -36.8831869089396], [174.456767915268, -36.8831704989148], [174.456636545005, -36.8831252370043], [174.456561888005, -36.8831017023836], [174.45648816614, -36.8830813191893], [174.45641537826, -36.8830640865359], [174.456325707687, -36.883046976047], [174.456242611367, -36.8830352391535], [174.456171922606, -36.8830293884693], [174.45611364701, -36.8830294248495], [174.456084639235, -36.8830322717643], [174.456027987714, -36.8830437933958], [174.455985471983, -36.8830501075741], [174.455930790719, -36.8830548293516], [174.455845125387, -36.8830580694196], [174.455820510299, -36.8830606677471], [174.455791933158, -36.8830659259101], [174.45577368419, -36.8830712134568], [174.455758162441, -36.8830776537995], [174.455705692724, -36.8831102090894], [174.455658788143, -36.8831326403932], [174.455606619622, -36.8831513359568], [174.455527683795, -36.8831740487615], [174.455490567552, -36.8831888822479], [174.455416419002, -36.8832292979999], [174.455286082861, -36.8832964743207], [174.455251069403, -36.8833165748722], [174.455220027966, -36.8833369638794], [174.455167680868, -36.8833803168502], [174.455071427602, -36.8834725033896], [174.454981343419, -36.8835537553956], [174.454923796047, -36.883601293948], [174.454878200056, -36.8836332265798], [174.454849808607, -36.8836479304958], [174.454806690618, -36.8836630355655], [174.454750159796, -36.8836772277023], [174.454683221275, -36.8836898661697], [174.454638585723, -36.8836958993551], [174.454605792215, -36.883698713841], [174.4545755882, -36.883699738927], [174.454528179195, -36.8836988122283], [174.454495814196, -36.8837015610455], [174.454470466023, -36.8837065197668], [174.454451773263, -36.8837118495015], [174.454396059029, -36.8837326566077], [174.454369074928, -36.8837376795008], [174.45433278294, -36.8837385537032], [174.454301698516, -36.8837349293685], [174.454268924391, -36.8837275867888], [174.454157828372, -36.8836981734992], [174.454130567484, -36.8836897863086], [174.454108241267, -36.8836806744012], [174.4540769137, -36.8836642281659], [174.454045587826, -36.8836436698116], [174.454006863631, -36.8836147470563], [174.453953847334, -36.8835705531613], [174.453921915208, -36.8835495596154], [174.453901891702, -36.8835390340703], [174.453875045879, -36.8835273823551], [174.453833006506, -36.8835121532934], [174.453796293883, -36.8835010765894], [174.453776015288, -36.8834962697872], [174.453759311776, -36.8834940728966], [174.453720759007, -36.8834950124314], [174.453687340785, -36.8835003843076], [174.453560348191, -36.8835274055814], [174.453535964086, -36.8835297707598], [174.453512200727, -36.8835288337995], [174.45347997453, -36.8835219746471], [174.45340325402, -36.8834947414869], [174.453327193675, -36.8834720242218], [174.453290384555, -36.8834634291354], [174.453204650738, -36.8834468666499], [174.453099708214, -36.8834184163865], [174.45307034805, -36.8834142884016], [174.453051379562, -36.883414603312], [174.453028349822, -36.8834184481113], [174.452967697631, -36.8834395790435], [174.452943287274, -36.8834455914002], [174.452891821608, -36.8834550010928], [174.45286684809, -36.8834624417952], [174.452840934548, -36.8834722664164], [174.452799749198, -36.8834916728455], [174.452760799348, -36.883515478598], [174.452726633939, -36.8835418840044], [174.452682872532, -36.8835818571061], [174.452663493996, -36.8835953551285], [174.45265005857, -36.8836017749674], [174.452638225812, -36.8836050140741], [174.452628299703, -36.8836050669296], [174.452619131183, -36.8836011020896]]}, "properties": {"OBJECTID": 12268, "TRACKNAME": "Lake Wainamu Track", "CONDITIONSOFUSE": "Waitakere North Regional Park", "STATUS": "Open", "WEBLINK": "https://www.aucklandcouncil.govt.nz/en/parks-recreation/find-park-beach/park-detail/3407.html", "VALIDATIONSTATE": 3, "created_user": "AC_owner", "last_edited_user": "AC_owner", "last_edited_date": 1789875254325, "created_date": 1789875254325, "PARK_SAPSITEID": null, "TRACK_ID": null, "KAURIDIEBACK_TRACK": null, "KAURIDIEBACK_MITIGATED": null, "SegmentID": null, "GlobalID": "f6c9452a-fa08-45cf-bb34-5a1b1b5e0ab3", "Shape__Length": 1970.6141026584194, "_COUNCIL_TRACKNAME": "Lake Wainamu Track"}}, {"type": "Feature", "id": 12269, "geometry": {"type": "LineString", "coordinates": [[174.464988577243, -36.885681235745], [174.465063553515, -36.8857209191598], [174.465106144509, -36.8857536196157], [174.465167266379, -36.8858153925999], [174.465240939629, -36.8859006106154], [174.465293567165, -36.8859747064573], [174.465343948034, -36.8860607047263], [174.465388296679, -36.8861333874166], [174.465426054043, -36.886183410545], [174.465523016784, -36.886245397457], [174.465638783139, -36.8863041561463], [174.465686364472, -36.886341828113]]}, "properties": {"OBJECTID": 12269, "TRACKNAME": "Lake Wainamu Track", "CONDITIONSOFUSE": "Waitakere North Regional Park", "STATUS": "Open", "WEBLINK": "https://www.aucklandcouncil.govt.nz/en/parks-recreation/find-park-beach/park-detail/3407.html", "VALIDATIONSTATE": 3, "created_user": "AC_owner", "last_edited_user": "AC_owner", "last_edited_date": 1789875254325, "created_date": 1789875254325, "PARK_SAPSITEID": null, "TRACK_ID": null, "KAURIDIEBACK_TRACK": null, "KAURIDIEBACK_MITIGATED": null, "SegmentID": null, "GlobalID": "20cf9971-f8d0-428c-8eb0-d90806ac0a05", "Shape__Length": 98.20773828497558, "_COUNCIL_TRACKNAME": "Lake Wainamu Track"}}, {"type": "Feature", "id": 12271, "geometry": {"type": "LineString", "coordinates": [[174.452049607249, -36.8837079006035], [174.452191064403, -36.8837093139123], [174.452327882525, -36.8836722074441], [174.452464701631, -36.8836351008073], [174.452565596233, -36.8836192767117], [174.452619131183, -36.8836011020896]]}, "properties": {"OBJECTID": 12271, "TRACKNAME": "Lake Wainamu Track", "CONDITIONSOFUSE": "Waitakere North Regional Park", "STATUS": "Open", "WEBLINK": "https://www.aucklandcouncil.govt.nz/en/parks-recreation/find-park-beach/park-detail/3407.html", "VALIDATIONSTATE": 3, "created_user": "AC_owner", "last_edited_user": "AC_owner", "last_edited_date": 1789875254325, "created_date": 1789875254325, "PARK_SAPSITEID": null, "TRACK_ID": null, "KAURIDIEBACK_TRACK": null, "KAURIDIEBACK_MITIGATED": null, "SegmentID": null, "GlobalID": "4f69302f-a4d2-4b8c-8226-d3bcd92119a4", "Shape__Length": 52.69346871314952, "_COUNCIL_TRACKNAME": "Lake Wainamu Track"}}, {"type": "Feature", "id": 10172, "geometry": {"type": "MultiLineString", "coordinates": [[[174.649502159621, -36.9491342070814], [174.649510471533, -36.9491283437166], [174.649509961998, -36.9491286707737], [174.649509470659, -36.9491290083941], [174.649502159621, -36.9491342070814]], [[174.649501870199, -36.9491342136752], [174.649502159621, -36.9491342070814], [174.649501986747, -36.9491342103846], [174.649501870199, -36.9491342136752]], [[174.649501855432, -36.9491342140116], [174.649501861046, -36.9491342139337], [174.649501870199, -36.9491342136752], [174.649501855432, -36.9491342140116]], [[174.649494114845, -36.9491352733754], [174.649502159621, -36.9491342070814], [174.649494287077, -36.9491352403368], [174.649494229995, -36.949135249242], [174.649494184121, -36.9491352570901], [174.64949412489, -36.9491352705319], [174.649494114845, -36.9491352733754]], [[174.649541454165, -36.9491443123502], [174.64954617702, -36.9491394957368], [174.649545631314, -36.9491394474352], [174.649541454165, -36.9491443123502]], [[174.64947952184, -36.9491395727373], [174.649466320538, -36.9491470615546], [174.649486686711, -36.9491372297439], [174.649486760225, -36.9491372016822], [174.649486784729, -36.9491371923283], [174.649502159621, -36.9491342070814], [174.649541454165, -36.9491443123502], [174.649517726974, -36.949133688847], [174.649517672867, -36.9491336274059], [174.649541454165, -36.9491443123502], [174.649524571339, -36.9491361157214], [174.649525536224, -36.9491362816837], [174.649541454165, -36.9491443123502], [174.649542163546, -36.9491391404849]], [[174.650034530112, -36.9492167989788], [174.650033745488, -36.9492138489615], [174.650031518677, -36.9492073487557], [174.650006564247, -36.9491853917562], [174.650002096852, -36.9491688375272], [174.649986398393, -36.9491731171617], [174.649976437829, -36.9491711680699], [174.64997331727, -36.9491705579614], [174.649961946976, -36.9491683328182], [174.649958889589, -36.9491680481187], [174.64992840125, -36.9491652098454], [174.649777946815, -36.9491512025629], [174.649679298052, -36.9491420185482], [174.649679228309, -36.9491420132078], [174.649679132706, -36.9491420064241], [174.649656406415, -36.9491407169022], [174.649656253594, -36.9491407127162], [174.649656035852, -36.9491407184457], [174.649633344858, -36.9491417421845], [174.649633268554, -36.9491417450474], [174.649633227015, -36.9491417456246], [174.649633211297, -36.949141745843], [174.649541454165, -36.9491443123502], [174.649567418666, -36.9491438046859], [174.649567258267, -36.94914391778], [174.649541454165, -36.9491443123502]], [[174.648877610268, -36.9495712977634], [174.648855666458, -36.9495491130315], [174.648852206023, -36.9495512305806], [174.648877610268, -36.9495712977634]], [[174.648877610268, -36.9495712977634], [174.648880765707, -36.9495546168927], [174.648879442177, -36.9495581829726], [174.648877610268, -36.9495712977634]], [[174.649466320538, -36.9491470615546], [174.649446596721, -36.949156788895], [174.649446576765, -36.9491568008897], [174.649443481616, -36.9491590350627], [174.64944339444, -36.9491591065788], [174.649426184963, -36.949174505407], [174.649426154131, -36.9491745337771], [174.64942365948, -36.9491767532975], [174.649405957304, -36.9491925312237], [174.64939824712, -36.9491991145095], [174.649397721587, -36.9491991164024], [174.649396355776, -36.9492001998666], [174.649396069568, -36.9492004156591], [174.649367920487, -36.9492280408893], [174.649356670558, -36.949228792965], [174.649355963744, -36.9492287207617], [174.64932454878, -36.9492472796435], [174.649324488893, -36.9492473147266], [174.649298388148, -36.9492623368052], [174.649272776731, -36.949275053648], [174.649269938375, -36.949276333329], [174.649232894676, -36.9492912937868], [174.649232695577, -36.9492913308036], [174.649159407322, -36.9492906615141], [174.649158214689, -36.9492907664123], [174.649120659029, -36.9492965681574], [174.649080010734, -36.9493053467285], [174.649079320862, -36.9493055915621], [174.649042102505, -36.9493231313354], [174.649041007975, -36.9493237756775], [174.64900910531, -36.949347117484], [174.649009083304, -36.9493471385207], [174.648986843045, -36.9493754774816], [174.648986374395, -36.949376398857], [174.648978124717, -36.9494059342773], [174.648954899211, -36.9494431128981], [174.64895483807, -36.949443193967], [174.648931375676, -36.949472511628], [174.648931189233, -36.9494727711011], [174.648929127056, -36.9494766115347], [174.648929105321, -36.9494766451864], [174.64890992158, -36.9495035121474], [174.648885136268, -36.9495489272868], [174.648877610268, -36.9495712977634], [174.648875838491, -36.9495890248087], [174.648875803747, -36.9495892884843], [174.648873638014, -36.9496024421624], [174.648873636157, -36.9496024602151], [174.648872025552, -36.9496325073252], [174.648872025206, -36.9496325433838], [174.648873586304, -36.9496464033353], [174.648873651999, -36.9496466376743], [174.648888980369, -36.9496769092195], [174.648889171298, -36.9496773265951], [174.648895072077, -36.9496909919749], [174.648895219664, -36.9496913784054], [174.648906717639, -36.9497234319274], [174.648906966312, -36.9497241315237], [174.648910234031, -36.949733077068], [174.648911079651, -36.949735784685], [174.648911848718, -36.9497385357284], [174.648911996403, -36.9497391871532], [174.648917022036, -36.9497704436398], [174.648917076795, -36.9497711603508], [174.64891727033, -36.9497828454182], [174.648916877561, -36.9497862967194], [174.648916695548, -36.9497870221269], [174.648909340319, -36.9498145531437], [174.64890868007, -36.9498164326067], [174.648908447958, -36.9498168657725], [174.648900666759, -36.9498260981677], [174.648900648003, -36.9498261137511], [174.648868946195, -36.9498423230834], [174.648753884104, -36.9498759332301], [174.648727701445, -36.9498840970786], [174.648725912285, -36.949884505898], [174.648725027707, -36.9498846272449], [174.648682607679, -36.9498896906016], [174.648678524155, -36.9498900988325], [174.648677655251, -36.9498901658807], [174.648638566271, -36.9498930999542], [174.648637815192, -36.9498931626619], [174.648595304157, -36.949896922102], [174.648594730172, -36.9498969688301], [174.648542228877, -36.9499012599604], [174.648472166281, -36.9499074056089], [174.648419704507, -36.9499196270814], [174.648419551785, -36.9499196796772], [174.648408131144, -36.9499243963521], [174.64840790791, -36.9499245121198], [174.648372905021, -36.9499473749226], [174.64837252847, -36.9499476199087], [174.64835725603, -36.9499576088511], [174.648357164011, -36.9499576642094], [174.648321357708, -36.9499770165921], [174.648320619163, -36.9499772440702], [174.648306651916, -36.9499783339216], [174.648259529326, -36.9499797858241], [174.64825860767, -36.9499798022248], [174.648250592311, -36.9499801541609], [174.648250000013, -36.9499801849174], [174.64821503614, -36.9499808388638], [174.648214895881, -36.9499808444163], [174.648188282922, -36.9499823342437], [174.648126205017, -36.9499882210213]]]}, "properties": {"OBJECTID": 10172, "TRACKNAME": "Landing Road Walkway", "CONDITIONSOFUSE": "LANDING ROAD WALKWAY", "STATUS": "Open", "WEBLINK": null, "VALIDATIONSTATE": 3, "created_user": "AC_owner", "last_edited_user": "AC_owner", "last_edited_date": 1789875254325, "created_date": 1789875254325, "PARK_SAPSITEID": null, "TRACK_ID": null, "KAURIDIEBACK_TRACK": null, "KAURIDIEBACK_MITIGATED": null, "SegmentID": null, "GlobalID": "b2bc7c27-4933-4c04-8d9e-136fe9700ebd", "Shape__Length": 263.2762734445047, "_COUNCIL_TRACKNAME": "Landing Road Walkway"}}, {"type": "Feature", "id": 3310, "geometry": {"type": "LineString", "coordinates": [[174.547197792162, -36.9209462179997], [174.54807441691, -36.9203134401692]]}, "properties": {"OBJECTID": 3310, "TRACKNAME": "Large Kauri Track", "CONDITIONSOFUSE": "Waitakere North Regional Park", "STATUS": "Open", "WEBLINK": "https://www.aucklandcouncil.govt.nz/en/parks-recreation/find-park-beach/park-detail/3407.html", "VALIDATIONSTATE": 3, "created_user": "AC_owner", "last_edited_user": "AC_owner", "last_edited_date": 1789875254325, "created_date": 1789875254325, "PARK_SAPSITEID": null, "TRACK_ID": null, "KAURIDIEBACK_TRACK": null, "KAURIDIEBACK_MITIGATED": null, "SegmentID": null, "GlobalID": "28d5ca2d-94ac-47c9-a25b-59c5681d8dbe", "Shape__Length": 105.0188161905514, "_COUNCIL_TRACKNAME": "Large Kauri Track"}}, {"type": "Feature", "id": 722, "geometry": {"type": "LineString", "coordinates": [[175.184040827814, -37.0703394045599], [175.183921076403, -37.070381229529], [175.183926992079, -37.0705643089803], [175.183949382648, -37.0707386852804], [175.18395545897, -37.0707619157674], [175.183969830413, -37.0707931948399], [175.183985881594, -37.0708398994333], [175.184078471147, -37.070981519836], [175.184088800086, -37.0710055732245], [175.184098195498, -37.0710335462289], [175.184101657067, -37.071053841733], [175.184109267346, -37.0710917253397], [175.184131001774, -37.0712126334037], [175.184136042455, -37.071238965238], [175.184150814622, -37.0712700927014], [175.18416928349, -37.0712952128114], [175.184203095735, -37.0713278550855], [175.184246324082, -37.0713593955836], [175.184532726346, -37.0714872515889], [175.184699280314, -37.071561870441], [175.184717117698, -37.0715720323113], [175.184741159502, -37.0715918494115], [175.184762073616, -37.0716092817519], [175.184777688184, -37.0716289927768], [175.184783336452, -37.0716357291887], [175.184790802581, -37.0716532921801], [175.184796225902, -37.0716831498352], [175.184796613056, -37.0716978150734], [175.18479471154, -37.071727573386], [175.184770128067, -37.0717927362615], [175.184748311029, -37.0718755216923], [175.184741227474, -37.0718932356409], [175.184727823133, -37.0719329033871], [175.184724991889, -37.0719604437272], [175.184729595651, -37.0720048536712], [175.184738400584, -37.0720475098692], [175.184753672966, -37.0720909571489], [175.18476668627, -37.0721266231946], [175.184781458287, -37.0721734053079], [175.184792589782, -37.0722093403536], [175.184817385648, -37.0722515035827], [175.184859751986, -37.0722996157139], [175.184971470561, -37.0723716577032], [175.184999797571, -37.0723879349639], [175.185021244302, -37.0724125494216], [175.18503591812, -37.0724449313129], [175.185043853716, -37.072489424032], [175.185033528439, -37.0725286024597], [175.185005375927, -37.0725732646022], [175.184974111719, -37.0726290334266], [175.18495509292, -37.0726557004747], [175.184935239036, -37.0727030395886], [175.184931901607, -37.0727497768976], [175.184932695293, -37.0728005477777], [175.184951724768, -37.0728675115265], [175.185007780473, -37.0729650212317], [175.185158666257, -37.0730974820356], [175.185179649337, -37.0731200411392], [175.185179718662, -37.0731201444066]]}, "properties": {"OBJECTID": 722, "TRACKNAME": "Lilburne Road Track", "CONDITIONSOFUSE": "Hunua Ranges Regional Park", "STATUS": "Open", "WEBLINK": "https://www.aucklandcouncil.govt.nz/en/parks-recreation/find-park-beach/park-detail/213.html", "VALIDATIONSTATE": 3, "created_user": "AC_owner", "last_edited_user": "AC_owner", "last_edited_date": 1789875254325, "created_date": 1789875254325, "PARK_SAPSITEID": null, "TRACK_ID": null, "KAURIDIEBACK_TRACK": null, "KAURIDIEBACK_MITIGATED": null, "SegmentID": null, "GlobalID": "d1b64dae-adc1-401e-ac88-0e7f23a31c8a", "Shape__Length": 368.2681922642645, "_COUNCIL_TRACKNAME": "Lilburne Road Track"}}, {"type": "Feature", "id": 1887, "geometry": {"type": "LineString", "coordinates": [[175.152944298026, -37.089479485871], [175.152951308082, -37.089485892645], [175.152966638457, -37.0894905440677], [175.152983916589, -37.0894884908302], [175.152993302422, -37.0894774782683], [175.152992939098, -37.089454304607], [175.152923619252, -37.0891649902231], [175.15291844143, -37.0891307014101], [175.152908632678, -37.0890802561005], [175.152902336456, -37.0890406341477], [175.152899744239, -37.0890034954724], [175.152898221071, -37.0889687527425], [175.152899419101, -37.0889395303423], [175.152900785763, -37.0889071234513], [175.152909977937, -37.0888403718296], [175.152919210543, -37.0888052625142], [175.152933633466, -37.0887643359652], [175.152954680493, -37.0887114105724], [175.152973024682, -37.088671503317], [175.152988712091, -37.08864027833], [175.153004474772, -37.0886105210185], [175.153030226893, -37.0885716057738], [175.153059702196, -37.0885342631817], [175.1530883738, -37.088500323897], [175.153113705525, -37.0884755749771], [175.153152438648, -37.0884501320028], [175.153212528575, -37.0884200832124], [175.153257843671, -37.0884034160269], [175.153334280507, -37.0883896983787], [175.153503759389, -37.0883960647355], [175.15374724295, -37.0884108919296], [175.153911846954, -37.0884195092827], [175.153964321776, -37.0884252701282], [175.154020876065, -37.0884324709283], [175.154100408624, -37.0884434630003], [175.15414768247, -37.0884514812861], [175.154216245352, -37.0884838881487], [175.154276015768, -37.0885053422961], [175.154329440195, -37.0885323192697], [175.154369617315, -37.0885554993607], [175.154411224343, -37.0885767337782], [175.154466307577, -37.088599516746], [175.154520666435, -37.0886157877734], [175.154566416568, -37.0886244193992], [175.154612151794, -37.0886297436754], [175.154655605406, -37.0886264032913], [175.1547070221, -37.0886178350722], [175.154739720174, -37.0886104993299], [175.154779788502, -37.0885968650262], [175.154817079841, -37.0885821005465], [175.154852089582, -37.0885630424986], [175.154919643264, -37.0885244574831], [175.155035528463, -37.0884359114809], [175.155217529031, -37.0882520723909], [175.155317486633, -37.0881370214199], [175.155357644605, -37.0880892367773], [175.155396053444, -37.088051586984], [175.155442670079, -37.0880074250808], [175.155482092069, -37.0879698019006], [175.155535061756, -37.0879239472459], [175.155601060912, -37.0878825421552], [175.155677259618, -37.0878386173001], [175.155782474684, -37.0877963998172], [175.156043127037, -37.0876926475243], [175.156096959657, -37.0876732918218], [175.156147478191, -37.0876509230993], [175.156196676307, -37.0876284071352], [175.156247592566, -37.0876002270604], [175.156300644459, -37.0875684121127], [175.156343646485, -37.0875396369319], [175.156388006294, -37.087506375829], [175.156417408651, -37.0874824083596], [175.156469142378, -37.0874267160614], [175.156509445734, -37.0873872740054], [175.156552022928, -37.0873451048324], [175.156590457228, -37.0873028307646], [175.156618170291, -37.0872684844961], [175.15664811596, -37.0872359091234], [175.156677787948, -37.0872020138791], [175.156711707766, -37.0871687533343], [175.156753421746, -37.0871274920373], [175.15679280932, -37.0870942491515], [175.156831371121, -37.0870652121087], [175.15685416829, -37.0870491335228], [175.15687778368, -37.0870337430229], [175.156894772025, -37.0870226819559], [175.156917809508, -37.0870130970265], [175.156950585219, -37.0869998019828], [175.15702561604, -37.0869798168078], [175.15711828594, -37.0869665674237], [175.157168385372, -37.0869603924211], [175.157216901953, -37.0869555259827], [175.157257491865, -37.0869531921002], [175.157279559121, -37.0869522407452], [175.157345886387, -37.0869470681493]]}, "properties": {"OBJECTID": 1887, "TRACKNAME": "Lilburne Road Track", "CONDITIONSOFUSE": "Hunua Ranges Regional Park", "STATUS": "Open", "WEBLINK": "https://www.aucklandcouncil.govt.nz/en/parks-recreation/find-park-beach/park-detail/213.html", "VALIDATIONSTATE": 3, "created_user": "AC_owner", "last_edited_user": "AC_owner", "last_edited_date": 1789875254325, "created_date": 1789875254325, "PARK_SAPSITEID": null, "TRACK_ID": null, "KAURIDIEBACK_TRACK": null, "KAURIDIEBACK_MITIGATED": null, "SegmentID": null, "GlobalID": "c643964e-0270-4a82-ac83-809cc29d8161", "Shape__Length": 580.6057358225974, "_COUNCIL_TRACKNAME": "Lilburne Road Track"}}, {"type": "Feature", "id": 2666, "geometry": {"type": "LineString", "coordinates": [[175.177817935126, -37.0850718194076], [175.177864502831, -37.0850677373954], [175.177909151263, -37.0850528035171], [175.177947859021, -37.0850327244766], [175.177996458795, -37.085000206666], [175.178138956991, -37.0848525771921], [175.178156206721, -37.0848370200882], [175.178193323175, -37.084805371111], [175.178235501519, -37.0847760714994], [175.178286725134, -37.0847389450301], [175.178352044222, -37.0847132217053], [175.178584233049, -37.0846171263185], [175.178631523682, -37.0845970515472], [175.178685874425, -37.0845705382456], [175.178763811187, -37.0845442943973], [175.179026315658, -37.0844627369138], [175.179064468144, -37.0844496073518], [175.179110788629, -37.0844298386254], [175.179143128249, -37.0844156352546], [175.179180710825, -37.0843967481279], [175.179224788305, -37.0843717212368], [175.179267204931, -37.0843452648363], [175.179458343101, -37.0841988936069], [175.179642162371, -37.0840633004178], [175.179675986727, -37.0840384979347], [175.179720370865, -37.0840084813083], [175.179877877121, -37.0839262750013], [175.179910710443, -37.0839088989565], [175.179952990895, -37.0838761360652], [175.179996173812, -37.0838505305178], [175.180025493484, -37.0838220255246], [175.180046935151, -37.0837969279301], [175.180061678824, -37.0837543881361], [175.180091330591, -37.0836491355298], [175.180102729291, -37.0836072430594], [175.180113282599, -37.0835794256449], [175.180129347002, -37.0835539312399], [175.180141215172, -37.0835303886069], [175.180156108464, -37.0835048526487], [175.180188232696, -37.0834721592971], [175.180222454959, -37.0834365253237], [175.180430622436, -37.0832458763597], [175.180493270735, -37.0831961105718], [175.18052672352, -37.0831787770413], [175.180556954145, -37.0831553832798], [175.180599645111, -37.0831299037298], [175.180639845715, -37.0831097693289], [175.180684287046, -37.0830845279261], [175.180725926495, -37.0830557240349], [175.18076283208, -37.0830305220917], [175.18079769129, -37.083004961233], [175.180831132785, -37.0829687916886], [175.180861124882, -37.0829351189701], [175.180882541941, -37.0829036858895], [175.180898045292, -37.0828719740634], [175.180906931643, -37.082844881211], [175.180914450586, -37.0827983374894], [175.180915231855, -37.08274395968], [175.180905991666, -37.0826998332076], [175.180896950028, -37.0826504668151], [175.180885614073, -37.0826046484952], [175.180863422601, -37.0825584260442], [175.180833298479, -37.0824983891502], [175.180784398622, -37.0824245660409], [175.180718791221, -37.0823427857877], [175.180698089519, -37.0823049716027], [175.180678640053, -37.0822712080315], [175.180663840818, -37.0822328887116], [175.180661049967, -37.0821975208967], [175.18067168254, -37.0821614915802], [175.180704800763, -37.0821191544507], [175.180743125018, -37.0820928359059], [175.180923759509, -37.0820249562645], [175.180948137291, -37.0820144137685], [175.180987111171, -37.0819880020822], [175.181012170832, -37.0819745630259], [175.181039814657, -37.081944926008], [175.181069236412, -37.0819102092686], [175.181093572043, -37.0818730806236], [175.181110838581, -37.0818408857033], [175.181128030068, -37.0817986161788], [175.18114452861, -37.0817478696198], [175.181154225067, -37.0817105867219], [175.181160665808, -37.0816798076684], [175.181160468596, -37.0816540896019], [175.181160276102, -37.0816261814094], [175.181158049264, -37.0815908753286], [175.181153515819, -37.0815563326879], [175.181139339671, -37.0815169925597], [175.181097181978, -37.0814358445216], [175.181087701934, -37.0814159210499], [175.181074538112, -37.0813883506468], [175.181062325794, -37.0813527686416], [175.181059883688, -37.0813185840684], [175.181065940946, -37.0812861988349], [175.181079842279, -37.081237852331], [175.181102810201, -37.0811930431532], [175.181151967642, -37.0811020136339]]}, "properties": {"OBJECTID": 2666, "TRACKNAME": "Lilburne Road Track", "CONDITIONSOFUSE": "Hunua Ranges Regional Park", "STATUS": "Open", "WEBLINK": "https://www.aucklandcouncil.govt.nz/en/parks-recreation/find-park-beach/park-detail/213.html", "VALIDATIONSTATE": 3, "created_user": "AC_owner", "last_edited_user": "AC_owner", "last_edited_date": 1789875254325, "created_date": 1789875254325, "PARK_SAPSITEID": null, "TRACK_ID": null, "KAURIDIEBACK_TRACK": null, "KAURIDIEBACK_MITIGATED": null, "SegmentID": null, "GlobalID": "55db786d-2d05-4f22-9624-e5f94a02acdc", "Shape__Length": 603.3144088724703, "_COUNCIL_TRACKNAME": "Lilburne Road Track"}}, {"type": "Feature", "id": 3117, "geometry": {"type": "LineString", "coordinates": [[175.157345886387, -37.0869470681493], [175.157428476814, -37.0869389858947], [175.157510242492, -37.0869395075431], [175.15758381908, -37.0869424313206], [175.15764483424, -37.0869518564184], [175.15769917644, -37.0869647826484], [175.157744379517, -37.0869743783435], [175.15779318953, -37.0869885858718], [175.157848255177, -37.0870071857755], [175.15789416884, -37.0870350909676], [175.157922301782, -37.0870520631629], [175.157986486184, -37.0870819970013], [175.158035795862, -37.0871031079482], [175.158069453927, -37.0871185465292], [175.158098221459, -37.0871325059536], [175.158119052155, -37.0871403101028], [175.15814744305, -37.0871489229246], [175.158175020311, -37.0871554235937], [175.158198054821, -37.0871592220893], [175.158234426556, -37.0871644360617], [175.158263790581, -37.0871676957157], [175.158295372967, -37.0871690493771], [175.158330839841, -37.0871709181184], [175.15838171332, -37.0871718033502], [175.158423212763, -37.087169010892], [175.158883199372, -37.0871361113376], [175.159028778348, -37.0871173905937], [175.159076145665, -37.087108497697], [175.159119871249, -37.0870993196235], [175.159167718142, -37.0870855241484], [175.159197260117, -37.0870740448332], [175.159235522132, -37.087059450563], [175.159277190731, -37.0870431990094], [175.159307532727, -37.087028199218], [175.159334079404, -37.0870122591501], [175.159398694998, -37.0869757169104], [175.159499358268, -37.0869143463299], [175.159558147169, -37.086881001451], [175.159604782367, -37.0868542498249], [175.159643030808, -37.0868340318503], [175.159684533051, -37.0868154940024], [175.159723854197, -37.0867946255812], [175.159767758735, -37.0867763053003], [175.159969687982, -37.0866863310482], [175.160103067173, -37.0866155585886], [175.160140222623, -37.0865822110843], [175.160164414629, -37.0865530833405], [175.160177134152, -37.0865335376914], [175.16018778493, -37.0865076939276], [175.160192793497, -37.0864859905972], [175.160194549505, -37.0864511611992], [175.160192497351, -37.0864220700822], [175.160186787152, -37.086392513886], [175.160174927455, -37.0863535885639], [175.160161172347, -37.0863216013821], [175.160146100637, -37.0862749387451], [175.160130572811, -37.0862395500865], [175.160120419185, -37.086202468276], [175.160114417447, -37.0861721513217], [175.160114668314, -37.0861461185474], [175.160122771507, -37.0861157338307], [175.160137926011, -37.0860856712478], [175.160153731949, -37.0860591387185], [175.1601795744, -37.0860338652993], [175.160208850833, -37.0860122604864], [175.160240962182, -37.08599065808], [175.160278610242, -37.085969126004], [175.160329996685, -37.0859457122781], [175.160391264313, -37.0859165036399], [175.16043189521, -37.0858962239725], [175.160473104572, -37.0858741312416], [175.160510181374, -37.0858522940659], [175.160546809844, -37.0858269501613], [175.160588677445, -37.0857975362278], [175.160646531958, -37.0857614410035], [175.16070912617, -37.0857274584183], [175.160757281354, -37.0857055454128], [175.160803635859, -37.0856954896571], [175.160848442187, -37.0856895447826], [175.160895844971, -37.0856902578869], [175.160956541887, -37.0857019672602], [175.160993878493, -37.0857150307469], [175.161037700449, -37.0857377996562], [175.161090450071, -37.0857667506175], [175.161181130921, -37.0858122690288], [175.161213624522, -37.0858278991857], [175.161241088966, -37.0858379611527], [175.16126467463, -37.0858413704807], [175.161289929049, -37.0858405585505], [175.161324387454, -37.0858346669725], [175.161364563625, -37.0858257150223], [175.161407519602, -37.0858124494453], [175.16155440259, -37.0857621309531], [175.161608506265, -37.0857547905545], [175.161679192829, -37.0857621445913], [175.16173419976, -37.0857830329441], [175.161762291675, -37.0857949849916], [175.161791656601, -37.085822442412], [175.161808435113, -37.0858448119641], [175.161826465313, -37.0858684745168], [175.161827384861, -37.085905589384], [175.161822541903, -37.085939438653], [175.161804420509, -37.0859743321913], [175.16178238191, -37.0860079542952], [175.161766896227, -37.0860342558805], [175.161747482028, -37.0860751212581], [175.161736793744, -37.0861063553344], [175.16172607297, -37.0861427812212], [175.161720741991, -37.0861733137606], [175.161718180257, -37.0861975771523], [175.16172081487, -37.0862566513238], [175.161727141531, -37.0862928384335], [175.161732070191, -37.0863241662438], [175.16174037594, -37.0863587400682], [175.161741123845, -37.0863632867709], [175.161743431288, -37.0863965910631], [175.161744287175, -37.0864334457261], [175.161743970053, -37.0864741521064], [175.161743475761, -37.0865129780981], [175.161746969091, -37.0865444672694], [175.161756488807, -37.0865817767879], [175.161766827914, -37.0866217931475], [175.161779909716, -37.0866613358995], [175.161794935225, -37.0866964360749], [175.161820501677, -37.0867465842065], [175.161861248171, -37.0868115334571], [175.161892300747, -37.0868528393636], [175.161938952231, -37.0869034951676], [175.161979092569, -37.0869372089817], [175.162024086204, -37.0869663370109], [175.162074243825, -37.08698993628], [175.162135616231, -37.0870103298022], [175.162189137787, -37.0870224578004], [175.162243704969, -37.0870333770474], [175.162313251875, -37.0870425449686], [175.162365718747, -37.0870476443257], [175.162406841058, -37.0870462362705], [175.162435762521, -37.0870390664505], [175.162458417225, -37.0870294964476], [175.162481679278, -37.0870139851158], [175.162501166291, -37.0869950818345], [175.162525991074, -37.086972413074], [175.16254387919, -37.0869542509443], [175.16257499347, -37.0869252848383], [175.162603827997, -37.0869091220584], [175.16271652029, -37.0868653741368], [175.162758863052, -37.0868657462004], [175.162805713016, -37.0868790410954], [175.162845380308, -37.0868972887272], [175.163097477017, -37.0870276334262], [175.163214144497, -37.0870742442157], [175.163270847391, -37.0870890534754], [175.163312240701, -37.0871015284676], [175.163366367997, -37.0871040915947], [175.163405928166, -37.0871062986879], [175.163613569361, -37.0871389826933], [175.163648607822, -37.0871495186992], [175.16367082032, -37.0871584232084], [175.163695176705, -37.0871730926499], [175.16371923594, -37.087195509272], [175.163738375757, -37.0872178083957], [175.163751767095, -37.0872460435504], [175.163760414951, -37.0872759965555], [175.163763375276, -37.0872958331695], [175.16378871901, -37.087423141169], [175.163817479733, -37.0874870557534], [175.163845250328, -37.0875339547259], [175.163875930459, -37.0875724009037], [175.163901828562, -37.0876060676021], [175.163940229609, -37.0876430569906], [175.163972286269, -37.0876757099956], [175.164005698212, -37.0877030118464], [175.164052593183, -37.0877241913758], [175.164089604954, -37.0877372507789], [175.164256887152, -37.0878060265627], [175.164360359166, -37.0878486322083], [175.164453570431, -37.0878591692843], [175.164501355508, -37.0878562689347], [175.164547012119, -37.087849730321], [175.164882982224, -37.0877701609448], [175.1649359215, -37.0877523046351], [175.164981318202, -37.0877350547091], [175.165012927056, -37.0877088638117], [175.165046130069, -37.0876809764727], [175.165067704537, -37.087652427299], [175.16508253243, -37.0876125283998], [175.16509717025, -37.0875244429955], [175.165115350773, -37.0874869252518], [175.165134114146, -37.0874548674627], [175.165167607893, -37.0874221801168], [175.165196411171, -37.0873954455897], [175.165227008557, -37.0873740407378], [175.165566806361, -37.0872650277185], [175.165845343831, -37.0871838912206], [175.165902682583, -37.0871605556008], [175.165955079652, -37.087109055982], [175.166025021846, -37.0870427886728], [175.166076974697, -37.0869768770786], [175.166107226298, -37.0869366241202], [175.166142191772, -37.0869034950359], [175.166163801315, -37.0868742240251], [175.166225295066, -37.0868261450456], [175.166296238534, -37.0867922953594], [175.166371895855, -37.0867655695043], [175.166479128478, -37.0867427187163], [175.166663302347, -37.0866939925412], [175.166735466606, -37.0866615442611], [175.166804029535, -37.0866156159424], [175.166837734083, -37.0865879983328], [175.166873545527, -37.08655812512], [175.166975710893, -37.0864924578877], [175.167139440404, -37.0863784574871], [175.167214525153, -37.0863411338286], [175.167291049729, -37.0863121023584], [175.167356880523, -37.0862919183827], [175.167432117675, -37.0862721932604], [175.16751856548, -37.0862546604371], [175.167603015789, -37.0862420398517], [175.167713015988, -37.0862295017545], [175.167952197625, -37.0862143307104], [175.168176489194, -37.0862147077566], [175.16822970456, -37.0862184479617], [175.168252756438, -37.0862192970859], [175.16834555232, -37.0862236020525], [175.168421944015, -37.0862222948068], [175.168474558219, -37.0862171775767], [175.168625175908, -37.0862108082179], [175.168692448321, -37.0862064862075], [175.16874463731, -37.0862128946395], [175.168802981671, -37.0862229216154], [175.168852388448, -37.0862390693626], [175.1691192571, -37.0863281509361], [175.169233624762, -37.0863551685753], [175.169292398969, -37.0863660616559], [175.169350020348, -37.0863708472906], [175.16940189056, -37.0863771170638], [175.169451227555, -37.0863758175957], [175.169476486343, -37.0863751570508], [175.169538529009, -37.0863744271278], [175.169693954415, -37.0863741149539], [175.170250226557, -37.0863976298536], [175.170317969318, -37.0864023018136], [175.170375142018, -37.0864134399757], [175.170434037887, -37.0864281966294], [175.170498083789, -37.0864503663839], [175.170644019851, -37.0865149005401], [175.170710572573, -37.0865362131476], [175.170766531176, -37.0865509242826], [175.1708374842, -37.0865651985742], [175.17123920417, -37.0866369260449], [175.17132391281, -37.0866471628316], [175.171408369031, -37.0866501310803], [175.171484542027, -37.0866474559567], [175.171566527297, -37.0866407088013], [175.171632458438, -37.086625648744], [175.17168999647, -37.0866168619124], [175.172083320875, -37.0865394840422], [175.172308704454, -37.0865008541078], [175.172693332441, -37.0864538345281], [175.172790351098, -37.0864373929094], [175.172859230035, -37.0864215751667], [175.172942595853, -37.0863989757825], [175.173019477566, -37.0863734669979], [175.173247272986, -37.0862791027529], [175.173522640438, -37.0861531872286], [175.173594613662, -37.0861074809073], [175.173632897812, -37.086075271169], [175.173661799227, -37.0860434317429], [175.173699784772, -37.0859968344747], [175.17374189064, -37.0859558575474], [175.173788206829, -37.0859232571354], [175.173847554016, -37.0858931665572], [175.173909050945, -37.0858528794235], [175.173975988642, -37.0858049760423], [175.17418029643, -37.0856316225119], [175.174236479169, -37.0856026081959], [175.174313645013, -37.085585511061], [175.174385803291, -37.0855778066424], [175.174442427941, -37.0855741002732], [175.1745194228, -37.085560863497], [175.174612968911, -37.0855383015199], [175.174705641517, -37.0855060400058], [175.174806199238, -37.0854639182694], [175.174881352312, -37.0854248221017], [175.174968494244, -37.0853753938818], [175.175175345398, -37.0852446932888], [175.175335847011, -37.0851450167873], [175.175398655923, -37.0851148619199], [175.1754511489, -37.0850937466214], [175.175505770819, -37.0850754852457], [175.175559007128, -37.0850591238772], [175.1756155303, -37.0850471633543], [175.175677444712, -37.0850364827707], [175.175740890793, -37.0850349127292], [175.17578931004, -37.0850334201896], [175.175872439335, -37.0850388249847], [175.175955554551, -37.0850496374863], [175.17607066668, -37.0850664867655], [175.176134606284, -37.0850817788736], [175.176177092608, -37.0851045125669], [175.176237705658, -37.0851336818653], [175.176353746204, -37.085215232659], [175.176383583318, -37.085229528471], [175.17642222031, -37.0852419593465], [175.176461587105, -37.0852543407597], [175.176495635676, -37.0852577712451], [175.176538367099, -37.0852497406087], [175.17660002779, -37.0852262574244], [175.176654716529, -37.085189104074], [175.176768733522, -37.0850764359755], [175.17678924211, -37.0850607471249], [175.176812065611, -37.085041041245], [175.176850459992, -37.0850013480802], [175.176895600613, -37.0849815928633], [175.176977243169, -37.084957445128], [175.177047405045, -37.0849444764057], [175.177264833444, -37.084937094406], [175.177318456574, -37.0849370197641], [175.177389560973, -37.0849444108111], [175.177462931702, -37.0849610250449], [175.177514721626, -37.084975115601], [175.177551621349, -37.0849928773746], [175.177610535863, -37.0850224286534], [175.17765561887, -37.0850435098832], [175.177684143862, -37.0850583341699], [175.177715551537, -37.0850681486128], [175.177761683743, -37.0850728257869], [175.177817935126, -37.0850718194076]]}, "properties": {"OBJECTID": 3117, "TRACKNAME": "Lilburne Road Track", "CONDITIONSOFUSE": "Hunua Ranges Regional Park", "STATUS": "Open", "WEBLINK": "https://www.aucklandcouncil.govt.nz/en/parks-recreation/find-park-beach/park-detail/213.html", "VALIDATIONSTATE": 3, "created_user": "AC_owner", "last_edited_user": "AC_owner", "last_edited_date": 1789875254325, "created_date": 1789875254325, "PARK_SAPSITEID": null, "TRACK_ID": null, "KAURIDIEBACK_TRACK": null, "KAURIDIEBACK_MITIGATED": null, "SegmentID": null, "GlobalID": "109a212f-f4f0-455d-95d0-e07d8cb2384b", "Shape__Length": 2254.238098104186, "_COUNCIL_TRACKNAME": "Lilburne Road Track"}}, {"type": "Feature", "id": 3151, "geometry": {"type": "LineString", "coordinates": [[175.185179720988, -37.0731201470675], [175.185201087036, -37.0731517756086], [175.185215123714, -37.0731717499742], [175.185229776494, -37.0731920284198], [175.185234482109, -37.0732231249745], [175.185239982339, -37.073265445484], [175.185238727448, -37.0733094947316], [175.185233927555, -37.0733452457106], [175.185214244255, -37.0733855970264], [175.185169782827, -37.0734373191934], [175.185019562245, -37.0735933276359], [175.184820595431, -37.0737983700567], [175.184604670895, -37.0739859429474], [175.184568671429, -37.0740162664771], [175.184520350523, -37.0740750171829], [175.184491430588, -37.0741102121841], [175.184460608904, -37.0741528234665], [175.1844350178, -37.0741934908001], [175.184418719725, -37.0742369880669], [175.184399203854, -37.0742894670064], [175.18438448504, -37.0743531141829], [175.184373719146, -37.0744141920588], [175.184370744193, -37.0744449615105], [175.184367469275, -37.0744856592636], [175.184366718818, -37.0745230029116], [175.18436573717, -37.074557385703], [175.1843703665, -37.0745964147049], [175.184391539009, -37.0746569221337], [175.184443197571, -37.0746956433717], [175.184603692136, -37.074799907872], [175.184707184055, -37.0748791133628], [175.184769295745, -37.0749363788303], [175.184804213898, -37.0749643770917], [175.184832863448, -37.0749961679708], [175.184857575131, -37.0750357551353], [175.184874003158, -37.0750673206112], [175.184882035471, -37.0751422107336], [175.184868401268, -37.0753161240458], [175.184862292658, -37.0753862277697], [175.184849395372, -37.0754224163567], [175.184837543132, -37.0754460312578], [175.18481820663, -37.0754706673115], [175.184790011579, -37.075501739321], [175.184756442094, -37.0755328833294], [175.184710365352, -37.0755632574261], [175.184673313796, -37.07558516467], [175.184635093903, -37.075602028402], [175.184590331056, -37.0756186161394], [175.184546126257, -37.0756330936625], [175.184496667455, -37.0756479203316], [175.184432597069, -37.0756611596344], [175.184353061283, -37.0756799020988], [175.184230977718, -37.0756869911591], [175.184121312089, -37.075696050369], [175.183987866878, -37.0757078006763], [175.183854862003, -37.0757254909792], [175.183786818111, -37.0757472568652], [175.18368810624, -37.0757848818367], [175.18352307641, -37.0758522978584], [175.183485812718, -37.0758676114859], [175.18345539437, -37.0758741380044], [175.183424846935, -37.075878909453], [175.183398711015, -37.0758806255179], [175.183376218662, -37.0758811388975], [175.183244492359, -37.0758908739632], [175.183183764554, -37.0758994907085], [175.183140933712, -37.0759077688403], [175.183111754737, -37.0759190761166], [175.1830908208, -37.0759280415176], [175.182942013548, -37.0759991235125], [175.182783485151, -37.0761034512142], [175.182722108023, -37.0761541500852], [175.182680901456, -37.0761959337035], [175.18264597399, -37.0762456588901], [175.182517463726, -37.0764628920909], [175.182497277044, -37.0765085155419], [175.182481604528, -37.0765515233705], [175.182471681612, -37.0765863591525], [175.182414298882, -37.0767673593243], [175.18240312214, -37.0768071119757], [175.182382382049, -37.0768491315777], [175.182362275112, -37.0768912656959], [175.182339807358, -37.0769303069155], [175.182196952411, -37.0771435679567], [175.18216723079, -37.0771920706166], [175.182147372242, -37.0772291441083], [175.182132006533, -37.0772797257654], [175.182054501843, -37.0775282844097], [175.182034068442, -37.0775625745849], [175.182001751942, -37.07759865165], [175.181967529307, -37.0776270941428], [175.181926204679, -37.0776542073115], [175.181482007871, -37.0779082882961], [175.181403616841, -37.0779706102812], [175.181358961666, -37.078018891842], [175.181322946307, -37.0780683933285], [175.181303268435, -37.0781267058478], [175.181292520307, -37.0781763372358], [175.181297953529, -37.0782293299699], [175.181300052273, -37.0782491819658], [175.181323858488, -37.0783015482364], [175.181348511454, -37.0783434263831], [175.181390170575, -37.0783876142425], [175.181454703768, -37.0784335892443], [175.181704653153, -37.0785948919119], [175.18193245493, -37.078784026734], [175.181951383285, -37.0788078679267], [175.181966676019, -37.0788410408915], [175.181977175288, -37.0788714090653], [175.181976961133, -37.0789039571781], [175.181970916696, -37.0789355941871], [175.181953255107, -37.0789653541132], [175.181930408101, -37.0789915864471], [175.181902402379, -37.0790222847902], [175.181684834092, -37.0792399845551], [175.181437774474, -37.0795825902267], [175.181396552272, -37.0796600181748], [175.181378984005, -37.0797213020576], [175.181368317948, -37.0797706615581], [175.181365641432, -37.0798075719701], [175.181365156325, -37.0798440184706], [175.181385681392, -37.0799361181486], [175.181399917094, -37.079968517531], [175.181414718296, -37.0800010236681], [175.181453358736, -37.0800956559642], [175.181475191226, -37.0801639024901], [175.181487818728, -37.0802088678524], [175.181497350001, -37.080243922355], [175.181497745428, -37.0802785140977], [175.181499732143, -37.0803179973871], [175.181499984296, -37.0803562238068], [175.18150035784, -37.0804124189335], [175.181497232889, -37.0804721392419], [175.181485415037, -37.0805362553937], [175.181473420518, -37.080585576257], [175.181457425216, -37.0806173693118], [175.181434533306, -37.0806605008316], [175.181418286003, -37.0806819341344], [175.18139455188, -37.080706281053], [175.181380356292, -37.0807274783218], [175.18129271512, -37.0808239115655], [175.18126972394, -37.080867116981], [175.181251700701, -37.0809023360258], [175.181235214487, -37.0809370220866], [175.18115465422, -37.0810909599314]]}, "properties": {"OBJECTID": 3151, "TRACKNAME": "Lilburne Road Track", "CONDITIONSOFUSE": "Hunua Ranges Regional Park", "STATUS": "Open", "WEBLINK": "https://www.aucklandcouncil.govt.nz/en/parks-recreation/find-park-beach/park-detail/213.html", "VALIDATIONSTATE": 3, "created_user": "AC_owner", "last_edited_user": "AC_owner", "last_edited_date": 1789875254325, "created_date": 1789875254325, "PARK_SAPSITEID": null, "TRACK_ID": null, "KAURIDIEBACK_TRACK": null, "KAURIDIEBACK_MITIGATED": null, "SegmentID": null, "GlobalID": "2d37ad73-fed1-4504-b5dc-97ec412c013d", "Shape__Length": 1152.4622843099078, "_COUNCIL_TRACKNAME": "Lilburne Road Track"}}, {"type": "Feature", "id": 3312, "geometry": {"type": "LineString", "coordinates": [[174.463490658423, -36.9606851725425], [174.46347406738, -36.9607366918728], [174.463480220869, -36.9607782032762], [174.463474796417, -36.9608162041634], [174.46349459644, -36.9608569803818], [174.46350943723, -36.9609216255303], [174.46352700435, -36.9609841711344], [174.46353971739, -36.9610307223328], [174.463573385178, -36.9610792037187], [174.463579580799, -36.9611178067856], [174.463547518662, -36.961200669886], [174.463544593726, -36.9612379251764], [174.463539579496, -36.9613144877818], [174.463539326199, -36.961378882735], [174.463528674247, -36.9614434049781], [174.463536846414, -36.9615136153378], [174.463542549308, -36.9615631499428], [174.463620957332, -36.961665991003], [174.463719847822, -36.9617026021448], [174.463762354635, -36.9618272832798], [174.463785569567, -36.9619772836901]]}, "properties": {"OBJECTID": 3312, "TRACKNAME": "Link to Tasman Lookout Track", "CONDITIONSOFUSE": "Waitakere West Regional Park", "STATUS": "Open", "WEBLINK": "https://www.aucklandcouncil.govt.nz/en/parks-recreation/find-park-beach/park-detail/3451.html", "VALIDATIONSTATE": 3, "created_user": "AC_owner", "last_edited_user": "AC_owner", "last_edited_date": 1789875254325, "created_date": 1789875254325, "PARK_SAPSITEID": null, "TRACK_ID": null, "KAURIDIEBACK_TRACK": null, "KAURIDIEBACK_MITIGATED": null, "SegmentID": null, "GlobalID": "9e1676cf-0d41-4dde-b47d-1b1af2ba85bf", "Shape__Length": 153.98820223299836, "_COUNCIL_TRACKNAME": "Link to Tasman Lookout Track"}}, {"type": "Feature", "id": 395, "geometry": {"type": "LineString", "coordinates": [[174.466571738996, -36.9535471651377], [174.466577233456, -36.9535402649029], [174.466586330845, -36.9535098215142], [174.46661072635, -36.9534952605338], [174.466643867163, -36.9534898756025], [174.46667416146, -36.9534830565969], [174.466708003082, -36.9534767345821], [174.466741876066, -36.9534802460887], [174.466757623969, -36.9535049382952], [174.4667616384, -36.9535374010231], [174.46676149931, -36.9535670397014], [174.466763166234, -36.9535766547256], [174.466794421386, -36.9536339831491], [174.466821815591, -36.9536504552122], [174.466851894935, -36.9536640457738], [174.466877043331, -36.9536694136833], [174.466905869689, -36.9536768183042], [174.466938664612, -36.9536896992663], [174.466966985449, -36.9537041227561], [174.467000093665, -36.9537105009715], [174.467040710313, -36.9537066550322], [174.467081188783, -36.9537043881792], [174.467115534689, -36.9537079568299], [174.467151373204, -36.9537167349564], [174.467182168266, -36.9537272339128], [174.467221775869, -36.9537316749327], [174.467251563977, -36.9537201298565], [174.467276033265, -36.9537006373493], [174.467301673546, -36.9536789580701], [174.46733213333, -36.9536713977302], [174.467367770881, -36.9536673608319], [174.467400821228, -36.9536549191013], [174.467423699748, -36.9536409085108], [174.467445719962, -36.9536219690315], [174.467464246176, -36.9536012159171], [174.467488876614, -36.9535766647041], [174.467454508895, -36.9535596660577], [174.467419327837, -36.9535570542624], [174.467373049318, -36.9535573107551], [174.467361880678, -36.9535412512184], [174.467387032808, -36.9535251574178], [174.467417692657, -36.9535046148942], [174.467438491435, -36.9534899179253], [174.467466748082, -36.9534810958262], [174.46750153372, -36.9534765646524], [174.467536924478, -36.9534719628932], [174.467569255796, -36.9534700489604], [174.467601967999, -36.9534833003225], [174.467621482304, -36.9534970663516], [174.467655569801, -36.9535047302484]]}, "properties": {"OBJECTID": 395, "TRACKNAME": "Lion Rock Track", "CONDITIONSOFUSE": "Waitakere West Regional Park", "STATUS": "Temp Closed", "WEBLINK": "https://www.aucklandcouncil.govt.nz/en/parks-recreation/find-park-beach/park-detail/3451.html", "VALIDATIONSTATE": 3, "created_user": "AC_owner", "last_edited_user": "AC_owner", "last_edited_date": 1789875254325, "created_date": 1789875254325, "PARK_SAPSITEID": null, "TRACK_ID": null, "KAURIDIEBACK_TRACK": null, "KAURIDIEBACK_MITIGATED": null, "SegmentID": null, "GlobalID": "0853928a-9dcf-446f-a5d4-9f9f4b48f4e3", "Shape__Length": 150.49777993450462, "_COUNCIL_TRACKNAME": "Lion Rock Track"}}, {"type": "Feature", "id": 1331, "geometry": {"type": "LineString", "coordinates": [[174.479801790307, -36.9868017986918], [174.479869608937, -36.9868788929114], [174.479951840378, -36.9869937501715], [174.48020446247, -36.9870708264382], [174.480407825475, -36.9871289056731], [174.480761433927, -36.9872564222508], [174.480877520985, -36.9872292165854]]}, "properties": {"OBJECTID": 1331, "TRACKNAME": "Lone Kauri Road", "CONDITIONSOFUSE": null, "STATUS": "Open", "WEBLINK": null, "VALIDATIONSTATE": 3, "created_user": "AC_owner", "last_edited_user": "AC_owner", "last_edited_date": 1789875254325, "created_date": 1789875254325, "PARK_SAPSITEID": null, "TRACK_ID": null, "KAURIDIEBACK_TRACK": null, "KAURIDIEBACK_MITIGATED": null, "SegmentID": null, "GlobalID": "3ad90228-4bc3-4f70-8aa4-7a4df15333b6", "Shape__Length": 113.71125845298175, "_COUNCIL_TRACKNAME": "Lone Kauri Road"}}, {"type": "Feature", "id": 2661, "geometry": {"type": "LineString", "coordinates": [[174.497020044015, -36.8864044062896], [174.497086439794, -36.8863037263159], [174.497176066658, -36.8861837417852], [174.497480718287, -36.8859171212334], [174.498208831066, -36.8853638023346], [174.4984382876, -36.8850271083523], [174.498643001628, -36.8847359641658], [174.498666773454, -36.8846408596429], [174.498814887071, -36.884346374732], [174.499113782594, -36.8838892145959], [174.499141464428, -36.8834642245966], [174.499234599393, -36.8832446916204], [174.499338979203, -36.8830702548062], [174.499178611367, -36.8827425343367], [174.499178148547, -36.8824539779877], [174.49911363631, -36.8822019187863], [174.499020225786, -36.8819861799454], [174.499010210188, -36.8817389296562], [174.499202287284, -36.8815922250161], [174.499452182763, -36.8812511266076], [174.49956137143, -36.8809347814718], [174.499578173574, -36.8806065359844], [174.499440439933, -36.8803856799655], [174.499223909647, -36.880180688943], [174.499166180795, -36.8800058657439], [174.4991981753, -36.8796736427826], [174.499257656078, -36.8794318233223], [174.499441872054, -36.8790490159911], [174.499470534878, -36.8790150402167], [174.499482986601, -36.8790029137247], [174.499735428826, -36.8787570523856], [174.499868277763, -36.8785430080662], [174.499891931058, -36.8784645495129], [174.499922691448, -36.8782915200853], [174.499951139378, -36.8781141941439], [174.500002090553, -36.8779841613422], [174.500050892874, -36.8778963976531], [174.500146367858, -36.8777328682553], [174.500235192319, -36.8775527031605], [174.500249125308, -36.8774698937419], [174.50025313821, -36.8772749361882], [174.500257228261, -36.8769926200513], [174.500232009428, -36.8767478998323], [174.500182097235, -36.8764755370469], [174.500157575533, -36.8762726822421]]}, "properties": {"OBJECTID": 2661, "TRACKNAME": "Long Road", "CONDITIONSOFUSE": "Waitakere North Regional Park", "STATUS": "Open", "WEBLINK": "https://www.aucklandcouncil.govt.nz/en/parks-recreation/find-park-beach/park-detail/3407.html", "VALIDATIONSTATE": 3, "created_user": "AC_owner", "last_edited_user": "AC_owner", "last_edited_date": 1789875254325, "created_date": 1789875254325, "PARK_SAPSITEID": null, "TRACK_ID": null, "KAURIDIEBACK_TRACK": null, "KAURIDIEBACK_MITIGATED": null, "SegmentID": null, "GlobalID": "649eb95c-eb3c-463a-bc0d-5dd216920107", "Shape__Length": 1241.4472454857632, "_COUNCIL_TRACKNAME": "Long Road"}}, {"type": "Feature", "id": 135, "geometry": {"type": "LineString", "coordinates": [[174.498723206622, -36.8924619117416], [174.498709626506, -36.8924830760255], [174.498698288316, -36.8925023912529], [174.498689214668, -36.8925198661527], [174.498682383126, -36.8925355010086], [174.498677815954, -36.8925492865263], [174.498675490716, -36.8925612229892], [174.498674648783, -36.8925721131752], [174.498674101725, -36.8925831618884], [174.498673849542, -36.8925943691286], [174.498673892411, -36.8926057439075], [174.498674207892, -36.892617286508], [174.498674818425, -36.8926289966472], [174.49867572401, -36.8926408743249], [174.498676913428, -36.8926529196827], [174.498678397721, -36.8926651235676], [174.498680166024, -36.8926775041441], [174.498682229203, -36.8926900432476], [174.498684564995, -36.8927027501727], [174.49868720706, -36.8927156244947], [174.498690132959, -36.8927286664968], [174.498693342514, -36.8927418671673], [174.4986968473, -36.8927552443877], [174.498700635743, -36.8927687802765], [174.498704719416, -36.8927824927152], [174.498709097966, -36.8927963636807], [174.498713749132, -36.8928104024676], [174.498718706395, -36.8928245996396], [174.498723922588, -36.8928388386134], [174.498729391542, -36.8928528039865], [174.498735102038, -36.8928664959004], [174.498741053724, -36.8928798963319], [174.498747246953, -36.8928930233042], [174.498753681548, -36.8929058678056], [174.498760357685, -36.8929184388476], [174.498767275012, -36.8929307184072], [174.498774433882, -36.8929427245073], [174.498781834295, -36.8929544571478], [174.498789475898, -36.8929658983059], [174.498797359043, -36.8929770660043], [174.498805483555, -36.8929879512316], [174.498813860653, -36.8929985538461], [174.498822467898, -36.8930088741309], [174.498831327904, -36.8930189208144], [174.498840418058, -36.8930286851681], [174.498849749579, -36.8930381670504], [174.498859333861, -36.8930473753311], [174.498869159334, -36.8930562921288], [174.498879215129, -36.893064935608], [174.498889366439, -36.8930732984559], [174.498899062452, -36.8930813335395], [174.498908269864, -36.8930890593069], [174.49891699954, -36.8930964575935], [174.498925251833, -36.8931035464225], [174.498933015347, -36.893110316924], [174.498940290082, -36.893116769098], [174.498947076037, -36.8931229029448], [174.498953384432, -36.8931287183229], [174.498959204224, -36.8931342243853], [174.498964546278, -36.8931394029677], [174.498969399553, -36.8931442632231], [174.498973764223, -36.893148814163], [174.498977651333, -36.8931530466346], [174.498981049485, -36.8931569517678], [174.498983959033, -36.8931605475859], [174.49898639102, -36.8931638249356], [174.498988334226, -36.8931667839587], [174.498989800046, -36.893169433525], [174.498990776909, -36.8931717557533], [174.498991264991, -36.8931737596549], [174.49899134459, -36.8931755343539], [174.498991382661, -36.8931774808376], [174.498991424961, -36.8931796435973], [174.498991471668, -36.8931820316446], [174.498991522605, -36.8931846359677], [174.498991577948, -36.8931874655784], [174.498991637698, -36.8931905204765], [174.498991701854, -36.893193800662], [174.498991770239, -36.8931972971236], [174.498991843032, -36.8932010188726], [174.49899192023, -36.8932049659091], [174.498992001659, -36.8932091292215], [174.498992087494, -36.8932135178214], [174.498992177735, -36.8932181317088], [174.498992272206, -36.8932229618722], [174.498992371084, -36.893228017323], [174.498992474368, -36.8932332980613], [174.498992582058, -36.893238804087], [174.498992693978, -36.8932445263887], [174.498992810305, -36.8932504739779], [174.498992930862, -36.893256637843], [174.49899302252, -36.8932630454433], [174.49899281742, -36.8932697722684], [174.498992271392, -36.8932768549304], [174.498991384258, -36.893284284418], [174.498990144798, -36.8932920608727], [174.498988553013, -36.8933001842943], [174.498986631341, -36.8933086543999], [174.498984357344, -36.8933174714726], [174.498981731197, -36.8933266445237], [174.498978763943, -36.8933361644003], [174.498975455583, -36.8933460311023], [174.49897179472, -36.8933562357597], [174.498967793102, -36.8933668052655], [174.498963438982, -36.8933777127267], [174.498958743754, -36.8933889670131], [174.498953696375, -36.8934005772778], [174.498948319108, -36.8934125342262], [174.498942578117, -36.8934248292713], [174.498936507414, -36.8934374800116], [174.498930084559, -36.8934504867299], [174.498923309199, -36.8934638314033], [174.498916259695, -36.8934775040293], [174.49890976012, -36.89349117873], [174.49890405554, -36.8935047622762], [174.498899157351, -36.8935182635378], [174.498895065203, -36.8935316644922], [174.498891779447, -36.8935449831622], [174.498889299732, -36.8935582015249], [174.498887626234, -36.893571328592], [174.498886747911, -36.8935843735164], [174.498886675629, -36.8935973181337], [174.498887409742, -36.8936101804667], [174.498888938679, -36.8936229426342], [174.49889128523, -36.8936356223758], [174.498894426782, -36.8936482109632], [174.498898374377, -36.8936606992432], [174.498903128369, -36.8936731052387], [174.498908688582, -36.8936854199382], [174.498915043621, -36.8936976344716], [174.498922216276, -36.8937097665786], [174.498930183934, -36.8937218075306], [174.498938957815, -36.8937337571861], [174.498948492863, -36.8937456070994], [174.498957947968, -36.8937573859109], [174.498966930269, -36.8937690895638], [174.498975417327, -36.8937807183414], [174.498983431581, -36.8937922719607], [174.498990961811, -36.8938037505633], [174.498998019236, -36.8938151540078], [174.499004592637, -36.8938264824358], [174.499010693233, -36.8938377357059], [174.499016298585, -36.8938489141012], [174.499021431131, -36.8938600173388], [174.499026090871, -36.8938710454185], [174.499030266586, -36.8938819984822], [174.499033958275, -36.8938928765299], [174.499037177157, -36.8939036794199], [174.49903991219, -36.8939144163056], [174.49904216302, -36.8939250691638], [174.499043941043, -36.8939356468645], [174.499045235039, -36.8939461495494], [174.499046045184, -36.89395658623], [174.499046382346, -36.8939669387416], [174.499046246699, -36.8939772160959], [174.499045766596, -36.8939876690575], [174.499045034787, -36.8939984496891], [174.499044062494, -36.8940095578492], [174.499042849539, -36.8940209845263], [174.499041384879, -36.8940327388735], [174.49903967991, -36.8940448297607], [174.499037723059, -36.8940572393065], [174.499035525723, -36.8940699763808], [174.499033076681, -36.8940830411251], [174.499030387153, -36.8940964333978], [174.499027457139, -36.894110153199], [174.499024275243, -36.8941241916586], [174.499020841817, -36.8941385667997], [174.499017178947, -36.8941532603162], [174.499013253328, -36.8941682906556], [174.499009098265, -36.8941836393703], [174.499004691495, -36.8941993157549], [174.499000033018, -36.8942153198094], [174.498995134053, -36.8942316513921], [174.4989899946, -36.894248310503], [174.49898460344, -36.8942652972838], [174.498979156532, -36.8942823027951], [174.498973816353, -36.8942990275341], [174.498968605168, -36.8943154622061], [174.498963523152, -36.8943316158227], [174.49895854769, -36.8943474796555], [174.498953701397, -36.8943630624329], [174.498948972878, -36.8943783552849], [174.498944362486, -36.8943933762346], [174.498939869691, -36.8944080982476], [174.498935495024, -36.8944225483582], [174.49893124935, -36.8944367084019], [174.49892712145, -36.8944505785204], [174.498923111501, -36.8944641677252], [174.498919230723, -36.8944774758746], [174.498915456499, -36.8944904942404], [174.498911811447, -36.8945032315509], [174.498908284169, -36.8945156789362], [174.498904886062, -36.8945278452661], [174.498901594687, -36.894539730824], [174.498898432306, -36.8945513263151], [174.498895387878, -36.8945626408926], [174.498892932802, -36.8945736776223], [174.498891808105, -36.8945844541957], [174.498892013788, -36.8945949706128], [174.498893550028, -36.8946052358852], [174.498896416472, -36.8946152319897], [174.498900602254, -36.8946249770908], [174.498906129461, -36.8946344528823], [174.498912976007, -36.89464367767], [174.498921164155, -36.8946526421592], [174.49893067129, -36.8946613376211], [174.498941508984, -36.8946697819369], [174.498953677062, -36.8946779660946], [174.498967175524, -36.894685890094], [174.49898201559, -36.8946935537929], [174.498998163601, -36.8947009576155], [174.499015653392, -36.8947081101481], [174.499034473391, -36.8947149935087], [174.499054623776, -36.8947216167082], [174.499076093502, -36.8947279888989], [174.499098904657, -36.8947340917739], [174.499123035153, -36.8947399436387], [174.499147869848, -36.8947456514062], [174.499171966868, -36.8947515126971], [174.499195292379, -36.8947575189253], [174.49921783516, -36.8947636702327], [174.499239606784, -36.8947699845013], [174.499260595679, -36.8947764438499], [174.499280813063, -36.8947830481376], [174.499300248071, -36.8947898155292], [174.499318900348, -36.8947967280021], [174.499336781292, -36.8948037944266], [174.499353890902, -36.8948110148031], [174.499370217782, -36.894818380262], [174.499385762108, -36.8948258998151], [174.499400535099, -36.8948335733211], [174.49941452536, -36.8948413919104], [174.499427744287, -36.8948493644532], [174.499440180659, -36.8948574910914], [174.4994518343, -36.8948657628137], [174.499462716783, -36.8948741975017], [174.499472827753, -36.8948827771327], [174.499482144773, -36.8948915019901], [174.499490880134, -36.8949003243258], [174.499499579193, -36.8949090119133], [174.499508309268, -36.8949175639028], [174.499517058964, -36.8949259714244], [174.499525828279, -36.8949342344782], [174.499534628611, -36.894942361934], [174.499543448386, -36.8949503359105], [174.499552288134, -36.8949581834421], [174.499561147326, -36.8949658774943], [174.499570026313, -36.8949734360902], [174.499578936141, -36.8949808500766], [174.499587865588, -36.8949881195951], [174.499596814831, -36.8949952536572], [174.499605783694, -36.8950022432514], [174.499614783396, -36.8950090882362], [174.499623802895, -36.8950157977646], [174.499632841836, -36.8950223538135], [174.499641911969, -36.8950287832759], [174.499650990326, -36.8950350594006], [174.499660099699, -36.8950411999272], [174.49966922869, -36.895047195986], [174.499678377478, -36.8950530565883], [174.499687468933, -36.8950588548176], [174.499696514453, -36.8950645995438], [174.499705513685, -36.8950702727438], [174.499714455762, -36.8950758925824], [174.499723340507, -36.8950814500481], [174.499732190535, -36.895086953869], [174.499740971836, -36.8950923864472], [174.499749707201, -36.8950977655222], [174.499758396454, -36.8951030820828], [174.499767028552, -36.8951083452819], [174.499775614537, -36.8951135459665], [174.49978414319, -36.8951186842783], [174.499792614511, -36.8951237602172], [174.499801051116, -36.8951287825115], [174.499809418993, -36.8951337335631], [174.499817752153, -36.8951386309701], [174.499826016938, -36.8951434751574], [174.499834246654, -36.8951482476772], [174.499842407995, -36.8951529669772], [174.499850534442, -36.8951576236213], [174.499858604087, -36.8951622449271], [174.499866742814, -36.8951669554972], [174.499874962374, -36.8951717822246], [174.499883251722, -36.8951767342624], [174.499891621902, -36.8951818024573], [174.499900072914, -36.8951869868094], [174.499908604935, -36.8951922963301], [174.499917206744, -36.8951977311612], [174.499925889386, -36.8952032821493], [174.49993465286, -36.8952089492945], [174.499943486123, -36.89521474175], [174.499952400395, -36.895220659374], [174.499961395499, -36.895226693155], [174.499970471436, -36.8952328430931], [174.499979617162, -36.8952391183413], [174.499988843721, -36.8952455097464], [174.499998151289, -36.8952520263201], [174.500007539689, -36.8952586590506], [174.500016997703, -36.8952654080798], [174.500026536902, -36.8952722912888], [174.500036156758, -36.8952792816432], [174.500045835008, -36.8952863884378], [174.500055334096, -36.8952935155213], [174.500064574603, -36.895300618828], [174.500073579143, -36.8953077070862], [174.500082313882, -36.8953147717095], [174.500090801612, -36.8953218304374], [174.50009904198, -36.8953288652471], [174.500107023941, -36.8953358852919], [174.500114758717, -36.89534289043], [174.500122246131, -36.8953498716501], [174.500129475138, -36.8953568381054], [174.50013644574, -36.8953637897958], [174.500143169155, -36.8953707265799], [174.500149645208, -36.8953776394461], [174.500155863031, -36.8953845465591], [174.500161833491, -36.8953914297543], [174.500167545368, -36.8953982891735], [174.500173010235, -36.895405142698], [174.500178227739, -36.8954119723048], [174.500183186837, -36.8954187871471], [174.500187898748, -36.8954255870834], [174.500192363295, -36.895432363102], [174.500197004184, -36.8954389746467], [174.500201988477, -36.8954453565115], [174.50020731635, -36.895451517708], [174.500212998846, -36.895457449083], [174.500219024745, -36.8954631507779], [174.500225405445, -36.8954686316627], [174.500232129548, -36.8954738828675], [174.500239208274, -36.8954789042505], [174.50024663058, -36.8954837049648], [174.50025439629, -36.8954882759988], [174.500262516624, -36.8954926172109], [174.500270980537, -36.8954967377541], [174.500279787854, -36.8955006286169], [174.500288949794, -36.8955042896574], [174.500298466358, -36.8955077208757], [174.500308326502, -36.8955109314248], [174.500318530048, -36.8955139122931], [174.500329088395, -36.8955166723504], [174.500339990145, -36.8955192027267], [174.500351235298, -36.8955215034219], [174.500362835074, -36.8955235742944], [174.500374252864, -36.8955255212721], [174.500385175219, -36.8955273843689], [174.500395591098, -36.895529172738], [174.500405500675, -36.8955308953912], [174.500414903598, -36.8955325343055], [174.500423811439, -36.8955341073623], [174.500432201406, -36.8955355968222], [174.500440085072, -36.8955370205666], [174.500447473303, -36.8955383604308], [174.500454355233, -36.8955396345798], [174.500460730685, -36.895540834002], [174.500466599482, -36.8955419496861], [174.500471961978, -36.8955429996551], [174.500476817819, -36.8955439658861], [174.500481178578, -36.8955448662604], [174.50048502164, -36.8955456920501], [174.500488369443, -36.8955464429717], [174.500491210591, -36.8955471101555], [174.500493545437, -36.8955477116246], [174.500495373805, -36.8955482383674], [174.500496695695, -36.8955486903841], [174.500497818452, -36.8955492891354], [174.500499049068, -36.8955502380594], [174.500500399293, -36.8955515640487], [174.500501846334, -36.8955532493638], [174.500503401411, -36.895555293863], [174.500505064524, -36.8955576975464], [174.500506835849, -36.8955604694252], [174.50050871521, -36.8955636004882], [174.500510702784, -36.8955670997466], [174.500512798394, -36.8955709581892], [174.50051500204, -36.8955751758158], [174.500517313899, -36.895579761638], [174.500519733971, -36.8955847156556], [174.500522261902, -36.8955900198458], [174.500524898047, -36.8955956922315], [174.500527642227, -36.8956017238012], [174.500530483401, -36.8956081237081], [174.500533443832, -36.8956148826573], [174.500536512475, -36.895622009802], [174.500539689155, -36.8956294961306], [174.500542973872, -36.8956373416432], [174.500546508249, -36.8956453282216], [174.500550554855, -36.8956531100279], [174.500555091074, -36.895660678334], [174.500560139524, -36.895668041868], [174.500565677764, -36.8956752009131], [174.500571716838, -36.8956821463162], [174.500578256922, -36.8956888870886], [174.50058529784, -36.8956954142187], [174.500592828548, -36.8957017368597], [174.500600871311, -36.8957078457165], [174.500609403864, -36.8957137500841], [174.500618437251, -36.8957194408089], [174.500627982869, -36.8957249267607], [174.500638018277, -36.8957302082229], [174.50064855452, -36.8957352760421], [174.500659580554, -36.8957401393714], [174.500671118641, -36.8957447889156], [174.50068314652, -36.8957492339696], [174.500695686453, -36.8957534652384], [174.500708716176, -36.8957574920166], [174.50072224691, -36.8957613141624], [174.500736044097, -36.895764988721], [174.500749594273, -36.8957686573849], [174.500762852735, -36.8957723297324], [174.500775830703, -36.8957760056221], [174.500788550793, -36.8957796937819], [174.500800978992, -36.8957833766142], [174.500813137917, -36.8957870628471], [174.500825005304, -36.8957907617756], [174.50083661446, -36.8957944549517], [174.500847931902, -36.8957981518121], [174.500858980245, -36.895801861085], [174.500869747918, -36.8958055648891], [174.500880246316, -36.8958092720943], [174.500890464396, -36.8958129918539], [174.500900401805, -36.8958167061449], [174.500910069939, -36.8958204238373], [174.500919446535, -36.895824154226], [174.500928564899, -36.8958278788629], [174.500937391549, -36.8958316071848], [174.500945949101, -36.8958353479197], [174.500954225981, -36.8958390831866], [174.500962256732, -36.8958428576175], [174.500970122011, -36.8958467783581], [174.500977844433, -36.8958508541363], [174.500985401559, -36.8958550852357], [174.500992815828, -36.8958594713728], [174.501000076022, -36.8958640126894], [174.501007182139, -36.8958687091855], [174.5010141454, -36.8958735607194], [174.501020943188, -36.8958785585632], [174.501027598297, -36.8958837204563], [174.50103409933, -36.895889037529], [174.50104044611, -36.8958945007698], [174.501046638991, -36.8959001282019], [174.501052688838, -36.8959059016603], [174.501058573567, -36.8959118394517], [174.501064315263, -36.8959179232696], [174.501069902882, -36.8959241622673], [174.501075336602, -36.8959305654563], [174.50108061607, -36.8959371148135], [174.501085752681, -36.8959438192088], [174.501090723997, -36.8959506789258], [174.501095585939, -36.895957684244], [174.50110048313, -36.89596477024], [174.50110543801, -36.8959719366303], [174.501110461799, -36.8959791832731], [174.501115543277, -36.8959865103101], [174.501120682267, -36.8959939087299], [174.501125878946, -36.8960013875439], [174.501131133314, -36.8960089467522], [174.501136456414, -36.8960165772014], [174.50114183738, -36.8960242970562], [174.501147275858, -36.8960320882938], [174.501152771849, -36.8960399509141], [174.501158336926, -36.8960479027983], [174.501163948295, -36.8960559262069], [174.501169628574, -36.896064029868], [174.501175366365, -36.8960722049117], [174.501181173241, -36.8960804692192], [174.501187037631, -36.8960888049094], [174.50119294849, -36.8960972211354], [174.501198928082, -36.8961057086024], [174.501204976583, -36.8961142763216], [174.501211037894, -36.8961229250021], [174.501216830636, -36.896131613131], [174.501222287313, -36.8961403325477], [174.501227419321, -36.8961490921218], [174.501232215264, -36.8961578829837], [174.501236686538, -36.8961667140032], [174.501240832966, -36.8961755761689], [174.501244632285, -36.8961844787757], [174.501248106758, -36.8961934125288], [174.501251256386, -36.896202377428], [174.5012540703, -36.8962113916383], [174.501256559192, -36.8962204279834], [174.501258712194, -36.896229504628], [174.501260529306, -36.8962386215722], [174.501262021572, -36.8962477696628], [174.501263189168, -36.8962569579112], [174.501264020697, -36.8962661774477], [174.50126451616, -36.8962754282724], [174.501264686952, -36.896284719255], [174.501264521853, -36.8962940505372], [174.501264031908, -36.8963034129659], [174.501263216938, -36.8963127975293], [174.501262253815, -36.8963220667868], [174.501261175491, -36.896331184267], [174.501260004054, -36.8963401316632], [174.50125872846, -36.8963489181288], [174.501257348885, -36.8963575526753], [174.501255864976, -36.8963660172796], [174.501254276911, -36.8963743209533], [174.501252584865, -36.8963824727079], [174.501250788485, -36.8963904545203], [174.501248888125, -36.8963982844136], [174.501246883607, -36.8964059533763], [174.501244774756, -36.8964134523968], [174.501242561924, -36.8964207994981], [174.501240244934, -36.8964279856688], [174.501237823788, -36.8964350109088], [174.501235309704, -36.8964418750763], [174.501232680242, -36.896448578455], [174.501229946624, -36.896455120903], [174.501227108848, -36.8964615024202], [174.501224166915, -36.8964677230068], [174.501221132044, -36.8964737825209], [174.501217962005, -36.8964798167019], [174.501214680118, -36.8964858703237], [174.501211263946, -36.8964919436698], [174.501207724883, -36.8964980456099], [174.501204062753, -36.8965041671326], [174.501200266337, -36.8965103083795], [174.501196358075, -36.8965164690672], [174.501192315525, -36.8965226494791], [174.501188150086, -36.8965288584849], [174.50118386158, -36.8965350870733], [174.501179438786, -36.8965413353858], [174.501174893103, -36.8965476122923], [174.501170224353, -36.8965539087812], [174.501165432359, -36.896560215841], [174.501160517651, -36.8965665605061], [174.50115546848, -36.896572915884], [174.501150296419, -36.8965792998557], [174.50114500129, -36.8965857034097], [174.501139583095, -36.8965921265461], [174.501134041832, -36.8965985692648], [174.501128366458, -36.896605040719], [174.501122679864, -36.8966115123148], [174.501117038325, -36.8966179923547], [174.501111452708, -36.896624462674], [174.501105912147, -36.8966309414373], [174.501100416464, -36.8966374196334], [174.501094987924, -36.896643887967], [174.501089593219, -36.8966503648866], [174.501084254437, -36.8966568320856], [174.501078971929, -36.8966633075869], [174.501073734124, -36.8966697735095], [174.501068541375, -36.8966762478762], [174.501063415768, -36.8966827123806], [174.501058323996, -36.896689185471], [174.501053288147, -36.8966956488408], [174.501048308573, -36.896702120513], [174.501043373702, -36.8967085826065], [174.501038483886, -36.8967150531441], [174.501033649993, -36.8967215139613], [174.501028872375, -36.8967279830808], [174.501024139459, -36.8967344426216], [174.501019451599, -36.8967409106067], [174.501014864365, -36.8967473592927], [174.501010434033, -36.8967537969823], [174.501006160074, -36.8967601966411], [174.501002020577, -36.8967665855869], [174.500998049026, -36.8967729543832], [174.500994211584, -36.8967792944437], [174.500990542088, -36.8967856143546], [174.500987006701, -36.8967919055297], [174.500983628217, -36.8967981857086], [174.500980406282, -36.8968044368681], [174.500977329854, -36.8968106681617], [174.500974410151, -36.8968168794475], [174.500971624558, -36.8968230619975], [174.500969006911, -36.8968292243981], [174.50096653477, -36.8968353669327], [174.500964208136, -36.8968414896014], [174.500962038227, -36.8968475922623], [174.500960013649, -36.8968536660458], [174.500958145797, -36.8968597198216], [174.500956423451, -36.8968657537315], [174.500954857655, -36.8968717586222], [174.500953390544, -36.8968776450877], [174.500951940401, -36.8968832519137], [174.50095050705, -36.8968885700885], [174.50094909049, -36.8968935996123], [174.500947702295, -36.8968983583662], [174.500946330892, -36.8969028284691], [174.50094497628, -36.8969070099209], [174.500943649856, -36.8969109115913], [174.5009423404, -36.8969145336222], [174.500941036517, -36.8969178671438], [174.500939772041, -36.8969209207422], [174.500938513137, -36.8969236858314], [174.500937282421, -36.8969261711393], [174.500936068674, -36.8969283768075], [174.500934871718, -36.8969302938247], [174.50093369173, -36.8969319312023], [174.500932539754, -36.8969332797871], [174.500931404747, -36.8969343487324], [174.500930286531, -36.8969351290265], [174.500929185284, -36.8969356296811], [174.500928112225, -36.8969358505544], [174.500927127161, -36.8969359801787], [174.50092639582, -36.8969364581322], [174.500925918379, -36.8969372934263], [174.500925706058, -36.8969384859193], [174.500925759033, -36.8969400446228], [174.500926054688, -36.8969419608086], [174.500926615639, -36.8969442432048], [174.50092744171, -36.8969468827999], [174.500928521681, -36.8969498797356], [174.500929855729, -36.8969532430235], [174.500931454897, -36.8969569635102], [174.500933307964, -36.8969610413375], [174.500935426329, -36.8969654853752], [174.500937798593, -36.8969702867534], [174.500940436155, -36.8969754543419], [174.500943327617, -36.896980979271], [174.500946484199, -36.8969868613988], [174.500949883639, -36.8969931100204], [174.500953559419, -36.8969997156989], [174.500957489277, -36.8970066877293], [174.500961673035, -36.8970140171002], [174.500965998142, -36.8970216872061], [174.500970104498, -36.8970296485147], [174.500973947223, -36.897037901593], [174.500977525964, -36.897046428418], [174.500980852295, -36.8970552468711], [174.500983914818, -36.8970643480825], [174.50098671371, -36.8970737410637], [174.500989259837, -36.8970834076501], [174.500991553554, -36.8970933658645], [174.50099358364, -36.8971036158488], [174.500995349741, -36.89711413958], [174.500996852211, -36.8971249550811], [174.500998113313, -36.8971360530571], [174.500999099387, -36.8971474339332], [174.500999832873, -36.8971590974261], [174.501000302727, -36.8971710526889], [174.501000519993, -36.8971832905684], [174.501000500793, -36.8971891857804], [174.501000994835, -36.8971932086685], [174.501000977423, -36.8971980492534], [174.50100075934, -36.8972046770893], [174.50100031797, -36.8972130834483], [174.500999664709, -36.8972232772002], [174.50099879638, -36.8972350961381], [174.500998787984, -36.8972352404637], [174.500997768553, -36.8972485125189], [174.500996808245, -36.8972607923184], [174.500995946116, -36.8972717819162], [174.500995193385, -36.8972814811705], [174.500994527437, -36.8972898813532], [174.500993982108, -36.8972969910508], [174.500993523737, -36.8973028106884], [174.500993174766, -36.8973073399825], [174.500992716395, -36.8973131596201], [174.500991798925, -36.8973259075914], [174.500987090359, -36.8973851781765], [174.500979536827, -36.8974407259888], [174.500972542693, -36.8974921745058], [174.500966108134, -36.8975395327392], [174.500960221934, -36.8975828008309], [174.500954895312, -36.8976219786392], [174.500950128272, -36.8976570661643], [174.500945909417, -36.8976880545365], [174.500945330392, -36.8976922982981], [174.500942250146, -36.8977149526256], [174.500941760275, -36.8977185913418], [174.500939150459, -36.8977377604317], [174.500938738523, -36.8977407942444], [174.500936599138, -36.8977564780967], [174.500936276356, -36.8977589068641], [174.500934618623, -36.8977711053371], [174.500934373598, -36.8977729201894], [174.500933186297, -36.8977816334249], [174.500933019384, -36.8977828523852], [174.500932302516, -36.8977880803832], [174.500932224581, -36.8977886852867], [174.500931989365, -36.8977904279054], [174.500922214896, -36.8978712511853], [174.500918853256, -36.8979322534058], [174.500922468969, -36.8980394979567], [174.500940061165, -36.8981624120221], [174.500950497639, -36.8982305500224], [174.500962081317, -36.898263862565], [174.500963435936, -36.8982648369576]]}, "properties": {"OBJECTID": 135, "TRACKNAME": "Long Road Track", "CONDITIONSOFUSE": "Waitakere West Regional Park", "STATUS": "Open", "WEBLINK": "https://www.aucklandcouncil.govt.nz/en/parks-recreation/find-park-beach/park-detail/3451.html", "VALIDATIONSTATE": 3, "created_user": "AC_owner", "last_edited_user": "AC_owner", "last_edited_date": 1789875254325, "created_date": 1789875254325, "PARK_SAPSITEID": null, "TRACK_ID": null, "KAURIDIEBACK_TRACK": null, "KAURIDIEBACK_MITIGATED": null, "SegmentID": null, "GlobalID": "8cf27dc2-9e78-45b6-abb5-ae03a94b7ccb", "Shape__Length": 777.0047896321897, "_COUNCIL_TRACKNAME": "Long Road Track"}}, {"type": "Feature", "id": 1544, "geometry": {"type": "LineString", "coordinates": [[174.50117729834, -36.8983884617593], [174.501463442707, -36.8984483749522], [174.501711347054, -36.8984342815515], [174.501762740433, -36.8984372012803], [174.501900815198, -36.8985048017574], [174.502227653301, -36.8985835699614], [174.502263318298, -36.8986117050248], [174.502360183349, -36.8987694259903], [174.50250337495, -36.8988961063043], [174.502552552429, -36.8989251979822], [174.502623326427, -36.8989174307119], [174.50295976915, -36.8988293343617], [174.502992357433, -36.8987976336569], [174.503060355042, -36.898682893192], [174.5031158745, -36.898629816533]]}, "properties": {"OBJECTID": 1544, "TRACKNAME": "Long Road Track", "CONDITIONSOFUSE": "Waitakere West Regional Park", "STATUS": "Open", "WEBLINK": "https://www.aucklandcouncil.govt.nz/en/parks-recreation/find-park-beach/park-detail/3451.html", "VALIDATIONSTATE": 3, "created_user": "AC_owner", "last_edited_user": "AC_owner", "last_edited_date": 1789875254325, "created_date": 1789875254325, "PARK_SAPSITEID": null, "TRACK_ID": null, "KAURIDIEBACK_TRACK": null, "KAURIDIEBACK_MITIGATED": null, "SegmentID": null, "GlobalID": "4e627b6d-a9fa-4072-9642-806c97a7a594", "Shape__Length": 210.55699132115632, "_COUNCIL_TRACKNAME": "Long Road Track"}}, {"type": "Feature", "id": 1548, "geometry": {"type": "LineString", "coordinates": [[174.51197125063, -36.9077826134684], [174.512099220879, -36.9077446547862], [174.512151326038, -36.9077027853966], [174.512184991377, -36.907661575286], [174.512186343009, -36.9076221277049], [174.512115252909, -36.907390774342], [174.512106564552, -36.9073326808629], [174.512131113753, -36.9073003012495], [174.512260390457, -36.9072091684474], [174.512282837154, -36.9071724628614], [174.512285195329, -36.9071414185418], [174.512258303805, -36.9070947157732], [174.512040361434, -36.9068040145249], [174.511925090931, -36.906686680497], [174.511773485467, -36.906598783306], [174.511753942141, -36.9065742227607], [174.51174954702, -36.906539883362], [174.511571775033, -36.9062471448195], [174.511536479313, -36.9060579874009], [174.511539711908, -36.9059123679598], [174.511531735338, -36.9058714301319], [174.511323917602, -36.9056013138771], [174.511260321799, -36.9055418322378], [174.511103397911, -36.9054587619408], [174.510977726313, -36.9054457367938], [174.510789119821, -36.9054483178801], [174.510763142494, -36.9054391857057], [174.510725351584, -36.9054104006942], [174.51056746679, -36.9052652934455], [174.510465136509, -36.9051489831726], [174.510418865556, -36.905035231957], [174.510417431208, -36.90488847663], [174.510402844618, -36.9048129903518], [174.510360136866, -36.9047638192726], [174.5101855442, -36.9046069348091], [174.510137243837, -36.9045893637472], [174.509913622236, -36.9045420687254], [174.509713246561, -36.9043813730947], [174.509400971376, -36.9042811180455], [174.509140251671, -36.9041481184179], [174.509081791378, -36.9041271516447], [174.508734706026, -36.9041207468875], [174.507823470505, -36.9041658212603], [174.507783334265, -36.9041643441129], [174.507760891031, -36.9041545300451], [174.507695182832, -36.9040022231603], [174.507642602839, -36.9039094338069], [174.507613251384, -36.9038849005889], [174.507476587382, -36.9038085809217], [174.50743661128, -36.9037784407674], [174.507243932629, -36.9035585511951], [174.507161365104, -36.903429031815], [174.507055349382, -36.9033530907415], [174.50699043188, -36.9031114620561], [174.506948728474, -36.903031308596], [174.506727778398, -36.9027737407686], [174.506276491208, -36.9022213412141], [174.506221825976, -36.9021659114691], [174.505994283651, -36.9019873055915], [174.505857663728, -36.9017944813242], [174.50581613591, -36.9017707320553], [174.505648933526, -36.9017277982888], [174.505416634538, -36.901613081196], [174.505387961283, -36.9016140151397], [174.505308625292, -36.9016406491921]]}, "properties": {"OBJECTID": 1548, "TRACKNAME": "Long Road Track", "CONDITIONSOFUSE": "Waitakere West Regional Park", "STATUS": "Open", "WEBLINK": "https://www.aucklandcouncil.govt.nz/en/parks-recreation/find-park-beach/park-detail/3451.html", "VALIDATIONSTATE": 3, "created_user": "AC_owner", "last_edited_user": "AC_owner", "last_edited_date": 1789875254325, "created_date": 1789875254325, "PARK_SAPSITEID": null, "TRACK_ID": null, "KAURIDIEBACK_TRACK": null, "KAURIDIEBACK_MITIGATED": null, "SegmentID": null, "GlobalID": "3614bb44-277f-4dcd-845a-92bc36f04439", "Shape__Length": 1055.8007787605043, "_COUNCIL_TRACKNAME": "Long Road Track"}}, {"type": "Feature", "id": 2561, "geometry": {"type": "LineString", "coordinates": [[174.500963435936, -36.8982648369576], [174.501081470803, -36.8983503548781], [174.50117729834, -36.8983884617593]]}, "properties": {"OBJECTID": 2561, "TRACKNAME": "Long Road Track", "CONDITIONSOFUSE": "Waitakere West Regional Park", "STATUS": "Closed upgrade", "WEBLINK": "https://www.aucklandcouncil.govt.nz/en/parks-recreation/find-park-beach/park-detail/3451.html", "VALIDATIONSTATE": 3, "created_user": "AC_owner", "last_edited_user": "AC_owner", "last_edited_date": 1789875254325, "created_date": 1789875254325, "PARK_SAPSITEID": null, "TRACK_ID": null, "KAURIDIEBACK_TRACK": null, "KAURIDIEBACK_MITIGATED": null, "SegmentID": null, "GlobalID": "f8088361-462d-43e6-a158-7c7b1190dfea", "Shape__Length": 23.695009094532047, "_COUNCIL_TRACKNAME": "Long Road Track"}}, {"type": "Feature", "id": 2710, "geometry": {"type": "LineString", "coordinates": [[174.505210309584, -36.9016482181425], [174.505151228035, -36.9016328394547], [174.505104376722, -36.9016006078884], [174.504995605552, -36.9014543199186], [174.504975871073, -36.9014159056601], [174.50498754039, -36.9013782689193], [174.505261693794, -36.9010617438691], [174.505293294957, -36.9009995670987], [174.505291183071, -36.9008648227536], [174.50525918619, -36.9006565185829], [174.505241308404, -36.9006066352329], [174.505133411108, -36.9004419239859], [174.505141773981, -36.9002881424571], [174.505131250473, -36.9002497755554], [174.505086705598, -36.9002129889612], [174.504666667581, -36.8999309180558], [174.504533093534, -36.8997682458648], [174.504352955475, -36.8995972405363], [174.504053659028, -36.8993642592423], [174.503894618308, -36.8991232821549], [174.50379237308, -36.8988787726907], [174.503763495765, -36.8988347736725], [174.503708016326, -36.8988125532012], [174.503411261165, -36.8987386958205]]}, "properties": {"OBJECTID": 2710, "TRACKNAME": "Long Road Track", "CONDITIONSOFUSE": "Waitakere West Regional Park", "STATUS": "Open", "WEBLINK": "https://www.aucklandcouncil.govt.nz/en/parks-recreation/find-park-beach/park-detail/3451.html", "VALIDATIONSTATE": 3, "created_user": "AC_owner", "last_edited_user": "AC_owner", "last_edited_date": 1789875254325, "created_date": 1789875254325, "PARK_SAPSITEID": null, "TRACK_ID": null, "KAURIDIEBACK_TRACK": null, "KAURIDIEBACK_MITIGATED": null, "SegmentID": null, "GlobalID": "fd40f86e-6ba4-48e7-86b8-8291c9a19cac", "Shape__Length": 410.88435125035994, "_COUNCIL_TRACKNAME": "Long Road Track"}}, {"type": "Feature", "id": 2718, "geometry": {"type": "LineString", "coordinates": [[174.500964410179, -36.8907790304983], [174.500935764053, -36.8908244700505], [174.500779868654, -36.8910794457488], [174.500755174491, -36.8911198327167], [174.500692966114, -36.8912215812686], [174.500372647191, -36.8914514479351], [174.499756870819, -36.8917666182311], [174.499408533629, -36.891870706992], [174.499201235473, -36.8919318402796], [174.499149859318, -36.8919719146428], [174.499104745608, -36.89201890461], [174.49906188515, -36.8920640543694], [174.499021277774, -36.8921073549116], [174.498982912269, -36.8921488063805], [174.498946811254, -36.8921884175065], [174.498912952299, -36.8922261885746], [174.49888135767, -36.8922621102922], [174.498852004934, -36.892296182944], [174.498824905493, -36.8923284154015], [174.498800059351, -36.8923588076662], [174.498777466336, -36.892387350728], [174.498757126628, -36.8924140535995], [174.498739040056, -36.8924389072704], [174.498723206622, -36.8924619117416]]}, "properties": {"OBJECTID": 2718, "TRACKNAME": "Long Road Track", "CONDITIONSOFUSE": "Waitakere North Regional Park", "STATUS": "Open", "WEBLINK": "https://www.aucklandcouncil.govt.nz/en/parks-recreation/find-park-beach/park-detail/3407.html", "VALIDATIONSTATE": 3, "created_user": "AC_owner", "last_edited_user": "AC_owner", "last_edited_date": 1789875254325, "created_date": 1789875254325, "PARK_SAPSITEID": null, "TRACK_ID": null, "KAURIDIEBACK_TRACK": null, "KAURIDIEBACK_MITIGATED": null, "SegmentID": null, "GlobalID": "03f1120c-651e-450f-afae-dfa26172584e", "Shape__Length": 283.6859444589817, "_COUNCIL_TRACKNAME": "Long Road Track"}}, {"type": "Feature", "id": 2873, "geometry": {"type": "LineString", "coordinates": [[174.497020044015, -36.8864044062896], [174.49705100994, -36.8867018722501], [174.497067475586, -36.8867520695704], [174.497350537021, -36.8871458376858], [174.497398205519, -36.8872343196175], [174.497498289257, -36.8875152420602], [174.497523276228, -36.8878017170267], [174.497733980846, -36.8880917449093], [174.497730182943, -36.8881380070907], [174.497654138607, -36.8882800576705], [174.497644088049, -36.8883710058226], [174.497655200499, -36.888410797469], [174.497739616415, -36.8885317963274], [174.497758847828, -36.8886844447792], [174.497781875509, -36.8887287192522], [174.497877852306, -36.8888061810539], [174.498263472454, -36.8890278876342], [174.498314422661, -36.8890292461236], [174.498530023622, -36.88898792914], [174.498594814862, -36.8889855164463], [174.499149907691, -36.8891091410232], [174.499198478732, -36.8891276994056], [174.499312817354, -36.8891926065445], [174.499361767455, -36.8892075915403], [174.49954312467, -36.8892267471323], [174.499780674193, -36.8892106245367], [174.49984115692, -36.8892168376072], [174.500069418588, -36.8893671971488], [174.500541395085, -36.8896213918498], [174.500591840322, -36.8896680127521], [174.500800463713, -36.8899242426344], [174.5008519968, -36.8900126481241], [174.500988049706, -36.8904097946909], [174.501044563378, -36.8906441955434], [174.500964939954, -36.8907792076849]]}, "properties": {"OBJECTID": 2873, "TRACKNAME": "Long Road Track", "CONDITIONSOFUSE": "Waitakere North Regional Park", "STATUS": "Open", "WEBLINK": "https://www.aucklandcouncil.govt.nz/en/parks-recreation/find-park-beach/park-detail/3407.html", "VALIDATIONSTATE": 3, "created_user": "AC_owner", "last_edited_user": "AC_owner", "last_edited_date": 1789875254325, "created_date": 1789875254325, "PARK_SAPSITEID": null, "TRACK_ID": null, "KAURIDIEBACK_TRACK": null, "KAURIDIEBACK_MITIGATED": null, "SegmentID": null, "GlobalID": "fc8e1f20-0ce6-4b39-a9be-ba3684bfdbd5", "Shape__Length": 694.3813441883127, "_COUNCIL_TRACKNAME": "Long Road Track"}}, {"type": "Feature", "id": 73, "geometry": {"type": "LineString", "coordinates": [[174.769204058819, -36.444159011254], [174.769026194309, -36.4440787371876], [174.76879272942, -36.4440227233348], [174.768604439637, -36.4439770907043], [174.768476403465, -36.443941120299], [174.768321354753, -36.443894724201], [174.768206579614, -36.4438531486072], [174.768151684453, -36.4437944605354], [174.768123556117, -36.443735366855], [174.768135232389, -36.4436594582352], [174.768160158225, -36.4435779449085], [174.768210389045, -36.4434311378209], [174.768292861725, -36.4432297509556], [174.768323139776, -36.4430886478587], [174.76841627514, -36.4428552113792], [174.768485905265, -36.4426921439007], [174.768525204577, -36.4426344217822], [174.768580949835, -36.4425610329778], [174.768628548259, -36.442517511085], [174.768679160598, -36.4424775050369], [174.768712685233, -36.442462739027], [174.768750707136, -36.442451466885], [174.76880489575, -36.442438765273], [174.768855832018, -36.4424130325271], [174.768982272163, -36.4423409844114], [174.769216521866, -36.4422185632146], [174.769321187177, -36.4421599168623], [174.769377714539, -36.4421210126774], [174.769402027786, -36.4420897251718], [174.769403013888, -36.4420683023012], [174.769397976324, -36.4420410194983], [174.769395991116, -36.4420184508326], [174.769398260272, -36.4419886800027], [174.769405053924, -36.4419636014838], [174.76942364061, -36.4419395379652], [174.76943948304, -36.4419238350538], [174.769452570478, -36.441916510938], [174.769475140699, -36.4419032862756]]}, "properties": {"OBJECTID": 73, "TRACKNAME": "Lookout Track", "CONDITIONSOFUSE": "Scandrett Regional Park", "STATUS": "Open", "WEBLINK": "https://www.aucklandcouncil.govt.nz/en/parks-recreation/find-park-beach/park-detail/225.html", "VALIDATIONSTATE": 3, "created_user": "AC_owner", "last_edited_user": "AC_owner", "last_edited_date": 1789875254325, "created_date": 1789875254325, "PARK_SAPSITEID": null, "TRACK_ID": null, "KAURIDIEBACK_TRACK": null, "KAURIDIEBACK_MITIGATED": null, "SegmentID": null, "GlobalID": "a01df314-d970-4183-94a5-0c94a0e9406d", "Shape__Length": 363.28217233058155, "_COUNCIL_TRACKNAME": "Lookout Track"}}, {"type": "Feature", "id": 130, "geometry": {"type": "LineString", "coordinates": [[174.430638817311, -36.8309007925906], [174.430678110017, -36.8309105144138], [174.430758940865, -36.8309228821342], [174.430826906709, -36.8309296447729], [174.430857673149, -36.8309313115918]]}, "properties": {"OBJECTID": 130, "TRACKNAME": "Lookout Track", "CONDITIONSOFUSE": "Muriwai Regional Park", "STATUS": "Open", "WEBLINK": "https://www.aucklandcouncil.govt.nz/en/parks-recreation/find-park-beach/park-detail/220.html", "VALIDATIONSTATE": 3, "created_user": "AC_owner", "last_edited_user": "AC_owner", "last_edited_date": 1789875254325, "created_date": 1789875254325, "PARK_SAPSITEID": null, "TRACK_ID": null, "KAURIDIEBACK_TRACK": null, "KAURIDIEBACK_MITIGATED": null, "SegmentID": null, "GlobalID": "8c7ac359-3b36-4a36-ae4c-a68e68c31bcd", "Shape__Length": 19.864042114868504, "_COUNCIL_TRACKNAME": "Lookout Track"}}, {"type": "Feature", "id": 1521, "geometry": {"type": "LineString", "coordinates": [[174.430857673149, -36.8309313115918], [174.43093593196, -36.8310072580644], [174.431042285756, -36.8310443859843], [174.431168341528, -36.8311043972355], [174.431275348806, -36.8311723716148], [174.431458804052, -36.8312238763991], [174.431536713634, -36.8312768232284], [174.431528745591, -36.8313540870727], [174.431453294912, -36.8314168489453], [174.431416538357, -36.8314945045098], [174.431438997775, -36.8316485067441], [174.431479486451, -36.8317482536118], [174.431529427936, -36.8318401707422], [174.431503242078, -36.8319639763263]]}, "properties": {"OBJECTID": 1521, "TRACKNAME": "Lookout Track", "CONDITIONSOFUSE": "Muriwai Regional Park", "STATUS": "Open", "WEBLINK": "https://www.aucklandcouncil.govt.nz/en/parks-recreation/find-park-beach/park-detail/220.html", "VALIDATIONSTATE": 3, "created_user": "AC_owner", "last_edited_user": "AC_owner", "last_edited_date": 1789875254325, "created_date": 1789875254325, "PARK_SAPSITEID": null, "TRACK_ID": null, "KAURIDIEBACK_TRACK": null, "KAURIDIEBACK_MITIGATED": null, "SegmentID": null, "GlobalID": "987fcdf4-b569-49e2-a109-e6426509b1f6", "Shape__Length": 154.35753085433447, "_COUNCIL_TRACKNAME": "Lookout Track"}}, {"type": "Feature", "id": 1724, "geometry": {"type": "LineString", "coordinates": [[174.820362947667, -36.6091729187078], [174.820345786042, -36.6092865912909], [174.820479425524, -36.6094325991575], [174.82061512255, -36.6096570576807], [174.820635966543, -36.6100404612141], [174.820558136636, -36.6103732104544], [174.820611436407, -36.6107560728814], [174.820783923001, -36.6111456135535], [174.820922818792, -36.6114921222298], [174.821004211678, -36.6117087841252], [174.821158583994, -36.6118195371053], [174.821343104698, -36.6118425583669], [174.821505988411, -36.6118659552493], [174.821615051221, -36.611898990303], [174.821637359634, -36.6119247708569], [174.821616415981, -36.611951293919], [174.821582962768, -36.6119983251253], [174.821619933734, -36.6120247738304]]}, "properties": {"OBJECTID": 1724, "TRACKNAME": "Lookout Track", "CONDITIONSOFUSE": "Shakespear Regional Park", "STATUS": "Open", "WEBLINK": "https://www.aucklandcouncil.govt.nz/en/parks-recreation/find-park-beach/park-detail/226.html", "VALIDATIONSTATE": 3, "created_user": "AC_owner", "last_edited_user": "AC_owner", "last_edited_date": 1789875254325, "created_date": 1789875254325, "PARK_SAPSITEID": null, "TRACK_ID": null, "KAURIDIEBACK_TRACK": null, "KAURIDIEBACK_MITIGATED": null, "SegmentID": null, "GlobalID": "e033b12d-10a0-45d1-988b-31916747b964", "Shape__Length": 372.7041386341872, "_COUNCIL_TRACKNAME": "Lookout Track"}}, {"type": "Feature", "id": 1941, "geometry": {"type": "LineString", "coordinates": [[174.431503242078, -36.8319639763263], [174.431569202529, -36.832094005942], [174.431686317876, -36.832185005854], [174.43184162941, -36.8322677485661], [174.432140242354, -36.832317675831], [174.432303522142, -36.8323231630755], [174.432436561737, -36.8322596256088], [174.43251348671, -36.8322662973379], [174.432629938056, -36.8323264317504]]}, "properties": {"OBJECTID": 1941, "TRACKNAME": "Lookout Track", "CONDITIONSOFUSE": "Muriwai Regional Park", "STATUS": "Open", "WEBLINK": "https://www.aucklandcouncil.govt.nz/en/parks-recreation/find-park-beach/park-detail/220.html", "VALIDATIONSTATE": 3, "created_user": "AC_owner", "last_edited_user": "AC_owner", "last_edited_date": 1789875254325, "created_date": 1789875254325, "PARK_SAPSITEID": null, "TRACK_ID": null, "KAURIDIEBACK_TRACK": null, "KAURIDIEBACK_MITIGATED": null, "SegmentID": null, "GlobalID": "006bc71b-be2f-4141-a033-f90fe1c09eb2", "Shape__Length": 121.55174398254987, "_COUNCIL_TRACKNAME": "Lookout Track"}}, {"type": "Feature", "id": 2130, "geometry": {"type": "LineString", "coordinates": [[174.768037426033, -36.4406859170283], [174.768053887062, -36.4406856731645], [174.768080597199, -36.4406852774593], [174.768103900456, -36.4406822370342], [174.768144132567, -36.44068973556], [174.768164284672, -36.4406948273703], [174.768187832715, -36.4407025730647], [174.768201733139, -36.4407266508441], [174.768199255418, -36.4407644562297], [174.768200234782, -36.4408076097832], [174.768207098759, -36.4408156026621], [174.768211412516, -36.4408586977988], [174.768218632639, -36.4408828745507], [174.768239519392, -36.4409203337633], [174.768259977716, -36.4409389149825], [174.768290206186, -36.440946561675], [174.768356569926, -36.4409242332047], [174.768403254325, -36.4409260022835], [174.768453696144, -36.4409414349792], [174.768490961173, -36.4409651665015], [174.768518333597, -36.4409944349809], [174.768539036844, -36.4410238022829], [174.768569938742, -36.4410611130215], [174.768587602484, -36.4411040193191], [174.768598841888, -36.4411578105793], [174.768599576434, -36.4411901689772], [174.768610632171, -36.4412358683828], [174.76862162676, -36.4412788735065], [174.768646950387, -36.4413648253197], [174.768654905272, -36.4414213604339], [174.768676037453, -36.4414696146999], [174.768690121667, -36.441501775252], [174.768700687777, -36.4415259023816], [174.7687181678, -36.4415607077897], [174.768742389608, -36.4415981174783], [174.768769590005, -36.4416193028832], [174.768790232352, -36.4416459758517], [174.768830771076, -36.4416669545398], [174.768894808214, -36.441692984312], [174.768928482858, -36.4417059701313], [174.768975028517, -36.441697185641], [174.76901768854, -36.4416641840236], [174.769037106209, -36.4416369172894], [174.769043602873, -36.4416287264155], [174.769095326112, -36.4416298165881]]}, "properties": {"OBJECTID": 2130, "TRACKNAME": "Lookout Track", "CONDITIONSOFUSE": "Scandrett Regional Park", "STATUS": "Open", "WEBLINK": "https://www.aucklandcouncil.govt.nz/en/parks-recreation/find-park-beach/park-detail/225.html", "VALIDATIONSTATE": 3, "created_user": "AC_owner", "last_edited_user": "AC_owner", "last_edited_date": 1789875254325, "created_date": 1789875254325, "PARK_SAPSITEID": null, "TRACK_ID": null, "KAURIDIEBACK_TRACK": null, "KAURIDIEBACK_MITIGATED": null, "SegmentID": null, "GlobalID": "70cca0a5-0cda-4131-b4b7-3ccb1f29ce62", "Shape__Length": 178.84625626876445, "_COUNCIL_TRACKNAME": "Lookout Track"}}, {"type": "Feature", "id": 2335, "geometry": {"type": "LineString", "coordinates": [[174.431487364018, -36.8298501133206], [174.43144199792, -36.8299741769291], [174.431361016342, -36.8302298935618], [174.43130605406, -36.8303540997018], [174.431326541558, -36.8304155440803], [174.431433238079, -36.8304680902968], [174.431491146491, -36.8304827346225], [174.431558960822, -36.830512673378], [174.431580268269, -36.8306126872771], [174.43153408223, -36.830698181341], [174.431421067674, -36.8308000380818], [174.431153851079, -36.8308731220782], [174.430953164516, -36.8309144419386], [174.430857673149, -36.8309313115918]]}, "properties": {"OBJECTID": 2335, "TRACKNAME": "Lookout Track", "CONDITIONSOFUSE": "Muriwai Regional Park", "STATUS": "Open", "WEBLINK": "https://www.aucklandcouncil.govt.nz/en/parks-recreation/find-park-beach/park-detail/220.html", "VALIDATIONSTATE": 3, "created_user": "AC_owner", "last_edited_user": "AC_owner", "last_edited_date": 1789875254325, "created_date": 1789875254325, "PARK_SAPSITEID": null, "TRACK_ID": null, "KAURIDIEBACK_TRACK": null, "KAURIDIEBACK_MITIGATED": null, "SegmentID": null, "GlobalID": "a359ef20-8909-48a3-af9e-a43d4d7766df", "Shape__Length": 177.90065258963332, "_COUNCIL_TRACKNAME": "Lookout Track"}}, {"type": "Feature", "id": 231, "geometry": {"type": "LineString", "coordinates": [[175.089950164266, -37.0668260722097], [175.089954285623, -37.0670073615951], [175.090037335096, -37.0673487758192], [175.090028510397, -37.0676627706645], [175.090088997721, -37.0678586673559], [175.090347350142, -37.067970484473], [175.090442288169, -37.0681000261477], [175.090373176826, -37.0682254212115], [175.090384674459, -37.0682984554689], [175.090372253848, -37.068322071344]]}, "properties": {"OBJECTID": 231, "TRACKNAME": "Lookout Walk", "CONDITIONSOFUSE": "Hunua Ranges Regional Park", "STATUS": "Open", "WEBLINK": "https://www.aucklandcouncil.govt.nz/en/parks-recreation/find-park-beach/park-detail/213.html", "VALIDATIONSTATE": 3, "created_user": "AC_owner", "last_edited_user": "AC_owner", "last_edited_date": 1789875254325, "created_date": 1789875254325, "PARK_SAPSITEID": null, "TRACK_ID": null, "KAURIDIEBACK_TRACK": null, "KAURIDIEBACK_MITIGATED": null, "SegmentID": null, "GlobalID": "d5b7d569-88fe-482c-a52d-07429ace4f86", "Shape__Length": 184.99382673273016, "_COUNCIL_TRACKNAME": "Lookout Walk"}}, {"type": "Feature", "id": 26, "geometry": {"type": "LineString", "coordinates": [[174.500964410179, -36.8907790304983], [174.501053330893, -36.8908127721017], [174.5012564749, -36.8908245280089], [174.501674948188, -36.8908891856328], [174.50173562905, -36.8908853899851], [174.501783734714, -36.8908606341197], [174.501829277263, -36.8908070126413], [174.501861085098, -36.8907866541547], [174.502200079769, -36.8906792511804], [174.502257345638, -36.8906552446146], [174.502510815606, -36.89038000504], [174.502961368579, -36.8901069048533], [174.503062192769, -36.8900741173115], [174.503270328488, -36.8900286416096], [174.503589647796, -36.8899270451359], [174.503973417462, -36.8897553524543], [174.504153366154, -36.8897226259123], [174.504341522802, -36.8897347556084], [174.50448456059, -36.8897807981438], [174.504540687857, -36.8898063353037], [174.504596234262, -36.8898697374212], [174.504610417325, -36.8899154105942], [174.504584364389, -36.8899607730973], [174.504406472257, -36.8901943540359], [174.504305559843, -36.8903638549335], [174.503991958731, -36.8907672053787], [174.503889516518, -36.8910384090686], [174.503839775637, -36.8912812103399], [174.503840801304, -36.8913146112158], [174.50385215508, -36.8913384890562], [174.503971271442, -36.891477802485], [174.504028374561, -36.8914935386166], [174.50415719336, -36.8914964956649], [174.504218513737, -36.8914778089976], [174.504295646059, -36.8914425531691], [174.504575404275, -36.8912519306958], [174.504672031634, -36.8911688082472], [174.50480994704, -36.8910063828411], [174.504886217695, -36.8909409956714], [174.504969302717, -36.8908820390482], [174.505172411232, -36.8907793775622], [174.50521989771, -36.8907591530475], [174.505261776247, -36.8907505100884], [174.505729646304, -36.8907218214087], [174.50577086695, -36.8907145386668], [174.505795757692, -36.8907008648503], [174.5059892001, -36.8904718530136], [174.50625323199, -36.8901860247914], [174.506388102532, -36.8899591430252], [174.506470958864, -36.8897670466227], [174.506770684556, -36.8893357429143], [174.506794901003, -36.8893083495494], [174.506818250172, -36.8892967772429], [174.506868202397, -36.8892970180011], [174.507041167775, -36.8893201705975], [174.507218591532, -36.8893583283025], [174.507331302346, -36.8893874638356], [174.507525845197, -36.8894624322291], [174.507742000795, -36.8895094178416], [174.508246135036, -36.8895693506642], [174.508443469333, -36.8896309958813], [174.508479881222, -36.8896365727409], [174.508506898696, -36.889612974297], [174.508584990835, -36.8894265525045], [174.508601671786, -36.8894068800694], [174.508625576449, -36.8893978872931], [174.508708356025, -36.8894034611618], [174.508786058722, -36.8894287493515], [174.50882943406, -36.8894619999163], [174.508886836142, -36.8895334256782], [174.508934416872, -36.8895619717135], [174.50898363575, -36.88957169431], [174.509088564976, -36.8895743094989], [174.509148632221, -36.8895610805092], [174.509302420128, -36.8894998436289], [174.509581232862, -36.8893630604324], [174.509676644787, -36.8893234586137], [174.509765497275, -36.8892932422325], [174.509901625781, -36.8892624249486], [174.510213299566, -36.889225626412], [174.510240529668, -36.8892327886862], [174.510301083228, -36.8892761590667], [174.510326676848, -36.8892799980366], [174.51047412007, -36.889239112155], [174.510548528773, -36.8892276290562], [174.510797441453, -36.889204588688], [174.510978157138, -36.8892092850569], [174.511138334115, -36.8892320354712], [174.511210171553, -36.8892495096732], [174.511362852295, -36.8893268790925], [174.51150591069, -36.8894153404251], [174.511557654195, -36.8894375588936], [174.511608314929, -36.8894401502346], [174.511867244633, -36.8894094987845], [174.51208092227, -36.8894496395578], [174.512158963193, -36.8894789323255], [174.512211121243, -36.8895085004197], [174.512334178379, -36.8896217055854], [174.512367329616, -36.8896428714112], [174.512511720032, -36.8896793234625], [174.512691799135, -36.8897051534554], [174.5127431441, -36.8896923672193], [174.512995520837, -36.8895997553701], [174.513026045584, -36.8895975728921], [174.513150170304, -36.8896175618262], [174.513385066206, -36.8895694471515], [174.513426324182, -36.8895442330168], [174.513517070088, -36.8894451610228], [174.513557567625, -36.8894161076762], [174.513673013892, -36.8893631595158], [174.513995908434, -36.8892735590136], [174.514024925254, -36.8892507180444], [174.514062311078, -36.8891885607686], [174.514080343174, -36.8891731698982], [174.514115173573, -36.8891725276954], [174.514304091729, -36.8892112764245], [174.514359370623, -36.8892062271968], [174.514395977668, -36.8891705530133], [174.514428361152, -36.8891159227427], [174.514540689424, -36.8888751226949], [174.514656115372, -36.888600310369], [174.51469016609, -36.888569310748], [174.51474428772, -36.8885505842731], [174.514767009123, -36.8885578570762], [174.514791939911, -36.8885826694269], [174.514817428813, -36.8886209591672], [174.514828302794, -36.8886550455763], [174.514853383002, -36.8888952386207], [174.514844635024, -36.8891135270216], [174.514939728087, -36.8892169275754], [174.514969283171, -36.8892724356932], [174.515010963141, -36.8894190620049], [174.515008383255, -36.8896263471224], [174.515142606958, -36.8898523577155], [174.515137944767, -36.88989296985], [174.515088133877, -36.8900088994494], [174.515089754231, -36.8900482957321], [174.515159899663, -36.8901413149656], [174.515191248839, -36.8901620973572], [174.515239154291, -36.8901796850388], [174.515339842013, -36.890203269606], [174.515491486937, -36.8901808380703], [174.515542495043, -36.8901913193027], [174.515560100884, -36.8902196411169], [174.515547329629, -36.890297348967]]}, "properties": {"OBJECTID": 26, "TRACKNAME": "Lower Kauri Track", "CONDITIONSOFUSE": "Waitakere North Regional Park", "STATUS": "Temp Closed", "WEBLINK": "https://www.aucklandcouncil.govt.nz/en/parks-recreation/find-park-beach/park-detail/3407.html", "VALIDATIONSTATE": 3, "created_user": "AC_owner", "last_edited_user": "AC_owner", "last_edited_date": 1789875254325, "created_date": 1789875254325, "PARK_SAPSITEID": null, "TRACK_ID": null, "KAURIDIEBACK_TRACK": null, "KAURIDIEBACK_MITIGATED": null, "SegmentID": null, "GlobalID": "4e1f2864-b5db-49a4-be7b-ce8a028baf99", "Shape__Length": 2020.453105536066, "_COUNCIL_TRACKNAME": "Lower Kauri Track"}}, {"type": "Feature", "id": 1783, "geometry": {"type": "LineString", "coordinates": [[175.277253246555, -37.0448222389448], [175.277098589164, -37.0447410781576], [175.27709123358, -37.044513755614], [175.277290789851, -37.0443028096995], [175.277491019069, -37.0441125339762], [175.277843922575, -37.0438570407228], [175.278197486956, -37.0436222261995], [175.278393712008, -37.0433079432974], [175.278454993099, -37.0428103542796], [175.278261817119, -37.04242146782], [175.278097787804, -37.0421353662096], [175.278186192864, -37.0416785689901], [175.27817816092, -37.0414305850169], [175.278013460131, -37.0411238126645], [175.278078090292, -37.040729558567], [175.278201550467, -37.0405191627101], [175.278380774181, -37.0403633469367], [175.278558147972, -37.0402896964095]]}, "properties": {"OBJECTID": 1783, "TRACKNAME": "Lower Link Track", "CONDITIONSOFUSE": "Waharau Regional Park", "STATUS": "Closed upgrade", "WEBLINK": "https://www.aucklandcouncil.govt.nz/en/parks-recreation/find-park-beach/park-detail/233.html", "VALIDATIONSTATE": 3, "created_user": "AC_owner", "last_edited_user": "AC_owner", "last_edited_date": 1789875254325, "created_date": 1789875254325, "PARK_SAPSITEID": null, "TRACK_ID": null, "KAURIDIEBACK_TRACK": null, "KAURIDIEBACK_MITIGATED": null, "SegmentID": null, "GlobalID": "77c1ea61-de7f-42a1-9a90-be9e2ae51483", "Shape__Length": 584.9104746333708, "_COUNCIL_TRACKNAME": "Lower Link Track"}}, {"type": "Feature", "id": 1677, "geometry": {"type": "LineString", "coordinates": [[174.604580995522, -36.9440919724516], [174.604505476019, -36.9441115761889], [174.604469252315, -36.9441116005929], [174.604443134106, -36.9441037566299], [174.604423244433, -36.9440789705009], [174.604382113645, -36.9439911955418], [174.604353979362, -36.9439555423307], [174.604294401731, -36.9439189421097], [174.604185676591, -36.9438853142508], [174.604136545351, -36.9438463320474], [174.604126089498, -36.9438265146591], [174.604132219792, -36.9437993164481], [174.604223776319, -36.943724417323], [174.604234803735, -36.9437068037234], [174.604233863869, -36.9436847441004], [174.604203379147, -36.9436222487799], [174.604114121867, -36.9434940492974], [174.604074357656, -36.9434543834774], [174.604002550123, -36.9434121913843], [174.603652146579, -36.9433111940393], [174.603542174278, -36.9432948352121], [174.603443058198, -36.9433006363534], [174.603280382228, -36.9433739885713], [174.603251310705, -36.943380755488], [174.603213644022, -36.9433757270775], [174.603140648635, -36.943346808493], [174.603065856109, -36.9432782122412], [174.603012471946, -36.9432511713146], [174.602923406744, -36.9432227534735], [174.60276489114, -36.9432070375299], [174.602707182098, -36.9431921888557], [174.602275533587, -36.9430137347439], [174.602176839382, -36.9429603138504], [174.602136722676, -36.9429252030517], [174.602124301585, -36.942901274785], [174.602154214127, -36.9427878622366], [174.602148001698, -36.9427117069265], [174.602042909795, -36.9424949127765], [174.601946863896, -36.9423226918682], [174.601914704415, -36.9422907852011], [174.601881522642, -36.942278859991], [174.601689488978, -36.9423018265684], [174.601623798176, -36.94230238279], [174.601594032333, -36.9422942097237], [174.601593568017, -36.9422699930238], [174.601638751378, -36.9421638017543], [174.601642913161, -36.942132542574], [174.601619023891, -36.9420985818501], [174.601543194336, -36.9420359484184], [174.60166264424, -36.9418311721966], [174.601675127705, -36.941822159727]]}, "properties": {"OBJECTID": 1677, "TRACKNAME": "Lower Loop", "CONDITIONSOFUSE": "Waitakere Central Regional Park", "STATUS": "Closed Dieback", "WEBLINK": "https://www.aucklandcouncil.govt.nz/en/parks-recreation/find-park-beach/park-detail/204.html", "VALIDATIONSTATE": 3, "created_user": "AC_owner", "last_edited_user": "AC_owner", "last_edited_date": 1789875254325, "created_date": 1789875254325, "PARK_SAPSITEID": null, "TRACK_ID": null, "KAURIDIEBACK_TRACK": null, "KAURIDIEBACK_MITIGATED": null, "SegmentID": null, "GlobalID": "075f3813-4903-402f-ab8f-26332a00a5ec", "Shape__Length": 462.2942375050293, "_COUNCIL_TRACKNAME": "Lower Loop"}}, {"type": "Feature", "id": 12536, "geometry": {"type": "LineString", "coordinates": [[175.06712978045, -36.8053774854987], [175.067134573436, -36.8053173085084], [175.067130984852, -36.8052631357468], [175.067130972316, -36.805263086393], [175.067100254238, -36.8051480713507], [175.067100253045, -36.8051480686675], [175.067070907779, -36.8050396696622], [175.067049684222, -36.8049645777822], [175.067049682956, -36.8049645723963], [175.066904382538, -36.8046318725304], [175.06690437779, -36.8046318626986], [175.066852078157, -36.8045105278992], [175.066819701623, -36.8044604896873], [175.066819698141, -36.8044604852413], [175.066738123293, -36.8043540505012], [175.066738118691, -36.8043540460747], [175.066687931473, -36.8043043481059], [175.066687929184, -36.8043043463431], [175.066616212368, -36.8042502790516], [175.066565640737, -36.8042283028647], [175.066565637327, -36.8042283011213], [175.066511775022, -36.8042149985981], [175.066511763747, -36.8042149960902], [175.066459359874, -36.804211208513], [175.066459349791, -36.8042112086883], [175.066401329537, -36.8042180558794], [175.066401320623, -36.804218057837], [175.066309287772, -36.8042408301076], [175.066309284411, -36.804240830166], [175.066152853433, -36.8042963781943], [175.06615284676, -36.8042963801129], [175.066075102656, -36.8043198439254], [175.066075097102, -36.8043198458246], [175.066019637722, -36.8043333206915], [175.066019626592, -36.8043333235889], [175.065928509994, -36.8043465330119], [175.065764637218, -36.80435156548], [175.065764630496, -36.8043515655968], [175.065597010059, -36.8043499806741], [175.065480196003, -36.8043388205985], [175.065480193762, -36.8043388206374], [175.065339362624, -36.8043185626162], [175.065339359239, -36.8043185617737], [175.065229604563, -36.8043044108501], [175.065229594432, -36.8043044092235], [175.06508508163, -36.8042804005306], [175.065085076004, -36.804280399727], [175.064970429595, -36.8042615548122], [175.06497042397, -36.8042615540086], [175.064875058426, -36.8042519044988], [175.064875051705, -36.8042519046155], [175.064801272606, -36.8042485326424], [175.064801262499, -36.8042485319167], [175.064727539181, -36.8042470696978], [175.064727531315, -36.8042470689331], [175.064653860413, -36.804247516527], [175.064653857053, -36.8042475165853], [175.064574498682, -36.8042566712815], [175.064518840533, -36.8042634630137], [175.064518828259, -36.8042634650295], [175.064440885079, -36.8042802435441], [175.064366614476, -36.804300766252], [175.064366607827, -36.8043007690714], [175.064287928837, -36.804332848219], [175.064287925524, -36.8043328500792], [175.064223296428, -36.8043579740901], [175.064147012374, -36.8043909660435], [175.064055788757, -36.8044414485088], [175.064055786541, -36.8044414494486], [175.063981086817, -36.8044877864693], [175.063746976851, -36.8046098002568], [175.063746972418, -36.8046098021364], [175.063644756556, -36.8046499812069], [175.063644749882, -36.8046499831254], [175.063557280447, -36.8046659782591], [175.063557271508, -36.8046659793155], [175.063487250675, -36.8046692226768], [175.063487241713, -36.8046692228324], [175.063432713758, -36.804674081871], [175.063432708181, -36.8046740828691], [175.063384183412, -36.8046807385414], [175.063384178955, -36.8046807395201], [175.06334170325, -36.8046911099183], [175.063316442334, -36.804700811081], [175.063316440118, -36.8047008120208], [175.063301339048, -36.8047107460358]]}, "properties": {"OBJECTID": 12536, "TRACKNAME": "Lower Loop", "CONDITIONSOFUSE": "Onetangi Sports Park (Rangihoua)", "STATUS": "Open", "WEBLINK": "https://www.aucklandcouncil.govt.nz/en/parks-recreation/find-park-beach/park-detail/120.html", "VALIDATIONSTATE": 3, "created_user": "AC_owner", "last_edited_user": "AC_owner", "last_edited_date": 1789875254325, "created_date": 1789875254325, "PARK_SAPSITEID": null, "TRACK_ID": null, "KAURIDIEBACK_TRACK": null, "KAURIDIEBACK_MITIGATED": null, "SegmentID": null, "GlobalID": "576853c0-8f93-4331-b5e3-f3bf1677714b", "Shape__Length": 449.05013572440896, "_COUNCIL_TRACKNAME": "Lower Loop"}}, {"type": "Feature", "id": 12639, "geometry": {"type": "LineString", "coordinates": [[174.601675127705, -36.941822159727], [174.601681803624, -36.9418173402734], [174.601702634068, -36.9418136530688], [174.601749030745, -36.941828879288], [174.60185119954, -36.9418849189914], [174.601887296751, -36.9419146733041], [174.601896396441, -36.9419554620549], [174.60188406129, -36.9420291004649], [174.60188945347, -36.942070335829], [174.601930191253, -36.9421776601586], [174.601982136618, -36.9422522511497], [174.602086664819, -36.9422459004992], [174.602353867822, -36.9422800237095], [174.60251568252, -36.9422654372801], [174.602551781136, -36.9423007590227], [174.60273011123, -36.942598520564], [174.602765560891, -36.9426409094913], [174.602889438759, -36.9427016036575], [174.603172660904, -36.9427741857971], [174.603429280523, -36.9428144804068], [174.603734427169, -36.9428144531935], [174.603797235061, -36.9428029346304], [174.6039729793, -36.9427315179504], [174.604057433476, -36.9427167143426], [174.604138432068, -36.942736919931], [174.604348894805, -36.9428171504266], [174.604451419684, -36.9428479848223], [174.604521662289, -36.9428578212109], [174.60458990887, -36.9428381309816], [174.604639163959, -36.9428475983446], [174.604743786097, -36.9429375058335], [174.604828144623, -36.9431130902687], [174.604904073729, -36.9432284628502], [174.604952639885, -36.9432606904311], [174.605133670115, -36.943353378341], [174.605185413821, -36.9433933929169], [174.605192962939, -36.943441483473], [174.605177840193, -36.9436334425452], [174.605134560447, -36.9437149357394]]}, "properties": {"OBJECTID": 12639, "TRACKNAME": "Lower Loop", "CONDITIONSOFUSE": "Waitakere Central Regional Park", "STATUS": "Open", "WEBLINK": "https://www.aucklandcouncil.govt.nz/en/parks-recreation/find-park-beach/park-detail/204.html", "VALIDATIONSTATE": 3, "created_user": "AC_owner", "last_edited_user": "AC_owner", "last_edited_date": 1789875254325, "created_date": 1789875254325, "PARK_SAPSITEID": null, "TRACK_ID": null, "KAURIDIEBACK_TRACK": null, "KAURIDIEBACK_MITIGATED": null, "SegmentID": null, "GlobalID": "651e7501-e419-407c-ae14-27b43e11bbf8", "Shape__Length": 450.42779741314024, "_COUNCIL_TRACKNAME": "Lower Loop"}}, {"type": "Feature", "id": 2364, "geometry": {"type": "LineString", "coordinates": [[175.163865599496, -37.1351097058784], [175.163859562648, -37.1351419906296], [175.163844041841, -37.1351772334341], [175.163836504392, -37.1352058414655], [175.163828939918, -37.1352402179678], [175.163825200388, -37.1352685854022], [175.163823618616, -37.1353007797782], [175.163831469647, -37.1353321710153], [175.163852330118, -37.135353960714], [175.163875467521, -37.1353647947301], [175.163886386068, -37.13536991268], [175.163919630794, -37.135377146373], [175.163954247541, -37.1353835438766], [175.163988261668, -37.1353881498833], [175.164030626548, -37.1353926934854], [175.164068974256, -37.1353964993221], [175.164109420538, -37.1354052146594], [175.164149750427, -37.1354134003732], [175.164187747064, -37.135424242306], [175.164252786017, -37.1354363927657], [175.164299586763, -37.1354468845836], [175.164359250049, -37.1354655320281], [175.164414466864, -37.1354881270151], [175.164454791374, -37.1355024411976], [175.164510135429, -37.1355259440735], [175.164559157215, -37.1355491929115], [175.164593646392, -37.1355704631219], [175.16463302232, -37.1356004672465], [175.164673292616, -37.1356294636466], [175.164695921394, -37.1356516715079], [175.164717536067, -37.1356805581029], [175.164727095842, -37.1357094846894], [175.164726100971, -37.1357432996034], [175.16471901838, -37.1357712685021], [175.16470425055, -37.1358100125163], [175.164684346369, -37.1358510133598], [175.164669197253, -37.1358830951128], [175.164654232678, -37.1359279711902], [175.164641853351, -37.1359624447144], [175.164629451936, -37.136002857854], [175.164617875358, -37.1360852449886], [175.164609466292, -37.1361417174973], [175.164610319834, -37.1361752192536], [175.164599926419, -37.1362043301263], [175.164581636047, -37.1362403446149], [175.164572980213, -37.1362656475194], [175.164571971734, -37.1362950375598], [175.164586296173, -37.1363580343433], [175.164646399046, -37.1365322827771], [175.164802528291, -37.1366363811454], [175.164849387904, -37.1366556227578], [175.164866137595, -37.1366604961795], [175.164938619018, -37.1367155474676], [175.165008031693, -37.1368100004868], [175.165023959206, -37.1368948591825], [175.165002632686, -37.1370656384693], [175.164828348331, -37.1373151092179], [175.164681521062, -37.1374154896304], [175.164383499934, -37.1374611819644], [175.1638752708, -37.137434987406], [175.163875049434, -37.1374350013626], [175.163103725785, -37.1375017996115], [175.162438336407, -37.1374391511278], [175.161879391643, -37.1377536390347], [175.161417516877, -37.1381422295307], [175.160579084871, -37.1386139941575], [175.159084607855, -37.1393264103003], [175.157857894684, -37.1395023940258], [175.15738436978, -37.1395117292604], [175.155868802474, -37.1395416594101], [175.15520807251, -37.1396305475738], [175.154552118841, -37.1398711693572], [175.153983775656, -37.1398823143794], [175.15369493247, -37.1397362727924], [175.153466295327, -37.1392484465656], [175.1534499195, -37.1388639024138], [175.15320737761, -37.1382980278761], [175.152997097422, -37.1380516176827], [175.152730485635, -37.1379429318947], [175.152972882237, -37.1377374951313], [175.153398653072, -37.1371575823243], [175.153907260153, -37.1357215988001], [175.153881167092, -37.1351289887778], [175.153285179843, -37.1342356890495], [175.15330141787, -37.1330701427837], [175.15330312214, -37.1329499934063], [175.153680247931, -37.1322822987655], [175.153352080647, -37.1315862445008], [175.152821698114, -37.1308780914777], [175.152707457083, -37.1301646384435], [175.153011067648, -37.1297524696229], [175.152982716677, -37.1293740816361], [175.153186506825, -37.1289734595378], [175.153191066571, -37.1284631975782], [175.153065994439, -37.1282746217182], [175.152560939207, -37.1278861574378], [175.152380152378, -37.1274245860428], [175.153060255789, -37.1260744158419], [175.153607627874, -37.1255335608862], [175.153830631232, -37.1251695306684], [175.15389520511, -37.1247463829146], [175.15378753482, -37.1243563775032], [175.153818091006, -37.1240295517347], [175.154571867032, -37.1228085979136], [175.154610908482, -37.1221722726856], [175.154296116714, -37.1214916580892], [175.154129189444, -37.1208215940919], [175.15307066678, -37.1202944211662], [175.152691349015, -37.119965668708], [175.151491027964, -37.1199885487523], [175.151201830646, -37.119994069304], [175.150081091105, -37.1197493149772], [175.1499024651, -37.1197733656385], [175.149868312388, -37.1184642874047], [175.1496564495, -37.1172407889433], [175.149358881621, -37.1169531534803], [175.148497120735, -37.1165585304286], [175.147690094659, -37.1164386289381], [175.14810079502, -37.1160303895977], [175.148181409936, -37.1157601390486], [175.148071939916, -37.1138765424168], [175.147732478752, -37.1132685276782], [175.14729650307, -37.1124856512264], [175.147137685399, -37.111965009289], [175.147226786585, -37.1116406294926], [175.147555319409, -37.1111759392475], [175.147435725245, -37.1105260051528], [175.147470120026, -37.1101079217906], [175.14757192546, -37.1099553245489]]}, "properties": {"OBJECTID": 2364, "TRACKNAME": "Lower Mangatawhiri Track", "CONDITIONSOFUSE": "Hunua Ranges Regional Park", "STATUS": "Permanent", "WEBLINK": "https://www.aucklandcouncil.govt.nz/en/parks-recreation/find-park-beach/park-detail/213.html", "VALIDATIONSTATE": 3, "created_user": "AC_owner", "last_edited_user": "AC_owner", "last_edited_date": 1789875254325, "created_date": 1789875254325, "PARK_SAPSITEID": null, "TRACK_ID": null, "KAURIDIEBACK_TRACK": null, "KAURIDIEBACK_MITIGATED": null, "SegmentID": null, "GlobalID": "5a5d8d87-4573-4988-8bcb-b8ee721a7a4a", "Shape__Length": 5337.545695419816, "_COUNCIL_TRACKNAME": "Lower Mangatawhiri Track"}}, {"type": "Feature", "id": 12191, "geometry": {"type": "LineString", "coordinates": [[175.147456930587, -37.1101004821089], [175.147279715561, -37.1100040055193], [175.147075196457, -37.1099862520358], [175.146830237343, -37.1099801719573], [175.146707928175, -37.1099825677009], [175.146490141498, -37.1099759586806], [175.146230266106, -37.1099266170091], [175.145901096123, -37.1098350620457], [175.145749603148, -37.109772698457], [175.145639550427, -37.1097312956121], [175.145557010772, -37.1097002366527], [175.145226842319, -37.1095760274445], [175.145089947896, -37.1095460511428], [175.144870502913, -37.1094850064199], [175.144759780825, -37.1094218405843], [175.144513153198, -37.1093613321676], [175.144361662238, -37.1092989667334], [175.144237354723, -37.1092360642289], [175.144084864295, -37.1091410370761], [175.143888617259, -37.1089488440475], [175.143762641237, -37.1088315265018], [175.143663836878, -37.1087136542647], [175.143604155231, -37.1085405755492], [175.143586230923, -37.1083993488956], [175.143608598307, -37.1081788582741], [175.143641341072, -37.1080303784899], [175.14366375243, -37.1079184889894], [175.143701322612, -37.1078404530604], [175.143727149661, -37.1077489782424], [175.143791894335, -37.1076272221361], [175.143853863068, -37.1075077909723], [175.143885881422, -37.1074344058397], [175.143895959429, -37.1073645773773], [175.143924969773, -37.1072304156448], [175.143928839491, -37.1071218347299]]}, "properties": {"OBJECTID": 12191, "TRACKNAME": "Lower Mangatawhiri Track", "CONDITIONSOFUSE": "Hunua Ranges Regional Park", "STATUS": "Temp Closed", "WEBLINK": "https://www.aucklandcouncil.govt.nz/en/parks-recreation/find-park-beach/park-detail/213.html", "VALIDATIONSTATE": 3, "created_user": "AC_owner", "last_edited_user": "AC_owner", "last_edited_date": 1789875254325, "created_date": 1789875254325, "PARK_SAPSITEID": null, "TRACK_ID": null, "KAURIDIEBACK_TRACK": null, "KAURIDIEBACK_MITIGATED": null, "SegmentID": null, "GlobalID": "609f85c9-2299-4429-8456-6846df05d364", "Shape__Length": 566.5768668202603, "_COUNCIL_TRACKNAME": "Lower Mangatawhiri Track"}}, {"type": "Feature", "id": 3232, "geometry": {"type": "LineString", "coordinates": [[174.588258447154, -36.9569807122385], [174.588277159617, -36.9569017593875], [174.588306005949, -36.9568238778673], [174.588335987256, -36.9567603559275], [174.588373469796, -36.9567133698864], [174.588420345767, -36.9566827429929], [174.588507214798, -36.9566591063616], [174.588585041975, -36.9566590681892], [174.588658049723, -36.9566760020306], [174.588680178191, -36.9566145581502], [174.588725045116, -36.9566969254516], [174.58878472449, -36.9567175285147], [174.588924960575, -36.9567684772719], [174.589049150306, -36.9568241717406], [174.589154014233, -36.9568888336382], [174.589255553019, -36.9569495658899], [174.589350081126, -36.9570160713302], [174.589451940928, -36.9570671609493], [174.589571495575, -36.957104614052], [174.589678163504, -36.9571353757909], [174.589782466521, -36.9571505973367], [174.589884093694, -36.9571535313348], [174.590008244783, -36.9571468670354], [174.590155703735, -36.9571307146492], [174.590263831699, -36.9571110238332], [174.590363389535, -36.9570777030025], [174.590441040024, -36.9570272506321], [174.590509617424, -36.9569761932761], [174.590577402121, -36.9569201845567], [174.590629357449, -36.9568820066208], [174.590692421951, -36.9568496702017], [174.590774134756, -36.9568343249423], [174.590858267421, -36.9568280256215], [174.591321104676, -36.9567917354882], [174.591950476069, -36.9567407088003], [174.592330617793, -36.956710842482], [174.592518154522, -36.9566856264339], [174.592584067224, -36.9566871966364], [174.592712551229, -36.9566888242224], [174.592851542781, -36.9566695606629], [174.593001874877, -36.9566619011079], [174.593187987367, -36.9566491489849], [174.593316569761, -36.9566286058422], [174.593640650883, -36.9566352632684]]}, "properties": {"OBJECTID": 3232, "TRACKNAME": "Lower Nihotapu Dam Road", "CONDITIONSOFUSE": "Waitakere Central Regional Park", "STATUS": "Temp Closed", "WEBLINK": "https://www.aucklandcouncil.govt.nz/en/parks-recreation/find-park-beach/park-detail/204.html", "VALIDATIONSTATE": 3, "created_user": "AC_owner", "last_edited_user": "AC_owner", "last_edited_date": 1789875254325, "created_date": 1789875254325, "PARK_SAPSITEID": null, "TRACK_ID": null, "KAURIDIEBACK_TRACK": null, "KAURIDIEBACK_MITIGATED": null, "SegmentID": null, "GlobalID": "006aaf77-5dcc-46c9-af51-48b164273b8e", "Shape__Length": 539.8911011512406, "_COUNCIL_TRACKNAME": "Lower Nihotapu Dam Road"}}, {"type": "Feature", "id": 3233, "geometry": {"type": "LineString", "coordinates": [[174.593640650883, -36.9566352632684], [174.593903135194, -36.9566406547725], [174.594535424929, -36.9565989033107], [174.594927305043, -36.9565566568089], [174.595186058528, -36.9566376550234], [174.595524850101, -36.9569114668096], [174.595846007326, -36.9570764150264], [174.596395432961, -36.9573106896406], [174.596699506725, -36.9573910119816], [174.597183422288, -36.9574080008272], [174.597454182123, -36.9573554234687], [174.597889955946, -36.9572518614953], [174.598129661891, -36.9571633851203], [174.598869358219, -36.9568058553088], [174.599244050752, -36.9566287314964]]}, "properties": {"OBJECTID": 3233, "TRACKNAME": "Lower Nihotapu Dam Road", "CONDITIONSOFUSE": "Waitakere Central Regional Park", "STATUS": "Closed Dieback", "WEBLINK": "https://www.aucklandcouncil.govt.nz/en/parks-recreation/find-park-beach/park-detail/204.html", "VALIDATIONSTATE": 3, "created_user": "AC_owner", "last_edited_user": "AC_owner", "last_edited_date": 1789875254325, "created_date": 1789875254325, "PARK_SAPSITEID": null, "TRACK_ID": null, "KAURIDIEBACK_TRACK": null, "KAURIDIEBACK_MITIGATED": null, "SegmentID": null, "GlobalID": "2ec67494-6256-44c5-9a78-4d543a6cffdf", "Shape__Length": 548.019007153019, "_COUNCIL_TRACKNAME": "Lower Nihotapu Dam Road"}}, {"type": "Feature", "id": 2823, "geometry": {"type": "LineString", "coordinates": [[174.503149559781, -36.9649409190464], [174.503155257875, -36.9649250820819], [174.503193565311, -36.9648972857665], [174.503098956852, -36.9647964225193], [174.503062657309, -36.9647149663754], [174.503041780415, -36.9646198035404], [174.503039835462, -36.9645026060769], [174.503048274391, -36.9644502112381], [174.503090613227, -36.964352102768], [174.503190427009, -36.9642533025861], [174.503273636324, -36.9642143556898], [174.503375434949, -36.9641805183999], [174.503425920391, -36.9641716856716], [174.503485849308, -36.9641872503611], [174.50364289506, -36.9642536115642], [174.503741155903, -36.9643397178992], [174.503793834109, -36.9643601244507], [174.503868116628, -36.9643670253079], [174.50395682045, -36.9643618634732], [174.504074886402, -36.9643121718594], [174.504113804564, -36.9643068835257], [174.504317972027, -36.9643469850165], [174.504469618284, -36.9643974864758], [174.504520651015, -36.9644078994287], [174.504699292719, -36.9643895099168], [174.505013781231, -36.9642951979143], [174.505054277248, -36.9642970280524], [174.505219618832, -36.9643305355143], [174.505268925785, -36.9643308837917], [174.505403252552, -36.9642496623684], [174.50546297107, -36.9642277140584], [174.505504155649, -36.9642211616633], [174.505629194664, -36.9642273005468], [174.505733077378, -36.9642576928685], [174.505865003983, -36.9643066940134], [174.50600511757, -36.9643926641433], [174.506050188092, -36.9644105973177], [174.506099545336, -36.964404373687], [174.506305056601, -36.9643427360683], [174.506450197678, -36.9643212807268], [174.506513566768, -36.9643472199612], [174.506680427708, -36.9644617655198], [174.506868958597, -36.9646481897428], [174.506935150624, -36.9647842572828], [174.506994336527, -36.9648070855762], [174.507111102074, -36.9648162753644], [174.50741398652, -36.9647687047074], [174.507462302727, -36.9647825940817], [174.507571068359, -36.9648395129251], [174.507601320654, -36.964845339117], [174.507626603468, -36.9648110637604], [174.507656050262, -36.9647145415975], [174.507675330941, -36.9646982975714], [174.507809213162, -36.9647307407317], [174.507850655744, -36.9647332789785], [174.507999111393, -36.9647067320176], [174.508187167319, -36.9646605188417], [174.508369582863, -36.9647115798139], [174.508505533729, -36.9647190552409], [174.508531530056, -36.9647141279577], [174.508547631875, -36.964699600718], [174.508570635103, -36.9646221248561], [174.508626886464, -36.9647665922401], [174.508666932975, -36.9649021437596], [174.508691933289, -36.964929272482], [174.508739499502, -36.9649318948381], [174.508944919858, -36.964914059957], [174.509225801167, -36.9648711720142], [174.509276600553, -36.9648771151273], [174.509385273926, -36.9649116526735], [174.509439378166, -36.9649171480842], [174.509632409835, -36.9649073384171], [174.509831707645, -36.9648820895525], [174.509874851939, -36.9648974137855], [174.50997263205, -36.9649775539792], [174.510029922738, -36.9649925269598], [174.510091252284, -36.9649941714911], [174.510173285581, -36.9649714592408], [174.510224545327, -36.9649409991406], [174.510261153862, -36.9648984128228], [174.510324947075, -36.9647620996592], [174.510386091857, -36.9646708341166], [174.510433100687, -36.9646338841323], [174.510638240141, -36.964508111946], [174.510822109668, -36.9644559267943], [174.510890456093, -36.9644289986138], [174.511109709916, -36.9643314478627], [174.511358404801, -36.9641828113383], [174.511609443045, -36.9640925165841], [174.51169217096, -36.9640703532931], [174.511905439853, -36.9640661501077], [174.511955449071, -36.9640571485664], [174.512000249492, -36.9640113927601], [174.512087942554, -36.9638580810635], [174.51217231827, -36.9637534309573], [174.512223972258, -36.9637072091954], [174.51231995502, -36.9636612519603], [174.512402244817, -36.9636368493723], [174.512634194326, -36.9636265120001]]}, "properties": {"OBJECTID": 2823, "TRACKNAME": "Lucy Cranwell Track", "CONDITIONSOFUSE": "Waitakere West Regional Park", "STATUS": "Temp Closed", "WEBLINK": "https://www.aucklandcouncil.govt.nz/en/parks-recreation/find-park-beach/park-detail/3451.html", "VALIDATIONSTATE": 3, "created_user": "AC_owner", "last_edited_user": "AC_owner", "last_edited_date": 1789875254325, "created_date": 1789875254325, "PARK_SAPSITEID": null, "TRACK_ID": null, "KAURIDIEBACK_TRACK": null, "KAURIDIEBACK_MITIGATED": null, "SegmentID": null, "GlobalID": "9b99b0c2-ae42-464d-a803-5be0aaf7070d", "Shape__Length": 1096.4484670094507, "_COUNCIL_TRACKNAME": "Lucy Cranwell Track"}}, {"type": "Feature", "id": 968, "geometry": {"type": "LineString", "coordinates": [[174.479035831492, -36.9507084314827], [174.479044936112, -36.9506705625307], [174.479068853533, -36.9506587451233], [174.479215416459, -36.9506513307793], [174.479722532974, -36.9505454468287], [174.479776784827, -36.9505406244002]]}, "properties": {"OBJECTID": 968, "TRACKNAME": "Mangaroa Lookout Track", "CONDITIONSOFUSE": "Waitakere West Regional Park", "STATUS": "Open", "WEBLINK": "https://www.aucklandcouncil.govt.nz/en/parks-recreation/find-park-beach/park-detail/3451.html", "VALIDATIONSTATE": 3, "created_user": "AC_owner", "last_edited_user": "AC_owner", "last_edited_date": 1789875254325, "created_date": 1789875254325, "PARK_SAPSITEID": null, "TRACK_ID": null, "KAURIDIEBACK_TRACK": null, "KAURIDIEBACK_MITIGATED": null, "SegmentID": null, "GlobalID": "b2fc65a7-b8e1-43b4-8b60-f8b4f6dd46cb", "Shape__Length": 71.38221339332804, "_COUNCIL_TRACKNAME": "Mangaroa Lookout Track"}}, {"type": "Feature", "id": 1952, "geometry": {"type": "LineString", "coordinates": [[174.479776784827, -36.9505406244002], [174.479786684462, -36.9505397438702], [174.480014627424, -36.9505702082021], [174.480081203238, -36.9505859003416], [174.480330475776, -36.9507447141235]]}, "properties": {"OBJECTID": 1952, "TRACKNAME": "Mangaroa Lookout Track", "CONDITIONSOFUSE": "Waitakere West Regional Park", "STATUS": "Open", "WEBLINK": "https://www.aucklandcouncil.govt.nz/en/parks-recreation/find-park-beach/park-detail/3451.html", "VALIDATIONSTATE": 3, "created_user": "AC_owner", "last_edited_user": "AC_owner", "last_edited_date": 1789875254325, "created_date": 1789875254325, "PARK_SAPSITEID": null, "TRACK_ID": null, "KAURIDIEBACK_TRACK": null, "KAURIDIEBACK_MITIGATED": null, "SegmentID": null, "GlobalID": "c7b037f0-1bb7-4d9d-bda9-0eaa8b2a0386", "Shape__Length": 55.98675260592067, "_COUNCIL_TRACKNAME": "Mangaroa Lookout Track"}}, {"type": "Feature", "id": 2209, "geometry": {"type": "LineString", "coordinates": [[174.479035833842, -36.9507084368616], [174.479006186237, -36.9507027598138], [174.478956644387, -36.950710022711], [174.478922280506, -36.9507233105505], [174.478853434583, -36.9508061563718], [174.478746528435, -36.9509028677867], [174.478695142877, -36.950939375838], [174.478627655148, -36.9509642332335]]}, "properties": {"OBJECTID": 2209, "TRACKNAME": "Mangaroa Lookout Track", "CONDITIONSOFUSE": "Waitakere West Regional Park", "STATUS": "Open", "WEBLINK": "https://www.aucklandcouncil.govt.nz/en/parks-recreation/find-park-beach/park-detail/3451.html", "VALIDATIONSTATE": 3, "created_user": "AC_owner", "last_edited_user": "AC_owner", "last_edited_date": 1789875254325, "created_date": 1789875254325, "PARK_SAPSITEID": null, "TRACK_ID": null, "KAURIDIEBACK_TRACK": null, "KAURIDIEBACK_MITIGATED": null, "SegmentID": null, "GlobalID": "a446bba0-1da6-4ce8-8743-be059514f079", "Shape__Length": 48.71425810217434, "_COUNCIL_TRACKNAME": "Mangaroa Lookout Track"}}, {"type": "Feature", "id": 3152, "geometry": {"type": "LineString", "coordinates": [[174.479035831492, -36.9507084314827], [174.479006183904, -36.950702755336], [174.478956639931, -36.9507100245693], [174.478922283787, -36.9507233060028], [174.478853435619, -36.9508061518521], [174.478746525032, -36.9509028660264], [174.47869514279, -36.9509393713323], [174.478627655148, -36.9509642332335]]}, "properties": {"OBJECTID": 3152, "TRACKNAME": "Mangaroa Lookout Track", "CONDITIONSOFUSE": "Waitakere West Regional Park", "STATUS": "Open", "WEBLINK": "https://www.aucklandcouncil.govt.nz/en/parks-recreation/find-park-beach/park-detail/3451.html", "VALIDATIONSTATE": 3, "created_user": "AC_owner", "last_edited_user": "AC_owner", "last_edited_date": 1789875254325, "created_date": 1789875254325, "PARK_SAPSITEID": null, "TRACK_ID": null, "KAURIDIEBACK_TRACK": null, "KAURIDIEBACK_MITIGATED": null, "SegmentID": null, "GlobalID": "d418518b-b800-41e3-983e-70d741511418", "Shape__Length": 48.71399991506561, "_COUNCIL_TRACKNAME": "Mangaroa Lookout Track"}}, {"type": "Feature", "id": 2795, "geometry": {"type": "LineString", "coordinates": [[174.477539216487, -36.947403954065], [174.477906478892, -36.9475667581094], [174.478265473589, -36.9477531896093], [174.478420960455, -36.9477824499741], [174.478599438866, -36.9477816606879], [174.478661684435, -36.9477652017433], [174.478779026603, -36.9477122002035], [174.478975789426, -36.947592436559], [174.47905283465, -36.9475294357658], [174.479252752974, -36.9473214426263], [174.479287279413, -36.9473031113291], [174.479350082802, -36.9472882314833], [174.479857668645, -36.947191508169], [174.480450927577, -36.9471440828825], [174.480912854916, -36.9469919675142], [174.480996864621, -36.9469761552945], [174.481179606962, -36.9469677464946], [174.481266658542, -36.9469738984991], [174.481594819863, -36.9470234714768], [174.48184531663, -36.9470952129852], [174.481947612684, -36.9471079975769], [174.482089951368, -36.9471054998493], [174.482333624654, -36.9470557401585], [174.482398833975, -36.9470097495509], [174.482600719871, -36.9468342836497], [174.482670172832, -36.9467291463146], [174.482706565182, -36.9466124696662], [174.482841188785, -36.9464385463433], [174.48288776717, -36.946400693128], [174.48304766201, -36.9463011411938], [174.48308069875, -36.94626918072], [174.483096892845, -36.9462228645309], [174.483107588634, -36.9459827420751], [174.483119221953, -36.9459160849225], [174.483146624859, -36.9458686822818], [174.483291127159, -36.9456790504254], [174.483439947165, -36.9454022924321], [174.483614218425, -36.9452804135548], [174.483668102283, -36.9451693949595], [174.48370125408, -36.9451619320228], [174.483858828026, -36.9451629103947], [174.484004290053, -36.9451421547535], [174.484133797178, -36.9450653981519], [174.484259474601, -36.9449712748801], [174.484317908543, -36.9449206087097], [174.484473256593, -36.9447542483412], [174.484612116713, -36.9446676395316], [174.484667405209, -36.9446140470234], [174.484757223268, -36.9445146479235], [174.484823426366, -36.944426315396], [174.484873221162, -36.9443170780192], [174.484911648848, -36.9442551512931], [174.484935685815, -36.9442270795834], [174.484975714934, -36.9441984833756], [174.485224271709, -36.9440572581818], [174.485454604005, -36.9440086775893], [174.485769660751, -36.9438679984022], [174.485870009745, -36.9438472190983], [174.486015037493, -36.9438470446512], [174.486064122981, -36.9438355147866], [174.486156628198, -36.9437896041587], [174.486472607406, -36.9436075118095], [174.486631331589, -36.9435516950516], [174.48675683939, -36.9435242453739], [174.48725127531, -36.9434587615178], [174.4876556624, -36.9433714460406], [174.487825238977, -36.9433118952771], [174.488043425013, -36.9432187000283], [174.488217051491, -36.9430810486361], [174.488368347776, -36.9429760269395], [174.488733405024, -36.9428431139369], [174.488747691034, -36.9428241773859], [174.488721805322, -36.94278658145], [174.488723123476, -36.9427769924119], [174.489079450417, -36.9427962122698], [174.489183552389, -36.9427324059685], [174.489371468069, -36.9427070912623], [174.489507321826, -36.9426753355974], [174.489801314694, -36.9425567952059], [174.489845339406, -36.942531689612], [174.489888661233, -36.9424912515662], [174.490134472119, -36.9422351715054], [174.490280220857, -36.942063488867], [174.490715089035, -36.9418467228563], [174.490905286696, -36.9418026557165], [174.491062646781, -36.9418010854213], [174.49110733434, -36.9417875626115], [174.49170621243, -36.9412165154193], [174.491937772604, -36.9410432569731], [174.492123551855, -36.9409719951136], [174.49226488229, -36.9409448996764], [174.492423645428, -36.9409266977808], [174.492806831003, -36.9409001941712], [174.492985051553, -36.9409089050729], [174.493153955363, -36.9409344802467], [174.493482574584, -36.9410268837879], [174.493957870077, -36.9411106087258], [174.494033110613, -36.9411160166875], [174.494235560036, -36.9411072498261], [174.494360636369, -36.9411144010322], [174.494406422102, -36.9411330058797], [174.494531867124, -36.9412205360836], [174.494678156488, -36.9412570388401], [174.494740739614, -36.9412496891036], [174.495181756993, -36.9411364414706], [174.495233350907, -36.9411327632045], [174.495314269405, -36.9411391083836], [174.495415992013, -36.9411561791551], [174.495619300791, -36.9412166510504], [174.495979816835, -36.9412476864971], [174.496084555418, -36.9412645023673], [174.496273991841, -36.9413293122262], [174.496518620017, -36.9413223354834], [174.496656798831, -36.9413270567018], [174.4967277869, -36.9413372126656], [174.496782986825, -36.9413582848423], [174.49694850694, -36.9414753858603], [174.497229484826, -36.9415785830058], [174.497300833701, -36.9415956836029], [174.497648312264, -36.941568073264], [174.497698064767, -36.9415735750243], [174.497753532771, -36.9416054507361], [174.497837077061, -36.941601341281], [174.498364253324, -36.9415430959736], [174.498545128962, -36.9415106807606], [174.498858927611, -36.9414325106997], [174.498909780044, -36.9414374121802], [174.499093232405, -36.9414803628271], [174.499241895639, -36.9414923218346], [174.49936478714, -36.9414922213222]]}, "properties": {"OBJECTID": 2795, "TRACKNAME": "Mangaroa Ridge Track", "CONDITIONSOFUSE": "Waitakere West Regional Park", "STATUS": "Closed Dieback", "WEBLINK": "https://www.aucklandcouncil.govt.nz/en/parks-recreation/find-park-beach/park-detail/3451.html", "VALIDATIONSTATE": 3, "created_user": "AC_owner", "last_edited_user": "AC_owner", "last_edited_date": 1789875254325, "created_date": 1789875254325, "PARK_SAPSITEID": null, "TRACK_ID": null, "KAURIDIEBACK_TRACK": null, "KAURIDIEBACK_MITIGATED": null, "SegmentID": null, "GlobalID": "6f6dccb6-f45c-480b-ae0b-3e21d3a20486", "Shape__Length": 2321.407643151112, "_COUNCIL_TRACKNAME": "Mangaroa Ridge Track"}}, {"type": "Feature", "id": 12761, "geometry": {"type": "LineString", "coordinates": [[175.164353316571, -37.1086302367304], [175.164972640071, -37.1091944396231], [175.165056498435, -37.1093402250935], [175.165188425632, -37.1096668224527], [175.165362273209, -37.1099582809592], [175.165570095128, -37.1101509065158], [175.16689455847, -37.1107994450354], [175.167122729107, -37.1110604429856], [175.167190168991, -37.1112752752321], [175.167165403619, -37.1114819717544], [175.167140079552, -37.1116690357599], [175.167012953695, -37.1119414412633], [175.167043203092, -37.112142221774], [175.167159669391, -37.1123561566086], [175.168284113084, -37.1135141241468], [175.169478455579, -37.1143270619348], [175.170291516064, -37.1146706454632], [175.171910905887, -37.1147057361588], [175.17255292199, -37.1147093136948], [175.172779890374, -37.1146054069847], [175.173446319781, -37.1137875476739], [175.1740076236, -37.1129792864543], [175.174334650687, -37.1126893956242], [175.174640189373, -37.112653098368], [175.17516969504, -37.1127431264705], [175.175360628157, -37.1130542041558], [175.175365099528, -37.1135451785121], [175.17549878267, -37.1151497035828], [175.175548531306, -37.1158166253152], [175.175553026968, -37.1159736806336], [175.175544001317, -37.1160867888162], [175.175696707734, -37.1162804076326], [175.176016432733, -37.1165249757881], [175.176144767741, -37.1167239514865], [175.176213080816, -37.1169682255242], [175.176181508318, -37.1171504948848], [175.176294214726, -37.1172319049326], [175.176510966809, -37.1173064930777], [175.176809783205, -37.1174630522966], [175.177026594532, -37.1177537032721], [175.177299269778, -37.1180678791905], [175.177379001471, -37.118282478189], [175.177499023497, -37.1186191009876], [175.177422782546, -37.1189544200161], [175.177273498751, -37.119094657982], [175.177014458958, -37.1192565548077], [175.176705261354, -37.119380087973], [175.176634948843, -37.1194943218917], [175.176747658194, -37.1195757313713], [175.176943501032, -37.1195623120298], [175.177203948154, -37.119449495708], [175.177704404993, -37.1193666410828], [175.178199435904, -37.1193084376431], [175.178602391889, -37.1192470140298], [175.178873186161, -37.1192813197505], [175.179148484306, -37.1194726796939], [175.179092325666, -37.119866556542], [175.179131165199, -37.1202586864615], [175.179335569412, -37.1203700183991], [175.179662488347, -37.1204100412908], [175.180060959372, -37.1202722749104], [175.180451392208, -37.1201883648533], [175.180915022225, -37.1203179417641], [175.181351904994, -37.1205170644375], [175.181735183415, -37.1205176807893], [175.182410705902, -37.1203517875988], [175.183104937507, -37.1201702004152], [175.183783539959, -37.1201116603441], [175.184055866273, -37.1202524233354], [175.184262701975, -37.1204481016544], [175.184457095852, -37.120544263646], [175.184678676912, -37.1205862152936], [175.184951668021, -37.1207499817081], [175.185360495805, -37.1209726244677], [175.185666943214, -37.1209669726321], [175.185954237512, -37.1209616733187], [175.18625640407, -37.1211402448546], [175.186921622656, -37.1217206078135], [175.187147709556, -37.1220780775095], [175.187549798059, -37.1222543930366], [175.187865205981, -37.1223467804185], [175.187953221641, -37.1226348774286], [175.188017286362, -37.1229430583146], [175.188268952371, -37.1231642953647], [175.188528021709, -37.1234295903265], [175.188763614394, -37.1235185393177], [175.189141310055, -37.1236441469988], [175.189642627375, -37.1235906893014], [175.190261291503, -37.1233533716102], [175.190558647668, -37.1232447538102], [175.190808950141, -37.123205752992], [175.191107578643, -37.1231413045916], [175.19130516751, -37.1229756036531], [175.191585831921, -37.122926217987], [175.191930051788, -37.1229542246627], [175.192302226653, -37.1228884137171], [175.192523904147, -37.1227075333969], [175.192808222567, -37.1221473813197], [175.193169871786, -37.1219295361476], [175.193683468593, -37.1216646810247], [175.194123372053, -37.1213962782591], [175.194619108807, -37.1213625456434], [175.195029496793, -37.1211339704848], [175.195297183979, -37.1210602648457], [175.195635408657, -37.1210932827883], [175.195924632801, -37.1209160546441], [175.196250345514, -37.120728328697], [175.197066108988, -37.120310543077], [175.19753535889, -37.1199973885945], [175.198065584975, -37.1198844335347], [175.198697443396, -37.1196812010599], [175.198934784232, -37.1194067181018], [175.199242379334, -37.1192291411068], [175.19936426501, -37.1189911733586], [175.199482294748, -37.1188318465065], [175.199955929798, -37.11867082745], [175.200477580372, -37.118685694588], [175.200814072991, -37.1188709571085], [175.201060359045, -37.1189056671028], [175.201436643537, -37.1187710028619], [175.201811375989, -37.1183711991048], [175.202091317114, -37.1180860967062], [175.202440093585, -37.1178488203435], [175.202524485052, -37.1175869937552], [175.202539895623, -37.1172724341511], [175.202782916171, -37.1169831055024], [175.203449800967, -37.1167202710621], [175.203632100676, -37.1164517123128], [175.203894638685, -37.1162013036663], [175.204303405355, -37.1159187111416], [175.204801104224, -37.1155313425286], [175.205076747228, -37.1153101500202], [175.205161695611, -37.1150679538371], [175.205209731658, -37.1148215336055], [175.205476816191, -37.1147281739569], [175.205800480052, -37.1146828656888], [175.206066423669, -37.1145502408087], [175.20624357873, -37.1143161482076], [175.20644795243, -37.1141748487847], [175.206637074983, -37.1141418640078], [175.20671319747, -37.1142162527506], [175.206675339218, -37.1145622290054]]}, "properties": {"OBJECTID": 12761, "TRACKNAME": "Mangatangi Hill Road", "CONDITIONSOFUSE": "Hunua Ranges Regional Park", "STATUS": "Open", "WEBLINK": "https://www.aucklandcouncil.govt.nz/en/parks-recreation/find-park-beach/park-detail/213.html", "VALIDATIONSTATE": 3, "created_user": "AC_owner", "last_edited_user": "AC_owner", "last_edited_date": 1789875254325, "created_date": 1789875254325, "PARK_SAPSITEID": null, "TRACK_ID": null, "KAURIDIEBACK_TRACK": null, "KAURIDIEBACK_MITIGATED": null, "SegmentID": null, "GlobalID": "b8cca958-92d7-4e2b-bb70-c38ac336ded8", "Shape__Length": 5831.2671144765345, "_COUNCIL_TRACKNAME": "Mangatangi Hill Road"}}, {"type": "Feature", "id": 357, "geometry": {"type": "LineString", "coordinates": [[175.195245992421, -37.0698311246791], [175.195950340239, -37.0696247122986], [175.196914754722, -37.0693420223306], [175.199182362153, -37.0687292457858], [175.199038671953, -37.0667469521356], [175.199502192044, -37.0641633771365], [175.202551741328, -37.0633167107441], [175.204610231494, -37.0621189618009], [175.206011687362, -37.0608035609407], [175.207350160157, -37.0609511137306], [175.208416631441, -37.0611040801314], [175.209766689086, -37.0610976691117], [175.211278422119, -37.0605308270851], [175.212863801907, -37.0592730086572], [175.214165091989, -37.0580975153426], [175.215385275362, -37.057383336724], [175.21688231487, -37.0563570679288], [175.217901699725, -37.055340436958], [175.218338160849, -37.0540292424992], [175.218586133731, -37.0527984334068], [175.218736054632, -37.0514930487454], [175.219745688342, -37.0501701316383], [175.220855563226, -37.048998510431], [175.221497602554, -37.0481427284501], [175.221750250507, -37.047065006702], [175.221998058825, -37.0458341934233], [175.22196420625, -37.0447623797192], [175.221837246877, -37.0437689921455], [175.222269716984, -37.0428878453558]]}, "properties": {"OBJECTID": 357, "TRACKNAME": "Mangatangi Ridge Track", "CONDITIONSOFUSE": "Hunua Ranges Regional Park", "STATUS": "Open", "WEBLINK": "https://www.aucklandcouncil.govt.nz/en/parks-recreation/find-park-beach/park-detail/213.html", "VALIDATIONSTATE": 3, "created_user": "AC_owner", "last_edited_user": "AC_owner", "last_edited_date": 1789875254325, "created_date": 1789875254325, "PARK_SAPSITEID": null, "TRACK_ID": null, "KAURIDIEBACK_TRACK": null, "KAURIDIEBACK_MITIGATED": null, "SegmentID": null, "GlobalID": "33d26745-724b-440b-b855-45fbd42384d8", "Shape__Length": 4374.238065964761, "_COUNCIL_TRACKNAME": "Mangatangi Ridge Track"}}, {"type": "Feature", "id": 819, "geometry": {"type": "LineString", "coordinates": [[175.22222403464, -37.0420970263017], [175.223913389106, -37.0419146096638], [175.225216611603, -37.0420718170928], [175.226144029505, -37.0424202443377], [175.227220293208, -37.042643234172], [175.22919681366, -37.0423580336442], [175.230265273277, -37.042336322086], [175.23202639492, -37.0424840307129], [175.233316066587, -37.0422128588736], [175.234676134068, -37.0417565300867], [175.236650618778, -37.0414101522971], [175.237427462589, -37.0418227827608], [175.238593690456, -37.0424723356263], [175.239603277822, -37.043002651301], [175.240986764065, -37.0432804423678], [175.242053331171, -37.0431972978764], [175.243178552891, -37.0425621264774], [175.243994684741, -37.041810788553], [175.245051383084, -37.0414218043436], [175.246338993827, -37.0410892567249], [175.247399649272, -37.0408226308286], [175.248233259989, -37.0406218424551], [175.248923951651, -37.0407301187404], [175.249030428469, -37.0408009957537], [175.24954825777, -37.0411458318587], [175.249738039933, -37.0423050514355], [175.250276153324, -37.0424164843969], [175.251350603172, -37.0425758533635], [175.251385956424, -37.0425675234173], [175.251420898944, -37.0425578493925], [175.251451019145, -37.042544932309], [175.251483744794, -37.0425355707274], [175.251536001003, -37.0425188104266], [175.251587154821, -37.0424993673019], [175.251618420015, -37.0424812931488], [175.251660751306, -37.0424518352508], [175.251706858254, -37.0424184321007], [175.251740655825, -37.0423919300659], [175.251782592259, -37.0423616685034], [175.251825332922, -37.0423367089943], [175.25185755582, -37.0423196980867], [175.251887128143, -37.0423039974417], [175.251916517867, -37.04228523783], [175.251944349215, -37.0422702029043], [175.251970379964, -37.0422506959456], [175.251992148848, -37.042228117363], [175.252005003671, -37.0422020129558], [175.252014822016, -37.0421734427277], [175.252027992754, -37.0421485940602], [175.252044913084, -37.0421219618216], [175.252058201119, -37.0420947676892], [175.252073769252, -37.0420663586377], [175.252093625286, -37.0420261537847], [175.252110089819, -37.0419903393073], [175.252121484897, -37.0419649836049], [175.252133432386, -37.041939527286], [175.252146746981, -37.0419132338834], [175.25216063262, -37.0418874703808], [175.252181670186, -37.0418495863088], [175.252207233136, -37.0418017044073], [175.252228822093, -37.0417605671795], [175.252245132738, -37.041735298358], [175.252265518097, -37.0416973365338], [175.252289051687, -37.0416749046314], [175.25231250002, -37.0416495885608], [175.252355299483, -37.0416140849977], [175.252390769282, -37.041587731271], [175.252430663301, -37.0415479586969], [175.252463078573, -37.0415030108209], [175.252493581031, -37.041471704447], [175.252516780906, -37.0414505387783], [175.252538565796, -37.0414285906651], [175.252579478667, -37.041391951241], [175.252614103697, -37.0413715599028], [175.252662753833, -37.0413489212073], [175.25271063139, -37.0413283682266], [175.252746903394, -37.041316685828], [175.252794746748, -37.0413043329807], [175.252889736307, -37.0412844170651], [175.252947677536, -37.0412813353834], [175.253003831882, -37.0412836013551], [175.253045996871, -37.0412924417881], [175.253105405491, -37.0413107763469], [175.25313746595, -37.0413196284762], [175.253170115039, -37.0413264866763], [175.253217795105, -37.0413274733676], [175.253264534387, -37.0413155018065], [175.25330932874, -37.0413004146318], [175.253340380391, -37.0412908139809], [175.253389333771, -37.041278439803], [175.253422017086, -37.0412707908631], [175.25345526299, -37.04126330967], [175.253489174798, -37.041256448487], [175.253523399887, -37.0412507529582], [175.253588826714, -37.0412436515655], [175.253634483397, -37.0412420647361], [175.253689971122, -37.0412469566578], [175.253742772845, -37.0412581163792], [175.25378134027, -37.0412675656659], [175.253839309602, -37.0412842148448], [175.253898344007, -37.0412866978307], [175.253942533438, -37.0412856777126], [175.254002269481, -37.0412867954456], [175.254060578801, -37.0412773073934], [175.254107636451, -37.0412729882194], [175.254172470833, -37.0412709447303], [175.254237920931, -37.0412615912306], [175.254283076239, -37.0412555975878], [175.254336626456, -37.0412356571188], [175.254377687439, -37.0412103663359], [175.254417893448, -37.0411780656968], [175.254440314956, -37.041152500165], [175.25446160582, -37.0411264153772], [175.254483475307, -37.0411010405805], [175.254503038461, -37.0410760683205], [175.254534741183, -37.041028972259], [175.254558222111, -37.0409953654962], [175.254589396761, -37.0409492708279], [175.254603151955, -37.0409222477887], [175.254615909319, -37.0408928103607], [175.254637499366, -37.040845454109], [175.254652681087, -37.0408134489053], [175.254668172962, -37.0407824273684], [175.254683334056, -37.0407527657865], [175.254698430016, -37.0407240950066], [175.254720148969, -37.0406842148092], [175.25474188858, -37.0406356858809], [175.254758203924, -37.0405917644966], [175.254775860724, -37.0405681803041], [175.254801682336, -37.0405416488154], [175.254824550457, -37.0405218408784], [175.254853262669, -37.0404958852886], [175.254873733956, -37.0404734209869], [175.254898088315, -37.0404474581224], [175.254913293355, -37.0404224785383], [175.254932834946, -37.0403904805239], [175.254956442724, -37.0403518261105], [175.254974791514, -37.0403233638179], [175.254994257327, -37.0402919981051], [175.25501313341, -37.0402594719863], [175.255031364885, -37.0402270464438], [175.255056040057, -37.0401806228212], [175.255071401155, -37.040151498134], [175.255086144305, -37.0401233747612], [175.255099977995, -37.0400958995513], [175.255112021261, -37.0400705312468], [175.25512993103, -37.0400210819067], [175.255143419393, -37.0399850532461], [175.255166338666, -37.0399419074688], [175.255190386282, -37.0398992809761], [175.255209054348, -37.0398660377877], [175.255236121915, -37.0398189377623], [175.255268327705, -37.0397763363592], [175.255291154743, -37.039745806119], [175.255320168329, -37.0397049759701], [175.255351952661, -37.0396669789028], [175.255381373973, -37.039639928211], [175.255427570403, -37.0396095843712], [175.255456231844, -37.0395820073667], [175.255477554981, -37.0395475420243], [175.255496545647, -37.0395126704178], [175.255514125839, -37.0394896283217], [175.255536253019, -37.0394666817933], [175.255561365949, -37.0394444877899], [175.255598251678, -37.0394127906592], [175.255637814698, -37.0393744635159], [175.25566780339, -37.0393384814534], [175.255692686281, -37.0393146713622], [175.255709589997, -37.0393032663458], [175.255735495812, -37.0392858338166], [175.255782438956, -37.0392682714961], [175.255835172022, -37.0392615004654], [175.255888169271, -37.0392511212139], [175.255922689386, -37.0392428959113], [175.255953705306, -37.0392384323576], [175.255992447242, -37.0392319274083], [175.256031351746, -37.039224610037], [175.256089916401, -37.0391674511795]]}, "properties": {"OBJECTID": 819, "TRACKNAME": "Mangatangi Ridge Track", "CONDITIONSOFUSE": "Hunua Ranges Regional Park", "STATUS": "Temp Closed", "WEBLINK": "https://www.aucklandcouncil.govt.nz/en/parks-recreation/find-park-beach/park-detail/213.html", "VALIDATIONSTATE": 3, "created_user": "AC_owner", "last_edited_user": "AC_owner", "last_edited_date": 1789875254325, "created_date": 1789875254325, "PARK_SAPSITEID": null, "TRACK_ID": null, "KAURIDIEBACK_TRACK": null, "KAURIDIEBACK_MITIGATED": null, "SegmentID": null, "GlobalID": "b311c839-5eaf-429c-abc1-468492fe6b07", "Shape__Length": 3531.9860449442963, "_COUNCIL_TRACKNAME": "Mangatangi Ridge Track"}}, {"type": "Feature", "id": 1757, "geometry": {"type": "LineString", "coordinates": [[175.222269718134, -37.0428878462356], [175.222169453898, -37.0425651582944], [175.222206478038, -37.0423118985107], [175.222223431687, -37.0421044557808]]}, "properties": {"OBJECTID": 1757, "TRACKNAME": "Mangatangi Ridge Track", "CONDITIONSOFUSE": "Hunua Ranges Regional Park", "STATUS": "Open", "WEBLINK": "https://www.aucklandcouncil.govt.nz/en/parks-recreation/find-park-beach/park-detail/213.html", "VALIDATIONSTATE": 3, "created_user": "AC_owner", "last_edited_user": "AC_owner", "last_edited_date": 1789875254325, "created_date": 1789875254325, "PARK_SAPSITEID": null, "TRACK_ID": null, "KAURIDIEBACK_TRACK": null, "KAURIDIEBACK_MITIGATED": null, "SegmentID": null, "GlobalID": "46ceef68-1128-4d1d-a157-973d037a90e5", "Shape__Length": 88.2824208388605, "_COUNCIL_TRACKNAME": "Mangatangi Ridge Track"}}, {"type": "Feature", "id": 57, "geometry": {"type": "LineString", "coordinates": [[175.163819200453, -37.1348227789005], [175.16382183132, -37.1350035092042], [175.163828291723, -37.1350291578615], [175.16384462319, -37.1350788697804], [175.163861534578, -37.1351110058101], [175.16389262351, -37.1351539952838], [175.163930818118, -37.1351840392499], [175.163965465932, -37.1352021974515], [175.164015721111, -37.1352181779727], [175.164174808374, -37.1352851819822], [175.164315637974, -37.1353245536024], [175.164553467573, -37.1353971123871], [175.164658987751, -37.1354231503097], [175.164764718227, -37.1354561689541], [175.164817080027, -37.1354552122718], [175.164886903256, -37.1354539365224], [175.165035269166, -37.1354512255727], [175.165253458262, -37.1354472384724], [175.165349860931, -37.1354594640626], [175.165428801941, -37.135471999692], [175.165499422117, -37.135498674687], [175.165579757857, -37.1355601223936], [175.165615865139, -37.1356014154557], [175.165652769225, -37.1356706505989], [175.165673606633, -37.1357891170661], [175.165699026814, -37.1360682910856], [175.165730388435, -37.136249481158], [175.165739554391, -37.1365709052551], [175.165757451368, -37.1368921697411], [175.165767170539, -37.1371256130714], [175.165791025051, -37.1372132738225], [175.165810899952, -37.1372359914291], [175.165827985351, -37.1372647082468], [175.165830560636, -37.1372942220386], [175.165834853621, -37.1373322572551], [175.165838332817, -37.1373654406189], [175.165841454152, -37.1374073906346], [175.165844011434, -37.1374457459771], [175.165846175739, -37.1374786109026], [175.165844135296, -37.137522322579], [175.165840183428, -37.1375661142581], [175.165839351104, -37.1375973215938], [175.165841140394, -37.1376407199261], [175.165844228518, -37.1376866360289], [175.165846993013, -37.1377235726257], [175.16585155183, -37.1377721115064], [175.165857295939, -37.1378191867259], [175.165861359973, -37.1378677436625], [175.165867906815, -37.1379034935709], [175.165874502548, -37.1379492464141], [175.165878273751, -37.1379934556845], [175.165883105378, -37.1380278760646], [175.165896920099, -37.1380713699997], [175.165915208938, -37.1381103029515], [175.165930463874, -37.1381423247318], [175.165945034692, -37.1381716733035], [175.165960891255, -37.1382011065179], [175.16597446614, -37.1382346100103], [175.165984380884, -37.1382613489695], [175.166000168521, -37.1382875750028], [175.166015198787, -37.1383140852534], [175.166029889279, -37.1383543366992], [175.166047384371, -37.1383977993794], [175.166062198096, -37.1384281619012], [175.166087106553, -37.1384655227971], [175.166114313517, -37.1385057166392], [175.166140691752, -37.1385365887197], [175.166177062313, -37.1385752090683], [175.166198212135, -37.1386181362561], [175.166213644877, -37.1386528314434], [175.166238899578, -37.138692853661], [175.166269040261, -37.1387293347679], [175.166301636386, -37.1387642839159], [175.166328906993, -37.138789732161], [175.166362182863, -37.1388228573589], [175.166382668014, -37.1388566850694], [175.166386825167, -37.1388859986779], [175.166390170507, -37.1389286835905], [175.166397816746, -37.1389733627265], [175.166401300409, -37.1390066901792], [175.166404453227, -37.1390513072763], [175.166406741577, -37.1390948226351], [175.166407761663, -37.1391297903378], [175.166408299674, -37.1391735089376], [175.16640548311, -37.1392128907966], [175.166405517745, -37.1392429106544], [175.166403891689, -37.1392833792768], [175.166401692175, -37.1393246604932], [175.166400098908, -37.1393564134707], [175.16639679919, -37.1394005627398], [175.166390704562, -37.1394434202572], [175.16638560654, -37.1394868814107], [175.16638277237, -37.1395193330113], [175.166382142613, -37.139550924171], [175.166381172275, -37.1395918854994], [175.166383561289, -37.1396255123508], [175.166389162641, -37.1396683542816], [175.166398270889, -37.1397019303714], [175.16642287666, -37.139728265471], [175.166452850631, -37.1397466525569], [175.166499478872, -37.1397442858384], [175.166538401693, -37.1397373915524], [175.166570162306, -37.1397264644706], [175.166605648999, -37.1397139551504], [175.166646918574, -37.1396950133245], [175.166665746514, -37.1396735077711], [175.166680910357, -37.1396454991417], [175.166694003365, -37.1396155366281], [175.166710996901, -37.1395861606912], [175.166725562096, -37.1395565047122], [175.166741234923, -37.1395242419008], [175.166756457279, -37.1394927623966], [175.166766646636, -37.1394667733947], [175.166775120703, -37.1394394548807], [175.166785839032, -37.1394075440327], [175.166798320841, -37.1393778630591], [175.166803832916, -37.1393469486682], [175.166811777598, -37.1393211989877], [175.166820217901, -37.1392887530008], [175.166827357852, -37.1392561054832], [175.166829666446, -37.1392297018306], [175.166832687184, -37.1391978776806], [175.166835004681, -37.1391694190251], [175.166845220132, -37.1391439522614], [175.166855401071, -37.1391133310036], [175.166864090595, -37.1390734451793], [175.16686829149, -37.1390419509301], [175.166872514229, -37.1390112223398], [175.16687191676, -37.138982393409], [175.16686991729, -37.1389541398787], [175.166866538504, -37.1389154210758], [175.166859988122, -37.1388839071544], [175.166850795122, -37.1388536762686], [175.166840166062, -37.1388236158447], [175.166832127147, -37.138793589162], [175.166822800408, -37.1387614320537], [175.166806283493, -37.1387274146874], [175.166795062948, -37.1387022678518], [175.166783855175, -37.1386752011281], [175.166773119455, -37.1386481077454], [175.166760915352, -37.1386204463929], [175.16674745673, -37.1385910325273], [175.166738248709, -37.1385606667183], [175.166732300365, -37.1385309172311], [175.166729514973, -37.1384960268754], [175.166730710364, -37.1384653266128], [175.166736244093, -37.1384304373322], [175.166741290926, -37.1383954488059], [175.166742033918, -37.1383627019759], [175.166745044053, -37.138335240047], [175.166749325273, -37.1383073493122], [175.166753712949, -37.1382764825197], [175.166760489244, -37.1382385873905], [175.166767987703, -37.1382133776055], [175.166784310529, -37.1381881236029], [175.166812240469, -37.1381617200302], [175.166840962074, -37.138144125168], [175.166869578029, -37.1381228281114], [175.166901167826, -37.138102783466], [175.166929546799, -37.138087384876], [175.166959589526, -37.1380726948718], [175.166988907449, -37.138059036524], [175.167030424937, -37.1380389544697], [175.167076597829, -37.1380167233994], [175.167118895823, -37.1379940134264], [175.167150497202, -37.1379787180684], [175.167186908678, -37.1379611717297], [175.16722385472, -37.1379446069721], [175.167258790528, -37.1379309719726], [175.167291608968, -37.1379169070466], [175.167323633646, -37.1379077684201], [175.167354863528, -37.1378983919753], [175.167391354365, -37.1378954623269], [175.167431861703, -37.1378928467276], [175.167466094006, -37.1378876962459], [175.167505007148, -37.1378828656838], [175.167546196076, -37.1378761278966], [175.167579250763, -37.1378723147446], [175.167628597612, -37.1378654547201], [175.16766657885, -37.1378634710654], [175.167699689907, -37.1378490131384], [175.167714199288, -37.1378233415667], [175.167736129864, -37.1377957948121], [175.167768494136, -37.1377776554224], [175.167808902676, -37.1377668491805], [175.167863870982, -37.1377648700937], [175.167907256924, -37.1377664825794], [175.167967600546, -37.1377678568607], [175.168027522928, -37.1377655166752], [175.168069356652, -37.1377636246219], [175.168116059588, -37.1377647076865], [175.168167715192, -37.1377677459285], [175.168207660054, -37.137766330002], [175.168267995245, -37.1377630718825], [175.168322736223, -37.137748794742], [175.168365308938, -37.1377345419971], [175.168420536765, -37.1377203640514], [175.168464374521, -37.1377035015444], [175.168497158593, -37.1376846963658], [175.168551323332, -37.1376687713756], [175.16860418967, -37.1376550781773], [175.168639873328, -37.1376432045402], [175.168685310976, -37.1376263937808], [175.168731540671, -37.1376073604551], [175.168765869999, -37.1375922130122], [175.168810769817, -37.1375723388032], [175.168849663579, -37.1375514659882], [175.168881171319, -37.137530151569], [175.168904205029, -37.1375160219794], [175.168927817497, -37.137483135886], [175.1689488982, -37.1374593536512], [175.168968564034, -37.1374384542617], [175.168986436323, -37.1374146676673], [175.169004078982, -37.1373879652388], [175.16902456517, -37.1373512519901], [175.169045428683, -37.1373155322128], [175.169059309602, -37.1372875828236], [175.169074429828, -37.1372502107549], [175.169089237668, -37.1372149082552], [175.169095615336, -37.1371828062971], [175.169096175349, -37.1371476294478], [175.169093808028, -37.1371140112698], [175.169091414348, -37.1370802583873], [175.169089035837, -37.1370513719522], [175.169082471529, -37.1370174250479], [175.169072996822, -37.1369808997872], [175.169063080624, -37.1369494115575], [175.169056910693, -37.1369142948245], [175.169046751669, -37.1368817926309], [175.169035025991, -37.1368496165275], [175.169023428374, -37.1368215297328], [175.169007517242, -37.1367890336994], [175.168992700499, -37.1367562292308], [175.168976335373, -37.1367243904003], [175.168967480813, -37.13669656882], [175.168962232957, -37.1366610206274], [175.168996069923, -37.1366522990035], [175.169024824413, -37.1366670306967], [175.169051168236, -37.1366884036315], [175.169072494354, -37.1367157896024], [175.169096911585, -37.1367438039261], [175.169121306264, -37.1367714221092], [175.16914621952, -37.1367974896633], [175.169170596354, -37.1368296053771], [175.16919133542, -37.1368553527934], [175.169215300103, -37.136881708072], [175.169233036515, -37.1369036170734], [175.169257477888, -37.1369344428052], [175.169287891636, -37.1369611486422], [175.169312491877, -37.136984923714], [175.169345269783, -37.1370179400301], [175.169376605, -37.1370508926271], [175.169405090424, -37.1370755068], [175.169446871021, -37.1371064476075], [175.169489102223, -37.137141733164], [175.169520308435, -37.137166225389], [175.169551009866, -37.1372061471566], [175.16956438777, -37.1372500451885], [175.169563905919, -37.1372863741993], [175.169554196913, -37.1373346514471], [175.169541552383, -37.1373802606856], [175.169525599696, -37.1374129165157], [175.169506024352, -37.1374554983014], [175.169490380586, -37.1374969986993], [175.16947953367, -37.1375271186582], [175.169464617203, -37.1375676774527], [175.169449688014, -37.1376058211409], [175.169437864803, -37.137633291286], [175.169425563273, -37.1376700259775], [175.169408546652, -37.1377080005952], [175.169397195186, -37.1377468628518], [175.169394772917, -37.1377759543397], [175.169393154201, -37.1378142598665], [175.16939642432, -37.1378491322587], [175.169415425295, -37.1378798322506], [175.169445943609, -37.1378967846488], [175.169503257059, -37.137911876507], [175.169549724104, -37.1379188845049], [175.169602276541, -37.137925726976], [175.169637234506, -37.1379282502019], [175.169666746901, -37.1379423009278], [175.169699980014, -37.1379569504319], [175.169736618973, -37.1379674819523], [175.169768179393, -37.1379787463493], [175.169794678264, -37.1379885803272], [175.169825686092, -37.1380080831971], [175.169851341826, -37.1380285943337], [175.169889163983, -37.1380513790967], [175.169921621988, -37.1380708103196], [175.169954439055, -37.1380862604659], [175.169985138763, -37.1381012807348], [175.170011490196, -37.1381181651006], [175.170040853495, -37.1381368418492], [175.170073256199, -37.1381555169962], [175.170108652746, -37.1381576264877], [175.170147705033, -37.1381683029373], [175.170194656926, -37.1381729675732], [175.170235943355, -37.1381767355833], [175.170273425068, -37.1381765717433], [175.170298826918, -37.1381574686954], [175.17031634441, -37.138126397332], [175.17032104952, -37.1380956597985], [175.170324406049, -37.1380638204113], [175.170324214173, -37.1380204740357], [175.170326722207, -37.1379857301566], [175.170331779578, -37.1379598348683], [175.170335168067, -37.1379306896179], [175.170339102745, -37.1378867809793], [175.170368926607, -37.1377332933632], [175.170394045224, -37.1377168902074], [175.170418810274, -37.1377022960134], [175.170447879179, -37.1376850724492], [175.170475156309, -37.1376744788161], [175.170506691376, -37.137667132769], [175.170538467286, -37.137647732654], [175.170565361394, -37.1376268898475], [175.170574429221, -37.1375944050759], [175.170580444181, -37.1375661760341], [175.170588698327, -37.1375402762449], [175.170595917332, -37.1375155760501], [175.170600802064, -37.1374848262017], [175.170604555648, -37.1374586123139], [175.170603516896, -37.1374372357839], [175.170611343375, -37.1374121279112], [175.170628790935, -37.1373845275773], [175.170638945798, -37.1373629009147], [175.170646909898, -37.1373394578218], [175.170670581636, -37.1373118245643], [175.170692334997, -37.1372840281744], [175.170715848959, -37.1372630850378], [175.170758389608, -37.1372508868672], [175.17079559632, -37.1372356050127], [175.170831417269, -37.1372187082705], [175.170859446303, -37.1371981960906], [175.170884252179, -37.1371728311742], [175.170914515335, -37.137134388331], [175.170942882814, -37.1370890947015], [175.17096121598, -37.1370538896091], [175.170973990293, -37.1370148208909], [175.170984729738, -37.1369876588552], [175.170995687523, -37.136959077863], [175.171012556056, -37.1369167437131], [175.17102681045, -37.1368896794918], [175.171043620554, -37.136862234978], [175.171061119438, -37.1368356520487], [175.171078350642, -37.1368119129441], [175.171101941202, -37.1367763321078], [175.171134987207, -37.1367340439741], [175.171178298552, -37.1367007784471], [175.171218146757, -37.1366798603386], [175.171244507931, -37.1366652006775], [175.171285220788, -37.1366449967104], [175.171327404983, -37.1366274334513], [175.171381046969, -37.1366066590505], [175.171416171765, -37.136593776422], [175.171452743297, -37.1365807050447], [175.171487234661, -37.1365677168425], [175.171588092708, -37.1364329346804], [175.172041604492, -37.1361776445526], [175.172588755896, -37.135483883358], [175.172854087648, -37.1348715966437], [175.173408261424, -37.1344053214443], [175.174329521896, -37.1335523520069], [175.174876622894, -37.1328585814412], [175.175804894105, -37.132233099577], [175.17665494329, -37.1321403043894], [175.177500271097, -37.1318958473114], [175.178445003329, -37.1318011550816], [175.179484444889, -37.1317045781005], [175.180907443937, -37.1317520895366], [175.182422796992, -37.1317218718937], [175.183462241907, -37.1316252599914], [175.184776361047, -37.1312196302476], [175.185991019521, -37.130664222888]]}, "properties": {"OBJECTID": 57, "TRACKNAME": "Mangatangi Trig Track", "CONDITIONSOFUSE": "Hunua Ranges Regional Park", "STATUS": "Open", "WEBLINK": "https://www.aucklandcouncil.govt.nz/en/parks-recreation/find-park-beach/park-detail/213.html", "VALIDATIONSTATE": 3, "created_user": "AC_owner", "last_edited_user": "AC_owner", "last_edited_date": 1789875254325, "created_date": 1789875254325, "PARK_SAPSITEID": null, "TRACK_ID": null, "KAURIDIEBACK_TRACK": null, "KAURIDIEBACK_MITIGATED": null, "SegmentID": null, "GlobalID": "ba855406-63fb-4944-856e-1cbf325b1201", "Shape__Length": 3214.859425625716, "_COUNCIL_TRACKNAME": "Mangatangi Trig Track"}}, {"type": "Feature", "id": 225, "geometry": {"type": "LineString", "coordinates": [[175.187147709556, -37.1220780775095], [175.187086406574, -37.122079308105], [175.187015797511, -37.1220845046611], [175.186926684373, -37.1221013893416], [175.18685217915, -37.1221331092309], [175.186763774382, -37.1221726560289], [175.186670765146, -37.1222160729556], [175.186600852829, -37.1222439227088], [175.186521525465, -37.122271955159], [175.186423563007, -37.1223079108611], [175.186367572301, -37.1223279241432], [175.186321715643, -37.1223703987005], [175.186302490265, -37.1224070915905], [175.186300503321, -37.1224463864621], [175.186302736157, -37.1225181203814], [175.186315691613, -37.1226312038386], [175.186325856744, -37.1227087215916], [175.186369959839, -37.1228920050812], [175.186389109733, -37.1229324781259], [175.186402443021, -37.1229628564017], [175.186418012359, -37.1229829372563], [175.186441006671, -37.1230072070819], [175.186470444352, -37.1230340166841], [175.186500522097, -37.1230572545526], [175.186539234837, -37.1230794047978], [175.186649360005, -37.1231379273143], [175.186774729756, -37.1232001519009], [175.186870369802, -37.1232387175924], [175.187004735028, -37.1232900781481], [175.187052484969, -37.1233157204809], [175.187091946928, -37.1233400377236], [175.187135031561, -37.1233756437662], [175.187188167226, -37.1234257275186], [175.187434225099, -37.1236717044621], [175.187622574681, -37.1238662848334], [175.18768250488, -37.1239342047094], [175.187737888935, -37.1239814348092], [175.187793815655, -37.1240338280037], [175.187939464447, -37.1241666228351], [175.187973571373, -37.1242097574855], [175.18800791927, -37.1242475793484], [175.188160971369, -37.1244595917241], [175.18817585602, -37.1245090204671], [175.188178363447, -37.1245448887364], [175.188179111696, -37.1245802487445], [175.18817636585, -37.1246169981038], [175.188172519781, -37.1246565796609], [175.188173474384, -37.1246932426616], [175.188180045479, -37.1247275668616], [175.188192725781, -37.1247688439984], [175.188245070228, -37.1248957368475], [175.188282015666, -37.1250417049812], [175.188300021988, -37.1250924369313], [175.188318188866, -37.1251272499464], [175.18834498648, -37.12517410641], [175.188461955009, -37.1253809626727], [175.188538509766, -37.125513302365], [175.18856776732, -37.1255822478849], [175.188588665333, -37.1256438764856], [175.188596508468, -37.125693435216], [175.188602699202, -37.1257411138287], [175.188607283799, -37.1257959419315], [175.188607206027, -37.1258616169982], [175.188602867966, -37.1259337335327], [175.18859638228, -37.1259883425183], [175.188587414387, -37.1260419609192], [175.188563775257, -37.1260946065782], [175.188536375223, -37.1261690777176], [175.188459271452, -37.1264072674941], [175.188455213648, -37.1264531706781], [175.188458706998, -37.1264849651232], [175.1884679718, -37.1265123720677], [175.188486390906, -37.1265434221995], [175.18858577358, -37.1267066872616], [175.188658666582, -37.1269360051842], [175.188689708038, -37.12739326444], [175.188685000836, -37.1275400008278], [175.188656338868, -37.1276418642563]]}, "properties": {"OBJECTID": 225, "TRACKNAME": "Mangatangi Trig Track", "CONDITIONSOFUSE": "Hunua Ranges Regional Park", "STATUS": "Open", "WEBLINK": "https://www.aucklandcouncil.govt.nz/en/parks-recreation/find-park-beach/park-detail/213.html", "VALIDATIONSTATE": 3, "created_user": "AC_owner", "last_edited_user": "AC_owner", "last_edited_date": 1789875254325, "created_date": 1789875254325, "PARK_SAPSITEID": null, "TRACK_ID": null, "KAURIDIEBACK_TRACK": null, "KAURIDIEBACK_MITIGATED": null, "SegmentID": null, "GlobalID": "e519b0f2-3927-4d15-8d1f-9721ad9bff36", "Shape__Length": 746.4322452355412, "_COUNCIL_TRACKNAME": "Mangatangi Trig Track"}}]}