{"type": "FeatureCollection", "features": [{"type": "Feature", "id": 1458, "geometry": {"type": "LineString", "coordinates": [[175.18861700164, -37.1284669221595], [175.188858348589, -37.1284064518055], [175.189798298206, -37.1281600066928], [175.190747708714, -37.1282168728792], [175.191427228205, -37.1287344096361], [175.192663137279, -37.1288614043788], [175.193595969494, -37.1283874430945], [175.194538272555, -37.1282168015903], [175.196063040773, -37.1284897292256], [175.197026719105, -37.129001524821], [175.198257878754, -37.1289767979147], [175.199302021093, -37.1290317025212], [175.19959564582, -37.1293293216692], [175.20055935771, -37.1298410963419], [175.202273592686, -37.1301101178114], [175.204257681621, -37.1299184362219], [175.205685422736, -37.1301173125695], [175.208045935122, -37.1298420896054], [175.20889352141, -37.1296732342119], [175.209831038598, -37.1293508006662], [175.210666669572, -37.1288027878305], [175.211225345195, -37.1284879876555], [175.211608943459, -37.1286320023863], [175.213413120362, -37.1287472977071], [175.214649066255, -37.1288740706154], [175.21579032057, -37.1290027365381], [175.216912411353, -37.1285247566989], [175.218228696645, -37.1281945842151], [175.219649257095, -37.1281658007373], [175.220700595487, -37.1284479983486], [175.221747145513, -37.1285785258493], [175.222601878503, -37.1286370644641], [175.22372873995, -37.1283106815351], [175.224391660849, -37.1282972200867], [175.224569066772, -37.1279142252324], [175.224272941523, -37.1275408410359], [175.22378260224, -37.1270196481047], [175.223394204245, -37.1267240306776], [175.223287493804, -37.1263467920544]]}, "properties": {"OBJECTID": 1458, "TRACKNAME": "Mangatangi Trig Track", "CONDITIONSOFUSE": "Hunua Ranges Regional Park", "STATUS": "Permanent", "WEBLINK": "https://www.aucklandcouncil.govt.nz/en/parks-recreation/find-park-beach/park-detail/213.html", "VALIDATIONSTATE": 3, "created_user": "AC_owner", "last_edited_user": "AC_owner", "last_edited_date": 1789875254325, "created_date": 1789875254325, "PARK_SAPSITEID": null, "TRACK_ID": null, "KAURIDIEBACK_TRACK": null, "KAURIDIEBACK_MITIGATED": null, "SegmentID": null, "GlobalID": "4315869e-69ea-41a8-a4cd-34141b242bb1", "Shape__Length": 3625.7935960536865, "_COUNCIL_TRACKNAME": "Mangatangi Trig Track"}}, {"type": "Feature", "id": 12170, "geometry": {"type": "LineString", "coordinates": [[175.185991019521, -37.130664222888], [175.187002073031, -37.1296576137348], [175.187549028498, -37.1289637708306], [175.188200138905, -37.1285713696333], [175.188807628614, -37.1284298269841]]}, "properties": {"OBJECTID": 12170, "TRACKNAME": "Mangatangi Trig Track", "CONDITIONSOFUSE": "Hunua Ranges Regional Park", "STATUS": "Open", "WEBLINK": "https://www.aucklandcouncil.govt.nz/en/parks-recreation/find-park-beach/park-detail/213.html", "VALIDATIONSTATE": 3, "created_user": "AC_owner", "last_edited_user": "AC_owner", "last_edited_date": 1789875254325, "created_date": 1789875254325, "PARK_SAPSITEID": null, "TRACK_ID": null, "KAURIDIEBACK_TRACK": null, "KAURIDIEBACK_MITIGATED": null, "SegmentID": null, "GlobalID": "528fac45-bf2a-4166-b2fc-f330ff585436", "Shape__Length": 363.07786130592933, "_COUNCIL_TRACKNAME": "Mangatangi Trig Track"}}, {"type": "Feature", "id": 12261, "geometry": {"type": "LineString", "coordinates": [[175.188656338868, -37.1276418642563], [175.188559298004, -37.1278859442354], [175.188568810422, -37.1280035556523], [175.188807628614, -37.1284298269841]]}, "properties": {"OBJECTID": 12261, "TRACKNAME": "Mangatangi Trig Track", "CONDITIONSOFUSE": "Hunua Ranges Regional Park", "STATUS": "Open", "WEBLINK": "https://www.aucklandcouncil.govt.nz/en/parks-recreation/find-park-beach/park-detail/213.html", "VALIDATIONSTATE": 3, "created_user": "AC_owner", "last_edited_user": "AC_owner", "last_edited_date": 1789875254325, "created_date": 1789875254325, "PARK_SAPSITEID": null, "TRACK_ID": null, "KAURIDIEBACK_TRACK": null, "KAURIDIEBACK_MITIGATED": null, "SegmentID": null, "GlobalID": "b48fd7ce-2c5a-41b4-a78d-cbc951ea2a50", "Shape__Length": 93.3630333677655, "_COUNCIL_TRACKNAME": "Mangatangi Trig Track"}}, {"type": "Feature", "id": 299, "geometry": {"type": "LineString", "coordinates": [[175.145496681898, -37.077983563083], [175.145485594665, -37.0780698788404], [175.145479232169, -37.0781470334329], [175.145503853633, -37.0782375697394], [175.145567904408, -37.078356169583], [175.145570874342, -37.0783717436282], [175.145576058092, -37.078398813696], [175.145636435592, -37.0784170348918], [175.145653400401, -37.0784422514454], [175.145672217757, -37.0784745273588], [175.145665756829, -37.0785027004231], [175.145658845058, -37.0785300434778], [175.145665993415, -37.0785605658474], [175.145681997633, -37.0785852229771], [175.145705277707, -37.0786094149513], [175.145696249744, -37.0786398966331], [175.145698042362, -37.0786759505138], [175.145696270751, -37.0787108612202], [175.145641212861, -37.0787396975411], [175.145644405192, -37.0787563761041], [175.145648534416, -37.0787779585727], [175.145652979689, -37.0788011756084], [175.145662045858, -37.0788486519584], [175.145611632211, -37.0788842267247], [175.145587401049, -37.0789013114869], [175.145561593151, -37.0789195243137], [175.145530535289, -37.078941437176], [175.145502708801, -37.0789610654455], [175.145475886085, -37.0789799905877], [175.145447199142, -37.0790002202334], [175.145422449909, -37.0790176838535], [175.14539493232, -37.079037099219], [175.145409121905, -37.0790907556189], [175.145343591554, -37.0790733125188], [175.145350535683, -37.0791285150154], [175.145340156548, -37.079159354587], [175.145317064651, -37.0791905233488], [175.145298427354, -37.0792133199325], [175.145274612452, -37.0792336055741], [175.145249224977, -37.0792559655208], [175.145233026859, -37.0792798986026], [175.145199951634, -37.0792964944196], [175.14516877409, -37.0793189591217], [175.145148699432, -37.0793446386758], [175.145117901731, -37.0793618241389], [175.145086867766, -37.0793770130788], [175.145042929687, -37.0793921290697], [175.144977331549, -37.0793966326024], [175.144969717141, -37.079417814721], [175.144963510827, -37.0794350779324], [175.144891711378, -37.0794402614115], [175.144865328735, -37.0794668301276], [175.144827101062, -37.0794878000327], [175.144809720346, -37.079512484472], [175.144806148064, -37.0795425879946], [175.144805757387, -37.079571831837], [175.144805824182, -37.0796061324667], [175.144811283216, -37.0796373884299], [175.144874314185, -37.0796830773665], [175.144865270145, -37.079708214824], [175.144854912322, -37.0797370261406], [175.144837002648, -37.0797868471957], [175.144816209814, -37.0798485178628], [175.144806648748, -37.0798768641318], [175.14479693198, -37.0799056728578], [175.144787620927, -37.0799333116216], [175.144715528769, -37.0799532718961], [175.144701108599, -37.0799780379483], [175.144689442481, -37.0800079273897], [175.14468665816, -37.0800352588065], [175.144738248242, -37.0800797037624], [175.144729725858, -37.080104993998], [175.144718918399, -37.0801370128989], [175.144711361373, -37.080159437697], [175.144699630709, -37.0801942221314], [175.144689062773, -37.0802255607535], [175.144678972402, -37.0802554847745], [175.144669276252, -37.0802842300288], [175.144659041158, -37.0803146072946], [175.144646447859, -37.0803519128234], [175.144636130166, -37.0803825529459], [175.144624773213, -37.0804162310786], [175.144615544118, -37.0804435889562], [175.144605194451, -37.0804742927424], [175.144596660234, -37.0804995651572], [175.144586082246, -37.0805309490146], [175.144576978648, -37.0805579711539], [175.144561158045, -37.0806048973906], [175.14459774114, -37.0806592663363], [175.144618380561, -37.0806899322442], [175.144635145823, -37.0807148461156], [175.144645853065, -37.0807307578727], [175.144657816622, -37.0807485395401], [175.144674546913, -37.0807734089752], [175.144690079656, -37.0807964975591], [175.144703756809, -37.0808168077897], [175.144654397717, -37.0808387721318], [175.144639072744, -37.0808653660706], [175.144651751977, -37.0808945717393], [175.144664228923, -37.080920590617], [175.14467549758, -37.08094764076], [175.144683545913, -37.0809801657141], [175.144682629941, -37.0810103293232], [175.144692513731, -37.0810385310887], [175.144702866873, -37.0810642278808], [175.144710517774, -37.0810946240438], [175.144699219049, -37.0811239841081], [175.144678411678, -37.0811512270016], [175.144660010818, -37.0811728565889], [175.144641774128, -37.0811979169916], [175.144626970503, -37.0812278451594], [175.144608411773, -37.0812490630168], [175.144581126224, -37.081261579389], [175.144538016822, -37.0812730120987], [175.144501541469, -37.0812835497045], [175.144488911036, -37.0813091665864], [175.144514548725, -37.0813283862564], [175.144546265891, -37.0813445938961], [175.144582538659, -37.081358799438], [175.144619446099, -37.081369181171], [175.144668861111, -37.0813771285386], [175.144704895385, -37.0813808747668], [175.14474252433, -37.0813821317029], [175.144778364716, -37.0813785992624], [175.144818880403, -37.0813737204647], [175.1448651076, -37.0813671430922], [175.144897683054, -37.0813627143552], [175.144935459762, -37.0813564430635], [175.144981562763, -37.0813526437633], [175.145051486605, -37.0813335336789], [175.14505626541, -37.0813406482502], [175.145070541807, -37.0813618578605], [175.145087482874, -37.0813870118195], [175.145106608863, -37.0814154518771], [175.145125241326, -37.0814431438061], [175.145200280888, -37.0814422996617], [175.145232643158, -37.0814586396422], [175.14525217164, -37.0814857926072], [175.145251157916, -37.0815180669249], [175.145247866553, -37.0815497515791], [175.145244143722, -37.0815836881697], [175.145253014514, -37.0816126562563], [175.145198493176, -37.0816494317638], [175.145204479977, -37.0816762529754], [175.145209644126, -37.0816994299713], [175.145217239222, -37.0817334231186], [175.145223742548, -37.0817626052866], [175.145229639494, -37.0817890315693], [175.145235601295, -37.0818157631052], [175.145242208041, -37.0818454210661], [175.145248349348, -37.0818729334458], [175.145254285121, -37.0818995392754], [175.145262771075, -37.0819375989893], [175.145268899631, -37.0819650575228], [175.145275672375, -37.0819954154569], [175.145281686548, -37.0820224074059], [175.145289888868, -37.0820591834527], [175.145303615675, -37.0821207432166], [175.145303921694, -37.0821738937868], [175.145304080776, -37.0822022804875], [175.145304259321, -37.0822333525801], [175.145304408569, -37.0822609914156], [175.145304572502, -37.0822879540428], [175.145304727061, -37.0823173772698], [175.14530488647, -37.0823453764236], [175.145361994787, -37.0823696231858], [175.145378539978, -37.0823970824633], [175.145392307554, -37.0824277644285], [175.145401749148, -37.0824550278061], [175.145413254267, -37.0824844619163], [175.145436910378, -37.0825115761925], [175.145470771483, -37.0825240045576], [175.145505261735, -37.0825451817388], [175.145505081396, -37.0825774860323], [175.145489914065, -37.0826040862348], [175.145474205837, -37.0826362389514], [175.145474580998, -37.0826671001935], [175.145477823036, -37.0827002978798], [175.14547873478, -37.0827298425887], [175.145483748083, -37.0827604306245], [175.145482930486, -37.0827880869549], [175.145470002974, -37.0828167285201], [175.145446520175, -37.082844840108], [175.145442610357, -37.0828713447171], [175.145429484795, -37.0828969526283], [175.145405953834, -37.0829181704687], [175.1453830633, -37.0829477403736], [175.14530844425, -37.0829743259391], [175.145308615795, -37.0830031540265], [175.145308767092, -37.0830308649222], [175.14530896004, -37.0830644422431], [175.145309104874, -37.0830911258233], [175.14530929547, -37.0831250186262], [175.145309476207, -37.0831553696699], [175.145309691071, -37.0831937142397], [175.145310086076, -37.0832643836146], [175.145311481522, -37.0833098898321], [175.145312426236, -37.083340605577], [175.145313367326, -37.0833715917641], [175.145314209118, -37.0833990558359], [175.145315034912, -37.0834259524056], [175.145316270811, -37.0834661981722], [175.145317258197, -37.0834984272547], [175.145318455429, -37.0835377003638], [175.145319316529, -37.0835658490402], [175.145320249826, -37.0835961594251], [175.145321188896, -37.083627073547], [175.145322044158, -37.0836550150397], [175.145323100701, -37.083689297734], [175.145323952157, -37.0837171041068], [175.145325152195, -37.0837564763019], [175.145326095912, -37.0837871560123], [175.145327101092, -37.0838200156505], [175.145327993696, -37.0838492813132], [175.145329006497, -37.08388241119], [175.14532986304, -37.0839103977211], [175.145330818447, -37.0839414917971], [175.14533157232, -37.0839662356635], [175.145332486517, -37.0839962670026], [175.145333368023, -37.0840247397599], [175.145334312699, -37.0840558520545], [175.145335155027, -37.0840833341387], [175.145336112982, -37.0841145182933], [175.145336993153, -37.084143342564], [175.1453378045, -37.0841697256758], [175.145338951991, -37.0842072332186], [175.145341037822, -37.0842756278553], [175.145355275075, -37.0843305360914], [175.145362331778, -37.0843577885465], [175.145370157138, -37.0843879651854], [175.145378450327, -37.0844199719197], [175.145387071159, -37.0844532254696], [175.145393748674, -37.0844789977118], [175.145401208885, -37.0845077930217], [175.145408555212, -37.0845361397639], [175.145416620908, -37.0845672583679], [175.145424420272, -37.0845973092964], [175.145431489035, -37.0846245885651], [175.145439302957, -37.084654756392], [175.145446005284, -37.084680609294], [175.145454804417, -37.08471459864], [175.145462831598, -37.0847455466979], [175.145469837569, -37.0847725927732], [175.145476642313, -37.0847988854347], [175.145483685835, -37.0848260660176], [175.145491118046, -37.0848546635499], [175.145498086752, -37.0848815841214], [175.145503970406, -37.0849043334896], [175.145586018532, -37.0849069672323], [175.145617605793, -37.0849264845141], [175.145609330984, -37.0849585657885], [175.145525756334, -37.0849883688602], [175.145528141727, -37.084997563562], [175.145533997833, -37.0850201331754], [175.145538972146, -37.0850393570628], [175.145485904203, -37.08507708878], [175.145506874217, -37.0851357775728], [175.145483638879, -37.0851579273867], [175.145454771873, -37.0851854154183], [175.145433015027, -37.0852061415173], [175.145408267646, -37.0852297246416], [175.145384352163, -37.0852524905874], [175.145358213129, -37.0852773876835], [175.145330179216, -37.0853041035533], [175.145246925248, -37.0852914334428], [175.145214440321, -37.0853095056753], [175.145198244552, -37.0853335648823], [175.145186794869, -37.0853663614986], [175.145206330933, -37.0854220751103], [175.145183609906, -37.0854437198689], [175.145155213718, -37.0854707576937], [175.145132054597, -37.0854928249482], [175.145066579193, -37.0854831135685], [175.145025173838, -37.0855012029656], [175.144995158439, -37.0855154992532], [175.144975364026, -37.0855384068507], [175.144936064741, -37.0855494012737], [175.144905700102, -37.0855644789384], [175.144888175974, -37.0855881115113], [175.144849394238, -37.085602701566], [175.144818766263, -37.0856240026408], [175.144790062052, -37.0856504961869], [175.144774398858, -37.0856774928093], [175.144753128786, -37.0857079165077], [175.144739225421, -37.0857322946807], [175.144719497702, -37.0857615638981], [175.14470201044, -37.0857885033871], [175.1446841408, -37.0858130524502], [175.14465422907, -37.0858366207032], [175.144638002768, -37.0858612031167], [175.144635920469, -37.0858875033921], [175.1446350026, -37.0859662897818], [175.14464841012, -37.0860232950048], [175.14465375291, -37.0860460181487], [175.144582258578, -37.0860730244234], [175.144550012421, -37.0860696512758], [175.144523173621, -37.0860948853038], [175.144510473781, -37.086130038726], [175.144503159595, -37.0861587048119], [175.14450772084, -37.086199998964], [175.14451262564, -37.0862295345209], [175.144518899758, -37.0862569634041], [175.144527189895, -37.0862840764261], [175.144541954881, -37.0863225903644], [175.144553809255, -37.086355623244], [175.144566462853, -37.0863850817019], [175.144583878589, -37.0864194559763], [175.144591954159, -37.0864477354947], [175.144598325112, -37.0864853828638], [175.144591314231, -37.0865184235708], [175.14457907303, -37.0865467011304], [175.144565788211, -37.0865762683399], [175.144556406773, -37.086603034126], [175.14455024017, -37.0866360956067], [175.14455055862, -37.0866681475226], [175.14456143267, -37.0867047130326], [175.144570893836, -37.0867314623864], [175.144582864538, -37.0867618344504], [175.144586826389, -37.0867974254754], [175.144589441797, -37.0868259569869], [175.144611084103, -37.0868502328224], [175.144621167894, -37.0868779172256], [175.144626151425, -37.0869050540085], [175.144617662172, -37.0869383287506], [175.144619608894, -37.0869750647751], [175.144609123504, -37.0870045723295], [175.14458907898, -37.0870413727438], [175.14457399292, -37.087070098322], [175.144559432339, -37.0870983096884], [175.144539419205, -37.0871266467331], [175.144520392729, -37.0871548667868], [175.144508477739, -37.0871831474493], [175.144496632967, -37.087221502882], [175.144485238989, -37.0872527031986], [175.144475699455, -37.0872798503647], [175.144474471836, -37.0872853882594], [175.144463622736, -37.0873119732989], [175.144462894716, -37.0873412232122], [175.144467333516, -37.0873733808378], [175.144450328803, -37.0874086752152], [175.144434713904, -37.0874346074367], [175.144422171718, -37.0874657834555], [175.144411565009, -37.0875025663225], [175.144401991944, -37.0875297231016], [175.144391070459, -37.0875661151083], [175.144435398015, -37.0876077533635], [175.144424695142, -37.0876351378714], [175.144413185377, -37.0876646278888], [175.144402525688, -37.0876919485256], [175.14439201249, -37.0877188789714], [175.144370062357, -37.0877750908231], [175.144373597589, -37.0878334643048], [175.144375238586, -37.0878605534096], [175.144377265035, -37.0878941335965], [175.144379115209, -37.087924652702], [175.14438072306, -37.0879513638785], [175.144382276942, -37.0879769584738], [175.14438423793, -37.0880094132743], [175.144385817024, -37.088035503104], [175.144387812438, -37.0880683808716], [175.144389337236, -37.088093741666], [175.144391332908, -37.0881266284411], [175.144393087525, -37.0881557523272], [175.144395030934, -37.0881879821306], [175.144396535428, -37.088212622287], [175.144398540503, -37.0882458423559], [175.144400243695, -37.08827393974], [175.144402341738, -37.0883088615002], [175.144404162162, -37.0883387232246], [175.144406020238, -37.0883695215737], [175.144476945292, -37.0883976735261], [175.1445008514, -37.088419231687], [175.144500468743, -37.088447961632], [175.144492850346, -37.0884762186365], [175.144480860368, -37.0885026440635], [175.144415840145, -37.0885319214666], [175.144417687824, -37.0885623504878], [175.144419318891, -37.0885894848311], [175.144420962473, -37.0886166640107], [175.144422610373, -37.0886439963256], [175.144424159471, -37.0886694197653], [175.14442572355, -37.0886953746748], [175.144427689161, -37.0887279916132], [175.144429688434, -37.0887610044948], [175.144434005711, -37.0888323509131], [175.144395717709, -37.088897645566], [175.144381914022, -37.0889211927368], [175.144363408801, -37.0889527560067], [175.144401425168, -37.0890011506785], [175.144388612302, -37.0890355040073], [175.144372043674, -37.0890639319255], [175.14430101202, -37.0890591604237], [175.144288711376, -37.0890801568786], [175.144273222003, -37.0891065644728], [175.144255156636, -37.0891373717274], [175.144239957887, -37.0891633144198], [175.144225606039, -37.0891877727441], [175.144210095406, -37.0892142257776], [175.14419437054, -37.0892410612116], [175.144180276593, -37.0892650912753], [175.144142482049, -37.089329547767], [175.144102851536, -37.0893735699375], [175.144081132656, -37.0893976928443], [175.144061093083, -37.0894199287861], [175.144059795126, -37.0894213762468], [175.14403081119, -37.0894535706132], [175.144010532083, -37.0894760902684], [175.143991747736, -37.0894969606246], [175.14397150107, -37.0895194346237], [175.143951887775, -37.0895412302349], [175.14393168454, -37.0895636493666], [175.143910009261, -37.0895877263914], [175.143890297271, -37.0896096139032], [175.143869658443, -37.0896325456059], [175.143845703127, -37.0896591513214], [175.143826689414, -37.0896802691393], [175.143806049787, -37.089703173808], [175.143789611274, -37.0897214601666], [175.143768131703, -37.0897452993002], [175.143797782569, -37.0897926557919], [175.143778512932, -37.0898262516102], [175.143769742049, -37.089853547042], [175.143766086855, -37.0898819306013], [175.14373920875, -37.0899014331838], [175.143711499026, -37.0899157775919], [175.143684882535, -37.0899341849117], [175.14365679056, -37.0899561247932], [175.143582302194, -37.089951676747], [175.143563659222, -37.0899723822544], [175.143544351148, -37.0899938388157], [175.143523274777, -37.0900172199871], [175.143506759196, -37.0900355707889], [175.14348953455, -37.0900547094903], [175.143468600769, -37.0900779618979], [175.143394458205, -37.0900714165687], [175.143368621481, -37.0900887552499], [175.143344362752, -37.0901101931447], [175.143315703203, -37.0901351534038], [175.143288424452, -37.0901624049173], [175.143266408973, -37.0901887951932], [175.143250542364, -37.0902138125315], [175.143234840137, -37.0902410710226], [175.143214687925, -37.0902748990106], [175.143189067518, -37.0903079065804], [175.14317039549, -37.0903427622683], [175.143158884482, -37.0903742349495], [175.143147338487, -37.0904016706363], [175.143133137664, -37.0904323087158], [175.143163794585, -37.0904898223516], [175.143145281478, -37.0905155454414], [175.143128305688, -37.0905391317957], [175.143051477293, -37.0905442880538], [175.143024723571, -37.090564626397], [175.143004054891, -37.0905937050567], [175.143047529629, -37.0906513565069], [175.14303000112, -37.0906756918698], [175.1429942848, -37.0907253208257], [175.142931910081, -37.0906964366399], [175.142903753477, -37.0907145021158], [175.142897620183, -37.090743588365], [175.142891806044, -37.0907728220577], [175.142886356458, -37.0908090068542], [175.142884234526, -37.0908423105636], [175.142900433907, -37.0908666400221], [175.142928574414, -37.0908883382408], [175.142957725118, -37.0909127489948], [175.142993952039, -37.0909327598611], [175.143023177303, -37.0909538255916], [175.143054239918, -37.0909690269725], [175.143132768105, -37.0909642906031], [175.143143695015, -37.0909831636165], [175.14315721086, -37.0910064780742], [175.143184775225, -37.0910540436718], [175.143237479136, -37.0910942511056], [175.143306279286, -37.091078451851], [175.143338857027, -37.0910919223869], [175.143373224413, -37.0911042249714], [175.143404950416, -37.0911150161354], [175.143433767134, -37.0911299606107], [175.143470756982, -37.0911466949864], [175.143502438722, -37.0911579105143], [175.143537406309, -37.0911763397475], [175.14356486236, -37.0911933005702], [175.143593209945, -37.0912215379966], [175.143616109199, -37.0912464671971], [175.143645626305, -37.0912730882382], [175.143675110673, -37.0912905621197], [175.14370334261, -37.0913158905542], [175.143729728917, -37.0913332131602], [175.143749358633, -37.0913622841504], [175.143766683339, -37.0913854124868], [175.14378539254, -37.0914105616314], [175.143790560214, -37.0914414353118], [175.143775982696, -37.0915050121522], [175.143789660929, -37.0915604263164], [175.143791871599, -37.091569407903], [175.14374010834, -37.0916085122261], [175.143737922346, -37.0916379326894], [175.143740770182, -37.0916695242669], [175.143749598347, -37.0916997459315], [175.143827736095, -37.0917146635225], [175.143833375293, -37.09173751651], [175.143840271146, -37.0917654388627], [175.143846848825, -37.0917920511364], [175.143854203315, -37.0918218758546], [175.143862180136, -37.0918542218445], [175.143868098727, -37.0918782053583], [175.143874828879, -37.0919054367383], [175.143882856537, -37.0919379890955], [175.143890857143, -37.0919703797152], [175.143897676688, -37.0919979880038], [175.1439066431, -37.0920343086527], [175.143913374044, -37.0920615670528], [175.143920282983, -37.09208955225], [175.143926760103, -37.0921157878087], [175.143933632019, -37.0921436565112], [175.143940133161, -37.0921699457097], [175.143949595029, -37.0922082762047], [175.14395724124, -37.0922392672694], [175.143963832538, -37.0922659604002], [175.143981955506, -37.0923393552978], [175.143928064924, -37.0923792372113], [175.143933947273, -37.0924143068157], [175.144003584067, -37.0924277557739], [175.144008504996, -37.092447872912], [175.144016744939, -37.0924815660106], [175.144022527758, -37.0925051193664], [175.143974661869, -37.0925440090987], [175.143973246283, -37.092577209912], [175.144044411023, -37.0925945696933], [175.144050984977, -37.0926214433819], [175.143993572503, -37.09265772092], [175.143982001593, -37.0926830752306], [175.143983584953, -37.0927153025201], [175.14399591836, -37.0927401523645], [175.144017174746, -37.0927662467707], [175.144090095057, -37.0927812224911], [175.144097380511, -37.0928109853482], [175.144105455061, -37.0928439964754], [175.144110922036, -37.0928663208183], [175.144115410176, -37.0928846522803], [175.144126307106, -37.0929291844707], [175.14414711956, -37.0929922113099], [175.144125856759, -37.0930269607883], [175.144108564706, -37.0930501113838], [175.144086376943, -37.0930739994353], [175.144064846878, -37.0930984704149], [175.144040013801, -37.0931207119466], [175.14401058928, -37.0931373225633], [175.143978407091, -37.093149098248], [175.143944757767, -37.0931619098663], [175.143903631629, -37.0931776866478], [175.143865049195, -37.0931847202954], [175.143818672943, -37.0931966445051], [175.143786158383, -37.0932034151701], [175.143752953237, -37.0932104326422], [175.143715016026, -37.0932204016769], [175.1436810985, -37.0932252960374], [175.143636256707, -37.0932325870112], [175.143596030014, -37.0932431561905], [175.143561803857, -37.0932474792949], [175.143482110767, -37.0932217385637], [175.143462552548, -37.0932387384226], [175.143436679059, -37.0932611969204], [175.143406643767, -37.0932872816146], [175.143382769343, -37.0933080186052], [175.143360443117, -37.093327402751], [175.143337271586, -37.0933475321942], [175.143313342422, -37.0933683242362], [175.143286403983, -37.0933917212385], [175.143258565022, -37.0934159005845], [175.143229836022, -37.0934408350463], [175.143201821169, -37.0934651617604], [175.143176047207, -37.0934875643277], [175.143153303469, -37.0935073074738], [175.143126760104, -37.0935303548205], [175.14310128235, -37.0935524906523], [175.143079230759, -37.093571644467], [175.143028538207, -37.0936156680123], [175.142981674322, -37.0936849746313], [175.142964879026, -37.0937098014309], [175.142949834337, -37.0937320730643], [175.142935772069, -37.093752875914], [175.14298507665, -37.0937973537383], [175.142995361078, -37.0938337407468], [175.142989506309, -37.0938635339468], [175.142970311185, -37.093884645899], [175.142929463126, -37.0939011293128], [175.142893537549, -37.0939238144851], [175.142872885316, -37.093947917894], [175.142865072764, -37.093983298214], [175.142867879629, -37.0940154403119], [175.142872532511, -37.094046016903], [175.142853764272, -37.0940726998899], [175.142826171036, -37.0941020208628], [175.142804159917, -37.0941234180221], [175.142802010649, -37.0941525584102], [175.14279537468, -37.0941789860153], [175.142774059767, -37.0942051292115], [175.142747097447, -37.0942280939237], [175.142736089161, -37.0942598638955], [175.142724806803, -37.0942882951634], [175.142706178477, -37.0943227444192], [175.142688689414, -37.0943485120145], [175.142669932539, -37.0943752037802], [175.142655358115, -37.0944013963495], [175.142635466951, -37.0944245666804], [175.142601795988, -37.0944494190875], [175.142569518143, -37.0944602227709], [175.142524525255, -37.0944673718639], [175.142457547269, -37.0944601016787], [175.142424302646, -37.0945092802246], [175.14241040035, -37.0945749175751], [175.142403014417, -37.0946098755769], [175.142398019862, -37.0946334705889], [175.142391566123, -37.0946639775649], [175.142384814101, -37.094695877865], [175.142378797796, -37.0947243400969], [175.14237240238, -37.0947545215656], [175.142366415235, -37.0947828210439], [175.142359435257, -37.0948158159812], [175.14235372643, -37.0948428126206], [175.14234832408, -37.0948683076367], [175.142342426453, -37.0948961909181], [175.142336498386, -37.0949241919125], [175.142331126209, -37.0949495602066], [175.142323173072, -37.0949871511069], [175.142317534311, -37.0950138400512], [175.142312023466, -37.0950398777794], [175.14230558015, -37.0950703575239], [175.142298042961, -37.0951059401178], [175.142291906372, -37.0951349272465], [175.142286148127, -37.0951621681142], [175.142221270342, -37.0951807529108], [175.142211480728, -37.0952078683572], [175.142193889119, -37.0952395950319], [175.142164108337, -37.0952539855391], [175.142138538346, -37.0952768708787], [175.142121792279, -37.0953090599275], [175.142120271782, -37.0953365666796], [175.142131853254, -37.0953646838317], [175.142146561627, -37.095387976832], [175.142170603896, -37.0954067210435], [175.14222910455, -37.0954317461049], [175.142223653003, -37.0954574943549], [175.142218658603, -37.0954810983677], [175.142213357208, -37.0955061859871], [175.142272465562, -37.0955356071807], [175.142266747283, -37.0955634691902], [175.142261304353, -37.0955995096203], [175.14218778782, -37.0956269656708], [175.142220448919, -37.095673691293], [175.142234657078, -37.095694001153], [175.142246532558, -37.0957109824757], [175.142257306341, -37.0957263974991], [175.142205430591, -37.0957720192851], [175.142197053857, -37.0958033631189], [175.142186043635, -37.095837476337], [175.142180827598, -37.0958612015162], [175.142178141093, -37.0958904507369], [175.142182992585, -37.0959276840354], [175.142187874588, -37.0959620057278], [175.142206623848, -37.0959821614192], [175.142237378114, -37.0959851475301], [175.142281676649, -37.0959872669753], [175.142310791976, -37.0959887866048], [175.142347631806, -37.0959937265722], [175.142379722175, -37.0959994102876], [175.142445547549, -37.0959956699672], [175.142461409161, -37.0960183562628], [175.142481760666, -37.0960474594498], [175.142499311144, -37.0960725846522], [175.142520178532, -37.0961024265489], [175.142537716269, -37.0961274979001], [175.142557376703, -37.0961556311964], [175.142523492386, -37.0962092825429], [175.142524334652, -37.0962375847538], [175.142524402407, -37.0962715428212]]}, "properties": {"OBJECTID": 299, "TRACKNAME": "Mangatawhiri Challenge Track", "CONDITIONSOFUSE": "Hunua Ranges Regional Park", "STATUS": "Open", "WEBLINK": "https://www.aucklandcouncil.govt.nz/en/parks-recreation/find-park-beach/park-detail/213.html", "VALIDATIONSTATE": 3, "created_user": "AC_owner", "last_edited_user": "AC_owner", "last_edited_date": 1789875254325, "created_date": 1789875254325, "PARK_SAPSITEID": null, "TRACK_ID": null, "KAURIDIEBACK_TRACK": null, "KAURIDIEBACK_MITIGATED": null, "SegmentID": null, "GlobalID": "37de011b-6f87-4f3b-a645-f9dd2a92be59", "Shape__Length": 2570.972819300621, "_COUNCIL_TRACKNAME": "Mangatawhiri Challenge Track"}}, {"type": "Feature", "id": 353, "geometry": {"type": "LineString", "coordinates": [[175.14700578268, -37.0643471978106], [175.146889525152, -37.0643593970165], [175.146799902687, -37.0644255859244], [175.146715985381, -37.0645086511836], [175.146625790761, -37.0647432504862], [175.146513818952, -37.0649075041865], [175.14644391963, -37.0649831955371], [175.146353001447, -37.065072479792], [175.146259090036, -37.0651246051948], [175.146123610471, -37.0651571325168], [175.146033779433, -37.0651844533511], [175.145955507001, -37.065203300377], [175.145858053981, -37.0651816494474], [175.145750725585, -37.0651515791478], [175.145667868237, -37.0650955242378], [175.145604824795, -37.0650681222323], [175.145497510899, -37.0650397548156]]}, "properties": {"OBJECTID": 353, "TRACKNAME": "Mangatawhiri Challenge Track", "CONDITIONSOFUSE": "Hunua Ranges Regional Park", "STATUS": "Open", "WEBLINK": "https://www.aucklandcouncil.govt.nz/en/parks-recreation/find-park-beach/park-detail/213.html", "VALIDATIONSTATE": 3, "created_user": "AC_owner", "last_edited_user": "AC_owner", "last_edited_date": 1789875254325, "created_date": 1789875254325, "PARK_SAPSITEID": null, "TRACK_ID": null, "KAURIDIEBACK_TRACK": null, "KAURIDIEBACK_MITIGATED": null, "SegmentID": null, "GlobalID": "477295f9-47d1-4679-8686-8d87361f6fc5", "Shape__Length": 188.12088154187904, "_COUNCIL_TRACKNAME": "Mangatawhiri Challenge Track"}}, {"type": "Feature", "id": 435, "geometry": {"type": "LineString", "coordinates": [[175.145139726518, -37.1035384679732], [175.145063604896, -37.1036002476972], [175.145028117024, -37.1036349934047], [175.144982904317, -37.1036823974633], [175.144953720264, -37.1037260145641], [175.144930484697, -37.1037682983017], [175.144912006487, -37.103815687162], [175.144897788617, -37.1038613316008], [175.144825824138, -37.1040740950786], [175.144816983572, -37.1040993549764], [175.144804920032, -37.1041527652751], [175.144808087561, -37.1041840805956], [175.144816494967, -37.104227233692], [175.144832887996, -37.1042618876542], [175.144857931912, -37.1042976648414], [175.144870706021, -37.104344037498], [175.14487177447, -37.1043699472301], [175.144871098908, -37.1043930675993], [175.144870304491, -37.1044115757007], [175.144865956946, -37.1044409451211], [175.144856608778, -37.1044705492369], [175.14482537289, -37.1045112473258], [175.144698285626, -37.1046431293422], [175.14466986948, -37.1046756921213], [175.144630958914, -37.1047287410218], [175.144602500122, -37.1047697673286], [175.144583527798, -37.1048028441573], [175.144573615314, -37.1048387762504], [175.1445705042, -37.1048864547864], [175.144576545593, -37.1049302996105], [175.144588767066, -37.1049750329996], [175.144619303586, -37.1050240223613], [175.144663030791, -37.1050806950457], [175.144889086106, -37.1053198886899], [175.144925574053, -37.1053604516915], [175.144961101391, -37.1054124329227], [175.144995156345, -37.1054513095263], [175.145023979878, -37.1055261146379], [175.145037713083, -37.105575759481], [175.145040843834, -37.1056221173727], [175.145035029705, -37.1056605258717], [175.145012454052, -37.1057126573903], [175.144981193766, -37.1057501114479], [175.144924141777, -37.1057986940954], [175.144844380122, -37.10584440713], [175.144781208391, -37.1058798880824], [175.14473884039, -37.1059152989651], [175.144675745148, -37.1059634681272], [175.144632518064, -37.1060043290768], [175.144595644368, -37.1060462376647], [175.144555496751, -37.1061097093895], [175.144523864271, -37.1061706837672], [175.144498807648, -37.1062262307701], [175.144482592784, -37.1062752999992], [175.144459793862, -37.1063474613072], [175.144439923265, -37.1064308893702], [175.144419541645, -37.1065009881245], [175.144401252916, -37.1065471477666], [175.144379942548, -37.1066026720247], [175.14434324503, -37.1066656035914], [175.144309991336, -37.1067281574007], [175.144265495191, -37.1067918699305], [175.144210512353, -37.1068643881494], [175.144171304621, -37.1069133325621], [175.144132331933, -37.1069494658987], [175.144094854001, -37.1069871313499], [175.144057384554, -37.1070243009466], [175.143998509075, -37.1070828930234], [175.143928839491, -37.1071218347299]]}, "properties": {"OBJECTID": 435, "TRACKNAME": "Mangatawhiri Challenge Track", "CONDITIONSOFUSE": "Hunua Ranges Regional Park", "STATUS": "Open", "WEBLINK": "https://www.aucklandcouncil.govt.nz/en/parks-recreation/find-park-beach/park-detail/213.html", "VALIDATIONSTATE": 3, "created_user": "AC_owner", "last_edited_user": "AC_owner", "last_edited_date": 1789875254325, "created_date": 1789875254325, "PARK_SAPSITEID": null, "TRACK_ID": null, "KAURIDIEBACK_TRACK": null, "KAURIDIEBACK_MITIGATED": null, "SegmentID": null, "GlobalID": "b05f6a7d-9c30-4a6a-98eb-6a7fb84b1555", "Shape__Length": 458.919889987964, "_COUNCIL_TRACKNAME": "Mangatawhiri Challenge Track"}}, {"type": "Feature", "id": 604, "geometry": {"type": "LineString", "coordinates": [[175.145497510899, -37.0650397548156], [175.145346364054, -37.0651021891267], [175.145281014626, -37.0651733632887], [175.145299080588, -37.0653439601274]]}, "properties": {"OBJECTID": 604, "TRACKNAME": "Mangatawhiri Challenge Track", "CONDITIONSOFUSE": "Hunua Ranges Regional Park", "STATUS": "Open", "WEBLINK": "https://www.aucklandcouncil.govt.nz/en/parks-recreation/find-park-beach/park-detail/213.html", "VALIDATIONSTATE": 3, "created_user": "AC_owner", "last_edited_user": "AC_owner", "last_edited_date": 1789875254325, "created_date": 1789875254325, "PARK_SAPSITEID": null, "TRACK_ID": null, "KAURIDIEBACK_TRACK": null, "KAURIDIEBACK_MITIGATED": null, "SegmentID": null, "GlobalID": "58b1757d-27e6-4b1a-960a-fd9923aeb1b4", "Shape__Length": 43.932470915942375, "_COUNCIL_TRACKNAME": "Mangatawhiri Challenge Track"}}, {"type": "Feature", "id": 781, "geometry": {"type": "LineString", "coordinates": [[175.142524402407, -37.0962715428212], [175.142550709392, -37.0964006227216], [175.142592740248, -37.0965586731242], [175.142697312487, -37.0967353664875], [175.142752099292, -37.0967706966618], [175.142734799336, -37.0968543124013], [175.142660216834, -37.0968727213992], [175.142660815065, -37.0969330946694], [175.142605150811, -37.0969752521951], [175.142570229684, -37.0970016953818], [175.142534129888, -37.0970290340811], [175.142504716971, -37.0970513130233], [175.142477639343, -37.0970718193375], [175.142455827134, -37.0970883280383], [175.142373826887, -37.0970583023033], [175.142327948482, -37.0970776072505], [175.142291983638, -37.0971005543263], [175.142261132246, -37.0971153066906], [175.142227316889, -37.0971326811923], [175.142205256826, -37.097154773096], [175.142182261628, -37.0971804148159], [175.142159236991, -37.0972062102769], [175.142127856024, -37.097228128143], [175.142097957401, -37.0972487484422], [175.142073426992, -37.0972714167069], [175.142057490996, -37.0972996255818], [175.142081717317, -37.0973716216315], [175.14205604945, -37.0973910569184], [175.142028817187, -37.0974116740774], [175.142010981944, -37.0974251817489], [175.141955327707, -37.0974673207698], [175.141993472184, -37.0975213556592], [175.141924123288, -37.097533865542], [175.141911366019, -37.097561088663], [175.14189866167, -37.0975881936631], [175.14188550014, -37.0976162442286], [175.141869749702, -37.0976498482432], [175.141855527529, -37.0976801891342], [175.141839989291, -37.0977133386829], [175.141827815206, -37.0977392985123], [175.141816309246, -37.097763813272], [175.14180172574, -37.0977949087276], [175.141840420369, -37.0978425077736], [175.141838026762, -37.0978721752782], [175.14183534806, -37.0979084991961], [175.141829201657, -37.0979399468979], [175.141817569377, -37.097975558389], [175.141758066437, -37.0980053025099], [175.141759196475, -37.0980422335453], [175.141760327276, -37.0980791916043], [175.141761101918, -37.098104701148], [175.141762161609, -37.0981395335298], [175.141705995508, -37.0981759046428], [175.14167185403, -37.0981977010335], [175.141619438454, -37.0982186289288], [175.141584059407, -37.0982524163217], [175.141557734976, -37.0982901047675], [175.141540990345, -37.0983175801429], [175.141522297076, -37.0983525711393], [175.141506655927, -37.0983792785311], [175.141496941881, -37.0984075010932], [175.141491956226, -37.0984398200486], [175.141489750607, -37.0984693759985], [175.14148774284, -37.098501163486], [175.141489524004, -37.0985332520324], [175.141493971981, -37.0985757379414], [175.141502366947, -37.0986049581656], [175.141511415682, -37.0986414126669], [175.14151699637, -37.0986757758269], [175.141520940782, -37.0987043734807], [175.14152789835, -37.0987480758017], [175.141535447295, -37.0987932004324], [175.141546328784, -37.098819221334], [175.141560482519, -37.0988499687754], [175.141580807276, -37.0989024781729], [175.141626324895, -37.0989837871052], [175.141649343938, -37.0990069119608], [175.141666951617, -37.0990332529307], [175.141692194476, -37.0990638270235], [175.141709755097, -37.0990952879644], [175.14172365105, -37.0991200737342], [175.141738382169, -37.0991501437897], [175.141764241066, -37.0991770206019], [175.141796373637, -37.0991961414022], [175.141824188117, -37.0992153492349], [175.141850121774, -37.0992320945724], [175.141876585088, -37.0992484698307], [175.141908070208, -37.0992693687589], [175.141932907076, -37.099289117051], [175.141961576567, -37.0993107157495], [175.141990385762, -37.0993328797066], [175.142019722733, -37.0993502124054], [175.142048090955, -37.0993643090744], [175.142089378417, -37.0993860852712], [175.142118722871, -37.0994032826213], [175.142150728939, -37.0994195035682], [175.142182691886, -37.0994341931526], [175.142215443915, -37.0994497336711], [175.142248772975, -37.0994669851477], [175.14227467614, -37.0994862364282], [175.142307209606, -37.0995071974118], [175.142334330109, -37.0995241284767], [175.142362080708, -37.0995394619381], [175.142388649858, -37.0995567904953], [175.142413295764, -37.0995765421343], [175.142436668415, -37.0995998226634], [175.142461070842, -37.0996205159979], [175.142488782082, -37.0996412396428], [175.142513626913, -37.0996608614886], [175.142539126694, -37.0996785698426], [175.142568812795, -37.0996959051025], [175.142643041842, -37.0996900119355], [175.142668093961, -37.0997201836924], [175.142687229174, -37.0997432163201], [175.142704524365, -37.099764038084], [175.142724626251, -37.0997882338734], [175.14275104039, -37.0998200212723], [175.14277037394, -37.0998433026513], [175.142791139471, -37.0998682885476], [175.142810787344, -37.0998919427639], [175.142829375308, -37.099914318332], [175.142855615518, -37.0999459195867], [175.142931202004, -37.0999462654141], [175.142954579664, -37.0999741060933], [175.142971589258, -37.0999987633111], [175.142970331643, -37.100041577614], [175.142985448665, -37.1000496219747]]}, "properties": {"OBJECTID": 781, "TRACKNAME": "Mangatawhiri Challenge Track", "CONDITIONSOFUSE": "Hunua Ranges Regional Park", "STATUS": "Open", "WEBLINK": "https://www.aucklandcouncil.govt.nz/en/parks-recreation/find-park-beach/park-detail/213.html", "VALIDATIONSTATE": 3, "created_user": "AC_owner", "last_edited_user": "AC_owner", "last_edited_date": 1789875254325, "created_date": 1789875254325, "PARK_SAPSITEID": null, "TRACK_ID": null, "KAURIDIEBACK_TRACK": null, "KAURIDIEBACK_MITIGATED": null, "SegmentID": null, "GlobalID": "d31c21e7-7652-4d5e-841d-483ca70729cc", "Shape__Length": 549.3597090146002, "_COUNCIL_TRACKNAME": "Mangatawhiri Challenge Track"}}, {"type": "Feature", "id": 1844, "geometry": {"type": "LineString", "coordinates": [[175.151032428121, -37.095727156212], [175.150957330633, -37.09574025063], [175.150932095159, -37.095760950729], [175.150915542823, -37.0957859364367], [175.150889615289, -37.0958088211069], [175.150863487477, -37.0958278069768], [175.15083258746, -37.0958594609392], [175.15075823336, -37.0958663438211], [175.150728939753, -37.095906665708], [175.150701324676, -37.0959446769595], [175.150681712327, -37.0959716648664], [175.150663313323, -37.0959969994854], [175.150641989667, -37.0960263346586], [175.150623536195, -37.0960517333477], [175.15054940582, -37.0960553945656], [175.150521881881, -37.0960719632943], [175.15048695595, -37.0960973273592], [175.150461075638, -37.0961314407037], [175.150442921516, -37.0961733989798], [175.15046155379, -37.0962255499655], [175.150429400327, -37.096255063557], [175.150392827834, -37.0962886498648], [175.1504089073, -37.0963499948975], [175.150399564854, -37.0963781032577], [175.150389784973, -37.0964050659483], [175.15036520154, -37.096449637326], [175.150346615363, -37.0964763181609], [175.150328925795, -37.0965048663476], [175.150311120456, -37.0965281262721], [175.150287362489, -37.0965569287424], [175.150277181753, -37.0965844394482], [175.150262666967, -37.0966146514257], [175.150237604188, -37.0966542114897], [175.150207567929, -37.0966834072263], [175.150177279894, -37.0967001161451], [175.15013663173, -37.0967232676905], [175.150098896566, -37.0967515576034], [175.150071213327, -37.0967704633674], [175.150033681904, -37.0968027781688], [175.150009385188, -37.0968272553264], [175.149981776187, -37.0968543611331], [175.149960114775, -37.096887685855], [175.149946875332, -37.0969355572619], [175.14993287231, -37.096972735622], [175.149915614583, -37.0970141818702], [175.149889385106, -37.0970459131035], [175.149867202943, -37.0970675850299], [175.14983225126, -37.0970908674781], [175.149789954928, -37.0971082627516], [175.149754917649, -37.0971165769039], [175.149702276868, -37.0971194783367], [175.149648326098, -37.09712618877], [175.149588515498, -37.097137349493], [175.149540851727, -37.0971384031489], [175.149480589112, -37.0971391445079], [175.149418194622, -37.0971408888372], [175.149370613269, -37.0971384891278], [175.149309428714, -37.0971285041714], [175.149265810605, -37.0971146587298], [175.149224487137, -37.0970980048152], [175.149168595058, -37.0970794159832], [175.149109810703, -37.0970604019008], [175.149063785397, -37.0970465729917], [175.149000137474, -37.0970298370821], [175.148954164378, -37.0970222348481], [175.148907483949, -37.0970290204204], [175.148860315645, -37.0970420334717], [175.14882733949, -37.0970504271469], [175.148793514835, -37.0970586559444], [175.148759724749, -37.0970641262684], [175.148711326676, -37.0970634805191], [175.148670109209, -37.0970569455696], [175.148624587448, -37.0970621328326], [175.148589035351, -37.0970701495472], [175.148533595584, -37.0970783194583], [175.148497011733, -37.0970840656624], [175.148460288145, -37.097089246598], [175.148423346244, -37.0970906822626], [175.148386361176, -37.0970878016913], [175.14834929733, -37.097081335545], [175.148311727239, -37.0970724812268], [175.148256198036, -37.0970559762931], [175.148219364153, -37.0970441074261], [175.148182140459, -37.097032777352], [175.14814434316, -37.0970222507652], [175.148070517155, -37.0970211913697], [175.148062956217, -37.0969992747052], [175.147992822949, -37.0969891357981], [175.147937990714, -37.096977385717], [175.147905301329, -37.0969772120255], [175.14787026833, -37.0969924561889], [175.14785485708, -37.0970276139884], [175.14785244298, -37.0970600578198], [175.147852284011, -37.0971066194886], [175.147872706688, -37.0971369641531], [175.147902975295, -37.0971510159706], [175.147941027473, -37.0971769404477], [175.147964116369, -37.0972132481441], [175.1479846385, -37.097241932678], [175.148021627005, -37.0972799892583], [175.14806627891, -37.0973168975414], [175.148150999018, -37.0973471313683], [175.148153819036, -37.0973692961723], [175.148155397677, -37.0973817679556], [175.148156843307, -37.0973931155819], [175.148265946959, -37.0973983302128], [175.148330094685, -37.0974152286936], [175.148385683981, -37.0974378339883], [175.148418111436, -37.0974578038297], [175.148440011306, -37.0974890499069], [175.148425938088, -37.0975249676141], [175.14839211464, -37.0975563494926], [175.148361563193, -37.0975765055195], [175.148322903136, -37.0976079389927], [175.148289123878, -37.0976388964523], [175.148269853307, -37.0976652829484], [175.148253587632, -37.0977052419402], [175.148245444659, -37.0977356175837], [175.148228234627, -37.0977672390634], [175.148188144855, -37.097787495819], [175.148130665877, -37.0977928004684], [175.148086513238, -37.0978002699277], [175.148026995193, -37.097811857171], [175.147972405459, -37.0978154871268], [175.14793149401, -37.0978074502983], [175.147878334738, -37.0977916142391], [175.147818259579, -37.0977735151526], [175.147771736691, -37.0977615964078], [175.147710607624, -37.0977507984958], [175.147673777662, -37.0977458510238], [175.147639224857, -37.097754606405], [175.147605335453, -37.0977753003852], [175.14756002318, -37.0977867291402], [175.147508471212, -37.0977867709266], [175.147464583471, -37.0977928654491], [175.14740477666, -37.0977922366068], [175.147348254426, -37.0977776328653], [175.147302128862, -37.0977650398087], [175.147254573756, -37.0977532206722], [175.147206697664, -37.0977431828018], [175.147173741935, -37.0977371736107], [175.147121870022, -37.0977298667902], [175.147057526888, -37.097722785853], [175.146998679776, -37.0977206793888], [175.146948058023, -37.0977197938142], [175.146912439144, -37.097719483652], [175.146878018642, -37.0977193770869], [175.1468303742, -37.0977179418451], [175.146782559713, -37.097718852925], [175.146724071002, -37.0977214714175], [175.146678275559, -37.0977277444006], [175.146644073014, -37.0977505076526], [175.146623866441, -37.0977732517479], [175.146614711182, -37.0978056554178], [175.146623743281, -37.0978354585455], [175.146642651985, -37.0978651909513], [175.14667079449, -37.0978916107443], [175.146696701984, -37.0979109961634], [175.146736857223, -37.0979340980608], [175.146773644842, -37.0979510963592], [175.146810293207, -37.0979679439548], [175.14684397913, -37.0979850705093], [175.146881485373, -37.0980063998025], [175.146906207484, -37.098030024514], [175.146923747168, -37.0980546985955], [175.146932611588, -37.0980821434477], [175.146929173912, -37.0981098291544], [175.146903350463, -37.0981432467466], [175.146876163084, -37.0981598355852], [175.146841578663, -37.0981642923272], [175.146794529816, -37.0981620441711], [175.146752799036, -37.0981600601791], [175.146694287463, -37.098155901644], [175.146634348645, -37.0981454240989], [175.146584415828, -37.0981398573988], [175.146549087842, -37.0981379015792], [175.146512613439, -37.0981351914316], [175.146476290415, -37.0981302704584], [175.146439556886, -37.0981239599639], [175.146400165679, -37.0981187610649], [175.146359376112, -37.0981158406103], [175.146297712257, -37.0981167949972], [175.146256240012, -37.0981207814637], [175.146213547336, -37.0981249792777], [175.146168164866, -37.0981279550111], [175.146121512702, -37.0981274027748], [175.146049205762, -37.0981247915087], [175.145998185576, -37.0981269409598], [175.145946120451, -37.0981315336814], [175.145895174016, -37.0981327083984], [175.145848088348, -37.0981307489334], [175.145780332101, -37.098127523377], [175.145735083656, -37.098126476924], [175.145691701908, -37.0981257932134], [175.145650110869, -37.0981243740925], [175.145610052466, -37.0981234409282], [175.145552054682, -37.0981287176724], [175.145512967386, -37.09813309331], [175.145474440892, -37.0981417938174], [175.145438969987, -37.0981559096186], [175.145404766896, -37.0981691012072], [175.145355331841, -37.098184767544], [175.145303844208, -37.0982050493832], [175.145258110963, -37.0982267051088], [175.1452294056, -37.0982429425215], [175.145201461243, -37.0982582378623], [175.145161180935, -37.0982833458029], [175.1451321032, -37.0983023387578], [175.145114567379, -37.0983264492359], [175.145120243158, -37.0983641271011], [175.145140472395, -37.0983900325583], [175.145174967745, -37.098412327153], [175.145216350534, -37.0984282964535], [175.145249482301, -37.0984341588001], [175.145286724376, -37.0984381532474], [175.145325819697, -37.0984404378068], [175.145383608686, -37.0984429067243], [175.145452075403, -37.0984433888433], [175.145510533222, -37.0984460348559], [175.145545385975, -37.0984494866559], [175.145588998475, -37.0984515631847], [175.145652249084, -37.0984549965852], [175.1457043855, -37.0984632906356], [175.145770648754, -37.0984773943611], [175.145823269108, -37.0984980538189], [175.145854792297, -37.0985186806237], [175.145884522104, -37.0985539041565], [175.14590802011, -37.098593963078], [175.145919274211, -37.0986195802605], [175.145939836497, -37.0986409282119], [175.145981955593, -37.0986538737205], [175.146018392676, -37.0986664173875], [175.146049576049, -37.0986821745055], [175.146077987733, -37.0987073638556], [175.146097642223, -37.0987455816684], [175.146088384281, -37.0987771489905], [175.146064799022, -37.0988013871621], [175.146038895724, -37.0988216296802], [175.145996686188, -37.0988473496362], [175.145955186548, -37.0988703169119], [175.145921114896, -37.0988865795486], [175.145869063852, -37.0989072413507], [175.145809480395, -37.0989221362807], [175.14576528611, -37.0989301554041], [175.14571168346, -37.0989436802561], [175.145666706925, -37.0989670438386], [175.145630781024, -37.0989778062586], [175.145579161554, -37.0989950263437], [175.145523348122, -37.0990127459128], [175.14548242376, -37.099023409504], [175.145434414662, -37.0990385904282], [175.145402290737, -37.0990541056717], [175.145363244298, -37.0990651317829], [175.14533248255, -37.0990762873191], [175.14530153939, -37.0990901859439], [175.145264280903, -37.0991047666538], [175.145258373556, -37.0991470342474], [175.145279921082, -37.0991761873674], [175.145308223469, -37.0991911226061], [175.145338988488, -37.0992056077001], [175.145372277656, -37.0992138464692], [175.145406844852, -37.0992167356833], [175.145459425638, -37.0992192267259], [175.145524957798, -37.0992173645751], [175.145581412891, -37.0992283653729], [175.145617257856, -37.0992418481698], [175.145649041164, -37.0992565310497], [175.145683843236, -37.0992773148389], [175.145712729448, -37.0993005760114], [175.145737161673, -37.099323494219], [175.145760246597, -37.0993505014683], [175.145780535538, -37.0993753152075], [175.1457994398, -37.0993981081641], [175.145809108676, -37.099426556952], [175.145802981377, -37.0994602215719], [175.145792444989, -37.0994971294146], [175.145784225505, -37.0995240364536], [175.145776017725, -37.0995577387362], [175.145736323592, -37.0995920741177], [175.145815162427, -37.0995992357988], [175.145863796129, -37.0996105673183], [175.145906544276, -37.0996150837427], [175.14596808301, -37.0996180252262], [175.146029889173, -37.0996220703781], [175.146076117308, -37.0996286957554], [175.146135896366, -37.0996298845293], [175.146196133396, -37.0996245759512], [175.146237457067, -37.0996180866993], [175.146289894607, -37.099613099554], [175.146334714075, -37.0996224360752], [175.14636113004, -37.099639487113], [175.146381618982, -37.0996618096615], [175.146400564216, -37.0996840520107], [175.146411012855, -37.09971101758], [175.146403551492, -37.0997440484694], [175.146387744016, -37.099775175638], [175.146373120072, -37.0998067770619], [175.146357956877, -37.099843191933], [175.146344492074, -37.0998708158579], [175.146332167393, -37.0998969771291], [175.146316708121, -37.0999304772935], [175.146325035417, -37.0999675933531], [175.146339619626, -37.1000019554345], [175.146371233848, -37.1000257798899], [175.146409840752, -37.1000370404008], [175.146449012249, -37.1000431895771], [175.146479274617, -37.1000573860542], [175.146504532214, -37.100076044241], [175.146528877173, -37.1000978463014], [175.146567011992, -37.1001131078645], [175.146623187293, -37.1001185524833], [175.146670751205, -37.1001234590735], [175.146730749635, -37.1001355938034], [175.146786642451, -37.1001469737111], [175.146819199722, -37.1001583616843], [175.146849530183, -37.1001761618471], [175.146874669289, -37.1002057633211], [175.14687257818, -37.1002480700041], [175.146885570325, -37.1003074517182]]}, "properties": {"OBJECTID": 1844, "TRACKNAME": "Mangatawhiri Challenge Track", "CONDITIONSOFUSE": "Hunua Ranges Regional Park", "STATUS": "Open", "WEBLINK": "https://www.aucklandcouncil.govt.nz/en/parks-recreation/find-park-beach/park-detail/213.html", "VALIDATIONSTATE": 3, "created_user": "AC_owner", "last_edited_user": "AC_owner", "last_edited_date": 1789875254325, "created_date": 1789875254325, "PARK_SAPSITEID": null, "TRACK_ID": null, "KAURIDIEBACK_TRACK": null, "KAURIDIEBACK_MITIGATED": null, "SegmentID": null, "GlobalID": "e5ae2b4a-2066-433c-bb27-01226e46c05f", "Shape__Length": 1324.6399045642936, "_COUNCIL_TRACKNAME": "Mangatawhiri Challenge Track"}}, {"type": "Feature", "id": 2601, "geometry": {"type": "LineString", "coordinates": [[175.145299080588, -37.0653439601274], [175.145415043103, -37.0654134308473], [175.145476761155, -37.0654588460553], [175.145593185289, -37.0656201194577], [175.145825041101, -37.0657449747614], [175.145832735856, -37.0658767437024], [175.145825046537, -37.0660277084803], [175.145864907967, -37.0662680737058], [175.145855711586, -37.0664669225768], [175.145800907859, -37.0666090244643], [175.145708040116, -37.0666611485865], [175.145544095181, -37.0666937758416], [175.145454189136, -37.066705334604], [175.145345752465, -37.0667377863034], [175.144838155434, -37.0669145678244], [175.144765626175, -37.0669593024909], [175.144656082568, -37.067047507421], [175.144599375162, -37.0671648405755], [175.14456573773, -37.0672539345706], [175.144504728119, -37.0673526984576], [175.144425137498, -37.0674594050042], [175.144371311776, -37.0675181491882], [175.144300496393, -37.0676225699728], [175.144229194277, -37.0677005295546], [175.144114113128, -37.0678062194209]]}, "properties": {"OBJECTID": 2601, "TRACKNAME": "Mangatawhiri Challenge Track", "CONDITIONSOFUSE": "Hunua Ranges Regional Park", "STATUS": "Open", "WEBLINK": "https://www.aucklandcouncil.govt.nz/en/parks-recreation/find-park-beach/park-detail/213.html", "VALIDATIONSTATE": 3, "created_user": "AC_owner", "last_edited_user": "AC_owner", "last_edited_date": 1789875254325, "created_date": 1789875254325, "PARK_SAPSITEID": null, "TRACK_ID": null, "KAURIDIEBACK_TRACK": null, "KAURIDIEBACK_MITIGATED": null, "SegmentID": null, "GlobalID": "8906a8c4-6590-4233-b792-2bd00da81371", "Shape__Length": 375.3354315864566, "_COUNCIL_TRACKNAME": "Mangatawhiri Challenge Track"}}, {"type": "Feature", "id": 2863, "geometry": {"type": "LineString", "coordinates": [[175.144116009478, -37.0678308255365], [175.144119818849, -37.0678938086966], [175.144106113613, -37.0679211303491], [175.144091302904, -37.0679459394547], [175.144076132991, -37.0679783616764], [175.144062328202, -37.0680089386676], [175.144054631182, -37.0680367464946], [175.144039514657, -37.0680626786847], [175.144018322387, -37.0680857285637], [175.143998391835, -37.0681104499895], [175.143974651665, -37.068138475819], [175.143951570873, -37.0681639571841], [175.143922354114, -37.068191207814], [175.143898339994, -37.0682142996855], [175.143875163855, -37.0682435860712], [175.143854856839, -37.0682673228963], [175.143832941544, -37.0682974516838], [175.143808247246, -37.068321952787], [175.143778448001, -37.0683548828308], [175.143763513221, -37.0683820824749], [175.143754287028, -37.0684123062672], [175.143747914828, -37.0684436320667], [175.143745176882, -37.0684722154169], [175.143742475631, -37.0685025014822], [175.143741666428, -37.0685304821658], [175.143742343457, -37.0685617165577], [175.14374324769, -37.0686038160193], [175.14374443708, -37.068634473354], [175.143745077162, -37.0686639960223], [175.143749345157, -37.0686981396382], [175.143754127639, -37.0687237931087], [175.143761201462, -37.068757327211], [175.143760433024, -37.0687871547364], [175.143752559346, -37.0688146863472], [175.143740045376, -37.0688395890708], [175.143730988997, -37.0688774434492], [175.143720243429, -37.0689112276426], [175.143713277568, -37.0689394458182], [175.143705871713, -37.0689803977186], [175.143701073487, -37.0690117040678], [175.143689900174, -37.069040683272], [175.143684405153, -37.0690724077851], [175.14369082752, -37.0691083690413], [175.143696948702, -37.069139225607], [175.143704458471, -37.0691686691274], [175.143705864595, -37.0692014314862], [175.143706287694, -37.0692288401182], [175.143704308215, -37.069267584959], [175.1437003199, -37.0693036893834], [175.143696777986, -37.0693356759977], [175.143689889964, -37.0693678583006], [175.143677653586, -37.0693978300829], [175.14366879061, -37.0694277769216], [175.14364482914, -37.0694535535421], [175.143622514421, -37.0694735052927], [175.143601470233, -37.069495840428], [175.14357993751, -37.0695195993681], [175.143553779897, -37.06955006617], [175.143532602808, -37.0695736744706], [175.143509819427, -37.0696049454669], [175.14348802432, -37.0696333686405], [175.143470429644, -37.0696591833349], [175.143454532355, -37.0696913572624], [175.143441894515, -37.0697186595414], [175.143429608781, -37.0697456850759], [175.14341125602, -37.06977773215], [175.14339301091, -37.0698068121349], [175.143384457379, -37.0698357709868], [175.143389932602, -37.0698680542194], [175.143378929715, -37.0698983010874], [175.143351671458, -37.0699180447431], [175.143319413375, -37.0699351750027], [175.143297278973, -37.0699555470255], [175.14328864511, -37.069988445822], [175.143278930286, -37.0700201023969], [175.143264968004, -37.0700602895572], [175.143249092527, -37.0700924450381], [175.143226972543, -37.0701217212206], [175.143201067614, -37.0701396018115], [175.143162169019, -37.0701593665788], [175.143124782582, -37.070175715268], [175.143090530712, -37.0701907455241], [175.143058312688, -37.0702097045448], [175.143049017222, -37.0702366850028], [175.143041840643, -37.0702714140331], [175.143028656304, -37.0703060804159], [175.143014793321, -37.070333819374], [175.143000207071, -37.0703614362149], [175.14298743728, -37.0703904532225], [175.142974067455, -37.0704333153908], [175.142966801318, -37.0704636659192], [175.142953542957, -37.070503696119], [175.142940595542, -37.070541188161], [175.14293099453, -37.0705784935408], [175.14292632287, -37.0706075173857], [175.142921545885, -37.0706475835493], [175.142918644202, -37.070683947696], [175.142916171219, -37.0707167621485], [175.142911872376, -37.070746644462], [175.142905091352, -37.0707758506324], [175.142898097412, -37.0708030868947], [175.14288358059, -37.070841166076], [175.142862268723, -37.0708675976347], [175.142836749123, -37.0708943846295], [175.142835664223, -37.0709257680289], [175.142848084657, -37.0709538610822], [175.142868957913, -37.0709737801582], [175.142895033652, -37.0709963179869], [175.142916768303, -37.071022863759], [175.142936389555, -37.0710494477255], [175.142958045377, -37.0710803840422], [175.142973353701, -37.0711119758404], [175.142975165804, -37.071138791572], [175.142940729725, -37.071144497095], [175.142900720187, -37.07114519321], [175.14286685717, -37.071146084647], [175.142866290151, -37.0711846777645], [175.142878198939, -37.0712137714444], [175.142890524096, -37.0712456695234], [175.142897773893, -37.0712790652976], [175.142909082423, -37.071312405737], [175.142924894622, -37.0713427176586], [175.142940870049, -37.0713720352433], [175.14296424636, -37.0714009576905], [175.142984220026, -37.071427670465], [175.143007863292, -37.0714520907989], [175.143047581498, -37.0714706057251], [175.143082442822, -37.0714843957113], [175.143117832346, -37.0714977705731], [175.143149706717, -37.0715117316955], [175.143176023268, -37.0715300291902], [175.143202151173, -37.0715476180951], [175.143230396575, -37.0715653129168], [175.143259166118, -37.071582448489], [175.143287548504, -37.0716062062881], [175.143303192972, -37.0716369447785], [175.143317458281, -37.071667834375], [175.143333850524, -37.0716927732649], [175.143340814933, -37.0717212172459], [175.143339516895, -37.0717502161624], [175.14332277676, -37.0717764389772], [175.143287156678, -37.0718008220528], [175.143269066421, -37.0718286284439], [175.143266138347, -37.0718648488669], [175.14323810183, -37.0718813440153], [175.143217625748, -37.0719055073821], [175.143212834634, -37.0719366783862], [175.143208980815, -37.0719707795607], [175.143202155775, -37.0719980217956], [175.143187259019, -37.0720262030493], [175.143176516636, -37.0720601223186], [175.143172781541, -37.0720908506399], [175.143161563873, -37.0721274642485], [175.143147147593, -37.0721535368803], [175.143146229962, -37.0721932538896], [175.143153695328, -37.0722207154654], [175.143165135134, -37.0722519175175], [175.143181311441, -37.072282367016], [175.143202519432, -37.0723165559009], [175.143219291985, -37.0723426145007], [175.143236885221, -37.0723734529552], [175.143247540428, -37.0724011542748], [175.14325781684, -37.0724357750906], [175.143257540841, -37.072464322924], [175.14324751436, -37.0724981030799], [175.143228268756, -37.072530022062], [175.143216446569, -37.0725543534418], [175.143205356447, -37.0725795187694], [175.143182777709, -37.072603711128], [175.143155997661, -37.0726300883724], [175.143157732231, -37.0726617362388], [175.143159376088, -37.0726885640141], [175.143165287616, -37.0727171622223], [175.143157170141, -37.0727496370877], [175.143155652096, -37.0727772159884], [175.143164987328, -37.0728091680747], [175.14318493001, -37.072834763804], [175.143207163877, -37.0728682311571], [175.143222328885, -37.0728923180197], [175.143238187347, -37.0729162661682], [175.143257983565, -37.0729510393386], [175.143267838691, -37.0729822790353], [175.143289871081, -37.0730069897854], [175.14332116517, -37.0730182936161], [175.143353966387, -37.0730347884757], [175.143377341305, -37.0730552480377], [175.143389397592, -37.0730827707963], [175.143402406846, -37.0731129800986], [175.143399508856, -37.0731422783128], [175.143390090242, -37.0731720819532], [175.143423789941, -37.0731969152099], [175.143459489952, -37.0732005147047], [175.143497970966, -37.0732269828989], [175.143526341714, -37.0732499026661], [175.14355821597, -37.0732722183272], [175.143591589854, -37.073290270953], [175.143621830415, -37.0733104891657], [175.143641079259, -37.0733357999424], [175.143659024788, -37.0733663525645], [175.14368472945, -37.0733972425548], [175.143718567179, -37.0734125919952], [175.143759347956, -37.0734220658565], [175.143802059655, -37.0734322077691], [175.143839144004, -37.0734502112541], [175.143861476036, -37.0734883452155], [175.143863749569, -37.0735287345312], [175.143880398929, -37.0735639790712], [175.143907787451, -37.0735911524162], [175.143930867059, -37.0736142939388], [175.143951481749, -37.0736381740001], [175.143971455268, -37.0736640484195], [175.143992114989, -37.0736903250046], [175.144012180788, -37.0737290586967], [175.144027783181, -37.0737658632978], [175.144043609609, -37.0738042320335], [175.144053030883, -37.0738404183937], [175.144062629617, -37.0738681297204], [175.144069722647, -37.073894732751], [175.144077100695, -37.0739258639533], [175.144081637651, -37.073956758133], [175.144093384998, -37.0739852777813], [175.144105250161, -37.0740123893356], [175.144100822859, -37.0740528727884], [175.144101127337, -37.0740832486807], [175.144101743428, -37.0741115099942], [175.144104842932, -37.0741412855709], [175.144114050645, -37.0741750784402], [175.144127668236, -37.0742013111157], [175.144151629041, -37.0742245808545], [175.144181077029, -37.0742410009284], [175.144215348451, -37.0742437788424], [175.144246327514, -37.074257052857], [175.14424503787, -37.0742867365728], [175.144229655124, -37.074317630512], [175.144238286583, -37.0743497304149], [175.144252531283, -37.0743810528508], [175.144269478868, -37.0744061077212], [175.144302863309, -37.0744324965769], [175.144325335242, -37.0744528190565], [175.144349730901, -37.0744715565738], [175.144380598649, -37.0744876625138], [175.144411587332, -37.0745020718936], [175.14443463091, -37.0745235195965], [175.144451780134, -37.07455013898], [175.14446877716, -37.0745777434846], [175.144499823771, -37.0746021918025], [175.144535472739, -37.074619923605], [175.144571079819, -37.0746349704067], [175.144607663797, -37.0746467640111], [175.144642614371, -37.0746476909476], [175.144684393779, -37.074671422333], [175.144711493447, -37.0746935085984], [175.144724680279, -37.0747240029275], [175.144738491615, -37.0747515118072], [175.144769494145, -37.0747652088465], [175.144813253194, -37.0747825505057], [175.144844052958, -37.0747958366148], [175.144876382987, -37.074814331337], [175.144899988022, -37.0748377335289], [175.144907794271, -37.0748644858233], [175.144912001989, -37.0748956562954], [175.144913790291, -37.0749299798776], [175.144919845054, -37.0749652266665], [175.144927861393, -37.0750014293489], [175.144941020882, -37.0750313473405], [175.144974858132, -37.0750546274793], [175.145013129419, -37.0750624248935], [175.14504619125, -37.0750745524609], [175.145067102189, -37.0751117114875], [175.14508550103, -37.0751391553443], [175.145109317913, -37.0751632836767], [175.145147993746, -37.0751822403062], [175.145179449506, -37.0751932522985], [175.145215192495, -37.0752063226868], [175.145255546433, -37.0752129828023], [175.145290537564, -37.0752157383625], [175.14533755963, -37.0752295148852], [175.145366728014, -37.0752399824012], [175.145392067378, -37.0752622535716], [175.145394639073, -37.0752920386532], [175.145402696515, -37.0753213098852], [175.145411203384, -37.075347770073], [175.145439606482, -37.0753646052834], [175.145468382038, -37.0753818843752], [175.145495694747, -37.0754055257721], [175.145511730539, -37.0754293351926], [175.145510082587, -37.0754594579985], [175.14549684136, -37.0754912957083], [175.145486967241, -37.075524072878], [175.145480755379, -37.0755546928543], [175.145478042522, -37.0755845465286], [175.14547832778, -37.07561421977], [175.145488120028, -37.0756587449234], [175.145492951802, -37.07569528458], [175.145503718265, -37.0757284813217], [175.145518110517, -37.0757578271647], [175.145536660246, -37.075783429649], [175.145546243798, -37.0758105733195], [175.145550055082, -37.0758488167919], [175.145549090154, -37.0758772328716], [175.145548165784, -37.075907486782], [175.145548590395, -37.0759353189348], [175.145555717801, -37.0759639130151], [175.145569329831, -37.0759974998667], [175.145582718067, -37.0760295315916], [175.145575071535, -37.0760675137691], [175.145584040876, -37.0760992018746], [175.145607812148, -37.0761296757734], [175.14563000347, -37.0761611606318], [175.145651113471, -37.0761913942832], [175.145659124584, -37.0762194135822], [175.145671974061, -37.0762586651033], [175.145687407266, -37.0762874242893], [175.145709734715, -37.076324133959], [175.145735200051, -37.0763520536486], [175.145758102332, -37.0763760361655], [175.145785898383, -37.0763968568153], [175.145814385769, -37.0764166645498], [175.145832876086, -37.0764401501027], [175.145857009914, -37.0764719061826], [175.145878009638, -37.0764966260921], [175.145881315928, -37.0765353022787], [175.145881838251, -37.0765677921568], [175.145879799059, -37.0766035819375], [175.145879688238, -37.0766315679772], [175.145873265587, -37.0766686718224], [175.145868541189, -37.0767033746219], [175.145856308268, -37.0767330761621], [175.145824347421, -37.0767636214575], [175.145812211053, -37.0767903651223], [175.14579822567, -37.0768209455578], [175.145780613815, -37.0768457785213], [175.145764506459, -37.076876099945], [175.145756525016, -37.0769153679764], [175.145749095559, -37.0769466859413], [175.145743187603, -37.0769753176591], [175.145735810598, -37.07700171381], [175.145724744617, -37.0770277260995], [175.145708854769, -37.0770514013142], [175.145686227171, -37.0770822553159], [175.145674501324, -37.0771103974979], [175.145672498971, -37.0771482955486], [175.145664453015, -37.0771761007507], [175.145644147697, -37.0771995584563], [175.145618091518, -37.077226499954], [175.14560751875, -37.0772516561247], [175.145599108501, -37.0772789091361], [175.145578782636, -37.0773012406314], [175.145550629946, -37.0773208477743], [175.145521601021, -37.0773408943593], [175.145484005073, -37.0773479195985], [175.145443830361, -37.0773572356237], [175.145402060143, -37.0773829743753], [175.145364372734, -37.0774027179698], [175.145333162601, -37.0774275896564], [175.145303607859, -37.0774469427235], [175.145277156201, -37.0774638513003], [175.145244088594, -37.0774850794468], [175.145257124662, -37.0775169823838], [175.145275861284, -37.0775511975338], [175.1452849569, -37.0775801795981], [175.145303446667, -37.0776032416471], [175.145335918736, -37.0776207422653], [175.145365152456, -37.0776426725732], [175.145385559543, -37.0776647175421], [175.145398959011, -37.0776895570424], [175.145420101824, -37.0777125620483], [175.145436529349, -37.077746260178], [175.145431694462, -37.0777758548304], [175.145432472165, -37.0778038428128], [175.145435029226, -37.0778406849886], [175.145435850353, -37.0778702133344], [175.145451455584, -37.0778986810258], [175.145477495359, -37.0779202274883], [175.145492863047, -37.0779454549473], [175.145496681898, -37.077983563083]]}, "properties": {"OBJECTID": 2863, "TRACKNAME": "Mangatawhiri Challenge Track", "CONDITIONSOFUSE": "Hunua Ranges Regional Park", "STATUS": "Open", "WEBLINK": "https://www.aucklandcouncil.govt.nz/en/parks-recreation/find-park-beach/park-detail/213.html", "VALIDATIONSTATE": 3, "created_user": "AC_owner", "last_edited_user": "AC_owner", "last_edited_date": 1789875254325, "created_date": 1789875254325, "PARK_SAPSITEID": null, "TRACK_ID": null, "KAURIDIEBACK_TRACK": null, "KAURIDIEBACK_MITIGATED": null, "SegmentID": null, "GlobalID": "11f5906d-c5d9-41f8-93a7-9abec4fb3829", "Shape__Length": 1339.3527056803462, "_COUNCIL_TRACKNAME": "Mangatawhiri Challenge Track"}}, {"type": "Feature", "id": 2900, "geometry": {"type": "LineString", "coordinates": [[175.1468068315, -37.100304858308], [175.146731372151, -37.1003285581115], [175.146664369495, -37.1003548895807], [175.14658102592, -37.1003962434461], [175.14649993183, -37.1004539142742], [175.146442791715, -37.1005035897369], [175.146390049751, -37.100547642815], [175.146300349311, -37.1006420422454], [175.146157425615, -37.1008547576114], [175.146131257143, -37.1009254301104], [175.146127930416, -37.1009841709884], [175.14612838351, -37.1010317219522], [175.146137074494, -37.1010777358217], [175.146153586232, -37.1011257710885], [175.146169199231, -37.1011626921408], [175.146195013677, -37.1012110366182], [175.146229561683, -37.1012678299184], [175.146258411077, -37.1013196523391], [175.146269940364, -37.1013649658966], [175.14627729912, -37.1014056324033], [175.146299298198, -37.1015057598869], [175.146323810697, -37.101574144754], [175.146355218161, -37.1016264976255], [175.146386911908, -37.1016634789267], [175.146421187839, -37.1016958711379], [175.146454974658, -37.1017208999406], [175.146498757042, -37.1017416830584], [175.146554648627, -37.1017764956765], [175.146606026713, -37.1018116513753], [175.14663546989, -37.1018346678838], [175.146673241816, -37.1018665370622], [175.14669825322, -37.1018955820954], [175.146727984805, -37.1019308053435], [175.14675410082, -37.1019730697735], [175.14678408434, -37.1020307657094], [175.146798823225, -37.1020909097809], [175.146805094671, -37.1021325062061], [175.146805329524, -37.1021758973146], [175.14679804393, -37.1022111691559], [175.146767867846, -37.1022682153138], [175.146722638391, -37.1023368808968], [175.146673411041, -37.1023847007752], [175.146607703235, -37.1024214903572], [175.146543216768, -37.1024465414869], [175.146509627458, -37.102449249727], [175.146470249996, -37.1024482054156], [175.146437332697, -37.1024348591499], [175.146388319449, -37.102405365496], [175.146339892938, -37.1023699489718], [175.146290706379, -37.1023239474469], [175.146245441465, -37.1022881221416], [175.146195224038, -37.1022466545231], [175.14614539557, -37.1021906606417], [175.146086066546, -37.1021648234745], [175.146033681572, -37.1021386442452], [175.14597303795, -37.1021188511977], [175.145912998192, -37.1021049053351], [175.145845906772, -37.1020950616392], [175.145796314702, -37.1020940848698], [175.145747945841, -37.1021049554475], [175.14569416053, -37.1021184655977], [175.145643997047, -37.1021395077275], [175.145595518493, -37.1021632411214], [175.145539064749, -37.1021942387691], [175.145489412221, -37.1022385780093], [175.145411548347, -37.1023250928525], [175.145340452524, -37.102415802147], [175.145289134623, -37.1024848748169], [175.145250529087, -37.1025574575788], [175.145226426361, -37.1026164482909], [175.145218046714, -37.1026711979151], [175.145218827075, -37.1027259800231], [175.145220183789, -37.102782446056], [175.145221553332, -37.1028433550375], [175.14523624327, -37.1029041941625], [175.145259343852, -37.1029636283107], [175.145279395468, -37.1030198821388], [175.145292442883, -37.1030468277925], [175.14536074963, -37.1032177669224], [175.145360294362, -37.1032658390242], [175.14535416206, -37.1033089127883], [175.145333405415, -37.1033413370795], [175.145302738329, -37.1033746527402], [175.145264093272, -37.1034362769733], [175.145224701637, -37.1034658571123], [175.145139726264, -37.1035384589653]]}, "properties": {"OBJECTID": 2900, "TRACKNAME": "Mangatawhiri Challenge Track", "CONDITIONSOFUSE": "Hunua Ranges Regional Park", "STATUS": "Open", "WEBLINK": "https://www.aucklandcouncil.govt.nz/en/parks-recreation/find-park-beach/park-detail/213.html", "VALIDATIONSTATE": 3, "created_user": "AC_owner", "last_edited_user": "AC_owner", "last_edited_date": 1789875254325, "created_date": 1789875254325, "PARK_SAPSITEID": null, "TRACK_ID": null, "KAURIDIEBACK_TRACK": null, "KAURIDIEBACK_MITIGATED": null, "SegmentID": null, "GlobalID": "616a4d39-bbcf-4f1a-b494-597ff9bf734d", "Shape__Length": 564.2605639959097, "_COUNCIL_TRACKNAME": "Mangatawhiri Challenge Track"}}, {"type": "Feature", "id": 3005, "geometry": {"type": "LineString", "coordinates": [[175.149483459441, -37.0705641283066], [175.14950648227, -37.0705539241514], [175.14954816459, -37.070535448823], [175.149599503456, -37.0705002341916], [175.149759176595, -37.0704081146121], [175.149822677085, -37.0703674520768], [175.149879836805, -37.0703376384608], [175.149937791676, -37.07030890092], [175.15000689016, -37.0702832688858], [175.150063387551, -37.0702638586899], [175.15012672892, -37.0702482358073], [175.15019175721, -37.0702457496662], [175.150407228855, -37.0702353526815], [175.150558366682, -37.0702400827369], [175.150673357011, -37.0702528045466], [175.150794886845, -37.0702672912397], [175.150911474357, -37.0702863827685], [175.151009887392, -37.0702987380604], [175.151074103959, -37.0703037465954], [175.151127440006, -37.0703054105678], [175.151179132733, -37.0703074287852], [175.151257018038, -37.0703101703974], [175.151335068445, -37.0703123862333], [175.151644044988, -37.0703197574285], [175.151701734445, -37.0703377630387], [175.151743845613, -37.0703668754461], [175.151780280155, -37.0704223625052], [175.151783144078, -37.0704572342352], [175.151777354474, -37.0704995091256], [175.15176571816, -37.070535482191], [175.151754929012, -37.0705664108661], [175.151694535958, -37.0707181790632], [175.151677853417, -37.070757073648], [175.15166594337, -37.0707984862507], [175.151640106942, -37.0709818832561], [175.151639340088, -37.0710116566768], [175.151652624187, -37.0710530807025], [175.151669403098, -37.0710947927914], [175.15168817065, -37.0711193178676], [175.151708638699, -37.0711443167826], [175.15174133111, -37.0711851812702], [175.151776717392, -37.0712159027792], [175.151801068136, -37.0712517274045], [175.1518207844, -37.0712815616674], [175.151836836604, -37.0713258104379], [175.151836720223, -37.0713590959657], [175.151829340314, -37.0714000207944], [175.151818412547, -37.0714395770167], [175.15179205238, -37.0714902374233], [175.151677791705, -37.0716761044471], [175.151503372498, -37.0719982245676], [175.151477680436, -37.0720323437315], [175.151453990684, -37.0720736366092], [175.151421915242, -37.0721039601439], [175.151214612485, -37.072341120255], [175.151196865634, -37.0723714270802], [175.151190043504, -37.0724030497907], [175.151191595845, -37.0724476338364], [175.151195114673, -37.0724754368493], [175.151217212253, -37.0727670430935], [175.151209658361, -37.0728432191904], [175.151196871749, -37.072876716587], [175.151173773587, -37.072927813361], [175.151148347491, -37.0729773301072], [175.151122031012, -37.0730092704715], [175.151089520555, -37.0730313823506], [175.151056113064, -37.0730508067261], [175.151024084866, -37.0730736668935], [175.150981452903, -37.0730886622006], [175.150937418368, -37.0730954184141], [175.150885532548, -37.0730965850574], [175.150832268269, -37.0730959381217], [175.150447438076, -37.0730491499678], [175.150430008788, -37.0730552792125], [175.150398171777, -37.0730689879882], [175.150371869779, -37.0730851288947], [175.150346952749, -37.0731084907807], [175.150333821936, -37.0731298183514], [175.150330876994, -37.073152979991], [175.150331245526, -37.073178767278], [175.15033744327, -37.0732038630209], [175.150343571612, -37.0732237147071], [175.150355286159, -37.0732454207999], [175.150370789393, -37.0732654719609], [175.150389185966, -37.073282433405], [175.150471588687, -37.0733756969019], [175.150500549821, -37.0734222261998], [175.150530590805, -37.0734771175904], [175.150550402946, -37.0735350244635], [175.150571716751, -37.0735899479708], [175.150594389059, -37.0736380153043], [175.150621285086, -37.0736739471995], [175.1506498172, -37.0736949336101], [175.150672835402, -37.0737046822286], [175.150714087407, -37.0737192552573], [175.150827499531, -37.0737503730798], [175.150876261776, -37.0737688113819], [175.150929950044, -37.0738015623745], [175.150996179241, -37.0738605737437], [175.151032099178, -37.0739089503985], [175.151072441404, -37.0739761010929], [175.151096331164, -37.074038178798], [175.15111147608, -37.0740996671225], [175.151113645027, -37.0741437803298], [175.151115112112, -37.0741929082456], [175.151112746822, -37.0742385637581], [175.151100791827, -37.0742995073404], [175.151089038771, -37.0743397363811], [175.151078280075, -37.0743753509704], [175.151005768335, -37.0745382348647], [175.150959862608, -37.0746694615405], [175.150912758929, -37.074808055173], [175.150875235081, -37.0749421579674], [175.15083666929, -37.0750943228077], [175.150815367319, -37.0752185689503], [175.150800061377, -37.0753599653711], [175.150786298858, -37.0754110909759], [175.150774464338, -37.0754456615707], [175.150759500885, -37.0754733943156], [175.150740760142, -37.0754980141482], [175.150628623142, -37.0756215918576], [175.150612122819, -37.0756486765214], [175.15060084281, -37.0756746120157], [175.150595013116, -37.075692012879], [175.150593961291, -37.075716888613], [175.150595536173, -37.0757336144024], [175.15060532103, -37.0757562747426], [175.150623802899, -37.0757822020897], [175.150645547882, -37.0757982195059], [175.150685195082, -37.0758256194785], [175.15071922672, -37.0758493360332], [175.150755861318, -37.0758624696686], [175.150795758506, -37.0758823936519], [175.150832367723, -37.0758990065734], [175.150874924903, -37.0759199187162], [175.150906749898, -37.0759431615333], [175.150947662089, -37.0759747202942], [175.150982609772, -37.076004179179], [175.151009408743, -37.0760402208713], [175.151036170212, -37.0760809047078], [175.151058143951, -37.0761324724577], [175.151060765787, -37.0761810656919], [175.151059863706, -37.0762072545436], [175.151051083416, -37.076242833228], [175.151037143176, -37.0762685646764], [175.151023395761, -37.0762875872774], [175.150998601183, -37.0763125242782], [175.150970996369, -37.0763415048267], [175.150877716032, -37.0764063752823], [175.150649011986, -37.0765891894153], [175.150625642658, -37.0766235726891], [175.150615047755, -37.0766498742824], [175.150609380169, -37.0766773933131], [175.150617517789, -37.0767082308864], [175.150635783881, -37.0767376590137], [175.150680488174, -37.0767736373243], [175.15072232728, -37.0767997718013], [175.150780704896, -37.0768164855108], [175.15083595155, -37.0768258927302], [175.150909227429, -37.0768296734344], [175.150961524114, -37.076825840586], [175.151020005927, -37.0768140004874], [175.151082539171, -37.0767934798521], [175.151158126785, -37.0767576713332], [175.151256001091, -37.0767076871621], [175.151366446659, -37.0766687044368], [175.15141786197, -37.076664734169], [175.151456852283, -37.0766732464476], [175.151507640969, -37.0766968479273], [175.151560218556, -37.0767383699424], [175.151582263595, -37.0767876651231], [175.151621243332, -37.0769668934802], [175.151638317105, -37.0770022733503], [175.151640476337, -37.0770460261979], [175.151635176847, -37.077078198085], [175.151622451177, -37.0771138664354], [175.151606363488, -37.0771551475391], [175.151584381055, -37.0771952107765], [175.151557577258, -37.0772314410463], [175.151527406503, -37.0772898222023], [175.151498878494, -37.0773681183361], [175.151490553227, -37.0774209838932], [175.151490544226, -37.0774532940881], [175.151498275083, -37.0775019568063], [175.151514917238, -37.0775626517948], [175.15153952553, -37.0776146763249], [175.151553032475, -37.0776396663644], [175.151648362182, -37.0777956650516], [175.15166802181, -37.0778433271613], [175.151676901785, -37.0778765304914], [175.151661169862, -37.0779292060315], [175.151640989458, -37.0779494630145], [175.151618816653, -37.0779660880426], [175.151528073555, -37.0780061644757], [175.151452797732, -37.0780438872559], [175.151413851294, -37.0780787336193], [175.151355879862, -37.0781297512736], [175.151320944108, -37.0781672105684], [175.151301494298, -37.0782057587472], [175.151285342223, -37.0782483568086], [175.151270003864, -37.0782994479588], [175.15127292536, -37.0783307766794]]}, "properties": {"OBJECTID": 3005, "TRACKNAME": "Mangatawhiri Challenge Track", "CONDITIONSOFUSE": "Hunua Ranges Regional Park", "STATUS": "Open", "WEBLINK": "https://www.aucklandcouncil.govt.nz/en/parks-recreation/find-park-beach/park-detail/213.html", "VALIDATIONSTATE": 3, "created_user": "AC_owner", "last_edited_user": "AC_owner", "last_edited_date": 1789875254325, "created_date": 1789875254325, "PARK_SAPSITEID": null, "TRACK_ID": null, "KAURIDIEBACK_TRACK": null, "KAURIDIEBACK_MITIGATED": null, "SegmentID": null, "GlobalID": "c85e6275-e114-4645-bac9-c556e1440f83", "Shape__Length": 1368.766153469276, "_COUNCIL_TRACKNAME": "Mangatawhiri Challenge Track"}}, {"type": "Feature", "id": 3080, "geometry": {"type": "LineString", "coordinates": [[175.142985448665, -37.1000496219747], [175.143057785138, -37.1000881143975], [175.143151801526, -37.1001435449921], [175.143273029711, -37.1002295046306], [175.143453390793, -37.1003799249939], [175.143613372696, -37.1005210521932], [175.143977308819, -37.1008371907813], [175.144225072263, -37.1010798507361], [175.144265749453, -37.1011186348413], [175.144309259967, -37.1011745005142], [175.144345639833, -37.1012376511347], [175.144377252694, -37.1013244738088], [175.144465914979, -37.1015753830591], [175.144485330729, -37.1016123166508], [175.144499337258, -37.1016649127671], [175.144501786331, -37.1017226298285], [175.144500936541, -37.1018169794659], [175.144493032418, -37.1018742439586], [175.144492818248, -37.1019185174321], [175.144498589435, -37.1019723440539], [175.144513365175, -37.1020558032099], [175.144547762119, -37.102268453592], [175.144556671411, -37.102314256342], [175.144564119738, -37.1023928370946], [175.144561952166, -37.1024472399533], [175.144555584285, -37.1025083069779], [175.144543373418, -37.1026055659313], [175.144486579442, -37.1028176311564], [175.144378782589, -37.1031083973426], [175.1443657443, -37.1031483965589], [175.144338301922, -37.1032055008107], [175.144294279558, -37.1032867431844], [175.144229704255, -37.1033825160711], [175.144205454519, -37.1034227631613], [175.144179276942, -37.1034664698877], [175.144163008055, -37.103498848843], [175.144148058868, -37.1035540867579], [175.144133705026, -37.1036088903114], [175.144133506043, -37.1036429342698], [175.144140194274, -37.1036778089638], [175.144155980478, -37.1037188909336], [175.144176501345, -37.1037531008051], [175.144206046287, -37.1037952857395], [175.144237596125, -37.1038363438772], [175.144270066749, -37.1038857129325], [175.144293288547, -37.103935096094], [175.14430113284, -37.1039706618512], [175.144300488122, -37.1040020641852], [175.144298420009, -37.1040420451695], [175.144283748226, -37.1040895633461], [175.144261809397, -37.1041271730269], [175.144226059402, -37.1041737927542], [175.144189988184, -37.1042154073112], [175.144152432155, -37.1042438723886], [175.144121735475, -37.1042689868768], [175.144091956255, -37.1042919217511], [175.144062209058, -37.1043100072933], [175.144037799533, -37.1043282396094], [175.14401859346, -37.1043482433874], [175.144001881924, -37.1043761060332], [175.143966351116, -37.1044692174022], [175.143933101505, -37.1045578353024], [175.143927157603, -37.1045872696193], [175.143926188899, -37.1046243466974], [175.143928504858, -37.1046589940619], [175.143936885575, -37.1046960281936], [175.143951068284, -37.1047341109762], [175.143976210628, -37.1047813685434], [175.144002524466, -37.1048298666678], [175.144042020884, -37.1048821729434], [175.144067619531, -37.1049268536611], [175.144087560481, -37.1049640301411], [175.14410780721, -37.1050212269427], [175.144107491359, -37.1050615006715], [175.144102190751, -37.1051045683379], [175.14409252117, -37.1051487244446], [175.144075679322, -37.1051915232304], [175.144053763293, -37.1052367390409], [175.144028301482, -37.1052835060588], [175.143961667736, -37.1053674014626], [175.143932002381, -37.1054071606458], [175.143905570198, -37.1054494479353], [175.143892455461, -37.1054747850804], [175.14388510059, -37.1055068585508], [175.143883488427, -37.1055286980514], [175.143884611032, -37.105554543725], [175.143892391023, -37.1055838379389], [175.143916138401, -37.1056390788126], [175.143950665125, -37.1056919076062], [175.144020217473, -37.1057494111671], [175.144062514645, -37.1057896890964], [175.144096796296, -37.1058286339595], [175.144132086075, -37.1058662177062], [175.144150311453, -37.1059091842133], [175.144162379196, -37.1059468726196], [175.144164898582, -37.1059827419954], [175.144160817301, -37.1060223628365], [175.144150476047, -37.1060658461418], [175.144128319822, -37.1061125263393], [175.144022240111, -37.1062449108329], [175.143989395374, -37.1062852592842], [175.143966023423, -37.1063183615283], [175.143946793572, -37.1063586889935], [175.143926121573, -37.1063989524176], [175.14391465273, -37.1064794705824], [175.143854983882, -37.1070965296571], [175.143855494409, -37.1071018648553], [175.14386037385, -37.107108499943], [175.14386966193, -37.1071158483862], [175.14387974425, -37.10712143403], [175.143892073734, -37.1071265013595], [175.143922440454, -37.1071419979661]]}, "properties": {"OBJECTID": 3080, "TRACKNAME": "Mangatawhiri Challenge Track", "CONDITIONSOFUSE": "Hunua Ranges Regional Park", "STATUS": "Open", "WEBLINK": "https://www.aucklandcouncil.govt.nz/en/parks-recreation/find-park-beach/park-detail/213.html", "VALIDATIONSTATE": 3, "created_user": "AC_owner", "last_edited_user": "AC_owner", "last_edited_date": 1789875254325, "created_date": 1789875254325, "PARK_SAPSITEID": null, "TRACK_ID": null, "KAURIDIEBACK_TRACK": null, "KAURIDIEBACK_MITIGATED": null, "SegmentID": null, "GlobalID": "31be0620-e9b3-4051-91a1-d1aacd245a00", "Shape__Length": 881.6361718359225, "_COUNCIL_TRACKNAME": "Mangatawhiri Challenge Track"}}, {"type": "Feature", "id": 1324, "geometry": {"type": "LineString", "coordinates": [[174.545097552294, -37.0218385479897], [174.545100735112, -37.0219374115317], [174.545111719966, -37.0219602799079], [174.545138052574, -37.0219849944676], [174.545294870929, -37.0220773683486], [174.545499232264, -37.0221405319384], [174.545551871961, -37.0221404140745], [174.545787860727, -37.0220879277399], [174.546236576713, -37.0220172016147], [174.546300410963, -37.0220253290803], [174.546563522172, -37.0220908708295], [174.546703803804, -37.0221404099836], [174.546850122043, -37.0222026964543], [174.546897746076, -37.0221969288362], [174.547014788904, -37.0221470634435]]}, "properties": {"OBJECTID": 1324, "TRACKNAME": "Manukau Bar View Walk", "CONDITIONSOFUSE": "Waitakere South Regional Park", "STATUS": "Temp Closed", "WEBLINK": "https://www.aucklandcouncil.govt.nz/en/parks-recreation/find-park-beach/park-detail/212.html", "VALIDATIONSTATE": 3, "created_user": "AC_owner", "last_edited_user": "AC_owner", "last_edited_date": 1789875254325, "created_date": 1789875254325, "PARK_SAPSITEID": null, "TRACK_ID": null, "KAURIDIEBACK_TRACK": null, "KAURIDIEBACK_MITIGATED": null, "SegmentID": null, "GlobalID": "919e78e7-8659-4da2-8f87-e34c82b3c71a", "Shape__Length": 195.97498451337958, "_COUNCIL_TRACKNAME": "Manukau Bar View Walk"}}, {"type": "Feature", "id": 62, "geometry": {"type": "LineString", "coordinates": [[174.562177817082, -37.0045705659465], [174.562317310937, -37.0045717489912], [174.56247571987, -37.0045757113476], [174.562615337508, -37.0045829404639], [174.562792700894, -37.0045927008476], [174.562876100402, -37.004599661419]]}, "properties": {"OBJECTID": 62, "TRACKNAME": "Manukau Timber Co Heritage Walk", "CONDITIONSOFUSE": "Waitakere South Regional Park", "STATUS": "Open", "WEBLINK": "https://www.aucklandcouncil.govt.nz/en/parks-recreation/find-park-beach/park-detail/212.html", "VALIDATIONSTATE": 3, "created_user": "AC_owner", "last_edited_user": "AC_owner", "last_edited_date": 1789875254325, "created_date": 1789875254325, "PARK_SAPSITEID": null, "TRACK_ID": null, "KAURIDIEBACK_TRACK": null, "KAURIDIEBACK_MITIGATED": null, "SegmentID": null, "GlobalID": "08dc479a-5380-435e-a879-3f59cbeb0bb2", "Shape__Length": 62.252178752802024, "_COUNCIL_TRACKNAME": "Manukau Timber Co Heritage Walk"}}, {"type": "Feature", "id": 3139, "geometry": {"type": "LineString", "coordinates": [[174.562876100402, -37.004599661419], [174.563011708798, -37.0046109800139], [174.563234418665, -37.0046261814739], [174.563476043732, -37.0046441618288], [174.563744224253, -37.0046708593179], [174.563925661434, -37.00469567994], [174.56407349972, -37.0047360587648], [174.564165555709, -37.0048134520003], [174.564239389151, -37.0049213076002], [174.564271330317, -37.005008560742], [174.564341152543, -37.0051043820622], [174.56446786152, -37.0052175975027], [174.564518098722, -37.005277397634], [174.564553060829, -37.0053283315748], [174.564595945114, -37.0053973051987], [174.564614109716, -37.0055482218693], [174.56454518059, -37.0056791322242], [174.56444911532, -37.005774121021], [174.56429627546, -37.0058577620986], [174.564061518239, -37.0059908491123], [174.563901273501, -37.0060806353381], [174.563737624827, -37.0061886103563], [174.56362951175, -37.0062474779792], [174.563479009886, -37.0062615481547], [174.563350877922, -37.0062632363364], [174.563184751897, -37.0062503092781], [174.563127482274, -37.006214784412], [174.563115188893, -37.006166579976], [174.563140022679, -37.0060906657347], [174.563261902179, -37.0057837192388], [174.563351531763, -37.0055588146371], [174.563382790142, -37.0054284102839], [174.563366894722, -37.0052048959033], [174.563295042141, -37.0050093394508], [174.563154978382, -37.0047965283394], [174.563085911891, -37.0047369756399], [174.562955864047, -37.0046449753506], [174.562876100402, -37.004599661419]]}, "properties": {"OBJECTID": 3139, "TRACKNAME": "Manukau Timber Co Heritage Walk", "CONDITIONSOFUSE": "Waitakere South Regional Park", "STATUS": "Open", "WEBLINK": "https://www.aucklandcouncil.govt.nz/en/parks-recreation/find-park-beach/park-detail/212.html", "VALIDATIONSTATE": 3, "created_user": "AC_owner", "last_edited_user": "AC_owner", "last_edited_date": 1789875254325, "created_date": 1789875254325, "PARK_SAPSITEID": null, "TRACK_ID": null, "KAURIDIEBACK_TRACK": null, "KAURIDIEBACK_MITIGATED": null, "SegmentID": null, "GlobalID": "e144beea-9f17-41fb-a0d9-d1fb8fc4f6e1", "Shape__Length": 576.2010474041522, "_COUNCIL_TRACKNAME": "Manukau Timber Co Heritage Walk"}}, {"type": "Feature", "id": 823, "geometry": {"type": "LineString", "coordinates": [[174.427727138388, -36.8303244761159], [174.427734780035, -36.8304406094743], [174.427642820981, -36.8305986818235], [174.427626108093, -36.8306575269225], [174.427603344195, -36.8308668324703], [174.427612409365, -36.831118094018], [174.427957799705, -36.8316501369353], [174.428122101085, -36.8318843631734], [174.428142986849, -36.8319028070647], [174.428148662679, -36.8318878299011]]}, "properties": {"OBJECTID": 823, "TRACKNAME": "Maori Bay Track", "CONDITIONSOFUSE": "Muriwai Regional Park", "STATUS": "Open", "WEBLINK": "https://www.aucklandcouncil.govt.nz/en/parks-recreation/find-park-beach/park-detail/220.html", "VALIDATIONSTATE": 3, "created_user": "AC_owner", "last_edited_user": "AC_owner", "last_edited_date": 1789875254325, "created_date": 1789875254325, "PARK_SAPSITEID": null, "TRACK_ID": null, "KAURIDIEBACK_TRACK": null, "KAURIDIEBACK_MITIGATED": null, "SegmentID": null, "GlobalID": "abcefcbe-80f7-435a-83dd-72807f30fe39", "Shape__Length": 191.0880360577686, "_COUNCIL_TRACKNAME": "Maori Bay Track"}}, {"type": "Feature", "id": 12660, "geometry": {"type": "LineString", "coordinates": [[174.466814313149, -36.9430000712958], [174.466858041836, -36.9429509725572], [174.466918938068, -36.9428825986655], [174.466980265303, -36.9428258146275], [174.467070096282, -36.9427837240403], [174.467110861794, -36.9427498805327], [174.467184062227, -36.9426353864693], [174.467178745044, -36.9423523321918], [174.467249379416, -36.9422177719686], [174.467352708485, -36.9421247456745], [174.467369650872, -36.9420980171309], [174.467353867477, -36.9420630416608], [174.467248242985, -36.9419405835047], [174.46723859647, -36.9419136255784], [174.467273696306, -36.9418787325232], [174.467502840299, -36.9417368916788], [174.467528022943, -36.9417088309039], [174.46751280683, -36.9416845783382], [174.467405252684, -36.9415941067059], [174.467326650705, -36.941475669174], [174.46727518662, -36.9413130689826], [174.467261290733, -36.9412356237987], [174.467280236186, -36.9411761012411], [174.467357879948, -36.9410101660021], [174.467398023299, -36.9409915379846], [174.467556310972, -36.9409828656917], [174.467565353156, -36.9409680742408], [174.467555905981, -36.9409289102361], [174.467518603933, -36.9408340929301], [174.46749157363, -36.9407979512846], [174.46716779468, -36.9406542818737], [174.467140816241, -36.9406348283548], [174.467180479115, -36.9406181469956], [174.467540822896, -36.9405349207176], [174.467563125324, -36.9405109823381], [174.467730868595, -36.940206379824], [174.467766306868, -36.9401658831347], [174.4677764576, -36.9401272872263], [174.467769733772, -36.940097736925], [174.46767344876, -36.9400140469114], [174.467661095831, -36.9399869557082], [174.467678893656, -36.9399500004251], [174.467755964811, -36.9398441149001], [174.467761118668, -36.9398217972899], [174.467723232182, -36.9398140964782], [174.467577078784, -36.9398152124521], [174.467537657364, -36.9398059342265]]}, "properties": {"OBJECTID": 12660, "TRACKNAME": "Marawhara Walk", "CONDITIONSOFUSE": "WAITAKERE WEST REGIONAL PARK", "STATUS": "Open", "WEBLINK": "https://www.aucklandcouncil.govt.nz/en/parks-recreation/find-park-beach/park-detail/3451.html", "VALIDATIONSTATE": 3, "created_user": "AC_owner", "last_edited_user": "AC_owner", "last_edited_date": 1789875254325, "created_date": 1789875254325, "PARK_SAPSITEID": null, "TRACK_ID": null, "KAURIDIEBACK_TRACK": null, "KAURIDIEBACK_MITIGATED": null, "SegmentID": null, "GlobalID": "814fe63c-e03e-45b7-9fa1-7a208f48d6a2", "Shape__Length": 485.58004743374903, "_COUNCIL_TRACKNAME": "Marawhara Walk"}}, {"type": "Feature", "id": 3245, "geometry": {"type": "LineString", "coordinates": [[174.513804511595, -36.9651712336351], [174.513672291717, -36.9650321911143], [174.513579932624, -36.9649135076181], [174.51353714274, -36.964838001793], [174.513530175764, -36.9647758021048], [174.513541948016, -36.9647515974075], [174.513572052011, -36.9647281297488], [174.51381391707, -36.9645999062857], [174.513929633338, -36.9645295522718], [174.513948554408, -36.9645090033223], [174.513965986387, -36.9644672616451], [174.513975967847, -36.9644234273817], [174.51397200654, -36.9643903285676], [174.513930441246, -36.9643409845724], [174.513877080572, -36.9643147224932], [174.513660557873, -36.9642833994255], [174.513621604822, -36.9642894421625], [174.513550439012, -36.9643196049782], [174.513518811029, -36.9643067708379], [174.513472130269, -36.9642698847028], [174.513358069621, -36.9641710444122], [174.513193902484, -36.9640097645882], [174.513167026917, -36.9639466396519], [174.513138260779, -36.963817055347], [174.513041200104, -36.9636837427393], [174.512951234031, -36.9635290801361], [174.512925485798, -36.9634702853279], [174.512942945559, -36.9634188628229], [174.512994437926, -36.963341468328], [174.51308577822, -36.9632549209827], [174.513183326534, -36.9630056844553], [174.513438756793, -36.9626662857195], [174.513488231081, -36.9626388872778], [174.513558489739, -36.9626357705854], [174.513595742354, -36.9626512217717], [174.513709161001, -36.9627221098531], [174.513750626483, -36.9627306163699], [174.513794671803, -36.9627021828596], [174.513831808058, -36.9626616681652], [174.513845327282, -36.9626229797255], [174.513842867223, -36.9625931354947], [174.51380308922, -36.9625544110054], [174.513484306184, -36.9623403291076], [174.513220611802, -36.9622518374257], [174.513142798392, -36.9622189642253], [174.513112653918, -36.9621977256944], [174.513097136787, -36.9621508093366], [174.513080309285, -36.9619504016075], [174.513091144186, -36.9619199949118], [174.513155366365, -36.9618506720246], [174.513166135178, -36.961822660179], [174.513118847589, -36.9616520818398], [174.513069361916, -36.9615842740213], [174.512992441792, -36.9615136935092], [174.512956078728, -36.9615075139041], [174.512866738132, -36.9615136126384], [174.512844186965, -36.961505767938], [174.512762834109, -36.9613505122193], [174.512748210045, -36.9613526256769], [174.51273146341, -36.9613690599623], [174.51255555294, -36.9615980423151], [174.512514986624, -36.9616316535299], [174.51245687736, -36.9616267513393], [174.512234515206, -36.9615673126068], [174.512189032593, -36.9615457374098], [174.512155833954, -36.961511120772], [174.512022928793, -36.9613340502351], [174.511966156315, -36.9612175990533], [174.511945360356, -36.9611361194636], [174.511964411883, -36.9610994627388], [174.512050520563, -36.9610086301307], [174.51209631133, -36.9609315429757], [174.512100500868, -36.9609004764802], [174.512070554963, -36.960832729413], [174.512070091244, -36.9608043992278], [174.512206057525, -36.9606820995157], [174.512216090434, -36.9606480480883], [174.51216560403, -36.9605773285993], [174.511925561942, -36.960367860225], [174.511841521333, -36.9602015999757], [174.51173098498, -36.9600213751513], [174.511700122591, -36.960007617669], [174.51164970911, -36.9600085390189], [174.511544247486, -36.9600223521541], [174.511498374586, -36.9600421099651], [174.511196814914, -36.9602745576525], [174.511063055929, -36.9604102124445], [174.510920413782, -36.9605295942954], [174.510765048548, -36.9606527253057], [174.510741264198, -36.9606666322221], [174.510716496348, -36.9606706141402], [174.51067293902, -36.9606537703336], [174.51053892767, -36.9605788985789], [174.510469847161, -36.960555713877], [174.510261664534, -36.9605103198734], [174.510058433627, -36.9605023636611], [174.509997110841, -36.9604904146259], [174.509823005854, -36.9604225084547], [174.509650760385, -36.9603267452355], [174.509633746243, -36.9602917138473], [174.509645282086, -36.960190261329], [174.509722179755, -36.9600077222013], [174.509723088255, -36.9599669303464], [174.509597903123, -36.9597508235776], [174.509554818653, -36.9597140298104], [174.509455114787, -36.9596504842279], [174.509109305841, -36.9595124022699], [174.509051621595, -36.9594970173632], [174.509026346563, -36.9595033435054], [174.509003487164, -36.9595191555151], [174.508844048924, -36.9596671430874], [174.508528793523, -36.9599110044254], [174.508292389421, -36.9600409946597], [174.508214081151, -36.9600722067722], [174.508120624389, -36.9600898772218], [174.507950504393, -36.960069955726], [174.507899652463, -36.9600431281233], [174.507837977019, -36.9599769844606], [174.507843172753, -36.9599210484603], [174.507883583168, -36.9598510537282], [174.507978878618, -36.9597712671001], [174.508200574835, -36.9596111317096], [174.508225808163, -36.9595844661417], [174.508234660367, -36.95956108052], [174.508249940388, -36.9593709162832], [174.508233165026, -36.9591968898474], [174.508220620914, -36.9591287746533], [174.508179055787, -36.9590621899896], [174.508174674747, -36.959021276043], [174.508229577337, -36.9587770738478], [174.508341297747, -36.9586457664371], [174.508365959287, -36.9585850681705], [174.508292513566, -36.9582266030373], [174.508371778307, -36.9580926405896], [174.508391302858, -36.9580435864769], [174.508389112152, -36.9579184773211], [174.508336419565, -36.9576752959029], [174.508421822966, -36.9574011107484], [174.508454044859, -36.9573363531087], [174.508521197635, -36.9572593311591], [174.508647881258, -36.957210495442], [174.508677458001, -36.957189861482], [174.508693947589, -36.9571503246077], [174.508736162956, -36.9569661996053], [174.508734444074, -36.9569060672452], [174.50869911371, -36.9567892408951], [174.508582763419, -36.9566224134414], [174.50849282593, -36.9565280190404], [174.50848188685, -36.9565037293133], [174.508493691333, -36.9564876270176], [174.508553517125, -36.9564458476645], [174.50857132406, -36.9564180937974], [174.508576186443, -36.9561808863146], [174.508585804199, -36.956124142331], [174.508619003748, -36.9560953077277], [174.508750602778, -36.9560326528607], [174.508773329464, -36.9560089115011], [174.508768171153, -36.9559028804075], [174.508727513156, -36.9557298740372], [174.508699901365, -36.9556859563148], [174.508643484618, -36.9556731825354], [174.508448071895, -36.9556637711386], [174.508245694578, -36.9556676807972], [174.508155361141, -36.9556831942551], [174.508121853165, -36.9556745233549], [174.507998162499, -36.9555788672473], [174.507797628117, -36.955380441933], [174.50724313834, -36.9549476105254]]}, "properties": {"OBJECTID": 3245, "TRACKNAME": "Marguerite Track", "CONDITIONSOFUSE": "Waitakere West Regional Park", "STATUS": "Temp Closed", "WEBLINK": "https://www.aucklandcouncil.govt.nz/en/parks-recreation/find-park-beach/park-detail/3451.html", "VALIDATIONSTATE": 3, "created_user": "AC_owner", "last_edited_user": "AC_owner", "last_edited_date": 1789875254325, "created_date": 1789875254325, "PARK_SAPSITEID": null, "TRACK_ID": null, "KAURIDIEBACK_TRACK": null, "KAURIDIEBACK_MITIGATED": null, "SegmentID": null, "GlobalID": "94362393-1af9-45b2-80cc-98947563857a", "Shape__Length": 2059.7831764927605, "_COUNCIL_TRACKNAME": "Marguerite Track"}}, {"type": "Feature", "id": 12014, "geometry": {"type": "LineString", "coordinates": [[175.054053321126, -36.8177834007165], [175.055074885332, -36.8180471019375], [175.055316449962, -36.8183196387139], [175.056062057777, -36.8189220237015], [175.057250696199, -36.8189495101377], [175.057765006871, -36.8191838778836], [175.058257643006, -36.8193560608875], [175.059156684925, -36.8188858865015], [175.059517602598, -36.8189282733302], [175.060118682866, -36.8191941646429], [175.062113427185, -36.8191926115891], [175.062732140022, -36.8198366043616], [175.063191887118, -36.8198466456864], [175.063441024412, -36.8197988681457]]}, "properties": {"OBJECTID": 12014, "TRACKNAME": "Mary Wilson to Whakanewha", "CONDITIONSOFUSE": "Omiha Beach Reserve", "STATUS": "Open", "WEBLINK": "https://www.aucklandcouncil.govt.nz/en/parks-recreation/find-park-beach/park-detail/114.html", "VALIDATIONSTATE": 3, "created_user": "AC_owner", "last_edited_user": "AC_owner", "last_edited_date": 1789875254325, "created_date": 1789875254325, "PARK_SAPSITEID": null, "TRACK_ID": null, "KAURIDIEBACK_TRACK": null, "KAURIDIEBACK_MITIGATED": null, "SegmentID": null, "GlobalID": "01ad6daf-8c42-4751-8b38-88716cca0a35", "Shape__Length": 955.5756442129428, "_COUNCIL_TRACKNAME": "Mary Wilson to Whakanewha"}}, {"type": "Feature", "id": 428, "geometry": {"type": "MultiLineString", "coordinates": [[[175.0991451019, -37.071106784299], [175.099524668345, -37.0713000145996], [175.09990204004, -37.0714912042067], [175.100222304379, -37.0717510801979], [175.100650696613, -37.0720432786009], [175.101135852514, -37.0721412833192], [175.101629439154, -37.0722248064773], [175.10197235251, -37.0723469503978], [175.102120904209, -37.0724603724845], [175.102127728763, -37.0724655689447], [175.102266981153, -37.0726417846009], [175.102187322337, -37.0727732225014], [175.102058162468, -37.0729592443661], [175.102243847871, -37.0733118794581], [175.102562632081, -37.0736079969045], [175.103021058195, -37.0736206853934], [175.103313672761, -37.0734962843686], [175.103629009887, -37.0732311706289], [175.103917763896, -37.0729773519885], [175.104083395067, -37.0726611061326], [175.104263934125, -37.0728410929725], [175.104488255694, -37.0726856359107], [175.104653633524, -37.0724311213732], [175.105076182559, -37.0722298027908], [175.105393536169, -37.0720949444235], [175.105709071949, -37.0721961225417], [175.105924032638, -37.0725139927267], [175.106215149949, -37.0726943556364], [175.106631022631, -37.0728652009261], [175.10676394873, -37.0731273959643], [175.106748035534, -37.073192015456], [175.106716173484, -37.0733214317136], [175.106716209733, -37.0733214409833], [175.106913786846, -37.0733605399742], [175.107313877092, -37.0733027873179], [175.107695235964, -37.0732018533038], [175.108038003484, -37.0733316337717], [175.108344646343, -37.0734330529779], [175.108660691488, -37.073548625229], [175.108998853767, -37.0738068066611], [175.109324782498, -37.0739578913123], [175.109736423628, -37.0739857071914], [175.109998717374, -37.0738017240844], [175.110064765045, -37.0736215937783], [175.110050644496, -37.0734501904815], [175.109984523167, -37.073329813867], [175.110067770794, -37.0732147010132], [175.110404356193, -37.0732081693927], [175.110740243585, -37.0731801180644], [175.111052224127, -37.0732496206028], [175.111225647761, -37.0731922854944]], [[175.0991451019, -37.071106784299], [175.099022475227, -37.0710443760643], [175.098770868935, -37.070990224523]], [[175.098770868935, -37.070990224523], [175.099022455346, -37.071044348477], [175.0991451019, -37.071106784299]], [[175.091496984384, -37.0646390721742], [175.091773814156, -37.0647741285633], [175.09196246856, -37.0648697413709], [175.092124397891, -37.0652652534469], [175.092197033835, -37.0655630392843], [175.092342722434, -37.0658667460847], [175.092416855675, -37.0662156882765], [175.09247003787, -37.0664701237581], [175.092639590353, -37.0666566227937], [175.092888590117, -37.0667612631453], [175.093186804785, -37.0666825636473], [175.093454192108, -37.0664877116686], [175.093742886378, -37.0664235901384], [175.094055389684, -37.0665169223186], [175.09417537273, -37.0667452120555], [175.094128366192, -37.0668876943758], [175.094085155061, -37.0671003002938], [175.094292773166, -37.0672071015108], [175.094564406951, -37.067068942831], [175.094815879434, -37.0670977568956], [175.095095189769, -37.0671172371057], [175.095242889357, -37.0671734708425], [175.095247079624, -37.0672145756606], [175.095164834103, -37.0672620747273], [175.095007485192, -37.0673039610379], [175.094929794398, -37.0673584093437], [175.09494797081, -37.0673956619894], [175.095069222912, -37.0674545172559], [175.095223368538, -37.0674515230381], [175.095428610334, -37.0673946491711], [175.095572939047, -37.0674460662053], [175.095610681989, -37.0675301902669], [175.095536785472, -37.0676219654467], [175.09535090622, -37.0677420366084], [175.095219972315, -37.0679280826122], [175.095194140642, -37.0680945163051], [175.09515281405, -37.0683317839407], [175.095099101504, -37.0685975611716], [175.095066193892, -37.0688240360451], [175.095373465287, -37.0691714698809], [175.095567967426, -37.0694654862124], [175.095637022567, -37.0697943273523], [175.095921422968, -37.0700252967137], [175.096088921861, -37.0702851754248], [175.096088948163, -37.0702851911825], [175.096124690901, -37.070300838848], [175.096496063057, -37.0704634267498], [175.097074887184, -37.0707098167079], [175.097507944026, -37.0708588593286], [175.098460530287, -37.0709234595985], [175.098738564936, -37.0709832725924], [175.098770868935, -37.070990224523]]]}, "properties": {"OBJECTID": 428, "TRACKNAME": "Massey Track", "CONDITIONSOFUSE": "Hunua Ranges Regional Park", "STATUS": "Open", "WEBLINK": "https://www.aucklandcouncil.govt.nz/en/parks-recreation/find-park-beach/park-detail/213.html", "VALIDATIONSTATE": 3, "created_user": "AC_owner", "last_edited_user": "AC_owner", "last_edited_date": 1789875254325, "created_date": 1789875254325, "PARK_SAPSITEID": null, "TRACK_ID": null, "KAURIDIEBACK_TRACK": null, "KAURIDIEBACK_MITIGATED": null, "SegmentID": null, "GlobalID": "f4688a49-5fef-4ad2-a07d-b211180c2146", "Shape__Length": 2872.925759962971, "_COUNCIL_TRACKNAME": "Massey Track"}}, {"type": "Feature", "id": 6604, "geometry": {"type": "LineString", "coordinates": [[175.046788250306, -36.7792556308658], [175.046475210311, -36.7793567939606], [175.046287967124, -36.7794170756605], [175.046287503829, -36.7794171395144], [175.046223759945, -36.7794149664719], [175.046218268594, -36.7794552054193], [175.046215074266, -36.779478635923], [175.046215074505, -36.779478644932], [175.046221377688, -36.7795027240857], [175.04622994674, -36.7795354510962], [175.046231136093, -36.7795399795532], [175.04623169185, -36.7795409488149], [175.046273996992, -36.7795850070288], [175.046274558769, -36.7795860762324], [175.046283162173, -36.7796394742453], [175.046283410392, -36.7796400864715], [175.046316818126, -36.7796947250611], [175.046316853127, -36.7796948614583], [175.046306651976, -36.779782183993], [175.046306590422, -36.7797826501294], [175.046296809952, -36.7798414695336], [175.046296808928, -36.7798414731564], [175.046296647358, -36.779915429798], [175.046296650156, -36.7799154258582], [175.046296647323, -36.7799154457358], [175.046296647358, -36.779915429798], [175.046296646916, -36.7799154304205], [175.046296647155, -36.7799154394295], [175.046296647203, -36.7799154412313], [175.046296647323, -36.7799154457358], [175.046268577976, -36.7799055717886], [175.046268568825, -36.7799055647356], [175.046218732314, -36.7798253799352], [175.046218728858, -36.7798253763894], [175.046171500448, -36.7797704546356], [175.046171496969, -36.7797704501889], [175.046132973095, -36.7797292471271], [175.046132963992, -36.7797292418759], [175.04609609666, -36.7797210055392], [175.046088943903, -36.7797208068474], [175.046086656389, -36.7797215834819], [175.046084096294, -36.7797226856737], [175.04607384659, -36.7797305781732]]}, "properties": {"OBJECTID": 6604, "TRACKNAME": "Matapana Track", "CONDITIONSOFUSE": "Matapana Reserve", "STATUS": "Open", "WEBLINK": "https://www.aucklandcouncil.govt.nz/en/parks-recreation/find-park-beach/park-detail/164.html", "VALIDATIONSTATE": 3, "created_user": "AC_owner", "last_edited_user": "AC_owner", "last_edited_date": 1789875254325, "created_date": 1789875254325, "PARK_SAPSITEID": null, "TRACK_ID": null, "KAURIDIEBACK_TRACK": null, "KAURIDIEBACK_MITIGATED": null, "SegmentID": null, "GlobalID": "7d6efc0e-6783-462a-9c0a-3dab1ad2cd0a", "Shape__Length": 143.37298513716405, "_COUNCIL_TRACKNAME": "Matapana Track"}}, {"type": "Feature", "id": 12532, "geometry": {"type": "LineString", "coordinates": [[174.999238047908, -36.7737944146548], [174.999217409952, -36.7738101444466], [174.999217117435, -36.7738108740259], [174.999212222487, -36.773823081782], [174.999206452038, -36.7738374710308], [174.999204312861, -36.7738428058567], [174.999184143901, -36.7738786614571], [174.999181640612, -36.7738828324895], [174.999064033549, -36.7740787701114], [174.998991975609, -36.7741569442525], [174.998989126955, -36.7741627011013], [174.998989537579, -36.7741659146172], [174.999004361346, -36.7742008025163], [174.999003449071, -36.7742033370422], [174.998984712818, -36.7742141271375], [174.998982071182, -36.7742153450613], [174.998928369962, -36.7742363751261], [174.998927607404, -36.7742367800184], [174.998813115123, -36.7743140034868], [174.998808084822, -36.7743161286259], [174.998716381928, -36.7743364750851], [174.9987122651, -36.774337664619], [174.998638763727, -36.7743625668241], [174.99857161143, -36.7743840102704], [174.998567320724, -36.7743860977329], [174.998476056497, -36.774446555317], [174.998474669577, -36.7744478981578], [174.998372584455, -36.7745898663722], [174.998369726193, -36.7745925372464], [174.998205434624, -36.7746982576028], [174.998200022197, -36.7747002954001], [174.998076033823, -36.7747220950942], [174.998053651956, -36.7747290183431], [174.998050402313, -36.7747313307509], [174.997944649264, -36.774848927235], [174.997858481236, -36.77495316691], [174.997758961646, -36.7750182827683], [174.99756387575, -36.7751646094143], [174.997390277893, -36.775267651237], [174.997092961614, -36.7753842281594], [174.996819460878, -36.7754778660264], [174.996632310907, -36.7755269676465], [174.996631851485, -36.7755270952358], [174.996318189674, -36.7756189312281], [174.996310210662, -36.775618220636]]}, "properties": {"OBJECTID": 12532, "TRACKNAME": "Matiatia Owhanake walkway", "CONDITIONSOFUSE": "Owhanake Matiatia Walkway", "STATUS": "Open", "WEBLINK": "https://www.aucklandcouncil.govt.nz/en/parks-recreation/find-park-beach/park-detail/1039.html", "VALIDATIONSTATE": 3, "created_user": "AC_owner", "last_edited_user": "AC_owner", "last_edited_date": 1789875254325, "created_date": 1789875254325, "PARK_SAPSITEID": null, "TRACK_ID": null, "KAURIDIEBACK_TRACK": null, "KAURIDIEBACK_MITIGATED": null, "SegmentID": null, "GlobalID": "16e17a84-deb6-4b34-a96e-b8d2ee6098ce", "Shape__Length": 347.3209942360424, "_COUNCIL_TRACKNAME": "Matiatia Owhanake walkway"}}, {"type": "Feature", "id": 10392, "geometry": {"type": "MultiLineString", "coordinates": [[[174.996261683224, -36.7776979051912], [174.996272794264, -36.7777098080799], [174.996282967174, -36.777720100734], [174.996634148525, -36.7780576529641], [174.996634158327, -36.7780576852471], [174.996614672442, -36.7781258683263], [174.996611998521, -36.7781283530962], [174.996415633645, -36.7781917310514], [174.996415573892, -36.7781917599955], [174.996387814065, -36.7782106995022], [174.996387815279, -36.7782107030871]], [[174.996441937158, -36.7783085800779], [174.996441930391, -36.7783085783888], [174.996441932654, -36.7783085792521], [174.996441937158, -36.7783085800779]], [[174.996441937158, -36.7783085800779], [174.996441941591, -36.7783085782008], [174.996544546876, -36.778259969755], [174.996544550166, -36.7782599669959], [174.996544552359, -36.7782599651564], [174.996543964512, -36.7782393383946], [174.996543963299, -36.7782393348096], [174.996543959939, -36.7782393348661], [174.996461143602, -36.7782245664196], [174.996461135739, -36.7782245656502], [174.996387815279, -36.7782107030871], [174.996387804196, -36.7782107077797]], [[174.996491309134, -36.7783348403571], [174.996491314734, -36.778334840263], [174.99649130209, -36.7783348387853], [174.996491309134, -36.7783348403571]], [[174.996457997314, -36.7783506670969], [174.996457984971, -36.7783506664028], [174.996457981611, -36.7783506664592], [174.996457997314, -36.7783506670969]], [[174.994641104496, -36.7807160096205], [174.994641118053, -36.7807160138997], [174.994676425772, -36.78069176018], [174.994677423849, -36.7806912305867], [174.994743790349, -36.7806650263591], [174.994743894741, -36.7806649470944], [174.994783661818, -36.7806083593817], [174.994784280112, -36.7806076162362], [174.994904667839, -36.7804840508943], [174.995129438047, -36.7803136582112], [174.995129444627, -36.7803136526929], [174.995511447924, -36.7800675555992], [174.99551145231, -36.7800675519203], [174.995672350186, -36.779930938985], [174.995777186911, -36.7797703659721], [174.995777190131, -36.7797703605102], [174.995863896505, -36.7796372809388], [174.995863898675, -36.7796372781984], [174.995897042814, -36.7795682224561], [174.995897044867, -36.7795682152111], [174.995917536363, -36.7794341856397], [174.995948632122, -36.7793879793854], [174.995948636438, -36.7793879730037], [174.995980807949, -36.7793319666553], [174.995980809023, -36.7793319648347], [174.99601929018, -36.7792606364783], [174.996019292233, -36.7792606292332], [174.99602939518, -36.7791887406905], [174.996029396206, -36.779188737068], [174.996029398399, -36.7791887352286], [174.996029403906, -36.7791887315308], [174.99607756762, -36.7791726303694], [174.996077568693, -36.7791726285488], [174.99612174973, -36.779064249447], [174.996121753953, -36.7790642394616], [174.996180349219, -36.778940379754], [174.996180351413, -36.7789403779145], [174.996272669453, -36.7788148019795], [174.996272672649, -36.7788147956166], [174.996300387543, -36.7787447502228], [174.996300390739, -36.7787447438599], [174.996380744338, -36.7786259158882], [174.996380745364, -36.7786259122657], [174.996364833008, -36.7785414552913], [174.996364832868, -36.7785414498858], [174.996410108084, -36.7784243554672], [174.996410115714, -36.7784243472273], [174.996506294542, -36.7783867202326], [174.996506294448, -36.7783867166289], [174.996506293235, -36.778386713044], [174.996457997314, -36.7783506670969], [174.99645799722, -36.7783506634932], [174.996491293525, -36.7783348433231], [174.996491294504, -36.7783348378987], [174.99649130209, -36.7783348387853], [174.996491297864, -36.7783348378423], [174.996491294504, -36.7783348378987], [174.996441937158, -36.7783085800779], [174.996441936108, -36.7783085827994]], [[174.994641118053, -36.7807160138997], [174.99464111698, -36.7807160157203], [174.994641118286, -36.780716022909], [174.994646871028, -36.7807527237169]]]}, "properties": {"OBJECTID": 10392, "TRACKNAME": "Matiatia to Delamore Dr.", "CONDITIONSOFUSE": "Matiatia Owhanake Walkway Link", "STATUS": "Open", "WEBLINK": null, "VALIDATIONSTATE": 3, "created_user": "AC_owner", "last_edited_user": "AC_owner", "last_edited_date": 1789875254325, "created_date": 1789875254325, "PARK_SAPSITEID": null, "TRACK_ID": null, "KAURIDIEBACK_TRACK": null, "KAURIDIEBACK_MITIGATED": null, "SegmentID": null, "GlobalID": "1875152b-93ce-4d10-bb89-2f7122cecefd", "Shape__Length": 449.28628755526137, "_COUNCIL_TRACKNAME": "Matiatia to Delamore Dr."}}, {"type": "Feature", "id": 1046, "geometry": {"type": "LineString", "coordinates": [[174.477539216487, -36.947403954065], [174.476848531292, -36.9471995178537], [174.476809643434, -36.9472159196858], [174.476726588039, -36.9473254322259], [174.476693708702, -36.9473430212054], [174.476651324644, -36.9473278284808], [174.47647993109, -36.9472342437184], [174.476422101391, -36.9472217397647], [174.475996593537, -36.9473162022818], [174.475944837929, -36.9473455271512], [174.475780086679, -36.9474826719151], [174.475734241742, -36.9474871626705], [174.475680461601, -36.9474715163355], [174.475577625691, -36.947338743034], [174.475302010158, -36.9470846653059], [174.475265241093, -36.9470315989674], [174.475174898371, -36.9467272480166], [174.475163998338, -36.946599948112], [174.475168226117, -36.9463562289237], [174.475144177701, -36.9461667177324], [174.475124191756, -36.9461173998311], [174.475016529253, -36.9459339299451], [174.474975649147, -36.9458172960473], [174.474994014142, -36.9457592632095], [174.475054283394, -36.9456677287647], [174.475097681049, -36.9456580948342], [174.475179400453, -36.9456673641899], [174.475205729024, -36.9456769701531], [174.475225691842, -36.9456948125771], [174.475300149293, -36.9458114167833], [174.475363376996, -36.9458884281947], [174.475466426273, -36.9459572831148], [174.475602777528, -36.9460246424449], [174.475706690387, -36.9460509238481], [174.475755917558, -36.9460494917774], [174.475821705689, -36.9460065622024], [174.475825545624, -36.9459902267646], [174.475736716439, -36.945954140405], [174.475660368653, -36.9459054960432], [174.475565886038, -36.9457404941251], [174.475404797744, -36.9455515501921], [174.475143894551, -36.9454328458194], [174.475050549179, -36.9453698280944], [174.475029152699, -36.9453055830159], [174.475004086733, -36.945101698571], [174.475008051875, -36.9450569054234], [174.475021257308, -36.945051035722], [174.475034607023, -36.9450741972793], [174.475131243151, -36.945348067125], [174.475152930177, -36.9453761276785], [174.475186914998, -36.9453966712677], [174.475302983447, -36.9454482926906], [174.475363906904, -36.9454594157289], [174.475533209386, -36.9454477844916], [174.475660586308, -36.9454231265156], [174.475709607779, -36.9454069776924], [174.475788410002, -36.9453378098291], [174.475814340015, -36.9453058044724], [174.475816521719, -36.9452919954457], [174.475757538447, -36.9452853914173], [174.475630691422, -36.9453118907135], [174.475598855537, -36.9453078606411], [174.475574497809, -36.9452752544123], [174.475520161068, -36.9451590583325], [174.475507425343, -36.9450926325706], [174.475523975486, -36.9450319451404], [174.475607189618, -36.9449755219898], [174.475628924036, -36.9449163835654], [174.475615442099, -36.9448782249618], [174.475530613434, -36.9447781637183], [174.475528197935, -36.9447530726187], [174.475563520364, -36.944727115952], [174.475677201173, -36.9446683942253], [174.475742529974, -36.9446465353662], [174.475774763512, -36.9446572215676], [174.475808865665, -36.9446850195337], [174.475972158503, -36.944907367272], [174.476029282979, -36.9449707173646], [174.476239388709, -36.9450984971802], [174.476279550219, -36.9451126450758], [174.476298115384, -36.9451051942974], [174.476379915324, -36.9449569027881], [174.476390318113, -36.9449012491999], [174.476359254646, -36.9448516996785], [174.476197084373, -36.9447300573388], [174.476183400028, -36.9447099376828], [174.476184519249, -36.944687047059], [174.476270475629, -36.9445138171841], [174.476457573146, -36.9442879697193], [174.47662382882, -36.9439976269005], [174.476642503095, -36.9439487208152], [174.476634980952, -36.9439063419172], [174.476585093452, -36.9437780757445], [174.476490291267, -36.9436377849638], [174.476480397338, -36.9436051703166], [174.476525226411, -36.9435842419647], [174.476770114124, -36.9435273848792], [174.476805970287, -36.9435087673557], [174.476803050792, -36.9434826009078], [174.476752179135, -36.943387120767], [174.47674693247, -36.9433538354138], [174.476775880735, -36.943234494846], [174.476815222198, -36.9431875941222], [174.476925328367, -36.9431224528694], [174.477120069423, -36.9430444057056], [174.477312050964, -36.9430043311244], [174.477353252282, -36.9429473478218], [174.477368465844, -36.9429123296869], [174.477366839248, -36.9427408737303], [174.477352896493, -36.9427009723957], [174.477304676748, -36.9426253616869], [174.477252583033, -36.9425573165602], [174.477225505688, -36.942539130319], [174.477191261945, -36.9425446851157], [174.477067325738, -36.9426012914372], [174.477027922715, -36.9426124087092], [174.476975689148, -36.9426086507493], [174.476742314837, -36.9425619601326], [174.476680469707, -36.9425576635796], [174.476557834091, -36.9425903308958], [174.476432217364, -36.9426058550823], [174.476207471682, -36.9425878908795], [174.476147835037, -36.9425909668229], [174.475917371558, -36.9426584597339], [174.475726544051, -36.9426861689765], [174.475380610495, -36.9426554496492], [174.475346278224, -36.9426692345048], [174.475270393812, -36.9427253771167], [174.47523436162, -36.9427366141619], [174.475085498594, -36.9427299726612], [174.47490868948, -36.9427118972233], [174.474652043734, -36.9427424413361], [174.474579145061, -36.9427793202502], [174.474357674651, -36.9429517078457], [174.474274849988, -36.9429898185051], [174.474195632533, -36.9430129125993], [174.47399552942, -36.9430261320677], [174.473688654106, -36.9431068999165], [174.473631197416, -36.9431304807094], [174.473459978603, -36.9432983220361], [174.473449035854, -36.9433487812065], [174.473451885916, -36.9435200778838], [174.473437166482, -36.9435808504991], [174.473391200581, -36.943680400107], [174.473277016674, -36.943800482021], [174.472902822757, -36.9440536855655], [174.47225929172, -36.9443687265922], [174.472156154571, -36.9444105849535]]}, "properties": {"OBJECTID": 1046, "TRACKNAME": "Maungaroa Lookout Track", "CONDITIONSOFUSE": "Waitakere West Regional Park", "STATUS": "Temp Closed", "WEBLINK": "https://www.aucklandcouncil.govt.nz/en/parks-recreation/find-park-beach/park-detail/3451.html", "VALIDATIONSTATE": 3, "created_user": "AC_owner", "last_edited_user": "AC_owner", "last_edited_date": 1789875254325, "created_date": 1789875254325, "PARK_SAPSITEID": null, "TRACK_ID": null, "KAURIDIEBACK_TRACK": null, "KAURIDIEBACK_MITIGATED": null, "SegmentID": null, "GlobalID": "3a757ff3-bc03-4cff-8ba8-71189e6fe285", "Shape__Length": 1839.4442900329295, "_COUNCIL_TRACKNAME": "Maungaroa Lookout Track"}}, {"type": "Feature", "id": 1927, "geometry": {"type": "LineString", "coordinates": [[174.479776784827, -36.9505406244002], [174.479645251095, -36.950487785085], [174.479559665336, -36.9503921530514], [174.479449392088, -36.9503050850897], [174.478790195689, -36.9499778806587], [174.478434630301, -36.9496882738553], [174.478389430997, -36.9496704487828], [174.478279948941, -36.9496555693186], [174.47823253446, -36.9496253960018], [174.478137497418, -36.9495077880751], [174.478114965381, -36.9493681314025], [174.478024351308, -36.9492068151225], [174.477995423789, -36.9491807741868], [174.477962153572, -36.9491659552349], [174.47779634122, -36.9491615833616], [174.477760479191, -36.9491503750375], [174.477725940723, -36.9491088552921], [174.4775664224, -36.9488541763182], [174.477535216259, -36.9487886476994], [174.477498334239, -36.9486345132283], [174.477505752325, -36.9485918042925], [174.477546628024, -36.9484899188987], [174.477580339665, -36.9483729706659], [174.477658162598, -36.9482379328593], [174.477701265539, -36.9481775276388], [174.477814098316, -36.9480625330669], [174.477824920131, -36.9480373223456], [174.477798473383, -36.9480100336298], [174.477617316219, -36.9479006719555], [174.477525586724, -36.947780877062], [174.477510424993, -36.9477424601844], [174.477530558411, -36.9476853604287], [174.477531742863, -36.9476530767504], [174.477539216487, -36.947403954065]]}, "properties": {"OBJECTID": 1927, "TRACKNAME": "Maungaroa Lookout Track", "CONDITIONSOFUSE": "Waitakere West Regional Park", "STATUS": "Open", "WEBLINK": "https://www.aucklandcouncil.govt.nz/en/parks-recreation/find-park-beach/park-detail/3451.html", "VALIDATIONSTATE": 3, "created_user": "AC_owner", "last_edited_user": "AC_owner", "last_edited_date": 1789875254325, "created_date": 1789875254325, "PARK_SAPSITEID": null, "TRACK_ID": null, "KAURIDIEBACK_TRACK": null, "KAURIDIEBACK_MITIGATED": null, "SegmentID": null, "GlobalID": "44bd975a-48cb-42e2-ae46-0400391f324f", "Shape__Length": 467.80195675906515, "_COUNCIL_TRACKNAME": "Maungaroa Lookout Track"}}, {"type": "Feature", "id": 2566, "geometry": {"type": "LineString", "coordinates": [[174.480283036306, -36.9529356252279], [174.480312776967, -36.9527999053102], [174.480337108543, -36.9525396660177], [174.480496849122, -36.9522010050081], [174.480535810907, -36.9521494657939], [174.480577432645, -36.9521158215672], [174.480603619175, -36.9521109791688], [174.480692744947, -36.9521195483692], [174.480742946494, -36.9520957391516], [174.480842494261, -36.9520027926108], [174.480849266307, -36.9519737833111], [174.480836881081, -36.9519460675475], [174.480819787015, -36.9519321112759], [174.480752624902, -36.9519285502524], [174.48070080771, -36.951907771017], [174.480623233576, -36.9518577481584], [174.480497256552, -36.951746909732], [174.480402112453, -36.9516861722409], [174.480328717221, -36.951646625035], [174.480123588322, -36.9515567833727], [174.4800848329, -36.9515441245852], [174.480056443805, -36.9515436672505], [174.479953604441, -36.9515808686188], [174.479853937943, -36.9515678783371], [174.479683115443, -36.9515184401934], [174.479533392973, -36.9514647908844], [174.479339618528, -36.9513615292331], [174.479304504735, -36.951329265166], [174.479252031057, -36.9512536002598], [174.479160189869, -36.9510697300151], [174.47914648764, -36.9510232369828], [174.479175358753, -36.9509981077549], [174.479362661563, -36.9509358152507], [174.479386368748, -36.9509247395194], [174.479392546957, -36.9509120343961], [174.479353105055, -36.9508818613558], [174.479064180498, -36.950713858797], [174.479035831492, -36.9507084314827]]}, "properties": {"OBJECTID": 2566, "TRACKNAME": "Maungaroa Lookout Track", "CONDITIONSOFUSE": "Waitakere West Regional Park", "STATUS": "Open", "WEBLINK": "https://www.aucklandcouncil.govt.nz/en/parks-recreation/find-park-beach/park-detail/3451.html", "VALIDATIONSTATE": 3, "created_user": "AC_owner", "last_edited_user": "AC_owner", "last_edited_date": 1789875254325, "created_date": 1789875254325, "PARK_SAPSITEID": null, "TRACK_ID": null, "KAURIDIEBACK_TRACK": null, "KAURIDIEBACK_MITIGATED": null, "SegmentID": null, "GlobalID": "4a05b36f-3930-4af3-a0f4-5ba1ae3cf08c", "Shape__Length": 393.8786438106253, "_COUNCIL_TRACKNAME": "Maungaroa Lookout Track"}}, {"type": "Feature", "id": 386, "geometry": {"type": "LineString", "coordinates": [[174.714838333155, -36.5385000037041], [174.7149016723, -36.538383335578], [174.714961670946, -36.5382833371837], [174.714961664323, -36.5381166694365], [174.714934998792, -36.5380649974668], [174.714929999679, -36.5380450043325], [174.714943329274, -36.5379566652269], [174.714916667337, -36.5379066697932], [174.71490333795, -36.5378599980191], [174.714863333403, -36.5378016672965], [174.714853330818, -36.5377483314282], [174.71486166492, -36.5377150041791], [174.714851665236, -36.5376349960022], [174.714823334031, -36.5376049994572], [174.714831666959, -36.5376049967846], [174.71488833507, -36.5376283300639], [174.714955002895, -36.5376133364036], [174.715015004087, -36.5375600031395], [174.715040001362, -36.5375366670102], [174.715034996001, -36.537451665391], [174.715028334119, -36.5374099996096], [174.715029997753, -36.5373533320418], [174.714948332242, -36.5372066690248], [174.714826664332, -36.5370983317175], [174.714665000673, -36.5370033332426], [174.714615001731, -36.5369800030911], [174.714551665538, -36.5369566664117], [174.714438337235, -36.5369416653701], [174.714264994892, -36.5368149970132], [174.714209995105, -36.5367366633695], [174.714134995795, -36.5365083366902], [174.714099999338, -36.5364966710049], [174.714058330394, -36.5364716704532], [174.714019995998, -36.5364099982747], [174.713981663804, -36.5363833362283], [174.713936667764, -36.5362683341119], [174.713890001418, -36.5362466683878], [174.713836668659, -36.5361749989424], [174.713808329051, -36.5361516635676], [174.713823332319, -36.5360333381243], [174.713816670484, -36.5359799991915], [174.713780002046, -36.5359699979804], [174.713768337022, -36.5359000010694], [174.713764994685, -36.5358533298102], [174.713805004239, -36.535733337899], [174.713826665556, -36.5356666658311], [174.713915063978, -36.5357283755861], [174.713826672287, -36.5356133301917], [174.713690000195, -36.53561499724], [174.713608334234, -36.5356250046936], [174.713531671132, -36.5356800009288], [174.713411663426, -36.5357266691755], [174.713410003676, -36.5357916655828], [174.713328337273, -36.5358699985978], [174.713303332106, -36.5358950020679], [174.713230001911, -36.5359466691401], [174.713205000434, -36.5359850041696], [174.713104995124, -36.5359050000893], [174.713046670076, -36.535901664656], [174.713021661091, -36.5359133364896], [174.712998336676, -36.5359183318192], [174.712968334539, -36.5358899993553], [174.712953336999, -36.5358633352267], [174.712934999643, -36.53587666891], [174.712931668554, -36.535818333407], [174.712905004905, -36.5357950007746], [174.712781671256, -36.5358033347709], [174.712733332236, -36.5357599960332], [174.71264333231, -36.5357066643288], [174.712571668889, -36.5356566657384], [174.712526667755, -36.5355949986737], [174.712491663689, -36.535573336143], [174.712430004131, -36.5355783321206], [174.712343338838, -36.5355966672926], [174.712243337701, -36.5355983378303], [174.712163328395, -36.5355816662464], [174.712080002486, -36.5355883342875], [174.711918335483, -36.5356033293003], [174.711825005145, -36.5355716692601], [174.711734999496, -36.5356416658457], [174.711626667178, -36.5356499996061], [174.711544999029, -36.5356533353547], [174.7114933332, -36.5356566640273], [174.711426661166, -36.5357150039046], [174.711365002654, -36.5357033325182], [174.71132667132, -36.5356649965175], [174.711301666097, -36.5356383315942], [174.711333337134, -36.5356116644301], [174.711373331519, -36.535591665293], [174.711401669256, -36.5355683360498], [174.711456672171, -36.5355233330781], [174.711544995719, -36.5355133306795], [174.711600003811, -36.5354883295309], [174.711653328822, -36.5354766661289], [174.711713332833, -36.5354416688435], [174.711766667112, -36.5354233349329], [174.711778329994, -36.5354183360077], [174.711870003937, -36.5353333342471], [174.711913339168, -36.535308329289], [174.711948335637, -36.5352916647742], [174.71199666397, -36.5352666692175], [174.712026662604, -36.5352533304812], [174.712061665876, -36.5351999970747], [174.71208833236, -36.5351733294649], [174.712083328484, -36.5351216702423], [174.711826669454, -36.5350883352184], [174.711720000923, -36.5351133299955], [174.711663337963, -36.5351833345841], [174.71159000094, -36.5351683335534], [174.711455002429, -36.535128329536], [174.711436663661, -36.5352216708672], [174.711393338842, -36.5351483332654], [174.711198339496, -36.5352950038438], [174.711208328386, -36.5351116698863], [174.710936667876, -36.535031666667], [174.710891666826, -36.534963337645], [174.710799995076, -36.5349166627767], [174.710818334452, -36.5349216637743], [174.710783337328, -36.5348916627219], [174.710749998884, -36.5349050039984], [174.710721662129, -36.534876665082], [174.710765001016, -36.5348650011401], [174.71066666667, -36.5347283362926], [174.71067666944, -36.5346849978987], [174.710598334009, -36.5346899978213], [174.710518338463, -36.5346333299947], [174.710356663013, -36.5345616628156], [174.710224998313, -36.5345466683556], [174.710131669872, -36.5345499991131], [174.710051668505, -36.53452499708], [174.709983336651, -36.534510004386], [174.709849997938, -36.5345249959116], [174.709794996321, -36.5345183301301], [174.709730005691, -36.5345099957595], [174.709613089913, -36.5344865864202], [174.709545146041, -36.5344729760595], [174.709581664838, -36.5344133298867]]}, "properties": {"OBJECTID": 386, "TRACKNAME": "Maungatauhoro Te Hikoi Track", "CONDITIONSOFUSE": "Wenderholm Regional Park", "STATUS": "Open", "WEBLINK": "https://www.aucklandcouncil.govt.nz/en/parks-recreation/find-park-beach/park-detail/3411.html", "VALIDATIONSTATE": 3, "created_user": "AC_owner", "last_edited_user": "AC_owner", "last_edited_date": 1789875254325, "created_date": 1789875254325, "PARK_SAPSITEID": null, "TRACK_ID": null, "KAURIDIEBACK_TRACK": null, "KAURIDIEBACK_MITIGATED": null, "SegmentID": null, "GlobalID": "e6d65977-c366-4732-9388-6e72b0225af5", "Shape__Length": 1119.0843820120397, "_COUNCIL_TRACKNAME": "Maungatauhoro Te Hikoi Track"}}, {"type": "Feature", "id": 12205, "geometry": {"type": "LineString", "coordinates": [[174.50964219048, -36.938335706683], [174.509635053778, -36.9383234306914], [174.509752722385, -36.9380799543193], [174.509927425497, -36.9377957320152], [174.510088692055, -36.9375823383075], [174.510117280333, -36.9375578722534], [174.510143908863, -36.9375478980191], [174.510256422774, -36.9375354974608], [174.510315299455, -36.9375465384758], [174.510350474723, -36.9375633882661], [174.510491485885, -36.9376880110181], [174.510567007385, -36.9378090139734], [174.510697598565, -36.9379131367858], [174.510759118172, -36.9379232335743], [174.510972306286, -36.93791919604], [174.511013609005, -36.9379119733362], [174.511206874317, -36.93784411089], [174.511409009005, -36.9378097381102], [174.511805094676, -36.9378405793108], [174.511878223558, -36.9378386747712], [174.511923573013, -36.9378174741473], [174.512156429449, -36.9376660723695], [174.512378148797, -36.9375471889973], [174.512436309353, -36.9375231209193], [174.512650047265, -36.9374890218901], [174.512813800946, -36.9374836277744], [174.512948694228, -36.9374025710643], [174.513178821918, -36.9373291160076], [174.513260063315, -36.9373246735592], [174.51356626136, -36.9373367702743], [174.513778890669, -36.9373318244598], [174.514129115514, -36.9372735117375], [174.514172903087, -36.9372540067149], [174.514203976915, -36.9372207377204], [174.514229399369, -36.9371907045723], [174.514271173195, -36.9371727124439], [174.514559159047, -36.9371582052332], [174.514730163249, -36.9371419176595]]}, "properties": {"OBJECTID": 12205, "TRACKNAME": "McElwain Lookout Track", "CONDITIONSOFUSE": "Waitakere West Regional Park", "STATUS": "Open", "WEBLINK": "https://www.aucklandcouncil.govt.nz/en/parks-recreation/find-park-beach/park-detail/3451.html", "VALIDATIONSTATE": 3, "created_user": "AC_owner", "last_edited_user": "AC_owner", "last_edited_date": 1789875254325, "created_date": 1789875254325, "PARK_SAPSITEID": null, "TRACK_ID": null, "KAURIDIEBACK_TRACK": null, "KAURIDIEBACK_MITIGATED": null, "SegmentID": null, "GlobalID": "876ad021-d9a5-4719-b880-01dfe9ca97ee", "Shape__Length": 552.1672744104496, "_COUNCIL_TRACKNAME": "McElwain Lookout Track"}}, {"type": "Feature", "id": 12362, "geometry": {"type": "LineString", "coordinates": [[175.034775456364, -36.7812508864887], [175.034807220131, -36.7812171196122], [175.034811777851, -36.7812121456823], [175.034812136966, -36.7812110651708], [175.034809141532, -36.7811973245232], [175.034806267262, -36.7811925291457], [175.034796241394, -36.7811846600878], [175.034767649991, -36.7811682713374], [175.034765405904, -36.7811667558725], [175.034752280296, -36.7811556491556], [175.034744434308, -36.7811484350007], [175.034724255729, -36.7811281537172], [175.034719323154, -36.7811222155407], [175.034707308694, -36.7811040604574], [175.034704361645, -36.7810972329583], [175.034699768817, -36.7810766858782], [175.034699675914, -36.7810753336943], [175.034702454418, -36.7810147746333], [175.034702437167, -36.781014503633], [175.034694694131, -36.7809658029334], [175.03468988498, -36.7809473713326], [175.034687195479, -36.7809422320936], [175.034674644427, -36.7809265377619], [175.034672642146, -36.7809251407362], [175.034629474501, -36.7809074411887], [175.034629111772, -36.7809072409944], [175.034620614319, -36.7809009401928], [175.03461807388, -36.7808989800401], [175.034609094573, -36.7808930588239], [175.034596439856, -36.7808854348204], [175.034593197349, -36.7808845520329], [175.034565821991, -36.7808820677259], [175.0345573718, -36.7808790793415], [175.034545925409, -36.7808680817699], [175.034541062022, -36.7808585299348], [175.034532245391, -36.7808300307164], [175.034523060048, -36.7807994945268], [175.034517520366, -36.7807810618974], [175.034506173157, -36.7807368212606], [175.034507492658, -36.7807339658544], [175.034541421579, -36.7807149624811], [175.034541482725, -36.7807149443099], [175.034572098881, -36.7807114272042], [175.034573674782, -36.780712039272], [175.034592146909, -36.7807355909076], [175.034593841188, -36.7807372050135], [175.034649870813, -36.7807778284399], [175.034662784239, -36.7807843042437], [175.034664086924, -36.7807834401263], [175.034661820084, -36.7807676320107], [175.034652307014, -36.7807305939517], [175.034652020544, -36.7807295488225], [175.034646941092, -36.7807125468216], [175.034643250209, -36.7806981402796], [175.034638924088, -36.7806832281539], [175.034632223647, -36.7806670867025], [175.034632006376, -36.7806662855467], [175.034627161823, -36.78064142908], [175.034625772445, -36.7806356673181], [175.034622935285, -36.7806274859647], [175.034616835997, -36.7806109421546], [175.034614687296, -36.7806057873509], [175.034603482169, -36.7805803105518], [175.034597942753, -36.7805679050082], [175.034589647996, -36.7805502847373], [175.034581716399, -36.7805328808766], [175.034581667073, -36.7805327951944], [175.034569346179, -36.7805146994159], [175.034569169439, -36.780514498743], [175.034543996448, -36.7804930067889], [175.034532434577, -36.780484334778], [175.034517073532, -36.7804731770495], [175.03451700836, -36.780473127691], [175.034487669121, -36.7804507759498], [175.034483716387, -36.7804487966941], [175.034443510857, -36.7804372555466], [175.034438254682, -36.7804360268517], [175.034402566339, -36.7804288699108], [175.034379356283, -36.7804244476742], [175.034377621796, -36.7804222871552], [175.034379292765, -36.7804209435503], [175.034404160449, -36.7804160169378], [175.034437980567, -36.7804107857332], [175.034439799789, -36.780410641944], [175.034481551209, -36.7804104738104], [175.034482559972, -36.7804105286563], [175.034523076904, -36.7804149476866], [175.034525099362, -36.7804152015036], [175.034534743692, -36.7804165705286], [175.034546989483, -36.7804183096467], [175.034558443476, -36.7804199361272], [175.034583650108, -36.7804229127091], [175.034593496796, -36.7804245189178], [175.034614493004, -36.7804292034194], [175.03461452465, -36.7804292136937], [175.03464822397, -36.7804419566991], [175.034648245511, -36.7804419662449], [175.034706503464, -36.7804723738822], [175.034741656746, -36.7804924295792], [175.034743304916, -36.7804936136439], [175.034772870845, -36.7805189835476], [175.034773103275, -36.7805192139119], [175.034838371501, -36.7805939966941], [175.034840840113, -36.7805962915577], [175.034860278482, -36.7806106196938], [175.034865228558, -36.7806135345585], [175.034867920265, -36.7806147746716]]}, "properties": {"OBJECTID": 12362, "TRACKNAME": "McKenzie Res Link", "CONDITIONSOFUSE": "Mckenzie Reserve", "STATUS": "Open pending closure", "WEBLINK": "https://www.aucklandcouncil.govt.nz/en/parks-recreation/find-park-beach/park-detail/1099.html", "VALIDATIONSTATE": 3, "created_user": "AC_owner", "last_edited_user": "AC_owner", "last_edited_date": 1789875254325, "created_date": 1789875254325, "PARK_SAPSITEID": null, "TRACK_ID": null, "KAURIDIEBACK_TRACK": null, "KAURIDIEBACK_MITIGATED": null, "SegmentID": null, "GlobalID": "5c00cb38-e3fd-42f6-92de-9c04b512a441", "Shape__Length": 192.75312753620466, "_COUNCIL_TRACKNAME": "McKenzie Res Link"}}, {"type": "Feature", "id": 12711, "geometry": {"type": "LineString", "coordinates": [[175.034848589477, -36.7800394947642], [175.034855840564, -36.7800330308378], [175.034881353542, -36.7800103119602], [175.03491175568, -36.779983715779], [175.034924500391, -36.7799695813905], [175.034935791186, -36.7799406786133], [175.034941419082, -36.7799044882783], [175.034941481634, -36.7799043114516], [175.03494989862, -36.7798777895523], [175.034950409993, -36.7798772976967], [175.034952440872, -36.7798697784296], [175.034952837034, -36.7798685314418], [175.034952861649, -36.779868403034], [175.03495292132, -36.7798675664946], [175.034954449603, -36.7798571851431], [175.034953687717, -36.7798567628467], [175.034956447804, -36.779817884297], [175.03495648617, -36.7798176826474], [175.034965252671, -36.7797895486238], [175.034965271187, -36.7797894013927], [175.034961794909, -36.7797293891984], [175.034961813853, -36.7797293005454], [175.034986912788, -36.7796794501634], [175.034986914885, -36.7796794447196], [175.035005615331, -36.779624827724], [175.035005623433, -36.779624795138], [175.035045614829, -36.7794320199633], [175.035045678048, -36.7794318260001], [175.035057056316, -36.7794064043917], [175.035057087437, -36.7794063524842], [175.035087367533, -36.7793682900271], [175.035088205884, -36.7793670282606], [175.035100042855, -36.7793450976993], [175.035100091252, -36.7793449787989], [175.035106329668, -36.779318954744], [175.035123120795, -36.7792267657767], [175.035123149652, -36.7792266706449], [175.035175712956, -36.7791056871507], [175.03517612846, -36.779104112654], [175.035178018142, -36.7790835465728], [175.035177948968, -36.7790812701358], [175.035174845032, -36.7790617737549], [175.035173694221, -36.7790577456489], [175.035167352879, -36.7790430636144], [175.035165475765, -36.7790400853515], [175.035155062985, -36.7790279993817], [175.035152326319, -36.7790256081641], [175.035137939253, -36.7790162752263], [175.035130558091, -36.7790126061174], [175.035116185179, -36.7790075785126], [175.035099914708, -36.7790034170969], [175.035089709618, -36.7790018098508], [175.035063906218, -36.7789994258317]]}, "properties": {"OBJECTID": 12711, "TRACKNAME": "McKenzie Res Link", "CONDITIONSOFUSE": "Mckenzie Reserve", "STATUS": "Open pending closure", "WEBLINK": "https://www.aucklandcouncil.govt.nz/en/parks-recreation/find-park-beach/park-detail/1099.html", "VALIDATIONSTATE": 3, "created_user": "AC_owner", "last_edited_user": "AC_owner", "last_edited_date": 1789875254325, "created_date": 1789875254325, "PARK_SAPSITEID": null, "TRACK_ID": null, "KAURIDIEBACK_TRACK": null, "KAURIDIEBACK_MITIGATED": null, "SegmentID": null, "GlobalID": "e884b1e6-33be-4b72-bbde-2b8c2ec1466f", "Shape__Length": 127.82602231897133, "_COUNCIL_TRACKNAME": "McKenzie Res Link"}}, {"type": "Feature", "id": 12712, "geometry": {"type": "LineString", "coordinates": [[175.034867920265, -36.7806147746716], [175.034886266541, -36.7806232277995], [175.034893204699, -36.7806258166157], [175.034932592377, -36.7806373553807], [175.034938141293, -36.7806381283866], [175.034960537014, -36.7806376423729], [175.034966263866, -36.7806375173276], [175.034969720834, -36.7806365956095], [175.034994406718, -36.7806231843105], [175.034995710993, -36.7806220840181], [175.035018500365, -36.7805927618271], [175.035019421966, -36.7805909190915], [175.035024552778, -36.7805698685224], [175.035024398795, -36.7805685372129], [175.0350159455, -36.7805510269427], [175.035015735731, -36.7805508061054], [175.03500024166, -36.7805412307207], [175.034999681386, -36.7805409753227], [175.034953508273, -36.7805265197789], [175.034953439002, -36.7805264849118], [175.034942763936, -36.7805174525622], [175.03493536728, -36.7805086696533], [175.03493533399, -36.7805085972166], [175.034934992659, -36.780490946316], [175.034935237532, -36.7804898677592], [175.034954746773, -36.7804490045057], [175.034954857341, -36.7804486520024], [175.034958408452, -36.7804275653775], [175.034958397062, -36.7804273465531], [175.034954374696, -36.7804129907593], [175.034954183015, -36.780412521751], [175.034923981321, -36.7803569705544], [175.034922424969, -36.7803549367843], [175.034903857647, -36.780337445461], [175.034902739178, -36.780336631787], [175.034847254293, -36.7803046508666], [175.034846990957, -36.7803044381562], [175.03483158163, -36.7802870487077], [175.034831531684, -36.7802869396021], [175.034828937099, -36.7802616624836], [175.0348289366, -36.7802613470322], [175.034835888438, -36.7801854798332], [175.034836138437, -36.7801666308803], [175.034836102146, -36.7801664449293], [175.03482821309, -36.780150523018], [175.034827783, -36.7801499787735], [175.034798232072, -36.780124239085], [175.034798186558, -36.7801241704626], [175.03479059002, -36.7800979974043], [175.034790759307, -36.7800968994108], [175.03480119783, -36.7800821185983], [175.034803293161, -36.7800798745236], [175.034848589477, -36.7800394947642]]}, "properties": {"OBJECTID": 12712, "TRACKNAME": "McKenzie Res Link", "CONDITIONSOFUSE": "Mckenzie Reserve", "STATUS": "Open", "WEBLINK": "https://www.aucklandcouncil.govt.nz/en/parks-recreation/find-park-beach/park-detail/1099.html", "VALIDATIONSTATE": 3, "created_user": "AC_owner", "last_edited_user": "AC_owner", "last_edited_date": 1789875254325, "created_date": 1789875254325, "PARK_SAPSITEID": null, "TRACK_ID": null, "KAURIDIEBACK_TRACK": null, "KAURIDIEBACK_MITIGATED": null, "SegmentID": null, "GlobalID": "fe52e810-be39-4b28-bd4f-cc6e90c3e113", "Shape__Length": 89.83867486012508, "_COUNCIL_TRACKNAME": "McKenzie Res Link"}}, {"type": "Feature", "id": 11999, "geometry": {"type": "LineString", "coordinates": [[175.03474573889, -36.7812776313557], [175.034459951656, -36.7812584508166], [175.034541452741, -36.7813982724368], [175.035202084459, -36.7818619677141], [175.037046467352, -36.7813730375413], [175.037552590773, -36.781802457559], [175.037922902621, -36.7819999120172], [175.038586431724, -36.7821955482654], [175.038984950818, -36.7821774822585], [175.039180069211, -36.7820874813562], [175.039398682289, -36.7818301846384], [175.039508266528, -36.7817496736583], [175.0396153516, -36.7817253698725], [175.039737031812, -36.7817248879007], [175.039903735472, -36.7818423823254], [175.040014482367, -36.7820314453837], [175.040075505212, -36.7822261753493], [175.040069277822, -36.7823674990048], [175.040048666508, -36.7824930215594], [175.039970612984, -36.7827093940992], [175.03990356061, -36.7831149355864], [175.039903747172, -36.7831446786306], [175.03989955717, -36.7831742304866], [175.039891049469, -36.7832031759518], [175.039878343598, -36.7832311083429], [175.039861618069, -36.7832576352096], [175.039841107872, -36.7832823838492], [175.039817101173, -36.7833050065425], [175.039789935264, -36.7833251854396]]}, "properties": {"OBJECTID": 11999, "TRACKNAME": "McKenzie Res to Miro Rd. Track", "CONDITIONSOFUSE": "Cory Road to Miro Road Track", "STATUS": "Open", "WEBLINK": null, "VALIDATIONSTATE": 3, "created_user": "AC_owner", "last_edited_user": "AC_owner", "last_edited_date": 1789875254325, "created_date": 1789875254325, "PARK_SAPSITEID": null, "TRACK_ID": null, "KAURIDIEBACK_TRACK": null, "KAURIDIEBACK_MITIGATED": null, "SegmentID": null, "GlobalID": "0e3ade48-797b-45bc-8081-36c0d23b91e1", "Shape__Length": 778.9354211592724, "_COUNCIL_TRACKNAME": "McKenzie Res to Miro Rd. Track"}}, {"type": "Feature", "id": 352, "geometry": {"type": "LineString", "coordinates": [[174.499418037551, -36.9415314090872], [174.499410576284, -36.9415367113943], [174.499185251467, -36.9416967185577], [174.499131538066, -36.9418701794438], [174.499043733556, -36.9420586187299], [174.499004276922, -36.9421098006193], [174.498804659237, -36.9422620642976], [174.498535478887, -36.9423469091142], [174.498481396957, -36.9423738033374], [174.498425116556, -36.9424260536466], [174.498384302689, -36.9424790642046], [174.498287344999, -36.9426199812833], [174.498254712921, -36.9427025885452], [174.498219168683, -36.9427465910102], [174.498168851135, -36.9427776469715], [174.498018637909, -36.9428260075422], [174.49798079577, -36.9428524532891], [174.497837825672, -36.9431187805614], [174.497786699278, -36.9432347281391], [174.497765956319, -36.9433189429574], [174.497760364646, -36.9434331173247], [174.49774000434, -36.9434714928846], [174.497709359594, -36.9434853007551], [174.49767139325, -36.9434870685896], [174.497461104634, -36.9434587949654], [174.49728377436, -36.9434958960271], [174.497159331101, -36.9435798319459], [174.497080188794, -36.9437005401465], [174.496999187677, -36.9437716064995], [174.496928195691, -36.9438112962773], [174.496701706988, -36.9439124182449], [174.496658339482, -36.9439475052072], [174.496502341158, -36.944183078275], [174.49636815617, -36.9443506476514], [174.496348336237, -36.9443885654836], [174.496346741492, -36.9445137131143], [174.496359647679, -36.9446315662267], [174.496441896048, -36.9450082287655], [174.496364668971, -36.9452889767833], [174.496281476038, -36.9455282740309], [174.496258215856, -36.94556026816], [174.496163671964, -36.9455918805944], [174.495915803081, -36.9457301543628], [174.495837132186, -36.945802245171], [174.495798107424, -36.945863083198], [174.495752877951, -36.9460465309561], [174.495694167071, -36.9461923813185], [174.495643657507, -36.9462769617053], [174.495587254912, -36.9463490512693], [174.495349026871, -36.946529142955], [174.495128871345, -36.9466152375817], [174.494939461922, -36.9466380564494], [174.494646600573, -36.9465936104713], [174.494422328726, -36.9466098907935], [174.494381521237, -36.9466289905484], [174.494310683834, -36.9467124381181], [174.494198729105, -36.9467979894897], [174.493853952303, -36.9468542464127], [174.493808469312, -36.946866265984], [174.493791668996, -36.9468777624416], [174.493791154733, -36.946896282954], [174.49380851351, -36.9469340841503], [174.493858746994, -36.9469985487476], [174.494006545511, -36.9470617406583], [174.494174715957, -36.9470979235011], [174.494241801142, -36.9471264818034], [174.49450226702, -36.9472796445582], [174.494555207483, -36.9473417943228], [174.494556672009, -36.947354674423], [174.494542592103, -36.9473714818381], [174.494376354965, -36.9474584377244], [174.494316729341, -36.9474754487788], [174.494124413928, -36.9474709284792], [174.493976970759, -36.9474369004337], [174.493926211838, -36.947441577215], [174.49356692342, -36.9475985271478], [174.493163221195, -36.9477475887552], [174.493030300838, -36.9478321948646], [174.492997818355, -36.9478434647658], [174.492963344188, -36.9478338209874], [174.492849309139, -36.9477663364282], [174.492803120797, -36.9477474296321], [174.492751808924, -36.9477473806979], [174.492624019562, -36.9477640400297], [174.492586279804, -36.9477608459003], [174.492546423012, -36.9477280054259], [174.492469492692, -36.9476265413018], [174.492426392064, -36.9475914791327], [174.492374428044, -36.9475672095313], [174.492216308608, -36.9475500338102], [174.492158068598, -36.9475316027124], [174.49211042488, -36.9475002480498], [174.492070810076, -36.9474251032923], [174.492062221839, -36.9475956594086], [174.492082655294, -36.947829685512], [174.492146503799, -36.948037161616], [174.492200475249, -36.9481648918316], [174.49222306712, -36.9482055839673], [174.492307106154, -36.9483064541286], [174.492313572334, -36.9484404419213]]}, "properties": {"OBJECTID": 352, "TRACKNAME": "McKenzie Track", "CONDITIONSOFUSE": "Waitakere West Regional Park", "STATUS": "Temp Closed", "WEBLINK": "https://www.aucklandcouncil.govt.nz/en/parks-recreation/find-park-beach/park-detail/3451.html", "VALIDATIONSTATE": 3, "created_user": "AC_owner", "last_edited_user": "AC_owner", "last_edited_date": 1789875254325, "created_date": 1789875254325, "PARK_SAPSITEID": null, "TRACK_ID": null, "KAURIDIEBACK_TRACK": null, "KAURIDIEBACK_MITIGATED": null, "SegmentID": null, "GlobalID": "de46d3a9-04e4-45ab-8b51-ddc961340bec", "Shape__Length": 1344.5650544452674, "_COUNCIL_TRACKNAME": "McKenzie Track"}}, {"type": "Feature", "id": 12770, "geometry": {"type": "LineString", "coordinates": [[175.149856298945, -37.0224033327269], [175.149869302945, -37.022864622382], [175.149477427991, -37.0232563295064], [175.148950011072, -37.0236043373449], [175.148139266014, -37.0241113173415], [175.147464482007, -37.0246773669417], [175.146734884309, -37.0246598046224], [175.146037879014, -37.0251185591204], [175.145065460992, -37.0253361437233], [175.144627840807, -37.0254671300564], [175.144229007228, -37.0256127982119], [175.143701549442, -37.025960784759], [175.143204662574, -37.0260313005058], [175.142527400059, -37.0258281572157], [175.142203542182, -37.0259109277749], [175.14196244153, -37.0262075817776], [175.1417043203, -37.0265814637438], [175.141325515631, -37.0267575288718], [175.140985065741, -37.0269329013995], [175.140842435875, -37.0273200805101], [175.140602188956, -37.0276474846739], [175.140111761403, -37.027948634404], [175.139774754387, -37.0282470144843], [175.139591602432, -37.0285580029451], [175.139174859123, -37.0287501302967], [175.139032217009, -37.0291373075195], [175.138657707602, -37.0294671290916], [175.138204323837, -37.0297214503076], [175.137767098076, -37.0298677891955], [175.137407446855, -37.0300434977429], [175.137129680499, -37.0304023394495], [175.136989611211, -37.0308817736611]]}, "properties": {"OBJECTID": 12770, "TRACKNAME": "Mead Road", "CONDITIONSOFUSE": "Hunua Ranges Regional Park", "STATUS": "Permanent", "WEBLINK": "https://www.aucklandcouncil.govt.nz/en/parks-recreation/find-park-beach/park-detail/213.html", "VALIDATIONSTATE": 3, "created_user": "AC_owner", "last_edited_user": "AC_owner", "last_edited_date": 1789875254325, "created_date": 1789875254325, "PARK_SAPSITEID": null, "TRACK_ID": null, "KAURIDIEBACK_TRACK": null, "KAURIDIEBACK_MITIGATED": null, "SegmentID": null, "GlobalID": "356eedec-b7be-4e58-825c-0e7ba3024561", "Shape__Length": 1615.9511170704825, "_COUNCIL_TRACKNAME": "Mead Road"}}, {"type": "Feature", "id": 1109, "geometry": {"type": "LineString", "coordinates": [[174.473086278736, -36.9742331028914], [174.472921595525, -36.9741842852137], [174.472638218728, -36.9740644314721], [174.472413603501, -36.9740189498081], [174.472229574098, -36.9739902074452], [174.472165141586, -36.9739887892015], [174.472103959229, -36.9740079628353], [174.471695942194, -36.9741768630831], [174.471359833321, -36.9744478694941], [174.471301530144, -36.9744800768065], [174.471254743479, -36.9744872727202], [174.471192798217, -36.974474438898], [174.471143032636, -36.9744552797524], [174.471099605053, -36.9744286328267], [174.471079955842, -36.9744023401854], [174.471084305998, -36.9743540362621], [174.471168089583, -36.9740044584875], [174.471161238128, -36.9739473428426], [174.471146198149, -36.9739311334294], [174.471122329691, -36.9739231727449], [174.471030466662, -36.9739224994476], [174.470321933767, -36.9740230456748], [174.469974252714, -36.9740302541091], [174.469732433678, -36.9740504645008], [174.46944678374, -36.9741264255527]]}, "properties": {"OBJECTID": 1109, "TRACKNAME": "Mercer Bay Loop", "CONDITIONSOFUSE": "Waitakere West Regional Park", "STATUS": "Open", "WEBLINK": "https://www.aucklandcouncil.govt.nz/en/parks-recreation/find-park-beach/park-detail/3451.html", "VALIDATIONSTATE": 3, "created_user": "AC_owner", "last_edited_user": "AC_owner", "last_edited_date": 1789875254325, "created_date": 1789875254325, "PARK_SAPSITEID": null, "TRACK_ID": null, "KAURIDIEBACK_TRACK": null, "KAURIDIEBACK_MITIGATED": null, "SegmentID": null, "GlobalID": "08d30a99-5251-4fa4-a3e8-b0c3babc17d2", "Shape__Length": 413.176711117643, "_COUNCIL_TRACKNAME": "Mercer Bay Loop"}}, {"type": "Feature", "id": 1350, "geometry": {"type": "LineString", "coordinates": [[174.468041188753, -36.9746484181335], [174.468108800918, -36.9746277257778], [174.468161923498, -36.9745988650629], [174.46830051024, -36.9744779184293], [174.468378810387, -36.9743889406637], [174.468458797043, -36.9742234612261], [174.468576479701, -36.9740518548047], [174.468631089159, -36.9740127089482], [174.468727259248, -36.9739808726841], [174.468796203464, -36.9739960909383], [174.469020560058, -36.9740966019458], [174.469239865266, -36.974149961589], [174.469302617724, -36.9741586491843], [174.469364252765, -36.9741483678487], [174.46944678374, -36.9741264255527]]}, "properties": {"OBJECTID": 1350, "TRACKNAME": "Mercer Bay Loop", "CONDITIONSOFUSE": "Waitakere West Regional Park", "STATUS": "Open", "WEBLINK": "https://www.aucklandcouncil.govt.nz/en/parks-recreation/find-park-beach/park-detail/3451.html", "VALIDATIONSTATE": 3, "created_user": "AC_owner", "last_edited_user": "AC_owner", "last_edited_date": 1789875254325, "created_date": 1789875254325, "PARK_SAPSITEID": null, "TRACK_ID": null, "KAURIDIEBACK_TRACK": null, "KAURIDIEBACK_MITIGATED": null, "SegmentID": null, "GlobalID": "295a7061-708f-4934-97af-9cc36dbea50d", "Shape__Length": 168.33240437360706, "_COUNCIL_TRACKNAME": "Mercer Bay Loop"}}, {"type": "Feature", "id": 1380, "geometry": {"type": "LineString", "coordinates": [[174.468041188753, -36.9746484181335], [174.468023286959, -36.9746505783645], [174.468007744776, -36.9746546320213], [174.467994564465, -36.9746605799782], [174.467983743764, -36.9746684213627], [174.467967818037, -36.9746877146161], [174.467964946149, -36.9746955874942], [174.467965750116, -36.9747017068286], [174.467972716731, -36.9747085629817], [174.467987970117, -36.9747168435638], [174.467996585731, -36.9747197133197], [174.468007047111, -36.9747208278261], [174.468057135253, -36.9747162838319], [174.468068170629, -36.9747167512654], [174.468077223575, -36.9747188773893], [174.468092805389, -36.9747258910847], [174.468107689174, -36.9747352236077], [174.46812033394, -36.9747458989114], [174.468129715281, -36.9747570481324], [174.468139239225, -36.9747770812373], [174.468142603392, -36.9747983397665], [174.468140444947, -36.974808437405], [174.468130459311, -36.9748306236009], [174.468129134806, -36.9748395121105], [174.468131831864, -36.9748483851327], [174.468138694591, -36.9748575509542], [174.468175260358, -36.9748872817775], [174.468186672402, -36.9748998678895], [174.468193638921, -36.9749134995848], [174.468198269259, -36.974929498314], [174.468204535834, -36.9750055725576], [174.468208466502, -36.9750228688909], [174.468214688057, -36.9750374868777], [174.468228543911, -36.9750550597508], [174.468272965336, -36.9750958675865], [174.468281240648, -36.9751081526735], [174.468284719939, -36.9751200229667], [174.468283648625, -36.975139631875], [174.468277186937, -36.9751630327971], [174.468271517077, -36.9751743798966], [174.468263081958, -36.9751849995475], [174.46825179173, -36.9751950100379], [174.468237413388, -36.9752046215627], [174.468206782448, -36.9752199666856], [174.468129011177, -36.9752521491492], [174.468096911527, -36.9752697568059], [174.468069309133, -36.9752900634025], [174.468001855312, -36.9753447586452], [174.467961747448, -36.975370829062], [174.467941211543, -36.9753803841998], [174.467916527191, -36.9753889657845], [174.467831907856, -36.9754104226805], [174.467803179598, -36.9754190290092], [174.46777787971, -36.9754293136426], [174.467757315712, -36.975441209939], [174.467734895002, -36.9754602003919], [174.467694832771, -36.9755041541216], [174.467676296689, -36.9755216146891], [174.467629247473, -36.9755570143095], [174.467578388604, -36.9755888438381], [174.467539688878, -36.9756061787099], [174.467440073461, -36.9756391544815], [174.467416539204, -36.9756503600381], [174.467397924203, -36.9756627802084], [174.467382888398, -36.9756770688249], [174.467368898953, -36.9756950662373], [174.467328366656, -36.9757660413426], [174.467309356653, -36.9757927620178], [174.46728330014, -36.9758194093499], [174.467218509325, -36.9758763462779], [174.467193034862, -36.9759040554139], [174.46718179156, -36.9759213203038], [174.467157402907, -36.9759679590805], [174.467148685251, -36.9759799666407], [174.467139211646, -36.9759894065435], [174.467108858455, -36.9760095909828], [174.467072587899, -36.976024558443], [174.467030401105, -36.976034308905], [174.466982298077, -36.9760388423622]]}, "properties": {"OBJECTID": 1380, "TRACKNAME": "Mercer Bay Loop ", "CONDITIONSOFUSE": "Waitakere West Regional Park", "STATUS": "Open", "WEBLINK": "https://www.aucklandcouncil.govt.nz/en/parks-recreation/find-park-beach/park-detail/3451.html", "VALIDATIONSTATE": 3, "created_user": "AC_owner", "last_edited_user": "AC_owner", "last_edited_date": 1789875254325, "created_date": 1789875254325, "PARK_SAPSITEID": null, "TRACK_ID": null, "KAURIDIEBACK_TRACK": null, "KAURIDIEBACK_MITIGATED": null, "SegmentID": null, "GlobalID": "83e70e7c-964c-4e99-8c32-150e1b28d0a5", "Shape__Length": 233.21019916053527, "_COUNCIL_TRACKNAME": "Mercer Bay Loop"}}, {"type": "Feature", "id": 1386, "geometry": {"type": "LineString", "coordinates": [[174.468211478155, -36.9698781384736], [174.4682007899, -36.969869974505], [174.468094426215, -36.9698188485639], [174.468022626591, -36.9697641322011], [174.467896730791, -36.969647637267], [174.467771828271, -36.9695062161833], [174.467694757387, -36.9693752813664], [174.467667923219, -36.9692344314258], [174.467631126147, -36.969183139895], [174.467549314546, -36.9691007209696], [174.467509955355, -36.9690716067122], [174.467400477297, -36.9690337137119], [174.46731985534, -36.9690266980391], [174.467219682343, -36.9690545345775], [174.467178301984, -36.9690798786306], [174.467154329448, -36.9691056033262], [174.467140629628, -36.9691421427275], [174.467137663029, -36.969221678895], [174.467126288774, -36.9692640844802], [174.467059418877, -36.9694310153698], [174.466965396963, -36.9695932422267], [174.466910711803, -36.9697992309333], [174.466816895983, -36.9698791695072], [174.466668940633, -36.9699711431391], [174.466641629811, -36.9700184497994], [174.466601996287, -36.9701307637155], [174.466602838455, -36.9702835346857], [174.466651086457, -36.9705715286207], [174.466668334854, -36.9707877783104], [174.466724596121, -36.970993981577], [174.466709693679, -36.9712020213561], [174.466683110142, -36.9714013883028], [174.466621618328, -36.9716625532569], [174.466638051076, -36.9717379467954], [174.466678279904, -36.9718415853324], [174.466706132992, -36.9720332228754], [174.46670941652, -36.9721024612008], [174.466687878116, -36.9721930260448], [174.466718358941, -36.9723922115827], [174.466757329915, -36.9725473497686], [174.466766725173, -36.9725674431755], [174.466781631768, -36.9725750098184], [174.466933594021, -36.9724896214661], [174.467103080841, -36.9724223753291], [174.467237981514, -36.9724062050342], [174.467321097243, -36.9724182925247], [174.467357481353, -36.9724345459629], [174.467363451204, -36.9726465812913], [174.467383831008, -36.97273207528], [174.467537858567, -36.9730935481638], [174.467569450185, -36.9731275617774], [174.467683705266, -36.9732073900488], [174.467705192753, -36.9732358860116], [174.467769666917, -36.9734787285291], [174.467773431831, -36.9736209344102], [174.467835200455, -36.9737094417583], [174.467958759782, -36.9738437223925], [174.467966494399, -36.9738761759104], [174.467958079313, -36.9739995316377], [174.467985040952, -36.9740550737872], [174.46802129045, -36.9740742130395], [174.468081628005, -36.9740607125174], [174.468132731865, -36.9740145074928], [174.46821135508, -36.9739218933399], [174.468222374656, -36.9741299902264], [174.468152421472, -36.9744505143737], [174.468126654397, -36.9745267459633], [174.46803401444, -36.9746260142171], [174.468031859603, -36.9746377036186]]}, "properties": {"OBJECTID": 1386, "TRACKNAME": "Mercer Bay Loop", "CONDITIONSOFUSE": "Waitakere West Regional Park", "STATUS": "Open", "WEBLINK": "https://www.aucklandcouncil.govt.nz/en/parks-recreation/find-park-beach/park-detail/3451.html", "VALIDATIONSTATE": 3, "created_user": "AC_owner", "last_edited_user": "AC_owner", "last_edited_date": 1789875254325, "created_date": 1789875254325, "PARK_SAPSITEID": null, "TRACK_ID": null, "KAURIDIEBACK_TRACK": null, "KAURIDIEBACK_MITIGATED": null, "SegmentID": null, "GlobalID": "38975530-3ab0-41b5-9d75-26b1cb9d47fc", "Shape__Length": 914.2311130494237, "_COUNCIL_TRACKNAME": "Mercer Bay Loop"}}, {"type": "Feature", "id": 3237, "geometry": {"type": "LineString", "coordinates": [[174.469437454463, -36.9741157111503], [174.469359589234, -36.9740893465622], [174.469182792629, -36.9740294849772], [174.46912096188, -36.9739956910285], [174.468736361298, -36.9735800901138], [174.468702023276, -36.9735528521048], [174.468677783268, -36.9735512591537], [174.46865096535, -36.9735599114518], [174.468472702552, -36.9736423013205], [174.468422226455, -36.9736486584202], [174.468286693122, -36.9736273240191], [174.468093173608, -36.9735295940047], [174.46806127858, -36.9735072921113], [174.468038168682, -36.9734785620961], [174.467888779119, -36.9732136696494], [174.467871303727, -36.9731033784616], [174.467878460194, -36.9730490088953], [174.467905202639, -36.9730282442679], [174.468032412875, -36.9729660813961], [174.46819559484, -36.9728577661888], [174.468225580724, -36.9728233958381], [174.468247314375, -36.972758282858], [174.468245649531, -36.972708467007], [174.468162701413, -36.9724361451421], [174.468130707095, -36.9722302996198], [174.468107124846, -36.9721921661058], [174.467964301846, -36.9720262966068], [174.467912071352, -36.9719237182185], [174.467907234887, -36.9718731123185], [174.467948757092, -36.9716199823891], [174.468005576778, -36.9714749081486], [174.468078537085, -36.9713946397871], [174.468100287873, -36.9713561619372], [174.468179176311, -36.9710576196274], [174.46830285634, -36.9707393854577], [174.468359112144, -36.9704784935396], [174.468428795736, -36.9702780324408], [174.468433443383, -36.9702205760364], [174.468404891342, -36.9701552837249], [174.468250303669, -36.9699077972037], [174.468211478155, -36.9698781384736]]}, "properties": {"OBJECTID": 3237, "TRACKNAME": "Mercer Bay Loop", "CONDITIONSOFUSE": "Waitakere West Regional Park", "STATUS": "Open", "WEBLINK": "https://www.aucklandcouncil.govt.nz/en/parks-recreation/find-park-beach/park-detail/3451.html", "VALIDATIONSTATE": 3, "created_user": "AC_owner", "last_edited_user": "AC_owner", "last_edited_date": 1789875254325, "created_date": 1789875254325, "PARK_SAPSITEID": null, "TRACK_ID": null, "KAURIDIEBACK_TRACK": null, "KAURIDIEBACK_MITIGATED": null, "SegmentID": null, "GlobalID": "614afdf7-b34d-4232-bf9b-65e51740a89f", "Shape__Length": 597.4960694795244, "_COUNCIL_TRACKNAME": "Mercer Bay Loop"}}, {"type": "Feature", "id": 12781, "geometry": {"type": "LineString", "coordinates": [[175.173048230365, -37.0269651793659], [175.173657841365, -37.0271591961187], [175.17411469347, -37.0271949323441], [175.174801498607, -37.0273020662801], [175.175422066562, -37.027456537502], [175.175605693596, -37.0275459242906], [175.175791620391, -37.0277159267407], [175.176144174513, -37.0280845140304], [175.176461310446, -37.0284456838689], [175.176669689067, -37.028873375231], [175.176868129732, -37.029305280794], [175.177132390681, -37.0297521094148], [175.177364684648, -37.0303124437449], [175.177421866391, -37.0305533646399], [175.177642651895, -37.0307106255062], [175.177844096743, -37.0307190252217], [175.177929372486, -37.0308868390518], [175.177992620738, -37.031163943676], [175.177955202583, -37.0314388646144], [175.177868622657, -37.0315775709183], [175.177729223864, -37.0318483151085], [175.177798905394, -37.0320864854044], [175.178018742965, -37.0323534053674], [175.178114511937, -37.0326793159713], [175.178151574919, -37.0331512340457], [175.178320268849, -37.0338286789498], [175.178506298247, -37.0345625157961], [175.178711693513, -37.0348738088539], [175.179245957762, -37.0351412513721], [175.179804873884, -37.0354460460611], [175.179962601178, -37.0357393090439], [175.179956976397, -37.036092286037], [175.18008717492, -37.036247425284], [175.180354097285, -37.0362362177333], [175.180791870725, -37.0361525524554], [175.181042720654, -37.0361290357232], [175.181434331575, -37.0363549821054], [175.181645797474, -37.0366031449493], [175.181988551342, -37.0370442330187], [175.182228457655, -37.0374620061459], [175.182417701683, -37.0380319436117], [175.182782491618, -37.0386931690942], [175.18282744485, -37.0391649396271], [175.182992146684, -37.0394265636718], [175.183328064481, -37.0396283230819], [175.183725752425, -37.0397911364514], [175.18416615254, -37.040072886432], [175.184215181781, -37.040412253395], [175.184160633021, -37.0407031180495], [175.184437200469, -37.0409199087282]]}, "properties": {"OBJECTID": 12781, "TRACKNAME": "Mine Road", "CONDITIONSOFUSE": "Hunua Ranges Regional Park", "STATUS": "Closed upgrade", "WEBLINK": "https://www.aucklandcouncil.govt.nz/en/parks-recreation/find-park-beach/park-detail/213.html", "VALIDATIONSTATE": 3, "created_user": "AC_owner", "last_edited_user": "AC_owner", "last_edited_date": 1789875254325, "created_date": 1789875254325, "PARK_SAPSITEID": null, "TRACK_ID": null, "KAURIDIEBACK_TRACK": null, "KAURIDIEBACK_MITIGATED": null, "SegmentID": null, "GlobalID": "d61b991c-abea-40cf-930e-da29f9e6c71f", "Shape__Length": 2086.7178185352263, "_COUNCIL_TRACKNAME": "Mine Road"}}, {"type": "Feature", "id": 2517, "geometry": {"type": "LineString", "coordinates": [[175.191146660469, -37.0559350815065], [175.190814239523, -37.0555316946897], [175.190452326152, -37.0552057014916], [175.190187807584, -37.054929000241], [175.189854557054, -37.0544999401568], [175.189588572982, -37.0541720914003], [175.189469446511, -37.0535989582204], [175.189110684478, -37.0532075796103], [175.188390872006, -37.0526837371375], [175.18815750509, -37.0523807794068], [175.188144709528, -37.0519709362194], [175.187619030836, -37.0515200947698], [175.187254664351, -37.0511172865063], [175.187020572556, -37.0507887440999], [175.187003835192, -37.0502507519236], [175.187086959105, -37.0498389680998], [175.18712898367, -37.0495038909086], [175.187091753358, -37.0492374999835], [175.186901009756, -37.0489491647222], [175.186720055881, -37.0490143998272], [175.186556400065, -37.0492110610196], [175.186370295591, -37.0492426025573], [175.186107726383, -37.0490423629791], [175.185940199569, -37.0490978952177], [175.185783789373, -37.0491689852522], [175.185544346865, -37.0492382798036], [175.185315845277, -37.0494691113343], [175.185063443518, -37.0496817268707], [175.184958856875, -37.0496654486468], [175.184842908174, -37.0496474059245], [175.184662789161, -37.0496709034843], [175.18446539962, -37.049697161319], [175.184542393152, -37.0495012883349], [175.184584351738, -37.0492893965377], [175.18451611245, -37.0491019670272], [175.184377996715, -37.0491158670789], [175.184259073527, -37.0493015169973], [175.183960677041, -37.0495073167551], [175.183685078662, -37.0495572656134], [175.183315330769, -37.0495090252314], [175.183006180092, -37.0495597705151], [175.182675927182, -37.0494108609321], [175.18235639993, -37.0493839451324], [175.181967648905, -37.0493583923466], [175.181160306155, -37.0493269294028], [175.181075622399, -37.0492285558487], [175.181026612523, -37.0491716958317], [175.180902610737, -37.049196327563], [175.180778496399, -37.0494110809732], [175.180724693265, -37.0495041606446], [175.180707235187, -37.0496747828297], [175.180731179753, -37.0499216828964], [175.180453732616, -37.0498883102225], [175.180390417792, -37.0499240826009], [175.180074335639, -37.0499626005337], [175.179952527084, -37.0501708216781], [175.179781972603, -37.0500524046545], [175.179727859248, -37.050014834645], [175.179677907465, -37.0499214995647], [175.179554356641, -37.0497351738437], [175.179476082772, -37.0494913449081], [175.17957564927, -37.0489041767004], [175.179522089261, -37.048697647097], [175.179440387237, -37.0483406113238], [175.179445176339, -37.0477364388719], [175.179411718008, -37.0474161888272], [175.179452293135, -37.0472077397848], [175.17921693943, -37.0472124255282], [175.179121625375, -37.0471766036978], [175.179092227943, -37.0469884570342], [175.179132905178, -37.0467800152156], [175.179198190558, -37.0466087846458], [175.179428315792, -37.0464343444317], [175.179845467885, -37.0462183429364], [175.179960639042, -37.0461308318717], [175.180031890898, -37.0460959142297], [175.18004859273, -37.0460646580791], [175.18012569685, -37.0460291551315], [175.180175574625, -37.0460103482419], [175.180264890951, -37.0459800192096], [175.180324455669, -37.0459657567397], [175.180479555361, -37.0459408512926], [175.180580598499, -37.0459309541651], [175.180661218897, -37.0459197201135], [175.18079279438, -37.0458907946315], [175.180860935752, -37.0458631076919], [175.180997623955, -37.0457445211984], [175.181163837093, -37.045577624973], [175.181296478383, -37.0454873759463], [175.181519786075, -37.0454132226769], [175.181662068692, -37.0453687508992], [175.181760334074, -37.0452964288592], [175.181957633581, -37.0450361213115], [175.182012940656, -37.0448716430018], [175.181999811863, -37.0448450632089], [175.181881016126, -37.044721028137], [175.181807735543, -37.0446630287104], [175.181745765868, -37.0445842184452], [175.181762655528, -37.0445222528321], [175.181828805241, -37.044444302928], [175.18198724986, -37.0443038922031], [175.182132252031, -37.0441879994312], [175.182238447273, -37.0440915216505], [175.182313770558, -37.0439507564101], [175.182337235654, -37.0438224004034], [175.182337116713, -37.043782522039], [175.182344556983, -37.0437482726019], [175.182372974931, -37.0436915743881], [175.182394221918, -37.0436589004157], [175.182411443301, -37.0436081492378], [175.182417984428, -37.0435299440889], [175.182407865454, -37.0434781188548], [175.182388964524, -37.0434207592967], [175.18238615491, -37.0433493504537], [175.182391546206, -37.0433020524892], [175.182406440122, -37.0432450173285], [175.182412476464, -37.0432037549164], [175.182433872932, -37.0431629578736], [175.18246813384, -37.0431120373064], [175.182509774497, -37.0430585204877], [175.182660571321, -37.0428796939284], [175.18274132296, -37.0428280257682], [175.182970364617, -37.042721616544], [175.183090146675, -37.0426297456898], [175.183161331043, -37.0425769375346], [175.183228079835, -37.0425357020022], [175.183290086008, -37.0425082708533], [175.183361673719, -37.0424856381995], [175.183756967735, -37.0424327473435], [175.183917208082, -37.0424345101214], [175.184076980438, -37.0424309278447], [175.184181447216, -37.042417882366], [175.184345727314, -37.0423436754535], [175.1845227226, -37.0421808209539], [175.184670895244, -37.0419883321483], [175.184697558474, -37.0418963905885], [175.184673229584, -37.041752484708], [175.184539300111, -37.0412746187768], [175.184504245742, -37.0412036507347], [175.184465200691, -37.0410734716055], [175.184448254281, -37.0409756820981], [175.184437200469, -37.0409199087282]]}, "properties": {"OBJECTID": 2517, "TRACKNAME": "Mine Road Track", "CONDITIONSOFUSE": "Hunua Ranges Regional Park", "STATUS": "Open", "WEBLINK": "https://www.aucklandcouncil.govt.nz/en/parks-recreation/find-park-beach/park-detail/213.html", "VALIDATIONSTATE": 3, "created_user": "AC_owner", "last_edited_user": "AC_owner", "last_edited_date": 1789875254325, "created_date": 1789875254325, "PARK_SAPSITEID": null, "TRACK_ID": null, "KAURIDIEBACK_TRACK": null, "KAURIDIEBACK_MITIGATED": null, "SegmentID": null, "GlobalID": "2b30e0ed-92b4-4dc4-a7ee-9fafeb212149", "Shape__Length": 3131.7225065378607, "_COUNCIL_TRACKNAME": "Mine Road Track"}}, {"type": "Feature", "id": 12000, "geometry": {"type": "LineString", "coordinates": [[175.041253817507, -36.7832077311109], [175.04218154149, -36.7803694534057]]}, "properties": {"OBJECTID": 12000, "TRACKNAME": "Miro Road", "CONDITIONSOFUSE": "Palm Beach Reserve", "STATUS": "Open", "WEBLINK": "https://www.aucklandcouncil.govt.nz/en/parks-recreation/find-park-beach/park-detail/194.html", "VALIDATIONSTATE": 3, "created_user": "AC_owner", "last_edited_user": "AC_owner", "last_edited_date": 1789875254325, "created_date": 1789875254325, "PARK_SAPSITEID": null, "TRACK_ID": null, "KAURIDIEBACK_TRACK": null, "KAURIDIEBACK_MITIGATED": null, "SegmentID": null, "GlobalID": "f19c2d8d-9352-4374-a343-280215a55329", "Shape__Length": 325.68155721905714, "_COUNCIL_TRACKNAME": "Miro Road"}}, {"type": "Feature", "id": 237, "geometry": {"type": "LineString", "coordinates": [[174.719653803467, -36.5074595801964], [174.719673639849, -36.5076601400844], [174.719614599131, -36.5078625196605], [174.71960217982, -36.5079688293357], [174.719491718229, -36.5081838757562], [174.719451743243, -36.5084467967776], [174.719378462032, -36.5086732316275], [174.719307870292, -36.5088877021625], [174.719322320766, -36.50893996331], [174.719378884252, -36.5089594193853], [174.719442198834, -36.5089501596171], [174.719556458513, -36.508906775694], [174.719779573698, -36.5088427420886], [174.719847581209, -36.5088453390252], [174.719897236718, -36.5088863594603], [174.71997916753, -36.5089173749093], [174.720042561127, -36.5089116904304], [174.720108221218, -36.5088749687484], [174.720391400513, -36.5084547105161], [174.720473120052, -36.5084094100277], [174.720564358885, -36.5083937840815], [174.720645867145, -36.508405725286]]}, "properties": {"OBJECTID": 237, "TRACKNAME": "Mita Bay Loop Track", "CONDITIONSOFUSE": "Mahurangi Regional Park", "STATUS": "Open", "WEBLINK": "https://www.aucklandcouncil.govt.nz/en/parks-recreation/find-park-beach/park-detail/216.html", "VALIDATIONSTATE": 3, "created_user": "AC_owner", "last_edited_user": "AC_owner", "last_edited_date": 1789875254325, "created_date": 1789875254325, "PARK_SAPSITEID": null, "TRACK_ID": null, "KAURIDIEBACK_TRACK": null, "KAURIDIEBACK_MITIGATED": null, "SegmentID": null, "GlobalID": "f9fc3fab-a72f-427d-914f-35f9249274f3", "Shape__Length": 323.9589492281833, "_COUNCIL_TRACKNAME": "Mita Bay Loop Track"}}, {"type": "Feature", "id": 1786, "geometry": {"type": "LineString", "coordinates": [[174.721105019248, -36.5061049791773], [174.72096009203, -36.5061521801075], [174.720873866793, -36.506193968278], [174.720789486583, -36.5062524245601], [174.720584419388, -36.5064640667584], [174.72051256519, -36.5065545391764], [174.720407934127, -36.506632367227], [174.720260690116, -36.5067203493427], [174.720120064511, -36.5067736545859], [174.720001007528, -36.5068004134138], [174.719862182908, -36.5068633184129], [174.719653803467, -36.5074595801964]]}, "properties": {"OBJECTID": 1786, "TRACKNAME": "Mita Bay Loop Track", "CONDITIONSOFUSE": "Mahurangi Regional Park", "STATUS": "Open", "WEBLINK": "https://www.aucklandcouncil.govt.nz/en/parks-recreation/find-park-beach/park-detail/216.html", "VALIDATIONSTATE": 3, "created_user": "AC_owner", "last_edited_user": "AC_owner", "last_edited_date": 1789875254325, "created_date": 1789875254325, "PARK_SAPSITEID": null, "TRACK_ID": null, "KAURIDIEBACK_TRACK": null, "KAURIDIEBACK_MITIGATED": null, "SegmentID": null, "GlobalID": "ca06ef29-a6fd-442b-845c-14e5e7156ce3", "Shape__Length": 211.84556522646628, "_COUNCIL_TRACKNAME": "Mita Bay Loop Track"}}, {"type": "Feature", "id": 2225, "geometry": {"type": "LineString", "coordinates": [[174.721105019248, -36.5061049791773], [174.720981352169, -36.5060494862205], [174.720816229291, -36.5059970151493], [174.720698675799, -36.5059581672382], [174.720543546326, -36.5058900484551], [174.720412175845, -36.5058275503908], [174.720191652597, -36.5057412954464], [174.719997657269, -36.5056522724124], [174.719615442044, -36.5055349585505], [174.719563969436, -36.5055452410959], [174.71948620893, -36.5055690188726], [174.719411163412, -36.5055820254087], [174.719367074439, -36.5055922014213], [174.719330026337, -36.5055867727652], [174.719314759067, -36.5055643362099], [174.719301179485, -36.5055514148223], [174.71928332789, -36.5055457094162], [174.719258356298, -36.5055520321466], [174.719225922998, -36.5055548838824], [174.719206621057, -36.5055503928233], [174.719169599351, -36.5055461562866], [174.719126749797, -36.5055455813935], [174.719092945241, -36.5055532239609], [174.7190703998, -36.5055356615803], [174.71901502563, -36.5055030701239], [174.718976449259, -36.5054952791858], [174.718921812193, -36.5054960666629], [174.718852040916, -36.50548037743], [174.718804366886, -36.5054619845997], [174.718746408441, -36.5054461250613], [174.718710283645, -36.5054156411535], [174.718686393394, -36.5054040608293], [174.718647736906, -36.5053926932875], [174.718596001773, -36.5053910536961], [174.718555974, -36.5053844760853], [174.718513046574, -36.5053803244418], [174.71848907729, -36.5053651675655], [174.71846328866, -36.5053345346467], [174.718428508998, -36.5052980694192], [174.718410025017, -36.5052637535881], [174.718394573585, -36.5052329717112], [174.71838220741, -36.5052081081309], [174.718394310943, -36.5051542716818], [174.718413719066, -36.5050967532349], [174.718448235955, -36.5050545193424], [174.718475474588, -36.5050171605127], [174.718490689629, -36.5049704345222], [174.718477611877, -36.5049133841472]]}, "properties": {"OBJECTID": 2225, "TRACKNAME": "Mita Bay Loop Track", "CONDITIONSOFUSE": "Mahurangi Regional Park", "STATUS": "Open", "WEBLINK": "https://www.aucklandcouncil.govt.nz/en/parks-recreation/find-park-beach/park-detail/216.html", "VALIDATIONSTATE": 3, "created_user": "AC_owner", "last_edited_user": "AC_owner", "last_edited_date": 1789875254325, "created_date": 1789875254325, "PARK_SAPSITEID": null, "TRACK_ID": null, "KAURIDIEBACK_TRACK": null, "KAURIDIEBACK_MITIGATED": null, "SegmentID": null, "GlobalID": "ae449b14-0647-4fd3-8d00-4f503b126dc5", "Shape__Length": 313.1801106201024, "_COUNCIL_TRACKNAME": "Mita Bay Loop Track"}}, {"type": "Feature", "id": 2350, "geometry": {"type": "LineString", "coordinates": [[174.602681913669, -37.015792788456], [174.602690376038, -37.0158275020282], [174.602685286856, -37.0158715022115], [174.60259915569, -37.0160604783806], [174.602571934945, -37.0161660327316], [174.602572397545, -37.016225515095], [174.60260072336, -37.0163898258159], [174.602624383603, -37.0164556287228], [174.602670931865, -37.0165290632895], [174.602896320251, -37.0167773128845], [174.602948165701, -37.0168048605332], [174.603189289302, -37.0168529161151], [174.60333949494, -37.0169086534593], [174.603408947751, -37.0169535481569], [174.603619161247, -37.017149191749], [174.603731224922, -37.0172346566019], [174.603804949343, -37.0172725890395], [174.604099025819, -37.0173943147274], [174.604527192024, -37.0174883849091], [174.604789260992, -37.0175894142499], [174.605091747856, -37.0175807707386], [174.605130440357, -37.0175707741849], [174.605210535398, -37.0175209189654], [174.60524761432, -37.0175084925538], [174.605729763719, -37.0174895838656], [174.605876275081, -37.0174636522883], [174.605978658591, -37.017433531715], [174.606041443224, -37.0173991789812], [174.60624713898, -37.0172346486353], [174.606379674099, -37.017066529668], [174.606578532402, -37.0169323403656], [174.606762168607, -37.0168556912408], [174.607130311695, -37.0167331071007]]}, "properties": {"OBJECTID": 2350, "TRACKNAME": "Monument Track", "CONDITIONSOFUSE": "Waitakere South Regional Park", "STATUS": "Open", "WEBLINK": "https://www.aucklandcouncil.govt.nz/en/parks-recreation/find-park-beach/park-detail/212.html", "VALIDATIONSTATE": 3, "created_user": "AC_owner", "last_edited_user": "AC_owner", "last_edited_date": 1789875254325, "created_date": 1789875254325, "PARK_SAPSITEID": null, "TRACK_ID": null, "KAURIDIEBACK_TRACK": null, "KAURIDIEBACK_MITIGATED": null, "SegmentID": null, "GlobalID": "e447bac7-b51b-48ee-996e-d0d10e4b1e0e", "Shape__Length": 555.1213029241762, "_COUNCIL_TRACKNAME": "Monument Track"}}, {"type": "Feature", "id": 2961, "geometry": {"type": "LineString", "coordinates": [[174.425744686923, -36.8310342572564], [174.42599862313, -36.8309092398677], [174.426414152573, -36.8307136125128], [174.426939631911, -36.8304989291397], [174.427438196906, -36.8303200345149], [174.427712745165, -36.8302546678182], [174.428021118131, -36.8302287968722], [174.42821402622, -36.8302220454424]]}, "properties": {"OBJECTID": 2961, "TRACKNAME": "Motutara Road", "CONDITIONSOFUSE": null, "STATUS": "Open", "WEBLINK": null, "VALIDATIONSTATE": 3, "created_user": "AC_owner", "last_edited_user": "AC_owner", "last_edited_date": 1789875254325, "created_date": 1789875254325, "PARK_SAPSITEID": null, "TRACK_ID": null, "KAURIDIEBACK_TRACK": null, "KAURIDIEBACK_MITIGATED": null, "SegmentID": null, "GlobalID": "19ce1cf6-cd03-44e5-a37f-e93b630096cd", "Shape__Length": 241.19248638154085, "_COUNCIL_TRACKNAME": "Motutara Road"}}, {"type": "Feature", "id": 12777, "geometry": {"type": "LineString", "coordinates": [[175.141973310186, -37.0198896437712], [175.142451470141, -37.0199762938315], [175.142636900828, -37.0201430817521], [175.143046928023, -37.0201923868005], [175.143650953255, -37.0204335275711], [175.144052065297, -37.0204451821616], [175.144412665654, -37.0204134580748], [175.144857894648, -37.0203171889622], [175.14532934326, -37.0203149650168], [175.145799138817, -37.0205333166335], [175.146185550551, -37.0208602984282], [175.146587142567, -37.0211681001729], [175.146902390461, -37.0212002028835], [175.147193719117, -37.0212201353557], [175.14744701792, -37.0212848652701], [175.147654962102, -37.0214134294982], [175.147865035484, -37.0216175708454], [175.148184188482, -37.0217882291137], [175.148856980154, -37.0219587821934], [175.149335360528, -37.022202169574], [175.149856298945, -37.0224033327269], [175.150255602824, -37.0222296009059], [175.150589624845, -37.0220912173685], [175.151013599998, -37.0220772280926], [175.151279415515, -37.0220282978416], [175.15161165777, -37.0218269292028], [175.152061717065, -37.0216234230743]]}, "properties": {"OBJECTID": 12777, "TRACKNAME": "Moumoukai Hill Road", "CONDITIONSOFUSE": "Hunua Ranges Regional Park", "STATUS": "Open", "WEBLINK": "https://www.aucklandcouncil.govt.nz/en/parks-recreation/find-park-beach/park-detail/213.html", "VALIDATIONSTATE": 3, "created_user": "AC_owner", "last_edited_user": "AC_owner", "last_edited_date": 1789875254325, "created_date": 1789875254325, "PARK_SAPSITEID": null, "TRACK_ID": null, "KAURIDIEBACK_TRACK": null, "KAURIDIEBACK_MITIGATED": null, "SegmentID": null, "GlobalID": "010f05b3-2c5c-4b55-8235-c2220e2bace0", "Shape__Length": 1012.584765767288, "_COUNCIL_TRACKNAME": "Moumoukai Hill Road"}}, {"type": "Feature", "id": 708, "geometry": {"type": "LineString", "coordinates": [[175.263399666306, -36.981848570876], [175.263493737122, -36.9818754677295], [175.263591931356, -36.9819231903332], [175.263699235735, -36.9819864298118], [175.263756049808, -36.982019926878], [175.263861231832, -36.98207788031], [175.263922923064, -36.9821038489336], [175.263961464305, -36.9821109724806], [175.264036210989, -36.9821074373876], [175.264156606664, -36.9820881786186], [175.26440877789, -36.9820436034521], [175.264895155706, -36.9819627614688], [175.264982734801, -36.9819536634694], [175.265035503326, -36.9819533862082], [175.265089360256, -36.9819598835675], [175.265157277138, -36.9819726555723], [175.265217646682, -36.9819888972292], [175.265303583046, -36.9820304625433], [175.265355680923, -36.9820636252812], [175.265417516215, -36.9821042807334], [175.26550921581, -36.9821613725383], [175.265630931383, -36.9822138805944], [175.265797491859, -36.9822379539798], [175.265950686736, -36.9822026737419], [175.266074878396, -36.9821542392011], [175.266198787105, -36.9820966532441], [175.266381143078, -36.9820791108751], [175.266597322389, -36.9820471240156], [175.266767954693, -36.9820206573198], [175.266884970793, -36.9820177639478]]}, "properties": {"OBJECTID": 708, "TRACKNAME": "Mountain Bike Track", "CONDITIONSOFUSE": "Tapapakanga Regional Park", "STATUS": "Open", "WEBLINK": "https://www.aucklandcouncil.govt.nz/en/parks-recreation/find-park-beach/park-detail/227.html", "VALIDATIONSTATE": 3, "created_user": "AC_owner", "last_edited_user": "AC_owner", "last_edited_date": 1789875254325, "created_date": 1789875254325, "PARK_SAPSITEID": null, "TRACK_ID": null, "KAURIDIEBACK_TRACK": null, "KAURIDIEBACK_MITIGATED": null, "SegmentID": null, "GlobalID": "580f6e51-a25f-4d16-98cd-7952f4a2b42f", "Shape__Length": 333.1950756513823, "_COUNCIL_TRACKNAME": "Mountain Bike Track"}}, {"type": "Feature", "id": 2105, "geometry": {"type": "LineString", "coordinates": [[175.266884970793, -36.9820177639478], [175.266898290613, -36.9820747162671], [175.266899392184, -36.982111827586], [175.266896210566, -36.9821779012599], [175.266902819312, -36.9822272851212], [175.266931333212, -36.9823216337878], [175.266942347557, -36.9823461779681], [175.266993012752, -36.9824937394495], [175.267047838873, -36.9826082140619], [175.26709067146, -36.9826651576504], [175.26717364367, -36.9826883269416], [175.267251353506, -36.9827074708076], [175.26728733239, -36.9827067833326], [175.2673756396, -36.9827524241219], [175.267421643009, -36.98278307975], [175.267439812478, -36.9828233247985], [175.267425126765, -36.9828913342849], [175.267370051604, -36.9829285898766], [175.267309362831, -36.9829659617215], [175.267280959989, -36.9829575280038], [175.267173977555, -36.9829552281432], [175.267096268834, -36.982988427847], [175.267070188278, -36.9830521667862], [175.267083470035, -36.983115090573], [175.267141292184, -36.9831635454728], [175.267192339762, -36.9831760347676], [175.267266165745, -36.9831970832611], [175.267272650016, -36.9832240238648], [175.267246290358, -36.9832787376589], [175.267225254112, -36.9833243192167], [175.267168631777, -36.98338568475], [175.267118824925, -36.9834402715235], [175.267029733733, -36.9835574967041], [175.266986044877, -36.9836449729715], [175.266987391377, -36.9836903314355], [175.266953125733, -36.983748748036], [175.266900103488, -36.9838317251072]]}, "properties": {"OBJECTID": 2105, "TRACKNAME": "Mountain Bike Track", "CONDITIONSOFUSE": "Tapapakanga Regional Park", "STATUS": "Open", "WEBLINK": "https://www.aucklandcouncil.govt.nz/en/parks-recreation/find-park-beach/park-detail/227.html", "VALIDATIONSTATE": 3, "created_user": "AC_owner", "last_edited_user": "AC_owner", "last_edited_date": 1789875254325, "created_date": 1789875254325, "PARK_SAPSITEID": null, "TRACK_ID": null, "KAURIDIEBACK_TRACK": null, "KAURIDIEBACK_MITIGATED": null, "SegmentID": null, "GlobalID": "4361e724-242b-4069-9d07-f87eac392a19", "Shape__Length": 266.5828969646272, "_COUNCIL_TRACKNAME": "Mountain Bike Track"}}, {"type": "Feature", "id": 2387, "geometry": {"type": "LineString", "coordinates": [[175.262030404561, -36.9793898979929], [175.26204883768, -36.9794264266652], [175.262091472326, -36.9795080918282], [175.26212179648, -36.9795624945129], [175.262156659168, -36.9795801117566], [175.262202645752, -36.9795883376863], [175.262277498008, -36.9796051339287], [175.262330521462, -36.9796544758716], [175.262366712743, -36.9797133404739], [175.262415497782, -36.9798086413246], [175.262423575049, -36.9798818445778], [175.262444234858, -36.9799914842994], [175.262510609496, -36.9801001622495], [175.262609631916, -36.9801577386192], [175.262810880611, -36.98019484484], [175.26303498743, -36.9802314877408], [175.263174282541, -36.9802973891718], [175.263220868957, -36.9803239436938], [175.263280049224, -36.9803869208347], [175.263300427205, -36.9804873820178], [175.263234681516, -36.9805758770148], [175.263152380394, -36.9806830552065], [175.263092348565, -36.9807714231236], [175.263060425506, -36.9808454567912], [175.263052095404, -36.9809419322399], [175.26304946854, -36.9810382899035], [175.263041737697, -36.9811530943554], [175.26304699554, -36.9811716860014], [175.263054625857, -36.9811986906297], [175.263147347155, -36.9812380417475], [175.263213282943, -36.9813329745519], [175.263273493698, -36.9814280435515], [175.263297369648, -36.9814596455999], [175.263338389423, -36.9814909026121], [175.263362412521, -36.981527089201], [175.2633814676, -36.9815863073548], [175.263389240766, -36.9816503460917], [175.263415040169, -36.9817415381073], [175.263439188332, -36.9817948280119], [175.263464040143, -36.9818475997885], [175.263480687091, -36.9818575132258]]}, "properties": {"OBJECTID": 2387, "TRACKNAME": "Mountain Bike Track", "CONDITIONSOFUSE": "Tapapakanga Regional Park", "STATUS": "Open", "WEBLINK": "https://www.aucklandcouncil.govt.nz/en/parks-recreation/find-park-beach/park-detail/227.html", "VALIDATIONSTATE": 3, "created_user": "AC_owner", "last_edited_user": "AC_owner", "last_edited_date": 1789875254325, "created_date": 1789875254325, "PARK_SAPSITEID": null, "TRACK_ID": null, "KAURIDIEBACK_TRACK": null, "KAURIDIEBACK_MITIGATED": null, "SegmentID": null, "GlobalID": "0dc57dd6-fccb-413c-a895-328d066ca0a5", "Shape__Length": 354.9118556766001, "_COUNCIL_TRACKNAME": "Mountain Bike Track"}}, {"type": "Feature", "id": 12226, "geometry": {"type": "LineString", "coordinates": [[174.538110118747, -37.0143212233824], [174.538156361965, -37.0143397235405], [174.538203029821, -37.0143731535542], [174.53827923672, -37.014477407288], [174.538469529272, -37.0146730569352], [174.538511232062, -37.0147016027858], [174.538607040904, -37.0147472577116], [174.538703778029, -37.0147659231018], [174.538856713075, -37.0147593969236], [174.538926607923, -37.0147389942016], [174.539056123941, -37.014679790131], [174.539117557933, -37.0146667799545], [174.539193060384, -37.0146663864242], [174.539298380643, -37.0146876260109], [174.539703675084, -37.0147913316429], [174.53977388733, -37.0148451505032], [174.539816656306, -37.0149554615643], [174.539865882028, -37.0149963930029], [174.539969773861, -37.0150314772367], [174.540096008488, -37.0150235563862], [174.540179694028, -37.0150376398554], [174.540277662149, -37.0150882949204], [174.540432451218, -37.0151847128832], [174.540519659027, -37.0152518759601], [174.540570336683, -37.015304010057], [174.540722686955, -37.0155044931246], [174.54074643874, -37.0155585541386], [174.540726200856, -37.0156261838398], [174.540669257154, -37.015751931497], [174.540517540325, -37.0159252120055], [174.54046475062, -37.0159683509783], [174.540358810819, -37.0160150732783], [174.540297654336, -37.0160324069817], [174.540189694011, -37.0160397393224], [174.540047597246, -37.0160303709673], [174.539789397522, -37.0159969108677], [174.539717780601, -37.0159810390798], [174.539667694789, -37.0159504301983], [174.539576928614, -37.0158601119207], [174.539536222453, -37.0158019081209], [174.53951494007, -37.0157403967059], [174.539511297623, -37.0156646043593], [174.539530877577, -37.0156278185832], [174.539584092533, -37.0156001687134], [174.539913761373, -37.0154896664819], [174.539974691347, -37.0154778341545], [174.540034318617, -37.0154777542837]]}, "properties": {"OBJECTID": 12226, "TRACKNAME": "Mt Donald McLean Walk", "CONDITIONSOFUSE": "Waitakere South Regional Park", "STATUS": "Open", "WEBLINK": "https://www.aucklandcouncil.govt.nz/en/parks-recreation/find-park-beach/park-detail/212.html", "VALIDATIONSTATE": 3, "created_user": "AC_owner", "last_edited_user": "AC_owner", "last_edited_date": 1789875254325, "created_date": 1789875254325, "PARK_SAPSITEID": null, "TRACK_ID": null, "KAURIDIEBACK_TRACK": null, "KAURIDIEBACK_MITIGATED": null, "SegmentID": null, "GlobalID": "a206f97f-254b-4be5-859d-5693b34ead18", "Shape__Length": 518.7815023104343, "_COUNCIL_TRACKNAME": "Mt Donald McLean Walk"}}, {"type": "Feature", "id": 12164, "geometry": {"type": "LineString", "coordinates": [[174.502504758599, -37.0189694512454], [174.502351696363, -37.0191081059129], [174.50232386643, -37.0191285900377], [174.502286771179, -37.0191403050203], [174.502173417251, -37.0191518822396], [174.50196036933, -37.0191336580344], [174.501913307492, -37.0191414078192], [174.501793569968, -37.0191789703987], [174.501725140948, -37.0191845118366], [174.501599448504, -37.0191761309573], [174.501427066902, -37.0191327535086], [174.501376482181, -37.0191307941072], [174.501294241069, -37.0191393313106], [174.501112898041, -37.0191859011585], [174.500998299075, -37.0191814597202], [174.500892557644, -37.0191535835853], [174.500676689227, -37.0190717337051], [174.500639249303, -37.0190453081236], [174.500577131443, -37.0189633854857], [174.500532055003, -37.0189352618524], [174.500482869161, -37.0189452669807], [174.500408396395, -37.0189944889051], [174.50038596782, -37.0189912311071], [174.500352730249, -37.0189320196113], [174.500336682524, -37.0188806659726], [174.500354946855, -37.0186485733357], [174.500415810249, -37.0185431663661], [174.500408566976, -37.0185161416179], [174.50037493032, -37.0184885826217], [174.500300749505, -37.0184575180546], [174.499932266753, -37.0183796821863], [174.499609685395, -37.018127581233], [174.499555523751, -37.0180992133037], [174.499442272132, -37.018063952229], [174.499441964481, -37.0180494425064], [174.499420230097, -37.0180297296346], [174.499345939346, -37.0179889104889], [174.499177693713, -37.0179554293147], [174.499132100886, -37.0179382667222], [174.499082400774, -37.0178862645689], [174.498978570625, -37.0177435732365], [174.498762280042, -37.0175459704574], [174.498607602981, -37.0174384429358], [174.49854799711, -37.0173581585649], [174.498321496569, -37.0172306010861], [174.497887872795, -37.0171061935187], [174.497834710005, -37.017094968564], [174.497795638034, -37.0170948416608], [174.497761274144, -37.0171033335586], [174.49774118488, -37.0171191183921], [174.497654987634, -37.0172938839861], [174.497640173386, -37.0173108109367], [174.497627504261, -37.0173136740108], [174.49758763489, -37.017296235769], [174.497317627492, -37.0171261668515], [174.497205002757, -37.0170759278], [174.497088105547, -37.0170348471337], [174.497051780332, -37.0169743188831], [174.497049085623, -37.0169504110923], [174.497070396108, -37.0169296634288], [174.497180858401, -37.0168637055866], [174.497261496483, -37.0167917955818], [174.49734442177, -37.0166596290223], [174.497375566108, -37.0165464891023], [174.49738286308, -37.016417953029], [174.497375202312, -37.0163682714756], [174.49719516677, -37.0161166118071], [174.497158980965, -37.0160508530573], [174.497147639638, -37.0160090416876], [174.497172530087, -37.0158825613449], [174.497185828458, -37.0156368211481], [174.497171364806, -37.0154680202937], [174.497185281427, -37.0154383550568], [174.497275268847, -37.0153419345969], [174.497296513422, -37.0153053094516], [174.497356958569, -37.0148791719294], [174.497350346481, -37.0148483803485], [174.497329500247, -37.0148246493377], [174.497188266078, -37.0147623749057], [174.497101807454, -37.0147032030009], [174.497060154241, -37.0146568697874], [174.497026116442, -37.0146000063889], [174.496981596774, -37.0144728739642], [174.496961922839, -37.0144929015148], [174.496937917679, -37.0144265085764], [174.496818137603, -37.0144233821727], [174.496789543871, -37.0144113961097], [174.496807514234, -37.0143734540073], [174.49685628582, -37.014316270595], [174.496855043508, -37.0143025045436], [174.496837162337, -37.0142860892934], [174.496791987414, -37.0142680308554], [174.49664958899, -37.0142578967322], [174.496490677063, -37.0142142501013], [174.496472912757, -37.0141969112345], [174.4965092282, -37.014168892477]]}, "properties": {"OBJECTID": 12164, "TRACKNAME": "Muir Track", "CONDITIONSOFUSE": "Waitakere South Regional Park", "STATUS": "Open", "WEBLINK": "https://www.aucklandcouncil.govt.nz/en/parks-recreation/find-park-beach/park-detail/212.html", "VALIDATIONSTATE": 3, "created_user": "AC_owner", "last_edited_user": "AC_owner", "last_edited_date": 1789875254325, "created_date": 1789875254325, "PARK_SAPSITEID": null, "TRACK_ID": null, "KAURIDIEBACK_TRACK": null, "KAURIDIEBACK_MITIGATED": null, "SegmentID": null, "GlobalID": "25d82f7a-2723-4f06-93be-84a1cc2321bd", "Shape__Length": 1043.3678675658532, "_COUNCIL_TRACKNAME": "Muir Track"}}, {"type": "Feature", "id": 81, "geometry": {"type": "LineString", "coordinates": [[174.779001713727, -36.4397932006792], [174.779000261175, -36.4397295835656], [174.778994436648, -36.4396313277609], [174.779024399432, -36.4395325294826], [174.77905456028, -36.4394424087161], [174.779101894038, -36.43932021256], [174.779145306415, -36.4391836073884], [174.779206893211, -36.4390583052217], [174.779254413521, -36.4389447866953], [174.779336609513, -36.4387815798582], [174.779377377109, -36.4386855138899], [174.779397524202, -36.4386273617183], [174.779414432675, -36.4385837162705], [174.779438687786, -36.4385486417566], [174.779476998116, -36.4385017927237], [174.779497882688, -36.4384754489259], [174.779504436633, -36.4384493097858], [174.779507356059, -36.4384203403604], [174.779505440958, -36.4383364847181], [174.779515123846, -36.4382900625142], [174.779525070756, -36.4382552013229], [174.779538718429, -36.4382260719323], [174.779574108947, -36.4382081832873], [174.779602351202, -36.4381904102348], [174.779615932773, -36.4381583883301], [174.77964039701, -36.4381319911305], [174.7796537143, -36.4380883991981], [174.779663859319, -36.4380622155144], [174.779681218833, -36.4380388177402], [174.779705749077, -36.4380153130342], [174.779744521258, -36.4379887024533], [174.779779713416, -36.4379621362335], [174.779814773821, -36.4379298030141], [174.779842938492, -36.4379091285577], [174.779874815285, -36.4378941947307], [174.779899268201, -36.4378677976479], [174.779909214892, -36.4378329364284], [174.779915383572, -36.4377894510789], [174.779928976102, -36.4377574289757], [174.779946269397, -36.4377311386602], [174.779962913293, -36.4376759321305]]}, "properties": {"OBJECTID": 81, "TRACKNAME": "Mullet Point Track", "CONDITIONSOFUSE": "Scandrett Regional Park", "STATUS": "Open", "WEBLINK": "https://www.aucklandcouncil.govt.nz/en/parks-recreation/find-park-beach/park-detail/225.html", "VALIDATIONSTATE": 3, "created_user": "AC_owner", "last_edited_user": "AC_owner", "last_edited_date": 1789875254325, "created_date": 1789875254325, "PARK_SAPSITEID": null, "TRACK_ID": null, "KAURIDIEBACK_TRACK": null, "KAURIDIEBACK_MITIGATED": null, "SegmentID": null, "GlobalID": "89056e26-1129-4e34-889d-e2c5146cd91c", "Shape__Length": 257.67123997954565, "_COUNCIL_TRACKNAME": "Mullet Point Track"}}, {"type": "Feature", "id": 141, "geometry": {"type": "LineString", "coordinates": [[174.771355857158, -36.444346185852], [174.771269064803, -36.4443474740749], [174.771061926442, -36.4443424537211], [174.770861468719, -36.4443373338746], [174.770734626054, -36.4443392160003], [174.770584417913, -36.4443414446549], [174.770454363155, -36.444348773522], [174.770317934079, -36.4443696817437], [174.77018465579, -36.4443824485057], [174.770057874224, -36.4443870241911], [174.769907420878, -36.4443784658774], [174.769736630367, -36.4443567150097], [174.769294060935, -36.4442769501639], [174.769211002316, -36.4442063489867], [174.769204058819, -36.444159011254]]}, "properties": {"OBJECTID": 141, "TRACKNAME": "Mullet Point Track", "CONDITIONSOFUSE": "Scandrett Regional Park", "STATUS": "Open", "WEBLINK": "https://www.aucklandcouncil.govt.nz/en/parks-recreation/find-park-beach/park-detail/225.html", "VALIDATIONSTATE": 3, "created_user": "AC_owner", "last_edited_user": "AC_owner", "last_edited_date": 1789875254325, "created_date": 1789875254325, "PARK_SAPSITEID": null, "TRACK_ID": null, "KAURIDIEBACK_TRACK": null, "KAURIDIEBACK_MITIGATED": null, "SegmentID": null, "GlobalID": "6feb1b9f-e691-4b82-b1b6-b5ba59190906", "Shape__Length": 202.49301074173175, "_COUNCIL_TRACKNAME": "Mullet Point Track"}}, {"type": "Feature", "id": 1733, "geometry": {"type": "LineString", "coordinates": [[174.774632138222, -36.4442273670293], [174.774890269957, -36.444272083884], [174.774946647536, -36.4442550652804], [174.774999679006, -36.4442380874048], [174.77504567225, -36.4442050250672], [174.775098100481, -36.4441610862655], [174.775163694088, -36.4441088480328], [174.775193237287, -36.4440868290889], [174.775229410605, -36.4440620073158], [174.775265880149, -36.4440506750669], [174.7753158227, -36.4440445417613], [174.775368988102, -36.4440329611107], [174.775425426594, -36.4440186275461], [174.775448238646, -36.4439940044827], [174.775490947299, -36.4439636950384], [174.775517166791, -36.4439417254642], [174.775626697904, -36.4439131169664], [174.775729928409, -36.4439007912428], [174.775939489076, -36.4438652946435], [174.776068804543, -36.4438256015801], [174.776208196771, -36.4437884625967], [174.776310934914, -36.4437545552], [174.77640353484, -36.4437154082605], [174.776502261644, -36.4436518863624], [174.776663357841, -36.4435415817312], [174.776787738361, -36.4434318145136], [174.776919229839, -36.443340834609], [174.776987541021, -36.4432615760622], [174.777085148328, -36.4431495120083], [174.777123425042, -36.4430707096326], [174.777234885009, -36.4429800186628], [174.777418174556, -36.4428181199778], [174.777581802386, -36.4426727029989], [174.777754778743, -36.4424974634807], [174.777832734324, -36.4424018806855], [174.777907097781, -36.4422955616111], [174.777955634472, -36.4422273958681], [174.777997798313, -36.4421728099759], [174.778026231933, -36.442102239508], [174.778050284732, -36.441985880146], [174.77807336375, -36.4418263672977], [174.778073066967, -36.441667202717], [174.778067701151, -36.4415782514988], [174.778049221007, -36.4415002944234], [174.778019813771, -36.4413820273308], [174.777997568321, -36.4412852420339], [174.778009809853, -36.4412364922849], [174.778028301085, -36.4411687741313], [174.778053657278, -36.4411090482586], [174.778085609752, -36.4410465199069], [174.778134391717, -36.4409891401804], [174.778173147576, -36.4409319098195], [174.778231871638, -36.4408716867379], [174.77827755385, -36.4408251428855], [174.778343265735, -36.440778300556], [174.778382155487, -36.4407264584989], [174.778441433148, -36.4406905017393], [174.778500587749, -36.4406491564192], [174.778559188134, -36.4405835356433], [174.778605127363, -36.4405477775825], [174.77865747828, -36.4405011342026], [174.778708855322, -36.4404113463355], [174.778747425745, -36.4403460239934], [174.778795591063, -36.4402616743233], [174.778827369023, -36.4401910538153], [174.778888503035, -36.4400903306992], [174.778933691662, -36.4400222054535], [174.778962258112, -36.4399570321594], [174.778990751847, -36.4398891647596], [174.778999023465, -36.4398659295918]]}, "properties": {"OBJECTID": 1733, "TRACKNAME": "Mullet Point Track", "CONDITIONSOFUSE": "Scandrett Regional Park", "STATUS": "Open", "WEBLINK": "https://www.aucklandcouncil.govt.nz/en/parks-recreation/find-park-beach/park-detail/225.html", "VALIDATIONSTATE": 3, "created_user": "AC_owner", "last_edited_user": "AC_owner", "last_edited_date": 1789875254325, "created_date": 1789875254325, "PARK_SAPSITEID": null, "TRACK_ID": null, "KAURIDIEBACK_TRACK": null, "KAURIDIEBACK_MITIGATED": null, "SegmentID": null, "GlobalID": "938830e9-4152-4993-9916-cb66cc3cf6a7", "Shape__Length": 685.9007592371104, "_COUNCIL_TRACKNAME": "Mullet Point Track"}}, {"type": "Feature", "id": 2897, "geometry": {"type": "LineString", "coordinates": [[174.774632138222, -36.4442273670293], [174.774550472301, -36.4442894718088], [174.774420687483, -36.4442937867045], [174.774342886602, -36.4443772249757], [174.77418555735, -36.4444034132582], [174.773855607903, -36.4445621472121], [174.773464684794, -36.4446359290313], [174.772598280936, -36.4445700973629], [174.772467220673, -36.4445183827833], [174.772011968892, -36.4444893687121], [174.771469719855, -36.4443362479349]]}, "properties": {"OBJECTID": 2897, "TRACKNAME": "Mullet Point Track", "CONDITIONSOFUSE": "Scandrett Regional Park", "STATUS": "Open", "WEBLINK": "https://www.aucklandcouncil.govt.nz/en/parks-recreation/find-park-beach/park-detail/225.html", "VALIDATIONSTATE": 3, "created_user": "AC_owner", "last_edited_user": "AC_owner", "last_edited_date": 1789875254325, "created_date": 1789875254325, "PARK_SAPSITEID": null, "TRACK_ID": null, "KAURIDIEBACK_TRACK": null, "KAURIDIEBACK_MITIGATED": null, "SegmentID": null, "GlobalID": "0bb59f34-be65-45ba-ae15-984cc996f86b", "Shape__Length": 301.6265770353599, "_COUNCIL_TRACKNAME": "Mullet Point Track"}}, {"type": "Feature", "id": 5899, "geometry": {"type": "LineString", "coordinates": [[175.078836320495, -36.8117038361025], [175.078863333763, -36.8117669478967], [175.078884692496, -36.8118007815098], [175.078733025876, -36.8118989908797], [175.078494327828, -36.8119829607849], [175.078247644623, -36.8120237306742], [175.078047693015, -36.812104218317], [175.077868542896, -36.8121918624886], [175.077784908294, -36.8122179263678], [175.077611255878, -36.8122391895372], [175.077496032833, -36.8122872202712], [175.077375580218, -36.8123587959934], [175.077214482144, -36.8124222869537], [175.077018828152, -36.8124448269239], [175.076825386938, -36.8125023813914], [175.076761218295, -36.8125448029004], [175.076696174329, -36.812560725134], [175.076651708953, -36.8125989781319], [175.076563619052, -36.8126362086279], [175.07643259924, -36.812739199063], [175.076329833407, -36.812837616542], [175.076262104805, -36.8128715592215], [175.076006127279, -36.8130496444504], [175.075941832606, -36.8131050699255], [175.075863993921, -36.8131708895785], [175.075691932725, -36.8133169040008], [175.07556850975, -36.8134619030786], [175.075339428887, -36.8136501373127], [175.075403807567, -36.8139415465501], [175.075259653545, -36.8140641890251], [175.075198610442, -36.8141256294201], [175.075032787971, -36.814305911501], [175.074952792932, -36.8144395705439], [175.074878571867, -36.8146034161367], [175.07480713862, -36.8147058252694], [175.07480713655, -36.8147058316147], [175.074806425949, -36.8147141387104], [175.07480411592, -36.8147410946456], [175.074727940481, -36.8148845984999], [175.074710654221, -36.8149171614583], [175.074603714311, -36.814973429695], [175.074609619913, -36.8150502546443], [175.074529844739, -36.8150797513821], [175.074503200369, -36.8151478150235], [175.074437734858, -36.8152138711813]]}, "properties": {"OBJECTID": 5899, "TRACKNAME": "Musson Track", "CONDITIONSOFUSE": "Musson Track", "STATUS": "Open", "WEBLINK": null, "VALIDATIONSTATE": 3, "created_user": "AC_owner", "last_edited_user": "AC_owner", "last_edited_date": 1789875254325, "created_date": 1789875254325, "PARK_SAPSITEID": null, "TRACK_ID": null, "KAURIDIEBACK_TRACK": null, "KAURIDIEBACK_MITIGATED": null, "SegmentID": null, "GlobalID": "2087d00a-3c45-4675-86e9-3f143fce32d3", "Shape__Length": 603.9703510249747, "_COUNCIL_TRACKNAME": "Musson Track"}}]}