{"type": "FeatureCollection", "features": [{"type": "Feature", "id": 12175, "geometry": {"type": "LineString", "coordinates": [[175.254014724277, -37.0526119591359], [175.254034065381, -37.052621868344], [175.254073407263, -37.052629703911], [175.254114754266, -37.0526362179789], [175.254148497343, -37.0526365588763], [175.254195006599, -37.0526313307313], [175.254230504981, -37.0526218327209], [175.254275418465, -37.0526067572669], [175.254317423687, -37.0525918181986], [175.254346258353, -37.0525760029598], [175.254385337946, -37.0525560545082], [175.254423521088, -37.0525343115909], [175.254458548423, -37.0525130792832], [175.254490168522, -37.0524891809835], [175.254513573655, -37.0524677190114], [175.25452112691, -37.0524284885263], [175.254516707954, -37.0524018957764], [175.254512151404, -37.0523710337543], [175.254515302583, -37.0523392140655], [175.254519870803, -37.0523123422909], [175.254527729637, -37.0522777383796], [175.254536901272, -37.0522445605069], [175.254550337739, -37.0522133924262], [175.254571527, -37.0521774715876], [175.254592292766, -37.052153076673], [175.254617729622, -37.0521322609945], [175.254647659955, -37.0521170016466], [175.254682852991, -37.0521051750928], [175.254723168609, -37.0520985053654], [175.254755797812, -37.0520938924166], [175.254790824833, -37.0520905136271], [175.254838471837, -37.0520887874563], [175.254883580054, -37.0520879026378], [175.254918541445, -37.0520902839961], [175.254965026121, -37.052093734983], [175.255010999, -37.0520966098773], [175.2550549521, -37.0521011454011], [175.255085596382, -37.0521050688236], [175.255126345616, -37.052109629202], [175.25516670145, -37.0521149540917], [175.255208295556, -37.0521207060379], [175.255250040904, -37.0521285279497], [175.255282014943, -37.0521386265754], [175.255315313624, -37.0521524491649], [175.255359012373, -37.0521753567262], [175.255391750223, -37.0521922631962], [175.255434689104, -37.0522153293807], [175.255475166452, -37.0522403259665], [175.255503880842, -37.0522607156308], [175.25554439303, -37.0522884062431], [175.255583152551, -37.0523172837704], [175.255623050977, -37.0523451302285], [175.255652959941, -37.0523648482371], [175.255691793959, -37.052390542926], [175.255729853151, -37.0524158918448], [175.255756654181, -37.0524373542723], [175.255789247308, -37.0524675927507], [175.2558232294, -37.052498030106], [175.255847001567, -37.0525197303824], [175.255877119717, -37.0525472671323], [175.255911357601, -37.0525726706647], [175.25593936485, -37.0525892974687], [175.255979464243, -37.0526110115333], [175.256022600084, -37.0526323613903], [175.256056647787, -37.0526460253156], [175.256101716506, -37.0526623995621], [175.256143551435, -37.0526781684014], [175.256182778699, -37.0526962489598], [175.256213813039, -37.0527102946224], [175.256256372719, -37.0527277529779], [175.256288446545, -37.0527393094385], [175.25633282781, -37.0527544890122], [175.256375634842, -37.0527711855741], [175.256407950475, -37.0527840712382], [175.256450351763, -37.0527992163453], [175.256495409791, -37.0528110483838], [175.256527822317, -37.0528207507872], [175.256569236129, -37.0528348241403], [175.256607808276, -37.052849762676], [175.256642239673, -37.0528691600375], [175.256669322731, -37.0528857051162], [175.256704790957, -37.0529089760909], [175.256737184398, -37.0529339728714], [175.25676855025, -37.052957303878], [175.256799246435, -37.0529800437895], [175.25682471256, -37.0530042531231], [175.256850595992, -37.0530300226688], [175.256877757198, -37.0530545151623], [175.256914272461, -37.0530861747281], [175.256942040029, -37.0531106376399], [175.256968896706, -37.0531328197167], [175.256998615837, -37.0531521804903], [175.257028749658, -37.0531688386502], [175.257064212958, -37.0531896582293], [175.257096687376, -37.053204856869], [175.257131270055, -37.0532194836353], [175.257166466275, -37.0532343240225], [175.257203874792, -37.0532456525053], [175.257242187069, -37.053254845854], [175.257281189525, -37.0532626651767], [175.257321689883, -37.0532701855982], [175.257362013936, -37.0532774480021], [175.257411891455, -37.0532879802704], [175.257451559045, -37.0532969945374], [175.257492373568, -37.0533044908941], [175.257535296052, -37.0533117848798], [175.257577109651, -37.0533161889521], [175.257617508643, -37.0533199079622], [175.257658320268, -37.0533231324315], [175.257700192993, -37.053323840244], [175.257755024186, -37.0533178844641], [175.257797862184, -37.0533082906971], [175.257836210384, -37.0532932758213], [175.257870655559, -37.0532770825279], [175.257902808299, -37.0532586617487], [175.257931331782, -37.0532384354877], [175.257957025902, -37.0532145589954], [175.257980283213, -37.0531866192397], [175.2580033765, -37.0531584572927], [175.258028584043, -37.0531230992221], [175.258048853269, -37.0530960184604], [175.258068856482, -37.0530694474563], [175.258089619862, -37.0530427267865], [175.258112988293, -37.0530162629254], [175.258137010603, -37.0529906157497], [175.258160883331, -37.0529648542565], [175.258188727061, -37.0529437035893], [175.258226393696, -37.052920878794], [175.258257659856, -37.0529093512779], [175.25829033781, -37.052900689851], [175.258328317315, -37.0528982811969], [175.258367596222, -37.0528991192891], [175.25840732841, -37.0528996963873], [175.258448700013, -37.052900197185], [175.258490835554, -37.0529002958837], [175.258543098885, -37.0529014183367], [175.258584888634, -37.0529031277981], [175.258625724242, -37.0529045129475], [175.258667486032, -37.0529037625232], [175.258701579531, -37.0529022659261], [175.258745363294, -37.0528976556949], [175.258784456729, -37.052889205383], [175.258822226839, -37.0528789777845], [175.258858421502, -37.0528683295655], [175.258894486522, -37.0528601351819], [175.258928659999, -37.0528533737465], [175.258962090044, -37.052848843518], [175.259005563577, -37.0528508361882], [175.259044516613, -37.0528558530117], [175.259084421263, -37.0528637627019], [175.259124506686, -37.0528739761121], [175.259164601845, -37.0528822426419], [175.259203168217, -37.0528882491327], [175.259241175865, -37.0528951314481], [175.259276857982, -37.0529035991834], [175.25931776919, -37.0529192853528], [175.25934911453, -37.0529335585804], [175.259373171015, -37.0529526751635], [175.259394413295, -37.0529754773671], [175.259417634897, -37.0530024596604], [175.259436157264, -37.0530389494634], [175.259446920284, -37.0530644207383], [175.259457292335, -37.0530911161377], [175.259470478913, -37.0531255085793], [175.259484467328, -37.0531558481792], [175.259504019411, -37.0531917956284], [175.259524294013, -37.053220258016], [175.259545353417, -37.0532425770045], [175.259569642966, -37.0532649966587], [175.259599796596, -37.0532887465459], [175.259639787701, -37.0533154813252], [175.259670757365, -37.0533352772188], [175.259698432107, -37.0533561993604], [175.25972780595, -37.0533771612142], [175.259756364804, -37.0533975617978], [175.259774752215, -37.0534230499595], [175.259789245158, -37.0534540918848], [175.259802564052, -37.0534838403711], [175.259820042389, -37.0535203770416], [175.259833685149, -37.0535481546458], [175.259848566783, -37.0535759987613], [175.25986215796, -37.0536027949919], [175.259875952827, -37.0536281183157], [175.259893838753, -37.0536575454256], [175.25991774685, -37.0536833969898], [175.25994388156, -37.0537062230033], [175.259984254847, -37.0537253619257], [175.260020643505, -37.0537352669607], [175.26005416029, -37.0537453979587], [175.260090730446, -37.0537534609807], [175.260131725102, -37.0537571587615], [175.260186411111, -37.0537576755322], [175.260227848501, -37.053756588263], [175.260267079691, -37.0537569399576], [175.260309456257, -37.0537560510551], [175.260343495979, -37.0537561411896], [175.260392391397, -37.0537570476339], [175.260431045955, -37.0537576716264], [175.260481874819, -37.0537600732853], [175.260529065474, -37.0537626434186], [175.260565020456, -37.0537639947634], [175.260614233752, -37.0537650032047], [175.260662086753, -37.0537641269291], [175.260706613587, -37.0537614304566], [175.260740535084, -37.0537598103732], [175.260785921592, -37.0537584223044], [175.26081995602, -37.0537560610275], [175.260865696404, -37.0537487900903], [175.260909510655, -37.0537357248331], [175.260950782652, -37.0537233839659], [175.260982372121, -37.0537144181046], [175.261024828873, -37.053703730929], [175.261067453907, -37.053693410038], [175.261107365457, -37.0536833481611], [175.261143811948, -37.0536717120891], [175.261182195627, -37.0536616973476], [175.261223421877, -37.0536576666997], [175.261264471223, -37.0536552526322], [175.261315664756, -37.0536563041305], [175.261356942538, -37.0536574185387], [175.261399327799, -37.0536590976177], [175.261443423385, -37.0536611946828], [175.261487537164, -37.0536635257069], [175.261529687448, -37.0536682734395], [175.261571930364, -37.0536700813452], [175.261605459746, -37.0536715417248], [175.261639412438, -37.0536724893259], [175.261674600246, -37.0536737558304], [175.261720237597, -37.053676274005], [175.261765702907, -37.0536782997611], [175.261810930093, -37.0536791223794], [175.261844305891, -37.0536807117945], [175.261885389383, -37.0536855067866], [175.26192286456, -37.0536979139818], [175.261956163149, -37.0537139427147], [175.261987247053, -37.0537288510861], [175.262027093679, -37.0537510635697], [175.262061373476, -37.053770218884], [175.262094475402, -37.053792496927], [175.26211911347, -37.0538110971459], [175.2621510231, -37.0538356329956], [175.262182249923, -37.0538572438183], [175.262214955137, -37.0538756270227], [175.262245805526, -37.0538959201861], [175.262277974009, -37.0539155392999], [175.262310822677, -37.0539361007424], [175.262343808082, -37.0539586152587], [175.262377313959, -37.0539774517855], [175.262420126917, -37.0539942812031], [175.262459436553, -37.054006734334], [175.262498619102, -37.0540194512365], [175.262537052453, -37.054032308595], [175.262576025517, -37.0540444076126], [175.262616722315, -37.0540547253183], [175.262649651961, -37.0540609734185], [175.262692900643, -37.0540686197921], [175.262734751521, -37.0540734989782], [175.262775410089, -37.0540764722478], [175.262818755112, -37.0540767626137], [175.262854476117, -37.0540766667283], [175.262890170631, -37.0540764361516], [175.262924764875, -37.0540758840908], [175.262968838505, -37.0540776114939], [175.263011588439, -37.0540779311712], [175.26305600481, -37.0540734064038], [175.263089309314, -37.0540672912194], [175.263122922335, -37.054063233978], [175.263166040678, -37.0540577876414], [175.263208395623, -37.0540523828973], [175.263248779351, -37.0540491336784], [175.263288184831, -37.0540473991773], [175.263327745251, -37.05404785172], [175.263366037128, -37.0540521587357], [175.263401475632, -37.0540614770282], [175.263436172469, -37.0540757302403], [175.263481727064, -37.0540989147543], [175.263518534873, -37.0541172282888], [175.263552698805, -37.0541370072303], [175.263582331128, -37.0541594321932], [175.263613590078, -37.0541836195639], [175.263638703584, -37.0542026880395], [175.263664146757, -37.0542218763896], [175.263697530065, -37.0542479247987], [175.26373116702, -37.0542711564854], [175.263765129581, -37.0542902092031], [175.26379878013, -37.0543067083451], [175.263833816977, -37.0543214235909], [175.263873809559, -37.0543326285077], [175.2639147654, -37.0543421927868], [175.263961201743, -37.0543519047579], [175.263995712228, -37.054361015278], [175.264028749229, -37.0543731370278], [175.264063030442, -37.0543836127785], [175.264098937171, -37.0543931652528], [175.264133261177, -37.0544016754619], [175.264169349755, -37.0544048616859], [175.264215272902, -37.0543980636217], [175.264240705639, -37.0543794450145], [175.264249306852, -37.0543514234315], [175.264241740195, -37.0543166538742], [175.264223376523, -37.0542916436383], [175.26418916745, -37.0542601406202], [175.264158973014, -37.0542381050671], [175.264125892269, -37.0542165662269], [175.264093281175, -37.0541972084234], [175.264062622625, -37.0541796067967], [175.264030756487, -37.054159964379], [175.264004257932, -37.0541408323093], [175.263980394143, -37.0541180359529], [175.263953524632, -37.0540909620142], [175.263932881641, -37.0540660583365], [175.263909846553, -37.0540416329223], [175.263887181016, -37.0540182909485], [175.263869834604, -37.0539945860551], [175.263851723176, -37.053968597602], [175.26384011455, -37.0539374290343], [175.263829792712, -37.0539071822002], [175.263826142713, -37.0538672278003], [175.263829618928, -37.0538400431082], [175.263837373385, -37.0538130380949], [175.26385248987, -37.0537863070937], [175.263875414425, -37.0537601029458], [175.263897493949, -37.0537327072653], [175.263924600631, -37.0537053417716], [175.263954149468, -37.0536799394096], [175.263986402944, -37.0536562518308], [175.264030105027, -37.0536303539057], [175.264063452874, -37.053609060735], [175.264095809596, -37.0535869573388], [175.264127941023, -37.053565975774], [175.264152573651, -37.0535423886057], [175.264169773594, -37.0535172850769], [175.264180258517, -37.0534921114964], [175.26418764201, -37.0534530098862], [175.264188099032, -37.0534241254171], [175.264184479061, -37.0533957784308], [175.26417443097, -37.0533694467939], [175.264155062913, -37.0533340914542], [175.264143498243, -37.0533078067977], [175.264133353829, -37.0532801251352], [175.264121891108, -37.0532531085247], [175.264113904377, -37.0532234930553], [175.264106638518, -37.053195431979], [175.264101397126, -37.0531681433627], [175.264099028875, -37.053138024065], [175.264101999332, -37.0530991238828], [175.264106827384, -37.0530671097576], [175.264113836954, -37.0530358560814], [175.264122153129, -37.0530080832813], [175.264129914901, -37.052980951935], [175.264139181487, -37.0529537558048], [175.264151602483, -37.0529278963642], [175.264173991142, -37.0528938886384], [175.264197240167, -37.0528680207059], [175.264229717394, -37.0528409040779], [175.264257826468, -37.0528257131533], [175.264290748341, -37.0528116650172], [175.264336630551, -37.0527997396421], [175.264372116342, -37.0527898603279], [175.264406126753, -37.0527806580714], [175.264435803473, -37.0527660049496], [175.264462569538, -37.0527381681841], [175.264478567553, -37.0527131146024], [175.264492554354, -37.0526813040749], [175.264508212701, -37.0526516336127], [175.264522084582, -37.0526269270512], [175.26454763436, -37.0525944901319], [175.264572683567, -37.0525769873089], [175.264602920499, -37.052563783457], [175.264636895665, -37.0525518871], [175.264670650854, -37.052539021595], [175.26470370363, -37.0525248446727], [175.264737592513, -37.0525092908991], [175.264770482519, -37.0524926656933], [175.26481202771, -37.0524710264901], [175.264841674939, -37.0524516062704], [175.264862559182, -37.0524290368571], [175.264866852367, -37.0524002233104], [175.264866090851, -37.0523693162972], [175.264863286422, -37.0523373938534], [175.264859034571, -37.0522999023527], [175.264856544274, -37.0522679558834], [175.264855313653, -37.0522345073192], [175.264858854323, -37.0522015624395], [175.26486802848, -37.0521727818366], [175.264884074739, -37.0521399045133], [175.264899843642, -37.0521116918986], [175.264925903041, -37.0520778752805], [175.264946521214, -37.0520558156299], [175.264968811938, -37.0520336609409], [175.264993888912, -37.0520144541567], [175.265020709097, -37.0519960161728], [175.265050321361, -37.0519784531262], [175.265083200358, -37.0519614675507], [175.265117931459, -37.051945131529], [175.265164663841, -37.0519232489186], [175.265202832304, -37.0519056665833], [175.265238408762, -37.051885997813], [175.265273831354, -37.0518664491329], [175.265308955049, -37.0518466808425], [175.265343658665, -37.0518275334108], [175.265375735272, -37.0518077692397], [175.2654053896, -37.0517886010945], [175.265435226946, -37.0517699161152], [175.265470226795, -37.0517459864135], [175.265496531412, -37.0517268552069], [175.265518426642, -37.0517035093236], [175.265536626132, -37.0516772599544], [175.265551088828, -37.0516523977897], [175.265561261222, -37.0516159825817], [175.265572849296, -37.0515870927187], [175.265584534483, -37.0515505044061], [175.265597115695, -37.05152022568], [175.265613285113, -37.0514869673872], [175.265629700613, -37.051459337143], [175.26564840167, -37.0514250030597], [175.265663178778, -37.0513955926225], [175.265678647476, -37.0513720450565], [175.265699804881, -37.0513488484247], [175.26572449691, -37.0513284321705], [175.26575731848, -37.0513042375867], [175.265783167922, -37.051282663642], [175.26580977349, -37.0512611833923], [175.265837641628, -37.0512383001131], [175.265867031828, -37.0512129093316], [175.265897622104, -37.0511893071039], [175.265935782716, -37.0511627843837], [175.265966910278, -37.0511406138559], [175.265997862543, -37.051117842839], [175.266030968612, -37.0510933903971], [175.266062266733, -37.0510690175588], [175.266092040796, -37.0510448180368], [175.266120996333, -37.0510199401952], [175.266144575485, -37.0509965169562], [175.266174695654, -37.0509707246164], [175.266199302558, -37.0509489670445], [175.266222563794, -37.0509254417174], [175.266244996159, -37.0509031579141], [175.266270789909, -37.0508808549254], [175.266298168102, -37.0508573860859], [175.266323913906, -37.0508346063448], [175.266347215499, -37.0508116840537], [175.266372242081, -37.0507892965697], [175.266406013683, -37.0507611452322], [175.266435643408, -37.0507392825974], [175.266469157637, -37.0507183550969], [175.266504370622, -37.0506978367246], [175.266538750342, -37.0506761446322], [175.266570794725, -37.0506538122266], [175.266599585078, -37.0506332183201], [175.266628084138, -37.0506035905342], [175.266630109194, -37.0505733963231], [175.266632852756, -37.0505397636642], [175.266638550361, -37.0505094271521], [175.266648065593, -37.0504747547978], [175.266657518049, -37.0504477982602], [175.266682788192, -37.0504203771355], [175.266712715337, -37.0504005816008], [175.266753962859, -37.0503833544899], [175.266786039867, -37.0503749726046], [175.266818749119, -37.0503666777608], [175.266853798669, -37.0503573017422], [175.266888745098, -37.0503459719933], [175.266923015079, -37.0503338260251], [175.266956295447, -37.0503186527741], [175.266996109758, -37.0503004976652], [175.267026730218, -37.0502843568458], [175.267054274238, -37.0502630746795], [175.267078845735, -37.0502386319104], [175.267101784329, -37.0502148602366], [175.267118115601, -37.0501882047426], [175.267130130161, -37.0501589370705], [175.267140162721, -37.050131455698], [175.267149646736, -37.0500983881102], [175.267153328943, -37.0500698565391], [175.267161824767, -37.0500402325571], [175.267171620841, -37.0500138732414], [175.26717673707, -37.0499885677291], [175.267177621744, -37.0499616217535], [175.267176816623, -37.0499319232534], [175.267165102239, -37.0499013788825], [175.267146406429, -37.0498757806144], [175.267125603097, -37.0498507723938], [175.267105234267, -37.0498252511674], [175.267083659868, -37.0497954901193], [175.267073912473, -37.0497668097487], [175.267072865475, -37.049736160556], [175.267071041878, -37.0497028405144], [175.267068554525, -37.0496755534486], [175.267066607048, -37.0496471385228], [175.267063936663, -37.049619368286], [175.267064879119, -37.049586427956], [175.267060452565, -37.0495551854693], [175.267057591693, -37.0495225251384], [175.267068086743, -37.0494886721709], [175.267088139809, -37.0494605125525], [175.267114121087, -37.0494411348322], [175.267147281484, -37.0494219442933], [175.267181792976, -37.0494065942343], [175.26722881334, -37.0493914375921], [175.267266103273, -37.049378774156], [175.267304513923, -37.0493648545801], [175.267343758315, -37.0493517481911], [175.267381660528, -37.0493369911464], [175.267419469812, -37.0493210011674], [175.26745279837, -37.0493017983167], [175.267481384456, -37.0492826771304], [175.267506205214, -37.0492594461838], [175.267520275069, -37.0492289765705], [175.267553106407, -37.0492002480773], [175.267578867754, -37.0491799101357], [175.267603880472, -37.0491597307033], [175.26763064185, -37.0491382380642], [175.267656702812, -37.0491177682029], [175.267683245649, -37.0490976225796], [175.267716337322, -37.0490708447552], [175.267742928854, -37.0490512028823], [175.267771186184, -37.04903161927], [175.267800156619, -37.0490133288117], [175.267829687419, -37.0489968661598], [175.267858755717, -37.048982241864], [175.267891465734, -37.0489721081877], [175.267926764724, -37.0489594285506], [175.267974126209, -37.0489425256996], [175.268014250746, -37.0489287804028], [175.268055485428, -37.0489160683102], [175.268096524603, -37.0489047208158], [175.268138147813, -37.0488929746028], [175.268180283178, -37.0488821919185], [175.268220221564, -37.0488705049413], [175.268257114082, -37.0488588581891], [175.268292987503, -37.048847726602], [175.268335387234, -37.0488341179239], [175.268372802804, -37.0488188922192], [175.268403941274, -37.048808094511], [175.268437015748, -37.0488007655835], [175.268487531255, -37.0488029445361], [175.268522394452, -37.048808487126], [175.268557026985, -37.0488172335214], [175.26859474539, -37.0488242625873], [175.268639398125, -37.0488323215752], [175.268672353904, -37.0488410189041], [175.268709312525, -37.0488523613853], [175.268750801823, -37.0488655728618], [175.268786806069, -37.0488765820946], [175.268831333028, -37.0488872119502], [175.26886704018, -37.0488825813132], [175.268892669645, -37.048858208059], [175.268891934085, -37.0488297339311], [175.268880805149, -37.0487920587333], [175.268870704113, -37.0487605824239], [175.268861198446, -37.0487332404268], [175.268849496355, -37.0487050121766], [175.26883620051, -37.0486670629999], [175.268825404562, -37.0486341489849], [175.268815218388, -37.0486013224381], [175.268803930844, -37.0485704005548], [175.268790620175, -37.0485410134375], [175.268775301867, -37.04850915027], [175.268761786015, -37.0484834441348], [175.268747723089, -37.0484586226679], [175.268726897621, -37.0484287214145], [175.26870675414, -37.0484020876237], [175.268693295707, -37.0483707566418], [175.268682488604, -37.0483374643034], [175.268670424278, -37.0483042410788], [175.268659427207, -37.0482706099007], [175.268643781562, -37.0482319035498], [175.268631693299, -37.0482001407875], [175.268621836671, -37.0481678035974], [175.268613758161, -37.0481347654704], [175.268611162923, -37.0481057591331], [175.268612069273, -37.0480746490022], [175.26862126402, -37.0480417130076], [175.268635423905, -37.048014666257], [175.268653098344, -37.0479874621414], [175.268669988987, -37.0479622557473], [175.268686529797, -37.0479388945742], [175.268717086338, -37.0479081905105], [175.268739961129, -37.047887979649], [175.268769222797, -37.0478696743759], [175.268801261674, -37.0478517485549], [175.268833655383, -37.0478347892758], [175.268867241675, -37.0478193663155], [175.268901091889, -37.0478056326278], [175.268934635735, -37.0477918056562], [175.268977430297, -37.0477793968637], [175.269014399122, -37.0477733541376], [175.269050919259, -37.047767347023], [175.269087893616, -37.047763755542], [175.269128486428, -37.0477612303705], [175.269169668312, -37.0477611182489], [175.269211514742, -37.0477636881044], [175.26925087362, -37.0477680539549], [175.269289780063, -37.047772329314], [175.269341124926, -37.0477755735292], [175.269381613927, -37.0477763578093], [175.26942133727, -37.0477748405414], [175.269459079303, -37.0477755061314], [175.269500649755, -37.0477763597974], [175.269545165215, -37.0477779411627], [175.269578444105, -37.0477805126408], [175.269612318266, -37.0477826851828], [175.269650529629, -37.0477900469557], [175.269683926881, -37.0478030074377], [175.269720389243, -37.0478161976387], [175.269759199283, -37.0478281802914], [175.269806876274, -37.0478400202424], [175.269843582873, -37.0478523495515], [175.269876578932, -37.0478661828483], [175.269910462438, -37.0478796116147], [175.269944756395, -37.0478902116325], [175.269980161408, -37.0478879116501], [175.270018762856, -37.0478766642395], [175.270060268732, -37.0478700656888], [175.270112665258, -37.0478686029868], [175.27015798509, -37.0478707635402], [175.270204011128, -37.0478743615526], [175.270244067506, -37.0478776051923], [175.270278106287, -37.0478800177261], [175.270326709586, -37.0478855851255], [175.27036142665, -37.0478911389891], [175.270402657222, -37.0478960544249], [175.270444639848, -37.0479005498888], [175.270483993967, -37.0479070153076], [175.270523205498, -37.0479136006046], [175.270563979305, -37.0479096024537], [175.270605834561, -37.0479056737051], [175.270658820625, -37.047910787537], [175.2706966424, -37.0479190306326], [175.270734365767, -37.0479330255116], [175.270766389709, -37.0479413976337], [175.27080766612, -37.047949358241], [175.270846003344, -37.0479586729055], [175.270881606255, -37.0479660301559], [175.270919777349, -37.0479727884563], [175.270959112783, -37.0479790017266], [175.2709949706, -37.0479854798582], [175.271041801198, -37.0479987144142], [175.271073011216, -37.0480088234089], [175.271114713579, -37.0480137205469], [175.271162858189, -37.0480170973605], [175.271206432539, -37.0480161456148], [175.271247947648, -37.0480162697208], [175.271286029896, -37.0480174058672], [175.271326711181, -37.0480163382553], [175.271441761799, -37.0479893864374], [175.271474313983, -37.0479807779016], [175.271506692768, -37.0479720104554], [175.271538059962, -37.0479587291423], [175.27156908309, -37.0479455986104], [175.271604321605, -37.0479286651974], [175.271630415007, -37.0479055622377], [175.271653214615, -37.0478805937186], [175.27167810089, -37.0478607493247], [175.271706899134, -37.0478465348303], [175.271738421444, -37.0478169650899], [175.271776638633, -37.0477822832244], [175.271811210931, -37.0477569629595], [175.271844161079, -37.0477296549859], [175.271890397554, -37.0476954413013], [175.271930530079, -37.0476590103358], [175.271962371069, -37.0476310837006], [175.27200272442, -37.0475937652654], [175.272037714666, -37.0475609746626], [175.272054875333, -37.0475377002937], [175.272056799683, -37.0475000546855], [175.272047772691, -37.0474605190197], [175.272044027047, -37.0474314356793], [175.272038692688, -37.0473931901326], [175.272048612694, -37.0473684142404], [175.272076726209, -37.0473467054507], [175.272119742232, -37.0473315695452], [175.272153565276, -37.0473237385797], [175.27221749868, -37.0473136543367], [175.272258559418, -37.0473076042955], [175.272309435571, -37.0473154975928], [175.272354596288, -37.0473451301469], [175.272385987138, -37.0473910866503], [175.272411376928, -37.047426586603], [175.272430185783, -37.0474510372909], [175.272449834736, -37.0474731196405], [175.272498287011, -37.0475049151206], [175.27252902052, -37.0475239281002], [175.272565035663, -37.0475119363411], [175.272597162107, -37.0474754963653], [175.27261936428, -37.0474455913089], [175.272648943107, -37.0474010168883], [175.27266169183, -37.0473749610482], [175.272673337429, -37.047348863262], [175.272692069457, -37.0473108053934], [175.272719315825, -37.0472630492206], [175.272747020355, -37.0472185918103], [175.272763364953, -37.0471909619702], [175.272768736512, -37.0471505375519], [175.272752513802, -37.0471031007994], [175.272726718018, -37.0470690687087], [175.272692399286, -37.047027106827], [175.272672603815, -37.0469797565608], [175.272669305331, -37.0469423011662], [175.272680720106, -37.0468937669321], [175.27270973394, -37.0468494827091], [175.272736140484, -37.0468222007707], [175.272781595111, -37.0467885695135], [175.272811752004, -37.0467731841422], [175.272845179456, -37.0467603947342], [175.272880730318, -37.0467509442663], [175.272918708679, -37.0467418347919], [175.272973424015, -37.0467284300253], [175.273008036361, -37.0467195562776], [175.273041708284, -37.0467108177077], [175.273076617101, -37.0467043445673], [175.27311066541, -37.0467014387965], [175.273159316251, -37.0467089958705], [175.273192765588, -37.0467188000256], [175.273229539938, -37.0467300094509], [175.273264392488, -37.046743130285], [175.273299053214, -37.0467562277489], [175.273350236014, -37.0467725232908], [175.273413060264, -37.046779925699], [175.27347120944, -37.0467640395485], [175.273510063141, -37.0467450805785], [175.273550658224, -37.0467177877916], [175.273572157292, -37.046680541927], [175.273578963548, -37.0466422439311], [175.273585848409, -37.046613362382], [175.2735931413, -37.0465827065795], [175.273607515677, -37.0465290054891], [175.273628487556, -37.0465031073173], [175.273669801388, -37.0464701409252], [175.273714338601, -37.0464604187708], [175.273748935817, -37.0464578267397], [175.273783810934, -37.0464585188946], [175.273823323789, -37.0464597710027], [175.27386572018, -37.0464642122671], [175.273917862659, -37.0464734865314], [175.273974672192, -37.0464824189284], [175.274009848567, -37.046484916731], [175.274051297027, -37.0464722886041], [175.274090099935, -37.04644824743], [175.274135885858, -37.0464283802506], [175.2741700623, -37.0464154589483], [175.274218048579, -37.0463962344812], [175.274278439418, -37.0463865325139], [175.274333447556, -37.0463810704427], [175.274374265041, -37.0463830904362], [175.274416078222, -37.0463879572598], [175.274480328098, -37.0463979273315], [175.274541733869, -37.046409042421], [175.274581791876, -37.0464168808927], [175.274620537858, -37.0464248346418], [175.274658919694, -37.0464326421525], [175.27469866968, -37.046438071171], [175.274737007505, -37.0464413913277], [175.274785664257, -37.0464423685723], [175.274817582466, -37.0464362857504], [175.274850887399, -37.0464269408678], [175.274881267531, -37.0464160388668], [175.274924087892, -37.0463955162979], [175.27495124472, -37.0463802149809], [175.274980787974, -37.0463661386223], [175.275011436529, -37.0463525547576], [175.275042314954, -37.0463376326405], [175.275088548799, -37.0463150798223], [175.275144088817, -37.0462814975137], [175.27517635734, -37.0462461085814], [175.275195599252, -37.0462037146008], [175.275209611238, -37.0461669095105], [175.27522163703, -37.0461170565309], [175.275231940997, -37.0460679035036], [175.275240960366, -37.0460299504919], [175.275246951149, -37.045982069856], [175.275249747375, -37.0459405411651], [175.27524181522, -37.0459136201261], [175.275215211105, -37.0458815327439], [175.275191734981, -37.0458450053162], [175.275185421383, -37.0458139255413], [175.275183744844, -37.0457724646422], [175.275185067614, -37.0457301621185], [175.275190523825, -37.0456990187448], [175.27520267168, -37.0456566437105], [175.275220314173, -37.0456115226191], [175.275234913535, -37.0455744358829], [175.275245346333, -37.0455333644984], [175.275255173859, -37.0454934853499], [175.275266998629, -37.0454674019059], [175.275279229867, -37.0454245836562], [175.275292909673, -37.045360809027]]}, "properties": {"OBJECTID": 12175, "TRACKNAME": "Waharau Ridge Track", "CONDITIONSOFUSE": "Waharau Regional Park", "STATUS": "Open", "WEBLINK": "https://www.aucklandcouncil.govt.nz/en/parks-recreation/find-park-beach/park-detail/233.html", "VALIDATIONSTATE": 3, "created_user": "AC_owner", "last_edited_user": "AC_owner", "last_edited_date": 1789875254325, "created_date": 1789875254325, "PARK_SAPSITEID": null, "TRACK_ID": null, "KAURIDIEBACK_TRACK": null, "KAURIDIEBACK_MITIGATED": null, "SegmentID": null, "GlobalID": "58795fe0-31ac-4e2d-ba02-66a5f0a91fa1", "Shape__Length": 2936.708951062841, "_COUNCIL_TRACKNAME": "Waharau Ridge Track"}}, {"type": "Feature", "id": 12186, "geometry": {"type": "MultiLineString", "coordinates": [[[175.254014724277, -37.0526119591359], [175.253989377628, -37.0525974532897], [175.253965219982, -37.0525653686376], [175.25395245635, -37.0525330223355], [175.253948644966, -37.0525018757519], [175.253946543848, -37.0524711472798], [175.2539444609, -37.0524406527851], [175.253942041658, -37.052409813198], [175.253935394454, -37.052377449766], [175.25392480806, -37.0523499017449], [175.253908400454, -37.052319805708], [175.253890355272, -37.0522947877524], [175.253872748426, -37.0522693829403], [175.253860465454, -37.0522392175082], [175.253857682426, -37.0522055819691], [175.253856443305, -37.0521739629038], [175.253842272204, -37.052145347445], [175.253815594931, -37.0521212055319], [175.253790714723, -37.0520966148841], [175.253774820593, -37.0520584068976], [175.253780183411, -37.0520275996399], [175.253791837815, -37.0519969972449], [175.253803232536, -37.0519674993002], [175.253815277142, -37.0519360242936], [175.253829614228, -37.0519026040904], [175.253843003666, -37.0518774392532], [175.253864569269, -37.0518470089611], [175.253882822031, -37.0518171012686], [175.253899380301, -37.0517892085153], [175.253918654929, -37.0517588758347], [175.253943972144, -37.0517207136576], [175.253960837259, -37.0516929322248], [175.253971481381, -37.0516654312652], [175.25397340145, -37.0516334186881], [175.253975425678, -37.0515984660808], [175.253973015574, -37.0515698343607], [175.253970795362, -37.0515419200247], [175.253960970552, -37.05150552535], [175.253947466801, -37.0514797000785], [175.253927143162, -37.0514506337917], [175.25390065468, -37.0514180436623], [175.253878830308, -37.0513956390364], [175.253853230752, -37.0513718101003], [175.253826255144, -37.0513432757906], [175.253804960988, -37.0513220687372], [175.253781507897, -37.0513004791302], [175.253752012004, -37.0512730291339], [175.253729244541, -37.0512506694409], [175.253708205802, -37.0512285923217], [175.253689260596, -37.0512058265142], [175.253670295067, -37.0511808530456], [175.253649850379, -37.0511564304068], [175.253626682926, -37.0511300497408], [175.2536011458, -37.0511003434593], [175.253575049122, -37.0510692058182], [175.25354182956, -37.0510340848613], [175.253515129259, -37.051007627114], [175.253488615442, -37.0509813911269], [175.253463712249, -37.0509541061211], [175.253444916475, -37.0509314455809], [175.253420329807, -37.0509023160152], [175.253396269591, -37.0508742579307], [175.253373180037, -37.0508489842597], [175.253348461196, -37.0508245076014], [175.253324607507, -37.0507992484412], [175.253299295735, -37.0507729715418], [175.253269358441, -37.0507457911659], [175.25324028781, -37.0507270029071], [175.25321126183, -37.050708583302], [175.253182120968, -37.0506931219483], [175.25315443286, -37.0506765965538], [175.25312841335, -37.0506575610301], [175.253103889878, -37.0506358834705], [175.253082230489, -37.0506137188893], [175.253052399642, -37.0505817688596], [175.253036737461, -37.0505513791352], [175.253038101105, -37.0505153666052], [175.25304527101, -37.0504886256901], [175.253063845118, -37.050458937323], [175.253088349671, -37.0504381577093], [175.253126199937, -37.0504158267185], [175.253153843087, -37.050400421948], [175.253183553258, -37.0503841938134], [175.253215638683, -37.0503692003018], [175.253248379806, -37.0503569881743], [175.253278669772, -37.0503447775536], [175.253315632579, -37.0503297003458], [175.253345791401, -37.0503176183742], [175.253378177498, -37.0503048091253], [175.253414219308, -37.0502897674139], [175.253446438498, -37.0502720765833], [175.253478942657, -37.0502541369931], [175.253509442782, -37.0502338291615], [175.253533045729, -37.0502129854805], [175.25355345021, -37.0501900666357], [175.253571264957, -37.0501670257688], [175.253587973888, -37.0501415725603], [175.253603073847, -37.0501126621191], [175.253615396859, -37.0500830023465], [175.253630520606, -37.0500453944584], [175.253642649674, -37.0500152607103], [175.253655034093, -37.049984256915], [175.253662521311, -37.0499511471606], [175.253665420161, -37.0499176289268], [175.253666756217, -37.0498860149793], [175.253667794222, -37.0498564885669], [175.253668963347, -37.0498268334883], [175.253670204879, -37.0497958251695], [175.253671110673, -37.0497534675739], [175.253669511958, -37.0497188091279], [175.253666283124, -37.049685299204], [175.25366057225, -37.0496530260925], [175.253656014681, -37.0496198298187], [175.253650879911, -37.049587266372], [175.253645950298, -37.0495487147743], [175.253642637908, -37.0495203615449], [175.253638203459, -37.049491326671], [175.253632275731, -37.0494581834728], [175.253623852837, -37.0494243126263], [175.253617227989, -37.0493923092291], [175.253610937282, -37.0493628590104], [175.253606625198, -37.0493311180806], [175.253605949083, -37.0492877360923], [175.253608727486, -37.0492547068169], [175.25361566499, -37.0492246807477], [175.253627995065, -37.0491952641735], [175.253640946658, -37.0491659529475], [175.253655967646, -37.049133619277], [175.253671254684, -37.0491003973304], [175.253685136524, -37.0490690856858], [175.2537067004, -37.0490363392597], [175.253728320843, -37.0490134874003], [175.253748882285, -37.0489905655402], [175.253769797876, -37.0489617518303], [175.253789155763, -37.0489304532561], [175.253804662787, -37.0488982094661], [175.253819169261, -37.0488671112447], [175.253828396171, -37.0488346623683], [175.253837153507, -37.0488000233838], [175.253843713246, -37.0487731948807], [175.253851594537, -37.0487389690928], [175.253858548749, -37.0487068518084], [175.253864347525, -37.0486668435735], [175.253869442268, -37.0486342028607], [175.253873032214, -37.0486020053212], [175.253876921571, -37.0485696669041], [175.253882459399, -37.0485390816148], [175.253886106772, -37.0485054049448], [175.253888377031, -37.0484783875967], [175.253891884717, -37.0484426497355], [175.25389273673, -37.0484083592772], [175.253892878292, -37.048377038399], [175.253892395138, -37.048345504084], [175.253891676957, -37.0483060252744], [175.253892740511, -37.0482769850404], [175.25389730905, -37.0482501222809], [175.253904771729, -37.0482188515087], [175.253916031089, -37.0481825156858], [175.253923773656, -37.0481553853094], [175.253932406464, -37.0481252819347], [175.253938053467, -37.0480942078953], [175.253945122188, -37.0480636836277], [175.25395803876, -37.0480316783163], [175.253971844987, -37.0479970605138], [175.253984331522, -37.047954320559], [175.253992180611, -37.0479220510689], [175.25399908478, -37.0478912865899], [175.25400316021, -37.0478595394501], [175.254002446551, -37.0478266756759], [175.254000314375, -37.0477933702183], [175.253994660665, -37.0477599874989], [175.253984815606, -37.0477187084482], [175.253973686141, -37.0476921620939], [175.253962452539, -37.0476617153359], [175.253950425675, -37.0476310583439], [175.253941139954, -37.0476022238335], [175.253931266348, -37.0475740403787], [175.253922790151, -37.0475372234921], [175.253914675314, -37.0475057801564], [175.253906245095, -37.0474716571105], [175.253898583272, -37.0474399438022], [175.253891287618, -37.0474092058882], [175.253886213295, -37.0473798226793], [175.253879789433, -37.0473416870144], [175.25387772067, -37.0473090022037], [175.253877720678, -37.047273655455], [175.253875418464, -37.0472422007715], [175.253876580326, -37.0472123024841], [175.253879578392, -37.0471802423626], [175.253885965745, -37.0471464505216], [175.253895249312, -37.0471128830172], [175.253905552377, -37.0470715905069], [175.253913577971, -37.0470418681815], [175.253923336438, -37.0470125725525], [175.253934021371, -37.0469815289265], [175.253944100814, -37.0469528220151], [175.253953562258, -37.0469214681827], [175.253942839993, -37.0468851175694], [175.253932224795, -37.0468573267283], [175.253919946515, -37.0468272873516], [175.253904743426, -37.0467990970389], [175.253887535065, -37.0467730537466], [175.253861738199, -37.0467394590501], [175.253842339551, -37.0467146289965], [175.253820871037, -37.0466863414569], [175.253800330378, -37.0466582525765], [175.253779859682, -37.0466313880531], [175.253752562721, -37.0466002912475], [175.253731764616, -37.046575280486], [175.253710147688, -37.0465491947784], [175.253690737684, -37.0465175154662], [175.253676472191, -37.0464875679025], [175.253663398719, -37.0464591478207], [175.253650457687, -37.0464329242533], [175.253637986462, -37.0464047180334], [175.253624444065, -37.0463672854147], [175.253614635393, -37.0463378659875], [175.253603279286, -37.0463101072173], [175.253594927292, -37.0462839406296], [175.253583461931, -37.0462570491268], [175.253572803223, -37.046228159558], [175.253564144911, -37.046197717884], [175.253558089322, -37.0461693626933], [175.253557462642, -37.0461424724946], [175.253558985744, -37.0461110983127], [175.253565713375, -37.0460846271233], [175.253575781934, -37.0460555509365], [175.253585803967, -37.0460283231815], [175.253603769491, -37.0460031885607], [175.253625672075, -37.0459750771125], [175.253649375746, -37.0459493197257], [175.253677337196, -37.0459253469888], [175.253713101384, -37.0458949082385], [175.25374161938, -37.0458680859936], [175.253768505277, -37.045841583159], [175.253793547208, -37.0458173594602], [175.253821988499, -37.0457959280885], [175.253850111408, -37.0457743765873], [175.253878366261, -37.0457523449129], [175.253910507057, -37.0457294102287], [175.253938471825, -37.0457120164437], [175.253964461003, -37.0456947323024], [175.253995584192, -37.0456746468411], [175.254020076617, -37.0456535157919], [175.254046337628, -37.0456336398983], [175.254075354608, -37.0456160908948], [175.25411517431, -37.0455939114368], [175.254147955197, -37.0455777959453], [175.254253637994, -37.0455240736612]], [[175.254230417887, -37.0455435907786], [175.25426089053, -37.0455304031129], [175.254299228768, -37.0455216171918], [175.254341740976, -37.0455197635806], [175.254386903902, -37.0455166789335], [175.254434540926, -37.0455010740291], [175.254470849609, -37.0454822146898], [175.254517065674, -37.0454524061392], [175.254562596111, -37.0454214660276], [175.254596757426, -37.0453976726151], [175.254636665536, -37.0453625314287], [175.254664783514, -37.0453218284168], [175.2546790948, -37.0452906256511], [175.254693751942, -37.0452528732831], [175.254707494071, -37.0452126959421], [175.25471539842, -37.0451815519031], [175.254720223831, -37.0451386871581], [175.254725863469, -37.0450997814134], [175.254735409479, -37.0450732024987], [175.254746455996, -37.0450334999907], [175.25476366532, -37.0449919499159], [175.254782523235, -37.0449624181124], [175.25480851256, -37.0449276767088], [175.254843755636, -37.0448956162845], [175.2548849381, -37.0448640377335], [175.25490533567, -37.0448367657921], [175.254930599136, -37.044803714477], [175.254973292539, -37.044777604748], [175.255008174157, -37.0447591689324], [175.255052625968, -37.0447290332308], [175.255090162346, -37.0446908907962], [175.255112871686, -37.0446581583871], [175.255138689282, -37.0446157235631], [175.255161160771, -37.044577615247], [175.255180483887, -37.0445512739482], [175.255210797998, -37.0445164141632], [175.25523340781, -37.0444776633207], [175.255246654395, -37.0444443087407], [175.255266389374, -37.0443984566952], [175.25529236785, -37.044356144953], [175.255312790107, -37.0443255378745], [175.255337023824, -37.0442839172129], [175.255362566932, -37.0442390542055], [175.255378767021, -37.0442036877412], [175.25540319565, -37.0441625770679], [175.25542791743, -37.0441245340531], [175.255448892295, -37.0440993058753], [175.2554814389, -37.0440680896463], [175.255512242332, -37.0440406557352], [175.255540312539, -37.0440238183472], [175.255582262111, -37.0440026072905], [175.255625177521, -37.043980981301], [175.255667475573, -37.0439605296428], [175.255699191131, -37.0439392248121], [175.255741664911, -37.0439079999306], [175.255769671658, -37.0438825658377], [175.2557904875, -37.0438538708402], [175.255824997676, -37.0438164526649], [175.255858956606, -37.0437771253184], [175.255871456609, -37.0437413515168], [175.255881490385, -37.0436894923783], [175.255883821165, -37.0436375815005], [175.255882211696, -37.0436014452328], [175.255877495828, -37.0435598794877], [175.255857301588, -37.0435229792153], [175.255837214397, -37.043499568512], [175.255816701089, -37.0434701185695], [175.25580857547, -37.0434314836354], [175.255814225956, -37.0434035998362], [175.25583304714, -37.0433588015105], [175.255844917406, -37.0433302406222], [175.255858649712, -37.0433045733516], [175.255896156809, -37.0432620601976], [175.255940889362, -37.0432349920722], [175.255969384212, -37.0432135231308], [175.256004287693, -37.0431776295365], [175.256033800326, -37.0431354757129], [175.256050460361, -37.0430997128745], [175.256076739869, -37.04305354693], [175.256100900751, -37.0430098726676], [175.256112959264, -37.0429751436689], [175.256123823968, -37.0429240167315], [175.256133036191, -37.0428972007215], [175.25614553526, -37.0428686188284], [175.256161009451, -37.0428273629275], [175.256171885014, -37.0428024259043], [175.256187460075, -37.0427778681162], [175.256205967185, -37.0427547506056], [175.256226628553, -37.0427337641015], [175.256262851587, -37.0427021983321], [175.256288307805, -37.0426772182072], [175.256313546385, -37.0426505839304], [175.256338792416, -37.0426242018548], [175.256363889085, -37.0425984715109], [175.256399894999, -37.0425584381464], [175.256421325326, -37.042532669402], [175.256440708359, -37.0425080030758], [175.256463640673, -37.0424725894805], [175.2564815848, -37.0424369193111], [175.256494028083, -37.0424106366139], [175.256512687601, -37.0423657150852], [175.256527065675, -37.042336430479], [175.256543046286, -37.0423069711784], [175.256557862662, -37.042276542662], [175.256572738575, -37.0422473657388], [175.256602837883, -37.0422041641843], [175.256621469041, -37.0421730952857], [175.256638134174, -37.0421409372422], [175.256654956338, -37.0421087671958], [175.256671419754, -37.0420792896784], [175.25669528613, -37.0420401181057], [175.256712961752, -37.0420162683093], [175.256732400916, -37.0419927454475], [175.256753611387, -37.04196943221], [175.256776341325, -37.0419442785541], [175.256807368824, -37.0419001580423], [175.256826863861, -37.0418671349993], [175.256848616864, -37.0418340509572], [175.25687021304, -37.0418013664428], [175.256890764853, -37.0417706214481], [175.256923733356, -37.0417305465983], [175.256966742927, -37.0416863422069], [175.256988440681, -37.0416377307719], [175.256992010452, -37.0415954125529], [175.256991915678, -37.0415645017165], [175.256993419432, -37.0415332810711], [175.256998315698, -37.041502725866], [175.257004833931, -37.0414730320217], [175.257009737485, -37.0414320943559], [175.257010954873, -37.0414052501895], [175.257013429694, -37.0413779675194], [175.257017930081, -37.0413496098684], [175.257025114942, -37.0413204080313], [175.257041519476, -37.0412749074806], [175.257051703413, -37.0412448554681], [175.257059723176, -37.0412161334223], [175.257066008919, -37.0411668239347], [175.257052568574, -37.041127163678], [175.257041199899, -37.0410982338467], [175.257030085259, -37.0410676318793], [175.257019220857, -37.0410359887183], [175.257010457381, -37.0410042965585], [175.257004262451, -37.0409727808239], [175.256999078694, -37.0409423814105], [175.256987143182, -37.0409007638434], [175.2569784339, -37.0408739373623], [175.256971914989, -37.0408459065899], [175.256966174351, -37.0408175816197], [175.256958478944, -37.0407885458197], [175.256945812254, -37.0407446349796], [175.256939113355, -37.0407162200954], [175.256932923761, -37.0406886787362], [175.256929007324, -37.0406615897991], [175.256927288452, -37.0406335397708], [175.256927092079, -37.0405931227465], [175.256912366754, -37.040549927012], [175.256868553772, -37.0405145939249], [175.25683637243, -37.0404821487541], [175.256818835379, -37.0404582750973], [175.256800788742, -37.0404338974264], [175.256785576404, -37.0404084203733], [175.256772849272, -37.0403814450227], [175.256754982686, -37.0403392283118], [175.256747891535, -37.0403127495389], [175.256743690984, -37.040286693417], [175.256736153436, -37.0402500751376], [175.256728231497, -37.0402160417282], [175.256715805269, -37.0401813820502], [175.25669804602, -37.0401454449523], [175.256686430847, -37.0401180518834], [175.256672872691, -37.0400721211598], [175.256665202129, -37.0400397412491], [175.256658322371, -37.0400074904884], [175.256652337605, -37.0399769891334], [175.256644500582, -37.0399484787225], [175.256635768608, -37.0399208775717], [175.256628620666, -37.0398932372655], [175.256623499565, -37.0398501381154], [175.256622042573, -37.0398210556769], [175.256620267273, -37.0397914745988], [175.256618967323, -37.0397623801592], [175.256616496482, -37.0397355070338], [175.256595790211, -37.039697994743], [175.25657502524, -37.0396736867819], [175.256554338574, -37.0396474666907], [175.256535387194, -37.0396172030433], [175.25651838208, -37.0395839462808], [175.25649388097, -37.03953293345], [175.256500235745, -37.0394796427724]]]}, "properties": {"OBJECTID": 12186, "TRACKNAME": "Waharau Ridge Track", "CONDITIONSOFUSE": "Hunua Ranges Regional Park", "STATUS": "Open", "WEBLINK": "https://www.aucklandcouncil.govt.nz/en/parks-recreation/find-park-beach/park-detail/213.html", "VALIDATIONSTATE": 3, "created_user": "AC_owner", "last_edited_user": "AC_owner", "last_edited_date": 1789875254325, "created_date": 1789875254325, "PARK_SAPSITEID": null, "TRACK_ID": null, "KAURIDIEBACK_TRACK": null, "KAURIDIEBACK_MITIGATED": null, "SegmentID": null, "GlobalID": "43723490-c7f1-48da-8423-cafb3a69f449", "Shape__Length": 1667.551328119131, "_COUNCIL_TRACKNAME": "Waharau Ridge Track"}}, {"type": "Feature", "id": 12229, "geometry": {"type": "LineString", "coordinates": [[175.278557192527, -37.0402906042908], [175.278610187111, -37.0402895860466], [175.278705577355, -37.0402877531474], [175.278790114613, -37.0402776273285], [175.278905686351, -37.0402414008912], [175.278935196363, -37.0401643212642], [175.278953599275, -37.0400704522922], [175.279004815095, -37.0400099583068], [175.27907748266, -37.0399575534304], [175.279162781795, -37.039972916887], [175.279217554894, -37.0400313739406], [175.279302600018, -37.0400382407844], [175.279341946056, -37.0399354678337], [175.279416025458, -37.0398547628324], [175.279576137582, -37.0399649719032], [175.279724520548, -37.0399621195284], [175.279743220549, -37.0398892273917], [175.27975301296, -37.0398510537031], [175.27989961753, -37.0397887255586], [175.27997431777, -37.0398042921961], [175.280093955447, -37.0399040087048], [175.280147984597, -37.0399494152566], [175.280202740353, -37.0399954323704], [175.280375118774, -37.0400856330955], [175.280586079209, -37.0400475707461], [175.280763907255, -37.0400541843025], [175.280905824165, -37.0401009310348], [175.281128654804, -37.0401051463603], [175.281267203148, -37.0401279853904], [175.281694210668, -37.0402217870472], [175.281907713671, -37.0402686873065], [175.282209571421, -37.0404329062665], [175.282508122209, -37.0404866700602], [175.282999743594, -37.0406132279336], [175.283310421907, -37.0407177645211], [175.283758123558, -37.0407941574247], [175.284132905526, -37.0409144600723], [175.284432223416, -37.0409937083367], [175.284506340742, -37.0411044072297], [175.284642254235, -37.0411348553164], [175.284878652738, -37.0410276145601], [175.285143881802, -37.0410310053711], [175.285388167724, -37.0410433005806], [175.285589548157, -37.0410394194659], [175.285833324419, -37.0410347208176], [175.286205477413, -37.0411345147739], [175.286457920919, -37.0411136327414], [175.286748076002, -37.041099259921], [175.286914579812, -37.0411124245746], [175.287081605156, -37.0411422157888], [175.287196778904, -37.0411730969619], [175.287280297425, -37.0411879967911], [175.287322628398, -37.0411996985118]]}, "properties": {"OBJECTID": 12229, "TRACKNAME": "Waharau Ridge Track", "CONDITIONSOFUSE": "Waharau Regional Park", "STATUS": "Open", "WEBLINK": "https://www.aucklandcouncil.govt.nz/en/parks-recreation/find-park-beach/park-detail/233.html", "VALIDATIONSTATE": 3, "created_user": "AC_owner", "last_edited_user": "AC_owner", "last_edited_date": 1789875254325, "created_date": 1789875254325, "PARK_SAPSITEID": null, "TRACK_ID": null, "KAURIDIEBACK_TRACK": null, "KAURIDIEBACK_MITIGATED": null, "SegmentID": null, "GlobalID": "96123210-e0dd-4b1e-a2c9-e3a3b5682e03", "Shape__Length": 880.6772694345111, "_COUNCIL_TRACKNAME": "Waharau Ridge Track"}}, {"type": "Feature", "id": 12274, "geometry": {"type": "LineString", "coordinates": [[175.256500235745, -37.0394796427724], [175.25692800788, -37.0395567691843], [175.257135356288, -37.0394173227758], [175.257305879565, -37.0392444342544], [175.257601209143, -37.0390612765618], [175.257736504783, -37.03889752253], [175.258048280972, -37.0386013411455], [175.258283385143, -37.0384194366476], [175.258934718621, -37.0380679661652], [175.259107577837, -37.0378229419776], [175.259401842872, -37.037607616782], [175.259856134961, -37.0373728840228], [175.26052038008, -37.0374235640123], [175.260946409999, -37.0375596325148], [175.261368297588, -37.0375670268848], [175.262068542614, -37.0374881700164], [175.262446185212, -37.0373676980018], [175.262867560007, -37.0373589916198], [175.263367141368, -37.0372842712258], [175.263607921826, -37.0372792971388], [175.26399486973, -37.0374483650477], [175.26433909528, -37.0375378295246], [175.264659628759, -37.0375151081465], [175.26526263256, -37.0375348286731], [175.265964942732, -37.0375203031307], [175.266446014308, -37.0374942480434], [175.266772236564, -37.0376484702413], [175.267298095879, -37.0377663581413], [175.267681753962, -37.0378388636117], [175.267733989485, -37.0378548892293], [175.267870897291, -37.03785682246], [175.26801314765, -37.0378395740714], [175.268107521724, -37.0378137691166], [175.26815436313, -37.0378170189671], [175.268189229278, -37.0378005443457], [175.26826166948, -37.0377962568408], [175.268446464627, -37.0378067455296], [175.268571485476, -37.0378089233502], [175.268786927744, -37.0378473946088], [175.268924164409, -37.0378588644786], [175.268942771618, -37.0378823282966], [175.269010020906, -37.0379381803602], [175.269150003114, -37.0380354406905], [175.269276885158, -37.0380948290081], [175.269360892617, -37.0381169331469], [175.269397188478, -37.0381352637963], [175.269523599996, -37.0381803491335], [175.269601679168, -37.0381933774921], [175.2696253073, -37.03819731975], [175.26969850306, -37.0382206967294], [175.269950717426, -37.0383154682853], [175.269986536701, -37.0383281697066], [175.270063735149, -37.0383500071254], [175.270183696423, -37.0382683474764], [175.270283834515, -37.0382345175533], [175.270331131498, -37.0382130457797], [175.270361743698, -37.0382017169376], [175.270392918414, -37.0381896473132], [175.270427386435, -37.0381764241289], [175.270459664711, -37.0381621523557], [175.27048733773, -37.0381487708481], [175.27052785137, -37.0381297991313], [175.27055847977, -37.0381178841222], [175.270588720407, -37.0381046517048], [175.270613117127, -37.038094014991], [175.270620438479, -37.0380908232101], [175.270649959738, -37.0380775955385], [175.270677265938, -37.0380643561968], [175.27070532639, -37.0380496423963], [175.270741611443, -37.0380268491985], [175.270772780856, -37.0380081915037], [175.270809448832, -37.037992591871], [175.270842256304, -37.0379775978817], [175.270874885385, -37.037960390246], [175.270904598019, -37.0379464198297], [175.270936123043, -37.0379321533404], [175.270978113428, -37.0379133244297], [175.271017522553, -37.037889362798], [175.271046305087, -37.037868326402], [175.271076376749, -37.0378498068122], [175.271117444718, -37.0378343571473], [175.271154660314, -37.037823181029], [175.271190784769, -37.0378127377763], [175.271225064297, -37.0378037628196], [175.271258436293, -37.0377964004307], [175.271293085659, -37.0377941776802], [175.271329382334, -37.0377966819231], [175.271375240933, -37.0378103316191], [175.271414297545, -37.0378254724507], [175.271447496619, -37.0378405992875], [175.271482521974, -37.0378498601045], [175.271514982259, -37.0378579263296], [175.271557886963, -37.0378686494244], [175.271588505084, -37.0378812931698], [175.27162829447, -37.037896122484], [175.271666814413, -37.0379075874345], [175.271697445172, -37.037918013856], [175.271729529708, -37.0379266730258], [175.271768402551, -37.0379382843938], [175.271806739126, -37.0379507622007], [175.271853502863, -37.0379664852486], [175.271860185879, -37.0379687337955], [175.272154814556, -37.0380572995772], [175.27217405059, -37.0380600394044], [175.272209811132, -37.0380634098261], [175.272245930286, -37.038065610765], [175.272282776636, -37.038066184538], [175.272318351192, -37.0380689726838], [175.272351550579, -37.0380727886823], [175.272387488531, -37.0380764530603], [175.272427098417, -37.0380799749674], [175.27246394553, -37.0380824593002], [175.272504287178, -37.038084507149], [175.272545357313, -37.0380868564587], [175.272586441103, -37.0380915487187], [175.272636679773, -37.038099760613], [175.272674469049, -37.0381085805732], [175.272717548747, -37.0381172450602], [175.27275165737, -37.0381225215562], [175.272795844894, -37.0381291279792], [175.272838577913, -37.0381355910257], [175.272881849984, -37.038142034713], [175.272923119638, -37.0381480571298], [175.27297666113, -37.0381539254376], [175.273011688065, -37.0381583280787], [175.273045597234, -37.0381599312497], [175.27309015629, -37.0381658004359], [175.273125175524, -37.0381684367588], [175.273172666357, -37.0381746012024], [175.273206411189, -37.0381797403412], [175.273240516614, -37.0381867922011], [175.273274455879, -37.0381935498268], [175.273308381447, -37.0381998480723], [175.273355857556, -37.0382077791562], [175.273388505512, -37.0382123264255], [175.273423524334, -37.0382157016851], [175.273461114332, -37.0382174594846], [175.273499442643, -37.0382209785624], [175.273536485763, -37.0382262616609], [175.273572612105, -37.0382335991278], [175.27360946782, -37.0382397599996], [175.273655491044, -37.0382453395413], [175.273695092624, -37.0382478247545], [175.273732870138, -37.0382513453041], [175.273768265561, -37.0382560380645], [175.27380292662, -37.0382624933014], [175.273837951629, -37.0382698427905], [175.273873332055, -37.0382762932261], [175.273910010674, -37.0382821690024], [175.273949620803, -37.038288331028], [175.2739956519, -37.0382983173525], [175.274030684839, -37.0383066850339], [175.274064418202, -37.0383152037987], [175.274096689686, -37.0383244625667], [175.274130791476, -37.0383332716568], [175.274166379997, -37.0383410428373], [175.274202140665, -37.0383478013162], [175.274236802928, -37.0383527873796], [175.274281724776, -37.0383576217428], [175.274317296446, -37.0383614367544], [175.274353042354, -37.0383639326026], [175.274386967858, -37.038364949268], [175.274420899491, -37.0383639109777], [175.274454996863, -37.0383639059256], [175.274505045503, -37.0383653613617], [175.274546495085, -37.0383653504587], [175.274594536066, -37.0383635728601], [175.274635243049, -37.0383582678624], [175.274667688577, -37.038351508091], [175.274713167148, -37.0383361978984], [175.274744137526, -37.0383237074743], [175.27477567247, -37.0383101697864], [175.274808128297, -37.0382954698504], [175.274840391446, -37.038282224599], [175.274873945101, -37.0382726676947], [175.274907683215, -37.0382659010882], [175.274948187211, -37.0382579412183], [175.274981020919, -37.0382517597218], [175.275016036545, -37.0382441033869], [175.275051051186, -37.0382352844603], [175.275085155073, -37.0382257079289], [175.275127329235, -37.0382130655566], [175.275158133604, -37.0382021734062], [175.27518855666, -37.0381871698944], [175.275219536898, -37.0381701188818], [175.275250342498, -37.038151737376], [175.27527947373, -37.0381318739025], [175.275307162067, -37.0381092442601], [175.275335200787, -37.038086301467], [175.275362696436, -37.038065126506], [175.27539735713, -37.0380414438023], [175.275426495752, -37.038021453978], [175.275456922429, -37.0380013042464], [175.275485509789, -37.0379786663259], [175.275513750919, -37.0379557286203], [175.275542159878, -37.0379335176926], [175.275571484289, -37.0379114694404], [175.275599886282, -37.0378894028313], [175.275635643853, -37.0378636802335], [175.275667723279, -37.0378461754189], [175.275700910568, -37.0378292531676], [175.275731702733, -37.0378104301893], [175.27576157245, -37.0377897052628], [175.275791102183, -37.0377692662377], [175.275818951039, -37.0377501392234], [175.275845724305, -37.0377300054298], [175.275875225578, -37.0377108737289], [175.275908038881, -37.0376863250917], [175.275931695318, -37.0376664764044], [175.275960832957, -37.0376438278114], [175.275991624375, -37.0376163258364], [175.27601617805, -37.0375933956957], [175.276044585898, -37.037572662706], [175.27607507165, -37.0375572882595], [175.27608534036, -37.03755627916], [175.27615564931, -37.0375416364382], [175.276503068783, -37.0375410963054], [175.276841534151, -37.0376374661912], [175.276984420316, -37.0377148169655], [175.277106081637, -37.0378825089619], [175.277300156676, -37.0379893005069], [175.277567913649, -37.0380776738811], [175.27769662057, -37.0381262103623], [175.277867976076, -37.0381824280239], [175.277870287455, -37.0381825782955], [175.278069857937, -37.0381955529632], [175.278304297709, -37.0382335562683], [175.278402479418, -37.0383251853774], [175.278502184327, -37.0384677935085], [175.278549659388, -37.0386369092634], [175.278553215698, -37.0387558604664], [175.278556772028, -37.0388748116667], [175.278486392334, -37.0390036839182], [175.278413979229, -37.0390645849379], [175.278341820012, -37.0391339824317], [175.278303234963, -37.0392622446404], [175.278340365381, -37.0394400605905], [175.278461778548, -37.0395992544423], [175.278528419814, -37.0396999907763], [175.27866798185, -37.0397568189694], [175.278628126861, -37.0398425978013], [175.278577164874, -37.0399115881444], [175.278526457952, -37.0399890749592], [175.2785300144, -37.0401080261369], [175.278556799857, -37.0402945421415]]}, "properties": {"OBJECTID": 12274, "TRACKNAME": "Waharau Ridge Track", "CONDITIONSOFUSE": "Waharau Regional Park", "STATUS": "Open", "WEBLINK": "https://www.aucklandcouncil.govt.nz/en/parks-recreation/find-park-beach/park-detail/233.html", "VALIDATIONSTATE": 3, "created_user": "AC_owner", "last_edited_user": "AC_owner", "last_edited_date": 1789875254325, "created_date": 1789875254325, "PARK_SAPSITEID": null, "TRACK_ID": null, "KAURIDIEBACK_TRACK": null, "KAURIDIEBACK_MITIGATED": null, "SegmentID": null, "GlobalID": "ea4f6174-0d17-4a4b-aa49-2f37cc2c6fc8", "Shape__Length": 2417.579036184403, "_COUNCIL_TRACKNAME": "Waharau Ridge Track"}}, {"type": "Feature", "id": 12275, "geometry": {"type": "LineString", "coordinates": [[175.279433350501, -37.0444225608883], [175.279464295303, -37.0443779675767], [175.279466622594, -37.0442960362713], [175.279555488403, -37.0441164234645], [175.279662269597, -37.0440283204633], [175.279695836621, -37.0438338817581], [175.279707200706, -37.0436458991658], [175.279718317627, -37.0435278214165], [175.279773422273, -37.0433828702373], [175.279861241005, -37.043288940101], [175.279979450414, -37.0432048258984], [175.280121987047, -37.0431439374007], [175.280293152591, -37.0431204043402], [175.280367587119, -37.0431108618585], [175.280459007911, -37.0430869874247], [175.28054021216, -37.0430553334332], [175.280655034189, -37.0429850456308], [175.280718217425, -37.0429357854214], [175.280791426814, -37.042888324082], [175.281005151748, -37.0427940082675], [175.281096168384, -37.0427581546464], [175.281251746684, -37.0427149756326], [175.281335814533, -37.0426952524933], [175.281445053326, -37.0426829849545], [175.281562335697, -37.042688533261], [175.281697900479, -37.0427196673344], [175.281813532646, -37.0427512028177], [175.28191211963, -37.0427950887073], [175.282039456103, -37.0428803198538], [175.282124465946, -37.0429292163639], [175.282237307226, -37.0429880495782], [175.282365128129, -37.0430113559473], [175.282484651952, -37.0430128947416], [175.282678092747, -37.0429808724291], [175.282861635146, -37.0429550786528], [175.283072499135, -37.0429267127762], [175.283280868749, -37.0428984035661], [175.283514017264, -37.0428655883102], [175.28359599382, -37.0428578813016], [175.283829785209, -37.04284502449], [175.283910112688, -37.0428633227134], [175.284114641323, -37.0429469387055], [175.284243438775, -37.0430001813905], [175.284372806853, -37.0430837035575], [175.284509918349, -37.0432139948649], [175.284572427411, -37.043255950927], [175.284671962289, -37.0433190035818], [175.284906210497, -37.0434480718171], [175.285057242797, -37.0434955228008], [175.285318964011, -37.043575285806], [175.285442489528, -37.0435940122014], [175.285608488712, -37.043590551483], [175.285736763443, -37.0435505875421], [175.285847025596, -37.0434768498084], [175.285953401756, -37.0433676510728], [175.286046924343, -37.0432804739406], [175.286158068226, -37.043224905908], [175.28622829045, -37.0432083932784], [175.286314978537, -37.0431767287723], [175.286388973648, -37.0431529424167], [175.286509927159, -37.0431136956017], [175.286617846695, -37.0430608479668], [175.286773306821, -37.0429377692808], [175.286863502256, -37.042850664692], [175.286985588939, -37.042722957079], [175.287039872135, -37.0426552546376], [175.287102786172, -37.0426170274263], [175.287216037578, -37.0425556949141], [175.287334343911, -37.0425159485759], [175.287588588244, -37.0424680282558], [175.287752904528, -37.0424391947451], [175.287936823169, -37.0424435629291]]}, "properties": {"OBJECTID": 12275, "TRACKNAME": "Waharau Ridge Track", "CONDITIONSOFUSE": "Waharau Regional Park", "STATUS": "Open", "WEBLINK": "https://www.aucklandcouncil.govt.nz/en/parks-recreation/find-park-beach/park-detail/233.html", "VALIDATIONSTATE": 3, "created_user": "AC_owner", "last_edited_user": "AC_owner", "last_edited_date": 1789875254325, "created_date": 1789875254325, "PARK_SAPSITEID": null, "TRACK_ID": null, "KAURIDIEBACK_TRACK": null, "KAURIDIEBACK_MITIGATED": null, "SegmentID": null, "GlobalID": "af59ea71-3b4e-4e81-9ed7-c134f5aba511", "Shape__Length": 955.5190314218924, "_COUNCIL_TRACKNAME": "Waharau Ridge Track"}}, {"type": "Feature", "id": 12812, "geometry": {"type": "LineString", "coordinates": [[175.275292909673, -37.045360809027], [175.275355249368, -37.0453043164287], [175.275380552686, -37.0452889343227], [175.275413553682, -37.0452780900506], [175.275467342509, -37.0452642062469], [175.275520780505, -37.0452615405705], [175.275576182461, -37.0452617662107], [175.275619259731, -37.0452566496644], [175.275677736804, -37.0452600787323], [175.275732794102, -37.0452713510968], [175.275778492538, -37.045277954377], [175.275813229182, -37.045282686152], [175.275850082, -37.0452852413658], [175.275887924477, -37.0452862995415], [175.275922931779, -37.0452888000282], [175.275966677638, -37.0452917636536], [175.276018134825, -37.0452927948024], [175.276072596262, -37.0452939034515], [175.276113303462, -37.0452926264343], [175.27616077466, -37.0452896964764], [175.276196324087, -37.0452926551208], [175.276239720637, -37.0453008615508], [175.27627591721, -37.0453066646777], [175.276318591597, -37.0453144072841], [175.276353555782, -37.0453180981067], [175.276400344348, -37.045319038461], [175.276445402627, -37.0453102335665], [175.27647905088, -37.0453022425152], [175.276529381889, -37.0452859011423], [175.276567985199, -37.0452744172678], [175.276611646288, -37.0452745433782], [175.276644026592, -37.0452952360328], [175.276679131118, -37.045317922189], [175.276718517542, -37.0453413011908], [175.276741974839, -37.0453606240138], [175.276766331628, -37.0453814526563], [175.276796818453, -37.0453967201118], [175.276827815578, -37.0454019740057], [175.276864344469, -37.0453910525828], [175.276896555183, -37.0453695704259], [175.276916499239, -37.0453461968686], [175.276935829558, -37.0453184640821], [175.276958537279, -37.0452905042189], [175.27697864176, -37.0452623419907], [175.276993877018, -37.0452345256033], [175.277002460834, -37.0451989601022], [175.277008537447, -37.0451660292997], [175.277043529079, -37.0451059296781], [175.277151269814, -37.0449083369339], [175.277212441628, -37.0448566901401], [175.277253246555, -37.0448222389448], [175.277293635993, -37.0447881444945], [175.277437247976, -37.0447070147081], [175.277565469007, -37.0446522532067], [175.277791551925, -37.0446084725371], [175.277985985748, -37.0445914083174], [175.278308238763, -37.0445065482739], [175.278452260749, -37.0444384323045], [175.278559719606, -37.0443748129343], [175.278703483788, -37.0443518536957], [175.278799764846, -37.044323885622], [175.278956620366, -37.0443206279373], [175.279049539578, -37.0443426529113], [175.279199908499, -37.0443694857644], [175.27924621476, -37.0444144597957], [175.279292058237, -37.0444454644867], [175.279362464964, -37.0444455531686], [175.279433350501, -37.0444225608883]]}, "properties": {"OBJECTID": 12812, "TRACKNAME": "Waharau Ridge Track", "CONDITIONSOFUSE": "Waharau Regional Park", "STATUS": "Open", "WEBLINK": "https://www.aucklandcouncil.govt.nz/en/parks-recreation/find-park-beach/park-detail/233.html", "VALIDATIONSTATE": 3, "created_user": "AC_owner", "last_edited_user": "AC_owner", "last_edited_date": 1789875254325, "created_date": 1789875254325, "PARK_SAPSITEID": null, "TRACK_ID": null, "KAURIDIEBACK_TRACK": null, "KAURIDIEBACK_MITIGATED": null, "SegmentID": null, "GlobalID": "7ac1855e-2d4e-44d9-81c6-e4a40507f4e4", "Shape__Length": 435.82464770051797, "_COUNCIL_TRACKNAME": "Waharau Ridge Track"}}, {"type": "Feature", "id": 8902, "geometry": {"type": "LineString", "coordinates": [[175.00887132662, -36.7786176835836], [175.008747512666, -36.7786140463818], [175.008743550293, -36.778613429215], [175.008622232542, -36.7785779782405], [175.008620906964, -36.778577631992], [175.008591357449, -36.7785701346212], [175.008589811317, -36.7785701814674], [175.008561493225, -36.7785790826074], [175.008496857545, -36.7785980673135], [175.008496168868, -36.778599156021], [175.008508670089, -36.7786342359956], [175.008512305349, -36.7786437411888], [175.008511812845, -36.7786454773348], [175.008453911162, -36.7787007390109], [175.008450953935, -36.778731762767], [175.008403117677, -36.7787444554929], [175.008297025527, -36.7788180364052], [175.008226840079, -36.7788371128925], [175.008167738832, -36.7788070542513], [175.008111738227, -36.7788273251206], [175.008062122762, -36.778860162481], [175.008062092875, -36.7788601765055], [175.007743186221, -36.7789485890082], [175.007663168114, -36.778971776251], [175.007637914888, -36.7789778250318]]}, "properties": {"OBJECTID": 8902, "TRACKNAME": "Waikare Accesss Track", "CONDITIONSOFUSE": "Waikare Reserve Accessway", "STATUS": "Open", "WEBLINK": "https://www.aucklandcouncil.govt.nz/en/parks-recreation/find-park-beach/park-detail/1122.html", "VALIDATIONSTATE": 3, "created_user": "AC_owner", "last_edited_user": "AC_owner", "last_edited_date": 1789875254325, "created_date": 1789875254325, "PARK_SAPSITEID": null, "TRACK_ID": null, "KAURIDIEBACK_TRACK": null, "KAURIDIEBACK_MITIGATED": null, "SegmentID": null, "GlobalID": "3211725e-3001-4800-91ae-a2073d5f0cc8", "Shape__Length": 132.9206446094471, "_COUNCIL_TRACKNAME": "Waikare Accesss Track"}}, {"type": "Feature", "id": 1185, "geometry": {"type": "LineString", "coordinates": [[174.479091582804, -36.9014691199625], [174.479131063696, -36.9014584879132], [174.479152789778, -36.9014531246244], [174.479173587316, -36.9014479171137], [174.479193467882, -36.9014428832649], [174.479212419906, -36.9014380051952], [174.479230454957, -36.9014333007883], [174.479247572687, -36.9014287520216], [174.479263762051, -36.9014243680467], [174.479279023222, -36.9014201578755], [174.479293367074, -36.9014161033457], [174.47930679378, -36.9014122134689], [174.479319292295, -36.9014084973969], [174.479330862269, -36.9014049371069], [174.47934152632, -36.9014015413311], [174.479351250785, -36.901398310489], [174.479360069327, -36.9013952441617], [174.479367948457, -36.9013923517801], [174.479374921489, -36.901389614902], [174.479380966158, -36.9013870428187], [174.479386082461, -36.9013846355303], [174.479390504297, -36.9013822999867], [174.4793948662, -36.9013797668871], [174.479399223927, -36.9013770175098], [174.479403566082, -36.9013740429829], [174.479407915457, -36.9013708610501], [174.479412238039, -36.9013674541074], [174.479416556619, -36.9013638398986], [174.479420870848, -36.9013600004004], [174.47942516968, -36.9013559447643], [174.479429464162, -36.9013516638388], [174.47943374342, -36.9013471757869], [174.479438018501, -36.9013424714572], [174.479442289232, -36.9013375418383], [174.479446544566, -36.9013323960813], [174.479450784676, -36.9013270431979], [174.479455020435, -36.9013214650252], [174.479459251844, -36.9013156615632], [174.479463468029, -36.9013096509748], [174.479467668816, -36.9013034242484], [174.479471876473, -36.9012969720929], [174.479476069081, -36.9012903218226], [174.47948036163, -36.901283616225], [174.479484754817, -36.9012768913463], [174.479489271258, -36.9012701559187], [174.479493899383, -36.9012633920587], [174.47949863954, -36.9012566177894], [174.479503491556, -36.9012498240993], [174.47950845543, -36.9012430109884], [174.479513531162, -36.9012361784566], [174.479518718753, -36.9012293265039], [174.479524018376, -36.9012224641419], [174.479529429858, -36.901215582359], [174.479534953197, -36.9012086811552], [174.479540599616, -36.9012017603907], [174.479546346672, -36.901194820345], [174.479552205586, -36.9011878608783], [174.479558187753, -36.9011808908625], [174.479564270557, -36.9011739015654], [174.479570476266, -36.901166883696], [174.479576794006, -36.9011598554171], [174.479583212558, -36.9011528168686], [174.479589719657, -36.9011457141206], [174.479596292512, -36.9011385294297], [174.479602920077, -36.901131271947], [174.4796096134, -36.9011239325214], [174.479616361258, -36.9011165112924], [174.479623174873, -36.9011090081205], [174.479630043198, -36.9011014321568], [174.479636965884, -36.9010937653782], [174.479643965722, -36.9010860255284], [174.479651008876, -36.9010782040151], [174.479658129006, -36.9010703004189], [174.479665303847, -36.9010623240309], [174.479672533048, -36.901054256828], [174.479679828181, -36.9010461166936], [174.479687177849, -36.9010378947558], [174.479694593273, -36.9010295908748], [174.479702063233, -36.9010212051905], [174.479709599123, -36.9010127465745], [174.479717189375, -36.9010041971436], [174.479724845556, -36.9009955747811], [174.47973245755, -36.9009869890235], [174.4797397725, -36.9009787134325], [174.479746779361, -36.9009707571596], [174.479753500575, -36.9009631199253], [174.479759913525, -36.9009557929975], [174.479766040828, -36.9009487851084], [174.479771848821, -36.9009420966774], [174.479777371168, -36.9009357272851], [174.479782585252, -36.9009296681995], [174.479787502468, -36.9009239282926], [174.479792122817, -36.9009185075642], [174.479796446298, -36.9009134060146], [174.479800461692, -36.9009086237834], [174.479804191265, -36.9009041515796], [174.47980760153, -36.9008999988341], [174.479810726148, -36.9008961651276], [174.4798135539, -36.9008926505999], [174.47981607339, -36.9008894463792], [174.479818296014, -36.9008865613374], [174.47982021055, -36.9008839956142], [174.479821881538, -36.9008816041859], [174.479823582267, -36.9008784281922], [174.479825376753, -36.9008742955747], [174.479827264649, -36.9008691883103], [174.479829235081, -36.9008631245619], [174.479831299096, -36.900856095178], [174.479833456695, -36.9008481001587], [174.47983569683, -36.9008391486555], [174.479838030548, -36.9008292315168], [174.479840457848, -36.9008183487427], [174.479842967511, -36.9008065004729], [174.479845582151, -36.9007936954395], [174.479848279153, -36.9007799249105], [174.479851058516, -36.9007651888857], [174.479853942857, -36.9007494960973], [174.479856898338, -36.9007328379531], [174.479859958621, -36.9007152140335], [174.479863112486, -36.9006966244784], [174.479866348886, -36.9006770784392], [174.479869678868, -36.9006565667645], [174.479873091732, -36.9006351166288], [174.479876610802, -36.9006139355818], [174.479880214947, -36.9005936728757], [174.479883937656, -36.9005743190795], [174.479887745614, -36.9005558926358], [174.479891660914, -36.9005383752418], [174.479895672511, -36.900521776049], [174.479899780404, -36.9005060950572], [174.479903995813, -36.9004913321266], [174.479908296299, -36.900477487537], [174.479912704301, -36.9004645610086], [174.479917219647, -36.9004525435299], [174.479921820243, -36.9004414534036], [174.479926528182, -36.900431272327], [174.479931343638, -36.9004220093116], [174.479936244171, -36.9004136646371], [174.479941252221, -36.9004062380237], [174.479946356569, -36.9003997296114], [174.47995155704, -36.9003941303884], [174.479956865203, -36.9003894582382], [174.47996225827, -36.9003856954172], [174.479967650907, -36.9003824914528], [174.479972817913, -36.9003792272031], [174.479977759288, -36.9003759026681], [174.479982497474, -36.9003725175683], [174.479986998809, -36.900369072323], [174.479991296779, -36.9003655575013], [174.479995369119, -36.9003619823945], [174.479999215829, -36.9003583470025], [174.480002859175, -36.9003546420341], [174.480006265669, -36.9003508769205], [174.480009468975, -36.9003470512421], [174.480012446649, -36.9003431652786], [174.48001520974, -36.9003392098787], [174.4800177472, -36.9003351941938], [174.48002007025, -36.9003311180839], [174.480022167495, -36.9003269726775], [174.480024050331, -36.9003227668463], [174.480025718757, -36.9003185005902], [174.480027161552, -36.9003141740492], [174.480028389764, -36.9003097780717], [174.480029481762, -36.9003053026678], [174.480030918464, -36.9003006607219], [174.480032755452, -36.9002958245003], [174.480034981853, -36.900290812166], [174.480037608713, -36.9002856145675], [174.480040624638, -36.9002802228331], [174.480044029975, -36.9002746549859], [174.480047835772, -36.9002689018744], [174.480052042027, -36.9002629634987], [174.48005663752, -36.9002568399985], [174.480061633473, -36.9002505312339], [174.480067018662, -36.9002440373447], [174.480072804311, -36.9002373581911], [174.480078979371, -36.9002305029244], [174.480085543494, -36.9002234535213], [174.480092519296, -36.9002162187138], [174.480099873289, -36.9002088079328], [174.480107638785, -36.9002012027357], [174.480115782472, -36.9001934215649], [174.480124337837, -36.9001854549894], [174.480133260345, -36.9001773215915], [174.480142390392, -36.9001694740464], [174.480151619254, -36.9001620939836], [174.480160969198, -36.9001551721119], [174.480170418131, -36.9001487267339], [174.4801799771, -36.9001427486983], [174.480189657325, -36.9001372378652], [174.480199436367, -36.9001321945142], [174.480209336665, -36.9001276183657], [174.480219335605, -36.9001235006877], [174.480229444755, -36.9001198593635], [174.480239675163, -36.9001166852416], [174.480250004387, -36.9001139786017], [174.480260454869, -36.9001117391641], [174.480271015215, -36.9001099580571], [174.480281674551, -36.9001086534434], [174.480292455145, -36.900107816032], [174.480303334557, -36.9001074461024], [174.480314335053, -36.9001075343634], [174.480325445762, -36.9001080989778], [174.480336655289, -36.900109131074], [174.480347935273, -36.9001103245383], [174.480359233868, -36.9001113194674], [174.480370551074, -36.9001121158613], [174.480381875496, -36.9001127048484], [174.480393207309, -36.9001130954401], [174.480404557733, -36.9001132874967], [174.480415926593, -36.9001132720065], [174.480427302843, -36.9001130581209], [174.480438697703, -36.9001126457002], [174.480450099779, -36.9001120258726], [174.480461520466, -36.9001112075098], [174.480472959763, -36.9001101906118], [174.480484406275, -36.9001089663069], [174.480495860177, -36.9001075436066], [174.480507332514, -36.9001059133596], [174.480518823636, -36.9001040935889], [174.480530321798, -36.9001020573998], [174.480541838744, -36.9000998316871], [174.480553362905, -36.9000973985674], [174.480564905676, -36.9000947669125], [174.480576367464, -36.9000920100735], [174.480587394958, -36.9000894299074], [174.480597966414, -36.9000870627401], [174.480608070263, -36.9000848906886], [174.480617729121, -36.9000829224848], [174.480626920371, -36.9000811493969], [174.480635655584, -36.9000795893084], [174.480643934411, -36.9000782241962], [174.4806517572, -36.9000770720835], [174.480659112383, -36.9000761150871], [174.480666011181, -36.9000753530674], [174.480672453941, -36.9000748040474], [174.480678429268, -36.9000744591555], [174.480683959431, -36.9000743091006], [174.480689022163, -36.900074363174], [174.480693628682, -36.9000746212358], [174.48069776777, -36.9000750834261], [174.480701461868, -36.900075749465], [174.480704688359, -36.9000766106209], [174.480707458813, -36.900077684777], [174.480709817765, -36.9000789533508], [174.480712303625, -36.9000804006172], [174.480715095749, -36.9000820153271], [174.480718194311, -36.9000838064918], [174.480721587916, -36.9000857652397], [174.480725287959, -36.9000879004424], [174.480729294092, -36.9000901940768], [174.480733595616, -36.9000926733175], [174.480738203405, -36.9000953200013], [174.480743117457, -36.9000981341282], [174.480748326554, -36.9001011158381], [174.480753842088, -36.9001042740027], [174.480759664061, -36.9001076086218], [174.480765792298, -36.9001111106839], [174.48077221558, -36.9001147803287], [174.480778933905, -36.9001186175564], [174.480785969889, -36.9001226310985], [174.480793301092, -36.9001268212348], [174.48080093856, -36.9001311788138], [174.480808871071, -36.9001357039753], [174.480817121069, -36.9001403964396], [174.480825346536, -36.9001449810442], [174.480833306791, -36.9001491993912], [174.480840979218, -36.900153042749], [174.480848375386, -36.9001565290007], [174.480855494772, -36.9001596311118], [174.480862337898, -36.9001623761171], [174.480868893371, -36.9001647551448], [174.480875172235, -36.9001667590435], [174.480881174665, -36.900168396825], [174.480886900661, -36.9001696684892], [174.480892338828, -36.9001705651645], [174.480897500561, -36.9001710957226], [174.480902386033, -36.9001712691751], [174.480906983502, -36.9001710586273], [174.480911315932, -36.900170490834], [174.480915360532, -36.9001695480521], [174.480919128872, -36.9001682481647], [174.480922609208, -36.9001665642771], [174.480925813283, -36.9001645232841], [174.480928740924, -36.9001621161741], [174.480931506426, -36.9001594496872], [174.480934385701, -36.9001568629053], [174.48093740119, -36.9001543555489], [174.480940553067, -36.9001519366294], [174.480943852379, -36.9001495969954], [174.480947288079, -36.9001473457984], [174.480950848947, -36.9001451831781], [174.480954557424, -36.9001431088548], [174.480958402114, -36.9001411139568], [174.480962383193, -36.9001392074957], [174.48096650066, -36.9001373894714], [174.480970765562, -36.9001356507325], [174.480975155631, -36.9001340005704], [174.480979693309, -36.9001324387051], [174.480984367376, -36.9001309652766], [174.480989177656, -36.9001295712734], [174.480994124325, -36.9001282657069], [174.480999207208, -36.9001270395656], [174.481004426653, -36.9001259108725], [174.481009782313, -36.9001248616047], [174.481015251397, -36.9001238740186], [174.481020505201, -36.9001227809514], [174.481025486749, -36.9001215380449], [174.481030184823, -36.9001201454389], [174.481034621863, -36.9001186028538], [174.481038775427, -36.9001169105692], [174.481042656737, -36.9001150684455], [174.481046254572, -36.9001130766224], [174.481049591372, -36.9001109348202], [174.481052644698, -36.9001086433188], [174.481055425769, -36.9001062019782], [174.481057934585, -36.9001036107985], [174.481060159926, -36.9001008699196], [174.481062113013, -36.9000979792016], [174.481063794019, -36.9000949476561], [174.481065202597, -36.9000917572599], [174.481066327699, -36.9000884171646], [174.481067180547, -36.9000849272302], [174.481067761141, -36.9000812874568], [174.481068069654, -36.9000775068559], [174.481068094519, -36.9000735675443], [174.481068007599, -36.9000690707749], [174.481067905176, -36.9000637719764], [174.481067787076, -36.9000576621375], [174.481067653473, -36.9000507502695], [174.48106750402, -36.9000430183493], [174.481067339063, -36.9000344844001], [174.48106715843, -36.9000251394104], [174.481066962294, -36.9000149923916], [174.481066750481, -36.9000040343321], [174.481066522992, -36.8999922652321], [174.481066279825, -36.8999796850915], [174.481066020982, -36.8999662939103], [174.481065746636, -36.8999521007], [174.481065456614, -36.8999370964491], [174.481065150915, -36.8999212811575], [174.481064829714, -36.8999046638369], [174.481064492836, -36.8998872354756], [174.481064140281, -36.8998689960737], [174.48106377205, -36.8998499456311], [174.481063388317, -36.8998300931594], [174.481063054241, -36.8998099065603], [174.481062889447, -36.899790348812], [174.48106289428, -36.8997714379377], [174.481063091358, -36.8997531826689], [174.481063447192, -36.8997355924372], [174.481063995095, -36.8997186487995], [174.481064701406, -36.8997023521757], [174.481065600134, -36.8996867201692], [174.48106666849, -36.8996717350366], [174.481067906649, -36.8996574057895], [174.481069325655, -36.8996437232764], [174.481070925858, -36.8996307055205], [174.481072695689, -36.8996183346385], [174.481074646542, -36.8996066195022], [174.481076767197, -36.8995955602513], [174.481079068699, -36.8995851477345], [174.481081540178, -36.8995754001147], [174.481084192505, -36.8995662992289], [174.481087014459, -36.899557845217], [174.481090017609, -36.8995500559623], [174.481093109231, -36.8995427793872], [174.481095758377, -36.8995352559443], [174.481097883543, -36.8995273334163], [174.481099496297, -36.8995190296865], [174.481100574024, -36.8995103360231], [174.4811011169, -36.8995012614376], [174.48110114719, -36.8994917966388], [174.481100653675, -36.8994819417665], [174.481099636529, -36.8994717058322], [174.481098084358, -36.8994610799643], [174.481096019602, -36.899450063883], [174.481093419996, -36.8994386668795], [174.481090296585, -36.8994268798024], [174.481086660591, -36.8994147025117], [174.481082489747, -36.8994021442988], [174.4810777951, -36.899389196012], [174.48107257665, -36.8993758576514], [174.481066834572, -36.8993621382284], [174.481060568691, -36.8993480287314], [174.481053767788, -36.8993335293], [174.481046477268, -36.8993186664095], [174.481039291218, -36.8993039824907], [174.48103251799, -36.899289753125], [174.481026168803, -36.8992759781727], [174.481020243658, -36.8992626576338], [174.481014720113, -36.8992497917881], [174.481009620434, -36.8992373713444], [174.481004944969, -36.8992254143259], [174.481000682324, -36.899213911861], [174.480996832325, -36.8992028549381], [174.480993406539, -36.8991922614406], [174.480990393397, -36.8991821134852], [174.480987793249, -36.8991724290951], [174.480985616965, -36.8991631901074], [174.480983853499, -36.8991544056734], [174.480982503025, -36.8991460848049], [174.480981576416, -36.8991382093387], [174.480981073845, -36.8991307882866], [174.480980972871, -36.8991238219282], [174.480981295934, -36.8991173099838], [174.480982043036, -36.8991112524534], [174.480982930878, -36.8991055086491], [174.480983585356, -36.8990998849327], [174.480984006122, -36.8990943632811], [174.480984171082, -36.8990889619971], [174.480984102504, -36.8990836717896], [174.480983778121, -36.8990785019497], [174.480983220025, -36.8990734341746], [174.480982428391, -36.8990684774758], [174.480981380953, -36.8990636411447], [174.480980088756, -36.8990589160298], [174.480978562846, -36.8990542929797], [174.480976792353, -36.8990497901573], [174.4809747771, -36.8990453985511], [174.480972517264, -36.8990411271726], [174.480970012495, -36.8990369579987], [174.480967274188, -36.8990328999011], [174.480964280077, -36.8990289621711], [174.480961052427, -36.8990251355172], [174.480957579846, -36.8990214110679], [174.48095386268, -36.8990178068462], [174.480949977905, -36.8990142407689], [174.480946221854, -36.8990103666197], [174.480942616096, -36.899006139061], [174.48093918342, -36.8990015758363], [174.480935912432, -36.8989966680738], [174.480932803133, -36.8989914157735], [174.480929855695, -36.8989858279471], [174.480927069771, -36.8989798865714], [174.480924456756, -36.8989736005182], [174.480921994208, -36.8989669700671], [174.480919693522, -36.8989600040899], [174.480917565571, -36.8989526844235], [174.480915588261, -36.8989450293709], [174.480913783859, -36.8989370296408], [174.480912140971, -36.8989286763615], [174.480910659946, -36.8989199875561], [174.480909340608, -36.8989109542131], [174.480908182958, -36.8989015763324], [174.480907186995, -36.898891853914], [174.480906352721, -36.898881786958], [174.480905680482, -36.8988713934876], [174.480905195158, -36.8988607993848], [174.480904909363, -36.8988500766022], [174.480904823096, -36.89883922514], [174.480904924964, -36.8988282361264], [174.480905226185, -36.8988171094215], [174.480905715714, -36.8988058541768], [174.480906404771, -36.8987944702523], [174.480907293008, -36.8987829396251], [174.480908369727, -36.8987712894695], [174.480909645799, -36.8987595016227], [174.480911110005, -36.8987475762245], [174.480912773738, -36.8987355221466], [174.480914636825, -36.8987233303773], [174.480916688219, -36.8987110100682], [174.480918938966, -36.8986985520678], [174.480921389066, -36.898685956376], [174.480924027647, -36.898673241156], [174.480926854186, -36.8986603793729], [174.480929891473, -36.8986473887701], [174.480933117066, -36.8986342696274], [174.480936568284, -36.898621210768], [174.480940294188, -36.8986084279099], [174.480944294952, -36.8985959300646], [174.480948559355, -36.898583717372], [174.480953098444, -36.8985717806806], [174.480957901173, -36.8985601291419], [174.480962978587, -36.8985487536043], [174.480968330861, -36.8985376630795], [174.480973946774, -36.8985268577072], [174.480979837372, -36.8985163283359], [174.48098599161, -36.8985060841172], [174.480992420532, -36.8984961158994], [174.480999124314, -36.8984864326941], [174.481006091561, -36.8984770256296], [174.481013333667, -36.8984679035775], [174.481020839238, -36.8984590576662], [174.481028619669, -36.8984504967671], [174.481036674958, -36.8984422208803], [174.481044993712, -36.8984342211341], [174.481053587151, -36.8984264973884], [174.481062442836, -36.8984189867023], [174.481071577633, -36.8984114004257], [174.481080969102, -36.8984037388384], [174.481090617069, -36.8983959929287], [174.481100543973, -36.8983881624169], [174.481110727374, -36.8983802475826], [174.481121178493, -36.898372248286], [174.481131897503, -36.8983641735384], [174.48114287301, -36.8983560144681], [174.481154116234, -36.8983477709353], [174.481165627175, -36.8983394429397], [174.481177406007, -36.8983310394929], [174.481189452381, -36.8983225425718], [174.481201755425, -36.8983139703391], [174.481214326186, -36.8983053136435], [174.481227164664, -36.8982965724847], [174.481240259637, -36.8982877470027], [174.48125363372, -36.8982788459291], [174.481267264125, -36.8982698515205], [174.481281151199, -36.8982607818], [174.481295306512, -36.8982516546506], [174.481309532104, -36.8982426798567], [174.481323784663, -36.8982339390819], [174.481338086454, -36.898225423035], [174.481352403819, -36.8982171321355], [174.48136677059, -36.8982090749754], [174.481381163981, -36.8982012338113], [174.481395595558, -36.8981936265264], [174.481410053755, -36.8981862352374], [174.481424550139, -36.8981790778276], [174.481439084537, -36.8981721452854], [174.481453645728, -36.8981654377507], [174.481468233887, -36.8981589642351], [174.481482871106, -36.8981527064355], [174.481497535293, -36.8981466826549], [174.481512226274, -36.8981408838818], [174.481526966489, -36.8981353098362], [174.481541722278, -36.898129960938], [174.481556527302, -36.8981248367674], [174.48157135912, -36.8981199376041], [174.481586229128, -36.8981152723198], [174.481600981809, -36.8981109239777], [174.481615540016, -36.89810696565], [174.481629870262, -36.8981034067681], [174.481643994815, -36.8981002380406], [174.481657913675, -36.8980974594676], [174.481671604575, -36.8980950803407], [174.481685101002, -36.8980930912284], [174.481698369296, -36.8980914925507], [174.481711432072, -36.8980902930393], [174.481724277935, -36.8980894838228], [174.481736918106, -36.8980890647611], [174.481749341539, -36.8980890450059], [174.481761559454, -36.8980894244173], [174.481773560283, -36.8980901851122], [174.481785344375, -36.8980913451137], [174.481796922776, -36.8980928952705], [174.48180828444, -36.898094844734], [174.481819440413, -36.8980971843528], [174.481830379475, -36.898099914267], [174.4818411018, -36.8981030434881], [174.481851568848, -36.8981063201124], [174.481861679705, -36.8981091685197], [174.481871433847, -36.8981115616753], [174.481880820053, -36.8981134997195], [174.481889838498, -36.8981149916639], [174.481898500053, -36.8981160193453], [174.481906804892, -36.8981165917755], [174.481914741969, -36.8981167181061], [174.481922310936, -36.898116380314], [174.481929523361, -36.8981155962825], [174.481936378896, -36.8981143479885], [174.481942855447, -36.8981126537351], [174.481948986503, -36.898110504091], [174.481954738402, -36.8981078994761], [174.481960144804, -36.8981048394704], [174.481965172049, -36.8981013244941], [174.481969853798, -36.8980973541272], [174.481974156389, -36.8980929287897], [174.481978102264, -36.8980880482017], [174.481981691422, -36.8980827123632], [174.481984947175, -36.898076966052], [174.481988089157, -36.8980711400366], [174.481991196955, -36.8980652874063], [174.481994236908, -36.8980594085811], [174.481997220585, -36.8980535214441], [174.482000147463, -36.8980475989607], [174.482003029285, -36.8980416680256], [174.482005854483, -36.8980357107557], [174.482008623056, -36.8980297271508], [174.48201133518, -36.8980237262227], [174.482013990853, -36.8980177079714], [174.482016589901, -36.8980116633851], [174.48201914372, -36.8980056013356], [174.482021640914, -36.8979995129513], [174.482024081658, -36.8979934072437], [174.482026454732, -36.8979872843528], [174.482028793622, -36.8979811348471], [174.482031064667, -36.8979749591466], [174.482033279436, -36.8979687751344], [174.482035448801, -36.8979625646474], [174.482037550322, -36.8979563279655], [174.482039470576, -36.8979500034077], [174.482041118929, -36.897943547036], [174.482042495383, -36.8979369588504], [174.482043599936, -36.8979302388509], [174.48204443259, -36.8979233870376], [174.482045004564, -36.8979164032704], [174.482045304638, -36.8979092876893], [174.482045332812, -36.8979020402944], [174.482045089261, -36.8978946700971], [174.482044573636, -36.8978871590744], [174.482043797506, -36.8978795251094], [174.482042738082, -36.897871750459], [174.482041418153, -36.8978638528662], [174.482039826151, -36.897855814448], [174.482037962424, -36.8978476532273], [174.482035838018, -36.8978393600528], [174.482033430493, -36.8978309352043], [174.482030762115, -36.8978223693903], [174.482027822013, -36.8978136807738], [174.482024610012, -36.8978048603434], [174.48202122814, -36.8977959609084], [174.482017823828, -36.8977870617532], [174.482014419692, -36.8977781716096], [174.48201099329, -36.8977692907573], [174.482007566889, -36.8977604099048], [174.482004118223, -36.8977515383438], [174.482000669906, -36.8977426848057], [174.481997210196, -36.8977338223959], [174.481993739615, -36.8977249781491], [174.481990269034, -36.8977161339022], [174.481986776363, -36.8977073079582], [174.481983272472, -36.897698482154], [174.481979768582, -36.8976896563498], [174.481976253822, -36.8976808487085], [174.481972716621, -36.8976720413469], [174.481969179596, -36.8976632429969], [174.481965631526, -36.8976544537982], [174.481962083631, -36.8976456736109], [174.481958513296, -36.8976368937035], [174.481954931917, -36.8976281229474], [174.48195137385, -36.8976193969691], [174.481947909553, -36.8976108771368], [174.481944562165, -36.8976025992168], [174.481941331336, -36.8975945451861], [174.481938228635, -36.8975867329277], [174.481935231622, -36.8975791627217], [174.481932362388, -36.8975718162649], [174.481929610062, -36.8975647117206], [174.48192697447, -36.8975578400771], [174.481924455785, -36.897551210346], [174.481922053833, -36.8975448135158], [174.481919779834, -36.8975386494465], [174.481917622569, -36.8975327182781], [174.481915570991, -36.8975270291621], [174.481913647366, -36.897521572807], [174.481911840475, -36.8975163493528], [174.481910161536, -36.8975113586596], [174.481908588285, -36.8975066100188], [174.481907131766, -36.8975020942789], [174.4819058032, -36.8974978113], [174.481904591368, -36.897493761222], [174.481903459122, -36.8974897642336], [174.481902393674, -36.8974857393707], [174.481901406245, -36.8974816864933], [174.481900485614, -36.8974776057415], [174.481899643002, -36.8974734969752], [174.481898856142, -36.8974693694859], [174.4818981473, -36.8974652139821], [174.481897516303, -36.8974610214523], [174.481896952278, -36.8974568100596], [174.481896455225, -36.897452579804], [174.481896024796, -36.8974483126623], [174.481895672386, -36.8974440175061], [174.481895398168, -36.8974397033471], [174.481895179529, -36.8974353614536], [174.481895038907, -36.8974309915456], [174.481894965084, -36.8974265937631], [174.481894958059, -36.8974221681061], [174.481895029227, -36.8974177234462], [174.481895167018, -36.8974132419003], [174.481895383002, -36.8974087413515], [174.481895631426, -36.8974041773019], [174.481895877585, -36.8973994961019], [174.481896110432, -36.8973947069031], [174.481896341189, -36.8973898095657], [174.481896558459, -36.8973847952178], [174.481896773638, -36.8973796727312], [174.481896975332, -36.8973744332342], [174.481897174934, -36.8973690855985], [174.481897372446, -36.897363629824], [174.481897556471, -36.8973580570392], [174.481897738231, -36.897352367104], [174.48189790668, -36.8973465691701], [174.481898073037, -36.8973406630974], [174.481898237129, -36.8973346398744], [174.481898387909, -36.8973285086526], [174.481898536598, -36.897322269292], [174.481898671802, -36.8973159129211], [174.48189880474, -36.8973094393999], [174.481898935761, -36.8973028667514], [174.481899053122, -36.8972961680811], [174.481899212576, -36.8972893246658], [174.481899601553, -36.8972821629066], [174.48190025319, -36.8972746553488], [174.481901156617, -36.8972668201556], [174.481902300265, -36.8972586394436], [174.481903706922, -36.8972501309563], [174.481905365019, -36.8972412768103], [174.481907263684, -36.8972320951687], [174.481909425185, -36.8972225767401], [174.481911838125, -36.8972127126528], [174.481914502854, -36.89720252093], [174.481917419197, -36.89719199256], [174.481920587154, -36.8971811275429], [174.481924017945, -36.8971699257387], [174.481927688955, -36.8971583784157], [174.481931611753, -36.897146503457], [174.481935786164, -36.8971342918511], [174.481940223409, -36.897121743458], [174.481944901046, -36.8971088585576], [174.481949841517, -36.8970956368698], [174.481955000811, -36.8970821240125], [174.481960064873, -36.8970689097963], [174.481964925163, -36.8970561848637], [174.481969581854, -36.8970439582264], [174.481974023553, -36.8970322210127], [174.481978261829, -36.8970209911058], [174.481982296158, -36.8970102414711], [174.481986127064, -36.8969999991433], [174.481989742978, -36.8969902462392], [174.481993155295, -36.8969809916305], [174.481996364014, -36.8969722353171], [174.481999357742, -36.8969639684276], [174.482002147874, -36.8969561998334], [174.482004734234, -36.8969489205231], [174.482007116997, -36.8969421395082], [174.482009284944, -36.8969358569287], [174.48201124912, -36.8969300636331], [174.482013009874, -36.8969247776445], [174.482014555463, -36.8969199720682], [174.482015908851, -36.896915673659], [174.482017047247, -36.8969118646737], [174.48201816512, -36.8969081550955], [174.482019434498, -36.8969041551876], [174.482020866773, -36.8968998738217], [174.482022461947, -36.8968953109976], [174.482024208625, -36.8968904578438], [174.482026106807, -36.8968853143603], [174.482028179107, -36.8968798892787], [174.48203039169, -36.8968741740074], [174.482032778392, -36.8968681771379], [174.482035305377, -36.8968618900787], [174.48203800648, -36.8968553214214], [174.482040859087, -36.8968484624343], [174.482043863371, -36.896841322129], [174.482047030379, -36.8968338913539], [174.48205036011, -36.8968261701091], [174.482053841693, -36.8968181765576], [174.482057485824, -36.8968098835247], [174.482061281633, -36.8968013091736], [174.482065240339, -36.8967924533642], [174.482069350374, -36.8967832982134], [174.482073580168, -36.8967739522798], [174.482077788567, -36.8967646606955], [174.482081975745, -36.8967554324719], [174.482086130482, -36.896746267749], [174.482090263997, -36.8967371663869], [174.482094365246, -36.8967281375372], [174.482098445274, -36.8967191720482], [174.482102504081, -36.89671026992], [174.482106530447, -36.8967014312925], [174.482110524546, -36.8966926651774], [174.482114508644, -36.896683962283], [174.482118460476, -36.896675331901], [174.482122379692, -36.8966667560082], [174.482126277862, -36.8966582524878], [174.482130143591, -36.8966498124681], [174.482133999319, -36.8966414356692], [174.48213781156, -36.8966331315227], [174.482141602581, -36.8966248907369], [174.48214537238, -36.896616713312], [174.482149121133, -36.8966086082594], [174.48215284884, -36.8966005755792], [174.482156714498, -36.8965927124387], [174.48216074107, -36.8965850455927], [174.482164939777, -36.896577574901], [174.482169299223, -36.8965702914922], [174.482173830977, -36.8965632132494], [174.482178534691, -36.8965563221493], [174.48218339932, -36.8965496273436], [174.482188436082, -36.8965431286923], [174.482193633759, -36.8965368263352], [174.482199003395, -36.8965307111209], [174.482204534119, -36.8965248012124], [174.482210236804, -36.8965190784465], [174.482216100402, -36.8965135519749], [174.482222136135, -36.8965082216575], [174.482228343827, -36.8965030784827], [174.482234712607, -36.8964981406136], [174.482241253348, -36.896493389887], [174.482247955177, -36.8964888444661], [174.482254817745, -36.8964844863277], [174.482261863494, -36.8964803151917], [174.482268754253, -36.8964762541541], [174.482275297365, -36.8964722064676], [174.48228149318, -36.8964681901555], [174.482287330476, -36.8964642053577], [174.48229280908, -36.8964602430627], [174.482297940211, -36.8964563031306], [174.482302712825, -36.8964523947131], [174.482307137966, -36.8964485086586], [174.482311215636, -36.8964446449671], [174.482314923742, -36.8964408219417], [174.482318295421, -36.8964370121279], [174.482321297364, -36.8964332339688], [174.482323963054, -36.8964294780329], [174.482326259007, -36.8964257537516], [174.482328207488, -36.8964220518336], [174.482329808671, -36.8964183812904], [174.482331051163, -36.8964147332503], [174.482331946184, -36.8964111075735], [174.482332482687, -36.8964075134115], [174.482332660498, -36.8964039417527], [174.482332657395, -36.8964003002415], [174.482332828583, -36.8963963861434], [174.482333184933, -36.8963921812952], [174.482333726444, -36.8963876856969], [174.482334453292, -36.8963829083602], [174.482335354082, -36.8963778404133], [174.482336451427, -36.896372490588], [174.482337734109, -36.8963668590241], [174.482339190558, -36.8963609278386], [174.482340843563, -36.8963547147746], [174.482342681904, -36.896348219972], [174.482344694187, -36.8963414345594], [174.482346903025, -36.8963343672681], [174.482349285805, -36.8963270093668], [174.48235186514, -36.8963193695869], [174.482354629636, -36.8963114390568], [174.482357568074, -36.8963032179166], [174.482360691847, -36.8962947150377], [174.482364012175, -36.8962859302803], [174.482367506444, -36.8962768549127], [174.482371185525, -36.8962674707717], [174.482374968786, -36.8962576706987], [174.482378855879, -36.8962474366704], [174.482382846629, -36.8962367596755], [174.48238692999, -36.8962256488653], [174.482391117009, -36.8962140950884], [174.482395407858, -36.8962021073562], [174.482399791145, -36.8961896767972], [174.482404289308, -36.8961768031314], [174.482408869036, -36.896163504802], [174.482413563466, -36.8961497543541], [174.482418350506, -36.896135570091], [174.482423241377, -36.8961209518725], [174.482428235904, -36.8961058906872], [174.482433323041, -36.8960903956866], [174.482438513834, -36.8960744577191], [174.482443808282, -36.8960580767847], [174.48244920656, -36.8960412618949], [174.482454697448, -36.8960240131898], [174.482460291991, -36.8960063215177], [174.482465979317, -36.8959882050418], [174.482471681696, -36.8959702866799], [174.482477327039, -36.8959529008401], [174.482482937435, -36.8959360292192], [174.482488502016, -36.8959196899802], [174.482494020605, -36.8959038741117], [174.482499493204, -36.8958885816137], [174.482504919986, -36.8958738214977], [174.482510311824, -36.8958595756006], [174.482515657846, -36.8958458620856], [174.482520946658, -36.895832672081], [174.482526200874, -36.8958200143186], [174.482531408926, -36.895807870915], [174.482536582383, -36.8957962597535], [174.482541698455, -36.895785163091], [174.482546768887, -36.8957746078221], [174.482551804375, -36.8957645667722], [174.482556793873, -36.8957550490928], [174.482561737557, -36.8957460637955], [174.482566635251, -36.8957376018687], [174.482571486957, -36.8957296633125], [174.48257627971, -36.8957221581512], [174.482580965843, -36.89571494276], [174.482585545354, -36.8957080171389], [174.48259002929, -36.8957013721363], [174.482594406431, -36.8956950078922], [174.482598677126, -36.8956889424298], [174.482602840851, -36.8956831487144], [174.482606909175, -36.8956776446291], [174.482610870879, -36.8956724303139], [174.482614725788, -36.8956674967574], [174.482618485296, -36.8956628528309], [174.48262213801, -36.895658489663], [174.482625684103, -36.8956544162654], [174.482629123402, -36.8956506236263], [174.4826324673, -36.8956471206175], [174.482635715798, -36.8956439072387], [174.482638846282, -36.8956409747587], [174.482641881191, -36.8956383228973], [174.482644809481, -36.8956359608061], [174.48264763115, -36.8956338884852], [174.482650354978, -36.8956319796326], [174.482652947717, -36.8956296758115], [174.482655441978, -36.8956269225325], [174.482657803929, -36.8956237112042], [174.482660056009, -36.8956200415464], [174.482662186998, -36.8956159136993], [174.482664196897, -36.8956113276627], [174.482666096924, -36.8956062832968], [174.482667876035, -36.895600789753], [174.482669545101, -36.8955948288683], [174.482671081856, -36.8955884099343], [174.482672508914, -36.8955815416824], [174.482673814707, -36.8955742062296], [174.482675010804, -36.895566421459], [174.482676074415, -36.8955581696275], [174.48267702833, -36.8955494684782], [174.482677872374, -36.8955403089995], [174.482678595328, -36.8955306913314], [174.48267919719, -36.895520615474], [174.482679677962, -36.8955100814272], [174.482680049387, -36.8954991160857], [174.482680389244, -36.8954882593031], [174.482680735552, -36.8954777359482], [174.482681099356, -36.8954675368695], [174.482681458391, -36.8954576713587], [174.482681823703, -36.8954481302641], [174.482682195291, -36.8954389135857], [174.48268258455, -36.8954300301951], [174.482682968866, -36.8954214713607], [174.482683359458, -36.8954132369426], [174.482683756501, -36.8954053359523], [174.482684159821, -36.8953977593782], [174.482684580811, -36.8953905160919], [174.482684996858, -36.8953835973618], [174.482685419181, -36.895377003048], [174.482685859176, -36.895370742022], [174.482686294226, -36.8953648055523], [174.482686735728, -36.8953592025103], [174.482687183506, -36.8953539238846], [174.482687648781, -36.8953489695351], [174.482688109287, -36.8953443487534], [174.482688604498, -36.895339781621], [174.482689184412, -36.8953349520331], [174.482689837808, -36.8953298601296], [174.482690575907, -36.8953245057704], [174.482691376269, -36.8953188892358], [174.482692261333, -36.8953130102456], [174.482693219706, -36.8953068599282], [174.482694262955, -36.8953004561668], [174.482695379513, -36.8952937810782], [174.482696569727, -36.8952868526857], [174.48269783325, -36.895279652966], [174.482699181475, -36.8952721907907], [174.482700591963, -36.8952644664399], [174.482702098372, -36.8952564794935], [174.482703667045, -36.8952482303714], [174.482705320419, -36.8952397187938], [174.482707047101, -36.895230935889], [174.48270884744, -36.8952218996802], [174.482710732307, -36.8952125920042], [174.48271267961, -36.8952030311642], [174.482714645168, -36.8951932537665], [174.482716385981, -36.8951834611465], [174.482717880131, -36.8951736806187], [174.482719138665, -36.8951639030317], [174.482720138968, -36.895154119654], [174.48272089261, -36.8951443483686], [174.482721410461, -36.8951345710123], [174.48272168165, -36.8951248057485], [174.482721705829, -36.8951150345538], [174.482721494567, -36.8951052753115], [174.482721025074, -36.8950955102784], [174.48272032014, -36.8950857571976], [174.482719368197, -36.8950759981861], [174.482718169592, -36.8950662512668], [174.482716724152, -36.8950565074283], [174.482715031702, -36.895046757659], [174.482713092592, -36.895037019982], [174.482710917692, -36.895027276234], [174.482708496131, -36.8950175445784], [174.482705827561, -36.8950078069919], [174.48270296843, -36.8949980807974], [174.482700569136, -36.8949883398498], [174.482698820766, -36.8949785997918], [174.482697722969, -36.8949688426003], [174.482697287315, -36.8949590861582], [174.482697491015, -36.8949493127227], [174.482698356856, -36.8949395400368], [174.482699873444, -36.8949297592289], [174.482702051826, -36.8949199611474], [174.482704869908, -36.8949101640954], [174.482708349782, -36.8949003497699], [174.482712480578, -36.8948905363337], [174.482717261945, -36.8948807057639], [174.482722694232, -36.8948708760833], [174.48272878831, -36.8948610291288], [174.482735533307, -36.8948511830634], [174.482742928876, -36.894841319864], [174.482750975363, -36.8948314575534], [174.482759672596, -36.8948215871201], [174.482769031617, -36.8948116994123], [174.482779041558, -36.894801812593], [174.482789155437, -36.894792077709], [174.482798938824, -36.8947826624303], [174.482808357884, -36.8947735581653], [174.482817435058, -36.8947647646341], [174.482826170171, -36.8947562728252], [174.482834552353, -36.8947481009019], [174.482842592475, -36.894740230701], [174.482850279665, -36.8947326803859], [174.482857613576, -36.8947254319334], [174.482864605776, -36.8947185032266], [174.482871255916, -36.8947118762425], [174.482877552952, -36.8947055601329], [174.482883497058, -36.8946995639091], [174.482889099105, -36.8946938694083], [174.482894348047, -36.894688485782], [174.482899255105, -36.8946834128902], [174.482903809059, -36.894678650873], [174.48290802113, -36.8946741995904], [174.482911880096, -36.8946700591824], [174.482915397178, -36.8946662295092], [174.482918714921, -36.8946625375302], [174.482922216947, -36.8946585097424], [174.482925936567, -36.8946541277025], [174.482929862735, -36.8946494005621], [174.482934006497, -36.8946443191695], [174.482938356633, -36.8946388836648], [174.482942913143, -36.894633094048], [174.482947687246, -36.8946269501789], [174.482952667898, -36.8946204612091], [174.482957865968, -36.8946136089756], [174.482963270586, -36.8946064116413], [174.482968881577, -36.8945988601948], [174.482974710336, -36.8945909635075], [174.482980756512, -36.8945827035563], [174.482986998017, -36.8945740986443], [174.482993457113, -36.8945651394798], [174.483000133802, -36.8945558260629], [174.483007016863, -36.8945461585336], [174.483014106471, -36.8945361459033], [174.483021402276, -36.8945257701489], [174.483028883409, -36.8945151126546], [174.48303616677, -36.8945046739584], [174.483043175914, -36.8944945631798], [174.483049933455, -36.89448478905], [174.483056416605, -36.8944753338262], [174.483062637107, -36.8944662244031], [174.483068594437, -36.8944574337459], [174.483074277901, -36.8944489890295], [174.483079698194, -36.8944408630792], [174.483084855665, -36.894433073918], [174.48308975014, -36.8944256125346], [174.483094370574, -36.8944184880805], [174.483098739232, -36.8944116912641], [174.483102822455, -36.8944052225056], [174.483106654076, -36.8943990903963], [174.483110222702, -36.8943932860649], [174.483113517114, -36.8943878096515], [174.483116548704, -36.8943826700274], [174.48311930608, -36.8943778583213], [174.483121811855, -36.8943733832646], [174.483124043415, -36.8943692361258], [174.483126346827, -36.8943653224473], [174.483128934045, -36.8943615764865], [174.483131782804, -36.8943580075353], [174.483134915369, -36.8943546063019], [174.48313832052, -36.8943513729263], [174.48314200965, -36.89434831628], [174.483145960147, -36.8943454276316], [174.483150194625, -36.8943427157124], [174.483154701688, -36.894340171651], [174.483159481337, -36.8943377954473], [174.483164544966, -36.8943355959728], [174.483169881355, -36.8943335733674], [174.483175490156, -36.8943317096081], [174.483181382937, -36.8943300225779], [174.483187537259, -36.8943285125568], [174.483193975387, -36.8943271702531], [174.4832006861, -36.8943259958069], [174.483207680794, -36.8943249980895], [174.483214936854, -36.8943241683696], [174.483222476721, -36.8943235063668], [174.483230274814, -36.8943228501533], [174.483238324158, -36.8943218392664], [174.483246602488, -36.8943204829979], [174.483255120849, -36.8943187721961], [174.483263868196, -36.8943167160126], [174.483272866619, -36.8943142961439], [174.483282094026, -36.8943115308934], [174.48329156129, -36.8943084020979], [174.483301268759, -36.8943049277803], [174.483311216431, -36.8943011079406], [174.48332140396, -36.8942969245557], [174.483331820473, -36.8942923957887], [174.48334248806, -36.8942875033362], [174.483353384632, -36.8942822655014], [174.483364521407, -36.8942766821443], [174.483375898036, -36.8942707352417], [174.483387503475, -36.894264433945], [174.483399360336, -36.8942577869857], [174.483411446006, -36.8942507856323], [174.483423771704, -36.8942434297446], [174.483436272728, -36.8942358553366], [174.48344851442, -36.8942287979488], [174.483460442949, -36.894222375432], [174.48347205849, -36.8942165967979], [174.48348336087, -36.894211453035], [174.483494350088, -36.8942069441434], [174.483505026319, -36.8942030791348], [174.483515377995, -36.8941998401262], [174.483525428079, -36.8941972538722], [174.483535153609, -36.8941952936183], [174.483544566153, -36.8941939772476], [174.483553676932, -36.8941933046202], [174.483562463157, -36.8941932579931], [174.483570936396, -36.8941938552495], [174.483579096477, -36.8941950873778], [174.483586943574, -36.8941969633897], [174.483594466291, -36.8941994744138], [174.48360168707, -36.8942026201699], [174.483608583646, -36.8942064099499], [174.483615178282, -36.894210834462], [174.483621459412, -36.8942158758232], [174.483627707057, -36.894220926616], [174.483634072538, -36.8942256874972], [174.483640533588, -36.8942301677585], [174.483647090034, -36.8942343583885], [174.483653764314, -36.8942382591068], [174.483660534164, -36.8942418792053], [174.483667410803, -36.8942452185438], [174.483674382837, -36.8942482682509], [174.483681461486, -36.8942510281863], [174.483688646924, -36.8942535073617], [174.483695939151, -36.894255705777], [174.483703326772, -36.8942576145609], [174.483710821008, -36.894259233573], [174.483718422033, -36.8942605718251], [174.483726118452, -36.8942616204456], [174.48373392166, -36.8942623883059], [174.483741831482, -36.8942628663945], [174.483749848092, -36.8942630637229], [174.483757960097, -36.8942629714197], [174.483766178889, -36.8942625983563], [174.48377441576, -36.894261999723], [174.483782582694, -36.8942612667566], [174.483790657429, -36.8942604087488], [174.483798651009, -36.8942594165481], [174.483806563608, -36.8942582991659], [174.483814383832, -36.894257047731], [174.483822123075, -36.8942556711146], [174.483829781164, -36.8942541603053], [174.483837358097, -36.8942525153031], [174.483844842829, -36.8942507452597], [174.483852246581, -36.8942488500351], [174.483859569003, -36.894246811606], [174.483866810618, -36.8942446570071], [174.483873959684, -36.894242359344], [174.483881027944, -36.8942399455113], [174.483888003654, -36.8942373886143], [174.483894909602, -36.894234706396], [174.48390172335, -36.8942318991366], [174.483908455942, -36.8942289576844], [174.483915096159, -36.8942258821797], [174.483921677137, -36.8942226451672], [174.483928240961, -36.8942191019016], [174.483934798329, -36.8942152252079], [174.483941349241, -36.8942110150862], [174.483947894044, -36.8942064895595], [174.483954432216, -36.8942016215933], [174.483960964279, -36.8941964382222], [174.483967489886, -36.894190921423], [174.48397400921, -36.8941850802074], [174.483980522077, -36.8941789055637], [174.483987028661, -36.8941724065036], [174.483993528962, -36.894165583027], [174.484000022805, -36.8941584261224], [174.484006510365, -36.8941509448013], [174.484012991468, -36.8941431300523], [174.484019466287, -36.8941349908867], [174.484025934824, -36.8941265273047], [174.484032396902, -36.8941177302948], [174.484038852697, -36.8941086088683], [174.484045302208, -36.8940991630254], [174.484051734565, -36.8940894109294], [174.484058046296, -36.8940798045597], [174.48406418427, -36.8940704978137], [174.484070170926, -36.894061490411], [174.484075983825, -36.8940527826322], [174.484081634186, -36.8940443743368], [174.48408712201, -36.8940362655252], [174.484092436252, -36.8940284653488], [174.484097599002, -36.8940209555044], [174.48410257695, -36.8940137544356], [174.484107403581, -36.8940068527103], [174.484112067676, -36.8940002504687], [174.484116558014, -36.893993947851], [174.484120885816, -36.893987944717], [174.484125051255, -36.8939822500784], [174.484129042765, -36.8939768460522], [174.484132883132, -36.8939717503811], [174.484136549743, -36.8939669543341], [174.484140042598, -36.893962457911], [174.484143384138, -36.8939582608317], [174.484146551921, -36.8939543633763], [174.48414967692, -36.8939505746202], [174.484152867491, -36.8939466949074], [174.48415611224, -36.8939427153666], [174.484159445001, -36.8939386445888], [174.48416283194, -36.8939344739829], [174.484166295671, -36.8939302122801], [174.4841698248, -36.8939258506091], [174.484173419501, -36.8939213979814], [174.4841770796, -36.8939168453854], [174.48418081649, -36.8939122016925], [174.484184618953, -36.8939074670429], [174.484188486813, -36.893902632425], [174.484192420071, -36.8938976978389], [174.484196418901, -36.893892672296], [174.484200494523, -36.8938875556562], [174.484204635542, -36.893882339048], [174.484208841958, -36.8938770224716], [174.484213125166, -36.8938716147982], [174.484217462727, -36.8938661163082], [174.484221876904, -36.8938605177097], [174.484226324915, -36.8938549277021], [174.484230655617, -36.8938496546408], [174.484234892148, -36.8938447342917], [174.4842390005, -36.8938401490522], [174.484243014508, -36.8938359075134], [174.484246911731, -36.8938320099556], [174.484250703564, -36.8938284652503], [174.484254389658, -36.8938252553742], [174.484257958967, -36.8938223894793], [174.484261411493, -36.8938198675653], [174.484264758454, -36.8938176894923], [174.484268000025, -36.8938158642718], [174.484271135858, -36.8938143738806], [174.484274154906, -36.8938132274705], [174.484277057171, -36.8938124250415], [174.484279865091, -36.8938119663133], [174.484282545008, -36.8938118517064], [174.48428513058, -36.8938120808003], [174.484287599369, -36.8938126538753], [174.484289962593, -36.8938135707913], [174.484292275654, -36.8938147948011], [174.484295214744, -36.8938158938105], [174.484298979897, -36.893816766169], [174.484303548674, -36.8938174121569], [174.484308932293, -36.8938178316339], [174.484315119536, -36.8938180247402], [174.484322132668, -36.8938179821836], [174.484329949422, -36.893817713256], [174.48433858102, -36.893817217817], [174.484348016066, -36.893816486995], [174.484358277349, -36.8938155385327], [174.484369342081, -36.8938143546869], [174.48438122148, -36.8938129353175], [174.484393915897, -36.8938112984472], [174.484407413761, -36.8938094261927], [174.484421737687, -36.8938073272852], [174.484436865235, -36.8938050020045], [174.48445279623, -36.893802441339], [174.48446955346, -36.8937996630309], [174.484487113963, -36.8937966403257], [174.484505489481, -36.8937934001174], [174.484523909527, -36.8937901413224], [174.484541782254, -36.8937870155564], [174.484559119057, -36.8937840316909], [174.484575908542, -36.893781180855], [174.484592162102, -36.89377847192], [174.484607868345, -36.8937758960149], [174.484623038664, -36.8937734620113], [174.484637672884, -36.8937711608977], [174.484651748742, -36.8937690019665], [174.484665299897, -36.8937669847971], [174.484678292514, -36.8937651007988], [174.484690760254, -36.8937633495512], [174.484702669631, -36.8937617404865], [174.484714054305, -36.8937602731843], [174.484724880442, -36.893758939054], [174.484735181877, -36.8937577466864], [174.48474492495, -36.8937566965024], [174.48475414297, -36.8937557700585], [174.484762802804, -36.8937549948099], [174.48477093776, -36.8937543523131], [174.484778648117, -36.8937538052599], [174.484786234535, -36.893753232714], [174.484793708581, -36.8937526525584], [174.484801080953, -36.8937520376181], [174.484808340955, -36.8937514150681], [174.484815499455, -36.8937507667451], [174.484822534017, -36.8937500929295], [174.484829467427, -36.893749411364], [174.484836299162, -36.893748695014], [174.484843007307, -36.8937479711946], [174.484849613777, -36.8937472125907], [174.484856107877, -36.8937464463772], [174.484862500476, -36.8937456543907], [174.484868780355, -36.8937448367717], [174.484874947863, -36.893744011543], [174.484881002477, -36.8937431516702], [174.484886955939, -36.8937422840477], [174.484892796507, -36.893741381781], [174.484898524705, -36.8937404719048], [174.484904151402, -36.8937395362559], [174.484909699212, -36.8937385835653], [174.484915438105, -36.8937376465134], [174.484921424178, -36.8937367243991], [174.484927657606, -36.8937358262339], [174.484934138214, -36.8937349430062], [174.484940866002, -36.8937340747159], [174.484947841145, -36.8937332303746], [174.484955052423, -36.8937324101224], [174.484962510881, -36.8937316048076], [174.48497021652, -36.8937308144301], [174.484978169513, -36.8937300480013], [174.484986369687, -36.8937292965097], [174.484994805821, -36.8937285600954], [174.48500350053, -36.8937278474896], [174.485012431199, -36.893727149961], [174.485021609223, -36.893726476381], [174.485031034427, -36.8937258177378], [174.485040695766, -36.8937251831833], [174.485050615505, -36.8937245634254], [174.485060771379, -36.8937239677559], [174.485071174259, -36.8937233780116], [174.485081588533, -36.8937227971377], [174.485091901655, -36.8937222085136], [174.485102113627, -36.8937216121394], [174.485112213053, -36.8937209991437], [174.485122211502, -36.8937203874096], [174.485132097407, -36.8937197590541], [174.48514187094, -36.8937191230888], [174.485151543322, -36.8937184793735], [174.485161114378, -36.8937178188967], [174.485170573239, -36.8937171598217], [174.485179930773, -36.8937164839852], [174.485189175937, -36.8937158005392], [174.485198319949, -36.8937151093432], [174.485207351591, -36.8937144105377], [174.485216282081, -36.8937137039823], [174.485225100027, -36.8937129808058], [174.48523381682, -36.8937122498795], [174.485242421418, -36.8937115203553], [174.48525092469, -36.8937107740698], [174.485259315417, -36.8937100111633], [174.485267660916, -36.8937092307942], [174.485276049896, -36.893708377771], [174.485284493751, -36.893707460965], [174.485292969867, -36.8937064716451], [174.485301512078, -36.893705418402], [174.485310097945, -36.8937043015164], [174.485318727293, -36.8937031119766], [174.485327400296, -36.8937018587942], [174.485336128, -36.8937005328174], [174.485344910754, -36.8936991520691], [174.485353725594, -36.8936976897954], [174.485362606703, -36.8936961726101], [174.485371520073, -36.8936945829108], [174.485380488319, -36.8936929294286], [174.485389511265, -36.8936912031519], [174.485398577866, -36.8936894132324], [174.485407688122, -36.8936875596703], [174.485416853079, -36.8936856333136], [174.48542606169, -36.8936836433142], [174.485435325002, -36.8936815805202], [174.485444587964, -36.8936794997024], [174.485453641422, -36.893677610792], [174.485462463459, -36.8936759411043], [174.485471043032, -36.8936744997912], [174.485479391011, -36.8936732686894], [174.485487496525, -36.8936722659623], [174.485495359574, -36.8936714916099], [174.48550299103, -36.8936709274689], [174.485510391241, -36.8936705915625], [174.485517537768, -36.8936704841712], [174.48552446392, -36.8936705868512], [174.485531136389, -36.8936709180464], [174.485537577439, -36.8936714684648], [174.485543787245, -36.893672247118], [174.485549754412, -36.8936732451346], [174.485555478941, -36.8936744625148], [174.48556097205, -36.8936758991184], [174.485566222696, -36.8936775640971], [174.485571241923, -36.8936794482991], [174.485576018686, -36.8936815608764], [174.485580563856, -36.8936838836656], [174.485585064672, -36.8936862340504], [174.485589586879, -36.8936885300851], [174.485594141872, -36.893690780641], [174.48559871843, -36.8936929858584], [174.4856033276, -36.8936951365853], [174.485607958161, -36.8936972329621], [174.485612632902, -36.8936992927312], [174.48561731764, -36.8937012892791], [174.485622035164, -36.893703240348], [174.485626785473, -36.8937051459381], [174.485631557173, -36.893706997178], [174.485636350265, -36.8937087940679], [174.485641176142, -36.8937105454788], [174.485646034805, -36.8937122514108], [174.485650926079, -36.8937139028524], [174.485655827699, -36.8937155090957], [174.48566077315, -36.8937170607083], [174.485665739991, -36.8937185579707], [174.485670728399, -36.8937200098945], [174.485675749592, -36.8937214163394], [174.485680770087, -36.8937227867379], [174.485685756574, -36.893724139534], [174.485690709052, -36.8937254747277], [174.485695616653, -36.8937268104824], [174.48570050129, -36.8937281194829], [174.485705340874, -36.8937294200329], [174.485710146451, -36.8937307029806], [174.485714918194, -36.8937319773374], [174.485719667149, -36.8937332339516], [174.485724359831, -36.8937344822555], [174.485729029724, -36.8937357128168], [174.485733654391, -36.8937369259162], [174.485738256443, -36.8937381302844], [174.485742813442, -36.8937393262021], [174.485747336259, -36.8937404955059], [174.485751825417, -36.8937416652306], [174.485756280392, -36.8937428083413], [174.485760701534, -36.8937439428613], [174.485765077623, -36.8937450689308], [174.485769430923, -36.8937461772578], [174.485773705512, -36.8937472775552], [174.485777824075, -36.8937484338863], [174.485781752603, -36.8937496286489], [174.485785513711, -36.893750870574], [174.48578908496, -36.8937521599421], [174.485792477744, -36.8937535056246], [174.485795702932, -36.8937548894581], [174.485798738436, -36.8937563297463], [174.485801595125, -36.8937578083257], [174.485804273348, -36.8937593432196], [174.485806772758, -36.8937609164047], [174.485809093701, -36.8937625459043], [174.485811236005, -36.8937642227069], [174.485813199495, -36.8937659378007], [174.485814984519, -36.8937677092091], [174.485816579683, -36.8937695280606], [174.485818007427, -36.8937713940748], [174.485819256357, -36.8937732983803], [174.485820315601, -36.8937752591407], [174.485821207425, -36.8937772670637], [174.485821943223, -36.8937793310206], [174.485822974924, -36.8937816076062], [174.485824449256, -36.8937841400541], [174.485826343779, -36.893786928645], [174.485828692328, -36.8937899819695], [174.485831460895, -36.8937932824252], [174.485834672267, -36.8937968477548], [174.485838326271, -36.8938006689465], [174.485842411687, -36.8938047461407], [174.485846928515, -36.8938090793373], [174.485851888149, -36.8938136774075], [174.485857279021, -36.8938185224685], [174.48586310148, -36.8938236325432], [174.485869366571, -36.8938289984798], [174.485876063075, -36.8938346204185], [174.485883202386, -36.8938405072305], [174.485890772935, -36.8938466410328], [174.485898786292, -36.8938530397082], [174.485907219843, -36.8938596945257], [174.485916107247, -36.8938666050642], [174.485925414845, -36.8938737717446], [174.485934903181, -36.8938809992598], [174.485944298792, -36.8938880747004], [174.485953624641, -36.8938950248205], [174.485962857939, -36.8939018318778], [174.485971998686, -36.8939084958722], [174.485981069496, -36.8939150255346], [174.485990047755, -36.8939214121342], [174.485998956077, -36.8939276644018], [174.486007771848, -36.8939337736067], [174.486016506461, -36.89393974862], [174.486025159743, -36.8939455804303], [174.486033720649, -36.8939512781894], [174.486042211442, -36.8939568326051], [174.486050609858, -36.8939622529696], [174.486058926942, -36.8939675301312], [174.486067162694, -36.8939726640898], [174.486075306244, -36.8939776730088], [174.486083379507, -36.893982529573], [174.486091360392, -36.8939872520862], [174.48609926012, -36.8939918404081], [174.48610710078, -36.8939962762347], [174.486114960909, -36.8940005585838], [174.486122851553, -36.8940046783034], [174.486130761667, -36.8940086445453], [174.48613870212, -36.8940124391462], [174.486146662216, -36.894016089281], [174.486154641433, -36.8940195679151], [174.486162639944, -36.89402288406], [174.486170669144, -36.8940260465869], [174.486178729033, -36.8940290554958], [174.486186796822, -36.8940318930444], [174.4861948953, -36.894034576975], [174.486203024291, -36.894037098276], [174.486211172577, -36.8940394570878], [174.486219340331, -36.8940416624219], [174.48622752738, -36.8940437052669], [174.486235744942, -36.8940455854823], [174.486243993192, -36.8940473120797], [174.486252260737, -36.8940488761878], [174.486260547576, -36.8940502778068], [174.486268843013, -36.8940515441115], [174.486277084798, -36.8940529372792], [174.486285251193, -36.8940544936368], [174.486293342545, -36.8940562312074], [174.486301347636, -36.8940581501314], [174.48630927751, -36.894060241257], [174.486317132168, -36.894062504584], [174.486324900565, -36.8940649492644], [174.486332604965, -36.8940675660061], [174.486340222929, -36.8940703550896], [174.486347754632, -36.8940733255267], [174.486355222513, -36.8940764770365], [174.486362603783, -36.8940797918767], [174.486369910187, -36.8940832969416], [174.48637712998, -36.894086965337], [174.486384274732, -36.8940908149455], [174.486391344268, -36.8940948367558], [174.486398338763, -36.8940990397792], [174.486405258042, -36.8941034150042], [174.48641209106, -36.8941079715829], [174.486418837642, -36.8941127005036], [174.486425272172, -36.8941175414933], [174.486431214263, -36.8941224517403], [174.486436675307, -36.894127440116], [174.486441643911, -36.894132497749], [174.486446120075, -36.8941376246397], [174.486450115017, -36.8941428206475], [174.486453606475, -36.894148095065], [174.48645662793, -36.8941534384594], [174.486459145726, -36.8941588512519], [174.486461182475, -36.8941643421734], [174.486462726783, -36.8941699023526], [174.486463789869, -36.8941755316493], [174.486464360514, -36.8941812302039], [174.486464438893, -36.8941870070278], [174.48646403605, -36.8941928529693], [174.486463140766, -36.8941987681685], [174.486461753214, -36.8942047616372], [174.486459884441, -36.8942108242233], [174.486457523225, -36.8942169560672], [174.486454669568, -36.8942231571689], [174.486451647965, -36.8942293783994], [174.486449118453, -36.8942355123489], [174.486447103298, -36.8942415497252], [174.486445613894, -36.8942474993994], [174.486444627627, -36.8942533526408], [174.486444155716, -36.8942591093089], [174.486444209382, -36.8942647692635], [174.48644477758, -36.8942703416564], [174.486445848915, -36.8942758176164], [174.486447445827, -36.8942811968629], [174.486449557271, -36.8942864885476], [174.486452183073, -36.894291683659], [174.486455323232, -36.8942967821972], [174.486458977923, -36.8943017931735], [174.486463146797, -36.8943066985648], [174.486467841423, -36.8943115162538], [174.486473039363, -36.8943162465212], [174.48647875166, -36.894320880215], [174.486484989534, -36.8943254171948], [174.486491741767, -36.8943298576008], [174.486498929645, -36.8943341934041], [174.486506091589, -36.8943383492568], [174.486513137317, -36.8943422992473], [174.486520089617, -36.894346061118], [174.486526925701, -36.8943496171266], [174.486533656963, -36.8943529761443], [174.486540272183, -36.8943561383115], [174.486546793801, -36.8943591033474], [174.486553188157, -36.8943618716732], [174.48655948891, -36.8943644428678], [174.486565673622, -36.8943668172119], [174.486571753511, -36.8943689945653], [174.486577728578, -36.8943709749278], [174.486583598648, -36.894372749288], [174.48658935285, -36.8943743358094], [174.486595002054, -36.8943757163285], [174.486600535217, -36.8943768999973], [174.486605963557, -36.8943778866753], [174.486611287074, -36.8943786763627], [174.486616505768, -36.8943792690594], [174.486621619814, -36.894379673777], [174.486626900757, -36.8943800042959], [174.486632507246, -36.8943803397545], [174.486638439106, -36.8943806711411], [174.486644674072, -36.8943810077479], [174.486651234408, -36.8943813402828], [174.486658109071, -36.8943816778974], [174.48666530928, -36.8943820204515], [174.48667282364, -36.8943823590736], [174.486680652151, -36.8943826937639], [174.486688794988, -36.8943830335338], [174.486697263371, -36.8943833782428], [174.486706045905, -36.8943837190197], [174.48671514259, -36.8943840558644], [174.486724564821, -36.8943843976481], [174.486734301378, -36.894384744511], [174.486744352086, -36.8943850874414], [174.48675472834, -36.8943854353106], [174.486765418745, -36.8943857792472], [174.486776423477, -36.8943861282627], [174.486787742359, -36.8943864733455], [174.486799185008, -36.8943868349057], [174.486810415357, -36.8943872441905], [174.486821433406, -36.8943877012], [174.486832238981, -36.8943881969226], [174.486842821036, -36.8943887405105], [174.486853201836, -36.8943893226713], [174.486863370337, -36.8943899525569], [174.486873326363, -36.894390621156], [174.486883070089, -36.8943913374801], [174.486892601516, -36.8943921015292], [174.486901920468, -36.8943929042919], [174.48691102712, -36.8943937547797], [174.486919921298, -36.8943946439812], [174.486928591957, -36.8943955810484], [174.486937061536, -36.8943965657005], [174.48694531864, -36.8943975890664], [174.486953363445, -36.8943986601577], [174.486961195776, -36.8943997699628], [174.486968815806, -36.8944009274935], [174.486976223363, -36.8944021237381], [174.486983541686, -36.8944033481404], [174.486991396981, -36.8944044846973], [174.486999845346, -36.8944055327065], [174.487008886607, -36.8944064831565], [174.487018520762, -36.8944073360469], [174.487028759207, -36.8944081002489], [174.487039590371, -36.8944087578795], [174.487051026001, -36.8944093358329], [174.48706305435, -36.8944098072147], [174.487075675769, -36.8944101900476], [174.487088901303, -36.8944104751798], [174.487102719731, -36.8944106627512], [174.487117131229, -36.8944107617733], [174.487132146842, -36.8944107630939], [174.487147755349, -36.8944106668531], [174.48716396797, -36.8944104729104], [174.487180773661, -36.8944101904174], [174.487198172246, -36.8944098103624], [174.4872161639, -36.8944093417566], [174.487234759494, -36.8944087664363], [174.487253948331, -36.8944081115762], [174.487273652049, -36.8944073871708], [174.487293848558, -36.894406611524], [174.487314537859, -36.8944057846355], [174.487335708906, -36.8944049156569], [174.487357372569, -36.8944039864246], [174.487379517978, -36.8944030151018], [174.487402156178, -36.8944019925362], [174.487425287169, -36.8944009187276], [174.487448899731, -36.894399793816], [174.487473005258, -36.8943986266724], [174.487497603401, -36.8943973992733], [174.48752269451, -36.8943961296415], [174.487548267189, -36.8943948089057], [174.487574321439, -36.8943934370654], [174.487600879699, -36.8943920138395], [174.487627919529, -36.8943905395086], [174.48765544093, -36.8943890140723], [174.487683466515, -36.8943874462609], [174.48771197367, -36.8943858273434], [174.487740962396, -36.8943841573196], [174.487769693242, -36.8943824995321], [174.487797292824, -36.8943809550564], [174.487823738352, -36.8943795061513], [174.487849052441, -36.8943781615482], [174.487873212476, -36.8943769125171], [174.487896241248, -36.8943757768009], [174.487918127011, -36.8943747275062], [174.487938870292, -36.8943737916681], [174.487958470739, -36.8943729512642], [174.487976928703, -36.8943722243181], [174.48799425488, -36.8943715836552], [174.488010427354, -36.8943710565916], [174.488025468215, -36.8943706248238], [174.488039366419, -36.8943702975042], [174.48805212179, -36.8943700656217], [174.488063734679, -36.8943699471996], [174.488074204736, -36.8943699242154], [174.488083543181, -36.8943699965286], [174.488091727924, -36.8943701824438], [174.488098781054, -36.8943704636571], [174.488104970444, -36.8943707647032], [174.488111278701, -36.8943708299029], [174.488117761224, -36.8943706225074], [174.488124429407, -36.8943701513875], [174.488131294644, -36.8943694254143], [174.488138334146, -36.8943684268458], [174.488145559308, -36.8943671645528], [174.48815297013, -36.8943656385354], [174.488160577831, -36.894363848653], [174.488168359971, -36.8943617951866], [174.488176327596, -36.8943594689841], [174.488184481056, -36.8943568880686], [174.488192819999, -36.8943540344169], [174.488201344776, -36.8943509260522], [174.488210055038, -36.8943475449512], [174.488218950958, -36.8943439001255], [174.488228032537, -36.894339991575], [174.488237299774, -36.8943358192997], [174.48824675267, -36.8943313832996], [174.48825639105, -36.894326674563], [174.488266204567, -36.8943217382883], [174.488275964261, -36.8943169198656], [174.488285615956, -36.8943123191247], [174.488295171048, -36.8943079449366], [174.488304617968, -36.8943037794188], [174.488313968284, -36.8942998404538], [174.488323199558, -36.8942961283228], [174.48833233388, -36.8942926247217], [174.488341371599, -36.8942893476735], [174.488350290101, -36.8942862884478], [174.488359111826, -36.8942834467635], [174.488367825554, -36.8942808227613], [174.488376442679, -36.894278425312], [174.488384951808, -36.8942762455448], [174.488393352939, -36.8942742834597], [174.488401646249, -36.8942725480681], [174.488409842607, -36.8942710212066], [174.488417931144, -36.8942697210388], [174.488425911859, -36.8942686475647], [174.488433795622, -36.8942677826206], [174.488441571564, -36.8942671443702], [174.488449460053, -36.8942665227367], [174.488457637977, -36.8942657802977], [174.488466127251, -36.8942648897373], [174.488474905961, -36.8942638783713], [174.488483984801, -36.8942627190245], [174.488493352901, -36.8942614298603], [174.488503021481, -36.8942600107382], [174.488512990366, -36.8942584526465], [174.488523248337, -36.8942567557258], [174.488533818007, -36.8942549287063], [174.488544665542, -36.8942529629982], [174.488555824777, -36.8942508671913], [174.488567273096, -36.8942486325549], [174.488579021895, -36.8942462679601], [174.488591059779, -36.8942437645357], [174.488603409187, -36.8942411220006], [174.488616047854, -36.8942383496472], [174.488628975781, -36.8942354474756], [174.488642204011, -36.8942324063336], [174.488655732546, -36.8942292262209], [174.488669416404, -36.8942259540231], [174.488682909351, -36.8942226752022], [174.488696166685, -36.8942193993324], [174.488709210844, -36.8942161261325], [174.488722042004, -36.8942128646142], [174.488734659814, -36.8942095967543], [174.488747053231, -36.8942063317052], [174.488759233647, -36.8942030783379], [174.488771189495, -36.8941998187698], [174.488782932169, -36.8941965618721], [174.488794461668, -36.8941933076448], [174.488805766948, -36.8941900652401], [174.48881684766, -36.8941868166349], [174.488827726416, -36.8941835705597], [174.488838380779, -36.8941803272958], [174.488848810923, -36.8941770958547], [174.488859027719, -36.8941738580728], [174.488869031339, -36.8941706229617], [174.488878810567, -36.8941673906621], [174.488888376795, -36.8941641700449], [174.488897729849, -36.8941609520987], [174.488906882875, -36.8941578358098], [174.488915847092, -36.8941548210376], [174.48892463407, -36.8941519256647], [174.488933221194, -36.8941491409608], [174.488941630905, -36.8941464666446], [174.488949840938, -36.8941439120091], [174.488957873382, -36.8941414587499], [174.488965705972, -36.8941391161598], [174.488973361324, -36.8941368929692], [174.488980816824, -36.8941347804478], [174.488988094909, -36.8941327783144], [174.488995173142, -36.8941308868504], [174.489002073961, -36.8941291057743], [174.489008774927, -36.8941274353676], [174.48901529848, -36.8941258753491], [174.489021633575, -36.8941244348708], [174.489027780037, -36.8941231049214], [174.489033726472, -36.8941218766299], [174.489039495668, -36.8941207677382], [174.489045076231, -36.8941197693754], [174.489050655919, -36.8941187259547], [174.489056334132, -36.8941175551065], [174.489062121914, -36.8941162476786], [174.489068019442, -36.8941148126825], [174.48907401532, -36.8941132412474], [174.489080120942, -36.8941115422442], [174.489086336134, -36.8941097066612], [174.489092649676, -36.8941077346391], [174.489099084182, -36.8941056349082], [174.489105605994, -36.8941034078903], [174.48911224842, -36.8941010351404], [174.489118989545, -36.8940985439745], [174.489125840065, -36.8940959072172], [174.489132800505, -36.8940931519031], [174.489139859119, -36.8940902511383], [174.489147038697, -36.8940872226645], [174.48915430558, -36.8940840669036], [174.489161693252, -36.8940807744221], [174.489169179273, -36.8940773455014], [174.489176775038, -36.8940737890123], [174.489184426551, -36.8940702137963], [174.489192026342, -36.8940668645716], [174.489199574062, -36.894063723315], [174.489207070061, -36.8940608080496], [174.489214525208, -36.8940581006117], [174.48922192881, -36.8940556281765], [174.48922926912, -36.8940533638502], [174.48923656893, -36.8940513253744], [174.489243816844, -36.8940495038784], [174.489251024082, -36.8940478992214], [174.489258168204, -36.8940465116848], [174.489265271825, -36.8940453499987], [174.489272312332, -36.8940444054331], [174.489279312162, -36.8940436777066], [174.489286260097, -36.8940431669598], [174.489293156311, -36.8940428822044], [174.489300000631, -36.8940428144287], [174.489306804274, -36.8940429634921], [174.489313556198, -36.8940433385469], [174.489320244832, -36.8940439217105], [174.489326937318, -36.8940447031276], [174.489333831758, -36.8940454820125], [174.489340972504, -36.8940462307679], [174.489348359907, -36.8940469674168], [174.489355993441, -36.8940476649246], [174.489363862412, -36.8940483504665], [174.48937197769, -36.8940490058788], [174.489380350493, -36.8940496310206], [174.489388958559, -36.8940502351849], [174.489397813106, -36.8940508182309], [174.48940690274, -36.8940513712877], [174.489416250075, -36.8940519030854], [174.489425832497, -36.8940524048938], [174.4894356614, -36.8940528855836], [174.48944573661, -36.8940533361433], [174.489456058301, -36.8940537655844], [174.489466626474, -36.8940541739068], [174.489477429733, -36.8940545522395], [174.489488490694, -36.8940549093127], [174.489499786741, -36.8940552363962], [174.48951131805, -36.8940555425013], [174.48952282657, -36.8940558308636], [174.489534211148, -36.8940560937376], [174.489545449521, -36.8940563404162], [174.489556552733, -36.8940565617474], [174.489567520959, -36.8940567667425], [174.489578354025, -36.8940569463902], [174.489589052105, -36.894057109702], [174.489599615199, -36.894057256678], [174.489610031912, -36.8940573784473], [174.489620324684, -36.8940574747286], [174.489630471426, -36.8940575638264], [174.489640483007, -36.8940576275769], [174.489650359427, -36.8940576659803], [174.489660100862, -36.894057688048], [174.48966970731, -36.89405769378], [174.489679167378, -36.8940576743058], [174.489688503504, -36.8940576293436], [174.4896976936, -36.8940575771983], [174.489706759755, -36.8940574995652], [174.489715679529, -36.8940573967259], [174.489724510948, -36.8940573671037], [174.489733346045, -36.8940575267232], [174.489742173951, -36.8940578937479], [174.489750983097, -36.8940584502957], [174.489759795922, -36.894059196085], [174.489768601556, -36.8940601492797], [174.489777399649, -36.8940612918567], [174.489786190377, -36.8940626328275], [174.489794973564, -36.8940641631806], [174.489803749386, -36.8940658919275], [174.489812529062, -36.8940678189276], [174.489821290153, -36.8940699444621], [174.489830043704, -36.8940722593789], [174.489838801109, -36.8940747725489], [174.489847539754, -36.8940774752419], [174.48985628243, -36.8940803851994], [174.489865006345, -36.89408348468], [174.489873734116, -36.8940867824137], [174.489882443126, -36.8940902696704], [174.489891155992, -36.8940939551802], [174.489899816089, -36.8940978126121], [174.489908207441, -36.894101700455], [174.489916330049, -36.8941056187089], [174.489924172692, -36.8941095675148], [174.489931735372, -36.8941135468725], [174.489939017911, -36.8941175477707], [174.489946031706, -36.8941215790802], [174.489952765536, -36.8941256409418], [174.489959208007, -36.8941297244846], [174.489965392953, -36.8941338382982], [174.489971286714, -36.8941379828047], [174.489976911556, -36.8941421487112], [174.489982245213, -36.8941463453108], [174.489987310125, -36.8941505723219], [174.489992095073, -36.8941548298854], [174.4899966111, -36.894159108849], [174.490000835943, -36.8941634185058], [174.490004791865, -36.8941677495628], [174.490008467822, -36.8941721111723], [174.490011863815, -36.8941765033344], [174.490015002107, -36.8941809167559], [174.49001818335, -36.8941852304877], [174.490021519216, -36.8941894160877], [174.49002499831, -36.8941934646852], [174.490028632025, -36.894197385151], [174.490032420013, -36.894201159462], [174.490036351404, -36.894204805782], [174.490040437418, -36.8942083239702], [174.490044666483, -36.8942116961443], [174.490049061391, -36.8942149400459], [174.490053588307, -36.8942180470856], [174.490058281065, -36.8942210258527], [174.49006311705, -36.8942238676172], [174.490068096264, -36.894226572379], [174.490073230099, -36.894229149009], [174.490078518207, -36.8942315794839], [174.490083949892, -36.8942338909792], [174.49008953585, -36.8942360563195], [174.490095276429, -36.8942380935279], [174.490101160237, -36.8942399937334], [174.490107198491, -36.8942417567954], [174.49011335841, -36.8942434281937], [174.490119640343, -36.8942450259514], [174.490126022027, -36.8942465593614], [174.490132503286, -36.8942480194122], [174.490139095691, -36.894249423986], [174.49014579889, -36.8942507550599], [174.49015261306, -36.8942520216453], [174.490159538024, -36.8942532147307], [174.49016656274, -36.8942543434684], [174.490173698425, -36.8942554077175], [174.49018093386, -36.8942564076188], [174.490188280091, -36.8942573340199], [174.490195737292, -36.8942581959325], [174.490203305462, -36.8942589933565], [174.490210973383, -36.8942597264326], [174.490218752099, -36.8942603860086], [174.490226641785, -36.8942609810958], [174.490234631221, -36.8942615118351], [174.490242731452, -36.8942619690742], [174.490250942653, -36.8942623618246], [174.490259209426, -36.894262726836], [174.490267353835, -36.8942631474643], [174.490275376405, -36.894263650744], [174.490283265741, -36.8942642278044], [174.490291021668, -36.894264869634], [174.490298655756, -36.8942655941151], [174.490306167655, -36.8942663832248], [174.49031354632, -36.8942672461152], [174.490320803146, -36.8942681916572], [174.490327926563, -36.8942692019685], [174.490334916747, -36.8942702860606], [174.490341784916, -36.8942714437929], [174.490348531072, -36.8942726751654], [174.490355143994, -36.8942739803187], [174.490361634902, -36.8942753591123], [174.490367992576, -36.8942768116869], [174.490374228236, -36.8942783379016], [174.490380330663, -36.8942799378974], [174.490386311076, -36.8942816115335], [174.49039215808, -36.894283349939], [174.49039789429, -36.8942851618442], [174.490403630675, -36.8942869827605], [174.490409411588, -36.8942887850905], [174.490415237206, -36.8942905778456], [174.490421096132, -36.8942923521551], [174.490426999761, -36.8942941168897], [174.490432936875, -36.8942958721902], [174.490438918517, -36.8942976089043], [174.490444944862, -36.8942993360435], [174.490451004692, -36.8943010537486], [174.490457109049, -36.8943027528671], [174.490463246891, -36.8943044425516], [174.490469429437, -36.8943061226612], [174.490475645291, -36.894307784325], [174.490481917068, -36.8943094362732], [174.49048821111, -36.8943110789279], [174.49049454968, -36.8943127029962], [174.490500932954, -36.8943143174895], [174.490507360931, -36.8943159224079], [174.490513822217, -36.8943175088806], [174.490520316987, -36.894319085919], [174.490527015639, -36.8943207595501], [174.490534031947, -36.8943226094698], [174.490541343471, -36.8943246359596], [174.490548972652, -36.894326838738], [174.490556908445, -36.8943292269572], [174.490565161718, -36.8943317824532], [174.490573710209, -36.8943345145192], [174.490582576531, -36.8943374318849], [174.490591760334, -36.8943405165273], [174.49060123953, -36.894343786751], [174.490611036383, -36.8943472332626], [174.490621150717, -36.8943508470507], [174.490631560445, -36.8943546464198], [174.490642287829, -36.8943586220767], [174.490653321651, -36.8943627741621], [174.49066467313, -36.8943671025351], [174.490676331047, -36.8943716073364], [174.490688295577, -36.8943762975774], [174.49070056637, -36.8943811552351], [174.490713154821, -36.8943861891799], [174.490725877559, -36.8943912034109], [174.49073833278, -36.894395734256], [174.490750508915, -36.894399763833], [174.490762394918, -36.8944033012944], [174.490774001833, -36.8944063374879], [174.490785329661, -36.8944088724136], [174.490796378402, -36.8944109060716], [174.490807136834, -36.8944124386028], [174.490817616353, -36.894413478878], [174.490827816608, -36.8944140088743], [174.490837726906, -36.8944140557669], [174.490847369159, -36.89441359224], [174.490856721103, -36.8944126275866], [174.490865794133, -36.8944111706776], [174.490874576853, -36.8944092126423], [174.490883091704, -36.8944067531992], [174.490891316246, -36.8944037926299], [174.490899261872, -36.8944003398053], [174.490906917014, -36.894396376843], [174.490914293241, -36.8943919216256], [174.490921436834, -36.8943870456819], [174.490928671937, -36.8943822587266], [174.490936034137, -36.8943776594642], [174.490943546048, -36.8943732566244], [174.490951196276, -36.8943690413365], [174.49095899604, -36.8943650134598], [174.490966934296, -36.8943611821465], [174.490975010869, -36.8943575383851], [174.490983236979, -36.8943540820346], [174.490991601581, -36.8943508222475], [174.491000104499, -36.8943477500122], [174.49100875713, -36.8943448741993], [174.491017548077, -36.8943421859381], [174.491026477341, -36.8943396852286], [174.491035556143, -36.8943373719299], [174.491044773436, -36.8943352551943], [174.491054140442, -36.894333334881], [174.49106364559, -36.8943315931078], [174.49107328923, -36.8943300478975], [174.491083082583, -36.8943286991095], [174.491093002858, -36.8943275290021], [174.491102858795, -36.8943265129349], [174.491112515058, -36.8943256165517], [174.491121982691, -36.8943248307001], [174.491131250824, -36.894324173544], [174.491140330502, -36.8943236359312], [174.491149210506, -36.8943232180025], [174.491157902055, -36.8943229196171], [174.491166405149, -36.8943227407752], [174.491174708569, -36.8943226816174], [174.491182823534, -36.8943227420032], [174.491190739, -36.8943229310848], [174.491198465836, -36.8943232306983], [174.491205992998, -36.8943236499963], [174.491213331881, -36.8943241978495], [174.491220482133, -36.8943248562347], [174.491227432888, -36.894325643316], [174.491234183968, -36.8943265500818], [174.491240746418, -36.8943275673798], [174.491247120589, -36.8943287132332], [174.491253295086, -36.8943299787712], [174.491259449599, -36.8943313707519], [174.491265842706, -36.8943329129707], [174.491272485451, -36.894334596275], [174.491279377834, -36.8943364206649], [174.491286520031, -36.8943383951519], [174.491293912042, -36.8943405197359], [174.491301553691, -36.8943427854052], [174.491309445155, -36.8943452011715], [174.491317597476, -36.8943477578823], [174.491325988392, -36.8943504648307], [174.491334640167, -36.8943533127234], [174.491343530536, -36.8943563108537], [174.491352681763, -36.8943594499283], [174.491362071586, -36.8943627392402], [174.491371722267, -36.8943661694963], [174.491381622762, -36.8943697498488], [174.491391772897, -36.8943734712862], [174.491402172846, -36.8943773428199], [174.491412822435, -36.8943813554383], [174.491423721839, -36.8943855181529], [174.491434891218, -36.894389713532], [174.49144644364, -36.8943934083459], [174.491458389098, -36.894396539373], [174.49147073846, -36.8943990884493], [174.491483491902, -36.8944010645862], [174.491496626984, -36.8944024680652], [174.491510166145, -36.8944032986045], [174.491524109384, -36.8944035562041], [174.491538445482, -36.8944032410045], [174.491553174439, -36.8944023530057], [174.491568307298, -36.8944008830552], [174.49158382197, -36.8943988494576], [174.491599751939, -36.8943962427787], [174.49161606337, -36.8943930544292], [174.491632790272, -36.8943893020096], [174.491649898635, -36.8943849679192], [174.491667411249, -36.8943800698992], [174.491685316542, -36.8943745900673], [174.49170362591, -36.8943685372938], [174.491722328131, -36.8943619117196], [174.491741401293, -36.8943547406607], [174.491760406959, -36.8943475614327], [174.491779136514, -36.8943406110121], [174.491797600829, -36.8943338712351], [174.491815800255, -36.8943273601249], [174.491833734615, -36.8943210686701], [174.491851392692, -36.8943149970116], [174.49186878588, -36.8943091540203], [174.491885914003, -36.8943035306847], [174.491902777063, -36.8942981270049], [174.49191936384, -36.894292943122], [174.491935685728, -36.8942879879067], [174.491951742553, -36.8942832523474], [174.491967534315, -36.8942787364445], [174.491983049795, -36.8942744403388], [174.491998300388, -36.8942703729011], [174.492013285917, -36.89426652512], [174.492028006385, -36.8942628969955], [174.492042450571, -36.8942594886687], [174.49205662987, -36.8942563090103], [174.492070544107, -36.8942533490088], [174.492084271294, -36.8942505806434], [174.492097911705, -36.8942479665996], [174.49211148778, -36.8942455065958], [174.49212497708, -36.8942432009138], [174.492138390824, -36.8942410494126], [174.492151728837, -36.8942390430808], [174.49216498025, -36.8942372000824], [174.492178156109, -36.8942355112649], [174.492191256412, -36.8942339766284], [174.492204281159, -36.8942325961729], [174.492217218957, -36.8942313610278], [174.492230081375, -36.8942302890753], [174.492242857018, -36.8942293714448], [174.492255568151, -36.8942285988429], [174.492268192685, -36.8942279895747], [174.492280741664, -36.8942275344875], [174.492293203693, -36.8942272247109], [174.492305601563, -36.8942270779861], [174.492317912659, -36.8942270855834], [174.492330148025, -36.8942272383505], [174.492342396541, -36.8942274901021], [174.492355057551, -36.8942276014646], [174.492368141924, -36.8942275542741], [174.49238166088, -36.8942273483893], [174.492395614417, -36.8942269838101], [174.492410002537, -36.8942264605363], [174.49242481402, -36.8942257787089], [174.492440060084, -36.8942249381865], [174.492455740731, -36.8942239389692], [174.492471856135, -36.8942227900682], [174.492488405944, -36.8942214734604], [174.492505379116, -36.8942199982979], [174.492522798089, -36.8942183642988], [174.492540640599, -36.8942165807563], [174.492558917514, -36.8942146295061], [174.492577629011, -36.8942125195597], [174.492596763868, -36.8942102510577], [174.492616344702, -36.8942078327296], [174.49263634872, -36.8942052468339], [174.492656787495, -36.8942025112528], [174.492677582487, -36.8941996269726], [174.492697784944, -36.8941968582987], [174.492717093164, -36.8941942721186], [174.492735507148, -36.8941918684326], [174.492753027071, -36.8941896562527], [174.492769652758, -36.8941876265678], [174.492785384384, -36.8941857883897], [174.492800221775, -36.8941841327072], [174.492814164931, -36.8941826595208], [174.492827214026, -36.8941813778422], [174.492839368887, -36.8941802786602], [174.492850618468, -36.8941793711276], [174.492860985034, -36.8941786459511], [174.492870457365, -36.894178103272], [174.492879035637, -36.894177752102], [174.492886708455, -36.8941775835707], [174.492893498433, -36.894177606408], [174.492899382957, -36.8941778118843], [174.492904384466, -36.8941781997178], [174.492908480697, -36.8941787792022], [174.492911693913, -36.894179541044], [174.49291500477, -36.8941801303978], [174.492919349046, -36.8941801929822], [174.492924715873, -36.8941797469609], [174.492931093854, -36.8941787834634], [174.492938516649, -36.8941773020665], [174.492946950599, -36.894175303193], [174.492956407099, -36.8941727957132], [174.492966897191, -36.8941697704744], [174.492978409658, -36.8941662276172], [174.492990933277, -36.8941621672825], [174.493004501884, -36.8941575980584], [174.493019081468, -36.8941525023445], [174.493034683598, -36.8941468980225], [174.49305131932, -36.8941407759395], [174.493068966368, -36.8941341453886], [174.49308764683, -36.8941269880643], [174.493107349836, -36.8941193221302], [174.493128086431, -36.8941111384331], [174.493149834173, -36.8941024372548], [174.493172615678, -36.894093227324], [174.493196085594, -36.8940836391733], [174.493219365297, -36.89407408045], [174.493242398866, -36.8940645608709], [174.49326519787, -36.8940550983182], [174.493287739521, -36.894045675051], [174.493310046432, -36.8940362997989], [174.493332107384, -36.8940269727031], [174.493353922377, -36.8940176937638], [174.493375502457, -36.8940084538284], [174.493396825533, -36.8939992712023], [174.493417913696, -36.8939901275804], [174.493438744856, -36.893981041268], [174.493459341103, -36.8939719939602], [174.493479702435, -36.8939629856569], [174.493499806766, -36.8939540346636], [174.493519665139, -36.8939451318276], [174.493539288599, -36.8939362679967], [174.493558666277, -36.893927461335], [174.493577797822, -36.8939186938195], [174.493596683411, -36.8939099744619], [174.493615323569, -36.8939013302969], [174.493633655194, -36.8938929784475], [174.493651657254, -36.8938849912881], [174.493669351835, -36.8938773505136], [174.493686727895, -36.8938700652767], [174.493703774214, -36.8938631357187], [174.493720513232, -36.8938565615576], [174.493736922334, -36.8938503340641], [174.493753013092, -36.8938444711203], [174.493768785154, -36.8938389547033], [174.493784238696, -36.8938337938247], [174.493799373543, -36.8938289794732], [174.493814190047, -36.8938245296718], [174.493828676636, -36.8938204265388], [174.493842855927, -36.8938166788036], [174.493856705479, -36.8938132867485], [174.493870236514, -36.8938102502325], [174.49388346025, -36.8938075691146], [174.493896354073, -36.8938052346656], [174.493908929379, -36.893803255756], [174.493921186168, -36.893801632386], [174.493933264321, -36.8938000563297], [174.493945260951, -36.8937983280641], [174.493957164837, -36.8937964477301], [174.493968987199, -36.8937944151869], [174.493980728038, -36.8937922304343], [174.493992387352, -36.8937898934724], [174.494003953923, -36.8937874044424], [174.49401543897, -36.8937847632031], [174.494026842492, -36.8937819697546], [174.494038164666, -36.8937790331085], [174.494049393921, -36.8937759353827], [174.494060541651, -36.8937726854479], [174.494071607856, -36.8937692833039], [174.494082581318, -36.893765729092], [174.494093473431, -36.8937620316825], [174.494104283844, -36.8937581730524], [174.494115012732, -36.8937541622133], [174.494125649051, -36.8937500083179], [174.494136203671, -36.893745693202], [174.494146676765, -36.8937412258771], [174.494157113388, -36.8937366147904], [174.494167625385, -36.8937318405077], [174.494178224326, -36.8937269209109], [174.49418889864, -36.893721838118], [174.494199648678, -36.8937166101522], [174.494210474089, -36.8937112189902], [174.494221386443, -36.893705682514], [174.494232362951, -36.8936999829829], [174.494243437622, -36.8936941379964], [174.494254576446, -36.8936881299549], [174.494265802213, -36.8936819765991], [174.494277103529, -36.8936756690586], [174.494288480216, -36.8936691983219], [174.494299932628, -36.893662582412], [174.494311471806, -36.8936558121762], [174.494323086357, -36.8936488787441], [174.494334776631, -36.8936418001388], [174.494346553671, -36.8936345672075], [174.49435840626, -36.8936271800914], [174.494370334395, -36.8936196387904], [174.49438227164, -36.893611989209], [174.494393797449, -36.8936045340902], [174.49440484556, -36.89359732835], [174.494415393535, -36.8935903722709], [174.494425463637, -36.8935836565593], [174.494435056042, -36.8935771902267], [174.494444148311, -36.8935709735555], [174.494452762884, -36.8935650062636], [174.494460899584, -36.8935592793396], [174.49446853615, -36.8935538020773], [174.494475694843, -36.893548565183], [174.494482375841, -36.8935435776684], [174.494488567923, -36.8935388396746], [174.494494270914, -36.8935343421903], [174.494499485167, -36.8935301032385], [174.494504221548, -36.893526104655], [174.494508468839, -36.8935223465812], [174.494512227215, -36.8935188380285], [174.494515507897, -36.8935155788559], [174.494518299664, -36.8935125692046], [174.494520624604, -36.8935097907692], [174.494522980743, -36.8935068857491], [174.494525645053, -36.8935036703853], [174.494528583876, -36.8935001451012], [174.49453183087, -36.8934963094734], [174.494535363772, -36.8934921727956], [174.49453919345, -36.8934877169037], [174.49454330886, -36.8934829509503], [174.494547732617, -36.8934778836646], [174.49455243071, -36.8934724974469], [174.494557436975, -36.8934668008853], [174.494562729146, -36.8934608032736], [174.494568318268, -36.893454495459], [174.494574204166, -36.8934478684301], [174.49458037597, -36.8934409403509], [174.494586844549, -36.8934336930573], [174.494593599035, -36.8934261447133], [174.49460066169, -36.8934182860252], [174.494608010076, -36.893410117275], [174.494615644192, -36.8934016384629], [174.494623586477, -36.8933928493065], [174.494631694769, -36.8933839408825], [174.49463981832, -36.8933752395817], [174.49464794556, -36.8933667275222], [174.494656065445, -36.8933584138567], [174.494664200238, -36.8933502892913], [174.494672339072, -36.8933423719904], [174.494680481594, -36.8933346439307], [174.494688616938, -36.8933271232765], [174.49469676719, -36.8933197917225], [174.494704921308, -36.8933126584213], [174.494713067895, -36.8933057145026], [174.494721229742, -36.8932989777071], [174.494729395279, -36.8932924301528], [174.494737564856, -36.8932860898629], [174.494745726904, -36.8932799389555], [174.494753904036, -36.8932739861597], [174.494762084858, -36.8932682226052], [174.494770258502, -36.8932626664562], [174.494778447055, -36.8932572994073], [174.494786639473, -36.8932521306113], [174.494794914117, -36.8932471500683], [174.494803673308, -36.8932422715927], [174.494812939658, -36.8932375039134], [174.494822735255, -36.8932328287249], [174.494833049233, -36.8932282641913], [174.494843881413, -36.8932238013011], [174.494855231798, -36.8932194400539], [174.494867089167, -36.893215180591], [174.494879487178, -36.8932110224885], [174.494892392349, -36.8932069751814], [174.494905815547, -36.8932030205052], [174.494919757125, -36.893199176483], [174.494934228126, -36.8931954339616], [174.494949205935, -36.893191784212], [174.494964713342, -36.8931882449744], [174.494980727909, -36.893184816531], [174.494997271724, -36.8931814805764], [174.495014333741, -36.8931782462628], [174.495031914137, -36.8931751226017], [174.495050012562, -36.8931720915697], [174.49506860675, -36.8931691624606], [174.49508718796, -36.8931661433746], [174.495105575624, -36.893162982502], [174.495123769391, -36.8931596618196], [174.495141780833, -36.8931561992095], [174.495159587158, -36.8931525769312], [174.495177211158, -36.8931488127252], [174.49519463004, -36.8931448888512], [174.495211855377, -36.893140823191], [174.495228898037, -36.8931365975804], [174.495245735931, -36.893132230325], [174.495262391147, -36.8931277031194], [174.495278841598, -36.8931230342692], [174.495295109371, -36.893118205469], [174.495311183597, -36.8931132348831], [174.495327052883, -36.8931081136412], [174.49534273949, -36.8931028324496], [174.495358221332, -36.8930974096138], [174.495373520671, -36.8930918358398], [174.495388626289, -36.893086111269], [174.495403526789, -36.8930802270312], [174.495418382936, -36.893074370391], [174.495433309914, -36.8930686931319], [174.49544833069, -36.8930632220059], [174.495463433868, -36.8930579481427], [174.495478619273, -36.8930528625308], [174.49549388708, -36.8930479741816], [174.495509248509, -36.8930432829539], [174.495524692341, -36.8930387889889], [174.495540218576, -36.8930344922865], [174.495555838258, -36.893030383694], [174.495571540342, -36.8930264723641], [174.49558732483, -36.8930227582967], [174.49560319172, -36.8930192414918], [174.495619152234, -36.8930159218081], [174.495635195151, -36.8930127993869], [174.495651320296, -36.8930098652165], [174.495667539239, -36.8930071371787], [174.495683840411, -36.8930045973917], [174.495700223986, -36.8930022548671], [174.49571668979, -36.8930001005931], [174.495733202933, -36.892998071913], [174.495749612637, -36.8929959183409], [174.4957659182, -36.8929936038306], [174.495782097359, -36.8929911376762], [174.49579818377, -36.8929885194541], [174.495814143953, -36.8929857585995], [174.495829988775, -36.8929828369483], [174.495845729806, -36.8929797723822], [174.495861366695, -36.8929765468783], [174.495876877179, -36.8929731697306], [174.495892283872, -36.8929696496682], [174.495907575204, -36.8929659688094], [174.495922762745, -36.8929621450359], [174.495937823704, -36.8929581606073], [174.495952780873, -36.8929540332642], [174.4959676339, -36.8929497449836], [174.495982360696, -36.892945314071], [174.495996983526, -36.8929407312325], [174.496011490993, -36.8929359875978], [174.496025894669, -36.8929311010489], [174.49604023908, -36.8929260529974], [174.496055164085, -36.8929208534131], [174.496070837798, -36.8929154911648], [174.496087282659, -36.8929099659697], [174.496104476052, -36.8929042690986], [174.496122440767, -36.8928984182915], [174.496141154191, -36.8928924048193], [174.496160627541, -36.8928862285402], [174.496180860817, -36.8928798894539], [174.49620185402, -36.89287338756], [174.496223606972, -36.8928667138466], [174.496246120026, -36.8928598863363], [174.496269393004, -36.8928528960172], [174.496293425908, -36.8928457428889], [174.496318207516, -36.8928384270921], [174.496343760267, -36.8928309483439], [174.496370061723, -36.8928233069262], [174.496397134321, -36.8928155025562], [174.496424955622, -36.8928075355157], [174.496453536846, -36.8927994056631], [174.496482878167, -36.8927911220093], [174.496511851002, -36.8927829331273], [174.49653956202, -36.8927750666004], [174.496565988785, -36.8927675227122], [174.496591142691, -36.8927603103336], [174.496615034609, -36.892753411301], [174.496637642274, -36.8927468349095], [174.496658976908, -36.8927405810183], [174.496679049731, -36.8927346494869], [174.496697838303, -36.8927290405984], [174.496715353846, -36.8927237542123], [174.496731607578, -36.8927187901877], [174.496746577062, -36.8927141488077], [174.496760284561, -36.8927098207787], [174.496772707988, -36.8927058244069], [174.496783858388, -36.8927021505397], [174.496793746803, -36.8926987900246], [174.496802351148, -36.8926957611677], [174.496809693685, -36.892693054675], [174.496815751801, -36.892690661818], [174.496820548285, -36.8926886003372], [174.496824552593, -36.8926867741804], [174.496828995512, -36.8926849965795], [174.496833932964, -36.8926832578161], [174.496839364949, -36.8926815578902], [174.496845280071, -36.8926798879314], [174.496851689901, -36.8926782658215], [174.496858582869, -36.8926766736786], [174.496865970369, -36.8926751203729], [174.496873852401, -36.8926736059042], [174.496882228966, -36.8926721302725], [174.496891088845, -36.892670693619], [174.496900443079, -36.8926692867906], [174.496910280803, -36.8926679279518], [174.496920612883, -36.892666598938], [174.496931439496, -36.8926653087605], [174.496942749421, -36.8926640575606], [174.496954553879, -36.8926628451969], [174.496966852869, -36.892661671669], [174.496979646216, -36.8926605279655], [174.496992923051, -36.8926594322504], [174.49700660396, -36.8926583404559], [174.497020113585, -36.8926570975848], [174.497033294152, -36.8926556695705], [174.497046167746, -36.8926540381074], [174.497058723501, -36.8926522213599], [174.497070972459, -36.8926502101753], [174.497082903577, -36.8926480137065], [174.497094527723, -36.8926456137893], [174.49710582281, -36.8926430287296], [174.497116822496, -36.8926402581032], [174.49712749277, -36.8926372843114], [174.497137856424, -36.8926341250945], [174.497147902061, -36.8926307715825], [174.497157640902, -36.8926272236341], [174.497167061903, -36.8926234904022], [174.497176164887, -36.8926195628754], [174.497184961075, -36.8926154409125], [174.497193450642, -36.8926111335249], [174.497201610973, -36.8926066319841], [174.497209464508, -36.8926019360072], [174.497217011246, -36.8925970455944], [174.497224591464, -36.8925921457454], [174.497232408873, -36.8925873240302], [174.497240463473, -36.8925825804487], [174.497248766657, -36.8925779238709], [174.497257307208, -36.8925733544382], [174.497266096168, -36.8925688629976], [174.497275111099, -36.892564449832], [174.497284374615, -36.8925601236699], [174.497293875321, -36.8925558756411], [174.497303624612, -36.8925517146157], [174.49731361127, -36.8925476407352], [174.497323834941, -36.8925436359763], [174.497334296155, -36.8925397273736], [174.497345005778, -36.8925358967625], [174.497355952591, -36.8925321442845], [174.497367136769, -36.8925284789508], [174.497378558138, -36.8925248917501], [174.497390228092, -36.8925213915523], [174.497402135236, -36.8925179694873], [174.497414290966, -36.8925146344249], [174.497426503671, -36.8925113437118], [174.497438469549, -36.8925080561087], [174.497450177206, -36.8925047627455], [174.49746162664, -36.8925014636223], [174.497472818027, -36.8924981677507], [174.497483739798, -36.8924948572491], [174.497494414565, -36.8924915408464], [174.497504831286, -36.8924882276955], [174.497514978566, -36.8924849089264], [174.497524878667, -36.8924815752448], [174.497534520723, -36.8924782448151], [174.497543893336, -36.8924749087675], [174.497553019124, -36.8924715758306], [174.497561875294, -36.8924682282642], [174.497570484461, -36.8924648747972], [174.497578824364, -36.8924615247239], [174.497586917087, -36.8924581597385], [174.497594740546, -36.8924547981469], [174.497602317003, -36.8924514306549], [174.497609624018, -36.8924480575452], [174.497616729084, -36.892444686981], [174.497623902523, -36.8924413696368], [174.497631200606, -36.8924381138169], [174.497638612115, -36.8924349196627], [174.497646137049, -36.8924317871742], [174.497653775232, -36.89242870734], [174.49766153806, -36.89242568903], [174.497669403271, -36.8924227415386], [174.49767739295, -36.8924198465598], [174.497685495878, -36.8924170042352], [174.497693723627, -36.8924142324462], [174.497702064626, -36.8924115133113], [174.497710508007, -36.8924088649949], [174.497719087075, -36.8924062690495], [174.49772776835, -36.8924037349111], [174.49773657427, -36.8924012622968], [174.49774548222, -36.8923988424778], [174.497754514991, -36.8923964931942], [174.497763661011, -36.8923941965646], [174.497772931676, -36.8923919614588], [174.497782304724, -36.8923897971713], [174.497791725465, -36.8923877765014], [174.497801138686, -36.8923859452138], [174.497810555428, -36.8923842941556], [174.497819964824, -36.8923828414912], [174.497829388962, -36.8923815689146], [174.497838805578, -36.8923804857205], [174.497848214674, -36.8923795919086], [174.497857638686, -36.8923788871961], [174.497867055002, -36.8923783628544], [174.497876475191, -36.8923780367651], [174.497885898903, -36.8923778909052], [174.497895315094, -36.8923779344275], [174.497904746203, -36.8923781670493], [174.497914158572, -36.8923785891947], [174.497923585859, -36.8923792004396], [174.497933016668, -36.8923799919139], [174.497942440133, -36.8923809817819], [174.497951867121, -36.8923821518793], [174.497961286588, -36.8923835113589], [174.497970720797, -36.8923850509264], [174.497980122582, -36.8923866539981], [174.497989454585, -36.8923881317569], [174.497998728026, -36.8923894840611], [174.498007931686, -36.8923907110524], [174.498017076783, -36.8923918125893], [174.498026163142, -36.8923927796603], [174.498035179895, -36.8923936304298], [174.49804412669, -36.892394346875], [174.498053014923, -36.8923949378658], [174.498061833374, -36.8923954035437], [174.498070593263, -36.8923957437673], [174.498079283193, -36.8923959496666], [174.498087914737, -36.8923960391231], [174.498096476323, -36.8923959942552], [174.498104979522, -36.8923958329446], [174.498113423983, -36.8923955371683], [174.498121787442, -36.8923951162206], [174.498130103557, -36.8923945696773], [174.498138338671, -36.8923938979627], [174.498146526441, -36.8923931006524], [174.498154679144, -36.892392231674], [174.498163003308, -36.8923915227798], [174.498171510856, -36.8923910098743], [174.498180201436, -36.8923906749345], [174.498189075225, -36.8923905269719], [174.498198121178, -36.8923905751393], [174.498207350165, -36.8923908012722], [174.498216773579, -36.8923912142407], [174.498226369159, -36.8923918233391], [174.498236147772, -36.8923926104029], [174.498246098374, -36.8923935845851], [174.498256243404, -36.8923947456026], [174.49826657182, -36.8923961026083], [174.498277072049, -36.8923976377208], [174.498287755487, -36.8923993598099], [174.498298622135, -36.8924012688757], [174.498309671992, -36.892403364918], [174.498320905059, -36.8924056479368], [174.498332321335, -36.8924081179321], [174.49834392082, -36.8924107749037], [174.49835570334, -36.8924136098402], [174.498367888875, -36.8924163946239], [174.498380510028, -36.892419074761], [174.498393600455, -36.8924216498269], [174.498407137367, -36.8924241020814], [174.498421121115, -36.8924264495475], [174.498435562742, -36.8924286830719], [174.498450462426, -36.892430811666], [174.498465808769, -36.8924328264596], [174.498481612991, -36.892434727311], [174.498497863874, -36.8924365143616], [174.498514572812, -36.8924381964811], [174.498531739629, -36.892439764658], [174.498549353107, -36.8924412190334], [174.498567424463, -36.8924425594657], [174.498585942655, -36.8924437951077], [174.498604918726, -36.8924449168061], [174.498624341634, -36.8924459337138], [174.49864422242, -36.8924468366776], [174.498685346408, -36.8924483009137], [174.498723206622, -36.8924619117416]]}, "properties": {"OBJECTID": 1185, "TRACKNAME": "Wainamu Bush Track", "CONDITIONSOFUSE": "Waitakere North Regional Park", "STATUS": "Temp Closed", "WEBLINK": "https://www.aucklandcouncil.govt.nz/en/parks-recreation/find-park-beach/park-detail/3407.html", "VALIDATIONSTATE": 3, "created_user": "AC_owner", "last_edited_user": "AC_owner", "last_edited_date": 1789875254325, "created_date": 1789875254325, "PARK_SAPSITEID": null, "TRACK_ID": null, "KAURIDIEBACK_TRACK": null, "KAURIDIEBACK_MITIGATED": null, "SegmentID": null, "GlobalID": "f28bfd99-8c91-4db8-a31c-788d84b0aa31", "Shape__Length": 2543.7456215513066, "_COUNCIL_TRACKNAME": "Wainamu Bush Track"}}, {"type": "Feature", "id": 2078, "geometry": {"type": "LineString", "coordinates": [[175.113449068519, -37.1069125229978], [175.113248482762, -37.1068231979452], [175.112889941401, -37.1063855402198], [175.111953859712, -37.1056623538508], [175.111999058636, -37.1055257557805], [175.112267682518, -37.1047142339837], [175.111964822109, -37.1039759752639], [175.111793684227, -37.1033162837838], [175.112849573224, -37.1019107077086], [175.11320985677, -37.1012967820381], [175.113662516984, -37.1006053310008], [175.114212042931, -37.0999878472596], [175.114378470845, -37.0992259912774], [175.115020366322, -37.0985308078646], [175.115939381413, -37.0976026918931], [175.116191271107, -37.0965358267393], [175.11672315792, -37.095982437691], [175.117065887471, -37.0950099145332], [175.117727635042, -37.0937569513604], [175.118460871865, -37.092407101333], [175.11898759516, -37.0919300322062], [175.119440068922, -37.091238472796], [175.119507158219, -37.0903268298844], [175.119382719763, -37.0893430947613], [175.119808792579, -37.0887439254337], [175.119812275121, -37.0878934254062], [175.120370793303, -37.0866581466814], [175.12048232237, -37.0859166408976], [175.120961245268, -37.0855137628767], [175.12179140788, -37.0854023099684], [175.122670612603, -37.0849439614859], [175.12323628308, -37.084455992366], [175.123664475946, -37.0838513639853], [175.123746876963, -37.0831343416091], [175.124282099692, -37.0826230297108], [175.124210813671, -37.0819399443987], [175.124461583898, -37.0813769579716], [175.124415550546, -37.0804456186687], [175.124606343868, -37.0796713337188], [175.124952432843, -37.0793068618916], [175.124890411839, -37.0790289974792], [175.124601213906, -37.0789129881503], [175.123872887807, -37.0790416430671], [175.123574209884, -37.0789115611291], [175.123016184329, -37.0784716462089], [175.123109627982, -37.0779677183043], [175.123003470751, -37.0775904409818], [175.122719393073, -37.0772253709537], [175.122139419145, -37.0766499614289], [175.121109952969, -37.0762692969891], [175.119920251347, -37.0761993866703], [175.118317709723, -37.0763593180086], [175.117143725881, -37.0762175567728], [175.116480460567, -37.0764307863343], [175.115889859981, -37.0763921285009], [175.115222845653, -37.0761832668252], [175.114754745567, -37.0757630673479], [175.114163283947, -37.075101950292], [175.113660468186, -37.0753049214139], [175.112738896281, -37.0752440284888], [175.112470797069, -37.074941538333], [175.111825571087, -37.0745677343996], [175.111074262893, -37.0742316770679], [175.110648908476, -37.0737462683219], [175.110840512031, -37.0735851721404], [175.111051874175, -37.0734880560024], [175.111225647761, -37.0731922854944]]}, "properties": {"OBJECTID": 2078, "TRACKNAME": "Wairoa Cosseys Track", "CONDITIONSOFUSE": "Hunua Ranges Regional Park", "STATUS": "Open", "WEBLINK": "https://www.aucklandcouncil.govt.nz/en/parks-recreation/find-park-beach/park-detail/213.html", "VALIDATIONSTATE": 3, "created_user": "AC_owner", "last_edited_user": "AC_owner", "last_edited_date": 1789875254325, "created_date": 1789875254325, "PARK_SAPSITEID": null, "TRACK_ID": null, "KAURIDIEBACK_TRACK": null, "KAURIDIEBACK_MITIGATED": null, "SegmentID": null, "GlobalID": "99719849-860c-4d1d-a062-95a8dc2a6939", "Shape__Length": 5230.813506574236, "_COUNCIL_TRACKNAME": "Wairoa Cosseys Track"}}, {"type": "Feature", "id": 12211, "geometry": {"type": "LineString", "coordinates": [[175.127779748904, -37.1015053055903], [175.128094775222, -37.1019012588144], [175.12811654133, -37.1024434064794], [175.128078825575, -37.1030022949444], [175.128538935162, -37.1037283225257], [175.128706605108, -37.104325241523], [175.128474750908, -37.1045675624484], [175.128030712752, -37.1050391330722], [175.127248249156, -37.1051980744191], [175.126585972562, -37.1051326494414], [175.126315187986, -37.1052144569857], [175.126168607425, -37.1053377378073], [175.126150244526, -37.1056335351567], [175.125914161831, -37.1058944839107], [175.125575686053, -37.106060671915], [175.125140733147, -37.1061347951219], [175.12473615175, -37.1058216250062], [175.124442682902, -37.1056756818324], [175.124161724203, -37.1056093560467], [175.123884076606, -37.1056546990663], [175.12334380058, -37.1055853572864], [175.122847637364, -37.1057635552884], [175.122543232456, -37.1056380815126], [175.122440714963, -37.1053794180496], [175.122357727414, -37.1051121131942], [175.12209124943, -37.1049710252083]]}, "properties": {"OBJECTID": 12211, "TRACKNAME": "Wairoa Loop Track", "CONDITIONSOFUSE": "Hunua Ranges Regional Park", "STATUS": "Open", "WEBLINK": "https://www.aucklandcouncil.govt.nz/en/parks-recreation/find-park-beach/park-detail/213.html", "VALIDATIONSTATE": 3, "created_user": "AC_owner", "last_edited_user": "AC_owner", "last_edited_date": 1789875254325, "created_date": 1789875254325, "PARK_SAPSITEID": null, "TRACK_ID": null, "KAURIDIEBACK_TRACK": null, "KAURIDIEBACK_MITIGATED": null, "SegmentID": null, "GlobalID": "b99dccb9-61c2-4954-8f03-fc99ee683df7", "Shape__Length": 1099.720115049288, "_COUNCIL_TRACKNAME": "Wairoa Loop Track"}}, {"type": "Feature", "id": 12239, "geometry": {"type": "LineString", "coordinates": [[175.128665771426, -37.1004006332152], [175.128199402473, -37.1008658460324], [175.127888810195, -37.1011855374901], [175.127930040735, -37.1014188987255], [175.127744042301, -37.1015059465904]]}, "properties": {"OBJECTID": 12239, "TRACKNAME": "Wairoa Loop Track", "CONDITIONSOFUSE": "Hunua Ranges Regional Park", "STATUS": "Open", "WEBLINK": "https://www.aucklandcouncil.govt.nz/en/parks-recreation/find-park-beach/park-detail/213.html", "VALIDATIONSTATE": 3, "created_user": "AC_owner", "last_edited_user": "AC_owner", "last_edited_date": 1789875254325, "created_date": 1789875254325, "PARK_SAPSITEID": null, "TRACK_ID": null, "KAURIDIEBACK_TRACK": null, "KAURIDIEBACK_MITIGATED": null, "SegmentID": null, "GlobalID": "ac0ed53a-2cf3-458b-b8d6-dcd65d6993cf", "Shape__Length": 156.48241304706028, "_COUNCIL_TRACKNAME": "Wairoa Loop Track"}}, {"type": "Feature", "id": 12682, "geometry": {"type": "LineString", "coordinates": [[175.127779748904, -37.1015053055903], [175.128094775222, -37.1019012588144], [175.12811654133, -37.1024434064794], [175.128078825575, -37.1030022949444], [175.128538935162, -37.1037283225257], [175.128706605108, -37.104325241523], [175.128474750908, -37.1045675624484], [175.128030712752, -37.1050391330722], [175.127248249156, -37.1051980744191], [175.126585972562, -37.1051326494414], [175.126315187986, -37.1052144569857], [175.126168607425, -37.1053377378073], [175.126150244526, -37.1056335351567], [175.125914161831, -37.1058944839107], [175.125575686053, -37.106060671915], [175.125140733147, -37.1061347951219], [175.12473615175, -37.1058216250062], [175.124442682902, -37.1056756818324], [175.124161724203, -37.1056093560467], [175.123884076606, -37.1056546990663], [175.12334380058, -37.1055853572864], [175.122847637364, -37.1057635552884], [175.122543232456, -37.1056380815126], [175.122440714963, -37.1053794180496], [175.122357727414, -37.1051121131942], [175.12209124943, -37.1049710252083]]}, "properties": {"OBJECTID": 12682, "TRACKNAME": "Wairoa Loop Track", "CONDITIONSOFUSE": "Hunua Ranges Regional Park", "STATUS": "Open", "WEBLINK": "https://www.aucklandcouncil.govt.nz/en/parks-recreation/find-park-beach/park-detail/213.html", "VALIDATIONSTATE": 3, "created_user": "AC_owner", "last_edited_user": "AC_owner", "last_edited_date": 1789875254325, "created_date": 1789875254325, "PARK_SAPSITEID": null, "TRACK_ID": null, "KAURIDIEBACK_TRACK": null, "KAURIDIEBACK_MITIGATED": null, "SegmentID": null, "GlobalID": "83d20b3e-29a3-48c5-9775-dcdce6c487b4", "Shape__Length": 1099.720115049288, "_COUNCIL_TRACKNAME": "Wairoa Loop Track"}}, {"type": "Feature", "id": 12683, "geometry": {"type": "LineString", "coordinates": [[175.128665771426, -37.1004006332152], [175.128199402473, -37.1008658460324], [175.127888810195, -37.1011855374901], [175.127930040735, -37.1014188987255], [175.127744042301, -37.1015059465904]]}, "properties": {"OBJECTID": 12683, "TRACKNAME": "Wairoa Loop Track", "CONDITIONSOFUSE": "Hunua Ranges Regional Park", "STATUS": "Open", "WEBLINK": "https://www.aucklandcouncil.govt.nz/en/parks-recreation/find-park-beach/park-detail/213.html", "VALIDATIONSTATE": 3, "created_user": "AC_owner", "last_edited_user": "AC_owner", "last_edited_date": 1789875254325, "created_date": 1789875254325, "PARK_SAPSITEID": null, "TRACK_ID": null, "KAURIDIEBACK_TRACK": null, "KAURIDIEBACK_MITIGATED": null, "SegmentID": null, "GlobalID": "6dbd683c-1042-4e33-b6a6-87a0fea556ee", "Shape__Length": 156.48241304706028, "_COUNCIL_TRACKNAME": "Wairoa Loop Track"}}, {"type": "Feature", "id": 12684, "geometry": {"type": "LineString", "coordinates": [[175.140083689956, -37.1001365877136], [175.139794889458, -37.1006466218112], [175.139392978701, -37.1011885104301], [175.139073501526, -37.101695491501], [175.138754970916, -37.102235873182], [175.138265885746, -37.1026456749801], [175.137779611977, -37.1031556616732], [175.137251641513, -37.1036664073301], [175.136507668796, -37.1039137233263], [175.135600646121, -37.1042976288772], [175.134943816964, -37.1046770210908], [175.134397701635, -37.1049264467519], [175.133781534778, -37.1052247173969], [175.133288630778, -37.105663669363], [175.13331468786, -37.1063773911016], [175.13330438792, -37.1063973049736], [175.133101928802, -37.1067874252495], [175.132759186738, -37.1073434221782], [175.132729829057, -37.1078448590892], [175.132864796999, -37.1079925523393], [175.132976229596, -37.1081143523465], [175.132954031367, -37.1083651565549], [175.132687297263, -37.1084061780879], [175.13240351375, -37.1088647959063], [175.132047861462, -37.1091531430431], [175.131605852667, -37.109432317415], [175.131188037111, -37.1095325525241], [175.13106540962, -37.1099045515844], [175.130661438364, -37.1103298259663], [175.130483324034, -37.1104771927321], [175.130441696484, -37.1105116479826], [175.130376456128, -37.1107527709055], [175.129918098831, -37.1108570650313], [175.129654973498, -37.1110172330434], [175.129391983292, -37.1111690073676], [175.129376921236, -37.1111776596653], [175.129384620252, -37.1111941945575], [175.129536279816, -37.1115203556022], [175.129369883283, -37.1118210660384], [175.128835781079, -37.1119871731689], [175.128561046809, -37.111765937823], [175.12800791309, -37.1116932439453], [175.12783058616, -37.1116238046832], [175.127631204156, -37.1115455592781], [175.127273294557, -37.1115287407358], [175.126724203333, -37.1115871640383], [175.126273240327, -37.11183628747], [175.126071137016, -37.1121483589963], [175.125909026225, -37.1123240017254], [175.125768430504, -37.1124762763059], [175.125182341994, -37.1122968478433], [175.124810682319, -37.1123160302934], [175.124430708377, -37.1120610814059], [175.124109705101, -37.1119305922727], [175.123971056804, -37.1118602737018], [175.123771662211, -37.1118245612647], [175.123712453087, -37.1116125022482], [175.123589486744, -37.1115113496187], [175.123458161215, -37.1114424854245], [175.12337279218, -37.1114093977228], [175.123229244533, -37.111393664998], [175.123104920318, -37.1114070407799], [175.123024029366, -37.1114295251751], [175.122873174095, -37.1114744873442], [175.122765764974, -37.1115004116969], [175.122558615889, -37.1115161986844], [175.122362464345, -37.1115196033813], [175.122281439751, -37.1115228027807], [175.122219003497, -37.111525119502], [175.122120562988, -37.1115022689047], [175.12204388561, -37.1114733416231], [175.122013888007, -37.1114484813308]]}, "properties": {"OBJECTID": 12684, "TRACKNAME": "Wairoa Loop Track", "CONDITIONSOFUSE": "Hunua Ranges Regional Park", "STATUS": "Open", "WEBLINK": "https://www.aucklandcouncil.govt.nz/en/parks-recreation/find-park-beach/park-detail/213.html", "VALIDATIONSTATE": 3, "created_user": "AC_owner", "last_edited_user": "AC_owner", "last_edited_date": 1789875254325, "created_date": 1789875254325, "PARK_SAPSITEID": null, "TRACK_ID": null, "KAURIDIEBACK_TRACK": null, "KAURIDIEBACK_MITIGATED": null, "SegmentID": null, "GlobalID": "602005e8-e4e4-46fd-92f4-2cfbcf7a0daf", "Shape__Length": 2530.5885040670855, "_COUNCIL_TRACKNAME": "Wairoa Loop Track"}}, {"type": "Feature", "id": 1460, "geometry": {"type": "LineString", "coordinates": [[175.103712977645, -37.0602851782163], [175.103869305224, -37.0603666008806], [175.104030000788, -37.0603525197837], [175.10413453123, -37.0603338292689], [175.104231915111, -37.0603096505987], [175.104329298928, -37.0602854718503], [175.104399303249, -37.0602842294755], [175.104469152488, -37.0602773749249], [175.104572287431, -37.0602081928388], [175.10461289693, -37.0601569561047], [175.104680110451, -37.0600547311901], [175.104739701013, -37.0599301910134], [175.104759147237, -37.0598737149945], [175.104846891919, -37.059754289902], [175.104964651257, -37.0597072984176], [175.105068881553, -37.0596773826463], [175.105174185909, -37.0596867338961], [175.105272499154, -37.0596962181898], [175.105322126568, -37.0597177875934], [175.105350125823, -37.0597172904604], [175.105377814793, -37.0597055690575], [175.105419808047, -37.0597048234359], [175.105966907406, -37.0597344031053], [175.106086217159, -37.0597435047972], [175.106163844325, -37.0597645855344], [175.106263077259, -37.0598077239538], [175.106334477471, -37.0598569715881], [175.10638519129, -37.0599178074125], [175.106401512852, -37.0600017137119], [175.106419397152, -37.0601417140579], [175.106404906181, -37.0603777155308], [175.106372076337, -37.0604568800759], [175.106359168232, -37.0604963955437], [175.106297252494, -37.0605367815662], [175.106290405013, -37.0605425180858], [175.106237664091, -37.0606613224493], [175.10624637362, -37.0607229134475], [175.106389299437, -37.0610795919666], [175.106596637332, -37.0614856508791], [175.106663674789, -37.0616303927571], [175.106723088946, -37.0617528195157], [175.106875058322, -37.0619297325055], [175.107095326691, -37.0620436859153], [175.107208114436, -37.06206974697], [175.107348891105, -37.0620953104827], [175.107370209958, -37.0621061523408], [175.107436162816, -37.0622116268675], [175.107501960548, -37.0623114892284], [175.107524510511, -37.0623672192193], [175.107529012909, -37.0625299076805]]}, "properties": {"OBJECTID": 1460, "TRACKNAME": "Wairoa-Cossey Track", "CONDITIONSOFUSE": "Hunua Ranges Regional Park", "STATUS": "Open", "WEBLINK": "https://www.aucklandcouncil.govt.nz/en/parks-recreation/find-park-beach/park-detail/213.html", "VALIDATIONSTATE": 3, "created_user": "AC_owner", "last_edited_user": "AC_owner", "last_edited_date": 1789875254325, "created_date": 1789875254325, "PARK_SAPSITEID": null, "TRACK_ID": null, "KAURIDIEBACK_TRACK": null, "KAURIDIEBACK_MITIGATED": null, "SegmentID": null, "GlobalID": "90abcbb4-e545-443f-9689-e835206e9c65", "Shape__Length": 625.1587945818414, "_COUNCIL_TRACKNAME": "Wairoa-Cossey Track"}}, {"type": "Feature", "id": 805, "geometry": {"type": "LineString", "coordinates": [[174.543317706203, -36.8999784299445], [174.543317520904, -36.8999787027617], [174.543317335425, -36.8999789665677], [174.543317150126, -36.8999792393849], [174.543316964828, -36.8999795122022], [174.54331677953, -36.8999797850194], [174.54331659405, -36.8999800488253], [174.543316408751, -36.8999803216426], [174.543316223453, -36.8999805944599], [174.543316038155, -36.8999808672771], [174.543315852856, -36.8999811400944], [174.543315667377, -36.8999814039003], [174.543315482078, -36.8999816767175], [174.54331529678, -36.8999819495348], [174.543315111481, -36.899982222352], [174.543314926002, -36.899982486158], [174.543314740703, -36.8999827589752], [174.543314555405, -36.8999830317925], [174.543314370107, -36.8999833046097], [174.543314184808, -36.899983577427], [174.543313999328, -36.8999838412329], [174.54331381403, -36.8999841140502], [174.543313628732, -36.8999843868674], [174.543313443433, -36.8999846596847], [174.543313257953, -36.8999849234906], [174.543313072655, -36.8999851963078], [174.543312887357, -36.8999854691251], [174.543312702058, -36.8999857419423], [174.54331251676, -36.8999860147596], [174.54331233128, -36.8999862785655], [174.543312145982, -36.8999865513828], [174.543311960683, -36.8999868242], [174.543311775385, -36.8999870970172], [174.543311589905, -36.8999873608232], [174.543311404607, -36.8999876336404], [174.543311219308, -36.8999879064577], [174.54331103401, -36.8999881792749], [174.543310848711, -36.8999884520922], [174.543310663232, -36.8999887158981], [174.543310477933, -36.8999889887153], [174.543310292635, -36.8999892615326], [174.543301473169, -36.8999860140198], [174.543292682678, -36.8999830906217], [174.543283921162, -36.8999804913383], [174.54327519966, -36.8999782070125], [174.543266507133, -36.8999762468015], [174.543257843581, -36.8999746107051], [174.543249220223, -36.8999732985778], [174.543240637061, -36.8999723104194], [174.543232071471, -36.8999716375103], [174.543223546258, -36.8999712975815], [174.543215061058, -36.8999712726103], [174.543206604832, -36.899971571754], [174.543198177398, -36.8999721860011], [174.54318977912, -36.8999731333744], [174.543181420854, -36.8999743957054], [174.543173102783, -36.8999759820054], [174.543164813685, -36.8999778924203], [174.543156553379, -36.8999801179387], [174.543148322228, -36.8999826765833], [174.54314013109, -36.8999855501857], [174.543132001496, -36.8999886933979], [174.543124062645, -36.8999918341316], [174.543116336252, -36.8999949360503], [174.543108821953, -36.8999979811313], [174.543101520112, -36.9000009873973], [174.543094430547, -36.900003945837], [174.543087553258, -36.9000068564505], [174.543080899465, -36.9000097190921], [174.54307444691, -36.9000125430645], [174.543068217851, -36.9000153190651], [174.543062201069, -36.9000180472396], [174.543056396562, -36.900020727588], [174.543050804514, -36.9000233691217], [174.543045413522, -36.9000259629751], [174.543040246026, -36.9000285088568], [174.543035302027, -36.9000310067668], [174.543030559084, -36.9000334569966], [174.5430260286, -36.9000358684119], [174.543021721612, -36.9000382318555], [174.54301761568, -36.900040547619], [174.543013733245, -36.9000428154109], [174.543009463002, -36.9000453316091], [174.543004348914, -36.9000483004376], [174.542998391343, -36.900051739919], [174.542991578707, -36.9000556321762], [174.542983922589, -36.9000599950861], [174.542975411585, -36.9000648197829], [174.542966068137, -36.900070105975], [174.542955858583, -36.9000758540993], [174.542944816584, -36.9000820637184], [174.542932919699, -36.9000887351237], [174.542920179329, -36.9000958771803], [174.54290658389, -36.9001034720112], [174.542892144966, -36.900111537493], [174.542876862192, -36.9001200556028], [174.54286072471, -36.9001290445085], [174.54284374356, -36.9001384950528], [174.54282591874, -36.9001484072354], [174.542807239029, -36.9001587812016], [174.542787715829, -36.9001696258167], [174.542767337556, -36.9001809232032], [174.542746347787, -36.9001925079515], [174.542725707625, -36.9002036194453], [174.542705549718, -36.9002141568119], [174.542685851988, -36.9002241383655], [174.542666636513, -36.9002335457923], [174.542647881217, -36.9002423974066], [174.542629608177, -36.9002506748945], [174.542611795317, -36.9002583965702], [174.542594453495, -36.9002655442657], [174.542577582893, -36.9002721269925], [174.54256118351, -36.9002781447507], [174.542545266568, -36.9002835973948], [174.542529809627, -36.9002884852165], [174.542514823907, -36.9002928080701], [174.542500309409, -36.9002965659559], [174.542486266133, -36.9002997588739], [174.54247269408, -36.9003023868245], [174.54245958203, -36.9003044499534], [174.542446952423, -36.9003059479694], [174.542434794039, -36.9003068810184], [174.542423095659, -36.9003072492461], [174.542411672888, -36.9003073705251], [174.542400372633, -36.9003074451439], [174.542389217515, -36.9003074818225], [174.542378184732, -36.9003074628296], [174.542367285866, -36.9003074060422], [174.542356520917, -36.9003073114604], [174.542345900744, -36.9003071609159], [174.542335392048, -36.9003069728684], [174.542325039529, -36.9003067377239], [174.542314798305, -36.9003064560651], [174.542304702038, -36.9003061274551], [174.542294739688, -36.9003057610508], [174.542284910894, -36.9003053388298], [174.542275204796, -36.9003048789602], [174.542265643837, -36.9003043811508], [174.542256205213, -36.9003038276704], [174.542246911726, -36.9003032362503], [174.542237740755, -36.9003025981704], [174.542228703521, -36.9003019132853], [174.542219811244, -36.9003011814492], [174.542211008547, -36.9003004394357], [174.542202230286, -36.9002997962546], [174.542193442982, -36.9002992613542], [174.542184657854, -36.9002988345889], [174.542175886123, -36.9002985158129], [174.542167105167, -36.9002982963064], [174.542158337789, -36.9002981938005], [174.542149561368, -36.9002981995753], [174.542140786941, -36.9002983044738], [174.542132026092, -36.900298526373], [174.542123256018, -36.9002988475416], [174.542114499341, -36.9002992766997], [174.542105733801, -36.9002998231497], [174.542096970256, -36.9003004687234], [174.542088220108, -36.9003012222866], [174.542079460915, -36.9003020841304], [174.542070715119, -36.9003030539637], [174.542061960278, -36.9003041320777], [174.542053207614, -36.9003053183267], [174.542044468165, -36.9003066035538], [174.542035719852, -36.9003080060729], [174.542026926659, -36.900309409174], [174.542018042977, -36.9003107773945], [174.542009079665, -36.900312092566], [174.542000037085, -36.9003133727112], [174.541990915238, -36.90031461783], [174.541981713761, -36.9003158098998], [174.541972433016, -36.9003169669432], [174.541963061601, -36.9003180800945], [174.541953610738, -36.9003191492081], [174.541944080426, -36.9003201742839], [174.541934470847, -36.9003211643332], [174.541924781818, -36.9003221103448], [174.541915013341, -36.9003230123185], [174.541905154194, -36.9003238704], [174.541895226819, -36.900324684298], [174.541885208957, -36.9003254633151], [174.541875111645, -36.9003261982942], [174.541864934885, -36.9003268892354], [174.541854667637, -36.9003275452957], [174.541844331979, -36.900328148161], [174.541833793812, -36.9003287266129], [174.541822761953, -36.9003293114718], [174.541811213961, -36.9003299030288], [174.541799138617, -36.9003305014295], [174.54178654714, -36.9003311065279], [174.54177342831, -36.9003317184696], [174.541759793166, -36.9003323280974], [174.541745642071, -36.9003329534339], [174.541730963623, -36.9003335856131], [174.541715769042, -36.9003342244891], [174.541700047108, -36.9003348702076], [174.541683809041, -36.9003355226225], [174.54166705466, -36.9003361727224], [174.541649784328, -36.9003368385298], [174.541631986642, -36.9003375111785], [174.541613661603, -36.9003381906685], [174.541594831652, -36.9003388767083], [174.541575463127, -36.9003395697344], [174.541555589509, -36.9003402602985], [174.541535188718, -36.9003409667142], [174.541514294235, -36.9003416795329], [174.541493401926, -36.9003425004837], [174.541472725341, -36.9003434448228], [174.541452287281, -36.9003445302817], [174.541432076346, -36.9003457479947], [174.541412081314, -36.9003470981077], [174.541392313587, -36.9003485894864], [174.541372772984, -36.9003502131196], [174.541353459505, -36.9003519690076], [174.541334373331, -36.9003538661616], [174.54131550306, -36.900355895716], [174.541296860093, -36.9003580665368], [174.541278444069, -36.9003603606014], [174.54126025535, -36.9003627959324], [174.541242293935, -36.9003653725301], [174.541224559643, -36.9003680813833], [174.541207041254, -36.9003709226375], [174.541189761209, -36.9003738960017], [174.541172697248, -36.9003770107786], [174.541155860409, -36.9003802578113], [174.541139250693, -36.9003836370999], [174.54112284421, -36.9003870768451], [174.541106626114, -36.9003903969664], [174.541090573783, -36.9003935887437], [174.541074709839, -36.9003966608972], [174.541059011479, -36.9003995956956], [174.541043490106, -36.9004024020045], [174.541028156938, -36.9004050796785], [174.541012989536, -36.9004076290088], [174.540997999302, -36.9004100588613], [174.540983185873, -36.9004123512133], [174.540968549611, -36.9004145240876], [174.540954090154, -36.9004165594615], [174.540939819086, -36.9004184752123], [174.540925713602, -36.9004202536085], [174.540911774067, -36.9004219126726], [174.540898022557, -36.9004234340912], [174.540884448215, -36.9004248360324], [174.54087105086, -36.900426109485], [174.540857830492, -36.9004272544489], [174.540844775891, -36.9004282710699], [174.540831909497, -36.900429159057], [174.540819300445, -36.9004300076499], [174.540806971718, -36.9004308435917], [174.540794911916, -36.9004316580167], [174.54078314366, -36.9004324596453], [174.540771644327, -36.9004332397572], [174.540760425321, -36.9004340072183], [174.540749497861, -36.9004347618832], [174.540738839325, -36.9004354950317], [174.540728461115, -36.9004362155296], [174.54071836323, -36.900436923377], [174.540708545491, -36.9004376095628], [174.540698996856, -36.9004382832437], [174.540689739587, -36.9004389351175], [174.540680762644, -36.9004395743411], [174.540672054806, -36.9004402010601], [174.540663638333, -36.9004408059721], [174.540655490966, -36.9004413983797], [174.540647623744, -36.900441969126], [174.540640037029, -36.9004425362337], [174.540632730277, -36.9004430726689], [174.540625581516, -36.9004436521229], [174.540618323088, -36.9004443591901], [174.540610966214, -36.900445193725], [174.540603499673, -36.9004461558729], [174.540595934868, -36.9004472544998], [174.540588260396, -36.9004484807398], [174.540580476439, -36.9004498436042], [174.540572605074, -36.9004513247793], [174.540564613004, -36.9004529427242], [174.540556522668, -36.900454697148], [174.540548322485, -36.9004565701734], [174.540540024036, -36.9004585796776], [174.540531616102, -36.9004607258061], [174.54052310954, -36.9004629903907], [174.540514493492, -36.9004653915996], [174.540505778997, -36.9004679202758], [174.540496955017, -36.9004705855761], [174.54048803259, -36.9004733783439], [174.540479000495, -36.9004762987244], [174.540469858915, -36.9004793557291], [174.540460607486, -36.9004825313352], [174.540451133281, -36.9004857909525], [174.540441379835, -36.900489117286], [174.540431358551, -36.9004925192012], [174.540421080287, -36.90049597853], [174.540410534183, -36.9004995134406], [174.540399720059, -36.9005031149214], [174.540388637916, -36.9005067829725], [174.540377287752, -36.9005105175937], [174.540365669567, -36.9005143187851], [174.540353783544, -36.9005181955577], [174.54034164072, -36.9005221387547], [174.540329229695, -36.9005261395103], [174.54031655083, -36.900530215847], [174.540303592725, -36.9005343588988], [174.54029038922, -36.9005385772406], [174.540276906293, -36.900542853286], [174.540263155527, -36.9005472049122], [174.540249147959, -36.9005516229622], [174.54023486097, -36.9005560987156], [174.540220317541, -36.9005606589153], [174.540205764521, -36.9005653003605], [174.540191617966, -36.9005700627251], [174.540177866657, -36.9005749461547], [174.540164521994, -36.9005799595152], [174.540151583978, -36.9005851028068], [174.540139052246, -36.9005903580071], [174.54012691594, -36.900595743284], [174.540115197321, -36.9006012493357], [174.540103874127, -36.9006068854644], [174.54009294618, -36.900612642659], [174.540082435918, -36.9006185206286], [174.540072332122, -36.9006245195188], [174.540062623752, -36.9006306484865], [174.540053321849, -36.900636898375], [174.540044426592, -36.9006432781956], [174.5400359264, -36.9006497700715], [174.540027844257, -36.9006564007455], [174.540020157178, -36.9006631434748], [174.540012876747, -36.9006700161367], [174.540006002782, -36.9006770097199], [174.539999501441, -36.9006841156495], [174.5399930562, -36.9006912208514], [174.539986621817, -36.9006983078849], [174.53998018707, -36.9007053768955], [174.539973751778, -36.9007124188718], [174.539967316123, -36.9007194428251], [174.539960868704, -36.9007264398896], [174.539954432322, -36.900733427797], [174.539947995215, -36.9007403796588], [174.539941557925, -36.900747322509], [174.539935120091, -36.9007542383249], [174.539928670492, -36.900761127252], [174.53992223175, -36.9007679980106], [174.539915792645, -36.9007748507463], [174.539909352995, -36.9007816764477], [174.539902913163, -36.9007884931375], [174.539896461385, -36.9007952739271], [174.539890020464, -36.9008020365483], [174.53988357918, -36.9008087811465], [174.539877137532, -36.9008155077218], [174.53987069534, -36.9008222072628], [174.539864362996, -36.9008287882018], [174.53985829523, -36.9008351313555], [174.539852492043, -36.9008412367239], [174.539846953254, -36.9008470952956], [174.539841679044, -36.9008527160822], [174.539836658193, -36.9008580992289], [174.539831913141, -36.900863244445], [174.539827421268, -36.9008681430102], [174.539823205193, -36.9008728036447], [174.539819242478, -36.9008772266396], [174.539815544343, -36.9008814118494], [174.539812099386, -36.9008853504083], [174.539808930409, -36.900889060048], [174.539806025832, -36.9008925228915], [174.539803374433, -36.900895739084], [174.539800987795, -36.9008987265029], [174.539798865555, -36.9009014671256], [174.539797019116, -36.9009039698178], [174.539795414635, -36.9009062260047], [174.539794086136, -36.9009082532725], [174.53979296684, -36.9009100795279], [174.539791760134, -36.900912024094], [174.539790388564, -36.9009141420567], [174.53978886335, -36.9009164332707], [174.539787173271, -36.9009188978813], [174.539785329729, -36.9009215447544], [174.539783332361, -36.9009243558675], [174.539781181349, -36.9009273402317], [174.539778865654, -36.9009305070038], [174.539776396313, -36.9009338470271], [174.539773761927, -36.9009373514358], [174.539770974077, -36.9009410381069], [174.539768032583, -36.9009448980291], [174.539764937444, -36.9009489312025], [174.53976167744, -36.9009531377724], [174.539758263972, -36.9009575266048], [174.539754696678, -36.900962079677], [174.539750964519, -36.9009668061456], [174.539747078897, -36.9009717148767], [174.539743039448, -36.9009767878475], [174.539738835315, -36.9009820432261], [174.539734531828, -36.9009873810154], [174.539730172238, -36.9009927195317], [174.539725756727, -36.9009980677864], [174.539721296153, -36.9010034076113], [174.539716768256, -36.9010087483088], [174.539712195477, -36.9010140895878], [174.539707566595, -36.9010194315938], [174.539702893012, -36.9010247831928], [174.539698163146, -36.9010301265074], [174.539693365956, -36.9010354706944], [174.539688523885, -36.901040815463], [174.539683636931, -36.9010461608132], [174.539678682835, -36.9010515160471], [174.539673683676, -36.9010568628512], [174.539668628415, -36.9010622103823], [174.53966351705, -36.9010675586404], [174.539658360804, -36.90107290748], [174.539653137415, -36.9010782662032], [174.539647868963, -36.9010836164967], [174.539642544408, -36.9010889675171], [174.539637186373, -36.9010943279849], [174.539631873399, -36.901099696882], [174.53962660585, -36.9011050922312], [174.539621394945, -36.9011105138869], [174.539616229283, -36.9011159529833], [174.539611131305, -36.9011214092296], [174.53960607857, -36.9011268829166], [174.539601082479, -36.9011323829103], [174.539596143033, -36.9011379092105], [174.53959124883, -36.9011434529515], [174.539586422311, -36.9011490138423], [174.539581641034, -36.9011545921739], [174.539576916403, -36.9011601968122], [174.539572248235, -36.9011658187458], [174.539567625491, -36.9011714671314], [174.53956305921, -36.9011771328124], [174.539558549574, -36.9011828248001], [174.539554096221, -36.9011885250718], [174.539549699693, -36.9011942606616], [174.539545348227, -36.9012000046808], [174.539541053406, -36.9012057750066], [174.539536582679, -36.9012117278854], [174.539531736433, -36.9012179830819], [174.539526514849, -36.9012245496072], [174.539520940185, -36.9012314181593], [174.539514978782, -36.9012385891742], [174.53950866448, -36.901246071227], [174.539501974658, -36.9012538555973], [174.539494920717, -36.9012619511507], [174.539487491256, -36.9012703490214], [174.539479697494, -36.9012790490638], [174.539471528393, -36.9012880604347], [174.539462994991, -36.9012973739772], [174.539454097468, -36.9013069987026], [174.539444824424, -36.9013169257449], [174.539435187079, -36.9013271549585], [174.539425174392, -36.9013376955002], [174.539414797404, -36.9013485382131], [174.539404056294, -36.9013596921085], [174.539392939661, -36.9013711483203], [174.539381458906, -36.9013829157144], [174.539369678455, -36.9013948492371], [174.539357901073, -36.901406377104], [174.539346170195, -36.9014174266429], [174.539334486, -36.9014280068652], [174.53932284831, -36.9014381087596], [174.539311257304, -36.9014477413373], [174.539299701581, -36.9014568957326], [174.539288192544, -36.9014655808113], [174.539276730011, -36.901473787562], [174.539265314163, -36.9014815249962], [174.539253933782, -36.9014887932592], [174.539242599724, -36.901495574183], [174.539231312533, -36.9015018948017], [174.539220071848, -36.9015077370924], [174.539208877669, -36.9015131010554], [174.539197718956, -36.9015179958472], [174.53918660675, -36.9015224123111], [174.53917554123, -36.9015263594586], [174.539164522218, -36.9015298282783], [174.539153538672, -36.9015328279269], [174.539142601815, -36.901535358259], [174.539131539541, -36.9015377910648], [174.539120233674, -36.9015403892718], [174.539108695073, -36.9015431347119], [174.539096912517, -36.9015460275303], [174.539084897589, -36.9015490856043], [174.539072638707, -36.9015522910565], [174.53906014727, -36.9015556527528], [174.539047411879, -36.9015591618272], [174.539034443934, -36.9015628271456], [174.539021243435, -36.9015666487079], [174.539007799162, -36.9015706266593], [174.538994110933, -36.9015747519885], [174.53898019015, -36.9015790335614], [174.538966036813, -36.9015834713778], [174.538951639519, -36.9015880565718], [174.538936998451, -36.9015927981545], [174.538922124828, -36.9015976959805], [174.53890701865, -36.9016027500499], [174.538891668516, -36.9016079514963], [174.538876085827, -36.9016133091859], [174.538860358536, -36.9016187318423], [174.538844839907, -36.9016239264519], [174.538829551476, -36.9016288476675], [174.538814504826, -36.9016335133664], [174.538799699957, -36.9016379235488], [174.538785114247, -36.901642069494], [174.538770781358, -36.9016459507661], [174.538756678849, -36.9016495676559], [174.538742806901, -36.9016529291748], [174.538729176735, -36.9016560351775], [174.538715776768, -36.9016588677868], [174.538702618584, -36.9016614448801], [174.538689690962, -36.9016637666029], [174.53867700476, -36.901665814787], [174.538664549121, -36.9016676076008], [174.538652335264, -36.9016691448988], [174.538640351789, -36.9016704178152], [174.538628598695, -36.90167142635], [174.538617087203, -36.901672170358], [174.538605817495, -36.9016726588505], [174.53859477835, -36.901672891973], [174.538584071657, -36.901672913474], [174.538573731802, -36.9016727589631], [174.538563758785, -36.9016724284403], [174.538554163645, -36.901671912749], [174.538544935523, -36.9016712300572], [174.53853608546, -36.9016703712085], [174.538527602054, -36.9016693273369], [174.538519485667, -36.9016681164651], [174.538511747157, -36.9016667204252], [174.538504375486, -36.901665148374], [174.538497382054, -36.9016634091775], [174.538490755279, -36.9016614849585], [174.538484506563, -36.901659384583], [174.538478624685, -36.9016571081964], [174.538473109464, -36.9016546467875], [174.538467972483, -36.9016520182335], [174.53846320234, -36.9016492136687], [174.538458798854, -36.9016462240815], [174.538454773608, -36.9016430673496], [174.538451126239, -36.9016397254502], [174.538447666905, -36.9016362459104], [174.538443915477, -36.9016327521261], [174.538439849332, -36.9016292353767], [174.538435457252, -36.9016256958075], [174.538430750637, -36.9016221422843], [174.538425707046, -36.9016185750979], [174.538420360141, -36.9016149938121], [174.538414676079, -36.9016113898517], [174.538408677302, -36.9016077629258], [174.538402352769, -36.9016041221911], [174.538395713702, -36.9016004675023], [174.538388748881, -36.9015967990046], [174.538381458123, -36.9015931076865], [174.53837385265, -36.9015893934028], [174.538365921603, -36.9015856743213], [174.538357675841, -36.9015819322741], [174.538349092923, -36.9015781675515], [174.538340206691, -36.9015743887291], [174.538330983484, -36.9015705962426], [174.538321445562, -36.90156678079], [174.538311604508, -36.9015629602486], [174.538301799106, -36.901559238395], [174.538292176127, -36.9015556583968], [174.538282758193, -36.9015522289748], [174.538273522863, -36.9015489504197], [174.538264481177, -36.9015458135748], [174.538255622094, -36.9015428275968], [174.538246956836, -36.9015399923406], [174.538238485402, -36.9015373078061], [174.538230207611, -36.901534764982], [174.538222112424, -36.901532373025], [174.538214211061, -36.9015301317899], [174.53820650334, -36.9015280322653], [174.538198978223, -36.901526083608], [174.53819164693, -36.9015242856727], [174.53818450928, -36.901522629448], [174.538177565634, -36.9015211329567], [174.53817080423, -36.9015197693101], [174.53816423683, -36.901518565397], [174.538157863072, -36.9015175031947], [174.538151671918, -36.9015165918598], [174.538145571432, -36.9015157244189], [174.538139309699, -36.9015146517513], [174.538132897939, -36.9015133737118], [174.53812631335, -36.9015118725681], [174.538119556293, -36.9015101663431], [174.538112637628, -36.9015082368686], [174.538105557715, -36.9015061021672], [174.538098316375, -36.9015037532278], [174.538090902387, -36.9015011901954], [174.538083326971, -36.9014984129247], [174.538075590308, -36.9014954304272], [174.538067680817, -36.9014922248253], [174.538059610079, -36.9014888139964], [174.538051377733, -36.9014851799178], [174.53804297292, -36.9014813407574], [174.538034417901, -36.9014772872133], [174.538025679013, -36.9014730197212], [174.538016790101, -36.9014685468567], [174.53800772836, -36.9014638508876], [174.537998505373, -36.9014589496913], [174.53798913218, -36.9014538341109], [174.537979869565, -36.9014486359752], [174.537970830637, -36.9014433988879], [174.537962003813, -36.9014381049718], [174.537953389455, -36.9014327722495], [174.537944987383, -36.9014273917098], [174.537936797596, -36.9014219633527], [174.537928820094, -36.9014164871782], [174.537921066279, -36.9014109720525], [174.537913513529, -36.9014054092547], [174.537906184284, -36.9013997984945], [174.537899056104, -36.9013941400624], [174.537892151429, -36.9013884336678], [174.537885459221, -36.9013826884675], [174.537878979297, -36.9013768954501], [174.537872711658, -36.9013710546157], [174.537866656486, -36.9013651749756], [174.537860813417, -36.9013592385071], [174.537855182814, -36.9013532632331], [174.537849775716, -36.901347239997], [174.537844569864, -36.9013411781005], [174.537839577382, -36.9013351224551], [174.537834811841, -36.9013291900629], [174.537830262022, -36.901323381069], [174.537825916884, -36.9013177046301], [174.537821798687, -36.9013121514443], [174.537817896212, -36.901306721657], [174.537814209638, -36.9013014242794], [174.537810750006, -36.9012962501551], [174.537807494874, -36.9012911995746], [174.537804455463, -36.9012862723926], [174.537801643174, -36.9012814774752], [174.537799035566, -36.901276815113], [174.537796654718, -36.9012722669928], [174.537794489772, -36.9012678512825], [174.537792529326, -36.9012635591161], [174.537790796001, -36.9012593992143], [174.537789278216, -36.9012553536999], [174.537787976513, -36.9012514496067], [174.537786890349, -36.9012476599009], [174.537786031307, -36.9012440024598], [174.537785342742, -36.9012404509758], [174.537784496006, -36.9012368474573], [174.53778337781, -36.9012331392892], [174.537781988333, -36.9012293354825], [174.537780327216, -36.9012254180148], [174.537778405859, -36.901221395752], [174.537776201821, -36.9012172689847], [174.537773737724, -36.9012130464336], [174.537770990766, -36.9012087103666], [174.537767983749, -36.9012042785159], [174.537764705272, -36.9011997420152], [174.537761155154, -36.9011950918533], [174.537757344978, -36.9011903459076], [174.537753252121, -36.9011854954571], [174.537748899025, -36.9011805402114], [174.537744274469, -36.9011754803156], [174.537739367234, -36.9011703159151], [174.537734199759, -36.9011650467192], [174.537728760824, -36.9011596728732], [174.537723061651, -36.9011541942318], [174.537717079979, -36.9011486200968], [174.537711040578, -36.9011429655857], [174.537705269925, -36.9011372805544], [174.537699757161, -36.9011315831707], [174.537694524185, -36.9011258461103], [174.537689549098, -36.9011200966976], [174.53768484276, -36.9011143167649], [174.53768040535, -36.9011085153233], [174.537676236687, -36.9011026833617], [174.537672325733, -36.9010968300366], [174.537668694928, -36.9010909550577], [174.537665321651, -36.901085049704], [174.537662228522, -36.9010791226964], [174.53765939292, -36.9010731653142], [174.537656826246, -36.9010671864234], [174.537654528501, -36.901061186024], [174.537652488283, -36.90105515525], [174.537650728213, -36.9010491028222], [174.53764922567, -36.9010430200199], [174.537648003276, -36.9010369155638], [174.537647038589, -36.9010307897444], [174.53764629831, -36.9010246610202], [174.537645438405, -36.9010187231314], [174.537644370015, -36.9010130222968], [174.537643081918, -36.9010075586613], [174.537641596738, -36.901002340946], [174.537639891853, -36.90099736043], [174.537637978482, -36.900992616968], [174.537635868028, -36.9009881194261], [174.537633537867, -36.9009838590834], [174.537630999222, -36.9009798357947], [174.537628252092, -36.9009760495599], [174.537625285437, -36.9009725095357], [174.537622121337, -36.9009691974089], [174.537618748932, -36.9009661313473], [174.537615157003, -36.9009633114962], [174.537611367628, -36.9009607195424], [174.537607358729, -36.900958373799], [174.537603152564, -36.9009562649642], [174.537598726695, -36.9009543933285], [174.537594092521, -36.900952767758], [174.537589249861, -36.9009513792412], [174.537584375169, -36.9009500722619], [174.537579677832, -36.9009486548226], [174.537575169072, -36.9009471267783], [174.537570849069, -36.9009454971402], [174.537566706242, -36.900943748031], [174.537562763393, -36.9009418971828], [174.537558997719, -36.9009399268635], [174.537555409582, -36.9009378550958], [174.537552021242, -36.9009356725778], [174.537548810078, -36.9009333705888], [174.537545787671, -36.9009309670061], [174.53754294262, -36.9009284529638], [174.537540286146, -36.9009258283165], [174.537537818249, -36.9009230930643], [174.537535538928, -36.9009202472071], [174.537533437144, -36.9009172999017], [174.537531523756, -36.90091423298], [174.537529798944, -36.9009110554535], [174.53752825167, -36.9009077764787], [174.537526892791, -36.9009043778876], [174.537525654985, -36.9009008605518], [174.537524098127, -36.9008971039766], [174.537522121052, -36.9008931004578], [174.53751974602, -36.9008888406935], [174.537516973211, -36.9008843336951], [174.537513780006, -36.9008795707416], [174.537510177623, -36.9008745516878], [174.537506177283, -36.9008692763885], [174.537501767948, -36.900863754], [174.537496949617, -36.9008579845225], [174.537491733148, -36.9008519497879], [174.537486096464, -36.9008456681092], [174.537480062005, -36.9008391391961], [174.537473618189, -36.9008323451709], [174.537466765558, -36.9008253130677], [174.537459514792, -36.900818015707], [174.537451855031, -36.9008104712568], [174.537443774874, -36.9008026708509], [174.537435296943, -36.9007946232099], [174.537426421057, -36.9007863193225], [174.537417124777, -36.900777759479], [174.537407713402, -36.9007690569058], [174.537398458029, -36.9007602982307], [174.53738935902, -36.9007515014765], [174.537380427595, -36.9007426664979], [174.537371652172, -36.9007337754177], [174.537363033113, -36.9007248462584], [174.537354581457, -36.9007158698637], [174.537346285984, -36.9007068463786], [174.537338146875, -36.9006977848146], [174.537330163767, -36.9006886671491], [174.537322348243, -36.9006795112595], [174.537314688902, -36.9006703082798], [174.537307197145, -36.9006610670761], [174.537299861389, -36.900651769771], [174.537292681997, -36.9006424343871], [174.537285658788, -36.9006330519132], [174.537278802981, -36.9006236222042], [174.537272103537, -36.9006141544164], [174.537265571315, -36.9006046303823], [174.537259184236, -36.9005950684147], [174.537252920401, -36.9005854958382], [174.537246480297, -36.9005760877884], [174.537239830986, -36.9005668807463], [174.537232972468, -36.9005578747118], [174.537225893161, -36.9005490518075], [174.537218616048, -36.9005404387768], [174.537211118327, -36.9005320178875], [174.537203422438, -36.9005237888491], [174.537195506122, -36.9005157609634], [174.537187391639, -36.9005079249286], [174.537179056547, -36.9005002810349], [174.53717051243, -36.9004928471599], [174.537161758743, -36.9004855962695], [174.53715279585, -36.9004785463864], [174.537143612529, -36.9004716976555], [174.537134231041, -36.9004650407753], [174.537124640345, -36.9004585849022], [174.537114829041, -36.9004523211699], [174.53710481957, -36.9004462492881], [174.537094589671, -36.9004403785584], [174.537084150566, -36.9004347088355], [174.537073689382, -36.9004290574247], [174.537063315793, -36.9004232967156], [174.537053063641, -36.9004174352838], [174.537042898902, -36.9004114555424], [174.5370328556, -36.9004053750785], [174.537022910933, -36.9003991761597], [174.537013065261, -36.9003928768088], [174.537003329624, -36.9003864678694], [174.536993703843, -36.90037994033], [174.536984177057, -36.9003733123586], [174.536974749086, -36.9003665749438], [174.536965442371, -36.9003597277953], [174.536956223251, -36.9003527713487], [174.536947125568, -36.9003457141799], [174.536938115299, -36.9003385387016], [174.536929226285, -36.9003312534897], [174.536920436268, -36.9003238678459], [174.536911744885, -36.9003163637477], [174.536903163537, -36.9003087500611], [174.536894692406, -36.9003010357975], [174.536886298554, -36.9002932574377], [174.536877918815, -36.9002856231135], [174.536869542693, -36.9002781690152], [174.536861181228, -36.9002708859863], [174.536852811797, -36.900263765306], [174.536844445982, -36.9002568248515], [174.536836083604, -36.9002500556118], [174.536827735881, -36.9002434574415], [174.536819380374, -36.9002370306309], [174.536811028302, -36.9002307750351], [174.536802679846, -36.9002246996652], [174.536794345866, -36.9002187863535], [174.536786004281, -36.900213053413], [174.536777665951, -36.9002074826757], [174.536769331236, -36.9002020921645], [174.536761011177, -36.9001968727227], [174.536752683153, -36.9001918156295], [174.536744358744, -36.9001869387622], [174.53673603777, -36.9001822331096], [174.536727731451, -36.9001776985265], [174.536719417347, -36.9001733353032], [174.53671108225, -36.9001690444603], [174.536702735752, -36.9001647447506], [174.536694355775, -36.9001604544871], [174.536685953177, -36.9001561555019], [174.536677517101, -36.9001518659629], [174.536669058404, -36.9001475677022], [174.536660566228, -36.9001432788876], [174.536652051432, -36.9001389813514], [174.536643514376, -36.9001346931162], [174.536634943481, -36.9001303963044], [174.536626350326, -36.9001261087936], [174.536617734551, -36.9001218125611], [174.536609085297, -36.9001175257747], [174.536600402203, -36.9001132304117], [174.536591708069, -36.9001089442046], [174.536582980096, -36.9001046494209], [174.536574218643, -36.9001003640832], [174.53656543457, -36.9000960700239], [174.536556628238, -36.9000917852654], [174.536547799285, -36.9000874917852], [174.536538970696, -36.900083216327], [174.536530266252, -36.900078975317], [174.536521697357, -36.9000747776214], [174.536513263828, -36.9000706142289], [174.536504965847, -36.9000664941508], [174.536496792193, -36.9000624175323], [174.536488765307, -36.9000583840833], [174.536480873968, -36.9000543939487], [174.536473117996, -36.9000504381175], [174.536465486351, -36.9000465257459], [174.536458001474, -36.9000426565439], [174.536450640924, -36.9000388308016], [174.53644341574, -36.9000350393626], [174.536436326284, -36.9000313002498], [174.536429383415, -36.9000275952951], [174.536422564873, -36.9000239338004], [174.536415881697, -36.9000203066091], [174.536409334069, -36.9000167227326], [174.536402922168, -36.9000131911823], [174.536396645453, -36.9000096849242], [174.536390493246, -36.9000062311373], [174.536384260871, -36.900002697264], [174.536377846442, -36.8999990395536], [174.536371238741, -36.8999952581512], [174.536364437766, -36.8999913530568], [174.536357454558, -36.8999873151138], [174.536350266857, -36.8999831536239], [174.536342897102, -36.8999788682967], [174.536335345114, -36.8999744501209], [174.536327599854, -36.8999699082528], [174.53631966132, -36.8999652426925], [174.536311529333, -36.8999604444286], [174.536303215294, -36.8999555223272], [174.536294696762, -36.8999504766786], [174.536286007217, -36.899945298036], [174.536277113179, -36.899939995846], [174.536268037089, -36.8999345698184], [174.536258767546, -36.8999290110869], [174.536249304731, -36.8999233286628], [174.536239659865, -36.899917522401], [174.536229821545, -36.8999115834351], [174.536219835196, -36.8999055382187], [174.536209813923, -36.8998994303574], [174.536199757546, -36.8998932508399], [174.536189677465, -36.8998870085323], [174.53617957368, -36.8998807034347], [174.536169434972, -36.8998743356922], [174.53615927256, -36.8998679051595], [174.536149075044, -36.8998614029707], [174.536138854006, -36.8998548470031], [174.536128609083, -36.899848219234], [174.536118329237, -36.89984152882], [174.536108025687, -36.8998347756159], [174.536097698254, -36.8998279506104], [174.536087336078, -36.8998210719712], [174.536076950018, -36.8998141215306], [174.536066529215, -36.8998071174562], [174.536056084529, -36.8998000415804], [174.536045616139, -36.8997929029145], [174.536035112646, -36.8997856925922], [174.53602458563, -36.8997784284911], [174.536014034911, -36.8997711015997], [174.536003653942, -36.8997638446219], [174.53599351113, -36.899756710755], [174.535983617873, -36.8997497088654], [174.535973962772, -36.899742830087], [174.535964545825, -36.8997360744198], [174.535955378435, -36.89972945073], [174.53594646042, -36.8997229500065], [174.53593778056, -36.8997165723944], [174.535929339035, -36.8997103269049], [174.535921146885, -36.899704204382], [174.53591319289, -36.8996982049705], [174.53590548845, -36.8996923375368], [174.535898033384, -36.8996865930697], [174.535890805252, -36.8996809718594], [174.535883837716, -36.8996754734707], [174.535877108513, -36.899670107205], [174.535870617465, -36.8996648640511], [174.535864375972, -36.8996597528754], [174.535858372633, -36.8996547648116], [174.535852618667, -36.8996498997146], [174.535846978349, -36.8996451052573], [174.535841202306, -36.8996402584725], [174.535835256516, -36.8996353417728], [174.535829152379, -36.8996303640243], [174.535822878675, -36.8996253253721], [174.535816446626, -36.8996202256711], [174.53580985623, -36.8996150649213], [174.535803096268, -36.8996098432677], [174.535796177779, -36.8996045515539], [174.535789101124, -36.8995992078025], [174.535781865943, -36.8995937939909], [174.535774461195, -36.8995883192753], [174.535766898102, -36.8995827835107], [174.535759165262, -36.8995771778309], [174.535751285477, -36.8995715199682], [174.535743235945, -36.8995657921902], [174.535735016848, -36.8995600035081], [174.535726650625, -36.8995541536318], [174.535718114836, -36.8995482428514], [174.535709409481, -36.8995422711667], [174.535700557001, -36.8995362382878], [174.535691672668, -36.8995302959566], [174.535682779645, -36.8995244799285], [174.535673889152, -36.8995187900584], [174.535665012408, -36.8995132262013], [174.535656127155, -36.8995077976585], [174.535647255651, -36.8995024951287], [174.535638375457, -36.899497318902], [174.535629497973, -36.8994922778446], [174.535620634239, -36.8994873628002], [174.535611761814, -36.8994825740588], [174.535602892099, -36.8994779204868], [174.535594036134, -36.8994733929278], [174.535585171478, -36.8994689916718], [174.535576320752, -36.8994647254402], [174.535567461336, -36.8994605855116], [174.535558604448, -36.899456571741], [174.53554976149, -36.8994526929948], [174.535540909661, -36.8994489315403], [174.535532060722, -36.8994453142665], [174.535523225352, -36.8994418139944], [174.535514391969, -36.8994384128463], [174.535505581749, -36.8994350474528], [174.535496805913, -36.8994317176688], [174.53548805324, -36.8994284236395], [174.53547932355, -36.8994251563535], [174.535470617024, -36.8994219248221], [174.535461944701, -36.8994187198889], [174.53545329554, -36.8994155507104], [174.535444669544, -36.8994124172865], [174.53543606671, -36.8994093196173], [174.53542749808, -36.8994062485464], [174.535418952613, -36.8994032132301], [174.535410430309, -36.8994002136685], [174.535401930987, -36.8993972408502], [174.53539346605, -36.8993943036416], [174.535385024275, -36.8993914021876], [174.535376605483, -36.8993885274771], [174.535368209854, -36.8993856885211], [174.535359848609, -36.899382885175], [174.535351510527, -36.8993801175834], [174.535343184207, -36.8993773768803], [174.535334813008, -36.8993746367567], [174.535326363267, -36.8993718976475], [174.535317834986, -36.8993691595529], [174.535309216945, -36.8993664226178], [174.535300531583, -36.8993636865521], [174.53529177872, -36.8993609423446], [174.535282936277, -36.8993582083078], [174.535274015113, -36.8993554662741], [174.535265026448, -36.8993527160984], [174.535255948203, -36.8993499760935], [174.535246802457, -36.8993472279465], [174.535237578171, -36.899344480814], [174.535228275344, -36.8993417346957], [174.535218893977, -36.8993389895918], [174.535209433888, -36.8993362364908], [174.53519989544, -36.8993334934154], [174.535190289491, -36.8993307421979], [174.535180593781, -36.8993279921397], [174.535170830571, -36.8993252339393], [174.53516098882, -36.8993224767531], [174.535151079207, -36.8993196934021], [174.535141144988, -36.8993168022042], [174.535131186524, -36.899313821182], [174.535121181194, -36.8993107416143], [174.53511116284, -36.8993075720773], [174.53510110884, -36.8993043038497], [174.535091019194, -36.8993009369315], [174.535080905304, -36.8992974801889], [174.535070755768, -36.8992939247558], [174.535060581988, -36.8992902794984], [174.535050383782, -36.8992865354053], [174.535040138711, -36.8992826927666], [174.535029869395, -36.8992787603035], [174.535019575474, -36.8992747199935], [174.535009246268, -36.8992705990154], [174.534998892638, -36.8992663792017], [174.534988503362, -36.8992620606972], [174.534978089662, -36.899257643357], [174.534967640497, -36.8992531363375], [174.534957166907, -36.8992485304822], [174.534946658395, -36.8992438619815], [174.534936153855, -36.8992393917294], [174.53492565437, -36.8992351737938], [174.534915148902, -36.899231217331], [174.53490465989, -36.8992275220512], [174.534894175933, -36.8992240790879], [174.534883697212, -36.8992208974526], [174.534873223726, -36.8992179771451], [174.534862755296, -36.8992153091543], [174.53485228088, -36.8992129026363], [174.53484182274, -36.8992107482899], [174.534831369835, -36.8992088552714], [174.534820922165, -36.8992072235809], [174.53481047973, -36.8992058532183], [174.534800042349, -36.8992047351723], [174.534789598802, -36.8992038695879], [174.534779171891, -36.8992032741978], [174.534768749853, -36.8992029221129], [174.53475833323, -36.8992028403674], [174.534747921661, -36.8992030109385], [174.534737515327, -36.8992034428375], [174.534727144457, -36.8992039644141], [174.534716849421, -36.899204349805], [174.534706630399, -36.8992046080216], [174.53469649843, -36.8992047299075], [174.534686431437, -36.8992047337754], [174.534676451316, -36.8992045923013], [174.53466654739, -36.8992043326642], [174.534656719298, -36.8992039368416], [174.53464696722, -36.8992034138447], [174.534637302377, -36.8992027635286], [174.534627702147, -36.8992019771718], [174.534618189152, -36.899201063496], [174.534608752172, -36.8992000226459], [174.534599391206, -36.8991988546217], [174.534590106074, -36.899197550412], [174.534580907996, -36.8991961098718], [174.534571774894, -36.8991945513138], [174.534562728845, -36.8991928564255], [174.534553758812, -36.899191034363], [174.534544864613, -36.8991890761152], [174.534536035389, -36.8991869998495], [174.534527159841, -36.8991848520723], [174.53451823815, -36.8991826417947], [174.534509270135, -36.8991803600055], [174.534500233536, -36.8991780160058], [174.534491150975, -36.8991756185172], [174.53448201087, -36.8991731496617], [174.534472813221, -36.8991706094396], [174.534463558389, -36.8991680158733], [174.534454257414, -36.8991653598066], [174.534444887675, -36.8991626325181], [174.534435471793, -36.8991598427291], [174.534426009768, -36.8991569904397], [174.534416479159, -36.8991540759397], [174.534406902408, -36.8991510989393], [174.534397268113, -36.899148050572], [174.534387576635, -36.8991449488605], [174.534377827614, -36.8991417757821], [174.53436803245, -36.8991385402031], [174.534358179923, -36.8991352422686], [174.534348270033, -36.8991318819785], [174.534338416425, -36.8991285299742], [174.534328721523, -36.8991252570423], [174.534319196729, -36.8991220720491], [174.534309819602, -36.8991189752846], [174.534300612401, -36.8991159574476], [174.534291575308, -36.8991130275496], [174.534282696921, -36.899110176724], [174.53427397742, -36.8991074139824], [174.534265416626, -36.8991047303134], [174.534257025939, -36.8991021345834], [174.534248794139, -36.8990996269374], [174.534240721045, -36.8990971983641], [174.534232817877, -36.8990948487186], [174.534225073596, -36.8990925871573], [174.534217488201, -36.8990904136801], [174.534210072733, -36.8990883191308], [174.534202816151, -36.8990863126657], [174.534195718275, -36.8990843852735], [174.534188790505, -36.8990825458207], [174.534182010222, -36.8990807855857], [174.534175344124, -36.899079123026], [174.53416846719, -36.8990775803667], [174.53416131246, -36.8990761764997], [174.534153890792, -36.8990748932575], [174.534146213949, -36.8990737575292], [174.534138270168, -36.8990727424255], [174.53413005981, -36.8990718659691], [174.534121582876, -36.89907112816], [174.534112839005, -36.8990705109754], [174.534103828557, -36.8990700324379], [174.534094562572, -36.8990696833913], [174.53408501879, -36.8990694731365], [174.534075219472, -36.8990693923725], [174.534065153396, -36.899069441244], [174.534054820562, -36.899069619751], [174.534044221152, -36.8990699369047], [174.534033354985, -36.8990703836938], [174.53402223346, -36.8990709689846], [174.534010833777, -36.8990716750441], [174.533999178738, -36.8990725196053], [174.533987257121, -36.8990735028127], [174.53397526674, -36.8990744147976], [174.53396339563, -36.8990751179266], [174.533951609772, -36.8990755946118], [174.533939943185, -36.8990758624411], [174.53392836203, -36.8990759128379], [174.533916899966, -36.8990757453676], [174.533905534555, -36.89907536032], [174.533894265795, -36.8990747576952], [174.533883105087, -36.8990739463595], [174.533872052071, -36.8990729082904], [174.533861095888, -36.8990716616554], [174.533850236356, -36.8990701974432], [174.533839484697, -36.8990685155091], [174.533828840911, -36.8990666158528], [174.533818293777, -36.8990644986195], [174.533807854696, -36.8990621726756], [174.533797523307, -36.8990596199984], [174.533787288751, -36.8990568587556], [174.533777150848, -36.8990538799357], [174.533767120818, -36.899050683394], [174.533757109621, -36.8990473063348], [174.53374679458, -36.8990438881294], [174.533736131355, -36.8990404563912], [174.533725119947, -36.8990370111202], [174.533713760355, -36.8990335523163], [174.533702052399, -36.899030070968], [174.53368999608, -36.8990265670752], [174.533677580537, -36.8990230588053], [174.533664827851, -36.8990195278459], [174.533651726801, -36.8990159743417], [174.533638277567, -36.8990124073038], [174.533624468931, -36.8990088268771], [174.533610323151, -36.8990052237604], [174.533595829188, -36.8990016071097], [174.533580975822, -36.8989979770697], [174.533565785312, -36.8989943243394], [174.5335502354, -36.8989906582195], [174.533534348344, -36.8989869694089], [174.533518113106, -36.8989832670637], [174.533501518465, -36.8989795513286], [174.53348458668, -36.8989758129023], [174.533467702123, -36.8989721910418], [174.533451113077, -36.8989687546512], [174.533434819722, -36.8989655127421], [174.5334188331, -36.8989624561584], [174.533403141988, -36.8989595850452], [174.533387746568, -36.8989569084138], [174.533372646838, -36.8989544262643], [174.53335785384, -36.8989521294408], [174.533343356353, -36.8989500180881], [174.533329154556, -36.8989481012178], [174.533315248269, -36.8989463698185], [174.533301648894, -36.898944832757], [174.533288345208, -36.8989434901781], [174.533275336853, -36.8989423240592], [174.533262624367, -36.8989413614345], [174.533250218432, -36.8989405751253], [174.533238097147, -36.8989399924553], [174.533226293631, -36.898939585956], [174.533214774765, -36.8989393830962], [174.533203562449, -36.8989393565521], [174.533192589361, -36.8989395071929], [174.533181730818, -36.8989397735319], [174.533170941759, -36.8989401471373], [174.533160233224, -36.8989406188529], [174.533149616795, -36.8989412065565], [174.533139080888, -36.8989418923704], [174.533128625867, -36.8989426943171], [174.533118251369, -36.8989435943742], [174.533107957576, -36.8989446015528], [174.533097755706, -36.8989457157083], [174.533087623321, -36.8989469371302], [174.533077582859, -36.8989482655291], [174.533067623102, -36.8989497010496], [174.533057744048, -36.8989512436919], [174.533047956919, -36.8989528933111], [174.533038239273, -36.898954650197], [174.533028613371, -36.8989565050484], [174.533019057133, -36.8989584761778], [174.533009592638, -36.898960545273], [174.533000209028, -36.8989627305013], [174.532990917161, -36.8989650136953], [174.532981669993, -36.8989672872982], [174.532972489064, -36.8989695059634], [174.532963351573, -36.898971651958], [174.53295426892, -36.8989737341485], [174.532945240924, -36.8989757435236], [174.532936267947, -36.8989776981059], [174.532927338408, -36.8989795800177], [174.532918463887, -36.8989814071367], [174.532909644024, -36.8989831614404], [174.532900878999, -36.89898485194], [174.532892168813, -36.8989864786356], [174.532883502064, -36.8989880326607], [174.532874890334, -36.8989895318931], [174.532866333262, -36.8989909583102], [174.532857819809, -36.8989923210681], [174.532849372414, -36.8989936198773], [174.532840968637, -36.8989948550273], [174.532832619698, -36.8989960263734], [174.532824314378, -36.8989971340603], [174.532816074936, -36.8989981687872], [174.532807868254, -36.8989991580224], [174.532799695231, -36.8990001468227], [174.532791555688, -36.8990011261768], [174.532783438765, -36.8990021142522], [174.532775344282, -36.8990031020374], [174.53276728328, -36.8990040803764], [174.532759244897, -36.8990050674367], [174.532751228955, -36.8990060542069], [174.532743246672, -36.8990070405423], [174.53273528665, -36.8990080175762], [174.532727360468, -36.8990090031866], [174.532719456726, -36.899009988507], [174.532711575243, -36.8990109645259], [174.532703727601, -36.8990119491214], [174.532695902399, -36.8990129334268], [174.532688110677, -36.8990139082861], [174.532680341576, -36.8990148918666], [174.532672594914, -36.8990158751572], [174.532664881912, -36.8990168580129], [174.532657191171, -36.8990178315673], [174.532649523049, -36.8990188138429], [174.532641886966, -36.8990197145817], [174.532634271159, -36.8990205068943], [174.53262668685, -36.8990211906359], [174.532619122818, -36.8990217659513], [174.532611579063, -36.8990222328405], [174.532604066806, -36.8990225911587], [174.532596575006, -36.8990228500621], [174.532589114523, -36.8990229913832], [174.532581674318, -36.8990230242782], [174.53257425457, -36.8990229577583], [174.53256686632, -36.8990227826674], [174.532559498167, -36.8990224901391], [174.532552150472, -36.8990220981959], [174.532544834274, -36.8990215976819], [174.532537538354, -36.8990209887416], [174.532530273932, -36.8990202712305], [174.532523029787, -36.8990194452932], [174.53251581714, -36.899018510785], [174.53250861355, -36.8990174679954], [174.532501452678, -36.8990163164902], [174.532494324206, -36.8990151014708], [174.532487263955, -36.8990139306393], [174.532480305407, -36.89901279455], [174.53247341508, -36.8990117026485], [174.532466604196, -36.8990106547902], [174.532459883794, -36.8990096418189], [174.532453243015, -36.8990086819022], [174.532446681497, -36.8990077570172], [174.532440199421, -36.8990068761754], [174.532433796608, -36.8990060303655], [174.532427484636, -36.8990052374653], [174.532421240707, -36.8990044797418], [174.53241508744, -36.8990037659168], [174.532409013614, -36.899003096135], [174.532403019051, -36.8990024613851], [174.53239710411, -36.8990018796898], [174.532391279651, -36.8990013328818], [174.532385523413, -36.8990008302617], [174.532379857658, -36.8990003625289], [174.532374271525, -36.8989999478508], [174.532368753433, -36.8989995683493], [174.532363291623, -36.8989991971353], [174.532357852252, -36.8989988256315], [174.532352435322, -36.898998453838], [174.532347040832, -36.8989980817549], [174.532341680003, -36.8989977092372], [174.532336352834, -36.8989973362851], [174.532331037065, -36.8989969721994], [174.532325754777, -36.8989965986679], [174.532320506149, -36.898996224702], [174.532315279961, -36.8989958504464], [174.532310076214, -36.898995475901], [174.532304906127, -36.8989951009213], [174.532299758661, -36.8989947346632], [174.532294633454, -36.8989943591041], [174.532289541908, -36.8989939831105], [174.532284472803, -36.8989936068273], [174.532279437357, -36.8989932301097], [174.532274424352, -36.8989928531024], [174.532269433788, -36.8989924758055], [174.532264477064, -36.8989921070855], [174.532259542059, -36.8989917020304], [174.532254628413, -36.8989912426176], [174.532249746987, -36.8989907106795], [174.532244886919, -36.8989901243837], [174.53224005907, -36.8989894655628], [174.532235252401, -36.8989887433727], [174.53223047813, -36.8989879576688], [174.532225713818, -36.8989871087405], [174.532220992945, -36.8989861871423], [174.532216282211, -36.8989852113311], [174.532211603697, -36.8989841629948], [174.532206957581, -36.8989830511446], [174.532202321424, -36.89898187607], [174.532197717666, -36.8989806374817], [174.532193146127, -36.8989793263682], [174.532188595948, -36.8989779608969], [174.532184066767, -36.8989765230452], [174.532179569986, -36.8989750216798], [174.532175094383, -36.8989734569452], [174.53217063996, -36.8989718288416], [174.532166218116, -36.8989701462356], [174.532161731474, -36.8989685906566], [174.532157169716, -36.8989672073061], [174.53215252162, -36.8989659963289], [174.532147809626, -36.8989649574355], [174.532143011296, -36.8989640909153], [174.532138149249, -36.8989634054902], [174.532133200684, -36.898962883427], [174.532128177182, -36.8989625426035], [174.532123078383, -36.8989623649973], [174.532117893426, -36.8989623687755], [174.532112644572, -36.8989625446375], [174.532107309381, -36.8989628928726], [174.532101899072, -36.8989634133362], [174.532096413646, -36.8989641060281], [174.532090853102, -36.8989649709485], [174.532085217441, -36.8989660080973], [174.532079495622, -36.8989672266306], [174.532073709725, -36.8989686082361], [174.532067837491, -36.8989701622148], [174.532061890319, -36.8989718974331], [174.532055899167, -36.8989736782868], [174.532049904952, -36.8989753059472], [174.532043896634, -36.8989767895703], [174.532037896472, -36.8989781198555], [174.532031882028, -36.8989792970921], [174.53202587574, -36.8989803209907], [174.532019866569, -36.8989812007073], [174.532013843116, -36.8989819273754], [174.532007827999, -36.8989825097168], [174.532001809639, -36.8989829298536], [174.531995777177, -36.8989832059532], [174.531989753051, -36.8989833377261], [174.531983725683, -36.8989833072943], [174.531977684212, -36.8989831328253], [174.531971650898, -36.8989828050183], [174.531965614702, -36.8989823330294], [174.531959564042, -36.8989816989805], [174.53195352172, -36.8989809206049], [174.531947465296, -36.8989799981921], [174.531941416848, -36.89897891343], [174.531935388319, -36.8989777022192], [174.531929573513, -36.8989765152929], [174.531924029251, -36.8989753879732], [174.531918766934, -36.8989743291266], [174.53191375254, -36.8989733211646], [174.531909020091, -36.8989723816759], [174.531904558006, -36.8989714927825], [174.531900366645, -36.8989706725071], [174.531896434608, -36.8989699119831], [174.531892784516, -36.8989692199325], [174.531889393567, -36.898968578622], [174.531886273343, -36.8989680059296], [174.531883423482, -36.8989674838327], [174.531880833126, -36.8989670304986], [174.531878524533, -36.8989666366266], [174.531876486665, -36.8989663113729], [174.531874707941, -36.8989660368593], [174.531873199761, -36.8989658219527], [174.531871962305, -36.8989656756643], [174.531870995392, -36.8989655889827], [174.531870299024, -36.8989655619081], [174.531869636497, -36.8989655434107], [174.531868692025, -36.8989654564398], [174.531867488409, -36.8989653187286], [174.531866014069, -36.8989651123992], [174.531864269366, -36.8989648554741], [174.531862265158, -36.898964529786], [174.531859979006, -36.8989641356243], [174.531857433711, -36.8989636907223], [174.531854606651, -36.898963186358], [174.531851520087, -36.8989626132306], [174.53184816298, -36.8989619804962], [174.531844535508, -36.8989612971661], [174.531840648353, -36.8989605360615], [174.531836479614, -36.8989597245058], [174.531832040331, -36.8989588533429], [174.531827341544, -36.8989579134169], [174.531822372393, -36.898956922895], [174.531817132518, -36.8989558637544], [174.5318116221, -36.8989547450066], [174.531805841138, -36.8989535666515], [174.531799823653, -36.8989523462777], [174.531793719829, -36.8989512982768], [174.531787563509, -36.898950431226], [174.531781355231, -36.8989497721594], [174.531775105675, -36.8989492938983], [174.531768804163, -36.8989490236214], [174.531762450152, -36.8989489342946], [174.531756044004, -36.8989490439406], [174.531749596939, -36.8989493524148], [174.531743097556, -36.8989498508505], [174.531736546035, -36.8989505482589], [174.531729942197, -36.8989514356288], [174.53172329726, -36.8989525128155], [174.531716588966, -36.8989537891196], [174.531709839754, -36.8989552642519], [174.531703049444, -36.8989569292009], [174.531696195596, -36.8989587842559], [174.53168930083, -36.8989608381391], [174.531682353926, -36.898963090995], [174.531675354704, -36.8989655338123], [174.531668303164, -36.898968166591], [174.531661309524, -36.8989708887594], [174.531654461386, -36.8989735910241], [174.531647769969, -36.8989762732402], [174.531641224232, -36.898978944564], [174.531634835037, -36.898981586828], [174.531628591342, -36.8989842091883], [174.531622504549, -36.8989868205116], [174.531616563077, -36.8989894029198], [174.531610778325, -36.8989919652798], [174.531605150475, -36.8989945166027], [174.531599667946, -36.8989970390108], [174.531594331098, -36.8989995505266], [174.531589150971, -36.8990020419941], [174.531584127386, -36.8990045044022], [174.531579249481, -36.899006955918], [174.531574517078, -36.8990093875303], [174.531569941216, -36.8990117900831], [174.531565522255, -36.8990141815992], [174.531561248795, -36.8990165532117], [174.531557132057, -36.8990189047762], [174.53155312734, -36.8990212458826], [174.531549056382, -36.8990236419249], [174.531544907784, -36.8990260840365], [174.531540670685, -36.8990285903847], [174.531536333866, -36.8990311611141], [174.531531919406, -36.8990337779128], [174.531527416445, -36.899036458948], [174.531522824984, -36.8990392042199], [174.531518144662, -36.8990419957056], [174.531513375839, -36.8990448514278], [174.531508518516, -36.8990477713866], [174.531503572332, -36.8990507375592], [174.531498537647, -36.8990537679683], [174.531493414281, -36.8990568536026], [174.531488202414, -36.8990600034734], [174.531482901687, -36.899063199558], [174.531477523679, -36.8990664597344], [174.53147204595, -36.8990697842919], [174.531466479359, -36.8990731550632], [174.531460835489, -36.8990765899263], [174.531455091897, -36.8990800891704], [174.531449380884, -36.8990835339122], [174.531443790771, -36.8990868509037], [174.531438332958, -36.8990900490114], [174.531432984824, -36.8990931195135], [174.53142776863, -36.8990960531092], [174.531422673516, -36.899098867966], [174.531417699302, -36.8991015550725], [174.531412845987, -36.8991041144286], [174.531408113572, -36.8991065460346], [174.531403502237, -36.8991088589016], [174.531399022843, -36.8991110348623], [174.531394664528, -36.8991130920842], [174.531390415713, -36.8991150126892], [174.531386299198, -36.8991168144106], [174.531382303583, -36.8991184883819], [174.531378428869, -36.899120034603], [174.531374686274, -36.8991214529293], [174.53137105336, -36.89912274365], [174.531367552565, -36.899123906476], [174.531364172852, -36.8991249505632], [174.531360858838, -36.8991259126802], [174.531357413063, -36.8991270207146], [174.531353813809, -36.8991283110009], [174.531350060713, -36.8991297655165], [174.531346142918, -36.8991314024286], [174.531342082682, -36.8991332124368], [174.531337846345, -36.8991351959747], [174.531333467568, -36.8991373526086], [174.53132892391, -36.8991396826277], [174.531324215372, -36.8991421860319], [174.531319364573, -36.8991448715434], [174.531314348712, -36.8991477214286], [174.531309179192, -36.8991507445543], [174.53130384497, -36.8991539500764], [174.531298368307, -36.8991573286943], [174.531292715363, -36.8991608718305], [174.531286920159, -36.8991645970739], [174.531280960073, -36.8991684957022], [174.531274846326, -36.8991725675709], [174.531268578918, -36.8991768126799], [174.531262146628, -36.8991812311739], [174.531255723577, -36.8991855503979], [174.531249395744, -36.8991895799566], [174.531243174529, -36.8991933287166], [174.531237048713, -36.8991967968226], [174.531231029695, -36.8991999931414], [174.531225105895, -36.8992028997948], [174.531219288714, -36.8992055256496], [174.531213578152, -36.8992078707059], [174.531207962989, -36.8992099351082], [174.531202454624, -36.8992117277233], [174.531197041478, -36.8992132306732], [174.531191723731, -36.8992144529691], [174.531186523824, -36.8992153943219], [174.531181408095, -36.8992160551655], [174.531176410205, -36.8992164350659]]}, "properties": {"OBJECTID": 805, "TRACKNAME": "Waitakere Dam Walk", "CONDITIONSOFUSE": "Waitakere North Regional Park", "STATUS": "Open", "WEBLINK": "https://www.aucklandcouncil.govt.nz/en/parks-recreation/find-park-beach/park-detail/3407.html", "VALIDATIONSTATE": 3, "created_user": "AC_owner", "last_edited_user": "AC_owner", "last_edited_date": 1789875254325, "created_date": 1789875254325, "PARK_SAPSITEID": null, "TRACK_ID": null, "KAURIDIEBACK_TRACK": null, "KAURIDIEBACK_MITIGATED": null, "SegmentID": null, "GlobalID": "342e530e-f526-4238-b796-2c7789244091", "Shape__Length": 1278.1336411910627, "_COUNCIL_TRACKNAME": "Waitakere Dam Walk"}}, {"type": "Feature", "id": 3247, "geometry": {"type": "LineString", "coordinates": [[174.531176410205, -36.8992164350659], [174.531171507715, -36.8992165343125], [174.531166700623, -36.8992163529052], [174.531162000152, -36.8992158906996], [174.531157395079, -36.89921514784], [174.531152907846, -36.8992141240374], [174.531148461172, -36.8992128833837], [174.531143891076, -36.8992116443206], [174.531139197919, -36.8992104248708], [174.53113435944, -36.8992092343351], [174.53112939808, -36.899208072424], [174.531124302258, -36.8992069212595], [174.531119072514, -36.8992058078757], [174.531113708309, -36.8992047052384], [174.531108210002, -36.8992036313703], [174.531102577414, -36.8992025772601], [174.531096810724, -36.8992015519192], [174.531090909752, -36.899200546336], [174.531084874499, -36.8991995605107], [174.531078716364, -36.8991986033099], [174.531072412727, -36.8991976660115], [174.531065974989, -36.8991967574823], [174.531059414189, -36.8991958685661], [174.531052719108, -36.8991949994076], [174.531045878705, -36.8991941591628], [174.53103891524, -36.8991933385311], [174.531031817674, -36.8991925466683], [174.531024562666, -36.899191738807], [174.531017150395, -36.8991909239583], [174.531009580503, -36.8991900840997], [174.531001841768, -36.8991892193757], [174.53099394559, -36.899188338653], [174.530985880751, -36.8991874420761], [174.530977669509, -36.8991865203445], [174.530969289605, -36.8991855827587], [174.530960752259, -36.899184629174], [174.53095204607, -36.8991836507237], [174.53094318244, -36.8991826562745], [174.530934161187, -36.8991816368151], [174.530924971272, -36.8991806015012], [174.530915623915, -36.8991795501883], [174.530906118936, -36.899178473865], [174.530896456515, -36.8991773815426], [174.530886625431, -36.8991762733656], [174.530876636726, -36.8991751401781], [174.530866479358, -36.899173991136], [174.530856164369, -36.8991728170833], [174.530845771018, -36.8991716530532], [174.530835536911, -36.8991705951341], [174.530825450826, -36.8991696434708], [174.530815535204, -36.899168797774], [174.530805778645, -36.899168049177], [174.530796181508, -36.8991674157027], [174.530786754655, -36.8991668791836], [174.530777487224, -36.8991664577872], [174.530768378855, -36.8991661334909], [174.53075944113, -36.8991659241726], [174.530750662467, -36.8991658119545], [174.530742043046, -36.8991658058478], [174.530733594088, -36.899165905708], [174.530725304372, -36.8991661116797], [174.530717173899, -36.899166423763], [174.530709202668, -36.8991668419579], [174.5307014019, -36.8991673661199], [174.530693760193, -36.8991679873821], [174.53068628913, -36.8991687236229], [174.530678977308, -36.8991695659753], [174.530671824549, -36.8991705054282], [174.530664774391, -36.8991715246817], [174.530657804034, -36.8991726060022], [174.530650924878, -36.8991737582566], [174.530644125343, -36.8991749635667], [174.530637394569, -36.8991762400999], [174.530630754636, -36.8991775695442], [174.530624205905, -36.8991789699224], [174.530617725754, -36.8991804325124], [174.530611325583, -36.8991819661808], [174.530605016254, -36.8991835527605], [174.530598786906, -36.8991852104188], [174.530592637179, -36.8991869211328], [174.530586567433, -36.8991887029255], [174.530580577487, -36.8991905467853], [174.530574678563, -36.8991924525678], [174.530568848399, -36.8991944295735], [174.530563109076, -36.8991964594906], [174.530557449734, -36.8991985604862], [174.530551870193, -36.8992007235491], [174.530546370453, -36.8992029486793], [174.530540938753, -36.8992052089873], [174.530535540354, -36.8992074508387], [174.530530164034, -36.899209674378], [174.530524809795, -36.8992118796051], [174.530519488676, -36.8992140573643], [174.530514189456, -36.8992162078001], [174.530508912497, -36.8992183489351], [174.530503668658, -36.8992204626022], [174.530498446719, -36.8992225489458], [174.530493258081, -36.8992246168328], [174.530488091522, -36.8992266664078], [174.530482946863, -36.8992286886593], [174.530477835505, -36.8992306924543], [174.530472746227, -36.8992326779371], [174.530467690069, -36.899234635952], [174.530462644771, -36.8992365757994], [174.530457643813, -36.8992384880344], [174.530452653716, -36.8992403821018], [174.530447696918, -36.8992422577127], [174.530442773241, -36.8992441058555], [174.530437871644, -36.8992459356864], [174.530433059808, -36.8992477643606], [174.530428359994, -36.8992495825778], [174.530423761341, -36.8992514085051], [174.530419263489, -36.8992532241199], [174.530414877839, -36.899255038289], [174.53041060457, -36.8992568600238], [174.530406432102, -36.899258671446], [174.530402372017, -36.899260490434], [174.530398412732, -36.8992622991095], [174.530394565649, -36.8992641063394], [174.530390819727, -36.8992659212796], [174.530387185827, -36.8992677257627], [174.530383664309, -36.8992695378116], [174.530380243592, -36.8992713395481], [174.530376923856, -36.8992731399836], [174.530373716502, -36.8992749479848], [174.530370621169, -36.8992767455291], [174.530367626998, -36.8992785507837], [174.530364744849, -36.8992803455814], [174.530361963681, -36.8992821390781], [174.530359272454, -36.8992839404297], [174.530356603487, -36.8992857324808], [174.530353957141, -36.8992875332541], [174.530351333055, -36.8992893247269], [174.53034875385, -36.8992911156215], [174.530346186044, -36.8992929153828], [174.530335915778, -36.8993012861932], [174.530247503248, -36.899356498204], [174.530138858822, -36.8994259329463], [174.530059517381, -36.8994919795914], [174.529965031967, -36.8995375979396], [174.529907654838, -36.8995463590939], [174.529836906957, -36.899557167262], [174.529771537891, -36.8995643015503], [174.52965001179, -36.8995775653519], [174.52947734645, -36.8995771115693], [174.529344697142, -36.8995583854141], [174.529148989603, -36.8995140066988], [174.528948839818, -36.8994342881178], [174.528774126357, -36.8993424158955], [174.528635947761, -36.8992411497289], [174.528508120473, -36.8991102304019], [174.528401522417, -36.898943605012], [174.528363021044, -36.8988645095814], [174.528269489382, -36.8987891507234], [174.528186460299, -36.8986900408351], [174.528103022384, -36.8985732332745], [174.52807272471, -36.8985323673954], [174.528039343786, -36.8985181044872], [174.527872905105, -36.8984915367394], [174.527872515703, -36.8984898498799], [174.527871727954, -36.8984882790121], [174.527870533878, -36.898486817929], [174.527868938144, -36.8984854755844], [174.527866942816, -36.898484242938], [174.52786454355, -36.8984831272566], [174.527861741395, -36.8984821249212], [174.527858537473, -36.8984812359173], [174.527854932943, -36.8984804620327]]}, "properties": {"OBJECTID": 3247, "TRACKNAME": "Waitakere Dam Walk", "CONDITIONSOFUSE": "Waitakere North Regional Park", "STATUS": "Open", "WEBLINK": "https://www.aucklandcouncil.govt.nz/en/parks-recreation/find-park-beach/park-detail/3407.html", "VALIDATIONSTATE": 3, "created_user": "AC_owner", "last_edited_user": "AC_owner", "last_edited_date": 1789875254325, "created_date": 1789875254325, "PARK_SAPSITEID": null, "TRACK_ID": null, "KAURIDIEBACK_TRACK": null, "KAURIDIEBACK_MITIGATED": null, "SegmentID": null, "GlobalID": "a3fc7dfe-b087-49c7-b117-7b946805120b", "Shape__Length": 365.19179411179925, "_COUNCIL_TRACKNAME": "Waitakere Dam Walk"}}, {"type": "Feature", "id": 3219, "geometry": {"type": "LineString", "coordinates": [[174.532436680387, -36.8955760679345], [174.532422393008, -36.8955568746299], [174.532409528492, -36.8955384029921], [174.532398087942, -36.895520652106], [174.532388069131, -36.8955036229022], [174.5323794743, -36.895487315352], [174.53237230231, -36.8954717285693], [174.532366553196, -36.8954568643564], [174.532362226919, -36.8954427209115], [174.532362420819, -36.8953921967311], [174.532406341014, -36.8952127654105], [174.532484215416, -36.894949423964], [174.532565247602, -36.894695581803], [174.532626787141, -36.8945063830036], [174.532834558025, -36.8942055928044], [174.533205714946, -36.8936409471632], [174.53339135004, -36.8933923199279], [174.533551799554, -36.8932495407058], [174.533639755202, -36.8931935533922], [174.533772524005, -36.893151296667], [174.53392568895, -36.893089697178], [174.534044140422, -36.8930738584378], [174.534299186753, -36.8930586405183], [174.534474275892, -36.8930539940447], [174.534699781399, -36.8930463109924], [174.534759245749, -36.8930503128185], [174.534827662547, -36.8930565830705], [174.534929019482, -36.8930767378015], [174.535027597743, -36.893106467528], [174.535038560513, -36.8931085892082], [174.535132162187, -36.8931385048365], [174.535331046967, -36.8931359346209], [174.535547216791, -36.8931069063351], [174.53577257895, -36.8930920689398], [174.536817322389, -36.8930714040703], [174.537215283664, -36.8930757943592], [174.537512699398, -36.8931005639025], [174.537798769344, -36.893151712974], [174.537974432467, -36.8931756732341], [174.538160821681, -36.893142256605], [174.538263473184, -36.8930789205634], [174.538425731416, -36.8930267367336], [174.538600389238, -36.8930006263969], [174.538769685274, -36.8930032027761], [174.53891513787, -36.8930013186516], [174.539024777951, -36.8929903591344], [174.539130826934, -36.8929484426027], [174.539331673799, -36.8928957575838], [174.539616450837, -36.8928825280322], [174.539909653355, -36.8928453393003], [174.540144061998, -36.8928375305107], [174.540275335326, -36.8928322519227], [174.540684775211, -36.8927970442354], [174.540686602883, -36.8927960191131], [174.540688308241, -36.8927946593669], [174.540689892423, -36.8927929658836], [174.540691355414, -36.892790937762], [174.54069269723, -36.8927885759032], [174.540693916749, -36.8927858803218], [174.540695013954, -36.8927828501166], [174.540695991106, -36.8927794861597], [174.540696845944, -36.892775787579], [174.540697578486, -36.8927717552757], [174.540698190975, -36.8927673892207], [174.54069868115, -36.892762688542], [174.540699049028, -36.8927576541406], [174.540699295732, -36.8927522860021], [174.540699421243, -36.8927465832253], [174.54069942558, -36.8927405467113], [174.540699307603, -36.8927341755736], [174.540699068451, -36.8927274706987]]}, "properties": {"OBJECTID": 3219, "TRACKNAME": "Waitakere Tramline Walk", "CONDITIONSOFUSE": "Waitakere North Regional Park", "STATUS": "Temp Closed", "WEBLINK": "https://www.aucklandcouncil.govt.nz/en/parks-recreation/find-park-beach/park-detail/3407.html", "VALIDATIONSTATE": 3, "created_user": "AC_owner", "last_edited_user": "AC_owner", "last_edited_date": 1789875254325, "created_date": 1789875254325, "PARK_SAPSITEID": null, "TRACK_ID": null, "KAURIDIEBACK_TRACK": null, "KAURIDIEBACK_MITIGATED": null, "SegmentID": null, "GlobalID": "a48fc511-4728-450d-8514-a492763b8a70", "Shape__Length": 943.9917632631682, "_COUNCIL_TRACKNAME": "Waitakere Tramline Walk"}}, {"type": "Feature", "id": 3243, "geometry": {"type": "LineString", "coordinates": [[174.531181381878, -36.8992158103314], [174.531153325696, -36.8989927445536], [174.531175398839, -36.8986962444703], [174.531232961625, -36.8986048771753], [174.531307145663, -36.8985105996018], [174.531682908572, -36.8982409107608], [174.531817443966, -36.8981346759299], [174.531892674319, -36.8980359263383], [174.531961871533, -36.8979324844662], [174.532022592295, -36.8978506152415], [174.532142827417, -36.8977751334583], [174.532327371185, -36.8976487402435], [174.532574695835, -36.8973951380072], [174.532680183407, -36.8973246150855], [174.532759142568, -36.8972639744424], [174.532914809427, -36.8971784955369], [174.533084840522, -36.897068981763], [174.533168724533, -36.8969958212922], [174.533175238404, -36.8969886515706], [174.533181399989, -36.8969814872966], [174.533187209252, -36.8969743266682], [174.533192667334, -36.8969671705721], [174.533197773113, -36.8969600190227], [174.533202526588, -36.8969528720201], [174.53320692776, -36.8969457295643], [174.533210977751, -36.8969385916409], [174.533214675457, -36.8969314591656], [174.533218020842, -36.8969243303361], [174.533221013925, -36.8969172060535], [174.533223654704, -36.896910086318], [174.533225944304, -36.896902971115], [174.533228020564, -36.8968958505531], [174.53323011997, -36.896888708961], [174.533232245853, -36.8968815444929], [174.53323439823, -36.89687435805], [174.533236578224, -36.8968671496178], [174.53323878359, -36.8968599192253], [174.533241016555, -36.8968526659423], [174.533243276032, -36.8968453915856], [174.533245561986, -36.8968380943529], [174.533247874433, -36.8968307751454], [174.533250213376, -36.8968234339631], [174.533252579934, -36.8968160707914], [174.533254971865, -36.8968086856594], [174.533257391412, -36.8968012785381], [174.533259837436, -36.8967938485408], [174.53326230885, -36.8967863974842], [174.533264808984, -36.8967789235227], [174.53326733449, -36.8967714276009], [174.533269886491, -36.8967639097042], [174.533272466108, -36.8967563698182], [174.53327506127, -36.8967488216192], [174.533277614153, -36.8967413478779], [174.533280114911, -36.8967339613407], [174.533282562441, -36.8967266629232], [174.533284957865, -36.8967194526108], [174.533287301164, -36.8967123295024], [174.533289592338, -36.8967052935981], [174.533291830284, -36.8966983458134], [174.533294017246, -36.8966914861195], [174.53329614984, -36.8966847136585], [174.533298231449, -36.8966780292883], [174.533300259812, -36.8966714321365], [174.533302236068, -36.89666492309], [174.533304160219, -36.8966585021487], [174.533306031123, -36.8966521684258], [174.533307849903, -36.8966459219071], [174.533309616577, -36.8966397634936], [174.533311331144, -36.8966336931852], [174.533312992465, -36.8966277100954], [174.533314601681, -36.8966218151108], [174.533316162138, -36.8966160072869], [174.533317860103, -36.8966102851207], [174.533319804389, -36.8966046463064], [174.533321993894, -36.8965990917596], [174.533324428616, -36.8965936214802], [174.533327108537, -36.8965882345672], [174.533330033676, -36.8965829319217], [174.533333205137, -36.8965777126279], [174.533336621797, -36.8965725767005], [174.533340283692, -36.8965675259415], [174.533344190787, -36.8965625585488], [174.533348344203, -36.8965576745079], [174.533352742837, -36.8965528747342], [174.533357386669, -36.8965481583268], [174.533362275719, -36.8965435261866], [174.533367411108, -36.8965389782991], [174.533372791697, -36.8965345137778], [174.533378417502, -36.8965301335236], [174.533384288507, -36.8965258366354], [174.53339040585, -36.8965216239998], [174.533396768393, -36.8965174947302], [174.53340307339, -36.8965133499784], [174.533408689329, -36.896508981568], [174.533413595888, -36.8965043834516], [174.533417794172, -36.8964995547139], [174.533421283058, -36.8964944953693], [174.533424063687, -36.8964892063047], [174.533426134918, -36.8964836866333], [174.533427496771, -36.8964779372563], [174.533428150366, -36.8964719581593], [174.533428095687, -36.8964657484411], [174.533427330489, -36.8964593081308], [174.533425857035, -36.8964526381004], [174.533423675306, -36.8964457374488], [174.5334207842, -36.8964386070915], [174.533417183698, -36.8964312461275], [174.53341287494, -36.8964236554431], [174.533407856787, -36.8964158341518], [174.533402130379, -36.8964077831401], [174.533395694576, -36.8963995015212], [174.533388549396, -36.8963909901961], [174.533380750138, -36.8963823205603], [174.533372712869, -36.8963740388803], [174.533364521801, -36.896366259444], [174.533356179178, -36.8963589822225], [174.533347682773, -36.8963522081459], [174.533339034813, -36.896345936284], [174.533330234176, -36.8963401666512], [174.533321281983, -36.8963348992331], [174.533312176009, -36.8963301349597], [174.53330291846, -36.8963258719999], [174.533293508251, -36.8963221121702], [174.533283944242, -36.8963188545839], [174.533274229799, -36.8963160991978], [174.533264361555, -36.896313846055], [174.533254340632, -36.8963120951412], [174.53324416817, -36.8963108473429], [174.533233843029, -36.8963101017735], [174.533223365208, -36.8963098584329], [174.533212734708, -36.8963101173211], [174.533201951528, -36.896310878438], [174.53319101784, -36.8963121381501], [174.533180142445, -36.89631333852], [174.533169473326, -36.8963140792332], [174.53315901273, -36.8963143602607], [174.533148759516, -36.8963141807159], [174.53313871372, -36.8963135424012], [174.533128875342, -36.8963124453166], [174.533119244347, -36.89631088766], [174.533109821874, -36.8963088703179], [174.533100605699, -36.8963063942205], [174.533091596906, -36.8963034575512], [174.533082796655, -36.8963000620978], [174.533074203787, -36.8962962060724], [174.533065818338, -36.8962918912775], [174.533057639169, -36.8962871168264], [174.533049668523, -36.8962818826902], [174.533041906402, -36.8962761888689], [174.533034350578, -36.8962700362927], [174.533027002138, -36.8962634231448], [174.5330198611, -36.8962563503264], [174.533012928605, -36.8962488187243], [174.533006191503, -36.8962409565023], [174.532999618301, -36.8962330966716], [174.532993208237, -36.8962252572695], [174.532986961275, -36.8962174364938], [174.532980876329, -36.8962096361611], [174.532974955624, -36.8962018553414], [174.532969196917, -36.8961940940638], [174.532963601329, -36.8961863523138], [174.532958168861, -36.8961786300913], [174.532952899531, -36.8961709282976], [174.53294779218, -36.8961632451449], [174.532942849089, -36.8961555824064], [174.532938067994, -36.8961479392102], [174.53293345002, -36.8961403155416], [174.532928995164, -36.8961327114007], [174.532924703427, -36.8961251267876], [174.532920573706, -36.8961175626179], [174.532916608208, -36.8961100170603], [174.532912804725, -36.8961024919461], [174.53290916436, -36.8960949863597], [174.53290559378, -36.8960874348044], [174.532901141587, -36.8960791780376], [174.53289556194, -36.8960700443663], [174.532888854822, -36.8960600328892], [174.53288101913, -36.8960491445216], [174.532872054845, -36.8960373783622], [174.532861961969, -36.8960247344107], [174.532850741625, -36.8960112126523], [174.53283839271, -36.8959968140022], [174.532824916329, -36.8959815375445], [174.532810311361, -36.8959653832932], [174.532794577825, -36.8959483521491], [174.532777715704, -36.8959304432104], [174.53275972614, -36.8959116573634], [174.532740607995, -36.8958919937208], [174.532720362392, -36.8958714522675], [174.532698988228, -36.8958500339186], [174.532676485469, -36.8958277368712], [174.532652854172, -36.8958045638278], [174.532628095405, -36.8957805120699], [174.532602209225, -36.8957555843003], [174.532576537794, -36.8957306195022], [174.53255228924, -36.895706376365], [174.532529463562, -36.8956828548897], [174.532508060756, -36.895660055077], [174.532488080805, -36.8956379760268], [174.532469524845, -36.8956166186264], [174.532452390631, -36.8955959829054], [174.532436680387, -36.8955760679345]]}, "properties": {"OBJECTID": 3243, "TRACKNAME": "Waitakere Tramline Walk", "CONDITIONSOFUSE": "Waitakere North Regional Park", "STATUS": "Temp Closed", "WEBLINK": "https://www.aucklandcouncil.govt.nz/en/parks-recreation/find-park-beach/park-detail/3407.html", "VALIDATIONSTATE": 3, "created_user": "AC_owner", "last_edited_user": "AC_owner", "last_edited_date": 1789875254325, "created_date": 1789875254325, "PARK_SAPSITEID": null, "TRACK_ID": null, "KAURIDIEBACK_TRACK": null, "KAURIDIEBACK_MITIGATED": null, "SegmentID": null, "GlobalID": "76f8462b-4d2f-4e24-8e31-a3aae4a434ec", "Shape__Length": 523.7472894714377, "_COUNCIL_TRACKNAME": "Waitakere Tramline Walk"}}, {"type": "Feature", "id": 696, "geometry": {"type": "MultiLineString", "coordinates": [[[174.517282592486, -36.8617835499067], [174.517281666731, -36.8618383328517]], [[174.517282592486, -36.8617835499067], [174.517282747166, -36.8617744106975], [174.51728606312, -36.8616783169816], [174.517346940323, -36.8616186132251], [174.517451666809, -36.8615066665025], [174.517478333262, -36.8614766662552], [174.51750000031, -36.8614433334637], [174.517521666892, -36.8614083331312], [174.517549999526, -36.8613799998657], [174.517568332912, -36.8613433330838], [174.517569999548, -36.861303333132], [174.517583333691, -36.8612683328335], [174.517591666638, -36.8612316666632], [174.517626666172, -36.8612049996108], [174.517653333593, -36.8611750002136], [174.517685000183, -36.8611433334194], [174.517733333312, -36.8611316661834], [174.517776667053, -36.8611166664006], [174.517816666752, -36.8610966668962], [174.517858333619, -36.8611033330824], [174.517885000345, -36.8611350002854], [174.517929999799, -36.8611283331107], [174.5179583333, -36.861099999738], [174.517988333706, -36.8610716666989], [174.518016666962, -36.8610383333906], [174.518046666215, -36.8610016662421], [174.518091667212, -36.8609800001138], [174.518115000318, -36.8609450000183], [174.518146667066, -36.8609149997424], [174.518173333293, -36.860881666962], [174.518186666646, -36.8608449999654], [174.518199999542, -36.8608066663313], [174.518213332888, -36.8607700002329], [174.518234999635, -36.860733333128], [174.51825666638, -36.8606966669205], [174.518269999664, -36.860659999915], [174.518276666432, -36.8606233333514], [174.518271667072, -36.8605866662076], [174.518233333172, -36.8605633335296], [174.518191666803, -36.8605450000719], [174.518150000009, -36.860524999963], [174.51813492178, -36.8605187171122], [174.518109999915, -36.8605083334641], [174.518068332925, -36.8604916666121], [174.518018332954, -36.8604849996793], [174.517973333028, -36.8604799994964], [174.517926666895, -36.8604733332057], [174.517883333506, -36.8604583334835], [174.517836667128, -36.8604549995427], [174.517805000408, -36.8604249997294], [174.517778333304, -36.8603950000501], [174.517731666551, -36.8603900003319], [174.517684999712, -36.8603933329043], [174.517643333579, -36.8603750001499], [174.51759833382, -36.8603616666121], [174.517558332804, -36.8603449999367], [174.517454388072, -36.8603134054623], [174.517309089539, -36.8602988899515], [174.517180000213, -36.8602983333288], [174.517134999635, -36.8603166667244], [174.517088332966, -36.8603249998876], [174.517038333743, -36.8603383331364], [174.516989999887, -36.86033666696], [174.516931666828, -36.8603483335435], [174.516886666878, -36.8603516661578], [174.516839999925, -36.8603500002763], [174.516795000262, -36.8603499995681], [174.516750000377, -36.8603399998944], [174.516700000321, -36.860336666591], [174.516655000125, -36.8603616663696], [174.5166133332, -36.8603800002893], [174.516565000461, -36.8603966669893], [174.516516666866, -36.8604099994951], [174.516466666582, -36.8604150002088], [174.516423332862, -36.8604249995871], [174.516381666251, -36.8604450000643], [174.516339999911, -36.860461666338], [174.516295000167, -36.8604800003086], [174.516261667146, -36.860514999652], [174.516223333534, -36.8605366665547], [174.51619833381, -36.860566666894], [174.516178333018, -36.8606033331142], [174.516138333143, -36.8606233329736], [174.516063332988, -36.860616666887], [174.516016666586, -36.8606133331329], [174.515968333616, -36.8606066666044], [174.515921667157, -36.8605983328869], [174.515874999459, -36.8606083331326], [174.515828333204, -36.8606150000573], [174.515790000537, -36.8606366668094], [174.515743333793, -36.8606366662368], [174.515698333643, -36.8606400002082], [174.515651666505, -36.8606383329623], [174.515615443879, -36.8606504073561], [174.515606666828, -36.8606533333888], [174.515564999483, -36.8606716669493], [174.515521667017, -36.8606833335285], [174.515503333136, -36.8607166667282], [174.515512346265, -36.8607298389529], [174.515525000253, -36.8607483333342], [174.515564999968, -36.8607699997378], [174.515605000438, -36.8607899994757], [174.515639999861, -36.8608133331715], [174.515671666262, -36.8608400002868], [174.515656667018, -36.8608766666272], [174.515636666638, -36.8609116670117], [174.515611666545, -36.8609416663326], [174.515571666705, -36.8609583336199], [174.515536666545, -36.8609850000818], [174.515501666709, -36.861008333245], [174.515460000306, -36.8610316666843], [174.515423333516, -36.8610550003509], [174.515393333286, -36.8610833336507], [174.515368333426, -36.8611149995603], [174.515353333621, -36.8611500001291], [174.515328333359, -36.8611800002946], [174.515293333752, -36.8612050000364], [174.515253333709, -36.8612266662458], [174.51521166635, -36.8612466663269], [174.515171666261, -36.8612633334844], [174.515121666438, -36.8612683336318], [174.515073333886, -36.8612699999488], [174.515033333763, -36.8612916669871], [174.514995000155, -36.8613116668558], [174.514963378652, -36.8613243151607], [174.514919736583, -36.861318960301], [174.514885000349, -36.8612983334742], [174.514836667025, -36.8612966664205], [174.514791666437, -36.8613000000578], [174.514746666595, -36.8613016670263], [174.514705000549, -36.8613233335568], [174.514648333353, -36.8613149997199], [174.514603333903, -36.8613083334177], [174.514559999778, -36.8613249995979], [174.514511666457, -36.8613233333134], [174.514466666282, -36.8613133336839], [174.514424999814, -36.8613283335529], [174.514378333702, -36.8613383331955], [174.514341667188, -36.8613599998859], [174.514298333791, -36.8613700002941], [174.514268333016, -36.8613983333206], [174.514231666442, -36.8614199999781], [174.514198333295, -36.8614449997996], [174.514161667036, -36.8614683330742], [174.514136666557, -36.8614999996381], [174.514121667237, -36.8615350000495], [174.514134999691, -36.8615733333098], [174.514170000152, -36.8615966665223], [174.514191666988, -36.8616283333739], [174.51418833389, -36.8616683328948], [174.514198333302, -36.861704999609], [174.514211666948, -36.8617433328438], [174.514226666831, -36.8617783331937], [174.514253333434, -36.8618100003217], [174.514290598469, -36.8618545707787], [174.514338333865, -36.8618933336431], [174.514383332852, -36.8619066666166], [174.514409999547, -36.8619383328052], [174.514440000157, -36.8619699997658], [174.514473333182, -36.8619999999716], [174.514474978446, -36.8620011751283], [174.514508333185, -36.8620249997278], [174.514545000547, -36.8620466665718], [174.514590000079, -36.8620466663215], [174.514636666927, -36.8620483330782], [174.514681666482, -36.8620383329403], [174.514720000113, -36.8620516669136], [174.514748332825, -36.8620833334209], [174.514771666972, -36.8621149996394], [174.514813333414, -36.8621333333898], [174.514853332926, -36.8621516667416], [174.5149966668, -36.8621533332289], [174.515029999601, -36.862126666548], [174.515064999706, -36.862101666876], [174.51509999977, -36.8620766662929], [174.515119999959, -36.8620433335455], [174.515151666463, -36.8620149998009], [174.515183333343, -36.8619883335865], [174.515193332917, -36.8619499995146], [174.515218333492, -36.8619200002755], [174.515236666628, -36.8618866662301], [174.515261666783, -36.8618550003452], [174.515266667014, -36.861818333559], [174.515286667048, -36.8617849998842], [174.515328333553, -36.8617649997865], [174.515368333112, -36.8617450001994], [174.515404999506, -36.8617233331959], [174.515444999795, -36.861706666858], [174.515481666495, -36.8616816665432], [174.515524999485, -36.861665000042], [174.515561666916, -36.8616433329775], [174.515603333335, -36.8616283336129], [174.515648332847, -36.8616149998283], [174.515684999845, -36.8615916669911], [174.515730000216, -36.8615916663008], [174.515761666978, -36.8616183333807], [174.515801666492, -36.8616416663409], [174.515835000221, -36.8616683328693], [174.515903333665, -36.8616466664896], [174.515926666459, -36.8616100001776], [174.515965000287, -36.8615866667235], [174.516009999473, -36.8615816669178], [174.516049999857, -36.8615616661913], [174.516093333067, -36.8615466670249], [174.516138333406, -36.8615466661805], [174.51618333336, -36.8615449995835], [174.516226667147, -36.8615649998413], [174.51627333351, -36.8615750000745], [174.516321666833, -36.8615666666902], [174.516371666251, -36.8615733334362], [174.516406666265, -36.8615966668898], [174.51644499975, -36.8616183335175], [174.516491666141, -36.8616099997024], [174.516538333057, -36.8616083333311], [174.516581666884, -36.8615916664362], [174.516626666919, -36.8615766665356], [174.516673332985, -36.8615716668386], [174.516711666235, -36.8615966666663], [174.516744999544, -36.8616249995836], [174.516775000158, -36.8616533335653], [174.516823333849, -36.861659999748], [174.516870000366, -36.8616566666094], [174.516918332962, -36.8616633336686], [174.516966667236, -36.8616633332184], [174.517011666948, -36.8616649995935], [174.517048333711, -36.8616866665694], [174.517107473103, -36.8617029655911], [174.517128639363, -36.8617087994797], [174.517163174674, -36.8617449246384], [174.517193564426, -36.8617714841454], [174.517226667227, -36.8617783328996], [174.517282592486, -36.8617835499067]]]}, "properties": {"OBJECTID": 696, "TRACKNAME": "Waitoru Reserve Track", "CONDITIONSOFUSE": "Waitakere North Regional Park", "STATUS": "Temp Closed", "WEBLINK": "https://www.aucklandcouncil.govt.nz/en/parks-recreation/find-park-beach/park-detail/3407.html", "VALIDATIONSTATE": 3, "created_user": "AC_owner", "last_edited_user": "AC_owner", "last_edited_date": 1789875254325, "created_date": 1789875254325, "PARK_SAPSITEID": null, "TRACK_ID": null, "KAURIDIEBACK_TRACK": null, "KAURIDIEBACK_MITIGATED": null, "SegmentID": null, "GlobalID": "7644bf19-7486-44e9-8423-56cdab0fc085", "Shape__Length": 1022.7068125709245, "_COUNCIL_TRACKNAME": "Waitoru Reserve Track"}}, {"type": "Feature", "id": 2511, "geometry": {"type": "LineString", "coordinates": [[174.561681751743, -36.9049049568531], [174.561528992042, -36.9048139444697], [174.561479567092, -36.9047596651309], [174.561456212626, -36.9047449103601], [174.561248860267, -36.904671488765], [174.561022770279, -36.9046143212643], [174.560991430737, -36.9045960118036], [174.560972626114, -36.904567685707], [174.560942951769, -36.9044735587057], [174.560918628182, -36.9042470772908], [174.560918738095, -36.9040018328899], [174.560934355872, -36.9039327003957], [174.561009580749, -36.9038403406286], [174.561021847281, -36.9037967787759], [174.560984335739, -36.9037157073582], [174.56076063311, -36.9033651411621], [174.560686442056, -36.9029969625211], [174.560654840845, -36.9029112253859], [174.56066794929, -36.9028472816835], [174.560663289857, -36.9028113875072], [174.560549386522, -36.9026694409713], [174.560526599209, -36.9026301434343], [174.560499650113, -36.9024140710382], [174.5605240777, -36.9022154140552], [174.560580304864, -36.9021243857619], [174.560601338645, -36.9020583188833], [174.560608208082, -36.9020076621267], [174.560599917374, -36.9019676062813], [174.560558852065, -36.9018899705091], [174.560490772078, -36.9018194949127], [174.560438107908, -36.9017895403819], [174.560247291362, -36.9017059396162]]}, "properties": {"OBJECTID": 2511, "TRACKNAME": "Walker Kauri Track", "CONDITIONSOFUSE": "Waitakere North Regional Park", "STATUS": "Temp Closed", "WEBLINK": "https://www.aucklandcouncil.govt.nz/en/parks-recreation/find-park-beach/park-detail/3407.html", "VALIDATIONSTATE": 3, "created_user": "AC_owner", "last_edited_user": "AC_owner", "last_edited_date": 1789875254325, "created_date": 1789875254325, "PARK_SAPSITEID": null, "TRACK_ID": null, "KAURIDIEBACK_TRACK": null, "KAURIDIEBACK_MITIGATED": null, "SegmentID": null, "GlobalID": "3bde796c-5449-45e1-befc-7c6da88be5c8", "Shape__Length": 422.568321682909, "_COUNCIL_TRACKNAME": "Walker Kauri Track"}}, {"type": "Feature", "id": 578, "geometry": {"type": "LineString", "coordinates": [[174.520735424452, -37.0045798715618], [174.520736554919, -37.0046010749473], [174.520837513411, -37.0047241679383], [174.521082298037, -37.0049501816911], [174.521245212116, -37.0052016441449], [174.521484631019, -37.0056392645243], [174.521912529791, -37.0061773567014], [174.521931633743, -37.0062279840819], [174.521997218902, -37.0064999826264], [174.522102094543, -37.0067786879709], [174.522110974438, -37.0068215776434], [174.52209370828, -37.0072040721426], [174.522081139979, -37.0072636505759], [174.521946007796, -37.0074397416459], [174.521760434134, -37.0077031896507], [174.521606219415, -37.0079701831815], [174.521476352841, -37.0081207429652], [174.521451803055, -37.0081352180012], [174.521411572262, -37.0081456216711], [174.521162025061, -37.0081819727399], [174.520946918366, -37.0081666489186], [174.520906588509, -37.0081692659939], [174.520861593742, -37.0081910244975], [174.520673095369, -37.0083169888138], [174.520257356953, -37.0084911303635], [174.519620793302, -37.0085175635957], [174.519557614385, -37.0085495504916], [174.519042305169, -37.0088795810553], [174.51897897573, -37.0089085500389], [174.518794704561, -37.0089173534324], [174.5186141065, -37.0088684409274], [174.518231754938, -37.0088653296014], [174.517535742259, -37.0090420649066], [174.517509239782, -37.0090539141273], [174.517492317518, -37.0090722026811], [174.517468658123, -37.0091558173713], [174.517457305407, -37.009233767405], [174.517480678683, -37.0093505543447], [174.517460312609, -37.0093957472744], [174.517377295994, -37.0094950654496], [174.517276153918, -37.0095787424962], [174.517194811831, -37.0096396324532], [174.517053244137, -37.009719481665], [174.516948904296, -37.009764450124], [174.516261911292, -37.0099448664415], [174.516209586769, -37.0099728821179], [174.516081909591, -37.0100906529136], [174.516031988649, -37.0101214229857], [174.515774878085, -37.0101939225907], [174.515484773793, -37.0103068901822], [174.515017177324, -37.0104425841202], [174.51487164041, -37.010492529445], [174.514826580291, -37.0105400291806], [174.514606158656, -37.0108738921582], [174.51435226596, -37.0111512253539], [174.514324669616, -37.011208831536], [174.514167202626, -37.0116466455851], [174.51413188468, -37.0116889731597], [174.514001249047, -37.0117921955907], [174.513946691275, -37.0118199233021], [174.513698347013, -37.0118995805362], [174.513538670676, -37.012040380812], [174.51344563143, -37.0120909527145], [174.5133484768, -37.0121255780029], [174.513086641131, -37.0121796183041], [174.512969354448, -37.0122895647454], [174.512937268737, -37.012310723023], [174.512549247594, -37.0124108798593], [174.512252342631, -37.0125295868242], [174.512188955714, -37.0125633121006], [174.512119478251, -37.012616962771], [174.512093043611, -37.0126538946079], [174.511993070714, -37.0129173363391], [174.511941467536, -37.0130987964477], [174.511921845812, -37.0131346859992], [174.511876080922, -37.0131700433582], [174.51170054735, -37.0132664352371], [174.511523645028, -37.0133470886306], [174.511497662523, -37.0133824732611], [174.511449602855, -37.0135102484538], [174.511432090292, -37.0135306348139], [174.511398387264, -37.0135507677112], [174.511157257248, -37.0136557279398], [174.510820195609, -37.0137397719534], [174.510494107323, -37.0136939885293], [174.510310829928, -37.0136173539083], [174.510284040758, -37.0136211020097], [174.510249647102, -37.0136392964496], [174.510149156648, -37.0137088620237], [174.510117534504, -37.0137432905903], [174.510056350452, -37.0139020585716], [174.510031226557, -37.0140399429368], [174.510001506155, -37.0140744914871], [174.509879149723, -37.0141768289069], [174.509850503146, -37.0142122560958], [174.509810055096, -37.014289178547], [174.509738456345, -37.0144925516807], [174.509525178751, -37.0148375182628], [174.509470763471, -37.0148913904004], [174.509271721581, -37.0150162811487], [174.509071102319, -37.0151256703153], [174.508633500599, -37.0153018342893], [174.508463754594, -37.0153849790653], [174.5083560106, -37.0154164630176], [174.508224473028, -37.0154059668081], [174.508095842045, -37.0154259443392], [174.508048240609, -37.0154401958458], [174.50802190379, -37.0154719878268], [174.507994811664, -37.0155650904804], [174.508003170329, -37.0157366380817], [174.507981500476, -37.0158157549122], [174.507931314509, -37.0158596306682], [174.507658939799, -37.0160307797723], [174.507588281325, -37.0160562665047], [174.507398054965, -37.0161070950624], [174.507213189758, -37.0160936157227], [174.507153026895, -37.0161047455094], [174.506983298419, -37.0162020392225], [174.506839064285, -37.01637910324], [174.506795172551, -37.0164161835], [174.506594238347, -37.0165020201437], [174.506396418001, -37.0165577207089], [174.506332573033, -37.0165685453027], [174.506200935726, -37.0165650426399], [174.506162087095, -37.0165751892884], [174.505970739149, -37.0167082603344], [174.505806546429, -37.0168737506694], [174.505748733716, -37.0169117373134], [174.505668108585, -37.0169363398769], [174.505388734692, -37.0169451937207], [174.50514935086, -37.0170490380812], [174.505120915151, -37.0170725275412], [174.5051045495, -37.0171038859364], [174.505033452227, -37.0173528133696], [174.505014529623, -37.0173924515744], [174.504704640075, -37.0176688071468], [174.504650148198, -37.0176957005477], [174.504457474264, -37.0177390021254], [174.504132405997, -37.0177587619367], [174.504092094943, -37.0177677546925], [174.504046490124, -37.017791028893], [174.50388196435, -37.017895472111], [174.503696015295, -37.0180558902888], [174.503403888224, -37.0182819742178], [174.503093739735, -37.0184806231822], [174.502586656418, -37.0188808926367], [174.502504758599, -37.0189694512454]]}, "properties": {"OBJECTID": 578, "TRACKNAME": "Walker Ridge Track", "CONDITIONSOFUSE": "Waitakere South Regional Park", "STATUS": "Temp Closed", "WEBLINK": "https://www.aucklandcouncil.govt.nz/en/parks-recreation/find-park-beach/park-detail/212.html", "VALIDATIONSTATE": 3, "created_user": "AC_owner", "last_edited_user": "AC_owner", "last_edited_date": 1789875254325, "created_date": 1789875254325, "PARK_SAPSITEID": null, "TRACK_ID": null, "KAURIDIEBACK_TRACK": null, "KAURIDIEBACK_MITIGATED": null, "SegmentID": null, "GlobalID": "00584a99-f6e5-4657-b80d-03f1cb75f3db", "Shape__Length": 2707.4763107612434, "_COUNCIL_TRACKNAME": "Walker Ridge Track"}}, {"type": "Feature", "id": 1101, "geometry": {"type": "LineString", "coordinates": [[174.5292780464, -37.001745441414], [174.529165280244, -37.0018311350595], [174.529092126335, -37.0018623090912], [174.52904148141, -37.0018732370886], [174.528836767611, -37.0018463102492], [174.528352066721, -37.0018137505058], [174.527959449896, -37.0018771239973], [174.52769253252, -37.0019119275861], [174.52763573367, -37.0019489292449], [174.527346645524, -37.0022197664885], [174.527170711668, -37.0023484095355], [174.52696314457, -37.0024800102007], [174.526831611887, -37.0026305701808], [174.526779814454, -37.0026749432512], [174.526592132667, -37.0028074231348], [174.526354435512, -37.0029160833198], [174.526245569799, -37.0029554125071], [174.525883914136, -37.0030169027588], [174.525532957941, -37.0030278416567], [174.525225217232, -37.0030046847084], [174.525116402613, -37.0030134202644], [174.525017981422, -37.0030456826881], [174.524882590059, -37.0031276520448], [174.524654419473, -37.0031918578572], [174.524603701972, -37.0031879756628], [174.524464603181, -37.0031417385551], [174.524435492979, -37.0031399042001], [174.524398820453, -37.0031482531322], [174.52408699759, -37.0032949607247], [174.523928616033, -37.0033822448135], [174.523870200282, -37.0034329750443], [174.523807662798, -37.0035294477972], [174.523764200147, -37.0035647260426], [174.523642842275, -37.0036229974789], [174.523509738413, -37.0036535948028], [174.523473720129, -37.0036688394222], [174.523273117021, -37.0038795913194], [174.523239011986, -37.0039000481743], [174.523188239886, -37.0039171045283], [174.522830634503, -37.0040208611148], [174.522768754901, -37.0040304073373], [174.522720154062, -37.0040154736233], [174.522424005545, -37.0038732901398], [174.522228553803, -37.0038409691971], [174.522152499313, -37.0038368250922], [174.521932648684, -37.0038879034316], [174.521725557681, -37.0039910602181], [174.521665340354, -37.0040135279926], [174.521439574565, -37.0040678450274], [174.52128462169, -37.0040775922581], [174.5212211419, -37.004107799196], [174.521144406617, -37.0041687589598], [174.521079402541, -37.0043074633145], [174.520886326091, -37.0044327385074], [174.520749019981, -37.0045594078524], [174.520735424452, -37.0045798715618]]}, "properties": {"OBJECTID": 1101, "TRACKNAME": "Walker Ridge Track", "CONDITIONSOFUSE": "Waitakere South Regional Park", "STATUS": "Temp Closed", "WEBLINK": "https://www.aucklandcouncil.govt.nz/en/parks-recreation/find-park-beach/park-detail/212.html", "VALIDATIONSTATE": 3, "created_user": "AC_owner", "last_edited_user": "AC_owner", "last_edited_date": 1789875254325, "created_date": 1789875254325, "PARK_SAPSITEID": null, "TRACK_ID": null, "KAURIDIEBACK_TRACK": null, "KAURIDIEBACK_MITIGATED": null, "SegmentID": null, "GlobalID": "eba7eb49-b053-4d5d-b682-6a32f7a0ea3d", "Shape__Length": 893.0775656439724, "_COUNCIL_TRACKNAME": "Walker Ridge Track"}}, {"type": "Feature", "id": 2379, "geometry": {"type": "LineString", "coordinates": [[174.824139610967, -36.3712961327841], [174.823950692943, -36.3712380274572], [174.823696638198, -36.3712701038644], [174.823580111179, -36.3711903072092], [174.823564461178, -36.3711349873694], [174.823774850688, -36.3708306723635], [174.823806291524, -36.3706549480228], [174.823814438135, -36.370464093311], [174.823251305573, -36.3702149157417], [174.823056818613, -36.3700754658172], [174.822868396837, -36.3700574734464], [174.822260439942, -36.3703857400634], [174.821334588357, -36.3707025564093], [174.820683515745, -36.3708579662163], [174.820273644034, -36.370866199628], [174.819938027157, -36.3708593887931], [174.819651147848, -36.3708498504741], [174.819354511368, -36.3707756654919], [174.818836390138, -36.370561755331], [174.818245521455, -36.3702630918096], [174.817622228268, -36.3699649187564], [174.817592027438, -36.3699343737223], [174.817492532119, -36.3697140859705], [174.817301150483, -36.369473731194], [174.816975013475, -36.3690183945289], [174.81672986898, -36.368495046288], [174.816596555157, -36.3683420507466], [174.816514632827, -36.3682431283236], [174.816243774137, -36.3680087506937], [174.81509329458, -36.367255090631], [174.814978671509, -36.3671457408428], [174.814848961126, -36.3668937134672], [174.814980697675, -36.3664145202856], [174.815013952055, -36.3661957905235], [174.815058637287, -36.365961384696], [174.815112888393, -36.3654406368795], [174.815130698466, -36.3653187325943], [174.81516665084, -36.3650892296493], [174.815002492586, -36.3650678749762], [174.81502882463, -36.364963728656], [174.815111541655, -36.3648432231206], [174.815229577843, -36.3647197956428], [174.815359735766, -36.3646104935997], [174.815578106803, -36.3644903109857], [174.815753091942, -36.3644065624634], [174.815816225347, -36.3643316686358], [174.815840761232, -36.3642454360048], [174.815988315752, -36.3636159462743], [174.815821710574, -36.3632988927771], [174.815817156928, -36.3632297981793], [174.815856873251, -36.363162415672], [174.816132421416, -36.3629650436404], [174.816358576312, -36.3627994268103], [174.816479724842, -36.3626610442766]]}, "properties": {"OBJECTID": 2379, "TRACKNAME": "West End Track", "CONDITIONSOFUSE": "Tawharanui Regional Park", "STATUS": "Open", "WEBLINK": "https://www.aucklandcouncil.govt.nz/en/parks-recreation/find-park-beach/park-detail/228.html", "VALIDATIONSTATE": 3, "created_user": "AC_owner", "last_edited_user": "AC_owner", "last_edited_date": 1789875254325, "created_date": 1789875254325, "PARK_SAPSITEID": null, "TRACK_ID": null, "KAURIDIEBACK_TRACK": null, "KAURIDIEBACK_MITIGATED": null, "SegmentID": null, "GlobalID": "3196b38a-ff26-4b32-a9e3-abddcfa83a52", "Shape__Length": 1731.9045142892926, "_COUNCIL_TRACKNAME": "West End Track"}}, {"type": "Feature", "id": 564, "geometry": {"type": "LineString", "coordinates": [[174.540699063891, -36.8927274671524], [174.540698709248, -36.8927204320721], [174.540698248016, -36.8927131189502], [174.540697902961, -36.8927060026225], [174.540697720771, -36.8926991726201], [174.540697701809, -36.8926926469657], [174.540697823455, -36.8926864169391], [174.540698119547, -36.8926804911149], [174.540698567285, -36.8926748517616], [174.54069916685, -36.8926695078904], [174.540699940862, -36.8926644682218], [174.540700855299, -36.8926597151696], [174.540701944184, -36.8926552663198], [174.540703184895, -36.8926511129523], [174.540704577433, -36.8926472550669], [174.540706133017, -36.8926436925181], [174.540707840427, -36.8926404254516], [174.540709722103, -36.8926374535762], [174.540711744387, -36.8926347773285], [174.540713941117, -36.8926324052832], [174.540716278273, -36.8926303198542], [174.540718789876, -36.8926285386277], [174.540721441905, -36.8926270440175], [174.540723813818, -36.8926255710675], [174.540725553654, -36.8926239170279], [174.540726661233, -36.8926220728874], [174.540727147773, -36.8926200385005], [174.540727002237, -36.8926178230241], [174.540726224443, -36.8926154174468], [174.540724825792, -36.8926128306344], [174.540722806102, -36.8926100535756], [174.540720154337, -36.8926070954273], [174.540716870133, -36.8926039381665], [174.540712965254, -36.8926006086819], [174.540708428117, -36.8925970890962], [174.540703258724, -36.8925933794093], [174.540697468474, -36.8925894884869], [174.540691057187, -36.8925854073177], [174.540684002424, -36.8925811361926], [174.540676338024, -36.8925766836861], [174.54066803033, -36.8925720502347], [174.540659101418, -36.8925672175247], [174.540649551832, -36.8925622125899], [174.540639539907, -36.8925570964723], [174.540629541739, -36.892552106367], [174.540619579947, -36.8925472509942], [174.54060965453, -36.8925425303539], [174.540599765489, -36.8925379444462], [174.540589912824, -36.892533493271], [174.540580085315, -36.8925291769738], [174.540570305401, -36.8925249952638], [174.540560550643, -36.8925209484318], [174.540550843479, -36.892517036187], [174.540541161472, -36.8925132588202], [174.540531515841, -36.8925096161861], [174.540521917803, -36.8925061081391], [174.540512344922, -36.8925027349702], [174.540502808415, -36.892499496534], [174.540493308284, -36.8924963928305], [174.540483844709, -36.8924934328709], [174.540474406109, -36.8924905987782], [174.540465015102, -36.8924878992726], [174.540455649252, -36.8924853346453], [174.540446342033, -36.8924828954484], [174.540437225902, -36.8924804718003], [174.540428345011, -36.8924780270738], [174.540419699542, -36.8924755702803], [174.540411289312, -36.8924730924086], [174.540403114503, -36.8924706024699], [174.540395163715, -36.8924680915986], [174.540387459387, -36.8924655595037], [174.540379979441, -36.8924630244988], [174.540372734554, -36.8924604594046], [174.540365725088, -36.8924578822437], [174.540358951042, -36.8924552930162], [174.540352412237, -36.8924526827108], [174.540346108853, -36.8924500603389], [174.540340029489, -36.8924474170346], [174.540334196584, -36.892444752507], [174.540328587881, -36.8924420760585], [174.540323225818, -36.8924393873981], [174.540318087775, -36.8924366778055], [174.540313184972, -36.8924339471353], [174.54030851759, -36.8924312043987], [174.540304038217, -36.8924283240191], [174.540299733098, -36.8924251799835], [174.540295591376, -36.8924217904599], [174.54029160147, -36.8924181375712], [174.540287774781, -36.8924142301831], [174.540284111308, -36.8924100682959], [174.540280611052, -36.8924056519095], [174.540277274011, -36.8924009810239], [174.540274100187, -36.892396055639], [174.54027107818, -36.8923908668891], [174.540268230607, -36.8923854234946], [174.540265535213, -36.8923797347577], [174.540263002855, -36.8923737825103], [174.540260633712, -36.8923675757638], [174.540258427786, -36.8923611145182], [174.540256384895, -36.8923543897621], [174.540254505402, -36.8923474195182], [174.540252777725, -36.8923401859094], [174.540251224664, -36.8923327066673], [174.540249823419, -36.8923249640603], [174.540248575801, -36.8923170482015], [174.540247442004, -36.8923092119901], [174.540246422752, -36.8923014914714], [174.540245506646, -36.8922938777794], [174.540244704905, -36.8922863707688], [174.540244006308, -36.892278970585], [174.540243433295, -36.892271676937], [174.540242963427, -36.8922644901158], [174.540242596705, -36.8922574101214], [174.540242344346, -36.8922504368084], [174.540242206533, -36.892243579188], [174.540242182902, -36.8922368192377], [174.540242262598, -36.8922301751255], [174.540242456477, -36.8922236286833], [174.540242753681, -36.8922171980792], [174.540243165069, -36.8922108651451], [174.540243691002, -36.8922046479038], [174.540244331298, -36.8921985373437], [174.54024507474, -36.8921925336105], [174.540245932545, -36.8921866365586], [174.540246882457, -36.8921808554903], [174.540247690867, -36.8921752925848], [174.540248291548, -36.8921700027829], [174.540248684317, -36.8921649770731], [174.540248868995, -36.8921602064443], [174.540248845943, -36.892155708919], [174.540248603761, -36.8921514756313], [174.540248142268, -36.89214749757], [174.540247484265, -36.8921437924668], [174.540246606951, -36.8921403425899], [174.540245521907, -36.8921371658165], [174.540244217553, -36.8921342442695], [174.540242716506, -36.8921315866691], [174.540240985293, -36.8921292024632], [174.540239057206, -36.8921270731927], [174.54023690999, -36.8921252081598], [174.540234555045, -36.8921236162304], [174.540231992007, -36.8921222793818], [174.54022920984, -36.8921212067708], [174.540226219763, -36.8921203982518], [174.540223021774, -36.892119853825], [174.540219712863, -36.8921193739319], [174.540216433624, -36.8921186953532], [174.540213173203, -36.8921178362569], [174.540209942816, -36.8921167964976], [174.540206730884, -36.8921155581981], [174.540203537949, -36.8921141483923], [174.540200374688, -36.8921125399009], [174.540197230243, -36.8921107508919], [174.540194104253, -36.8921087633427], [174.540191008479, -36.8921066041418], [174.540187942379, -36.8921042462553], [174.540184895096, -36.8921017078512], [174.540181866629, -36.8920989889295], [174.540178856616, -36.8920960714677], [174.540175876639, -36.8920929733428], [174.540172926517, -36.8920896855437], [174.540169983993, -36.8920862173724], [174.540167071323, -36.8920825595268], [174.540164188507, -36.8920787120069], [174.540161324328, -36.8920746749581], [174.540158502128, -36.8920704931462], [174.540155780537, -36.8920662920025], [174.5401531601, -36.892062098561], [174.540150651672, -36.8920578946536], [174.540148255798, -36.8920537073143], [174.540145971933, -36.8920495095092], [174.540143789221, -36.8920453194064], [174.5401417187, -36.8920411278489], [174.540139749332, -36.8920369439938], [174.540137892155, -36.8920327586841], [174.540136147169, -36.8920285719199], [174.540134514554, -36.8920243927126], [174.540132982912, -36.8920202121962], [174.54013156346, -36.8920160302253], [174.540130256199, -36.8920118467999], [174.54012905009, -36.8920076710768], [174.540127956354, -36.8920035029105], [174.540126963408, -36.8919993244239], [174.540126094053, -36.8919951533487], [174.54012531445, -36.8919909811099], [174.540124647219, -36.891986816428], [174.540123914847, -36.8919827607546], [174.540123016725, -36.8919788334216], [174.540121987052, -36.8919750610265], [174.540120803028, -36.8919714258375], [174.540119476054, -36.8919679367206], [174.54011799473, -36.8919645848098], [174.540116370456, -36.891961378971], [174.540114603231, -36.8919583192043], [174.540112692875, -36.8919553964982], [174.540110628349, -36.8919526200096], [174.540108420692, -36.8919499805817], [174.540106058866, -36.8919474873712], [174.54010355409, -36.8919451402326], [174.540100906182, -36.8919429301547], [174.540098115324, -36.8919408661488], [174.540095170297, -36.8919389483602], [174.540092082138, -36.8919371676323], [174.540088851029, -36.8919355329763], [174.540085465569, -36.8919340355264], [174.540081937159, -36.8919326841483], [174.540078219475, -36.8919314073333], [174.540074265828, -36.8919301155497], [174.540070064818, -36.8919287999317], [174.540065616628, -36.8919274694907], [174.540060932295, -36.8919261150696], [174.5400560006, -36.8919247368141], [174.540050821723, -36.8919233437354], [174.540045406885, -36.8919219356879], [174.540039744503, -36.8919204947946], [174.54003384616, -36.8919190389325], [174.540027700636, -36.891917568247], [174.540021307749, -36.8919160737269], [174.54001467872, -36.8919145552265], [174.54000780251, -36.8919130219027], [174.540000678938, -36.891911464744], [174.539993319223, -36.891909883605], [174.539985712327, -36.8919082876424], [174.53997785825, -36.8919066768561], [174.539969767849, -36.8919050330781], [174.539961430268, -36.8919033744763], [174.53995290142, -36.8919016913122], [174.539944483677, -36.8918999526253], [174.539936221552, -36.8918981398111], [174.539928092788, -36.8918962621718], [174.539920119643, -36.8918943104055], [174.53991229126, -36.89189230268], [174.539904607276, -36.8918902209729], [174.539897068054, -36.8918880833068], [174.539889684451, -36.8918858715136], [174.539882445428, -36.8918835947501], [174.539875350986, -36.8918812530164], [174.539868412162, -36.8918788371557], [174.539861606881, -36.8918763654816], [174.539854957219, -36.8918738196806], [174.539848452318, -36.8918712179207], [174.539842103036, -36.891868542034], [174.539835887115, -36.8918658013225], [174.539829826814, -36.8918629864843], [174.539823911274, -36.8918601156873], [174.539818140314, -36.8918571799203], [174.539812524973, -36.8918541700265], [174.539806944195, -36.8918512047529], [174.539801376266, -36.8918483204355], [174.539795810148, -36.8918455262312], [174.53979024584, -36.8918428221399], [174.539784671943, -36.8918401992957], [174.539779111076, -36.8918376664192], [174.53977355202, -36.8918352236556], [174.539767983374, -36.8918328621392], [174.539762427758, -36.8918305905904], [174.539756873953, -36.8918284091547], [174.539751310558, -36.891826308966], [174.539745760193, -36.891824298745], [174.539740211638, -36.8918223786371], [174.539734653494, -36.8918205397762], [174.53972910838, -36.891818790883], [174.539723564895, -36.8918171230914], [174.539718023221, -36.891815545413], [174.539712472138, -36.8918140579929], [174.539706934085, -36.8918126605405], [174.539701397661, -36.8918113441898], [174.539695896524, -36.8918101085047], [174.539690497626, -36.8918089345899], [174.539685212366, -36.8918078313115], [174.539680040382, -36.8918067806468], [174.539674982038, -36.8918058006185], [174.539670026113, -36.891804891372], [174.539665183464, -36.8918040347392], [174.539660443236, -36.8918032488883], [174.539655816464, -36.8918025246625], [174.539651303151, -36.8918018620618], [174.539646903295, -36.8918012610863], [174.539642605858, -36.8918007308926], [174.539638421879, -36.8918002623241], [174.539634340138, -36.8917998555262], [174.539630371855, -36.8917995103534], [174.53962651721, -36.8917992358172], [174.539622764804, -36.8917990230516], [174.539619125856, -36.8917988719113], [174.539615600364, -36.8917987823961], [174.539612177293, -36.8917987636629], [174.539608844335, -36.8917987617892], [174.539605428319, -36.8917985356498], [174.53960189432, -36.8917980226017], [174.539598242338, -36.8917972226448], [174.539594483773, -36.8917961446452], [174.539590607407, -36.8917947887481], [174.539586624458, -36.8917931548081], [174.539582523527, -36.8917912339594], [174.539578304613, -36.8917890262018], [174.539573968078, -36.8917865495581], [174.5395695246, -36.8917837768488], [174.5395649635, -36.8917807352533], [174.539560295638, -36.8917774066036], [174.539555509974, -36.8917738000564], [174.539550606328, -36.8917699066002], [174.5395455961, -36.8917657351011], [174.539540468071, -36.8917612857043], [174.53953522206, -36.8917565493987], [174.539529869468, -36.89175153505], [174.539524398893, -36.8917462337923], [174.539518810699, -36.8917406636482], [174.539513302306, -36.8917351555655], [174.539508001467, -36.8917299242169], [174.539502885925, -36.8917249789044], [174.539497966719, -36.8917203104713], [174.539493232628, -36.8917159190632], [174.539488706273, -36.8917118134005], [174.539484376252, -36.8917079846174], [174.539480231529, -36.8917044418707], [174.539476294359, -36.8917011758581], [174.539472542304, -36.8916981868705], [174.539468986765, -36.8916954837739], [174.539465627561, -36.891693057557], [174.539462464692, -36.8916909082197], [174.539459498337, -36.8916890447735], [174.539456728317, -36.891687458207], [174.539454154813, -36.8916861575316], [174.539451766424, -36.8916851338813], [174.539449585588, -36.8916843869654], [174.539447590048, -36.8916839260859], [174.539445790843, -36.8916837420863], [174.539444073428, -36.8916837192728], [174.539442141042, -36.8916836091083], [174.539439993323, -36.89168339357], [174.539437618871, -36.891683063792], [174.539435029267, -36.8916826376515], [174.539432224148, -36.8916820971258], [174.539429203696, -36.8916814512263], [174.539425956873, -36.8916807091096], [174.539422494536, -36.8916798526078], [174.539418805647, -36.8916788908774], [174.539414912643, -36.8916778236277], [174.539410793087, -36.8916766511494], [174.53940644698, -36.8916753734426], [174.539401896758, -36.8916739902164], [174.539397119984, -36.8916725017615], [174.539392127696, -36.8916708989213], [174.539386909037, -36.8916691998637], [174.539381474865, -36.8916673864207], [174.53937582554, -36.8916654766149], [174.539369949483, -36.8916634525689], [174.539363892293, -36.8916613497467], [174.539357881427, -36.8916593184333], [174.539351962847, -36.8916574121152], [174.539346158991, -36.8916556305018], [174.539340458279, -36.8916539557158], [174.539334849853, -36.8916524059251], [174.53932935597, -36.8916509718279], [174.539323954373, -36.891649662726], [174.539318655919, -36.8916484604516], [174.53931347237, -36.8916473918933], [174.539308380745, -36.8916464303077], [174.539303392625, -36.8916455935723], [174.539298507829, -36.8916448726757], [174.539293726357, -36.891644267618], [174.53928904839, -36.8916437874104], [174.539284473746, -36.8916434230416], [174.539280002608, -36.891643183523], [174.539275634612, -36.891643050832], [174.539271370121, -36.8916430429912], [174.539267209135, -36.8916431600006], [174.539263140073, -36.891643383983], [174.53925911661, -36.8916436434291], [174.539255081024, -36.8916438579638], [174.539251033313, -36.891644027587], [174.539246984698, -36.8916441521535], [174.53924291274, -36.8916442319538], [174.539238828658, -36.8916442668427], [174.539234732452, -36.8916442568202], [174.539230624303, -36.8916442108975], [174.53922650385, -36.8916441110521], [174.539222371453, -36.8916439753065], [174.539218226752, -36.8916437856382], [174.539214070108, -36.8916435600698], [174.539209912378, -36.8916432804332], [174.539205731486, -36.8916429650418], [174.53920153847, -36.891642604739], [174.539197333331, -36.8916421995248], [174.539193116067, -36.891641749399], [174.539188897899, -36.8916412542165], [174.539184656388, -36.8916407142679], [174.539180402753, -36.8916401294078], [174.539176169566, -36.8916394451321], [174.539172020883, -36.8916384983649], [174.539167967742, -36.8916372799492], [174.539164010144, -36.8916357898853], [174.539160147906, -36.8916340191617], [174.539156381393, -36.8916319858011], [174.53915271024, -36.8916296717809], [174.53914913463, -36.8916270861125], [174.539145654562, -36.8916242287957], [174.539142270037, -36.8916210998306], [174.539138981055, -36.8916176992173], [174.539135776396, -36.8916140271011], [174.539132678498, -36.8916100831912], [174.539129675962, -36.8916058586218], [174.53912675775, -36.8916013625495], [174.539123946299, -36.8915965946836], [174.539121219353, -36.8915915643261], [174.539118587588, -36.8915862442978], [174.539116062765, -36.8915806614872], [174.539113622266, -36.8915748071737], [174.539111266271, -36.8915686903688], [174.539108829573, -36.8915624664452], [174.539106279599, -36.891556189907], [174.539103615988, -36.8915498427315], [174.539100827883, -36.8915434430868], [174.539097926321, -36.8915369818162], [174.539094900084, -36.891530459065], [174.539091749173, -36.8915238748331], [174.539088496205, -36.8915172378413], [174.539085107162, -36.8915105305028], [174.539081616063, -36.8915037704044], [174.539077988889, -36.8914969399593], [174.53907425966, -36.8914900567541], [174.539070405755, -36.8914831120683], [174.539066427176, -36.8914761059018], [174.539062335321, -36.8914690471205], [174.539058118612, -36.8914619178472], [174.539053788627, -36.8914547359592], [174.539049333787, -36.891447483579], [174.539044776891, -36.8914401784388], [174.539040084102, -36.8914328119631]]}, "properties": {"OBJECTID": 564, "TRACKNAME": "West Tunnel Mouth Track", "CONDITIONSOFUSE": "Waitakere North Regional Park", "STATUS": "Temp Closed", "WEBLINK": "https://www.aucklandcouncil.govt.nz/en/parks-recreation/find-park-beach/park-detail/3407.html", "VALIDATIONSTATE": 3, "created_user": "AC_owner", "last_edited_user": "AC_owner", "last_edited_date": 1789875254325, "created_date": 1789875254325, "PARK_SAPSITEID": null, "TRACK_ID": null, "KAURIDIEBACK_TRACK": null, "KAURIDIEBACK_MITIGATED": null, "SegmentID": null, "GlobalID": "0f53f409-05fb-4f16-abc6-b2ed1be5efa2", "Shape__Length": 234.91023990577986, "_COUNCIL_TRACKNAME": "West Tunnel Mouth Track"}}, {"type": "Feature", "id": 1852, "geometry": {"type": "LineString", "coordinates": [[175.090951134816, -36.9025672442912], [175.091740401864, -36.9026254216375], [175.092393614489, -36.9026103186733], [175.092962719533, -36.9026163785388], [175.093393943518, -36.9026507511765], [175.093681316776, -36.9026284616992], [175.093834419028, -36.9025813920793], [175.093953475061, -36.9025348504558], [175.094155504975, -36.9024240709027], [175.094613814159, -36.9020113190586], [175.09494219817, -36.9016269406958], [175.095132515261, -36.9014606214426]]}, "properties": {"OBJECTID": 1852, "TRACKNAME": "Whakakaiwhara Pa Walk", "CONDITIONSOFUSE": "Duder Regional Park", "STATUS": "Open", "WEBLINK": "https://www.aucklandcouncil.govt.nz/en/parks-recreation/find-park-beach/park-detail/211.html", "VALIDATIONSTATE": 3, "created_user": "AC_owner", "last_edited_user": "AC_owner", "last_edited_date": 1789875254325, "created_date": 1789875254325, "PARK_SAPSITEID": null, "TRACK_ID": null, "KAURIDIEBACK_TRACK": null, "KAURIDIEBACK_MITIGATED": null, "SegmentID": null, "GlobalID": "45a7041c-25a9-4695-a12d-ea4e8487517b", "Shape__Length": 430.35929800371326, "_COUNCIL_TRACKNAME": "Whakakaiwhara Pa Walk"}}, {"type": "Feature", "id": 65, "geometry": {"type": "LineString", "coordinates": [[175.247713991532, -37.0688995601951], [175.247803938025, -37.0688976385795], [175.247837816398, -37.0689061258267], [175.247869495048, -37.0689410521257], [175.24789010751, -37.0689702851053], [175.247908940916, -37.06899449585], [175.247938015107, -37.0690292011387], [175.247962723904, -37.0690630879509], [175.24798053306, -37.0690891746608], [175.248004369647, -37.06912475431], [175.248027426697, -37.0691571673541], [175.248046346533, -37.0691804932198], [175.2480713964, -37.0692099304212], [175.248095554504, -37.0692381137767], [175.248118031131, -37.0692676267988], [175.248134192567, -37.0692923748415], [175.248148322723, -37.0693199372227], [175.248170014105, -37.0693586577833], [175.248185375433, -37.0693844934673], [175.248207656849, -37.0694165336474], [175.248231000375, -37.0694567369506], [175.248247717567, -37.0694884951048], [175.248268758027, -37.0695280210809], [175.248287893078, -37.0695654832949], [175.248300750174, -37.0695918260848], [175.248315305443, -37.0696254006714], [175.248329575319, -37.069659593512], [175.248341609892, -37.0696851227534], [175.248356709065, -37.0697199757938], [175.248371278548, -37.0697551723364], [175.24838155789, -37.0697814378282], [175.248399009113, -37.0698159578592], [175.248415360371, -37.0698505528225], [175.248427675738, -37.0698852062994], [175.248436298551, -37.0699170728707], [175.248445180754, -37.0699592447183], [175.248450554652, -37.0699888747401], [175.248455245596, -37.0700243217055], [175.248459436709, -37.0700546500891], [175.248464101273, -37.0700773990692], [175.248471190022, -37.0701018775178], [175.24848717689, -37.0701378402531], [175.24850325364, -37.070161995025], [175.248519185867, -37.0701892528043], [175.24853977752, -37.0702169990044], [175.248558893403, -37.0702404742713], [175.248583775489, -37.0702699235466], [175.248600823926, -37.0703056498323], [175.248616972188, -37.0703345077082], [175.248626628743, -37.0703602442419], [175.248647970949, -37.0703894091586], [175.248672442529, -37.0704144771565], [175.248697160059, -37.0704566280105], [175.248713244239, -37.0704989245882], [175.248726610327, -37.0705443910124], [175.248734826363, -37.070577328736], [175.248750537338, -37.0706252651412], [175.248758339332, -37.0706521814149], [175.248765178954, -37.0706788816196], [175.248775832683, -37.0707178114142], [175.248782714555, -37.0707447992132], [175.24879047328, -37.070772914955], [175.248799759088, -37.0708013261765], [175.248809783002, -37.0708299757437], [175.248824024644, -37.0708708111925], [175.248839762218, -37.0709188822637], [175.248849692099, -37.0709591956657], [175.24885509883, -37.0709876444134], [175.248864048103, -37.071023317], [175.248871820613, -37.0710557043541], [175.248879704531, -37.0710861519266], [175.248892645345, -37.0711172155532], [175.248913572743, -37.0711418460297], [175.248949665612, -37.0711628181781], [175.248990035686, -37.0711785721043], [175.249022080571, -37.0711885357599], [175.249068052144, -37.0711909802205], [175.249104021211, -37.0711845389277], [175.249137973736, -37.0711726563372], [175.249170115862, -37.071158122386], [175.249204841946, -37.071142349766], [175.249251090721, -37.0711176345154], [175.249288804512, -37.0710979208404], [175.249322453463, -37.0710795730494], [175.249356494149, -37.0710600191665], [175.249388923866, -37.0710407571994], [175.249417740864, -37.0710191304203], [175.249445107827, -37.0710005773406], [175.249486096108, -37.0709820632111], [175.249524686874, -37.0709718589361], [175.249558657356, -37.0709670596375], [175.249602971088, -37.0709693551012], [175.249637199276, -37.0709763210928], [175.249680731276, -37.070986796601], [175.249711645272, -37.0709992148792], [175.249744726322, -37.0710099878181], [175.249778034506, -37.0710196929734], [175.24981602081, -37.0710270922907], [175.249854150181, -37.0710301989755], [175.249910413968, -37.0710338266888], [175.249960207257, -37.071033152083], [175.250006714693, -37.0710312780804], [175.25005263956, -37.0710306227785], [175.250088339519, -37.0710360105721], [175.250139755571, -37.0710434342814], [175.250190907827, -37.0710503042059], [175.250224403052, -37.0710572028264], [175.250269786707, -37.0710622084906], [175.250317926015, -37.0710615110535], [175.250352275273, -37.0710596333694], [175.25039087962, -37.0710563590948], [175.250428922725, -37.0710531224984], [175.250470062682, -37.0710496378433], [175.250505559454, -37.0710466298064], [175.250553415037, -37.0710424228219], [175.250587391021, -37.0710362892884], [175.250633447915, -37.0710241224144], [175.25067796865, -37.0710113538172], [175.250710018803, -37.0709990472627], [175.25074810642, -37.0709821018523], [175.25078017501, -37.0709643334121], [175.25081174889, -37.0709454297802], [175.250844767043, -37.0709293466394], [175.250877259867, -37.0709091908443], [175.250905614912, -37.0708898345935], [175.250935161653, -37.0708765480952], [175.250969962017, -37.0708598813256], [175.250998282539, -37.0708458250022], [175.251033950545, -37.0708273122222], [175.251073762474, -37.0708040252861], [175.251103459386, -37.0707863108048], [175.25113391559, -37.0707703122803], [175.25116370565, -37.0707561288779], [175.25119474219, -37.0707430213124], [175.251226371066, -37.0707275051917], [175.251263093349, -37.0707115588844], [175.251294139552, -37.0706999201316], [175.251326908714, -37.0706887353222], [175.251369333392, -37.0706712747604], [175.25139773826, -37.0706577935352], [175.251430482283, -37.0706423372956], [175.25146059043, -37.0706263633231], [175.251491723323, -37.0706085313518], [175.251523640273, -37.0705894497828], [175.251559194983, -37.0705716780162], [175.251592204551, -37.0705553154492], [175.251621755565, -37.0705421819122], [175.251658361637, -37.0705253544759], [175.251690387477, -37.0705099568677], [175.251727225588, -37.0704948914344], [175.251761872757, -37.0704783805566], [175.25179115315, -37.0704671266979], [175.25179581103, -37.0704652808093], [175.251830089056, -37.0704572035203], [175.251875411492, -37.0704574872364], [175.251913734329, -37.0704549748592], [175.25195129558, -37.0704537116351], [175.251989156103, -37.0704561017499], [175.252021654885, -37.0704582151808], [175.252067207603, -37.0704617208894], [175.25210063052, -37.0704638978555], [175.252145181057, -37.070466602443], [175.252188241312, -37.0704679744517], [175.252225204529, -37.0704677859649], [175.252276835589, -37.0704684183255], [175.252327633136, -37.0704655877115], [175.25236113243, -37.0704627432448], [175.252407185489, -37.070458831122], [175.252452853163, -37.0704548181546], [175.252484571719, -37.0704510882206], [175.252524867713, -37.0704426620709], [175.252570169042, -37.0704315902958], [175.252604790621, -37.0704233440329], [175.252655411414, -37.0704122612772], [175.252709435082, -37.0704017717462], [175.252768013902, -37.0703909072379], [175.252809440289, -37.0703826758102], [175.252856696167, -37.0703684845445], [175.252902288544, -37.0703554694465], [175.252938071788, -37.0703477147189], [175.252986838127, -37.0703404793092], [175.253037853203, -37.0703324621274], [175.253076071108, -37.0703290681541], [175.253124966494, -37.0703258137166], [175.253171651395, -37.0703280537724], [175.253206875745, -37.0703299168055], [175.253250865522, -37.070332676697], [175.253297628194, -37.0703383038876], [175.253334082588, -37.0703425858648], [175.253386382057, -37.070348324082], [175.253442035169, -37.0703571708967], [175.25348555425, -37.0703618863259], [175.253540876511, -37.0703641152683], [175.253587318329, -37.0703672610203], [175.253632533404, -37.0703696189573], [175.253670665265, -37.0703697773135], [175.253729669343, -37.0703622658728], [175.253775962597, -37.0703531755357], [175.253831655255, -37.0703428430277], [175.253888406047, -37.0703306428354], [175.253945515027, -37.0703199048274], [175.253982992857, -37.0703165877189], [175.254035283823, -37.0703167200981], [175.25408816528, -37.0703185625956], [175.254127217509, -37.0703159995863], [175.254180204942, -37.0703073676196], [175.25423353324, -37.0702916363899], [175.254272583351, -37.0702806467799], [175.254320446618, -37.0702668489432], [175.254364216874, -37.0702511822389], [175.254399413668, -37.0702418610541], [175.254443968545, -37.0702348403162], [175.254478184218, -37.070236064247], [175.25460254454, -37.070248317428], [175.254644028792, -37.0702530621158], [175.254680848789, -37.0702544978193], [175.254718942602, -37.0702571710214], [175.25475874908, -37.0702561526049], [175.254799788037, -37.0702519383704], [175.254832964971, -37.0702480899492], [175.254872106855, -37.070244758936], [175.25491178775, -37.0702413996332], [175.254952181903, -37.0702378194657], [175.254993606485, -37.0702337149908], [175.255047125279, -37.0702278393375], [175.255088671395, -37.0702232818979], [175.2551279931, -37.07021994738], [175.255167124245, -37.0702166344988], [175.255201694539, -37.0702176802393], [175.255246516724, -37.0702253803735], [175.255282979753, -37.0702352672968], [175.255326060608, -37.0702506250143], [175.255361777951, -37.0702645726649], [175.255391542212, -37.0702738479728], [175.255421960773, -37.0702839489786], [175.255454534505, -37.070295045401], [175.255496215346, -37.0703083207891], [175.255528608366, -37.0703235663315], [175.255562359973, -37.0703379749014], [175.255590822557, -37.0703500056795], [175.255626444885, -37.0703618822052], [175.25566846178, -37.0703705548154], [175.255710707664, -37.070374049938], [175.255760521315, -37.0703721828755], [175.255798395686, -37.0703689657969], [175.255852077377, -37.0703644115022], [175.255902933605, -37.0703605328023], [175.255940436636, -37.0703588278145], [175.255986461766, -37.0703589163382], [175.25602681199, -37.0703591669081], [175.256066719055, -37.0703588851537], [175.256108775239, -37.0703582560667], [175.256147393282, -37.0703592605506], [175.256188592053, -37.0703646139581], [175.256223852345, -37.0703695846848], [175.256257094587, -37.0703759096167], [175.256301740533, -37.0703879026027], [175.256340854961, -37.0704011003599], [175.25637082862, -37.070414778495], [175.256400933891, -37.0704294815306], [175.256435568477, -37.0704421787127], [175.256473551041, -37.0704566506906], [175.256523247975, -37.0704705752445], [175.256560525372, -37.0704809870133], [175.25659549768, -37.0704948313062], [175.256629528006, -37.0705114242743], [175.256661106953, -37.0705261352412], [175.256698878777, -37.0705278045438], [175.256735474141, -37.0705246926223], [175.256771688389, -37.070521623994], [175.256810460155, -37.0705183264218], [175.256869257712, -37.0705133408211], [175.256914940339, -37.0705094610366], [175.25697192037, -37.0705046271462], [175.257032355827, -37.0704995021348], [175.25707367438, -37.0704959937683], [175.257117745812, -37.070492396927], [175.25715583104, -37.0704894637963], [175.257195081872, -37.0704898069973], [175.257236293333, -37.07049103212], [175.257281165138, -37.0704935664319], [175.257317188464, -37.0704958185846], [175.257353110314, -37.0704988206872], [175.257399634249, -37.0705054872224], [175.257434535769, -37.0705104914548], [175.257477680584, -37.0705124367208], [175.257524197181, -37.0705120286177], [175.257561293092, -37.0705113853183], [175.257609220064, -37.0705118876139], [175.257656664153, -37.070518482451], [175.257692347355, -37.0705251930885], [175.257738172292, -37.0705363519606], [175.25778619017, -37.070548640663], [175.257832888323, -37.0705566285309], [175.257869710159, -37.0705566031969], [175.257923788704, -37.0705521575658], [175.257981503136, -37.0705459212945], [175.258026172484, -37.0705412492651], [175.258087146352, -37.0705360774116], [175.258149219653, -37.0705308124865], [175.25819673068, -37.0705267712085], [175.258260383831, -37.0705209263768], [175.258323581752, -37.070514522402], [175.258368382415, -37.0705108661429], [175.258423010875, -37.070506382772], [175.258477073823, -37.070501792988], [175.258518270759, -37.0704987370546], [175.2585734474, -37.070498325785], [175.258623301157, -37.0705023598702], [175.258659258504, -37.0705084521496], [175.258704428845, -37.0705214255952], [175.258743018648, -37.0705404275141], [175.258769762762, -37.0705589611569], [175.258806189077, -37.070583889366], [175.258847112229, -37.0706079928683], [175.258878291138, -37.0706251261796], [175.258916692989, -37.0706484034946], [175.258940069778, -37.0706747429015], [175.258960697706, -37.070701305916], [175.258993690171, -37.0707253531931], [175.259024434856, -37.0707407373221], [175.259063780644, -37.070759814852], [175.259095836545, -37.0707739032297], [175.259132534358, -37.0707939504579], [175.259161023475, -37.0708242840252], [175.259181832228, -37.0708493565088], [175.259205137531, -37.070880861322], [175.259226372445, -37.0709119549651], [175.259241469114, -37.0709370732024], [175.259260926489, -37.0709742119764], [175.259277799239, -37.0710140766815], [175.259289512014, -37.0710456852321], [175.259310477858, -37.0710900682481], [175.259324848508, -37.0711388488194], [175.259335566849, -37.0711767399263], [175.259350429284, -37.0712223838221], [175.259364168973, -37.0712608932752], [175.259371953581, -37.0712889897464], [175.259380207722, -37.0713306319019], [175.259390997113, -37.0713747041468], [175.259400988269, -37.0714070394478], [175.25941059025, -37.0714489983837], [175.259414859399, -37.0714799106273], [175.259420050296, -37.0715191417635], [175.259424393971, -37.0715465017048], [175.259429888305, -37.0715796617193], [175.259434267937, -37.0716127798911], [175.259438662824, -37.0716460329575], [175.259442984402, -37.0716787106279], [175.25944716283, -37.0717103546014], [175.259451850366, -37.0717402044189], [175.259467752246, -37.0717769062188], [175.259484730437, -37.071800988184], [175.259511663429, -37.0718251057278], [175.259544786905, -37.0718402821509], [175.259578620917, -37.0718483252354], [175.259619051389, -37.0718478430364], [175.259660369316, -37.0718484614445], [175.259699300525, -37.0718463495151], [175.259735220166, -37.0718382656887], [175.259768235046, -37.0718331121715], [175.259800927515, -37.0718242967489], [175.259834434691, -37.0718145104745], [175.259883144338, -37.0718000543794], [175.259916832519, -37.0717861369581], [175.259948633582, -37.0717719220426], [175.259982569256, -37.0717599014987], [175.260015710514, -37.0717502933846], [175.260057909683, -37.0717408190062], [175.26009718905, -37.0717371772162], [175.260136499987, -37.0717338412325], [175.260182923667, -37.0717299009898], [175.260221902185, -37.0717267335383], [175.260262489893, -37.0717288977646], [175.260295543821, -37.0717337741438], [175.260328855771, -37.071737870529], [175.260376491418, -37.0717417929418], [175.260424364455, -37.0717461343913], [175.260461882099, -37.0717486905434], [175.260511938803, -37.0717527109372], [175.260558480606, -37.0717580510532], [175.260593430789, -37.0717620169898], [175.260642456826, -37.0717665526623], [175.260690615466, -37.0717702847277], [175.260724614478, -37.0717740344411], [175.260768075523, -37.0717797847052], [175.260812038381, -37.0717865257584], [175.260860131939, -37.0717952608699], [175.260896766071, -37.0718036647462], [175.260940152666, -37.0718156168879], [175.260978950889, -37.0718279629414], [175.261014485562, -37.0718391094895], [175.261050506267, -37.0718510939215], [175.261086118568, -37.0718629599581], [175.261123349291, -37.0718744075837], [175.261162824175, -37.0718849201684], [175.261216090701, -37.0718977922908], [175.26126090928, -37.0719068330371], [175.261302710254, -37.0719153815691], [175.261343638993, -37.071925614015], [175.261381270701, -37.0719373062565], [175.261419905242, -37.0719524671496], [175.261452724045, -37.0719626740076], [175.261485611102, -37.0719732851116], [175.261523907106, -37.0719914355273], [175.261551704758, -37.072006776064], [175.261591252272, -37.0720246502364], [175.261629860125, -37.0720423170116], [175.261665740757, -37.0720616940805], [175.261699823942, -37.0720841696398], [175.261728949939, -37.0721109034828], [175.261749505365, -37.0721342229111], [175.261770035914, -37.0721585972593], [175.261792296758, -37.0721904819578], [175.261813463781, -37.0722211347988], [175.261829481444, -37.0722461720275], [175.261847293909, -37.0722778621997], [175.26186487381, -37.0723077813665], [175.261883981141, -37.0723353552056], [175.261904251913, -37.0723619605434], [175.261933969046, -37.0723930630722], [175.261962265289, -37.0724164690908], [175.26199180527, -37.0724393376658], [175.262022777397, -37.0724577898767], [175.262057862343, -37.072471197781], [175.262087717337, -37.0724811996499], [175.262118713027, -37.0724928740734], [175.262157739006, -37.0725068105775], [175.262198044317, -37.0725206505575], [175.262243422472, -37.0725310951904], [175.262282002547, -37.0725360818534], [175.262336433877, -37.0725411986094], [175.262390416622, -37.0725429532699], [175.262432759699, -37.0725443712679], [175.262490664154, -37.072543734859], [175.262548569369, -37.0725389617238], [175.262593882659, -37.0725351138214], [175.262650325205, -37.07253032349], [175.262700193442, -37.0725260912042], [175.262734422416, -37.0725231848067], [175.262779567337, -37.0725193490594], [175.262828003955, -37.0725153873792], [175.262866041714, -37.0725134807183], [175.262916204401, -37.0725142355808], [175.262971234105, -37.0725141314664], [175.263013370813, -37.0725154180103], [175.263061525444, -37.0725189959684], [175.26309918672, -37.0725225849595], [175.263132413766, -37.0725275924195], [175.263174105777, -37.0725351059382], [175.263210464857, -37.0725455871872], [175.263249238114, -37.0725589603727], [175.263281977927, -37.0725698982261], [175.263322705774, -37.0725828104902], [175.263360485578, -37.0725956798868], [175.263398096009, -37.0726100395478], [175.2634454642, -37.0726299087224], [175.263481768135, -37.0726483668963], [175.263516707531, -37.072673132741], [175.263541424042, -37.0726930107808], [175.263570740162, -37.0727211915187], [175.263592710006, -37.0727564971111], [175.263606126556, -37.0727897309437], [175.26362124489, -37.0728385867848], [175.263637494301, -37.0728876553484], [175.263652505326, -37.0729245808423], [175.26367360519, -37.0729714749244], [175.263697560222, -37.0730160433641], [175.263716081253, -37.0730461876035], [175.263743567395, -37.0730827937626], [175.263772442611, -37.0731188326472], [175.263795604844, -37.0731477076263], [175.263825826934, -37.0731855412783], [175.263855114179, -37.073223329687], [175.263884300874, -37.0732630306324], [175.263905392091, -37.0732888268536], [175.26393909876, -37.0733182664933], [175.263976315469, -37.0733435745088], [175.264002212023, -37.0733611407661], [175.264041860152, -37.0733812202091], [175.264080812618, -37.0733987083469], [175.264118935656, -37.0734155363838], [175.264150962427, -37.0734266858786], [175.264196642441, -37.0734366643534], [175.264235258502, -37.0734447319167], [175.264275708817, -37.0734554771596], [175.264328315541, -37.073467666504], [175.264366930969, -37.0734798707175], [175.264419558434, -37.0734950246969], [175.2644686142, -37.0735095889729], [175.264501296492, -37.0735200859714], [175.264541976253, -37.0735381628147], [175.264578776529, -37.0735630730332], [175.264603172868, -37.0735944747748], [175.264614990604, -37.0736212050481], [175.264629917765, -37.0736602048541], [175.264638902434, -37.0736918919766], [175.264650078744, -37.0737208785805], [175.264665960908, -37.0737462334236], [175.264679206023, -37.0737725488899], [175.264685573854, -37.0738081432947], [175.26469568772, -37.0738388445162], [175.264702722511, -37.0738737953121], [175.264711753186, -37.0739100508234], [175.264731459747, -37.0739546911824], [175.264749011054, -37.0740009859262], [175.264759778762, -37.0740366494816], [175.264775808585, -37.0740839736602], [175.264792508386, -37.0741322673857], [175.26480564356, -37.0741703821357], [175.264815570265, -37.0741966798675], [175.264825363976, -37.0742234217455], [175.264835914334, -37.0742502663281], [175.26484683914, -37.0742772209167], [175.264857034353, -37.0743042254922], [175.264867484069, -37.0743303329793], [175.264881439086, -37.0743676479792], [175.26490021963, -37.0744204712079], [175.264909194172, -37.0744480308289], [175.264917836311, -37.0744757590224], [175.264930179535, -37.0745174938356], [175.264938598793, -37.0745464249312], [175.264946337236, -37.0745770453352], [175.264954059888, -37.0746075128297], [175.264961944951, -37.0746366343767], [175.264973167645, -37.0746796433122], [175.26497977036, -37.0747072482414], [175.264991489904, -37.074745786556], [175.265004278516, -37.0747798072684], [175.265016136735, -37.0748124217999], [175.265028457979, -37.0748568156698], [175.265038876241, -37.0749007592286], [175.265044685534, -37.0749308036409], [175.265070422324, -37.0750179599508], [175.265088149386, -37.0750783078733], [175.265154776215, -37.0752026619258], [175.265172554224, -37.0752358437607], [175.265262881029, -37.0753107572363], [175.265358659568, -37.0753996843456], [175.26545994882, -37.0755046418171], [175.265525719319, -37.075600193138], [175.265570825759, -37.075677987509], [175.265612399589, -37.0758062699943], [175.265670340145, -37.0759763031101], [175.265673925259, -37.0759868223272], [175.265718948926, -37.0761189511023], [175.265746069822, -37.0761886688773], [175.265781176816, -37.0763248489549], [175.265799251041, -37.0764178338233], [175.265795044472, -37.0765298604958], [175.265790060753, -37.0766232635348], [175.265777319262, -37.0767168139448], [175.265795058023, -37.0767911216723], [175.26582074188, -37.0768714969769], [175.26588485005, -37.0769386971691], [175.265963921957, -37.0769869502864], [175.266065716432, -37.0770161070863], [175.266151066488, -37.07701447556], [175.266259322943, -37.0769999644965], [175.266374969133, -37.0769728722839], [175.266465487152, -37.0768840542996], [175.266508523794, -37.0767650414658], [175.26656670773, -37.076633298333], [175.266623966872, -37.0764704711646], [175.266699335553, -37.0763943833371], [175.26683222031, -37.0762827026289], [175.266843423587, -37.07627965942], [175.266964419956, -37.0761715972485], [175.26704052874, -37.0761203773091], [175.267169098174, -37.0760059497731], [175.2672738353, -37.0758733159903], [175.267452388831, -37.0755800811753], [175.267578617677, -37.0754196096175], [175.267707555595, -37.0753176151411], [175.267806289013, -37.0752804069628], [175.267916675879, -37.0753011740433], [175.267996302997, -37.0753680762105], [175.268039928695, -37.0754264852944], [175.268087332487, -37.075467680552], [175.268171526809, -37.0755145517439], [175.268261404271, -37.0755383488176], [175.268379012491, -37.0755309947857], [175.268524359238, -37.0754969820844], [175.26864953916, -37.0754084553968], [175.268749009692, -37.0752962584423], [175.268893068753, -37.0751464375794], [175.269026583272, -37.0750243691777], [175.269208543764, -37.0749838905503], [175.269392279587, -37.0749984342127], [175.269612120684, -37.0750673068619], [175.269809383311, -37.0751458220381], [175.27008853505, -37.0752777081963], [175.270182173868, -37.0753400020025], [175.270300780097, -37.0754082434049], [175.270870137632, -37.0755255122266], [175.271080817557, -37.0756947480355], [175.271355016899, -37.0757898203848], [175.271648863873, -37.0758245022751], [175.271941929456, -37.0757934352024], [175.272474666277, -37.075590386754], [175.272990401897, -37.0753522072904], [175.273541329692, -37.0751641623901], [175.274129144348, -37.0750701452829], [175.274706090196, -37.0749530999673], [175.275133442519, -37.0748834980036], [175.275570726095, -37.0748594325748], [175.275825523864, -37.0747603442562], [175.276095733324, -37.0746993521376], [175.276669587073, -37.0746945965702], [175.276717646731, -37.0746923037232], [175.276733341218, -37.074690938854], [175.276733813074, -37.0746909207796], [175.277175239461, -37.0747087674549], [175.27761525023, -37.074672160001], [175.278502529114, -37.074705786351], [175.27938890186, -37.0746298873528], [175.279823679451, -37.0747040079384], [175.280265142015, -37.0746554664328], [175.280708834553, -37.0746318175552], [175.281144355161, -37.0746946625545], [175.281571769683, -37.0747902415823], [175.281784810545, -37.0748398007453], [175.282006474465, -37.0748404547647], [175.282430036961, -37.0747272527279], [175.282863517239, -37.0746455095626], [175.283303411152, -37.0745826303019], [175.283678340869, -37.0743949902926], [175.28370079307, -37.0743804444509], [175.284102086704, -37.074174126369], [175.284488004266, -37.0739993310226], [175.284679345422, -37.0739097740612], [175.284891804279, -37.0738646551958], [175.285330948689, -37.0738380846404], [175.285755792149, -37.0737405546567], [175.286174837171, -37.0736349968398], [175.286502574333, -37.0733979962858], [175.286867985148, -37.0732043294451], [175.287298559498, -37.0731221576313], [175.287353452386, -37.0731272269108], [175.28741845563, -37.0731442407067], [175.287800013457, -37.0733127528365], [175.288427911409, -37.0737029301669], [175.289176861374, -37.0739444765884], [175.289533407079, -37.0740381652236], [175.290620084269, -37.0741268903268], [175.2913048719, -37.0741319428014], [175.291486509825, -37.0741010029499], [175.291908181346, -37.0740837076088], [175.292310897686, -37.0741947812054], [175.292699183539, -37.07420555942], [175.293190104327, -37.0742143501465], [175.293397577891, -37.0742834806697], [175.295501970906, -37.0744438990175], [175.295715614291, -37.0743391880399], [175.295700284431, -37.0734526073978]]}, "properties": {"OBJECTID": 65, "TRACKNAME": "Whakatīwai Track", "CONDITIONSOFUSE": "Whakatiwai Regional Park", "STATUS": "Temp Closed", "WEBLINK": "https://www.aucklandcouncil.govt.nz/en/parks-recreation/find-park-beach/park-detail/3425.html", "VALIDATIONSTATE": 3, "created_user": "AC_owner", "last_edited_user": "AC_owner", "last_edited_date": 1789875254325, "created_date": 1789875254325, "PARK_SAPSITEID": null, "TRACK_ID": null, "KAURIDIEBACK_TRACK": null, "KAURIDIEBACK_MITIGATED": null, "SegmentID": null, "GlobalID": "e33ebb3b-0e44-4443-9377-f02e07d907fe", "Shape__Length": 5334.654925701265, "_COUNCIL_TRACKNAME": "Whakatīwai Track"}}, {"type": "Feature", "id": 4711, "geometry": {"type": "MultiLineString", "coordinates": [[[175.084863919888, -36.8202503438575], [175.084861192713, -36.8202398221397], [175.084861193613, -36.8202398140122], [175.084861195194, -36.8202397896494], [175.084862753724, -36.8202237705332], [175.084862757228, -36.8202237344197], [175.084863988639, -36.8202077237452], [175.084866685683, -36.8201649998479], [175.084868287889, -36.8201434847348], [175.084868650976, -36.8201383571752], [175.084868652533, -36.8201383319115], [175.084868653433, -36.820138323784], [175.084869070562, -36.8201303129168], [175.084869072897, -36.8201302750212], [175.084869323797, -36.8201222526489], [175.084869324136, -36.8201222238013], [175.08486932535, -36.8201221859254], [175.084869317195, -36.8201207286651]], [[175.084869317195, -36.8201207286651], [175.084869314558, -36.8201206728307], [175.08486930656, -36.8201205846435], [175.084866957268, -36.8201017210681], [175.084866950296, -36.8201016707175], [175.084866948907, -36.8201016608276], [175.08486694123, -36.8201016258115], [175.084866736213, -36.8201007632576], [175.084865499825, -36.8200958106656], [175.084865490979, -36.8200957738674], [175.084865489785, -36.8200957711844], [175.084864137642, -36.8200908080046], [175.084864133938, -36.8200907954513], [175.084864127724, -36.8200907730278], [175.08486268519, -36.8200858664128], [175.084862675394, -36.8200858359404], [175.084862672909, -36.820085826971], [175.084861107553, -36.8200808972738], [175.08486065463, -36.8200794919787], [175.084860654581, -36.8200794901769], [175.084854122479, -36.8200594633845], [175.084854112708, -36.820059433813], [175.08485411149, -36.8200594302292], [175.084853553365, -36.8200578248879], [175.084853553292, -36.8200578221853], [175.084851250461, -36.8200513290485], [175.08485124683, -36.8200513191979], [175.084851235914, -36.8200512887451], [175.084848799677, -36.8200448781641], [175.084848786423, -36.8200448441471], [175.084848783986, -36.8200448369795], [175.084846199108, -36.8200384019665], [175.084846196696, -36.8200383956997], [175.084846183514, -36.8200383643854], [175.084837153482, -36.8200169654627], [175.084828040386, -36.8199955211284], [175.084810158755, -36.8199537620528], [175.084792394282, -36.8199121883897], [175.084792326086, -36.8199120300556]], [[175.084792326086, -36.8199120300556], [175.084792280181, -36.8199119082839], [175.084792275382, -36.8199118966511], [175.084792219707, -36.8199117453078], [175.084790630892, -36.8199077272361], [175.084790624898, -36.8199077129204], [175.084790616419, -36.8199076896353], [175.08478907012, -36.8199035031759], [175.084789064101, -36.8199034879593], [175.08478905801, -36.8199034700401], [175.084787598206, -36.8198992487155], [175.084787592164, -36.819899232598], [175.084787585999, -36.8198992119762], [175.084786209354, -36.8198949567461], [175.084786198291, -36.8198949208881], [175.08478491599, -36.8198906721149], [175.084783657683, -36.8198864400455], [175.084783647815, -36.8198864068705], [175.084781923064, -36.8198809734367], [175.084781916924, -36.8198809537158], [175.084781910832, -36.8198809357966], [175.084780061558, -36.8198754991392], [175.084780052957, -36.8198754713497], [175.084778071584, -36.8198700415156], [175.084778066711, -36.8198700271803], [175.08477805465, -36.8198699958463], [175.084776929988, -36.8198671359165], [175.084776922776, -36.819867118017], [175.084776920388, -36.819867112651], [175.084769445409, -36.8198488166646], [175.084769441803, -36.8198488077149], [175.08476942984, -36.8198487799844], [175.084765075748, -36.8198387013972], [175.084765063761, -36.8198386727659], [175.084765061398, -36.8198386683008], [175.084760127584, -36.8198277995264], [175.084757437554, -36.819822033318], [175.08474988181, -36.8198062966384], [175.084749880616, -36.8198062939554], [175.084749664533, -36.8198058497989], [175.084749655007, -36.8198058292361], [175.084749645554, -36.8198058113758], [175.084747914474, -36.8198024167949], [175.084747908602, -36.8198024069836], [175.0847478991, -36.8198023873216], [175.08474611078, -36.8197990315993], [175.084746107199, -36.8197990235504], [175.084746088366, -36.8197989905325], [175.084744228386, -36.8197956793294], [175.084744222465, -36.8197956677164], [175.084744208335, -36.8197956427278], [175.084742282102, -36.8197923687387], [175.084742264512, -36.8197923402056], [175.084742259786, -36.8197923312755], [175.084740253532, -36.8197890415652], [175.084740241814, -36.8197890228434], [175.084740225417, -36.8197889969933], [175.084738150405, -36.8197857760865], [175.084738135203, -36.8197857529193], [175.084738125848, -36.8197857386626], [175.084728487163, -36.8197714463466], [175.084718738448, -36.8197571063881], [175.084700185576, -36.8197294824498], [175.084681657854, -36.8197018346334], [175.084681655515, -36.8197018310693], [175.084681641457, -36.8197018087833], [175.084681082265, -36.8197009488356], [175.084679094473, -36.819697843567], [175.084679080392, -36.8196978203801], [175.084679068673, -36.8196978016583], [175.084677168889, -36.8196946759189], [175.084677155952, -36.8196946536132], [175.084677145379, -36.8196946357727], [175.084675324516, -36.8196914852151], [175.08467530924, -36.8196914593453], [175.084673518334, -36.8196882559869], [175.084666160583, -36.8196748159484], [175.08466615822, -36.8196748114834], [175.084666139387, -36.8196747784656], [175.084626130388, -36.8196051579684], [175.084619606093, -36.8195935131214], [175.084619603778, -36.819593510458], [175.084619586091, -36.8195934783214], [175.084613285913, -36.8195817060651], [175.084613284743, -36.819581704283], [175.084613274097, -36.8195816837398], [175.084607237795, -36.8195698446655], [175.084607223566, -36.8195698160734], [175.08460721884, -36.8195698071432], [175.084601437446, -36.8195578599483], [175.084601427944, -36.8195578402863], [175.084601419636, -36.8195578233073], [175.084595897392, -36.8195458003643], [175.084595887817, -36.8195457779997], [175.084595880679, -36.8195457628028], [175.084590635003, -36.8195336863388], [175.084590615828, -36.8195336407087], [175.084590592998, -36.8195335843271], [175.084589697484, -36.8195311539021]], [[175.084589697484, -36.8195311539021], [175.084589673045, -36.8195310795228], [175.084589647995, -36.8195309826216], [175.084585189755, -36.8195118991538], [175.084585184687, -36.8195118776114], [175.084585180836, -36.8195118596529], [175.084585173718, -36.8195118038971], [175.084585081666, -36.8195110141694], [175.084585078716, -36.8195109880834], [175.084585076059, -36.8195109728079], [175.084584372354, -36.8195059847322], [175.084584370915, -36.8195059730405], [175.084584368112, -36.8195059523597], [175.084583576253, -36.8195009793496], [175.084583573646, -36.8195009658758], [175.084583569575, -36.8195009398095], [175.084582665812, -36.8194959741697], [175.08458266457, -36.819495969685], [175.084582658112, -36.8194959382528], [175.084581651999, -36.8194910429069], [175.0845816442, -36.8194910033864], [175.084581635379, -36.8194909674891], [175.084576410955, -36.8194700056274], [175.084571215973, -36.8194489305866], [175.084571208395, -36.8194488991739], [175.084571208273, -36.8194488946696], [175.084570866815, -36.8194473828673], [175.084570864306, -36.819447372997], [175.084570859139, -36.8194473478512], [175.084569857803, -36.819442463237], [175.084569856585, -36.8194424596532], [175.084569851345, -36.8194424318047], [175.084568943672, -36.819437569883], [175.08456893853, -36.819437545638], [175.084568937165, -36.8194375366489], [175.084568125122, -36.819432646011], [175.084568121076, -36.8194326208455], [175.084568118273, -36.8194326001648], [175.084567426634, -36.8194276848827], [175.084567105747, -36.8194252371693], [175.084567101701, -36.8194252120039], [175.084567100263, -36.8194252003122], [175.084566177378, -36.819419157953], [175.08456617477, -36.8194191444792], [175.084566171967, -36.8194191237985], [175.084565138959, -36.8194131131135], [175.084565136278, -36.8194130969371], [175.084565134986, -36.8194130906507], [175.084563952682, -36.8194070726697], [175.084563951463, -36.8194070690859], [175.084563827518, -36.819406467388], [175.084563823766, -36.819406453033], [175.084563816114, -36.8194064189178], [175.084562170296, -36.8193994726142], [175.084562165178, -36.8193994492701], [175.084562160183, -36.8193994304304], [175.084560341856, -36.8193924889548], [175.084560339321, -36.8193924781837], [175.084560331865, -36.8193924512754], [175.08455837845, -36.8193855716548], [175.084558368508, -36.8193855357771], [175.084556255077, -36.8193786256146], [175.084556251446, -36.8193786157639], [175.084556242796, -36.8193785861727], [175.084553981682, -36.8193717281717], [175.084553980464, -36.8193717245879], [175.084553970742, -36.8193716968181], [175.084551575123, -36.8193648808331], [175.084551561819, -36.8193648450144], [175.084548058878, -36.8193554770378], [175.084548045624, -36.8193554430209], [175.084548043285, -36.8193554394567], [175.084543792966, -36.8193447623787], [175.084543786948, -36.8193447471622], [175.084543778542, -36.8193447265796], [175.084539307807, -36.8193341065439], [175.08453930537, -36.8193340993762], [175.084539291093, -36.8193340689824], [175.084534608155, -36.819323560824], [175.084534590223, -36.8193235196786], [175.084534577164, -36.8193234928686], [175.084533801213, -36.8193219156808], [175.084533795268, -36.8193219031668], [175.084533788154, -36.8193218888708], [175.084532130624, -36.8193186426122], [175.084532125898, -36.8193186336821], [175.084532121147, -36.8193186238511], [175.084530396875, -36.8193153967891], [175.084530389761, -36.819315382493], [175.084530374485, -36.8193153566232], [175.084528575971, -36.8193121615073], [175.084528558332, -36.8193121311725], [175.084526724504, -36.8193089979644], [175.084526706865, -36.8193089676295], [175.084526699849, -36.8193089569369], [175.084524757962, -36.8193058075978], [175.084524748632, -36.8193057942419], [175.084524739228, -36.8193057781835], [175.084522735033, -36.8193026461605], [175.084521833214, -36.8193012640584], [175.084521822665, -36.8193012471186], [175.08452181331, -36.8193012328619], [175.084520256112, -36.8192987509494], [175.084520240861, -36.8192987259804], [175.084520231482, -36.8192987108228], [175.084518732742, -36.8192961936356], [175.084518725725, -36.819296182943], [175.084518715152, -36.8192961651025], [175.084517265543, -36.8192936407445], [175.084517254946, -36.8192936220031], [175.084517245493, -36.8192936041428], [175.084515853882, -36.8192910688534], [175.084515839678, -36.8192910411622], [175.084515836121, -36.8192910340142], [175.084514506574, -36.8192884723999], [175.084514491176, -36.8192884420257], [175.084513193876, -36.819285829373], [175.084513187931, -36.8192858168591], [175.084513173727, -36.8192857891678], [175.084511956545, -36.81928319584], [175.084511949358, -36.8192831788413], [175.084511943413, -36.8192831663274], [175.084510778943, -36.8192805738777], [175.084510756236, -36.8192805220005], [175.084510736915, -36.8192804709652], [175.084506889267, -36.8192704213398], [175.084506883249, -36.8192704061232], [175.084506877133, -36.8192703873031], [175.084502931971, -36.8192594705336], [175.084500765403, -36.8192534112285], [175.084500760554, -36.819253397794], [175.08450075093, -36.8192533736277], [175.084497987071, -36.8192461242645], [175.084497984684, -36.8192461188986], [175.084497972623, -36.8192460875646], [175.084495067565, -36.819238922696], [175.084495053165, -36.8192388877977], [175.084495044784, -36.8192388681161], [175.084491476618, -36.819230773017], [175.084491469479, -36.81923075782], [175.084491462292, -36.8192307408214], [175.084485514512, -36.8192178654937], [175.084484093945, -36.8192148413052], [175.084484086807, -36.8192148261083], [175.084484082031, -36.8192148153764], [175.084479957004, -36.819205698053], [175.084479948623, -36.8192056783714], [175.084479942629, -36.8192056640557], [175.084476005942, -36.8191965055746], [175.084475999948, -36.8191964912589], [175.084475990324, -36.8191964670925], [175.084472514267, -36.8191878827736], [175.084472503425, -36.8191878550234], [175.084472500964, -36.8191878469548], [175.084467919242, -36.81917586249], [175.084467917999, -36.8191758580053], [175.084467909496, -36.8191758338193], [175.084466699461, -36.8191725121144], [175.084466694637, -36.8191724995808], [175.084466689813, -36.8191724870472], [175.084464659338, -36.8191666506799], [175.084464652102, -36.8191666318795], [175.084464645913, -36.8191666103568], [175.08446275058, -36.819160755396], [175.084462743295, -36.8191607347938], [175.084462737081, -36.8191607123703], [175.084460985316, -36.8191548188397], [175.084460978007, -36.8191547973367], [175.084460970648, -36.8191547740319], [175.084460935172, -36.8191546646953], [175.084460919163, -36.8191546117993], [175.084460904202, -36.819154556181], [175.084460081559, -36.8191513818049], [175.084460079049, -36.8191513719346], [175.084460071447, -36.8191513396211], [175.084459320903, -36.8191481369415], [175.084459318271, -36.8191481225669], [175.084459314445, -36.8191481055092], [175.084458619708, -36.8191448937393], [175.08445861325, -36.819144862307], [175.084458609399, -36.8191448443485], [175.084457997673, -36.8191415932682], [175.084457735934, -36.8191402098548], [175.084456991335, -36.8191364825138], [175.084456983732, -36.8191364502003], [175.084456983635, -36.8191364465968], [175.084456168225, -36.8191327123859], [175.08445616435, -36.8191326935265], [175.08445615799, -36.8191326656977], [175.084455250825, -36.8191289790623], [175.084455244465, -36.8191289512335], [175.084455237082, -36.8191289270278], [175.084447228029, -36.8190999888085], [175.084439219872, -36.8190709180814], [175.084433695344, -36.8190499245208], [175.084428399448, -36.8190288872931], [175.08442839321, -36.8190288639687], [175.084428390724, -36.8190288549993], [175.084423496658, -36.8190078774209], [175.084418875342, -36.8189869121838], [175.08441886903, -36.8189868861567], [175.084418867592, -36.818986874465], [175.084417859071, -36.8189818070109], [175.084417856463, -36.8189817935371], [175.084417855074, -36.8189817836472], [175.084416383778, -36.8189736661942], [175.08441637983, -36.8189736446323], [175.0844163771, -36.8189736266541], [175.084415081743, -36.8189654655573], [175.084414556463, -36.81896213635], [175.084414553831, -36.8189621219754], [175.084414551077, -36.8189621030964], [175.084413790474, -36.8189577856835], [175.084413786551, -36.8189577650223], [175.084413785161, -36.8189577551324], [175.084412928437, -36.8189534069583], [175.084412927121, -36.818953399771], [175.084412919469, -36.8189533656557], [175.084411976302, -36.818949095608], [175.084411968675, -36.8189490623937], [175.084411967457, -36.8189490588098], [175.084410932263, -36.8189447849682], [175.084410919787, -36.8189447383193], [175.084410901195, -36.8189446728504], [175.084410652882, -36.8189438669353]], [[175.084410652882, -36.8189438669353], [175.084410637143, -36.8189438239489], [175.084410608295, -36.8189437523507], [175.084407079423, -36.8189356998217], [175.084407051965, -36.8189356381135], [175.084410652882, -36.8189438669353]], [[175.084410652882, -36.8189438669353], [175.084404964642, -36.8189318793391], [175.084404955213, -36.8189318623797], [175.084404946954, -36.8189318472025], [175.084401724526, -36.8189257928915], [175.084401718605, -36.8189257812784], [175.084401705596, -36.8189257562701], [175.084395155198, -36.818912608496], [175.084395140945, -36.818912579003], [175.084395138606, -36.8189125754388], [175.084383853926, -36.8188908266506], [175.084383846861, -36.8188908141563], [175.084383836214, -36.818890793613], [175.084380816469, -36.8188851854963], [175.084380801121, -36.8188851569238], [175.084380796394, -36.8188851479937], [175.084375495545, -36.8188756628245], [175.084375494351, -36.8188756601415], [175.084375475544, -36.8188756280245], [175.084369997546, -36.8188662658345], [175.084369981126, -36.8188662390834], [175.084369974061, -36.8188662265891], [175.084364283568, -36.8188569654656], [175.084364261276, -36.8188569289032], [175.084364243809, -36.8188569048744], [175.084364170823, -36.8188568178268], [175.084359780839, -36.8188518583395]], [[175.084359780839, -36.8188518583395], [175.084359708219, -36.818851784805], [175.084359588803, -36.8188516805456], [175.08435285373, -36.8188461465928], [175.084352726666, -36.8188460496779], [175.084359780839, -36.8188518583395]], [[175.084359780839, -36.8188518583395], [175.084344721734, -36.8188414347873], [175.084344651188, -36.8188413963672], [175.084344630726, -36.8188413859104], [175.08434451056, -36.8188413366434], [175.084335682972, -36.8188379267968], [175.084335642218, -36.8188379121893], [175.084335637687, -36.8188379104662], [175.084335599199, -36.8188378967203], [175.08433125216, -36.8188364623684]], [[175.08433125216, -36.8188364623684], [175.08433120349, -36.8188364451958], [175.084331112775, -36.8188364071293], [175.084296022344, -36.8188214110256], [175.084295996255, -36.8188213997661], [175.084295954234, -36.818821379773], [175.084295852921, -36.818821322965], [175.084242421628, -36.81878989147], [175.084233784337, -36.8187847766224], [175.084233774082, -36.8187847704931], [175.08423374787, -36.8187847547293], [175.084224872105, -36.8187793204956], [175.084224835638, -36.8187792986025], [175.084216093862, -36.8187737619743], [175.084216076761, -36.8187737514586], [175.084216057346, -36.8187737382795], [175.084207431604, -36.8187680572104], [175.084207413334, -36.8187680449126], [175.084207396208, -36.8187680334959], [175.08419890107, -36.8187622491904], [175.08419887023, -36.8187622280999], [175.08419886224, -36.8187622228322], [175.084190458165, -36.8187562828068], [175.084190455876, -36.8187562810444], [175.084190428446, -36.8187562616967], [175.084189270044, -36.8187554212662], [175.084189257449, -36.8187554115728], [175.084189244855, -36.8187554018793], [175.084182579348, -36.8187504480359], [175.084182564464, -36.81875043658], [175.084182550725, -36.8187504260053], [175.084175964645, -36.8187453833426], [175.084175956631, -36.818745377174], [175.084175938287, -36.8187453621735], [175.084175456025, -36.8187449821689], [175.084175452615, -36.8187449804262], [175.084173154796, -36.81874313159], [175.084173152506, -36.8187431298276], [175.084173135308, -36.8187431157083], [175.084170933489, -36.8187412931292], [175.084170895633, -36.8187412613461], [175.084170893318, -36.8187412586828], [175.084168676828, -36.818739349836], [175.084168664209, -36.8187393392416], [175.084168636658, -36.8187393153896], [175.084166509347, -36.8187374293141], [175.08416648294, -36.8187374063433], [175.084166471442, -36.8187373957293], [175.08416437533, -36.8187354613378], [175.084164355768, -36.8187354427535], [175.084164345391, -36.8187354321199], [175.084162270443, -36.8187334513909], [175.084162261235, -36.8187334425393], [175.084162238214, -36.8187334204105], [175.084150672568, -36.8187219738892], [175.084139097554, -36.8187105951286], [175.084129610513, -36.8187013879439], [175.084120100576, -36.8186921631338], [175.084103287534, -36.8186757207705], [175.084086577294, -36.8186593072465], [175.084086564627, -36.8186592948503], [175.08408654621, -36.8186592771473], [175.084060376695, -36.8186344725221], [175.08405778202, -36.8186320114973], [175.084057764748, -36.8186319946754], [175.084057748646, -36.8186319796356], [175.084054429085, -36.8186287075312], [175.084054412934, -36.8186286906897], [175.084054401411, -36.8186286791748], [175.084051137628, -36.8186253556195], [175.084051116848, -36.8186253334513], [175.084051108785, -36.818625325481], [175.084047897075, -36.8186219379215], [175.08404789364, -36.8186219352778], [175.084047870522, -36.8186219095454], [175.08404475861, -36.81861852294], [175.084044742434, -36.8186185051975], [175.084044725113, -36.8186184865739], [175.084041687612, -36.8186150328687], [175.084041665638, -36.8186150080176], [175.084041663348, -36.8186150062551], [175.084038678384, -36.8186115056623], [175.084038666764, -36.818611490544], [175.084038641282, -36.8186114603465], [175.084035784467, -36.8186079313691], [175.084035767049, -36.8186079091419], [175.084035755453, -36.8186078949244], [175.084019609188, -36.8185871028957], [175.08400354144, -36.8185663121919], [175.083992610284, -36.8185522182242], [175.083981702031, -36.8185381418798], [175.083976493581, -36.8185313166134], [175.083976483105, -36.8185313023763], [175.083976473799, -36.8185312899212], [175.083968909486, -36.8185210539758], [175.083968895503, -36.8185210343923], [175.08396889314, -36.8185210299273], [175.08396154003, -36.8185106451689], [175.083959853284, -36.8185082214003], [175.083959848607, -36.8185082142719], [175.083959835792, -36.8185081964705], [175.083951225459, -36.8184954353916], [175.083951217274, -36.8184954229169], [175.083951203266, -36.8184954024325], [175.083942866912, -36.818482533801], [175.083942851686, -36.8184825097329], [175.083942846984, -36.8184825017036], [175.083939435175, -36.8184770266306], [175.083939417634, -36.8184769998991], [175.083939411763, -36.8184769900877], [175.083935777629, -36.8184708816926], [175.083935775315, -36.8184708790292], [175.083935407594, -36.8184702581707], [175.083935400529, -36.8184702456763], [175.083935386423, -36.8184702215885], [175.08393225108, -36.8184646893927], [175.083932245185, -36.8184646786805], [175.0839322322, -36.818464654573], [175.083929200376, -36.8184590538659], [175.083927813177, -36.8184564319665], [175.083927806137, -36.8184564203731], [175.083927802531, -36.8184564114233], [175.083924543035, -36.8184500215627], [175.08392452642, -36.8184499876045], [175.08392452525, -36.8184499858224], [175.083923742644, -36.8184483690895], [175.083922539846, -36.8184458088509], [175.08392252915, -36.8184457865058], [175.083922521963, -36.8184457695071], [175.083921393631, -36.8184432268902], [175.083921382838, -36.8184432009417], [175.083921380475, -36.8184431964766], [175.083920288068, -36.8184406144739], [175.083920280881, -36.8184405974751], [175.083920266482, -36.8184405625769], [175.083918512092, -36.8184360579879], [175.083918509656, -36.8184360508202], [175.08391850125, -36.8184360302377], [175.083915426066, -36.8184277561299], [175.083915413957, -36.8184277229941], [175.083915412715, -36.8184277185093], [175.083912508011, -36.8184193648021], [175.083905224919, -36.8183983759058], [175.083905211591, -36.8183983391861], [175.083905203162, -36.8183983177027], [175.083903924668, -36.8183949917836], [175.083903921038, -36.8183949819329], [175.083903913826, -36.8183949640333], [175.083900496365, -36.8183864696994], [175.083900483111, -36.8183864356823], [175.083900481917, -36.8183864329993], [175.083896855385, -36.8183779179955], [175.083895579408, -36.8183749741839], [175.083895575827, -36.818374966135], [175.083895560259, -36.8183749294546], [175.083894117106, -36.8183713603669], [175.08389410987, -36.8183713415665], [175.083894103901, -36.8183713281516], [175.083892717915, -36.8183677175032], [175.083892710654, -36.8183676978019], [175.083892703369, -36.8183676771996], [175.083891400833, -36.8183640434569], [175.083891398324, -36.8183640335866], [175.083891391014, -36.8183640120835], [175.083890177462, -36.8183603939055], [175.083890168983, -36.8183603706203], [175.08389016528, -36.818360358067], [175.083889025069, -36.8183567160706], [175.083889015274, -36.8183566855981], [175.083889002848, -36.8183566407509], [175.083888152251, -36.8183534677613], [175.083888145891, -36.8183534399325], [175.083888142236, -36.818353429181], [175.083886663256, -36.8183475470813], [175.083886659528, -36.8183475336272], [175.083886654508, -36.8183475138866], [175.083885293424, -36.818341638733], [175.083885288355, -36.8183416171906], [175.083885283263, -36.8183415947474], [175.083884062652, -36.8183356909933], [175.08388295105, -36.8183301278225], [175.083882947298, -36.8183301134674], [175.08388294469, -36.8183300999936], [175.083879694863, -36.8183150556685], [175.083879691013, -36.8183150377099], [175.083879684751, -36.8183150134846], [175.083874561282, -36.8182937127282], [175.083869319795, -36.8182723590611], [175.083869318577, -36.8182723554773], [175.083868663188, -36.8182697252537], [175.083868643183, -36.8182696489938], [175.083868593086, -36.8182694551911], [175.083868590601, -36.8182694462216], [175.083868587993, -36.8182694327478]], [[175.083868587993, -36.8182694327478], [175.08386852564, -36.818269200404], [175.083868521912, -36.8182691869498], [175.083866934122, -36.8182632607911], [175.083866930345, -36.8182632455352], [175.083866924181, -36.8182632249134], [175.083865148717, -36.8182571163768], [175.083865137582, -36.8182570778161], [175.083863210556, -36.8182509196612], [175.083862709399, -36.8182493881236], [175.083862699678, -36.8182493603537], [175.083862697192, -36.8182493513843], [175.083861024115, -36.8182444965652], [175.083861017999, -36.8182444777451], [175.083861013151, -36.8182444643105], [175.083859235456, -36.8182396374632], [175.083859227001, -36.8182396150789], [175.083859222153, -36.8182396016444], [175.083857345541, -36.8182348062742], [175.083857335893, -36.8182347812069], [175.083857329875, -36.8182347659903], [175.083855344261, -36.8182300022739], [175.083855333493, -36.8182299772263], [175.083855322724, -36.8182299521787], [175.083854592589, -36.8182283273149], [175.083854568835, -36.8182282781598], [175.08385456406, -36.8182282674279], [175.083854544059, -36.8182282326278], [175.083842813698, -36.8182084348012], [175.083842758591, -36.8182083456373], [175.083842707286, -36.81820827263], [175.083842527963, -36.8182080261134], [175.083842526794, -36.8182080243313], [175.083838683835, -36.818202854243], [175.083838667562, -36.818202832897], [175.083838654797, -36.8182028168974], [175.083834698407, -36.8181977218029], [175.083834683303, -36.8181977022391], [175.083834671732, -36.8181976889225], [175.083830604711, -36.8181926480429], [175.083830588462, -36.8181926275978], [175.083830575721, -36.8181926124991], [175.083826371809, -36.8181876082686], [175.083825688022, -36.8181867829476], [175.083807991118, -36.8181656449329], [175.083807973749, -36.8181656245075], [175.083807964492, -36.8181656138542], [175.083807558299, -36.8181651450882], [175.083804987627, -36.8181622041443], [175.083804965678, -36.818162180194], [175.08380495988, -36.8181621730852], [175.083802335549, -36.8181592790484], [175.083802319374, -36.8181592613059], [175.083802304368, -36.8181592453456], [175.083799608061, -36.818156384116], [175.083799595344, -36.8181563699181], [175.083799583822, -36.8181563584032], [175.083796838217, -36.8181535394977], [175.083796816317, -36.8181535173491], [175.083796807133, -36.8181535093984], [175.083793991695, -36.8181507196574], [175.083793982462, -36.8181507099049], [175.083793961756, -36.8181506904393], [175.083791094779, -36.8181479430616], [175.083791080991, -36.8181479306851], [175.083791056825, -36.8181479076749], [175.083788142428, -36.8181452305287], [175.083788115997, -36.8181452066569], [175.083788088446, -36.8181451828048], [175.083786841714, -36.8181441023699], [175.083785413159, -36.8181428899274], [175.083785395936, -36.8181428749072], [175.083785389067, -36.8181428696198], [175.083783906316, -36.8181416842651], [175.083782410316, -36.8181405063531], [175.083782405736, -36.8181405028282], [175.083782379403, -36.8181404825599], [175.083780908423, -36.8181393591886], [175.083780883259, -36.8181393407024], [175.083780854636, -36.8181393186717], [175.083779324661, -36.8181382107554], [175.083779321227, -36.8181382081118], [175.083779149708, -36.8181380840352], [175.083779141718, -36.8181380787674], [175.083779133728, -36.8181380734997], [175.083776837661, -36.8181364535551], [175.083776813667, -36.8181364368511], [175.083776804532, -36.8181364307021], [175.083774490443, -36.8181348489281], [175.083774460772, -36.8181348296196], [175.083774440213, -36.8181348155592], [175.083772087056, -36.8181332813377], [175.083772064231, -36.8181332664157], [175.083772060821, -36.8181332646729], [175.083769634589, -36.8181317227194], [175.083759643028, -36.8181254851218], [175.083759622493, -36.8181254719623], [175.083759606537, -36.8181254623277], [175.083745182799, -36.8181167571538], [175.083745173688, -36.8181167519057], [175.083745146332, -36.8181167352605], [175.083741765212, -36.8181147467775], [175.083741731035, -36.8181147266467], [175.083741727625, -36.8181147249038], [175.083736402564, -36.8181116997533], [175.083736391164, -36.8181116927427], [175.083736361591, -36.8181116770377], [175.083731029329, -36.8181087583667], [175.083730997467, -36.8181087408992], [175.083730992911, -36.8181087382752], [175.083725546217, -36.818105857662], [175.083725538251, -36.8181058532952], [175.083725503027, -36.8181058358866], [175.083720037878, -36.8181030601477], [175.083720014005, -36.818103047948], [175.083719990158, -36.8181030366491], [175.083706628981, -36.818096598543], [175.083706622161, -36.8180965950573], [175.083706592637, -36.8180965811541], [175.083692502915, -36.8180900233267], [175.083692475681, -36.8180900111859], [175.083692469981, -36.8180900076806], [175.083686971438, -36.8180875299549], [175.083664442621, -36.8180775806527], [175.083664415412, -36.8180775694128], [175.083664402915, -36.8180775633227], [175.083645374226, -36.8180694850495], [175.083643355815, -36.8180686371566], [175.083626214067, -36.8180612711786], [175.083626206126, -36.8180612677126], [175.083626176627, -36.8180612547102], [175.083592856242, -36.8180464040168], [175.083559692328, -36.818031287391], [175.08355966624, -36.8180312761314], [175.083559635571, -36.8180312613469], [175.083555832778, -36.8180294316685], [175.083555816871, -36.8180294238357], [175.083555804375, -36.8180294177456], [175.083551654235, -36.8180273462979], [175.083551617866, -36.8180273280081], [175.08355161219, -36.8180273254037], [175.083547462289, -36.818025180045], [175.083547450937, -36.8180251748361], [175.083547414544, -36.8180251556454], [175.083546330523, -36.8180245770845], [175.083546302071, -36.8180245613598], [175.083546279343, -36.8180245500413], [175.083542845369, -36.8180228031263], [175.083542824907, -36.8180227926694], [175.08354281241, -36.8180227865793], [175.083539343631, -36.8180210790303], [175.083539324314, -36.8180210694546], [175.083539316372, -36.8180210659886], [175.083535818708, -36.8180194094186], [175.083535780123, -36.8180193920689], [175.08353572792, -36.8180193686488], [175.083534205586, -36.8180187076408], [175.083534203321, -36.8180187067792], [175.083531210467, -36.818017435229], [175.083531208202, -36.8180174343674], [175.083531162869, -36.8180174162347], [175.083528224755, -36.8180162203355], [175.08352819528, -36.8180162082339], [175.083528180543, -36.8180162021832], [175.083525158905, -36.8180150266753], [175.083525136251, -36.8180150180594], [175.083525110211, -36.8180150086015], [175.083522067482, -36.8180138821335], [175.083519825464, -36.8180130561841], [175.083513684441, -36.8180107384267], [175.083513664053, -36.8180107306724], [175.083513639133, -36.8180107211949], [175.083507603943, -36.8180083375897], [175.083507566551, -36.818008322923], [175.083507549524, -36.8180083151098], [175.083504496116, -36.8180070428177], [175.083504466641, -36.8180070307161], [175.083496650772, -36.8180036778788], [175.083496623538, -36.818003665738], [175.083496606511, -36.8180036579247], [175.083488863758, -36.8180001902413], [175.08348883879, -36.8180001789621], [175.083488818352, -36.818000169406], [175.083481130421, -36.8179965736776], [175.083477710707, -36.8179949391734], [175.083477703887, -36.8179949356878], [175.083477685715, -36.8179949269933], [175.08347028538, -36.8179912712437], [175.083470256977, -36.8179912573207], [175.083470243335, -36.8179912503495], [175.083462904887, -36.8179874790494], [175.08346287875, -36.817987465988], [175.083462867349, -36.8179874589775], [175.083455622968, -36.8179836013058], [175.083455587695, -36.8179835820955], [175.083455550133, -36.8179835611226], [175.083450630263, -36.8179807604911], [175.083450612042, -36.8179807499948], [175.083450596087, -36.8179807403602], [175.083445084688, -36.8179774985449], [175.083445075602, -36.8179774941976], [175.083445044811, -36.8179774749087], [175.083439620172, -36.8179741666787], [175.083439604192, -36.8179741561432], [175.083439582536, -36.8179741430032], [175.083434226363, -36.8179707551597], [175.083434209262, -36.8179707446438], [175.083434189848, -36.8179707314646], [175.083428914368, -36.817967260188], [175.083428150594, -36.8179667508207], [175.083422026987, -36.8179627599381], [175.083422008717, -36.8179627476401], [175.083422000727, -36.8179627423723], [175.083415812261, -36.8179588400524], [175.08341579287, -36.8179588277741], [175.08341577348, -36.8179588154957], [175.083409506684, -36.8179550010734], [175.083409488463, -36.8179549905771], [175.083409467928, -36.8179549774175], [175.083403171839, -36.8179512815788], [175.083403109211, -36.8179512457231], [175.083403047776, -36.8179512125505], [175.083400858765, -36.8179500675104], [175.083396776883, -36.8179479497956], [175.083396742755, -36.8179479314665], [175.083396725728, -36.8179479236532], [175.083392593137, -36.8179458789313], [175.083392572675, -36.8179458684743], [175.083388361507, -36.8179438611816], [175.083388359241, -36.81794386032], [175.083387577867, -36.8179434873574], [175.08338755743, -36.8179434778013], [175.083387534702, -36.8179434664827], [175.083385930688, -36.8179426870313], [175.083385894319, -36.8179426687414], [175.083385889789, -36.8179426670182], [175.083384223485, -36.8179418228636], [175.083382611257, -36.8179409885767], [175.083382574864, -36.817940969386], [175.083382553258, -36.8179409580478], [175.08338098066, -36.8179400969286], [175.083380947652, -36.8179400785798], [175.083380933987, -36.8179400707076], [175.083379343238, -36.8179391603349], [175.083379340972, -36.8179391594733], [175.083377771659, -36.8179382541327], [175.083377736338, -36.8179382331206], [175.083377711272, -36.8179382182378], [175.083376184901, -36.8179372842042], [175.083376173525, -36.8179372780944], [175.08337614729, -36.8179372614295], [175.083374647371, -36.8179363107088], [175.083374623425, -36.8179362958064], [175.083374608566, -36.8179362852512], [175.083373137291, -36.8179353160024], [175.083373106451, -36.8179352949117], [175.083373083602, -36.8179352790888], [175.083361942973, -36.8179275501148], [175.083350848824, -36.8179198401536], [175.083332101835, -36.8179068925685], [175.083313330171, -36.8178938615917], [175.083313297017, -36.8178938378376], [175.08331324669, -36.8178938008651], [175.083311817403, -36.8178927263286], [175.083311800204, -36.8178927122092], [175.083311773872, -36.8178926919408], [175.083311712947, -36.8178926362267], [175.083305259968, -36.8178865853281], [175.083305207009, -36.8178865339808], [175.083305179287, -36.8178865038225]], [[175.083305179287, -36.8178865038225], [175.083304136512, -36.8178853377892], [175.083304119192, -36.8178853191654], [175.083304097243, -36.817885295215], [175.083302807897, -36.8178839244014], [175.083302803245, -36.8178839181739], [175.083302788263, -36.8178839031143], [175.083301478068, -36.8178825488896], [175.083301466521, -36.8178825364738], [175.083301441186, -36.8178825116814], [175.083300124564, -36.8178812098447], [175.083300094625, -36.8178811806265], [175.083300092311, -36.8178811779632], [175.083298718373, -36.817879870822], [175.083298690749, -36.8178798442671], [175.08329865399, -36.8178798115633], [175.083283080076, -36.8178659755535], [175.083267409524, -36.8178519654816], [175.083256639205, -36.8178421407907], [175.083254649716, -36.8178402919397], [175.083246009911, -36.8178321423797], [175.083234464171, -36.817821006364], [175.083222963255, -36.8178098695615], [175.083208342294, -36.8177957049895], [175.083193782357, -36.8177815582735], [175.083193761627, -36.8177815379068], [175.083193754709, -36.8177815308177], [175.083191450479, -36.8177792368311], [175.083191426265, -36.817779212019], [175.083187578444, -36.8177752659608], [175.083187553061, -36.8177752393666], [175.08318376233, -36.8177712075854], [175.083183743865, -36.8177711880804], [175.083183731149, -36.8177711738825], [175.083180044426, -36.817767091608], [175.083180034048, -36.8177670809743], [175.083180021308, -36.8177670658755], [175.083176407535, -36.817762945369], [175.08317639019, -36.8177629258444], [175.083176377474, -36.8177629116464], [175.083172858721, -36.817758739903], [175.083172845956, -36.8177587239033], [175.083172827442, -36.8177587025966], [175.083169400904, -36.8177544589354], [175.083168744361, -36.8177536457511], [175.083168739733, -36.8177536404244], [175.083168717686, -36.8177536128704], [175.083158146005, -36.8177400325712], [175.083158135554, -36.8177400192349], [175.083158120451, -36.8177399996709], [175.083147834851, -36.8177262620371], [175.083147818529, -36.8177262388893], [175.083147815045, -36.8177262344438], [175.083145501059, -36.8177230429311], [175.083145485931, -36.8177230224663], [175.083145475456, -36.8177230082291], [175.083139205231, -36.8177141456632], [175.083139183087, -36.8177141145057], [175.083139181893, -36.8177141118227], [175.083133053352, -36.8177050998612], [175.083129853071, -36.8177003529126], [175.083129841378, -36.8177003350915], [175.083129835531, -36.817700326181], [175.083124265602, -36.8176923192944], [175.083124253982, -36.8176923041759], [175.083124245797, -36.8176922917011], [175.083118497816, -36.8176843744596], [175.083118478011, -36.8176843468664], [175.083118454795, -36.8176843175303], [175.083112214817, -36.8176762809261], [175.08311219394, -36.8176762551542], [175.08311219277, -36.8176762533721], [175.083103584892, -36.817665517408], [175.083101264039, -36.8176626513844], [175.083101253613, -36.8176626389489], [175.083101244332, -36.8176626273947], [175.083096992774, -36.8176572273994], [175.083096969558, -36.8176571980633], [175.08309696493, -36.8176571927366], [175.083092810532, -36.8176516964018], [175.083092807048, -36.8176516919563], [175.083092786098, -36.8176516634818], [175.083088767739, -36.8176461404276], [175.08308876657, -36.8176461386455], [175.083088751418, -36.8176461172798], [175.083072568304, -36.8176229976974], [175.083056644696, -36.8176003115973], [175.083056583964, -36.8176002216301], [175.083056532269, -36.8176001342085], [175.083046397108, -36.8175821442927], [175.083046358324, -36.817582078276], [175.083046312721, -36.8175820087737], [175.083035233413, -36.8175654152951], [175.083035224058, -36.8175654010382], [175.083035203011, -36.8175653689602], [175.083018400881, -36.8175387253136], [175.083018379833, -36.8175386932356], [175.083018363487, -36.817538669187], [175.083012487909, -36.8175299727476], [175.083012469224, -36.8175299451347], [175.083002989562, -36.817516368216], [175.083002976723, -36.8175163495136], [175.083002972046, -36.8175163423852], [175.083001498518, -36.817514338477], [175.082998647182, -36.8175105534072], [175.082998637852, -36.8175105400512], [175.082998619289, -36.8175105169426], [175.082995691083, -36.8175067909031], [175.082995688769, -36.8175067882398], [175.082995670206, -36.8175067651313], [175.082992673189, -36.8175030646327], [175.082989886261, -36.8174996705], [175.082989879318, -36.81749966251], [175.082989864215, -36.817499642946], [175.082985797599, -36.8174945308258], [175.0829857709, -36.8174944970442], [175.082985768585, -36.8174944943809], [175.082981804999, -36.8174892957327], [175.082981795742, -36.8174892850793], [175.082981782904, -36.8174892663769], [175.082961312347, -36.8174614873752], [175.082959419305, -36.8174588950578], [175.082959414652, -36.8174588888302], [175.082959409975, -36.8174588817017], [175.082953355753, -36.8174503353018], [175.08295334177, -36.8174503157182], [175.082953333609, -36.8174503041443], [175.082947453252, -36.817441678988], [175.082947446212, -36.8174416673944], [175.082947431011, -36.817441644227], [175.082941751777, -36.8174329533561], [175.082941738963, -36.8174329355546], [175.082941730729, -36.8174329212781], [175.082940594312, -36.8174311124518], [175.082940579111, -36.8174310892843], [175.082940574434, -36.8174310821559], [175.08293784465, -36.8174265703081], [175.082937832859, -36.8174265488835], [175.082937824674, -36.8174265364087], [175.082935176193, -36.8174219636502], [175.082935169153, -36.8174219520567], [175.082935153903, -36.8174219270875], [175.082933147845, -36.817418349825], [175.082933137248, -36.8174183310834], [175.082933130183, -36.8174183185889], [175.08292914733, -36.8174109201997], [175.082927888765, -36.8174085339769], [175.082927876974, -36.8174085125523], [175.08292787103, -36.8174085000382], [175.08292411761, -36.8174011291738], [175.082924115271, -36.8174011256096], [175.082924098657, -36.8174010916513], [175.082922871042, -36.8173985651844], [175.082919377431, -36.8173912258191], [175.082919364373, -36.8173911990089], [175.082919345273, -36.8173911560811], [175.082918814054, -36.8173899206927], [175.082917409835, -36.8173865861492], [175.08291740031, -36.8173865655862], [175.082917391905, -36.8173865450036], [175.082916071428, -36.817383198177], [175.082916065411, -36.8173831829603], [175.082916058151, -36.8173831632589], [175.082914798592, -36.8173797892271], [175.082914794987, -36.8173797802772], [175.082914784048, -36.8173797489234], [175.082913621388, -36.8173763930222], [175.082913615297, -36.8173763751029], [175.082913610474, -36.8173763625692], [175.082912497112, -36.8173729643442], [175.082912490924, -36.8173729428214], [175.082912485978, -36.8173729257833], [175.08291144474, -36.8173695001567], [175.082910218793, -36.8173653810609], [175.082910211411, -36.8173653568551], [175.082910207757, -36.8173653461035], [175.082908442444, -36.8173598151068], [175.082908435086, -36.8173597918019], [175.082908428971, -36.8173597729818], [175.082906527449, -36.8173542623979], [175.082906525013, -36.8173542552302], [175.082906516559, -36.8173542328458], [175.082904516926, -36.8173487834671], [175.082904503624, -36.8173487476482], [175.082904482039, -36.8173486957509], [175.082903132199, -36.8173455062652], [175.082903119019, -36.8173454749506], [175.082903114244, -36.8173454642186], [175.082901199214, -36.8173411507997], [175.082901192076, -36.8173411356027], [175.082901180188, -36.8173411105746], [175.082899171236, -36.8173368474717], [175.082899170042, -36.8173368447887], [175.082899154621, -36.8173368135134], [175.082897074255, -36.8173326039374], [175.082897058859, -36.817332573563], [175.082897052988, -36.8173325637516], [175.082894847785, -36.8173283392384], [175.082894341943, -36.8173273783021], [175.082894339605, -36.8173273747379], [175.082890902338, -36.8173207076563], [175.082890896369, -36.8173206942414], [175.082890885723, -36.817320673698], [175.082887598186, -36.8173139886705], [175.082887586347, -36.8173139654442], [175.082887580378, -36.8173139520292], [175.082884430316, -36.8173072105145], [175.082884420766, -36.8173071890506], [175.082884408853, -36.8173071631216], [175.082882307327, -36.8173023383273], [175.082882294172, -36.8173023079136], [175.082882292978, -36.8173023052306], [175.082878998902, -36.8172943864357], [175.082878995297, -36.8172943774859], [175.082878983286, -36.8172943479534], [175.082875877109, -36.8172864132476], [175.082875875916, -36.8172864105646], [175.08287565268, -36.8172858259265], [175.082875647808, -36.8172858115911], [175.082875641741, -36.8172857945727], [175.082874145885, -36.8172816847125], [175.082874144692, -36.8172816820295], [175.082874137358, -36.8172816596255], [175.082872736499, -36.8172775390877], [175.082872731626, -36.8172775247522], [175.082872725511, -36.8172775059321], [175.082871407518, -36.8172733821395], [175.082871396506, -36.817273348083], [175.082871394094, -36.8172733418162], [175.082870170634, -36.8172691902294], [175.082870161985, -36.817269160638], [175.082870159524, -36.8172691525694], [175.082869022851, -36.8172649769292], [175.082869016613, -36.8172649536047], [175.082869005161, -36.8172649033325], [175.082868562951, -36.817262981395], [175.082868559003, -36.817262959833], [175.082868557736, -36.8172629544473], [175.082867860915, -36.8172597039466], [175.082867853142, -36.8172596653268], [175.082867851777, -36.8172596563377], [175.082867240818, -36.8172563890103], [175.082867236895, -36.8172563683491], [175.082867235457, -36.8172563566574], [175.08286668885, -36.8172530647684], [175.082866687632, -36.8172530611846], [175.082866682246, -36.8172530279308], [175.082866208107, -36.8172497627123], [175.082866205378, -36.8172497447341], [175.082866203744, -36.8172497258354], [175.082865793082, -36.8172464450838], [175.082865790084, -36.817246417196], [175.082865788426, -36.8172463973964], [175.082865464648, -36.817243096195], [175.082865308399, -36.8172414675773], [175.082864787973, -36.8172367016017], [175.08286478656, -36.8172366908109], [175.082864783562, -36.8172366629231], [175.082864168216, -36.8172319517875], [175.082864164122, -36.8172319248202], [175.082864162708, -36.8172319140294], [175.082863442547, -36.817227182198], [175.082863441085, -36.8172271696054], [175.08286343704, -36.8172271444398], [175.082862624249, -36.817222469211], [175.082862616354, -36.8172224260868], [175.082862603659, -36.8172223713299], [175.082861897531, -36.8172194391516], [175.082861897458, -36.817219436449], [175.082861891221, -36.8172194131244], [175.082860786839, -36.8172151053283], [175.082860781771, -36.8172150837859], [175.0828607768, -36.8172150658469], [175.082859569041, -36.8172107490466], [175.082859565289, -36.8172107346916], [175.082859557858, -36.817210708684], [175.082858254617, -36.8172064260037], [175.082858248453, -36.8172064053818], [175.082858244799, -36.8172063946302], [175.082856968842, -36.8172024981301], [175.082856859547, -36.8172021467351], [175.082856824803, -36.8172020229643], [175.082856714241, -36.8172016661837], [175.08285596295, -36.8171993837338], [175.082855961658, -36.8171993774474], [175.082855953107, -36.8171993514594], [175.082855153414, -36.8171966895084], [175.082855148395, -36.8171966697678], [175.082855145934, -36.8171966616992], [175.082854388721, -36.8171939953986], [175.08285437995, -36.8171939613028], [175.082854377392, -36.8171939496307], [175.082853681973, -36.8171912470966], [175.082853678246, -36.8171912336423], [175.082853671959, -36.8171912085161], [175.082853039679, -36.8171885192963], [175.082853032101, -36.8171884878836], [175.082853032003, -36.8171884842801], [175.08285244583, -36.8171857591017], [175.082852441956, -36.8171857402422], [175.08285243662, -36.8171857087902], [175.082851932681, -36.8171829983942], [175.082851928709, -36.8171829759312], [175.082851924615, -36.8171829489639], [175.082851522351, -36.817180639668], [175.082851477973, -36.8171803258915], [175.082851467785, -36.817180239545], [175.082851463569, -36.8171802080734], [175.082851443801, -36.8171800164425], [175.082851436294, -36.8171799462726], [175.082851087259, -36.817176664441], [175.082851085748, -36.8171766500467], [175.082851084041, -36.8171766284453], [175.082850791113, -36.8171731419364], [175.082850787919, -36.8171731068416], [175.082850787651, -36.817173096932], [175.082850579388, -36.8171695494537], [175.082850579046, -36.8171695368414], [175.08285057712, -36.8171695071322], [175.082850427905, -36.8171660289206], [175.082850427124, -36.8171660000927], [175.082850365207, -36.8171624752863], [175.082850364303, -36.817162441954], [175.082850365228, -36.8171624347274], [175.082850379915, -36.817158882441], [175.082850379867, -36.8171588806392], [175.082850387012, -36.8171579449631], [175.082850388059, -36.8171579422408], [175.082850381641, -36.8171531564426], [175.082850381201, -36.8171531402268], [175.082850380737, -36.8171531231102], [175.082850285095, -36.8171483541975], [175.082850284412, -36.817148328973], [175.082850284192, -36.8171483208652], [175.082850065151, -36.817143548707], [175.082850064614, -36.8171435288877], [175.082850063005, -36.8171435108899], [175.082849745632, -36.8171387503691], [175.082849742609, -36.8171387215804], [175.082849737856, -36.8171386702895], [175.082849407818, -36.8171357171], [175.082849404869, -36.8171356910139], [175.08284940326, -36.8171356730161], [175.082848274347, -36.817126696908], [175.082848274299, -36.8171266951063], [175.082848268742, -36.8171266555464], [175.082846944018, -36.8171177342437], [175.082846649913, -36.8171158998409], [175.082846647184, -36.8171158818627], [175.082846644454, -36.8171158638845], [175.082845956046, -36.817110938618], [175.082845951927, -36.8171109107498], [175.082845950465, -36.8171108981572], [175.082845371326, -36.8171059511473], [175.08284536845, -36.8171059277639], [175.082845366988, -36.8171059151713], [175.08284488852, -36.8171009600882], [175.082844885571, -36.8171009340022], [175.082844885156, -36.8171009186873], [175.082844516496, -36.8170959616801], [175.08284451474, -36.817095938277], [175.082844512912, -36.8170959121713], [175.082844408383, -36.817093668861], [175.082844408334, -36.8170936670593], [175.082844407601, -36.8170936400331], [175.082844111061, -36.8170843546137], [175.08284411023, -36.817084323984], [175.08284401518, -36.8170750278236], [175.082844038828, -36.8170543957171], [175.082844030468, -36.8170532602237], [175.082844071804, -36.8170337355067], [175.082844072289, -36.8170337120644], [175.082844073019, -36.8170336976308], [175.082844098521, -36.8170326120169], [175.082844213681, -36.817028630753], [175.082844214166, -36.8170286073106], [175.082844214823, -36.8170285901744], [175.082844418574, -36.8170246100619], [175.082844419474, -36.8170246019344], [175.082844421957, -36.8170245694441], [175.08284471301, -36.8170206256565], [175.082844714665, -36.8170206039963], [175.082844715419, -36.8170205904635], [175.082845085342, -36.8170166200575], [175.082845088019, -36.8170165947741], [175.082845090819, -36.8170165739951], [175.082845562803, -36.8170126054059], [175.082845616435, -36.8170121853609], [175.082845618309, -36.8170121718086], [175.082845621036, -36.8170121483269], [175.082848785099, -36.8169910375794], [175.082848788971, -36.816991014979], [175.082848791892, -36.8169909987044], [175.082852404562, -36.8169699368778], [175.082852409334, -36.8169699061499], [175.082852411355, -36.8169698980028], [175.082856490798, -36.8169488523319], [175.082872301852, -36.8168724026799], [175.082872308816, -36.816872370111], [175.082872317899, -36.8168723329985], [175.082872500704, -36.8168715916292], [175.08287250874, -36.816871557239], [175.082872762036, -36.8168704387918], [175.082872769901, -36.8168703980954], [175.082872771922, -36.8168703899483], [175.082873005606, -36.8168692096549], [175.0828730077, -36.8168692042104], [175.082873013544, -36.8168691716612], [175.08287321364, -36.8168680343176], [175.082873221432, -36.8168679909186], [175.082873225132, -36.8168679620121], [175.082873947617, -36.8168626478965], [175.082873950368, -36.8168626253158], [175.082873950295, -36.8168626226131], [175.082874731067, -36.8168558608873], [175.082875016845, -36.8168531700011], [175.082875018744, -36.8168531573496], [175.082875021373, -36.8168531302645], [175.082876222056, -36.8168432084278], [175.08287622578, -36.8168431804222], [175.082876228702, -36.8168431641475], [175.082876498543, -36.8168414154007], [175.082876502365, -36.8168413909986], [175.082876504337, -36.8168413810497], [175.082877634374, -36.8168348908044], [175.082877637247, -36.8168348727281], [175.082877641216, -36.8168348537312], [175.082878903129, -36.8168283900167], [175.082878907073, -36.8168283701189], [175.082878912114, -36.8168283493007], [175.082880322271, -36.8168218956067], [175.082880324316, -36.8168218883604], [175.082880329357, -36.8168218675421], [175.082880347523, -36.8168217933171], [175.082880351419, -36.8168217716176], [175.082880356508, -36.8168217526011], [175.082880947342, -36.8168189842652], [175.082880950313, -36.8168189697923], [175.082880953284, -36.8168189553194], [175.082881501051, -36.8168161697122], [175.082881502098, -36.8168161669899], [175.082881508867, -36.8168161272141], [175.082881981639, -36.8168133870847], [175.082881986363, -36.8168133545551], [175.08288198831, -36.8168133437054], [175.082882403179, -36.8168105351905], [175.082882406903, -36.8168105071849], [175.082882771231, -36.816807736509], [175.082882774932, -36.8168077076025], [175.082882776709, -36.8168076904466], [175.082883067302, -36.8168048877146], [175.082883067156, -36.8168048823094], [175.082883070832, -36.816804852502], [175.082883302919, -36.8168020832421], [175.082883305548, -36.816802056157], [175.082883307908, -36.8168020191623], [175.082884326648, -36.8167810018869], [175.082885231549, -36.8167597964317], [175.08288615422, -36.8167384194177], [175.082887077134, -36.8167170514125], [175.082887393567, -36.8167106529359], [175.082887395051, -36.8167106249695], [175.08288739578, -36.8167106105359], [175.082888360555, -36.8166957906539], [175.082888361285, -36.8166957762203], [175.082888362039, -36.8166957626875], [175.082888764066, -36.8166907849649], [175.082890285302, -36.8166745754391], [175.082890286056, -36.8166745619064], [175.082890288709, -36.8166745357222], [175.082892693389, -36.8166537807742], [175.082895217408, -36.8166331688444], [175.082897505121, -36.8166121104046], [175.082899542701, -36.8165910464336], [175.082899545355, -36.8165910202493], [175.082899546936, -36.8165909958865], [175.082899676049, -36.8165891008908], [175.08289967938, -36.8165890170114], [175.082899678913, -36.816588958435]], [[175.082899678913, -36.816588958435], [175.0828987418, -36.8165708055187], [175.082898733365, -36.8165707011155], [175.08289871945, -36.8165706013149], [175.082898148382, -36.8165671512253], [175.082898147017, -36.8165671422362], [175.082898141851, -36.8165671170903], [175.082897311065, -36.8165627702502], [175.082897310992, -36.8165627675476], [175.082897303341, -36.8165627334322], [175.08289639225, -36.8165584429787], [175.082896385817, -36.8165584124472], [175.08289638455, -36.8165584070616], [175.082895372224, -36.8165540625014], [175.082895371006, -36.8165540589175], [175.082895362235, -36.8165540248218], [175.082894273478, -36.8165497555076], [175.082894267265, -36.8165497330839], [175.082894263513, -36.8165497187288], [175.082893646006, -36.8165474916179], [175.082890788742, -36.8165376553097], [175.082890777657, -36.8165376185506], [175.082890776415, -36.8165376140658], [175.082887674744, -36.8165277766325], [175.082887663732, -36.816527742576], [175.082884383061, -36.8165180011134], [175.082884380674, -36.8165179957474], [175.082884373365, -36.8165179742442], [175.082880868263, -36.8165082655558], [175.082879645506, -36.8165049251275], [175.082876889542, -36.8164970888346], [175.082876888373, -36.8164970870524], [175.08287687741, -36.8164970547977], [175.082874319625, -36.816489251084], [175.082874309783, -36.8164892188096], [175.082874307322, -36.816489210741], [175.082871913243, -36.8164813257455], [175.082871909491, -36.8164813113904], [175.082871902109, -36.8164812871846], [175.082869681214, -36.8164733811282], [175.082869676268, -36.8164733640901], [175.082869671273, -36.8164733452503], [175.082867618205, -36.81646542724], [175.082867610676, -36.816465397629], [175.082867604243, -36.8164653670975], [175.082862906516, -36.8164444139386], [175.082862905225, -36.8164444076521], [175.082862898914, -36.8164443816249], [175.082860756867, -36.8164339667657], [175.082860750288, -36.8164339308289], [175.08286074907, -36.8164339272451], [175.082858767132, -36.8164232157559], [175.082858765841, -36.8164232094694], [175.082858761771, -36.816423183403], [175.082855269765, -36.8164021712612], [175.0828518324, -36.8163812311672], [175.082851443999, -36.8163788954903], [175.082851441367, -36.8163788811156], [175.082851437298, -36.8163788550492], [175.082847996558, -36.8163598167604], [175.082847991416, -36.8163597925153], [175.082847988711, -36.816359775438], [175.082846341402, -36.8163514834874], [175.082846340086, -36.8163514763], [175.082846334945, -36.816351452055], [175.082843543793, -36.8163385952265], [175.082843533755, -36.8163385557451], [175.082843524837, -36.8163385162441], [175.082841415283, -36.8163304991784], [175.082841410312, -36.8163304812395], [175.082841405391, -36.8163304651023], [175.082838834328, -36.8163213853772], [175.082838831892, -36.8163213782094], [175.082838820831, -36.8163213423512], [175.082836037713, -36.8163123384459], [175.082836030355, -36.816312315141], [175.082836026701, -36.8163123043894], [175.082833060048, -36.8163033118118], [175.082833050254, -36.8163032813391], [175.082829877268, -36.8162943275276], [175.082829869984, -36.8162943069253], [175.082829863942, -36.8162942908078], [175.082826500213, -36.8162853718841], [175.082826486911, -36.8162853360651], [175.082822941136, -36.8162764834223], [175.082820952614, -36.8162716079752], [175.082820947839, -36.8162715972433], [175.082820942967, -36.8162715829078], [175.082816401255, -36.8162599825229], [175.082816395286, -36.8162599691079], [175.082816385614, -36.8162599431397], [175.082812121071, -36.8162483117601], [175.082812110181, -36.8162482822079], [175.082808072037, -36.8162365251854], [175.082808069625, -36.8162365189185], [175.082808059806, -36.816236487545], [175.082804294425, -36.8162247437688], [175.0828042858, -36.8162247150783], [175.082804283266, -36.8162247043071], [175.082800768036, -36.8162128840434], [175.082800758193, -36.816212851769], [175.082800746985, -36.8162128105055], [175.082799929828, -36.8162095864474], [175.082795550521, -36.816191528995], [175.082793604601, -36.816183345024], [175.082793602067, -36.8161833342528], [175.082793597048, -36.8161833145121], [175.082790371238, -36.8161707158599], [175.082790367462, -36.8161707006039], [175.082790358764, -36.8161706692108], [175.082784492894, -36.8161500014985], [175.082782374012, -36.816142549711], [175.082782365266, -36.8161425165161], [175.082778765208, -36.8161289311867], [175.082778489111, -36.8161278436469], [175.082778481461, -36.8161278095315], [175.082773700718, -36.8161075139697], [175.082768857439, -36.8160863173003], [175.082768854759, -36.8160863011239], [175.08276884857, -36.8160862796011], [175.082763624944, -36.8160654014463], [175.082758215066, -36.8160443102422], [175.082758209998, -36.8160442886998], [175.082758204905, -36.8160442662565], [175.082752457615, -36.8160193702609], [175.082752456226, -36.8160193603709], [175.082752449892, -36.8160193334429], [175.082746217584, -36.8159895708048], [175.082746211079, -36.8159895375706], [175.082746210957, -36.8159895330662], [175.082740591464, -36.8159596326064], [175.08273924422, -36.8159521123179], [175.08273189767, -36.8159138302703], [175.082731895087, -36.8159138176973], [175.082731889898, -36.8159137916505], [175.08272371603, -36.8158756737142], [175.082723708331, -36.8158756377971], [175.082723699487, -36.8158756009987], [175.082720959818, -36.8158649316242], [175.082720952241, -36.8158649002114], [175.082720951047, -36.8158648975284], [175.08271620357, -36.8158476477798], [175.082716201109, -36.8158476397112], [175.08271619246, -36.8158476101198], [175.082711092999, -36.8158304846086], [175.082711083132, -36.8158304514334], [175.082711081865, -36.8158304460477], [175.082705585911, -36.8158133328913], [175.082704695846, -36.8158106445816], [175.082699910692, -36.8157955613201], [175.082699902067, -36.8157955326295], [175.082699899533, -36.8157955218583], [175.082695446274, -36.8157803588745], [175.082695443838, -36.8157803517068], [175.082695436334, -36.8157803229966], [175.082691305378, -36.8157651399446], [175.082691297874, -36.8157651112345], [175.082691294146, -36.8157650977803], [175.082687520272, -36.8157498543934], [175.082687508992, -36.8157498104272], [175.082687501195, -36.8157497709066], [175.082685421452, -36.8157393369249], [175.082685420112, -36.8157393288366], [175.082685416287, -36.8157393117789], [175.08268347855, -36.8157284922558], [175.082683055196, -36.8157260246991], [175.082683052394, -36.8157260040183], [175.0826830512, -36.8157260013353], [175.082682209569, -36.8157215843814], [175.082682203014, -36.8157215493455], [175.082682201772, -36.8157215448607], [175.082681252745, -36.8157170946378], [175.082681252672, -36.8157170919351], [175.082681243852, -36.8157170560376], [175.082680223415, -36.8157127008012], [175.082680213328, -36.8157126595181], [175.082679082623, -36.815708289089], [175.082679073852, -36.8157082549932], [175.082679063984, -36.8157082218179], [175.08267655115, -36.8156997999192], [175.08267654618, -36.8156997819802], [175.082676541307, -36.8156997676448], [175.082672587473, -36.8156873142351], [175.082670392874, -36.8156803766121], [175.0826703928, -36.8156803739095], [175.082670381813, -36.8156803407538], [175.082668216712, -36.8156730438958], [175.082668209208, -36.8156730151856], [175.082668205529, -36.8156730035331], [175.082666200358, -36.8156656515974], [175.082666192878, -36.8156656237881], [175.082666187835, -36.8156656031465], [175.082665675844, -36.8156635048738], [175.082665669436, -36.8156634752431], [175.082664017971, -36.8156562279701], [175.082664009078, -36.81565618937], [175.082664009004, -36.8156561866673], [175.082662509623, -36.8156488429943], [175.082660956875, -36.8156411433407], [175.082660955583, -36.8156411370542], [175.082660951636, -36.8156411154921], [175.082657389226, -36.8156247814289], [175.082657384159, -36.8156247598865], [175.082657380333, -36.8156247428288], [175.082653455167, -36.8156084250356], [175.082653016658, -36.8156065976685], [175.082653012955, -36.8156065851151], [175.082653007985, -36.8156065671762], [175.082651983313, -36.8156025932642], [175.082651973324, -36.8156025555846], [175.082650796914, -36.8155983599071], [175.082650794405, -36.8155983500368], [175.082650785829, -36.815598323148], [175.082649534718, -36.8155941837587], [175.082649526093, -36.8155941550682], [175.082649523657, -36.8155941479004], [175.082648172069, -36.8155899823313], [175.082648168341, -36.8155899688771], [175.082648159814, -36.81558994379], [175.082646730261, -36.8155858381715], [175.082646721685, -36.8155858112827], [175.082646716861, -36.815585798749], [175.082645181717, -36.8155816850661], [175.082645174482, -36.8155816662656], [175.082645163714, -36.8155816412178], [175.08264328694, -36.8155769584901], [175.082643285698, -36.8155769540054], [175.082643274954, -36.8155769298585], [175.082636596296, -36.8155608883376], [175.08262763691, -36.8155399836951], [175.082627623681, -36.8155399505787], [175.082627621318, -36.8155399461136], [175.08261885503, -36.8155184315111], [175.082617813109, -36.8155158477082], [175.082617798784, -36.8155158155124], [175.082617797493, -36.8155158092259], [175.082615882711, -36.815511295707], [175.082615881518, -36.815511293024], [175.082615864806, -36.8155112554621], [175.082613868212, -36.8155068253951], [175.082613853937, -36.815506795001], [175.082613851549, -36.815506789635], [175.082611738866, -36.8155023363654], [175.082611737672, -36.8155023336824], [175.082611721058, -36.8155022997241], [175.082609537646, -36.8154979252057], [175.08260952108, -36.815497893049], [175.082609518717, -36.8154978885839], [175.082604623647, -36.8154887576371], [175.082604609494, -36.8154887317473], [175.082604607131, -36.8154887272823], [175.082598058959, -36.8154770034117], [175.082586011524, -36.815456024885], [175.082580963319, -36.8154471994575], [175.082567504422, -36.8154236508102]], [[175.084863919888, -36.8202503438575], [175.084860008289, -36.8202500456393], [175.084859974906, -36.8202501787161], [175.084857043629, -36.8202600624215], [175.084857000063, -36.8202601920717], [175.084863919888, -36.8202503438575]], [[175.084863919888, -36.8202503438575], [175.084851901415, -36.8202696901822], [175.08485185972, -36.8202697648203], [175.084851808889, -36.8202698333094], [175.084847471311, -36.8202754848383], [175.084847443156, -36.8202755213842], [175.084847411687, -36.8202755597908], [175.084834914756, -36.8202904945274], [175.084834890862, -36.8202905228868], [175.084826341373, -36.8203010864751], [175.084826301282, -36.8203011376512], [175.084826262337, -36.8203011897084], [175.084798625999, -36.8203397300716], [175.084793431741, -36.8203468206798], [175.08479341552, -36.8203468425956], [175.084793411209, -36.8203468489803], [175.084788090666, -36.8203538715019], [175.084788079828, -36.8203538852115], [175.08478806139, -36.8203539080674], [175.084782578192, -36.8203608442129], [175.084782573856, -36.8203608496968], [175.084782553251, -36.8203608752946], [175.084776957038, -36.8203676953517], [175.084776930976, -36.8203677264531], [175.084776927688, -36.8203677292147], [175.084771128998, -36.8203745239813], [175.084769185006, -36.8203767518443], [175.084769170855, -36.8203767674146], [175.084769144745, -36.8203767967142], [175.084765602482, -36.8203806488139], [175.084765600314, -36.8203806515559], [175.084765577418, -36.8203806753912], [175.084761989621, -36.8203844606919], [175.084761960198, -36.8203844918522], [175.084761949286, -36.8203845028592], [175.084758206074, -36.8203882620441], [175.084758195163, -36.8203882730511], [175.084758173314, -36.8203882941642], [175.08475442225, -36.820391970567], [175.084754394946, -36.8203919971836], [175.08475438837, -36.8203920027068], [175.084750520062, -36.8203956550282], [175.084750504766, -36.8203956697173], [175.08475048835, -36.820395684426], [175.084746664896, -36.8203991719238], [175.084746578452, -36.8203992500505], [175.084746548883, -36.8203992758056], [175.084746472255, -36.8203993438459], [175.084746442686, -36.8203993696009], [175.084738780917, -36.8204060861835], [175.084738757924, -36.8204061064154], [175.084738752444, -36.820406111018], [175.084730924271, -36.820412768329], [175.084730912214, -36.8204127784548], [175.084730887004, -36.8204127996268], [175.084722906207, -36.820419327123], [175.084721382802, -36.8204205705984], [175.084721370721, -36.8204205798233], [175.084721355376, -36.8204205927107], [175.084695281673, -36.8204412842236], [175.084695263015, -36.8204412989716], [175.08469525203, -36.820441307276], [175.084668833767, -36.8204616542205], [175.084668809605, -36.8204616726703], [175.084668775529, -36.8204616976031], [175.084660435891, -36.8204677672189], [175.084660421593, -36.820467777384], [175.084660400694, -36.8204677921713], [175.084651930455, -36.820473758625], [175.084651918349, -36.820473766949], [175.084651906219, -36.8204737743722], [175.08464328957, -36.8204796334344], [175.084643277464, -36.8204796417584], [175.084643258733, -36.8204796538039], [175.084638640971, -36.8204827063815], [175.084629867007, -36.8204885519785], [175.084629831761, -36.8204885751292], [175.084629827377, -36.8204885788113], [175.084621185938, -36.8204945572784], [175.08462117164, -36.8204945674435], [175.084621158438, -36.820494576688], [175.084612648693, -36.8205006573957], [175.084612637708, -36.8205006657001], [175.084612617929, -36.8205006804678], [175.084607956671, -36.8205041132548], [175.084607911634, -36.8205041473928], [175.084607877582, -36.8205041732264], [175.084598490789, -36.8205116447], [175.084598485284, -36.8205116484018], [175.084598455666, -36.8205116723551], [175.084589249115, -36.8205192587372], [175.084589230458, -36.8205192734852], [175.084589214041, -36.8205192881939], [175.084580179405, -36.8205270130645], [175.084580146498, -36.8205270397794], [175.084571253547, -36.8205349045699], [175.084571236034, -36.8205349201992], [175.084571232746, -36.8205349229608], [175.084562489127, -36.8205429203268], [175.084562473807, -36.820542934115], [175.08456246287, -36.8205429442211], [175.084558549362, -36.8205466252694], [175.084549929683, -36.8205546456973], [175.084549911099, -36.8205546631479], [175.08454989797, -36.8205546750951], [175.084541128686, -36.8205625530367], [175.084541101333, -36.8205625778515], [175.084541099141, -36.8205625796926], [175.084532121988, -36.8205703576295], [175.084532108859, -36.8205703695767], [175.084532090226, -36.8205703852256], [175.084522969241, -36.820578026884], [175.084522956088, -36.8205780379303], [175.084522936334, -36.8205780535989], [175.084513666062, -36.8205855644822], [175.08451364302, -36.8205855829124], [175.084513637515, -36.8205855866141], [175.084509994535, -36.8205884544497], [175.084509975852, -36.8205884682968], [175.08450995281, -36.8205884867269], [175.084481300553, -36.8206101283213], [175.084481293977, -36.8206101338445], [175.08448126979, -36.8206101513934], [175.084471512169, -36.8206173021883], [175.084471478093, -36.820617327121], [175.084461512872, -36.8206243878206], [175.084461493069, -36.8206244016874], [175.084451917622, -36.8206309535261], [175.084451915429, -36.8206309553672], [175.084451891218, -36.8206309720152], [175.084430047241, -36.8206455523817], [175.084408424815, -36.820659993664], [175.084408399483, -36.8206600103316], [175.084408391786, -36.8206600158744], [175.084398154995, -36.8206670669104], [175.084396158852, -36.820668447558], [175.08439615118, -36.8206684540016], [175.084396115934, -36.8206684771523], [175.084394125023, -36.8206698027287], [175.084394091969, -36.8206698240383], [175.084394084248, -36.8206698286802], [175.08439202591, -36.8206711482286], [175.084392009371, -36.820671158433], [175.084391990639, -36.8206711704784], [175.084389928936, -36.820672448626], [175.084389912372, -36.8206724579295], [175.08438989805, -36.8206724671937], [175.084388168488, -36.8206735087836], [175.084388126568, -36.8206735338539], [175.08438808572, -36.8206735571028], [175.084382995907, -36.8206764007354], [175.08438298156, -36.8206764090987], [175.084382950626, -36.8206764258646], [175.084377792527, -36.8206791904787], [175.084377767121, -36.8206792044438], [175.084377758279, -36.8206792091053], [175.084372531457, -36.8206819199451], [175.084372514869, -36.8206819283477], [175.08437248391, -36.8206819442127], [175.084367211868, -36.8206845585047], [175.084367183101, -36.8206845725287], [175.084367176476, -36.8206845762501], [175.084361833568, -36.8206871404105], [175.084361801464, -36.8206871553943], [175.084361766047, -36.8206871722388], [175.084361295322, -36.8206873832862], [175.084361263194, -36.8206873973692], [175.084361236643, -36.820687410453], [175.084333904364, -36.8207004367649], [175.084333814676, -36.8207004779949], [175.084333785836, -36.8207004893163], [175.084333755851, -36.8207004997564], [175.084331786001, -36.8207011967559]], [[175.084331786001, -36.8207011967559], [175.084331696191, -36.8207012334815], [175.084331550188, -36.8207013063433], [175.084329912688, -36.8207021876891], [175.0843297747, -36.8207022667194], [175.084331786001, -36.8207011967559]], [[175.084331786001, -36.8207011967559], [175.084328181954, -36.8207034753539], [175.08432812486, -36.8207035196175], [175.084328108467, -36.8207035352271], [175.084328022341, -36.8207036250649], [175.084326879467, -36.8207048870988], [175.084326843541, -36.8207049264847], [175.084326689995, -36.8207050932141], [175.084326654117, -36.8207051344017], [175.084315623367, -36.8207183750664], [175.084304453003, -36.8207318002411], [175.084303370229, -36.8207331288185], [175.084303357222, -36.8207331452699], [175.08430333876, -36.8207331672249], [175.084302311743, -36.8207344849102], [175.084302295522, -36.8207345068259], [175.084302274965, -36.8207345342254], [175.084301278011, -36.8207358856329], [175.084300286247, -36.8207372630871], [175.084300273314, -36.8207372822412], [175.0843002625, -36.8207372968517], [175.084299313268, -36.8207386717575], [175.084299302478, -36.8207386872688], [175.084299295999, -36.8207386963954], [175.084298359679, -36.820740092706]], [[175.084298359679, -36.820740092706], [175.084298355368, -36.8207400990906], [175.084297462655, -36.8207415324912], [175.084296588868, -36.8207429610533], [175.084296582414, -36.8207429710808], [175.084296567435, -36.8207429974812], [175.084295889279, -36.8207441576303], [175.084295875347, -36.8207441813084], [175.084295868991, -36.8207441949394], [175.084294615053, -36.820746445845], [175.084294603314, -36.820746467682], [175.084294599027, -36.8207464749676], [175.084293375176, -36.8207487604962], [175.084293365556, -36.8207487777897], [175.084293350675, -36.8207488077935], [175.084292200852, -36.8207510947279], [175.084292195543, -36.8207511056366], [175.084292187019, -36.8207511220095], [175.084291070253, -36.8207534290941], [175.084291059635, -36.8207534509116], [175.084291054374, -36.820753463622], [175.084289987645, -36.8207557968682], [175.084289979145, -36.820755814142], [175.084289974932, -36.8207558241302], [175.084289418557, -36.8207570930038], [175.084289410131, -36.8207571129802], [175.084289403823, -36.8207571284129], [175.084286154162, -36.8207649492027], [175.084286147879, -36.8207649655363], [175.084286139477, -36.8207649864135], [175.084283063086, -36.8207728303025], [175.084283054708, -36.8207728520807], [175.084283051542, -36.8207728593466], [175.08428099562, -36.8207783590837], [175.084277156385, -36.8207885804614], [175.084277148007, -36.8207886022395], [175.084277142771, -36.8207886158509], [175.084273093137, -36.8207987679125], [175.08427308471, -36.8207987878889], [175.084273078451, -36.8207988051234], [175.084272874022, -36.8207992863976], [175.084262816321, -36.820822733449], [175.084252589438, -36.8208461843674], [175.08424756629, -36.8208573124832], [175.084247558911, -36.8208573297373], [175.084243834435, -36.8208652111275], [175.084243830197, -36.8208652202148], [175.084243815292, -36.8208652493178], [175.084234571222, -36.8208840178681], [175.084234512599, -36.820884129756], [175.084234450321, -36.8208842308925], [175.084220309523, -36.8209059775812], [175.084220243712, -36.8209060724704], [175.084220171154, -36.8209061665767], [175.084219086282, -36.8209075005979], [175.084212047929, -36.8209159601469], [175.084212039258, -36.8209159711146], [175.084212021867, -36.8209159912481], [175.084204843993, -36.8209243081338], [175.084204817858, -36.8209243365324], [175.084204811355, -36.8209243447581], [175.084199806633, -36.8209299538844], [175.08419979577, -36.8209299666931], [175.084199781643, -36.8209299831642], [175.084196657147, -36.820933657576], [175.084196645212, -36.8209336722061], [175.084196636492, -36.820933681372], [175.084193417745, -36.82093731147], [175.084193414482, -36.8209373151324], [175.084193391635, -36.8209373407695], [175.084190128353, -36.8209408995443], [175.084190104385, -36.820940925201], [175.084190096737, -36.8209409325455], [175.08418671872, -36.8209444771087], [175.08418671436, -36.8209444816916], [175.084186687105, -36.8209445101098], [175.084183267352, -36.8209479625708], [175.084183244432, -36.8209479855052], [175.084183241144, -36.8209479882668], [175.084179724879, -36.8209514370121], [175.084179706294, -36.8209514544627], [175.084179694286, -36.8209514663902], [175.084176460116, -36.8209545280374]], [[175.084176460116, -36.8209545280374], [175.084176437147, -36.8209545491701], [175.084176379006, -36.8209545961559], [175.084166568483, -36.8209623616399], [175.084166548729, -36.8209623773084], [175.084166503618, -36.8209624087436], [175.084166381146, -36.8209624811926], [175.084176460116, -36.8209545280374]], [[175.084176460116, -36.8209545280374], [175.08415505061, -36.8209687645511], [175.084154903241, -36.8209688284236], [175.084148165599, -36.8209715540285], [175.084148065753, -36.8209715927326], [175.084147959111, -36.8209716288519], [175.084121672067, -36.8209800879237], [175.084095094499, -36.8209884583486], [175.084068781209, -36.8209966528866], [175.084042429595, -36.821004839979], [175.084042400681, -36.8210048485977], [175.084042360684, -36.8210048619172], [175.084025642916, -36.8210104655041], [175.084025602919, -36.8210104788236], [175.084025597365, -36.8210104807236], [175.084008935011, -36.8210163501216], [175.084008891726, -36.8210163662027], [175.08399243666, -36.8210224383618], [175.083992396712, -36.821022453483], [175.083992390062, -36.8210224563035], [175.083976008241, -36.821028790356], [175.083975988267, -36.8210287979166], [175.083975974967, -36.8210288035576], [175.083959744799, -36.8210353557676], [175.083959720392, -36.8210353652086], [175.083959701562, -36.8210353736504], [175.083943604292, -36.8210421551625], [175.083937299331, -36.8210448794785], [175.083915778321, -36.8210540985608], [175.083915756155, -36.8210541079624], [175.083915735085, -36.8210541164435], [175.083894002969, -36.8210630336822], [175.083894000753, -36.8210630346224], [175.083893976345, -36.8210630440633], [175.083872073146, -36.8210716470396], [175.083872029861, -36.8210716631206], [175.083849986806, -36.8210799458792], [175.083849955725, -36.8210799572398], [175.08384994905, -36.8210799591594], [175.083833903539, -36.8210857564302], [175.083833858012, -36.8210857725505], [175.083833815798, -36.8210857868101], [175.083808836978, -36.8210939984538], [175.083808834762, -36.821093999394], [175.083808791403, -36.8210940127724], [175.083783667219, -36.8211018664391], [175.083783633872, -36.821101876938], [175.083783621644, -36.8211018807576], [175.083758281894, -36.8211093920987], [175.083758266329, -36.8211093968781], [175.083758237415, -36.8211094054967], [175.083732731887, -36.8211165502054], [175.083730446243, -36.8211171779233], [175.083730417305, -36.821117185641], [175.083730413968, -36.8211171866008], [175.083684973446, -36.8211291602445], [175.083684946749, -36.8211291679229], [175.083684927798, -36.8211291718603], [175.083639212558, -36.8211405238986], [175.083639180258, -36.8211405316752], [175.083624719985, -36.8211439757723], [175.083624709949, -36.8211439777508], [175.083624682106, -36.821143984548], [175.083575783894, -36.8211550381489], [175.083572284476, -36.8211558025075], [175.083547545526, -36.8211613690806], [175.083547525478, -36.8211613739386], [175.083547497636, -36.8211613807357], [175.083522888303, -36.8211673037494], [175.083519707848, -36.8211680895543], [175.083519671114, -36.8211680992112], [175.083519626586, -36.8211681108074], [175.083478884171, -36.8211792908919], [175.083478864148, -36.8211792966507], [175.083478858594, -36.8211792985506], [175.083441111484, -36.8211902242263], [175.083431164033, -36.8211931097042], [175.083431156238, -36.8211931116434], [175.083431136215, -36.8211931174022], [175.083421148606, -36.8211958449542], [175.083421140811, -36.8211958468935], [175.083421104078, -36.8211958565504], [175.083411094655, -36.821198441177], [175.083411065693, -36.8211984479938], [175.083411047886, -36.8211984528124], [175.083400978601, -36.8212008969834], [175.083400941843, -36.8212009057394], [175.08340092847, -36.8212009086777], [175.083390770065, -36.8212032083992], [175.083390757813, -36.8212032113178], [175.083390726609, -36.8212032181738], [175.083380550995, -36.8212053793957], [175.083380536501, -36.8212053823537], [175.083380503056, -36.821205389249], [175.083370289868, -36.8212074051179], [175.083370266459, -36.8212074100347], [175.083370248604, -36.8212074130516], [175.083362480355, -36.8212088461856], [175.083362460259, -36.8212088492417], [175.083362435729, -36.8212088541782], [175.083362411175, -36.8212088582138], [175.083354806945, -36.8212100559367], [175.083354777933, -36.8212100609517], [175.083354757812, -36.821210063107], [175.083352914112, -36.8212103279588], [175.083352911871, -36.8212103279981], [175.08334326251, -36.8212117625572], [175.083343246871, -36.821211764634], [175.083343221221, -36.8212117695901], [175.083343150969, -36.8212117834396], [175.083337867533, -36.8212129053322], [175.083337783957, -36.8212129239218], [175.083337760597, -36.8212129306404], [175.083337636197, -36.8212129733794], [175.083332726952, -36.8212147890238]], [[175.083332726952, -36.8212147890238], [175.083332644911, -36.8212148229086], [175.083332522071, -36.8212148818437], [175.083330281696, -36.8212160216007], [175.083330276167, -36.8212160244015], [175.083330245207, -36.8212160402663], [175.083320925429, -36.8212209471668], [175.083311636146, -36.8212258210852], [175.083311630616, -36.821225823886], [175.083311610715, -36.8212258341492], [175.08331146471, -36.8212259070097], [175.083311119549, -36.8212260770963], [175.083306447874, -36.8212284266522], [175.083306441248, -36.8212284303736], [175.083306415793, -36.8212284425367], [175.083301337931, -36.8212309028614], [175.083301308043, -36.8212309169048], [175.083301299177, -36.8212309206654], [175.083296154735, -36.8212333235724], [175.083296114885, -36.8212333422969], [175.083296102705, -36.8212333479181], [175.083290869784, -36.8212356712586], [175.083290854268, -36.8212356778397], [175.083290835438, -36.8212356862814], [175.083285734584, -36.8212378775196], [175.083268059188, -36.821245460819], [175.083268048105, -36.8212454655198], [175.083268014879, -36.821245480523], [175.083258920157, -36.8212495092122], [175.083258886932, -36.8212495242154], [175.08325886479, -36.8212495345178], [175.083236358613, -36.8212600496916], [175.083232751736, -36.8212617713026], [175.08320916336, -36.8212733067842], [175.083206927827, -36.8212744185137], [175.083190395232, -36.8212828452185], [175.083190374235, -36.8212828564021], [175.083190355455, -36.8212828666456], [175.083175026265, -36.8212909811365], [175.083175000835, -36.8212909942004], [175.083174998618, -36.8212909951405], [175.083160191207, -36.8212991275237], [175.083160165801, -36.8212991414885], [175.083160150334, -36.8212991498713], [175.083145494574, -36.8213075004135], [175.083143813744, -36.8213084798431], [175.083143806047, -36.8213084853858], [175.083143778449, -36.8213085011916], [175.083133404224, -36.8213147496677], [175.083133370025, -36.8213147700957], [175.083133365616, -36.8213147728768], [175.083123092227, -36.8213211845229], [175.083123090035, -36.8213211863639], [175.083123048138, -36.8213212123346], [175.083123045946, -36.8213212141756], [175.08311539325, -36.8213259999103], [175.083115378927, -36.8213260091743], [175.083115351329, -36.8213260249801], [175.083107644201, -36.8213306638549], [175.083107635383, -36.8213306694172], [175.083107613315, -36.8213306824222], [175.083102599832, -36.8213336156946], [175.083102570042, -36.8213336333414], [175.083102535818, -36.8213336528685], [175.083093944494, -36.8213383865532], [175.083093920184, -36.8213383995974], [175.083093913559, -36.8213384033187], [175.083087169113, -36.8213419969362], [175.083081354311, -36.8213451046829], [175.083081345469, -36.8213451093444], [175.083081313437, -36.8213451270305], [175.083075613494, -36.8213482949537], [175.08307560134, -36.8213483014758], [175.083075577054, -36.821348315421], [175.08307149389, -36.8213506636668], [175.083071464099, -36.8213506813136], [175.083071447535, -36.8213506906169], [175.083068470227, -36.8213524778001], [175.083068463602, -36.8213524815214], [175.083068431643, -36.8213525019101], [175.083065529924, -36.8213543066958], [175.08306549799, -36.8213543279853], [175.083065479259, -36.8213543400305], [175.083062588726, -36.8213562266384], [175.08306115251, -36.8213571729383], [175.083061115071, -36.8213571979296], [175.083061111758, -36.8213571997903], [175.083057579683, -36.8213596131855], [175.083057574203, -36.821359617788], [175.083057555471, -36.8213596298332], [175.08305411455, -36.8213620560517], [175.083054092579, -36.8213620726601], [175.083054076064, -36.8213620837652], [175.083051282835, -36.8213641272965], [175.08305127845, -36.8213641309785], [175.083051253191, -36.8213641503485], [175.083024944822, -36.8213839884778], [175.082998795845, -36.8214037931638], [175.082998777163, -36.8214038070108], [175.082998771682, -36.8214038116133], [175.082972918124, -36.8214229351409], [175.082947013619, -36.8214420820884], [175.082920471186, -36.8214620964453], [175.082894053037, -36.8214819815351], [175.082894026657, -36.8214820009247], [175.082894014576, -36.8214820101494], [175.082886524958, -36.8214874365407], [175.082886506275, -36.8214874503876], [175.082886485376, -36.8214874651746], [175.082878876021, -36.8214927755933], [175.082878848496, -36.8214927941017], [175.082878840799, -36.8214927996443], [175.082871096411, -36.8214980087792], [175.082871075487, -36.8214980226654], [175.082871068886, -36.8214980272875], [175.082865898394, -36.821501413952], [175.082865886264, -36.821501421375], [175.08286586534, -36.8215014352611], [175.0828543108, -36.8215087670307], [175.082854304199, -36.8215087716529], [175.082854273337, -36.8215087911211], [175.082842605145, -36.8215159419171], [175.082842570922, -36.8215159614441], [175.082836412325, -36.821519621392], [175.082836381438, -36.8215196399592], [175.082836363778, -36.821519650183], [175.082827831447, -36.821524493675], [175.082827813788, -36.8215245038988], [175.082827787261, -36.8215245178832], [175.082819152512, -36.8215292225664], [175.082819133731, -36.8215292328098], [175.082819130418, -36.8215292346704], [175.082813228311, -36.8215323484407], [175.082809033457, -36.8215345886762], [175.082809006954, -36.8215346035614], [175.082809000329, -36.8215346072827], [175.082804821873, -36.8215369148282], [175.082804809718, -36.8215369213504], [175.082804778807, -36.8215369390167], [175.082800710994, -36.8215392752675], [175.082800682299, -36.8215392919938], [175.082800674578, -36.8215392966356], [175.082796587965, -36.8215417251483], [175.082796550453, -36.8215417474369], [175.082792605102, -36.8215441761781], [175.082792565422, -36.8215442012085], [175.082792563205, -36.8215442021487], [175.082789864406, -36.8215459249588], [175.082789823654, -36.8215459518106], [175.082777782491, -36.8215539428393], [175.082765790337, -36.8215619221925], [175.08275182343, -36.8215710808001], [175.082737789531, -36.8215802495929], [175.082726875603, -36.8215872690906], [175.082726870098, -36.8215872727922], [175.082726838116, -36.82158729228], [175.082715839621, -36.8215941284918], [175.082715812047, -36.8215941451984], [175.082712150221, -36.8215963634722], [175.082705505876, -36.8216003014139], [175.082705474989, -36.8216003199812], [175.082705463955, -36.8216003264836], [175.082698723991, -36.8216041696613], [175.082698707402, -36.8216041780636], [175.082698685334, -36.8216041910685], [175.082691858984, -36.8216079492346], [175.082691853454, -36.8216079520354], [175.082691823639, -36.8216079687813], [175.08268563784, -36.8216112461452], [175.082685613506, -36.8216112582885], [175.082685592508, -36.8216112694721], [175.082650857594, -36.8216289018762], [175.082615899093, -36.8216465580167], [175.082598341046, -36.8216555812435], [175.082580761317, -36.8216646318866], [175.082558671986, -36.8216762644541], [175.082558666456, -36.8216762672548], [175.082558655397, -36.8216762728564], [175.08255449015, -36.8216785305903], [175.082528481913, -36.8216924517205], [175.082528466445, -36.8216924601033], [175.082528428859, -36.8216924796891], [175.082524470066, -36.8216944958613], [175.082524453502, -36.8216945051645], [175.08252443801, -36.8216945126463], [175.082520415635, -36.8216964992881], [175.082520403456, -36.8216965049093], [175.082520369159, -36.8216965217336], [175.082516342321, -36.8216984264351], [175.082516307999, -36.8216984423586], [175.08251630247, -36.8216984451594], [175.082512186181, -36.8217003171785], [175.082512166255, -36.8217003265407], [175.082512145209, -36.8217003359224], [175.082508010354, -36.8217021433731], [175.082508000391, -36.8217021480541], [175.082507960491, -36.8217021649766], [175.08250377679, -36.821703907488], [175.082502481794, -36.8217044394124], [175.082502456266, -36.8217044488727], [175.082502445182, -36.8217044535734], [175.082494746276, -36.8217074960612], [175.082494737409, -36.8217074998218], [175.082494704111, -36.8217075121221], [175.082486974016, -36.8217104379867], [175.082486948512, -36.8217104483479], [175.082486928513, -36.8217104550074], [175.082479132688, -36.8217132720644], [175.082479109376, -36.8217132805845], [175.082479098268, -36.8217132843844], [175.082475061262, -36.8217146899419], [175.082474965725, -36.82171472226], [175.082474902318, -36.8217147404957]], [[175.082474902318, -36.8217147404957], [175.082453226457, -36.8217204523642], [175.082453092798, -36.8217204844489], [175.082452957872, -36.821720511148], [175.082449487977, -36.8217211253407], [175.082449479062, -36.8217211272995], [175.082449434411, -36.8217211343909], [175.082446601047, -36.8217215742958], [175.082446568649, -36.8217215784686], [175.082443749046, -36.8217219883895], [175.082443706612, -36.8217219945407], [175.082443686516, -36.8217219975967], [175.082440831954, -36.8217223585584], [175.082440812953, -36.8217223606939], [175.082440788375, -36.8217223638284], [175.082437945113, -36.8217226867375], [175.082437907112, -36.8217226910084], [175.08243790263, -36.821722691087], [175.082435027114, -36.8217229821142], [175.082435000294, -36.821722985288], [175.08243497457, -36.8217229875413], [175.082432110135, -36.8217232324079], [175.082432079929, -36.8217232347397], [175.082432056422, -36.8217232360529], [175.082429170669, -36.8217234389318], [175.082429160584, -36.8217234391085], [175.082429146042, -36.8217234402646], [175.082426267375, -36.8217236150789], [175.082426238266, -36.8217236164903], [175.082426203553, -36.8217236179998], [175.082423318964, -36.821723739741], [175.082422624716, -36.8217237699304], [175.082419409322, -36.8217238884544], [175.08241937461, -36.8217238899638], [175.082419361164, -36.8217238901994], [175.082416133368, -36.8217239647768], [175.082416115439, -36.8217239650909], [175.082416085185, -36.821723965621], [175.082412901014, -36.8217239952702], [175.082412864012, -36.8217239950172], [175.082412853927, -36.8217239951939], [175.082409604641, -36.8217239800176], [175.082409601279, -36.8217239800765], [175.082409565397, -36.8217239798038], [175.082406381295, -36.8217239292359], [175.082406348774, -36.8217239289044], [175.082406321857, -36.8217239284747], [175.082403111393, -36.8217238152775], [175.082403094561, -36.8217238146711], [175.08240307098, -36.8217238132816], [175.082399858419, -36.821723664069], [175.082399849455, -36.8217236642261], [175.082399810163, -36.8217236622106], [175.082396650289, -36.8217234715163], [175.082396614358, -36.8217234694419], [175.08239660649, -36.8217234686784], [175.08239528222, -36.8217233756118], [175.082395168728, -36.8217233658832], [175.082395062982, -36.8217233524138], [175.082380685462, -36.8217212942718], [175.082380526659, -36.8217212673111], [175.082380426247, -36.8217212438338]], [[175.082380426247, -36.8217212438338], [175.082369842761, -36.8217183287788], [175.082369728634, -36.8217182956275], [175.082369624543, -36.8217182604979], [175.082342991985, -36.8217088605484], [175.082316375035, -36.8216992503163], [175.082303546355, -36.8216945269224], [175.082290726763, -36.8216898078745], [175.082290698432, -36.8216897966539], [175.08229069278, -36.8216897949503], [175.082282843096, -36.8216870266748], [175.082282805777, -36.8216870147103], [175.082282802366, -36.8216870129675], [175.082276738778, -36.8216849560729], [175.082271796391, -36.8216832761083], [175.082271771494, -36.8216832675314], [175.082271754515, -36.8216832615198], [175.082266824669, -36.8216815065273], [175.082266821258, -36.8216815047844], [175.08226678618, -36.8216814927807], [175.082263341279, -36.821680216502], [175.082263291438, -36.8216801975466], [175.082263243838, -36.8216801785518], [175.082258911119, -36.8216784085915], [175.082258894091, -36.8216784007781], [175.082258868026, -36.8216783904191], [175.082254580807, -36.8216765619783], [175.082254549041, -36.8216765481139], [175.082254543365, -36.8216765455095], [175.082250266763, -36.8216746537914], [175.082250237238, -36.8216746398878], [175.08225021909, -36.821674632094], [175.082245999096, -36.8216726780956], [175.082245979803, -36.8216726694206], [175.082245958219, -36.8216726589831], [175.082241756515, -36.821670635264], [175.08224175425, -36.8216706344023], [175.082241724701, -36.8216706195979], [175.082237603722, -36.8216685548071], [175.082237583259, -36.82166854435], [175.082237568473, -36.8216685364973], [175.082233480815, -36.8216664188472], [175.082233445541, -36.8216663996366], [175.08223343872, -36.8216663961509], [175.082230657095, -36.8216648982484], [175.082217082082, -36.8216576624744], [175.082217052508, -36.8216576467691], [175.082217042277, -36.8216576415405], [175.082203289282, -36.8216505810313], [175.082203284726, -36.8216505784072], [175.082203261998, -36.8216505670885], [175.082197977325, -36.8216479224158], [175.08219797506, -36.8216479215542], [175.082197965973, -36.8216479172068], [175.082197962563, -36.821647915464], [175.082184771335, -36.8216417274851], [175.082178799131, -36.8216389885023], [175.082178788924, -36.8216389841746], [175.082178762834, -36.8216389729147], [175.082160793869, -36.8216310164563], [175.082159405259, -36.8216304107725], [175.082159363311, -36.8216303934813], [175.082159319073, -36.8216303744277], [175.082154715207, -36.821628527195], [175.082154693672, -36.8216285185592], [175.082154678959, -36.8216285134092], [175.08215000891, -36.8216267060916], [175.082149991907, -36.8216266991791], [175.082149957924, -36.8216266862549], [175.082145283643, -36.821624970944], [175.082145257578, -36.821624960585], [175.082145236068, -36.8216249528501], [175.082140480161, -36.8216232867378], [175.082140459772, -36.8216232789833], [175.082140439407, -36.8216232721297], [175.082135640241, -36.8216216644583], [175.082135628914, -36.8216216601502], [175.08213559498, -36.8216216490277], [175.082130817159, -36.8216201257046], [175.082130776477, -36.821620113799], [175.082130766295, -36.8216201103722], [175.082125883414, -36.8216186402633], [175.082125873256, -36.8216186377374], [175.082125843878, -36.821618629239], [175.082123691252, -36.8216180026891], [175.082118814853, -36.8216165649133], [175.082118786596, -36.8216165563953], [175.082118761724, -36.8216165487193], [175.08211395745, -36.8216150420822], [175.082113922396, -36.8216150309794], [175.082113913358, -36.8216150284338], [175.082109073515, -36.8216134503155], [175.082109061067, -36.8216134460271], [175.082109023723, -36.8216134331618], [175.082104286723, -36.8216118027689], [175.082104251644, -36.8216117907652], [175.082099477515, -36.821610072695], [175.082099474129, -36.821610071853], [175.082099432229, -36.8216100563636], [175.082094771321, -36.8216082966527], [175.082094750931, -36.8216082888981], [175.082094728277, -36.821608280282], [175.082090049313, -36.821606433461], [175.082089371489, -36.8216061596222], [175.082089323865, -36.8216061397265], [175.082089283037, -36.8216061224157], [175.082071436987, -36.8215982331905], [175.082071417693, -36.8215982245155], [175.08207139611, -36.821598214078], [175.082053716132, -36.8215900821949], [175.082053683221, -36.8215900674493], [175.082053674135, -36.8215900631019], [175.082044123184, -36.8215855346277], [175.081999124317, -36.8215640607271], [175.081928309622, -36.8215297285875], [175.081928306212, -36.8215297268447], [175.081928285749, -36.8215297163875], [175.081922453889, -36.8215268190082], [175.081892103224, -36.8215120546441], [175.081892087317, -36.821512046811], [175.081892063468, -36.8215120355118], [175.081861450294, -36.8214977191779], [175.081861418479, -36.8214977035117], [175.081845007379, -36.8214902668075], [175.081844890548, -36.8214902165784], [175.081844798832, -36.8214901830341]], [[175.081844798832, -36.8214901830341], [175.081803236894, -36.8214758520568], [175.08180310004, -36.8214758075861], [175.081802956633, -36.8214757695393], [175.081793398259, -36.8214734070009], [175.081793361013, -36.8214733977389], [175.081793341841, -36.8214733935682], [175.081782414601, -36.8214709468481], [175.081782386392, -36.8214709401318], [175.081782366101, -36.8214709359807], [175.081771346523, -36.8214686395916], [175.081771337485, -36.821468637046], [175.081771298047, -36.821468629625], [175.081760294288, -36.8214665033037], [175.081760259356, -36.8214664967051], [175.081760246957, -36.8214664942183], [175.08174914287, -36.82146451296], [175.081749129351, -36.8214645104929], [175.08174910007, -36.821464505598], [175.081739726221, -36.8214629536982], [175.081718523449, -36.8214595215589], [175.081718518942, -36.8214595207365], [175.081718484035, -36.8214595150388], [175.081714088262, -36.8214588511576], [175.081704367225, -36.8214574360244], [175.081704363839, -36.8214574351824], [175.081704332342, -36.8214574312275], [175.081694614456, -36.821456173766], [175.081694609949, -36.8214561729436], [175.081694577332, -36.8214561690083], [175.081688176786, -36.8214554113517], [175.081647477028, -36.8214506802991], [175.08163704544, -36.8214495624157], [175.081636919598, -36.8214495520014], [175.081636799456, -36.8214495450925], [175.081591327908, -36.8214479394824], [175.081591192201, -36.8214479373525], [175.08159105552, -36.8214479406475], [175.081584529971, -36.8214482378941]], [[175.081584529971, -36.8214482378941], [175.081584440474, -36.8214482448693], [175.081584304184, -36.8214482625783], [175.081584529971, -36.8214482378941]], [[175.081584529971, -36.8214482378941], [175.081559463952, -36.8214519621168], [175.081559371411, -36.8214519808621], [175.081557516282, -36.8214524036141], [175.081557490656, -36.8214524094707], [175.081557475066, -36.8214524133489], [175.081547731607, -36.8214547633302], [175.081547700427, -36.8214547710866], [175.0815476815, -36.8214547759246], [175.081537996926, -36.8214572717859], [175.08153798136, -36.821457276565], [175.081537960192, -36.8214572814422], [175.081531968189, -36.8214588996626], [175.081531950382, -36.821458904481], [175.081531935913, -36.8214589083396], [175.081522442328, -36.8214616261802], [175.081522395607, -36.8214616396166], [175.081512888462, -36.8214645190268], [175.081512886246, -36.8214645199669], [175.081512850657, -36.8214645305045], [175.081506005756, -36.8214666954276], [175.081502915381, -36.8214676625655], [175.081502893141, -36.8214676692641], [175.081502872022, -36.821467675943], [175.081499785907, -36.8214685934346], [175.0814997681, -36.821468598253], [175.08149974586, -36.8214686049515], [175.081496650828, -36.821469482942], [175.081496618552, -36.821469491619], [175.081496604082, -36.8214694954776], [175.08149344849, -36.821470331266], [175.081493445128, -36.8214703313249], [175.081493409515, -36.8214703409616], [175.081490311944, -36.821471125261], [175.081490274089, -36.821471134937], [175.081490264078, -36.8214711378162], [175.081487099467, -36.8214718890401], [175.081487077178, -36.821471893937], [175.081487034842, -36.8214719036914], [175.081483857269, -36.8214725902486], [175.081480751359, -36.8214732322882], [175.081480711214, -36.8214732402016], [175.081480650974, -36.8214732511709], [175.081469776787, -36.8214751621851], [175.081469741076, -36.8214751682182], [175.081458842546, -36.8214769255352], [175.081458809051, -36.8214769306283], [175.081458805714, -36.821476931588], [175.081453814914, -36.8214776841471], [175.081453803757, -36.8214776861451], [175.081453779178, -36.8214776892794], [175.081426532088, -36.8214815165626], [175.081426529847, -36.8214815166019], [175.081400583807, -36.8214850353831], [175.081400573747, -36.8214850364606], [175.081400540228, -36.8214850406527], [175.081386848086, -36.8214867603586], [175.081386819025, -36.8214867635714], [175.081386802265, -36.8214867656675], [175.081374766019, -36.8214881156831], [175.081374725777, -36.821488119993], [175.081374705656, -36.8214881221479], [175.081367145451, -36.8214888367772], [175.081367120848, -36.8214888390107], [175.081367087281, -36.8214888414011], [175.081359503538, -36.8214894320625], [175.081359500176, -36.8214894321214], [175.081359467729, -36.8214894344922], [175.081351905028, -36.821489932852], [175.081351871461, -36.8214899352424], [175.081351858039, -36.8214899363787], [175.081348781699, -36.8214900975036], [175.081322410123, -36.8214914407681], [175.081322372074, -36.8214914432369], [175.081295973084, -36.8214930988257], [175.081295847657, -36.821493103726], [175.08129571765, -36.8214931051012], [175.081275358524, -36.8214928811627]], [[175.081275358524, -36.8214928811627], [175.081275291194, -36.8214928787365], [175.081275177727, -36.8214928699078], [175.08127074002, -36.8214924374775], [175.081270661314, -36.8214924289414], [175.081270611815, -36.8214924225977], [175.081246899461, -36.8214891325597], [175.081246896099, -36.8214891326186], [175.081246864577, -36.8214891277628], [175.08123547, -36.8214874309462], [175.081200103852, -36.8214822278012], [175.081200067848, -36.8214822230238], [175.081200047581, -36.8214822197735], [175.081182393969, -36.8214798159674], [175.081164875845, -36.8214774061812], [175.081164839842, -36.8214774014037], [175.081164810561, -36.8214773965086], [175.081158819834, -36.8214764549927], [175.081158805194, -36.8214764525451], [175.081158777034, -36.8214764476303], [175.081152826984, -36.8214754351003], [175.08115280221, -36.8214754310276], [175.081152778556, -36.8214754269353], [175.081146840731, -36.821474327666], [175.081146796786, -36.8214743194224], [175.081146792279, -36.8214743186], [175.081140833987, -36.8214731259535], [175.081138804569, -36.8214727018236], [175.081121127856, -36.8214690726433], [175.081121115457, -36.8214690701565], [175.081121077139, -36.8214690627156], [175.081112361099, -36.8214673766715], [175.081112326167, -36.8214673700727], [175.081112318299, -36.8214673693092], [175.081059830389, -36.8214579161389], [175.081059828123, -36.8214579152773], [175.081059793215, -36.8214579095794], [175.081034909285, -36.8214537062634], [175.081034882246, -36.821453701329], [175.081034874353, -36.8214536996646], [175.081019290875, -36.8214512361555], [175.08101927738, -36.8214512345891], [175.081019242497, -36.8214512297921], [175.081003685314, -36.8214489920471], [175.081003657178, -36.8214489880332], [175.081003633549, -36.8214489848416], [175.080987933727, -36.821446944273], [175.0809879281, -36.8214469434702], [175.080987884228, -36.8214469379292], [175.080972200787, -36.8214451296073], [175.080972187292, -36.821445128041], [175.080972152457, -36.8214451250457], [175.080956694282, -36.8214435624383], [175.080956552703, -36.8214435504962], [175.080956257367, -36.821443532233], [175.080956200097, -36.8214435287292], [175.080956033891, -36.8214435181196], [175.080955885712, -36.8214435107995], [175.080952026458, -36.8214432016225], [175.080952016348, -36.8214432008982], [175.080951992744, -36.8214431986076], [175.080947716358, -36.8214429273776], [175.08094768491, -36.8214429252243], [175.080947672559, -36.8214429245392], [175.080943361707, -36.8214427052868], [175.080943340368, -36.8214427038577], [175.080943311185, -36.8214427025661], [175.080939002042, -36.8214425463746], [175.080938997535, -36.8214425455522], [175.080938961653, -36.8214425452791], [175.080934645204, -36.8214424505039], [175.080934633999, -36.8214424507], [175.080934594756, -36.8214424504858], [175.080930324861, -36.8214424188877], [175.080930292341, -36.8214424185558], [175.080930287859, -36.8214424186342], [175.080929683644, -36.8214424201995], [175.080929679162, -36.821442420278], [175.080919422418, -36.8214425007049], [175.080919388802, -36.8214425012934], [175.080919374235, -36.8214425015484], [175.080909128118, -36.8214427259965], [175.080909103467, -36.8214427264281], [175.0809090889, -36.8214427266831], [175.080903323921, -36.8214429177427], [175.080877618513, -36.8214437733584], [175.080851841787, -36.8214448104773], [175.080851839546, -36.8214448105165], [175.080851803713, -36.8214448120451], [175.080832713787, -36.8214457933831], [175.080832694762, -36.8214457946175], [175.080832679075, -36.8214457948921], [175.080825770229, -36.821446220483], [175.080825746722, -36.8214462217959], [175.080825723215, -36.8214462231087], [175.080818203291, -36.8214467693559], [175.080818160783, -36.8214467728039], [175.080810705927, -36.8214474035351], [175.080810676842, -36.8214474058469], [175.080810652239, -36.8214474080802], [175.080803163649, -36.8214481592745], [175.080799554356, -36.8214485523368], [175.080799518596, -36.821448556568], [175.080799496259, -36.8214485596629], [175.080794123369, -36.821449236865], [175.080794076453, -36.8214492430941], [175.080788766973, -36.8214499849808], [175.080788739058, -36.8214499890747], [175.080788714503, -36.8214499931097], [175.080783419546, -36.821450815859], [175.080783382715, -36.8214508219116], [175.080783374895, -36.8214508229498], [175.080778060721, -36.8214517226459], [175.080778036167, -36.821451726681], [175.080778017191, -36.8214517297171], [175.080773226212, -36.8214526166485], [175.080773194983, -36.821452622603], [175.080773184947, -36.8214526245813], [175.080762802252, -36.8214546774441], [175.080762791096, -36.821454679442], [175.080762753192, -36.821454687316], [175.080752433887, -36.8214568868815], [175.080752424971, -36.8214568888402], [175.080752402683, -36.8214568937369], [175.080747477345, -36.8214579939239], [175.080721596031, -36.8214639449373], [175.080695818978, -36.8214700203021], [175.080669893323, -36.8214759901066], [175.080665399, -36.8214770683244], [175.080665394542, -36.8214770693037], [175.08066535335, -36.8214770799391], [175.080660966625, -36.8214781986343], [175.080660918759, -36.8214782111891], [175.080656470432, -36.8214794147835], [175.080656465975, -36.8214794157629], [175.080656440397, -36.821479423421], [175.080652074091, -36.8214806751511], [175.080652050755, -36.82148068277], [175.080652037382, -36.821480685708], [175.080647667083, -36.8214819969936], [175.080647645963, -36.8214820036724], [175.08064761929, -36.8214820122511], [175.080643960041, -36.8214831686839], [175.080643845626, -36.8214832076401], [175.08064379016, -36.821483229341]], [[175.08064379016, -36.821483229341], [175.080618972263, -36.8214941305908], [175.080618862647, -36.8214941811799], [175.08061876314, -36.8214942324933], [175.080616541279, -36.8214954367693], [175.080610542622, -36.8214987143556], [175.080610532684, -36.8214987199374], [175.080610508374, -36.8214987329811], [175.080604492708, -36.8215018792748], [175.080604462844, -36.8215018942184], [175.080604455122, -36.8215018988601], [175.080598362453, -36.8215049752986], [175.080598324842, -36.821504993983], [175.080598319313, -36.8215049967837], [175.080592117168, -36.8215080048368], [175.080592106085, -36.8215080095373], [175.080592078437, -36.8215080235408], [175.08059139436, -36.8215083464643], [175.080591364471, -36.821508360507], [175.080591335679, -36.8215083736292], [175.080565316672, -36.8215200043158], [175.080565301156, -36.8215200108965], [175.080565288976, -36.8215200165175], [175.080539178651, -36.8215313802092], [175.080539129884, -36.8215314008915], [175.080539093296, -36.8215314159527], [175.080534398715, -36.821533254764], [175.080534359886, -36.8215332698645], [175.080534356549, -36.8215332708242], [175.080529544431, -36.8215350747394], [175.080529507794, -36.8215350879989], [175.080524749385, -36.8215368053501], [175.080524713869, -36.82153681859], [175.080524699424, -36.8215368233493], [175.080519837533, -36.821538486631], [175.080519826425, -36.8215384904307], [175.080519791981, -36.8215385018492], [175.080514914619, -36.8215400905935], [175.080514883487, -36.8215401001514], [175.08051366294, -36.8215404838391], [175.0805135485, -36.8215405218943], [175.080513441977, -36.8215405625148], [175.080488743457, -36.8215503674685], [175.08048863596, -36.8215504135138], [175.08048852856, -36.8215504631627], [175.080487270679, -36.8215510827432], [175.080487229756, -36.8215511032882], [175.080487199916, -36.8215511191326]], [[175.080487199916, -36.8215511191326], [175.080484872577, -36.8215524027644], [175.080484833919, -36.821552424171], [175.080484826198, -36.8215524288126], [175.080482460617, -36.8215537906257], [175.080482454016, -36.8215537952477], [175.080482424201, -36.821553811993], [175.080480158932, -36.8215551522215], [175.080480121419, -36.8215551745094], [175.080480102687, -36.8215551865541], [175.080477816181, -36.8215566118767], [175.080475574642, -36.8215580418199], [175.080475536082, -36.82155806683], [175.080475531697, -36.8215580705119], [175.080473531826, -36.8215593997858], [175.080471029356, -36.8215610470032], [175.080470998493, -36.8215610664708], [175.080470987483, -36.8215610738739], [175.080468430324, -36.8215626887005], [175.080465875819, -36.8215642773427], [175.080465850462, -36.8215642931087], [175.080465821767, -36.8215643098344], [175.080463237638, -36.8215658395093], [175.080463213352, -36.8215658534539], [175.080463201221, -36.8215658608766], [175.080460836492, -36.82156721276], [175.080460806652, -36.8215672286044], [175.08046078127, -36.8215672434695], [175.080447891243, -36.82157424237], [175.08044788793, -36.8215742442306], [175.080434894905, -36.821581165618], [175.080407191784, -36.8215956035587], [175.080379380949, -36.8216097901127], [175.080354912656, -36.8216219713461], [175.080330409762, -36.8216341171279], [175.080304115, -36.8216471595159], [175.080277870063, -36.8216600964751], [175.080277840199, -36.8216601114186], [175.080277799227, -36.8216601301618], [175.080275150697, -36.8216613518134], [175.080275138517, -36.8216613574344], [175.080275107508, -36.8216613714967], [175.080272445481, -36.821662550122], [175.08027242441, -36.8216625586025], [175.08027239781, -36.8216625698837], [175.080269675589, -36.8216637198196], [175.080269664505, -36.8216637245201], [175.080269640122, -36.8216637348612], [175.080266899069, -36.8216648517784], [175.080266892419, -36.8216648545987], [175.080266865795, -36.821664864979], [175.080264095484, -36.8216659364419], [175.080264085497, -36.8216659402219], [175.08026406221, -36.8216659496425], [175.080261323102, -36.8216669727903], [175.080261277599, -36.8216669898101], [175.080261266491, -36.8216669936097], [175.08025842478, -36.8216679951193], [175.080258386999, -36.8216680074975], [175.080255571984, -36.8216689598696], [175.080255557539, -36.8216689646289], [175.080255523095, -36.8216689760474], [175.080252668908, -36.8216698894477], [175.080246349822, -36.8216719333347], [175.080246332015, -36.8216719381529], [175.080246313137, -36.8216719447924], [175.08024005405, -36.8216740516213], [175.080240034051, -36.8216740582805], [175.080240002969, -36.8216740696401], [175.080233838108, -36.8216762613445], [175.080233798134, -36.8216762755636], [175.080233794797, -36.8216762765234], [175.080227587993, -36.8216785753151], [175.080225688234, -36.821679296257], [175.080225646093, -36.8216793132179], [175.080225638322, -36.8216793160578], [175.080212316909, -36.8216847929749], [175.080212299176, -36.8216848004956], [175.080212273671, -36.8216848108563], [175.080199401791, -36.8216903285746], [175.080199387395, -36.8216903351357], [175.080199360819, -36.8216903473177], [175.080192319287, -36.8216934917164], [175.080192309324, -36.8216934963973], [175.080192277218, -36.82169351138], [175.080185344333, -36.8216967349939], [175.080185303385, -36.8216967546379], [175.080185301168, -36.821696755578], [175.080178368457, -36.8217001098772], [175.080178362928, -36.8217001126778], [175.080178331943, -36.821700127641], [175.080173748341, -36.821702422357], [175.080173717381, -36.821702438221], [175.080173676482, -36.8217024596667], [175.080166845141, -36.8217061213374], [175.080166832986, -36.8217061278592], [175.080166806483, -36.8217061427439], [175.080160049345, -36.8217098950484], [175.080160029468, -36.8217099062118], [175.080160010712, -36.8217099173557], [175.080153324561, -36.821713765758], [175.080153295866, -36.8217137824836], [175.08015328371, -36.8217137890054], [175.080146680994, -36.8217177377942], [175.080146665551, -36.8217177470775], [175.080146643506, -36.8217177609828], [175.080143280607, -36.8217198432583], [175.080137680271, -36.8217232589596], [175.080137667044, -36.8217232673028], [175.080137639469, -36.8217232840088], [175.080132013673, -36.8217265874927], [175.080131972822, -36.8217266107401], [175.080126220159, -36.8217298659712], [175.080126181525, -36.8217298882786], [175.080120428004, -36.8217330290591], [175.080120407006, -36.8217330402422], [175.080120387129, -36.8217330514057], [175.080114500359, -36.8217361566633], [175.080114484891, -36.8217361650457], [175.08011445281, -36.8217361809293], [175.08011353929, -36.8217366421594], [175.080113522701, -36.8217366505614], [175.080113510522, -36.8217366561824], [175.080091581445, -36.8217474319591], [175.080091572578, -36.8217474357195], [175.080091552652, -36.8217474450813], [175.080069426589, -36.8217580260151], [175.080043621578, -36.8217701134091], [175.080017811387, -36.8217820098124], [175.080017767077, -36.8217820295152], [175.080017733851, -36.8217820445174], [175.080011514402, -36.8217847049412], [175.080011505535, -36.8217847087016], [175.080011472284, -36.821784722803], [175.080005226644, -36.8217872854429], [175.080005200044, -36.821787296724], [175.080005196706, -36.8217872976837], [175.079998861566, -36.8217897843776], [175.079998829411, -36.8217897975586], [175.07999882164, -36.8217898003985], [175.079992405014, -36.8217922173152], [175.079991737907, -36.8217924633277], [175.07998853131, -36.821793652378], [175.079988496891, -36.8217936646972], [175.079988473603, -36.8217936741178], [175.079985331001, -36.8217949080144], [175.079985303255, -36.8217949184142], [175.0799821323, -36.8217962231084], [175.079982120096, -36.8217962278285], [175.079982103483, -36.8217962353296], [175.079978984463, -36.8217975535357], [175.079978961176, -36.8217975629563], [175.079978929046, -36.821797577038], [175.079975883984, -36.8217989354097], [175.079975854095, -36.8217989494522], [175.079975848541, -36.8217989513521], [175.079972770254, -36.8218003661857], [175.079972748087, -36.8218003755867], [175.079972719318, -36.8218003896096], [175.079969702638, -36.8218018439237], [175.079969682712, -36.8218018532854], [175.079969655064, -36.8218018672887], [175.079966663379, -36.8218033752434], [175.079965203868, -36.8218041254303], [175.079965192809, -36.8218041310317], [175.079965185087, -36.8218041356733]], [[175.079965185087, -36.8218041356733], [175.079949672119, -36.8218126837913], [175.079949651121, -36.8218126949744], [175.0799496434, -36.821812699616], [175.079934292132, -36.8218213819002], [175.079923661029, -36.8218274714595], [175.079913017939, -36.8218335738459], [175.079913008, -36.8218335794276], [175.079912983738, -36.821833594273], [175.079899723351, -36.8218414513257], [175.079899701282, -36.8218414643301], [175.079899683621, -36.8218414745534], [175.079886733163, -36.8218494334361], [175.079873935898, -36.8218572950001], [175.079873897313, -36.8218573191091], [175.079861088197, -36.8218649086862]], [[175.079861088197, -36.8218649086862], [175.079860829818, -36.8218650547117], [175.079860651679, -36.82186514165], [175.07983634602, -36.8218760067362], [175.079835998046, -36.8218761561321], [175.079835945941, -36.8218761777738], [175.079835874934, -36.8218762051541], [175.079835824997, -36.8218762240539], [175.079835701787, -36.8218762694724], [175.079835578601, -36.8218763157917], [175.079831658948, -36.8218777516534], [175.079831655635, -36.821877753514], [175.079831625673, -36.8218777648539], [175.079827676596, -36.8218792733345], [175.079827653284, -36.8218792818541], [175.079827632213, -36.8218792903346], [175.079823676415, -36.8218808818524], [175.079823671982, -36.8218808837325], [175.079823642044, -36.8218808959733], [175.079819777473, -36.8218825030194], [175.079819736477, -36.8218825208615], [175.07981972761, -36.8218825246218], [175.079815844163, -36.8218842212269], [175.079815824213, -36.8218842296877], [175.079815799853, -36.8218842409296], [175.079811964909, -36.8218859898626], [175.079811960475, -36.8218859917428], [175.079811931707, -36.8218860057657], [175.079808578665, -36.8218875831306], [175.079808541054, -36.8218876018148], [175.079808518936, -36.8218876130174], [175.079791239683, -36.8218962235674], [175.079787928664, -36.8218979038461], [175.079787910979, -36.8218979131685], [175.079787892174, -36.8218979225106], [175.079784629169, -36.8218996370998], [175.079784603762, -36.8218996510639], [175.079781407869, -36.8219014014321], [175.079781380245, -36.8219014163363], [175.079781369211, -36.8219014228385], [175.079778179409, -36.8219032325858], [175.079778168375, -36.821903239088], [175.079778140776, -36.8219032548931], [175.079775007855, -36.8219050951906], [175.079774990195, -36.8219051054139], [175.079774965933, -36.8219051202593], [175.079774082544, -36.8219056593728], [175.079774062716, -36.821905672338], [175.079774054994, -36.8219056769796], [175.079765144548, -36.8219112632339], [175.079756358895, -36.8219167797063], [175.079730390202, -36.8219327635192], [175.079704366935, -36.8219488023596], [175.079670899466, -36.8219698024213], [175.079653023806, -36.8219809407215], [175.079652995135, -36.8219809583479], [175.079652986293, -36.8219809630091], [175.079637353039, -36.8219903712306], [175.079637350822, -36.8219903721707], [175.079637313309, -36.8219903944583], [175.079618921053, -36.8220010857338], [175.079600365314, -36.8220117843733], [175.079573996792, -36.8220270811463], [175.079547617299, -36.8220423871184], [175.079520031282, -36.8220586785864], [175.079492595187, -36.8220749593134], [175.079492579719, -36.8220749676957], [175.079492563179, -36.8220749778994], [175.079479123415, -36.8220827136647], [175.079479090286, -36.8220827322704], [175.079479078131, -36.8220827387921], [175.079467900543, -36.8220889775741], [175.079467891701, -36.8220889822353], [175.079467861861, -36.8220889980795], [175.079455486073, -36.8220956598037], [175.07945548276, -36.8220956616642], [175.079455451799, -36.822095677528], [175.079442935571, -36.8221021623489], [175.079442933354, -36.822102163289], [175.079442674559, -36.8221022939989], [175.079442656874, -36.8221023033213], [175.079442636972, -36.8221023135838], [175.079435485054, -36.822105814081], [175.079435477284, -36.8221058169208], [175.079435440769, -36.8221058346844], [175.079428235182, -36.822109216247], [175.079428215256, -36.8221092256086], [175.079428190896, -36.8221092368504], [175.079420883044, -36.8221125264664], [175.079416905622, -36.8221142724717], [175.079404640849, -36.8221196929591], [175.079404630862, -36.822119696739], [175.079404599852, -36.8221197108011], [175.079392462702, -36.8221252903874], [175.079390479912, -36.8221262164628], [175.079390457769, -36.8221262267645], [175.079390411291, -36.8221262492088], [175.079372842229, -36.8221350080761], [175.07937282564, -36.822135016478], [175.079372803522, -36.8221350276805], [175.079356960066, -36.8221432164772], [175.079344612217, -36.8221495856796], [175.079344587882, -36.8221495978222], [175.079344569076, -36.8221496071642], [175.079332083003, -36.8221557985232], [175.079332077449, -36.8221558004229], [175.079332049801, -36.8221558144261], [175.079324077272, -36.8221596474321], [175.079323990918, -36.8221596876987], [175.079323843664, -36.8221597560698], [175.079323799403, -36.8221597775741], [175.079323711928, -36.8221598178603], [175.079323701965, -36.8221598225411], [175.079323572396, -36.8221598815898], [175.079323407385, -36.8221599565806], [175.079320772656, -36.822161109471], [175.07932076379, -36.8221611132313], [175.079317791534, -36.822162387393], [175.079317770488, -36.8221623967742], [175.079317736116, -36.822162410895], [175.079314778694, -36.8221636117917], [175.079314749852, -36.8221636231118], [175.079314732119, -36.8221636306325], [175.079311670119, -36.822164819839], [175.079311656795, -36.8221648245786], [175.079311619062, -36.8221648387583], [175.079308621371, -36.8221659601434], [175.079308585854, -36.8221659733829], [175.079308564735, -36.8221659800615], [175.079305597516, -36.8221670261055], [175.079300007839, -36.8221690157228], [175.079299980094, -36.8221690261225], [175.079299960119, -36.8221690336823], [175.079294443061, -36.8221710968369], [175.079294418652, -36.8221711062769], [175.079294404232, -36.822171111937], [175.079288910561, -36.8221732521942], [175.079288895019, -36.8221732578739], [175.079288883936, -36.8221732625743], [175.079286363304, -36.8221742818779], [175.079286333366, -36.8221742941186], [175.079286296778, -36.8221743091794], [175.07927717914, -36.8221782487395], [175.079277156973, -36.8221782581403], [175.079277138143, -36.8221782665814], [175.079268108837, -36.8221823217648], [175.079268075634, -36.8221823376678], [175.079268063455, -36.8221823432887], [175.079259074393, -36.8221865600015], [175.079256873119, -36.8221876151777], [175.07925684988, -36.8221876263998], [175.079256845471, -36.8221876291809], [175.079241946304, -36.8221949614306], [175.079241925281, -36.8221949717126], [175.07924190538, -36.8221949819751], [175.079228292131, -36.8222019429243], [175.079223541927, -36.8222044216803], [175.079223537493, -36.8222044235604], [175.079223514279, -36.8222044356834], [175.079218858128, -36.8222069515499], [175.079218830504, -36.8222069664539], [175.079218816157, -36.8222069748166], [175.079214207923, -36.8222095628501], [175.079214192455, -36.8222095712324], [175.079214172578, -36.8222095823957], [175.079209627437, -36.8222122234034], [175.079209600934, -36.8222122382878], [175.07920958549, -36.822212247571], [175.079205101519, -36.8222149533035], [175.079205078353, -36.8222149672282], [175.079205060717, -36.8222149783524], [175.07920061375, -36.8222177672584], [175.079200579598, -36.822217789487], [175.079196228706, -36.8222206073565], [175.079196196771, -36.822220628645], [175.079196182448, -36.8222206379086], [175.079195785023, -36.8222209071395]], [[175.079195785023, -36.8222209071395], [175.079195745415, -36.8222209348714], [175.079195680619, -36.8222209846752], [175.079172360945, -36.8222393753712], [175.079172299535, -36.822239426017], [175.07917228638, -36.8222394370627], [175.079172262362, -36.8222394609167], [175.079167410116, -36.8222442172415], [175.079167385026, -36.8222442429168], [175.079167351216, -36.8222442777577], [175.07914765365, -36.8222649845237], [175.07912802277, -36.8222856702913], [175.07910309836, -36.822311667187], [175.079078207062, -36.8223376454724], [175.079072639404, -36.8223435147965], [175.079072626347, -36.8223435294457], [175.079072605642, -36.8223435514391], [175.07906721988, -36.8223494725606], [175.079067198103, -36.8223494963754], [175.079067193742, -36.8223495009581], [175.079063778087, -36.8223533641967], [175.079063759623, -36.8223533861509], [175.079061078035, -36.822356494778], [175.079061071531, -36.8223565030035], [175.079061046563, -36.8223565331832], [175.079058464169, -36.8223596617064], [175.079058444633, -36.8223596854819], [175.079058440297, -36.8223596909656], [175.079055896539, -36.8223628801014], [175.079055885699, -36.8223628938105], [175.079055869427, -36.8223629139238], [175.079053403743, -36.8223661296342], [175.079053384256, -36.8223661552116], [175.07905337668, -36.8223661652584], [175.079050972944, -36.822369433062], [175.079050582784, -36.8223699707532], [175.079050562249, -36.8223699990527], [175.079050547171, -36.8223700218489], [175.079048593256, -36.8223728852117], [175.07904858892, -36.8223728906953], [175.079048572794, -36.8223729162138], [175.079046684188, -36.8223757901511], [175.079046674493, -36.8223758047415], [175.07904665939, -36.8223758266369], [175.079044840453, -36.8223787065658], [175.07904482328, -36.8223787348066], [175.0790448168, -36.822378743933], [175.079043060371, -36.8223816552154], [175.079043042126, -36.8223816852774], [175.079043040007, -36.822381689821], [175.079041326574, -36.8223846571333], [175.079041319096, -36.8223846707836], [175.079041305187, -36.822384695362], [175.079039668269, -36.8223876730528], [175.079039661814, -36.8223876830801], [175.07903964905, -36.8223877085398], [175.079038073397, -36.8223907130993], [175.079037163327, -36.8223925036805], [175.079037158017, -36.822392514589], [175.079037146325, -36.8223925382273], [175.079033794363, -36.8223994593679], [175.079033781623, -36.8223994857284], [175.079033778456, -36.8223994929942], [175.079030558258, -36.8224064776249], [175.079030551924, -36.8224064921565], [175.079030541377, -36.8224065166761], [175.079027486826, -36.8224135326587], [175.079027480517, -36.8224135480912], [175.079027475256, -36.8224135608014], [175.079026585606, -36.8224156917173], [175.079026574036, -36.82241571986], [175.07902502208, -36.8224196000698], [175.079025010558, -36.8224196300142], [175.079025006393, -36.822419641804], [175.079023544253, -36.8224235682117], [175.079023536872, -36.8224235854655], [175.079023529637, -36.8224236081246], [175.079022161892, -36.8224275427955], [175.079022153561, -36.8224275663751], [175.079022149396, -36.8224275781648], [175.079020856704, -36.8224315520814], [175.079020849421, -36.8224315729388], [175.079020845377, -36.8224315892329], [175.079019778857, -36.8224350968258], [175.079019778905, -36.8224350986275], [175.079018009968, -36.822440861846], [175.079018006825, -36.8224408700126], [175.079017998544, -36.8224408953939], [175.079016131751, -36.8224466053446], [175.07901612247, -36.8224466352499], [175.079016117209, -36.8224466479601], [175.079014102405, -36.8224523568945], [175.079014102454, -36.8224523586963], [175.079013531443, -36.8224539189225], [175.079013517827, -36.8224539543115], [175.079013512614, -36.8224539688235], [175.079005402672, -36.8224743503029], [175.07900539327, -36.8224743757038], [175.079005386888, -36.8224743884337], [175.078996817073, -36.8224946788132], [175.078995159706, -36.8224984752428], [175.078986953339, -36.8225166610348], [175.078986952268, -36.8225166628562], [175.078986942695, -36.8225166819509], [175.078978360179, -36.8225347220018], [175.078978348511, -36.822534746541], [175.078974576978, -36.8225424032702], [175.078974577027, -36.822542405072], [175.078972457099, -36.8225467566819], [175.07897245291, -36.8225467675708], [175.078972441169, -36.8225467894074], [175.078970258975, -36.8225510772127], [175.078970249378, -36.8225510954066], [175.078970238709, -36.8225511154219], [175.078967948576, -36.8225553915956], [175.078967944313, -36.8225553997819], [175.078967929357, -36.8225554270825], [175.078965557154, -36.8225596533175], [175.078965548604, -36.8225596687892], [175.078965537911, -36.8225596879036], [175.07896355635, -36.8225630627864], [175.078963539177, -36.8225630910271], [175.078963532746, -36.8225631019552], [175.078963499276, -36.8225631494083], [175.078956387791, -36.8225728690509], [175.078956343433, -36.8225729284114], [175.078956331473, -36.8225729421401], [175.078956257274, -36.8225730173446], [175.078948649232, -36.8225803788547], [175.078948635006, -36.8225803917217], [175.078948619684, -36.8225804055093], [175.078948570356, -36.8225804469306], [175.078935364363, -36.8225909851994], [175.078922063802, -36.8226015918171], [175.078908466538, -36.8226124199352], [175.078894857236, -36.822623259078], [175.078894830928, -36.8226232811693], [175.078894825423, -36.8226232848708], [175.078888286366, -36.8226286385078], [175.078888277572, -36.8226286449707], [175.078888254577, -36.8226286652015], [175.078882238596, -36.8226337528183], [175.078873490836, -36.8226411721126], [175.078873465599, -36.8226411923826], [175.078873460142, -36.8226411978859], [175.078869988417, -36.822644067063], [175.07886997307, -36.8226440799496], [175.078869935751, -36.822644109444], [175.078864900087, -36.8226480550896], [175.078864879236, -36.8226480716778], [175.078864862744, -36.8226480836831], [175.078859716679, -36.8226519681685], [175.078859690273, -36.8226519866563], [175.0788596826, -36.8226519930996], [175.078855934385, -36.8226547535482], [175.07885166541, -36.8226579070593], [175.078851647798, -36.8226579190843], [175.078851633523, -36.8226579301496], [175.078847435241, -36.8226611274892], [175.078847407788, -36.8226611486993], [175.07884739461, -36.8226611588441], [175.078843259105, -36.8226644389066], [175.078841539926, -36.8226658272365], [175.078841514714, -36.8226658484074], [175.078841494983, -36.8226658649759], [175.078829823944, -36.8226757481795], [175.078829809693, -36.8226757601457], [175.078829799828, -36.82267576843], [175.078818275435, -36.8226857680393], [175.078805759485, -36.8226967845331], [175.078793363967, -36.8227077358282], [175.078793332202, -36.8227077634228], [175.078793301509, -36.8227077891961], [175.0787893924, -36.8227110256398], [175.078789373765, -36.8227110412879], [175.078789359515, -36.822711053254], [175.078785377349, -36.8227142414039], [175.078785357594, -36.8227142570715], [175.078785344439, -36.8227142681172], [175.078781284783, -36.8227174098531], [175.078781272725, -36.8227174199783], [175.078781248536, -36.8227174375261], [175.078779682625, -36.8227186068623], [175.078779593712, -36.8227186769162], [175.07877950821, -36.8227187487132], [175.078766826266, -36.8227300529174], [175.078766742054, -36.8227301310008], [175.078766662448, -36.8227302135102], [175.078765885818, -36.8227310526852], [175.078765857488, -36.8227310829236], [175.078765842263, -36.8227311003146]], [[175.078765842263, -36.8227311003146], [175.078764728938, -36.822732423068], [175.078764716978, -36.8227324367967], [175.078764705066, -36.8227324523271], [175.078763615639, -36.822733788182], [175.078763599367, -36.8227338082953], [175.078763586383, -36.822733825647], [175.078762539708, -36.8227351670634], [175.078762514764, -36.8227351981439], [175.078762506141, -36.8227352109129], [175.078761466726, -36.8227366134907], [175.078761465654, -36.8227366153121], [175.078761448334, -36.8227366381475], [175.078760454253, -36.8227380173999], [175.078760441294, -36.8227380356526], [175.078760424023, -36.8227380602898], [175.07875945876, -36.8227394687811], [175.078758833724, -36.8227403999414], [175.078752761284, -36.8227494092003], [175.078752754829, -36.8227494192275], [175.078752736462, -36.8227494447852], [175.078733258078, -36.8227771417495], [175.07871381147, -36.8228048120173], [175.078713794199, -36.8228048366545], [175.078713775808, -36.8228048613113], [175.078711840475, -36.822807459361], [175.078711814508, -36.8228074940646], [175.07871181234, -36.8228074968064], [175.078709773356, -36.8228101173988], [175.078709766852, -36.8228101256243], [175.078709745148, -36.8228101521416], [175.078707677369, -36.822812702936], [175.078707662193, -36.8228127221288], [175.078707657832, -36.8228127267116], [175.078705525256, -36.8228152858496], [175.078705512223, -36.8228153013997], [175.078705499167, -36.8228153160488], [175.078703282596, -36.8228178369986], [175.078702357688, -36.8228188725462], [175.078700285618, -36.8228212233267], [175.078700270393, -36.8228212407177], [175.078698229772, -36.8228236351118], [175.078698226532, -36.822823639675], [175.078698208068, -36.8228236616292], [175.078696246397, -36.82282603211], [175.078696229053, -36.8228260540446], [175.078696209517, -36.8228260778201], [175.07869432385, -36.8228284812211], [175.078694307602, -36.8228285022352], [175.078694300051, -36.8228285131829], [175.078692412679, -36.8228309779022], [175.078692406224, -36.8228309879294], [175.078692381329, -36.8228310208116], [175.078690577293, -36.8228334993956], [175.078690576222, -36.8228335012169], [175.078690419444, -36.8228337148633], [175.078690382735, -36.8228337668795], [175.078690351457, -36.8228338124916], [175.078686300421, -36.8228400076828], [175.078686282127, -36.8228400359431], [175.078686280008, -36.8228400404866], [175.078682343149, -36.8228463535539], [175.07868232812, -36.8228463781519], [175.078682322785, -36.8228463881595], [175.078678510041, -36.8228527720615], [175.078678508969, -36.8228527738829], [175.078678492917, -36.8228528021039], [175.0786761221, -36.8228569147451], [175.078673532171, -36.8228613818245], [175.07867351931, -36.8228614036807], [175.078673510711, -36.8228614173506], [175.078670827555, -36.8228658364887], [175.078670814693, -36.8228658583449], [175.078670802854, -36.822865876578], [175.078668011003, -36.8228702561572], [175.078668007763, -36.8228702607204], [175.078668002404, -36.8228702698271], [175.0786651335, -36.8228746192082], [175.078665121662, -36.8228746374413], [175.078665104391, -36.8228746620785], [175.078662122042, -36.8228789620694], [175.078662119898, -36.8228789657121], [175.078661943, -36.8228792229728], [175.078661927921, -36.822879245769], [175.078661911722, -36.8228792685849], [175.078651520949, -36.8228935448567], [175.078651498295, -36.8228935776997], [175.078651484264, -36.8228935977737], [175.07864907285, -36.8228971216733], [175.078649070731, -36.8228971262168], [175.07864905022, -36.8228971554172], [175.078646585555, -36.8229006171569], [175.078646575835, -36.8229006308464], [175.07864656178, -36.8229006500195], [175.07864402776, -36.8229040760187], [175.078644001769, -36.8229041098214], [175.078644000697, -36.8229041116427], [175.078641744616, -36.8229070370654], [175.078641682792, -36.8229071138559]], [[175.078641681696, -36.8229071147764], [175.078641588982, -36.8229071686733], [175.078634728937, -36.8229109776718], [175.078634522098, -36.8229110813336], [175.07863430035, -36.8229111726378], [175.078626756304, -36.822913940878], [175.078626633018, -36.8229139835927], [175.078626616307, -36.8229139874901], [175.07862652162, -36.822914009876], [175.078641681696, -36.8229071147764]], [[175.078641681696, -36.8229071147764], [175.078618217692, -36.8229157504017], [175.078618044346, -36.8229157660514], [175.078609723272, -36.8229162928234], [175.078609555285, -36.8229162993664], [175.078609464397, -36.8229162964494]], [[175.078609464397, -36.8229162964494], [175.078601010955, -36.8229156601529], [175.078600905305, -36.8229156502836], [175.07860087941, -36.82291564623], [175.078600833248, -36.8229156389256], [175.078597424289, -36.8229150279738], [175.078597379198, -36.8229150188481], [175.078597329601, -36.8229150088998], [175.07857521343, -36.8229103961502], [175.078553250267, -36.8229058032531], [175.078553216431, -36.8229057957331], [175.078553188246, -36.8229057899169], [175.078548627367, -36.8229047439511], [175.078548613847, -36.8229047414836], [175.078548586758, -36.8229047347469], [175.078544068703, -36.8229036141253], [175.078544032577, -36.8229036048428], [175.07853946446, -36.8229024156962], [175.078539459929, -36.8229024139728], [175.078539421537, -36.8229024038286], [175.078534976975, -36.822901181877], [175.078534930641, -36.8229011682664], [175.07853492499, -36.8229011665626], [175.078530442083, -36.8228998533486], [175.078530431901, -36.8228998499215], [175.078530404763, -36.822899841383], [175.078527672476, -36.8228990058888], [175.078522593987, -36.8228974750605], [175.07852258719, -36.8228974724755], [175.07852255216, -36.8228974622724], [175.078517497107, -36.8228960103487], [175.078517468873, -36.8228960027307], [175.078517445147, -36.8228959959352], [175.078512338329, -36.8228946197244], [175.078512319133, -36.8228946146523], [175.078512296552, -36.822894608738], [175.078507157799, -36.8228932952753], [175.078507137483, -36.8228932902228], [175.078507117167, -36.8228932851702], [175.078501934495, -36.8228920472833], [175.078501171803, -36.8228918686436], [175.078501110902, -36.8228918552877], [175.078501061281, -36.8228918444386], [175.078494762699, -36.8228905909149], [175.078494743527, -36.8228905867436], [175.078494719873, -36.8228905826508], [175.078488385264, -36.8228894063674], [175.078488353718, -36.8228894006099], [175.078488332305, -36.8228893964779], [175.078481944227, -36.8228883157658], [175.078481935214, -36.8228883141208], [175.078481894679, -36.8228883076192], [175.07847548329, -36.8228873183459], [175.078474526424, -36.8228871728445], [175.078466563832, -36.8228859493194], [175.078466523296, -36.8228859428178], [175.078466516524, -36.8228859411336], [175.078458557609, -36.822884604881], [175.07845854974, -36.8228846041172], [175.078458512567, -36.8228845975569], [175.07845064863, -36.8228831668087], [175.078450613698, -36.8228831602092], [175.078450595671, -36.8228831569192], [175.078448689954, -36.8228827891652], [175.078448668541, -36.8228827850331], [175.078448622305, -36.822882775026], [175.078427753559, -36.8228783143862], [175.078427740015, -36.8228783110179], [175.078427719723, -36.8228783068662], [175.07842260782, -36.8228771569671], [175.078406019054, -36.8228735534263], [175.078406011162, -36.8228735517617], [175.078405975084, -36.8228735442809], [175.078396242505, -36.822871541432], [175.078396210935, -36.8228715347736], [175.078396191788, -36.8228715315032], [175.07837867776, -36.8228682046143], [175.078378654106, -36.8228682005214], [175.0783786372, -36.8228681972118], [175.078370284213, -36.8228667155241], [175.078344315528, -36.8228623341338], [175.078344290753, -36.8228623300605], [175.078344246856, -36.8228623236177], [175.078336907936, -36.8228612369916], [175.078336885427, -36.82286123378], [175.078336866305, -36.8228612314105], [175.078329497691, -36.8228602489529], [175.07832946958, -36.8228602458393], [175.078329447071, -36.8228602426276], [175.078322065719, -36.8228593694498], [175.078322035366, -36.8228593663753], [175.078322022991, -36.8228593647891], [175.078317571867, -36.8228588946294], [175.078309284564, -36.8228579760035], [175.078309242957, -36.8228579713232], [175.078301050706, -36.8228569609046], [175.078301028197, -36.822856957693], [175.078301010195, -36.8228569553038], [175.07829283782, -36.8228558093418], [175.078292806298, -36.8228558044852], [175.078292802912, -36.8228558036431], [175.078291614212, -36.8228556252406], [175.078291564688, -36.8228556179949], [175.078291517381, -36.822855609809], [175.078287547413, -36.8228548986991], [175.078287530507, -36.8228548953895], [175.078287491068, -36.8228548879674], [175.078283556422, -36.8228541149512], [175.078283528238, -36.8228541091349], [175.078283512452, -36.8228541058057], [175.078279561631, -36.8228532735864], [175.078279536808, -36.8228532677113], [175.078279507502, -36.8228532619146], [175.078275587544, -36.8228523687682], [175.078275567252, -36.8228523646166], [175.078275545815, -36.8228523595836], [175.078271660545, -36.822851422568], [175.07827162895, -36.8228514150088], [175.078271621058, -36.8228514133442], [175.078267690307, -36.8228504113288], [175.078267647408, -36.822850400362], [175.078265837085, -36.8228499119652], [175.078262293733, -36.8228489743786], [175.078262290347, -36.8228489735365], [175.078262254221, -36.8228489642539], [175.0782587449, -36.8228480828542], [175.078258735863, -36.8228480803083], [175.07825871104, -36.8228480744332], [175.07825517317, -36.8228472566237], [175.078255148347, -36.8228472507486], [175.078255131441, -36.822847247439], [175.078251567775, -36.8228464706389], [175.078251549725, -36.8228464664481], [175.078251527167, -36.8228464614347], [175.078247960262, -36.8228457306575], [175.078247943356, -36.8228457273479], [175.078247907303, -36.8228457207679], [175.07824433521, -36.8228450468634], [175.078244314918, -36.8228450427117], [175.078244283371, -36.8228450369542], [175.07824066553, -36.8228444125197], [175.078238712922, -36.8228440933512], [175.078238672387, -36.8228440868495], [175.078238619501, -36.8228440796625], [175.07822635422, -36.82284244375], [175.078226306961, -36.8228424373659], [175.07822630472, -36.8228424374051], [175.078213923999, -36.822840968448], [175.078212646459, -36.822840821341], [175.078212629601, -36.8228408198332], [175.078212607117, -36.8228408175224], [175.078193651272, -36.8228388542487], [175.078193642283, -36.8228388535045], [175.078193617557, -36.8228388512329], [175.078186586241, -36.8228381945478], [175.078186572745, -36.8228381929812], [175.078186544658, -36.8228381907684], [175.078168494697, -36.8228367262946], [175.078168471116, -36.8228367249043], [175.078168459886, -36.8228367241993], [175.078160440965, -36.8228361532793], [175.078145186884, -36.8228350157603], [175.078145163304, -36.8228350143699], [175.078145145326, -36.8228350128817], [175.078134727278, -36.8228341107682], [175.078134680068, -36.8228341061859], [175.07813462499, -36.8228341008398], [175.078129913873, -36.8228335513977], [175.078129910486, -36.8228335505556], [175.078129866614, -36.8228335450136], [175.078125167213, -36.8228329313741], [175.078125162706, -36.8228329305516], [175.078125131184, -36.8228329256949], [175.07812044557, -36.8228322415126], [175.078120424182, -36.8228322382814], [175.078120400528, -36.8228322341885], [175.078115719932, -36.8228314868272], [175.078115695158, -36.8228314827539], [175.078115668118, -36.8228314778188], [175.078110975389, -36.8228306549601], [175.078109307941, -36.8228303506323], [175.078105207406, -36.8228296201679], [175.078105170233, -36.8228296136074], [175.07810516234, -36.8228296119428], [175.078101018031, -36.8228289209995], [175.078101005632, -36.8228289185124], [175.078100966217, -36.8228289119911], [175.078096869849, -36.8228282941161], [175.078096830459, -36.8228282884957], [175.078096816963, -36.8228282869291], [175.078092659306, -36.8228277242037], [175.078092644666, -36.8228277217557], [175.078092614289, -36.8228277177803], [175.078088462674, -36.8228272126324], [175.078088437924, -36.82282720946], [175.078088418801, -36.8228272070904], [175.078084245044, -36.8228267537037], [175.078084220318, -36.822826751432], [175.078084188845, -36.8228267483771], [175.078082760395, -36.8228266174267], [175.07808273679, -36.8228266151355], [175.078082698593, -36.8228266121981], [175.078074003925, -36.8228259683646], [175.078073975838, -36.8228259661518], [175.078073948896, -36.8228259648202], [175.07806521747, -36.82282545412], [175.07806519501, -36.8228254527101], [175.078065172575, -36.822825452201], [175.07805660027, -36.8228250630978], [175.078056585679, -36.8228250624516], [175.078056557616, -36.8228250611396], [175.078040787477, -36.8228245734549], [175.078040776247, -36.82282457275], [175.078040748208, -36.8228245723389], [175.078030566706, -36.8228243745037], [175.078030524075, -36.8228243734464], [175.078030511749, -36.8228243736619], [175.078015319362, -36.8228243148066], [175.078015277876, -36.8228243146306], [175.078004068236, -36.8228244033561], [175.077994629059, -36.8228244602261], [175.077994623456, -36.8228244603241], [175.077994576368, -36.822824460246], [175.077985236945, -36.822824391893], [175.077985189832, -36.8228243909141], [175.077985187591, -36.8228243909533], [175.077978099449, -36.8228242444845], [175.077978087123, -36.8228242447], [175.077978077014, -36.8228242439755], [175.077978068049, -36.8228242441322], [175.077968508164, -36.822823817309], [175.077968501441, -36.8228238174266], [175.077968458762, -36.8228238145675], [175.077958979434, -36.822823257449], [175.077958943503, -36.8228232553733], [175.077958934514, -36.8228232546291], [175.07795226278, -36.8228227944364], [175.077942518196, -36.8228221292913], [175.077942480023, -36.8228221272548], [175.077942469914, -36.8228221265302], [175.077932700946, -36.8228215961045], [175.077932689716, -36.8228215953995], [175.07793265493, -36.8228215942051], [175.07792594561, -36.8228213194348], [175.077925917547, -36.8228213181228], [175.077925899594, -36.8228213175353], [175.077899630712, -36.8228206330264], [175.077899602674, -36.8228206326153], [175.077899593709, -36.822820632772], [175.077873359519, -36.8228202360673], [175.077873324757, -36.8228202357737], [175.077873320274, -36.822820235852], [175.077847043675, -36.8228201364111], [175.077847034711, -36.8228201365678], [175.077846997708, -36.8228201363133], [175.077820783837, -36.8228203250878], [175.077820747979, -36.8228203257146], [175.077820714362, -36.8228203263023], [175.077813127841, -36.8228205301295], [175.077813095369, -36.8228205315984], [175.077813079681, -36.8228205318727], [175.077805470335, -36.8228208451559], [175.077805447924, -36.8228208455477], [175.077805424416, -36.8228208468599], [175.077797841209, -36.822821256125], [175.077797802038, -36.8228212586123], [175.077797794218, -36.8228212596503], [175.077794388953, -36.8228214895251], [175.077786594374, -36.8228219592665], [175.07778658765, -36.822821959384], [175.077786550721, -36.8228219618322], [175.077778816139, -36.8228223286772], [175.077778771341, -36.8228223303616], [175.077778764618, -36.8228223304791], [175.077770952985, -36.8228225842052], [175.077768769472, -36.8228226395003], [175.077768724674, -36.8228226411848], [175.077768680948, -36.8228226410478], [175.077762169604, -36.822822639507], [175.077762121396, -36.8228226394484], [175.077762112407, -36.8228226387043], [175.077755526399, -36.8228225294107], [175.077755518531, -36.822822528647], [175.077755475901, -36.8228225275896], [175.077748923606, -36.8228223383919], [175.077748918004, -36.8228223384898], [175.0777488877, -36.8228223372169], [175.077742553939, -36.8228220621802], [175.077733280772, -36.822821666378], [175.077733260578, -36.8228216658297], [175.077733248227, -36.8228216651443], [175.077723994428, -36.8228214050993], [175.077723980957, -36.8228214044335], [175.077723951798, -36.8228214040419], [175.077715673448, -36.8228212720542], [175.077715615155, -36.8228212721719], [175.077715564705, -36.8228212721525], [175.07770837245, -36.8228213798521], [175.077708364606, -36.8228213799892], [175.077708325386, -36.8228213806748], [175.077701168283, -36.8228215860013], [175.077701117882, -36.8228215877836], [175.077693871841, -36.8228219037219], [175.077693867359, -36.8228219038003], [175.077693831525, -36.8228219053279], [175.0776894388, -36.8228221434481], [175.077683648564, -36.8228224411479], [175.077683599308, -36.8228224438115], [175.077683593705, -36.8228224439095], [175.077677753116, -36.8228226622734], [175.077677748658, -36.8228226632526], [175.077677704956, -36.8228226640165], [175.077671910383, -36.8228228013599], [175.077671889093, -36.8228228017321], [175.077671862199, -36.8228228022022], [175.07766603966, -36.8228228589171], [175.077664132877, -36.8228228661104], [175.077664089151, -36.8228228659735], [175.0776640454, -36.8228228649357], [175.07765661059, -36.8228227091855], [175.077656594878, -36.8228227085588], [175.07765656796, -36.8228227081281], [175.077649134051, -36.8228224613302], [175.077649110495, -36.8228224608407], [175.077649079071, -36.8228224595874], [175.07764163415, -36.8228220958123], [175.077641631909, -36.8228220958515], [175.077641598219, -36.8228220937365], [175.077637671524, -36.8228218631433], [175.077637633352, -36.8228218611067], [175.077637615374, -36.8228218596183], [175.077625062247, -36.8228209794593], [175.077625056644, -36.8228209795572], [175.0776250117, -36.8228209758364], [175.077612527778, -36.8228199187124], [175.07761111185, -36.8228197947479], [175.077611066906, -36.822819791027], [175.077611035408, -36.822819787071], [175.077604009991, -36.8228190166842], [175.077603983, -36.8228190135508], [175.077603967239, -36.8228190111224], [175.077596917973, -36.8228181465153], [175.077596908984, -36.8228181457711], [175.077596875246, -36.8228181418543], [175.077589839889, -36.8228171697488], [175.077589803861, -36.8228171640695], [175.077585608692, -36.8228165406934], [175.077580597754, -36.8228158071969], [175.07758056063, -36.822815802438], [175.077580542628, -36.8228158000488], [175.077575469547, -36.8228151316307], [175.077575466186, -36.8228151316895], [175.077575421193, -36.8228151261668], [175.077570403922, -36.822814531581], [175.077570363435, -36.8228145268809], [175.077570348819, -36.8228145253338], [175.077565256179, -36.8228140041693], [175.077565248311, -36.8228140034055], [175.077565213476, -36.8228140004092], [175.077560136012, -36.8228135429717], [175.077559271985, -36.8228134724507], [175.07755922592, -36.8228134687494], [175.077559181024, -36.8228134668302], [175.07754973841, -36.8228129405828], [175.077549689008, -36.8228129378412], [175.077540285979, -36.8228125488002], [175.077540256796, -36.8228125475077], [175.077540253434, -36.8228125475665], [175.077532500605, -36.8228123225592], [175.077522460951, -36.8228120221565], [175.077522423924, -36.8228120210011], [175.077512372503, -36.8228115756936], [175.077512356791, -36.8228115750669], [175.07751233097, -36.8228115737156], [175.077506380174, -36.8228112405983], [175.077506348725, -36.822811238444], [175.077506308288, -36.8228112355457], [175.077482893941, -36.8228094402181], [175.077482891675, -36.8228094393564], [175.077480298377, -36.8228092242079], [175.077463254477, -36.8228078997697], [175.077453957951, -36.8228072619038], [175.077453943334, -36.8228072603566], [175.077453902921, -36.8228072583591], [175.07743085064, -36.8228060416376], [175.077428058979, -36.8228059119734], [175.077428033157, -36.8228059106221], [175.077428026434, -36.8228059107396], [175.077405833309, -36.8228050818785], [175.077405810873, -36.8228050813693], [175.077405795161, -36.8228050807426], [175.077402098329, -36.8228049759115], [175.077380975731, -36.8228045158947], [175.077380967863, -36.8228045151309], [175.077380935342, -36.822804514798], [175.077376468538, -36.8228044594756], [175.077363951907, -36.8228043898224], [175.077363931737, -36.822804390175], [175.077363899216, -36.8228043898421], [175.077351393328, -36.8228045101744], [175.077350757726, -36.8228045122703], [175.077350733073, -36.8228045127011], [175.077350682648, -36.8228045135824], [175.077324254822, -36.8228051647491], [175.077297863633, -36.8228059684908], [175.077271788369, -36.8228068469212], [175.077271765982, -36.8228068482137], [175.077271749173, -36.8228068485075], [175.07724938275, -36.8228078613011], [175.077245677269, -36.8228080585523]], [[175.077245677269, -36.8228080585523], [175.077245598952, -36.8228080644276], [175.077245480513, -36.8228080791157], [175.077221798474, -36.8228113095664], [175.077221753797, -36.822811315755], [175.077221729242, -36.8228113197893], [175.077221644518, -36.8228113374934], [175.077219067906, -36.8228119052787], [175.077219023352, -36.8228119159716], [175.07721902111, -36.8228119160108], [175.07720877203, -36.82281431864], [175.077208760898, -36.8228143215384], [175.077208723018, -36.8228143303122], [175.077198549648, -36.8228168794307], [175.077193817097, -36.8228181076928], [175.07719378482, -36.8228181163687], [175.077193763675, -36.822818122146], [175.077193755905, -36.8228181249857], [175.07719028786, -36.8228191427767], [175.077190258944, -36.8228191513937], [175.077190240041, -36.8228191571319], [175.077186763519, -36.8228202345568], [175.077186744615, -36.822820240295], [175.07718673129, -36.8228202450344], [175.077183279152, -36.8228213535786], [175.077183243611, -36.8228213659167], [175.077183213599, -36.8228213754542], [175.077179779244, -36.8228225611995], [175.07717974039, -36.822822575398], [175.07717639278, -36.822823776752], [175.077176355047, -36.822823790931], [175.077176348372, -36.8228237928502], [175.077172955453, -36.8228250598897], [175.077172929923, -36.8228250693488], [175.077172905515, -36.8228250787884], [175.07716954877, -36.8228263983723], [175.077169546553, -36.8228263993124], [175.077169532156, -36.8228264058731], [175.077167539332, -36.8228272113128], [175.077167448347, -36.8228272462511], [175.077167351711, -36.8228272794854], [175.077152751453, -36.8228320790031], [175.077152730333, -36.8228320856813], [175.077152681394, -36.8228321000561], [175.07715255991, -36.8228321265143], [175.077142936416, -36.8228340738634], [175.077142908524, -36.8228340788573], [175.077142881752, -36.8228340838317], [175.07714279352, -36.8228340961892], [175.077122009341, -36.8228366576844], [175.077101035323, -36.8228392053688], [175.077069243483, -36.8228430236565], [175.077037413687, -36.8228469309266], [175.077037398047, -36.8228469330025], [175.077037364528, -36.8228469371934], [175.077021788768, -36.8228490777775], [175.077021772033, -36.8228490807738], [175.077021749695, -36.8228490838681], [175.077010494535, -36.822850764994], [175.0769838658, -36.8228548084902], [175.076957934005, -36.8228585063203], [175.076931909541, -36.8228623013021], [175.076931881624, -36.8228623053951], [175.076931843671, -36.8228623114661], [175.076926747589, -36.8228631558064], [175.076926727516, -36.8228631597624], [175.076926714118, -36.8228631617991], [175.076921573993, -36.8228640772103], [175.076921547197, -36.8228640812838], [175.076921520449, -36.822864087159], [175.076916418276, -36.8228650794187], [175.07691640824, -36.8228650813967], [175.076916371456, -36.8228650892499], [175.076911313691, -36.8228661483311], [175.076911290281, -36.8228661532467], [175.07691127245, -36.8228661571635], [175.076906186353, -36.8228672879423], [175.076905649286, -36.8228674099897], [175.076905629238, -36.8228674148465], [175.07690560919, -36.8228674197034], [175.076890201303, -36.8228711256017], [175.076890191266, -36.8228711275797], [175.076890160085, -36.8228711353349], [175.076880103503, -36.8228736923001], [175.076863625107, -36.8228779008998], [175.076847169608, -36.8228821271231], [175.076810782415, -36.8228913793705], [175.076774526612, -36.8229004742871], [175.076774401816, -36.8229005026054], [175.076774300307, -36.8229005215038]], [[175.076774300307, -36.8229005215038], [175.076759799951, -36.8229028388458], [175.0767596458, -36.8229028595652], [175.076774300307, -36.8229005215038]], [[175.076774300307, -36.8229005215038], [175.076749490029, -36.8229032821675], [175.076749399288, -36.8229032846543], [175.076749306232, -36.8229032844776], [175.076745678383, -36.8229032433145], [175.076745653706, -36.8229032428444], [175.076745629029, -36.8229032423743], [175.076741906638, -36.8229031460809], [175.076741903277, -36.8229031461397], [175.076741870732, -36.8229031449057], [175.076738169096, -36.8229029869611], [175.076738157866, -36.822902986256], [175.076738126442, -36.8229029850025], [175.076734431432, -36.8229027818769], [175.076734419082, -36.8229027811914], [175.076734389898, -36.8229027798987], [175.076730730747, -36.8229025346866], [175.076730677959, -36.8229025311024], [175.076730671211, -36.822902530319], [175.076726966556, -36.8229022192055], [175.076726947458, -36.8229022177366], [175.076726924974, -36.8229022154256], [175.076723288746, -36.8229018643604], [175.076723242657, -36.8229018597579], [175.076723157178, -36.8229018495345], [175.076722972699, -36.82290182662], [175.076722908559, -36.8229018178264], [175.076722860228, -36.822901813263], [175.076702020022, -36.8228996906978], [175.07670200314, -36.8228996882888], [175.076701988524, -36.8228996867416], [175.076696200817, -36.8228990415877], [175.076671658664, -36.8228960860015], [175.076671623805, -36.822896082104], [175.076669566014, -36.8228958116151], [175.076669562628, -36.8228958107729], [175.076656371365, -36.8228940097149], [175.076656351097, -36.8228940064638], [175.076656327468, -36.8228940032715], [175.076643413157, -36.8228920793027], [175.076643268848, -36.8228920493771], [175.076643241784, -36.8228920435409], [175.076643238398, -36.8228920426988], [175.07664300744, -36.8228920007676], [175.076642988293, -36.8228919974969], [175.076629429856, -36.8228897603119], [175.076629390441, -36.8228897537902], [175.076629384814, -36.8228897529872], [175.076616940876, -36.8228875206638], [175.076616841706, -36.8228875016665], [175.076616767237, -36.8228874840403]], [[175.076616767237, -36.8228874840403], [175.0765946668, -36.8228817485243], [175.076594522199, -36.8228817077882], [175.076594390948, -36.8228816632137], [175.076588466011, -36.8228795080677], [175.076588328913, -36.8228794545823], [175.076588193862, -36.8228793938507], [175.076572508696, -36.8228719302136], [175.076572362024, -36.8228718543629], [175.076572218447, -36.8228717685438], [175.076563716272, -36.8228663010748], [175.076563588358, -36.8228662140807], [175.076563516131, -36.8228661549554]], [[175.076563516131, -36.8228661549554], [175.076553534627, -36.8228572640493], [175.076553455286, -36.8228571906274], [175.076563516131, -36.8228661549554]], [[175.076563516131, -36.8228661549554], [175.076550378862, -36.8228537013583], [175.076550341835, -36.8228536587427], [175.076550312823, -36.8228536222962], [175.076547331308, -36.8228499114512], [175.076547313891, -36.822849889223], [175.076544357541, -36.8228461139458], [175.076544341268, -36.8228460925989], [175.07654432502, -36.8228460721528], [175.076541482018, -36.8228422597445], [175.07654146806, -36.8228422410611], [175.076541462238, -36.8228422330511], [175.0765391457, -36.8228390261328], [175.076539061611, -36.8228389014196], [175.076538988605, -36.8228387720064], [175.076529493086, -36.8228204864512], [175.076529444392, -36.8228203854549], [175.076529402469, -36.8228202861428], [175.076528738139, -36.822818561842], [175.076528704571, -36.8228184813113], [175.076528670054, -36.8228184071063], [175.076523611036, -36.8228080557128], [175.076523512038, -36.822807877182], [175.076523391872, -36.8228077035276], [175.076516178516, -36.8227982378964], [175.076516101978, -36.8227981436956], [175.076516021055, -36.8227980531766], [175.076515021548, -36.822796993583], [175.076514913269, -36.8227968864172], [175.076514827206, -36.8227968131127]], [[175.076514827206, -36.8227968131127], [175.076489162759, -36.8227768479001], [175.076489068949, -36.8227767783362], [175.07648897302, -36.8227767133157], [175.076488340832, -36.8227763025511], [175.076488338542, -36.8227763007885], [175.076482687488, -36.8227727059798], [175.076482658963, -36.8227726875508], [175.076482644152, -36.8227726787966], [175.076476897873, -36.8227691694723], [175.076476891028, -36.8227691650854], [175.076476864817, -36.8227691493199], [175.076471089501, -36.8227657270276], [175.076471069015, -36.8227657156685], [175.076471047383, -36.8227657034283], [175.076465191411, -36.8227623663658], [175.076465159548, -36.8227623488964], [175.076465152727, -36.8227623454104], [175.076459202116, -36.8227590739934], [175.076459182774, -36.8227590635157], [175.076459161167, -36.8227590521762], [175.076459031523, -36.8227589841396], [175.076459007626, -36.8227589710376], [175.076458997371, -36.8227589649076], [175.076438578031, -36.8227478156161], [175.076436431949, -36.8227466426597]]]}, "properties": {"OBJECTID": 4711, "TRACKNAME": "Whakenewha Central Track", "CONDITIONSOFUSE": "Whakanewha Regional Park", "STATUS": "Open", "WEBLINK": "https://www.aucklandcouncil.govt.nz/en/parks-recreation/find-park-beach/park-detail/3422.html", "VALIDATIONSTATE": 3, "created_user": "AC_owner", "last_edited_user": "AC_owner", "last_edited_date": 1789875254325, "created_date": 1789875254325, "PARK_SAPSITEID": null, "TRACK_ID": null, "KAURIDIEBACK_TRACK": null, "KAURIDIEBACK_MITIGATED": null, "SegmentID": null, "GlobalID": "bb84a10a-afc7-4b67-9fa4-3615803e7e59", "Shape__Length": 1520.3232871387297, "_COUNCIL_TRACKNAME": "Whakenewha Central Track"}}, {"type": "Feature", "id": 11431, "geometry": {"type": "LineString", "coordinates": [[175.043615702501, -36.7955936833831], [175.043613977492, -36.7955726728385], [175.043613968309, -36.7955724116163], [175.043614320718, -36.7955475077536], [175.043614985867, -36.7955005930158], [175.043710503947, -36.795351640924], [175.043816203458, -36.7950702518019], [175.043977854084, -36.7948106308551], [175.044004692045, -36.7947881035727], [175.044185732194, -36.7946361404447], [175.044431631937, -36.7945391305041], [175.044704231961, -36.7944199726413], [175.044729489351, -36.7944098771189], [175.045153523696, -36.7942403938865], [175.045346529674, -36.7941077491861], [175.045421459768, -36.794019447609], [175.045519544395, -36.7939038588267], [175.04568123144, -36.793621769836], [175.045730669767, -36.7935290810574], [175.04580802249, -36.7933840604453], [175.045973016431, -36.7932528485349], [175.046207926746, -36.7930483400175], [175.046372587338, -36.7928808564532], [175.046380208814, -36.7928730596292], [175.046571758906, -36.7926771092616], [175.046770890134, -36.792473401195], [175.047003787789, -36.7922488085378], [175.047005024614, -36.7922476155399], [175.047141487967, -36.792113329464], [175.047308626278, -36.7919488565142], [175.047642472324, -36.7914925684731], [175.047675079255, -36.791415023275], [175.047684517374, -36.791388130562], [175.04768507157, -36.7913865536384], [175.047695877316, -36.7913557635381], [175.04770067193, -36.791342103621], [175.047701833322, -36.7913387938355], [175.047705416423, -36.7913285815661], [175.047705442435, -36.7913285063094], [175.047705478713, -36.7913283957247], [175.047719551415, -36.7912815808379], [175.047727611184, -36.7912257743836], [175.047730499917, -36.7911561047001], [175.047737572579, -36.7911102386743], [175.047741917385, -36.791051147831], [175.04775672867, -36.7909915432396], [175.047783778467, -36.7909524823406], [175.047820044673, -36.7909046804186], [175.047832461607, -36.790896233084]]}, "properties": {"OBJECTID": 11431, "TRACKNAME": "Wharf Rd Reserve Track", "CONDITIONSOFUSE": "Wharf Reserve - Waiheke", "STATUS": "Open", "WEBLINK": null, "VALIDATIONSTATE": 3, "created_user": "AC_owner", "last_edited_user": "AC_owner", "last_edited_date": 1789875254325, "created_date": 1789875254325, "PARK_SAPSITEID": null, "TRACK_ID": null, "KAURIDIEBACK_TRACK": null, "KAURIDIEBACK_MITIGATED": null, "SegmentID": null, "GlobalID": "7fa1ad35-fac8-4131-bd26-f4840b5e735b", "Shape__Length": 667.2211766704243, "_COUNCIL_TRACKNAME": "Wharf Rd Reserve Track"}}, {"type": "Feature", "id": 11986, "geometry": {"type": "LineString", "coordinates": [[175.043615702501, -36.7955936833831], [175.042055356242, -36.7972924350597], [175.041581960639, -36.7978699781025], [175.041637413161, -36.7980705877534], [175.04178828304, -36.7983249884162], [175.042004870638, -36.7992053387667], [175.042227374094, -36.7997586140803], [175.042794424673, -36.8005016255277], [175.042016880012, -36.8019763550031], [175.041994572186, -36.8022336115301], [175.042475020537, -36.8027122800754], [175.042533609533, -36.8027740626167], [175.042585278879, -36.802839716762], [175.042629635245, -36.8029087427473], [175.042666340968, -36.8029806151408], [175.042695116619, -36.8030547868421], [175.042715743131, -36.8031306932469], [175.042728063467, -36.8032077565442], [175.042731983818, -36.803285390115], [175.042730607817, -36.8033653797623], [175.042794334028, -36.8033642847546]]}, "properties": {"OBJECTID": 11986, "TRACKNAME": "Wharf Road roadside", "CONDITIONSOFUSE": "Ostend Domain", "STATUS": "Open", "WEBLINK": "https://www.aucklandcouncil.govt.nz/en/parks-recreation/find-park-beach/park-detail/17.html", "VALIDATIONSTATE": 3, "created_user": "AC_owner", "last_edited_user": "AC_owner", "last_edited_date": 1789875254325, "created_date": 1789875254325, "PARK_SAPSITEID": null, "TRACK_ID": null, "KAURIDIEBACK_TRACK": null, "KAURIDIEBACK_MITIGATED": null, "SegmentID": null, "GlobalID": "e9db55c4-b5d2-4658-bd86-08dbe7c5c508", "Shape__Length": 984.3075888025378, "_COUNCIL_TRACKNAME": "Wharf Road roadside"}}, {"type": "Feature", "id": 740, "geometry": {"type": "LineString", "coordinates": [[174.506812286437, -37.0426618327114], [174.506749697158, -37.0427423972377], [174.506703056593, -37.0428487901488], [174.506706247553, -37.0429931549284], [174.506640662166, -37.0431946465343], [174.506563646193, -37.0433321161621], [174.506517164685, -37.0434932369549], [174.506501239748, -37.043677981624], [174.506504792053, -37.0438383678086], [174.506506930479, -37.0439346138495], [174.506510471941, -37.0440950181919], [174.506562792213, -37.0441985587722], [174.506635506845, -37.0443178662942], [174.506689072107, -37.044477545101], [174.506691199392, -37.0445737822544], [174.506693858689, -37.0446940877051], [174.506625601508, -37.0447752739741], [174.506526447576, -37.0448168056364], [174.506427813858, -37.0448823876394], [174.506349902376, -37.0449797674271], [174.506301665546, -37.0450606722301], [174.506305206711, -37.0452210765577]]}, "properties": {"OBJECTID": 740, "TRACKNAME": "Whatipu Beach Track", "CONDITIONSOFUSE": "Waitakere South Regional Park", "STATUS": "Open", "WEBLINK": "https://www.aucklandcouncil.govt.nz/en/parks-recreation/find-park-beach/park-detail/212.html", "VALIDATIONSTATE": 3, "created_user": "AC_owner", "last_edited_user": "AC_owner", "last_edited_date": 1789875254325, "created_date": 1789875254325, "PARK_SAPSITEID": null, "TRACK_ID": null, "KAURIDIEBACK_TRACK": null, "KAURIDIEBACK_MITIGATED": null, "SegmentID": null, "GlobalID": "f4d6fcc2-3bee-400e-9cfa-2c3f1f746e5b", "Shape__Length": 306.37619872368083, "_COUNCIL_TRACKNAME": "Whatipu Beach Track"}}, {"type": "Feature", "id": 2514, "geometry": {"type": "LineString", "coordinates": [[174.508810646015, -37.0449668262315], [174.508813975895, -37.0449634939498], [174.508820636379, -37.0449551618802], [174.508828973676, -37.0449434915145], [174.508833961681, -37.0449284927037], [174.508838960203, -37.0449151612557], [174.508838966889, -37.0449001627125], [174.50883729803, -37.0448851584419], [174.508832300199, -37.0448718279585], [174.50882397394, -37.0448584947448], [174.508813972318, -37.0448451648137], [174.508807311638, -37.0448284934461], [174.50880063845, -37.0448151662443], [174.508793977051, -37.0448001623818], [174.508788968537, -37.0447851555218], [174.508780630508, -37.0447734989648], [174.508770639244, -37.0447618273814], [174.508757297979, -37.0447484948559], [174.508742303113, -37.0447368328314], [174.508728971469, -37.0447268261606], [174.50871730413, -37.0447168253605], [174.508705637698, -37.0447051660643], [174.508695636665, -37.0446901596046], [174.508682295426, -37.04467682707], [174.508668975948, -37.0446651617541], [174.508655633263, -37.0446551642287], [174.508642301645, -37.0446451575474], [174.508627306089, -37.0446351630135], [174.508608970698, -37.0446251568729], [174.508592310124, -37.0446168239667], [174.508572298829, -37.0446084976178], [174.508552297873, -37.0446018296175], [174.508532296191, -37.0445968291199], [174.508510640724, -37.0445934901071], [174.508490637762, -37.0445918336262], [174.508468969593, -37.0445918297613], [174.508447299961, -37.044595160905], [174.508425632702, -37.044593498537], [174.50840730639, -37.0445884947404], [174.508388969017, -37.0445835000951], [174.50837063, -37.0445818314483], [174.508353965612, -37.0445818270284], [174.508335636369, -37.044583493246], [174.508320626683, -37.0445801688405], [174.508307292917, -37.0445751646394], [174.508295635426, -37.0445684986656], [174.508278965862, -37.044555163338], [174.508268961253, -37.0445484943717], [174.508252300731, -37.0445401614165], [174.508220634225, -37.044520166508], [174.508210631838, -37.0445084950172], [174.508198966252, -37.0444951681618], [174.508182296721, -37.0444818328197], [174.508167302554, -37.0444684942011], [174.508157301099, -37.0444551642101], [174.508145633875, -37.0444451633507], [174.508138968945, -37.0444384969794], [174.508135632248, -37.0444318243464], [174.508130643595, -37.0444234962057], [174.508122294287, -37.0444118307303], [174.50811897123, -37.0444001644455], [174.508113972079, -37.0443901689403], [174.50810563384, -37.0443784943093], [174.508092304179, -37.0443651705725], [174.508083967426, -37.0443501609266], [174.508070628013, -37.0443335023169], [174.508060634693, -37.0443268331888], [174.508045625632, -37.0443218322292], [174.508012290352, -37.0443118274076], [174.507993963569, -37.0443085000626], [174.507977289482, -37.0443051607181], [174.50795897228, -37.0443051592267], [174.507938966994, -37.0443084961594], [174.507918972949, -37.0443118329459], [174.50790063475, -37.0443084967181], [174.507880633184, -37.0443034961078], [174.507862295912, -37.0442985013785], [174.5078456235, -37.0442918360131], [174.507825632438, -37.0442885027571], [174.507805629957, -37.0442851606293], [174.507780633823, -37.0442851718997], [174.507770635128, -37.0442901662823], [174.507753958811, -37.0442918294262], [174.507723969978, -37.0442918320378], [174.507708960196, -37.0442884985416], [174.507695627446, -37.0442818357739], [174.507680629658, -37.0442768346244], [174.507667296733, -37.0442701628421], [174.507655628852, -37.0442618294389], [174.507642297789, -37.0442518406626], [174.507627301332, -37.0442434954813], [174.507610630453, -37.0442334950685], [174.507593959579, -37.0442234946532], [174.507577298448, -37.0442168291062], [174.507563965721, -37.0442101663231], [174.507553971709, -37.0442051646577], [174.507540629249, -37.044195167001], [174.507528962145, -37.0441851660778], [174.507517295797, -37.0441734976465], [174.507505629452, -37.044161829214], [174.507495628153, -37.044148499163], [174.507480634349, -37.0441351694639], [174.507467292486, -37.0441234952802], [174.507453960717, -37.0441151739883], [174.507440626332, -37.0441118371932], [174.507427292703, -37.0441068328896], [174.507417299468, -37.0441001637052], [174.507407295172, -37.0440935036739], [174.507397301941, -37.0440868344876], [174.507383958011, -37.0440801718261], [174.507368960282, -37.0440751706357], [174.507360621435, -37.0440651634554], [174.507353958876, -37.0440534945163], [174.507348960604, -37.0440418314686], [174.507343963091, -37.0440285009136], [174.507340629687, -37.0440151672391], [174.507338960569, -37.0440018394564], [174.507332288291, -37.0439868356446], [174.507323962393, -37.0439735023156], [174.507310620583, -37.0439618281127], [174.507290621595, -37.0439518338898], [174.507272297202, -37.0439435039093], [174.507250632423, -37.0439368388005], [174.5072322951, -37.0439318349594], [174.507220628077, -37.0439218340036], [174.507212290964, -37.0439085008089], [174.507207304726, -37.0438951701043], [174.507200621241, -37.0438801664269], [174.507190620793, -37.0438651688404], [174.507178954546, -37.043853500373], [174.50717062793, -37.0438418345391], [174.507165630462, -37.0438285039752], [174.507162287378, -37.0438118354229], [174.507162294403, -37.0437968368698], [174.50716396629, -37.0437801676928], [174.507167301518, -37.0437651629062], [174.507168962162, -37.0437484938719], [174.507168970125, -37.0437318368227], [174.507163950942, -37.0437168390368], [174.507155625688, -37.0437018291757], [174.507142296311, -37.0436885053242], [174.507127290479, -37.0436768342148], [174.507112295132, -37.0436668304678], [174.507102303685, -37.0436568352512], [174.507092288818, -37.0436484988153], [174.507082297376, -37.0436385035969], [174.507070628893, -37.0436318376389], [174.507060625274, -37.0436235010574], [174.507053962037, -37.043613499606], [174.507045623462, -37.0436035014119], [174.507037296895, -37.0435918355671], [174.507028959852, -37.0435785023572], [174.507018959479, -37.0435635047539], [174.507010623028, -37.043548495024], [174.507005624845, -37.0435368319589], [174.507005630373, -37.0435251684191], [174.507007291228, -37.043508508397], [174.507013954847, -37.0434935063961], [174.50701895419, -37.0434784984981], [174.507022290378, -37.0434618352184], [174.507023962291, -37.0434451660419], [174.507028961808, -37.0434301671548], [174.507030632191, -37.0434168329928], [174.507033955606, -37.0434035048702], [174.507035616274, -37.0433868358364], [174.50703562409, -37.0433701697744], [174.507037284757, -37.0433535007404], [174.507038957429, -37.0433351640563], [174.507042293608, -37.0433185007758], [174.507045618365, -37.0433018286269], [174.507048956831, -37.0432801628243], [174.507048961591, -37.0432701667914], [174.507038957652, -37.0432384942575], [174.507030620828, -37.0432251700573], [174.507023948683, -37.0432101662234], [174.507017287961, -37.0431951712574], [174.507012292094, -37.0431785056693], [174.507008959555, -37.043163504474], [174.507005626839, -37.0431484942674], [174.507002283239, -37.0431335022259], [174.50699896271, -37.04311683338], [174.506993954847, -37.0431018354409], [174.50698729414, -37.0430868404727], [174.506980622017, -37.0430718366355], [174.506973960372, -37.0430585001625], [174.506968962051, -37.0430468280829], [174.506963953433, -37.0430334976496], [174.506960620145, -37.0430201639598], [174.506957297511, -37.0430085066457], [174.506955616125, -37.0429968284812], [174.506952283018, -37.0429835038022], [174.506950625239, -37.042970175867], [174.506945627693, -37.0429568362785], [174.506942282992, -37.0429434937194], [174.50693894989, -37.0429301690399], [174.506935627853, -37.0429168352061], [174.506928954989, -37.0429034988726], [174.506917279992, -37.0428868279936], [174.50691061702, -37.0428768355423], [174.506897285944, -37.0428668286499], [174.506870625694, -37.0428434978678], [174.506860623916, -37.0428318352616], [174.506852286224, -37.0428201695426], [174.506843959775, -37.0428085036802], [174.506837287706, -37.0427934998331], [174.506832290371, -37.04278016925], [174.506827281796, -37.0427668388095], [174.506827287178, -37.0427551662563], [174.506827293506, -37.0427418352068], [174.506827289362, -37.0427268367924], [174.506825621908, -37.0427101739818], [174.506822289429, -37.0426951727789], [174.506818957542, -37.042678495057], [174.506812286437, -37.0426618327114]]}, "properties": {"OBJECTID": 2514, "TRACKNAME": "Whatipu Beach Track", "CONDITIONSOFUSE": "Waitakere South Regional Park", "STATUS": "Open", "WEBLINK": "https://www.aucklandcouncil.govt.nz/en/parks-recreation/find-park-beach/park-detail/212.html", "VALIDATIONSTATE": 3, "created_user": "AC_owner", "last_edited_user": "AC_owner", "last_edited_date": 1789875254325, "created_date": 1789875254325, "PARK_SAPSITEID": null, "TRACK_ID": null, "KAURIDIEBACK_TRACK": null, "KAURIDIEBACK_MITIGATED": null, "SegmentID": null, "GlobalID": "7bf59d13-ea1b-4d89-9b9e-4f06f0b68e0a", "Shape__Length": 355.00718190940864, "_COUNCIL_TRACKNAME": "Whatipu Beach Track"}}, {"type": "Feature", "id": 3101, "geometry": {"type": "LineString", "coordinates": [[174.506812286437, -37.0426618327114], [174.506802287001, -37.0426451675763], [174.506795615725, -37.0426284962183], [174.506790619179, -37.0426134981251], [174.506787287659, -37.0425968384243], [174.506785619448, -37.0425818431202], [174.506782286805, -37.0425668329043], [174.506777279794, -37.0425501674453], [174.506772283257, -37.0425351693509], [174.506768950027, -37.0425218356534], [174.506767281821, -37.0425068403487], [174.50676561249, -37.0424934945292], [174.50676561806, -37.0424818309866], [174.506763949086, -37.0424685031895], [174.506762279934, -37.042455166381], [174.506757283407, -37.0424401682855], [174.506748948858, -37.0424218325264], [174.506738949469, -37.0424051673843], [174.506728948543, -37.0423918372567], [174.506717294611, -37.0423785010838], [174.506703953357, -37.0423668358127], [174.506693950898, -37.0423568406973], [174.506688953441, -37.0423435010948], [174.506685619463, -37.0423318349018], [174.506682285486, -37.0423201687086], [174.506680615758, -37.0423085084173], [174.506678957867, -37.0422951714642], [174.506673948403, -37.0422834995113], [174.506668951133, -37.0422701689189], [174.506665619479, -37.0422535002016], [174.506662276764, -37.0422368406381], [174.506658957127, -37.0422185042698], [174.506655614059, -37.0422018266836], [174.506650618522, -37.0421851700855], [174.506645622037, -37.0421701719838], [174.506640624779, -37.0421568413896], [174.506633939845, -37.0421451636746], [174.506627277573, -37.0421334946848], [174.506622280322, -37.0421201640896], [174.506618946365, -37.0421084978938], [174.506615613182, -37.04209516419], [174.506608952644, -37.0420801691944], [174.506600616624, -37.0420651684379], [174.506593955914, -37.04205016443], [174.506587283368, -37.0420368370835], [174.506577283293, -37.0420218394327], [174.506570610575, -37.0420085030739], [174.506558944715, -37.0419968345335], [174.506548954342, -37.0419851717531], [174.506543945695, -37.0419718322853], [174.506537283453, -37.0419601632895], [174.506533949517, -37.0419484970905], [174.506528950743, -37.0419385015063], [174.506525616809, -37.0419268353071], [174.506522283652, -37.0419135015997], [174.506517275193, -37.0419001711417], [174.506512278754, -37.0418851730327], [174.506507283093, -37.0418685074153], [174.506498958181, -37.0418534974961], [174.506492275983, -37.0418368352699], [174.506483951255, -37.0418218343606], [174.506475614512, -37.0418085011015], [174.50646727855, -37.0417935003336], [174.506458952277, -37.0417818344384], [174.50645394366, -37.0417684949657], [174.506450610702, -37.0417551702668], [174.506448942581, -37.041740174954], [174.506450614595, -37.041723505779], [174.506453950666, -37.0417068334982], [174.506458950971, -37.0416901671228], [174.506460611142, -37.0416751746097], [174.506465610488, -37.0416601667308], [174.506468946731, -37.0416435034608], [174.506470617185, -37.0416301693016], [174.506473939675, -37.0416184996872], [174.506478938416, -37.041605168327], [174.506485623693, -37.0415918335751], [174.506493940253, -37.041576837648], [174.50650061506, -37.04156183553], [174.506507278624, -37.0415468335543], [174.506513942185, -37.0415318315783], [174.506520605743, -37.041516829602], [174.506523941193, -37.0415018338386], [174.506527286152, -37.0414901639372], [174.506530620824, -37.0414768356817], [174.506535619368, -37.0414634953081], [174.50653894202, -37.0414518347031], [174.506545615256, -37.0414401675988], [174.506552278025, -37.0414268331289], [174.506560606572, -37.0414101695466], [174.5065656179, -37.0413934940128], [174.50657394644, -37.0413768304297], [174.506578935637, -37.0413601732034], [174.506582282132, -37.0413451682843], [174.506585605369, -37.0413318311588], [174.5065889408, -37.0413168353936], [174.506590611227, -37.0413035012325], [174.506588941363, -37.041291831926], [174.506583954645, -37.0412801686913], [174.506575617947, -37.0412668354371], [174.506565617981, -37.0412518377812], [174.506557271422, -37.0412351606407], [174.50654894693, -37.0412201687445], [174.506542285533, -37.041206832238], [174.506535602611, -37.0411918375195], [174.506528941995, -37.0411768335038], [174.506525620116, -37.0411634996515], [174.506522274979, -37.0411518335926], [174.506522280594, -37.0411401700466], [174.506523939013, -37.0411285035369], [174.506528949733, -37.0411135045236], [174.506535613255, -37.0410985025463], [174.506543951283, -37.0410851648273], [174.506557281795, -37.0410718358099], [174.506570612124, -37.0410584977797], [174.506585605894, -37.0410468331603], [174.506600610901, -37.0410351683963], [174.506613952457, -37.0410218302187], [174.506627280622, -37.0410135037182], [174.506640608606, -37.0410051682051], [174.506655601403, -37.0409951620741], [174.50667061763, -37.0409834971589], [174.506683948102, -37.0409701681278], [174.506695615123, -37.0409551656847], [174.506703953286, -37.0409418369664], [174.506712269559, -37.0409268320138], [174.506720607715, -37.0409135032944], [174.506728944919, -37.0409018330714], [174.50673560684, -37.0408901660999], [174.506743944038, -37.0408784958759], [174.506750605955, -37.0408668289036], [174.50675560478, -37.0408535065436], [174.506760603248, -37.0408401661609], [174.506765602485, -37.0408251582699], [174.506770613318, -37.0408101682584], [174.506773938045, -37.0407934961114], [174.506773126155, -37.0407810912228], [174.50677349331, -37.0407620085752], [174.506772974899, -37.0407357813547], [174.506775005637, -37.0406880596984], [174.506789064623, -37.0406467425817], [174.50681491285, -37.0405999099723], [174.506848102738, -37.0405482141518], [174.506877220972, -37.0405162456239], [174.506891384809, -37.0404802938037], [174.506901619121, -37.0404336595187], [174.506913387744, -37.0403893907154], [174.506931292497, -37.0403545829537], [174.506958992999, -37.0403262089746], [174.506986252286, -37.0402981542642], [174.506995121703, -37.0402726874998], [174.507001685665, -37.0402284848067], [174.507000012441, -37.0401438449127], [174.50699326275, -37.0400707563196], [174.506980752573, -37.0400399123933], [174.506983821206, -37.0400446433572]]}, "properties": {"OBJECTID": 3101, "TRACKNAME": "Whatipu Beach Track", "CONDITIONSOFUSE": "Waitakere South Regional Park", "STATUS": "Open", "WEBLINK": "https://www.aucklandcouncil.govt.nz/en/parks-recreation/find-park-beach/park-detail/212.html", "VALIDATIONSTATE": 3, "created_user": "AC_owner", "last_edited_user": "AC_owner", "last_edited_date": 1789875254325, "created_date": 1789875254325, "PARK_SAPSITEID": null, "TRACK_ID": null, "KAURIDIEBACK_TRACK": null, "KAURIDIEBACK_MITIGATED": null, "SegmentID": null, "GlobalID": "d5d0fb07-6fb2-403d-931e-6dd69c666d9b", "Shape__Length": 313.0244948183686, "_COUNCIL_TRACKNAME": "Whatipu Beach Track"}}, {"type": "Feature", "id": 1903, "geometry": {"type": "LineString", "coordinates": [[174.504471560627, -37.0394839424382], [174.504159121974, -37.0395894597482], [174.504091156572, -37.0397565847158], [174.504061447523, -37.0398014520848], [174.503924050646, -37.0398881824533], [174.503763620822, -37.0399660919887], [174.50368512103, -37.04002730633], [174.50344062431, -37.0403271751028], [174.503284828573, -37.0404525625135], [174.502950840527, -37.0407741962675], [174.502767287455, -37.0409842831017], [174.502707988915, -37.0410248830241], [174.502640836929, -37.0410566680389], [174.502387649484, -37.0411510015433], [174.502303153643, -37.0411705313333], [174.502009650318, -37.0412109510384], [174.501672844662, -37.0412261846273], [174.501313649378, -37.0412641172282], [174.500920429623, -37.0412432424618], [174.500767990668, -37.041175064055], [174.500705950398, -37.0411621303775], [174.50042243469, -37.0411450488075], [174.50026651761, -37.041165201088], [174.500192924104, -37.0411485464609], [174.499950079437, -37.0410475383603], [174.499669783576, -37.0408763192606], [174.499640116011, -37.0408674374428], [174.499542787777, -37.0408588250656], [174.499485843894, -37.040835154321], [174.499269043597, -37.0407136433387], [174.499152351133, -37.0406134276748], [174.499128732476, -37.0405650712137], [174.499065067312, -37.0403471087755], [174.499038160913, -37.0402121739686], [174.499057531944, -37.0401566042285], [174.49915016868, -37.040023899332], [174.499160209815, -37.0399810393626], [174.499127562473, -37.0399555471077], [174.498847515288, -37.0398321305193], [174.498710279067, -37.0397603411944], [174.498675283499, -37.0397171939619], [174.498547784498, -37.0394903841587], [174.498373189576, -37.0393792897142], [174.498357153794, -37.0393156765671], [174.498349290309, -37.0391055175908], [174.498308910515, -37.0390052114299], [174.498246946731, -37.0389285499091], [174.498135119907, -37.0386992432224], [174.498125407568, -37.0386472857749], [174.498125901318, -37.0385488248865], [174.498097956239, -37.0384101172457], [174.498082401436, -37.0383749626633], [174.498053262823, -37.0383683361468], [174.497939562988, -37.0383904038659], [174.497875027356, -37.038387667433], [174.497703768176, -37.038347177788], [174.497596152818, -37.0382863431376], [174.497362643586, -37.0380549122828], [174.497139286193, -37.0378823282853], [174.496948100621, -37.0377614450455], [174.496840581711, -37.0376785343614], [174.496736888337, -37.0374376854669], [174.496697873453, -37.0372486774469], [174.496676879714, -37.037213050475], [174.496495598512, -37.0371355227389], [174.496332897869, -37.0370966897557], [174.496224363717, -37.0370221197888], [174.496193168733, -37.0370206744781], [174.496170838083, -37.0370314929264]]}, "properties": {"OBJECTID": 1903, "TRACKNAME": "Whatipu Caves Track", "CONDITIONSOFUSE": "Waitakere South Regional Park", "STATUS": "Open", "WEBLINK": "https://www.aucklandcouncil.govt.nz/en/parks-recreation/find-park-beach/park-detail/212.html", "VALIDATIONSTATE": 3, "created_user": "AC_owner", "last_edited_user": "AC_owner", "last_edited_date": 1789875254325, "created_date": 1789875254325, "PARK_SAPSITEID": null, "TRACK_ID": null, "KAURIDIEBACK_TRACK": null, "KAURIDIEBACK_MITIGATED": null, "SegmentID": null, "GlobalID": "07bd4231-6f5d-40d3-8782-9903201afddb", "Shape__Length": 1118.2090855004649, "_COUNCIL_TRACKNAME": "Whatipu Caves Track"}}, {"type": "Feature", "id": 3052, "geometry": {"type": "LineString", "coordinates": [[174.502766746886, -36.8794736067807], [174.502773389241, -36.8794810492391], [174.502779868019, -36.8794881602578], [174.502786172178, -36.8794949489901], [174.502792312937, -36.8795014152942], [174.502798279077, -36.8795075593121], [174.50280408164, -36.8795133718903], [174.502809720978, -36.879518871052], [174.502815174304, -36.8795240390579], [174.502820475445, -36.8795288844938], [174.502825601968, -36.8795334076436], [174.502830639458, -36.8795379679742], [174.502835650891, -36.8795429162249], [174.502840647484, -36.8795482522538], [174.502845618197, -36.8795539852143], [174.502850574071, -36.879560105953], [174.502855515105, -36.8795666144699], [174.502860430259, -36.8795735199183], [174.502865319356, -36.8795808132869], [174.502870205007, -36.8795885033033], [174.502875064603, -36.8795965812397], [174.502879898142, -36.8796050470962], [174.502884717018, -36.8796139097425], [174.502889521055, -36.8796231601669], [174.502894299213, -36.8796328075229], [174.502899062532, -36.8796428426571], [174.502903811012, -36.8796532655695], [174.502908533613, -36.8796640854134], [174.502913230158, -36.8796752931774], [174.502917923082, -36.8796868885777], [174.502922578909, -36.8796988810515], [174.502927285082, -36.8797111523141], [174.50293220227, -36.8797233127424], [174.502937363064, -36.8797353078417], [174.5029427566, -36.8797471557769], [174.502948405136, -36.8797588472526], [174.502954286239, -36.8797703825526], [174.502960399907, -36.8797817616768], [174.502966768576, -36.8797929843415], [174.502973369988, -36.8798040598419], [174.502980203789, -36.8798149701549], [174.502987292768, -36.8798257330197], [174.502994614313, -36.8798363397085], [174.503002179641, -36.8798467900795], [174.503009977536, -36.8798570842745], [174.503018019214, -36.8798672221514], [174.503026304676, -36.8798772037104], [174.503034834099, -36.8798870379627], [174.503043595911, -36.8798967070274], [174.503052601684, -36.8799062287853], [174.503061851241, -36.879915594225], [174.503071322677, -36.8799248306647], [174.50308065712, -36.8799345195236], [174.503089724377, -36.879944887792], [174.503098524448, -36.87995593547], [174.503107046293, -36.8799676717112], [174.503115300774, -36.8799800783507], [174.503123288247, -36.8799931734114], [174.503131008535, -36.8800069478821], [174.503138450419, -36.8800214019045], [174.503145625118, -36.8800365353369], [174.503152532631, -36.8800523481792], [174.503159173136, -36.8800688494432], [174.503165535062, -36.8800860212475], [174.503171629978, -36.8801038814736], [174.503177446492, -36.8801224212516], [174.503183007038, -36.8801416402979], [174.503188289358, -36.8801615479079], [174.503193304316, -36.8801821259166], [174.503198041047, -36.880203392489], [174.503202510416, -36.8802253294602], [174.503206712776, -36.8802479548532], [174.503210760037, -36.8802706813594], [174.503214825583, -36.8802926234389], [174.503218909237, -36.8803137720804], [174.503223022217, -36.8803341271417], [174.503227153306, -36.880353688765], [174.503231302503, -36.8803724569502], [174.503235469807, -36.8803904316972], [174.503239666614, -36.8804076218758], [174.503243870311, -36.8804240187582], [174.503248103156, -36.8804396130492], [174.503252365503, -36.8804544227716], [174.50325663474, -36.8804684391979], [174.503260933478, -36.8804816710558], [174.503265261364, -36.8804941003221], [174.50326959614, -36.8805057362924], [174.503273960416, -36.8805165876942], [174.503278342799, -36.8805266456579], [174.503282743289, -36.8805359101837], [174.503287161884, -36.8805443812714], [174.503291609804, -36.8805520587792], [174.503296022038, -36.8805590607081], [174.503300154011, -36.8805660751967], [174.503303928965, -36.8805731933533], [174.503307380554, -36.8805804147524], [174.503310486342, -36.8805877396778], [174.503313257723, -36.8805951769991], [174.50331568348, -36.8806027268583], [174.503317774476, -36.8806103710903], [174.503319531066, -36.8806181277184], [174.503320953248, -36.8806259967424], [174.50332202963, -36.8806339692928], [174.503322771427, -36.8806420452278], [174.50332317864, -36.8806502245472], [174.503323240228, -36.8806585164046], [174.503322967232, -36.8806669116465], [174.503322348611, -36.8806754194264], [174.503321406623, -36.8806840304488], [174.503320118832, -36.8806927449977], [174.503318496634, -36.8807015719426], [174.503316528633, -36.8807105024139], [174.503314237265, -36.8807195361277], [174.503312001984, -36.8807285691319], [174.503310079383, -36.8807375260698], [174.503308435807, -36.8807464073675], [174.50330709387, -36.8807552217523], [174.503306053395, -36.880763960213], [174.50330530334, -36.8807726319029], [174.503304854747, -36.8807812276686], [174.503304696575, -36.8807897566635], [174.503304839689, -36.8807982007227], [174.503305284618, -36.8808065868807], [174.503306008574, -36.8808148973984], [174.503307045211, -36.88082313185], [174.503308372092, -36.8808312905192], [174.503309989394, -36.8808393824176], [174.503311908336, -36.8808474074033], [174.503314128741, -36.8808553564647], [174.503316639391, -36.8808632297438], [174.503319440463, -36.880871036252], [174.503322542997, -36.8808787668358], [174.503325946995, -36.8808864214953], [174.50332957464, -36.88089403727], [174.503333303067, -36.8809016427556], [174.503337110018, -36.8809092472475], [174.503340995493, -36.8809168507457], [174.503344981928, -36.8809244529664], [174.503349035669, -36.8809320543352], [174.50335319037, -36.8809396544264], [174.503357423595, -36.8809472535239], [174.503361735345, -36.8809548516276], [174.503366136836, -36.8809624485956], [174.50337062807, -36.880970044428], [174.503375197828, -36.8809776392665], [174.503379857328, -36.8809852329693], [174.503384595528, -36.8809928346898], [174.503389423295, -36.8810004262631], [174.503394340803, -36.8810080167006], [174.503399336836, -36.8810156061442], [174.503404422611, -36.8810231944521], [174.503409586911, -36.8810307817661], [174.503414840953, -36.8810383679443], [174.503420163008, -36.8810459893166], [174.503425435515, -36.8810539448238], [174.503430637626, -36.8810623158532], [174.503435757949, -36.8810710935355], [174.503440796661, -36.881080286882], [174.503445764801, -36.8810898867393], [174.503450662547, -36.881099902119], [174.503455467287, -36.8811103242933], [174.50346021285, -36.8811211618481], [174.503464865408, -36.8811324061976], [174.503469447395, -36.881144057058], [174.503473958988, -36.8811561234407], [174.503478388969, -36.8811686054878], [174.503482737162, -36.8811814941876], [174.503487014785, -36.8811947893984], [174.503491210797, -36.8812085002734], [174.503495325197, -36.8812226268128], [174.503499369026, -36.8812371598631], [174.503503342285, -36.8812520994242], [174.503507233933, -36.8812674546498], [174.503511043793, -36.8812832165281], [174.503514673112, -36.8812989266086], [174.503518024019, -36.8813141714978], [174.503521096867, -36.881328969219], [174.503523880085, -36.881343301891], [174.503526396109, -36.8813571692299], [174.503528634074, -36.8813705894008], [174.503530593626, -36.8813835443806], [174.503532274941, -36.8813960431809], [174.50353367802, -36.8814080858018], [174.503534802686, -36.8814196632316], [174.503535649292, -36.8814307934935], [174.503536217485, -36.8814414585644], [174.503536507263, -36.8814516584443], [174.503536518981, -36.8814614111564], [174.503536252286, -36.8814706986775], [174.503535707352, -36.8814795300191], [174.503534884182, -36.8814879051813], [174.503533782597, -36.8814958151526], [174.503532402775, -36.8815032689444], [174.503530744715, -36.8815102665568], [174.503528900633, -36.8815169330151], [174.503527125977, -36.8815237067596], [174.503525454755, -36.8815306053874], [174.503523887142, -36.88153763791], [174.503522422963, -36.881544795316], [174.503521062393, -36.8815520866168], [174.503519794216, -36.8815595119544], [174.503518640866, -36.881567071045], [174.503517579732, -36.8815747551608], [174.503516622208, -36.8815825731715], [174.503515768294, -36.881590525077], [174.50351501799, -36.8815986108774], [174.503514359901, -36.8816068217031], [174.503513816641, -36.8816151662817], [174.503513365596, -36.8816236358856], [174.503513018338, -36.8816322483959], [174.503512774513, -36.8816409857895], [174.503512622904, -36.8816498482084], [174.5035125863, -36.8816588533918], [174.503512641912, -36.8816679836004], [174.503512823216, -36.881677229397], [174.503513359601, -36.8816862723981], [174.503514361122, -36.8816950030461], [174.50351581674, -36.8817034304944], [174.50351771506, -36.8817115458735], [174.503520078517, -36.8817193488996], [174.503522884677, -36.8817268398563], [174.503526156151, -36.8817340274714], [174.503529870327, -36.8817409030171], [174.503534038424, -36.8817474663516], [174.503538671658, -36.8817537173326], [174.503543747772, -36.8817596652558], [174.503549277806, -36.8817653009674], [174.503555261761, -36.8817706244675], [174.503561710853, -36.8817756356141], [174.503568602825, -36.8817803437024], [174.503575948717, -36.8817847395789], [174.50358374853, -36.8817888232437], [174.50359200244, -36.8817926037079], [174.503600710093, -36.8817960629487], [174.503609871843, -36.8817992189888], [174.503619411287, -36.8818021809599], [174.503629219074, -36.8818050944655], [174.503639295204, -36.8818079595056], [174.503649639677, -36.8818107760801], [174.503660252494, -36.8818135441889], [174.503671145048, -36.8818162727015], [174.503682294551, -36.8818189438787], [174.503693723792, -36.8818215754595], [174.503705410159, -36.8818241587164], [174.503717376087, -36.8818266933652], [174.503729610534, -36.8818291885594], [174.503742113149, -36.8818316262758], [174.503754884283, -36.8818340245374], [174.503767923761, -36.8818363743326], [174.503781231582, -36.8818386756614], [174.503794807746, -36.8818409285235], [174.50380865243, -36.8818431419305], [174.503822776676, -36.8818453067288], [174.503837169088, -36.8818474140487], [174.503851818802, -36.8818494820551], [174.503866725112, -36.881851474702], [174.503881750045, -36.8818532224747], [174.503896870813, -36.8818547076341], [174.503912098633, -36.8818559300384], [174.503927422287, -36.8818568898293], [174.503942852993, -36.8818575868649], [174.503958390927, -36.8818580301566], [174.503974035737, -36.8818582016815], [174.503989776557, -36.8818581196043], [174.504005613033, -36.8818577659023], [174.504021567955, -36.8818571583142], [174.50403761871, -36.8818562881125], [174.504053776339, -36.8818551461438], [174.504070029978, -36.8818537505729], [174.504086390667, -36.8818520922464], [174.504102858406, -36.8818501711641], [174.504119421978, -36.8818479874682], [174.504136092776, -36.8818455500279], [174.504152859229, -36.8818428409624], [174.504169732732, -36.8818398691409], [174.504186713461, -36.881836643575], [174.504203835599, -36.8818331908732], [174.504221111072, -36.8818295469391], [174.50423855092, -36.8818257026194], [174.504256144101, -36.8818216670673], [174.50427389044, -36.8818174312715], [174.504291801154, -36.8818129950897], [174.504309876242, -36.8818083585219], [174.504328104663, -36.8818035307216], [174.504346486241, -36.8817985026772], [174.504365032192, -36.8817932742466], [174.504383731477, -36.8817878545832], [174.504402594958, -36.881782225522], [174.504421611948, -36.8817764142394], [174.504440793135, -36.8817703935588], [174.504460127654, -36.8817641816451], [174.504479626546, -36.8817577693449], [174.504499278769, -36.8817511658114], [174.504519084148, -36.8817443620332], [174.504539053898, -36.8817373578681], [174.504559188021, -36.8817301533161], [174.504579219235, -36.8817228509128], [174.50459863506, -36.8817156374228], [174.504617435675, -36.881708521858], [174.504635621079, -36.8817015042186], [174.504653179878, -36.8816945756355], [174.504670123467, -36.8816877449783], [174.504686440452, -36.8816810033779], [174.504702142226, -36.881674359704], [174.504717228792, -36.8816678139568], [174.504731688753, -36.8816613572671], [174.504745522288, -36.8816549986466], [174.504758740613, -36.8816487379535], [174.504771343553, -36.8816425661766], [174.504783331285, -36.8816364923273], [174.504794681196, -36.8816305076787], [174.504805427294, -36.8816246298277], [174.504815546613, -36.881618832024], [174.5048250509, -36.8816131411603], [174.504833928586, -36.8816075393557], [174.504842191064, -36.8816020354799], [174.504849894247, -36.881596619811], [174.504857609531, -36.881591249057], [174.504865426657, -36.8815859220813], [174.504873345626, -36.8815806388838], [174.504881388874, -36.8815753991802], [174.504889533964, -36.8815702032549], [174.504897780897, -36.8815650511077], [174.504906151931, -36.881559933443], [174.50491461359, -36.8815548596985], [174.504923199527, -36.8815498294478], [174.504931887306, -36.8815448429753], [174.504940688146, -36.8815399001387], [174.504949590652, -36.8815349920686], [174.504958606395, -36.8815301366458], [174.504967735022, -36.8815253158475], [174.504976965491, -36.8815205388272], [174.504986308843, -36.8815157964311], [174.504995765433, -36.8815111066823], [174.505005323689, -36.8815064516999], [174.505014995181, -36.8815018493648], [174.50502476834, -36.881497281796], [174.505034620551, -36.8814927402661], [174.50504448451, -36.8814882256279], [174.505054382475, -36.8814837285855], [174.505064303405, -36.8814792582927], [174.50507425834, -36.8814748055956], [174.50508423624, -36.8814703796481], [174.505094236928, -36.8814659714385], [174.505104271622, -36.8814615808247], [174.505114329281, -36.8814572169604], [174.505124420946, -36.8814528706919], [174.505134535398, -36.8814485421614], [174.505144684033, -36.8814442402381], [174.505154855634, -36.8814399650643], [174.505165050022, -36.8814357076284], [174.505175278416, -36.8814314677883], [174.505185529598, -36.881427245686], [174.505195814962, -36.8814230501911], [174.505206123292, -36.8814188814455], [174.50521645441, -36.8814147304378], [174.505226819533, -36.8814105970258], [174.505237162043, -36.8814064548858], [174.505247390429, -36.8814022150396], [174.505257470684, -36.8813978598907], [174.505267414379, -36.8813934073201], [174.505277221161, -36.8813888393047], [174.505286891384, -36.8813841738676], [174.505296424693, -36.8813793929858], [174.505305821442, -36.8813745146824], [174.505315081279, -36.8813695209343], [174.505324204379, -36.8813644207532], [174.505333179701, -36.8813592232927], [174.505342029328, -36.8813539102455], [174.505350742218, -36.8813484907653], [174.505359307154, -36.8813429649943], [174.505367746572, -36.8813373326483], [174.505376049253, -36.8813315938693], [174.505384203979, -36.8813257487996], [174.505392221969, -36.8813197972971], [174.50540011444, -36.8813137392196], [174.505407858781, -36.88130756584], [174.505415500037, -36.8813012856012], [174.505423350359, -36.8812947953971], [174.505431521215, -36.8812880577604], [174.505440023999, -36.8812810815602], [174.505448836099, -36.8812738580695], [174.505457968733, -36.8812663871458], [174.505467422254, -36.8812586868123], [174.50547719613, -36.8812507300342], [174.5054872795, -36.8812425349767], [174.505497694796, -36.8812341013554], [174.505508430625, -36.8812254203009], [174.505519475769, -36.8812164919552], [174.505530852839, -36.8812073250454], [174.505542539401, -36.8811979198558], [174.505554546494, -36.8811882672326], [174.505566885336, -36.8811783670335], [174.505579533668, -36.8811682285544], [174.505592502709, -36.8811578516528], [174.50560579228, -36.8811472273173], [174.505619402381, -36.8811363555477], [174.50563333319, -36.8811252453555], [174.505647408408, -36.8811140612217], [174.505661429481, -36.8811029769236], [174.505675407802, -36.8810920013303], [174.505689321114, -36.8810811437378], [174.505703191498, -36.8810703858387], [174.505717008091, -36.8810597457983], [174.505730770715, -36.881049214605], [174.505744490412, -36.8810387831052], [174.505758145099, -36.8810284696063], [174.505771757036, -36.8810182648124], [174.505785315005, -36.8810081688657], [174.505798818829, -36.8809981727548], [174.505812268862, -36.8809882945026], [174.505825676145, -36.8809785249555], [174.505839029459, -36.8809688642556], [174.505852317589, -36.8809593125453], [174.505865562968, -36.8809498695401], [174.505878765775, -36.8809405442515], [174.505891903219, -36.880931318941], [174.505904997914, -36.8809222023356], [174.505918048266, -36.8809131133321], [174.505931148154, -36.8809036901912], [174.50594428583, -36.8808939060206], [174.505957472157, -36.8808837426552], [174.505970707489, -36.8808732181179], [174.505983991471, -36.8808623143857], [174.505997313241, -36.8808510496239], [174.506010683837, -36.8808394146786], [174.506024114301, -36.8808274003962], [174.506037582551, -36.8808150250841], [174.50605108841, -36.8808022797308], [174.506064654136, -36.8807891550403], [174.506078268865, -36.8807756691778], [174.506091921203, -36.880761813274], [174.506105622366, -36.8807475871867], [174.506119372355, -36.880732990916], [174.506133170992, -36.8807180154502], [174.506147007413, -36.8807026789546], [174.506160903877, -36.8806869721332], [174.506174837948, -36.8806708952704], [174.506188809979, -36.8806544663892], [174.506202593961, -36.8806381750964], [174.506216093008, -36.8806222299359], [174.506229295901, -36.8806066310501], [174.506242214213, -36.88059139632], [174.506254836196, -36.8805764988533], [174.506267173599, -36.8805619655423], [174.506279214672, -36.8805477694949], [174.506290971166, -36.8805339376035], [174.506302431509, -36.8805204519873], [174.506313595701, -36.8805073126464], [174.506324475138, -36.8804945284501], [174.506335069819, -36.8804820993987], [174.506345368349, -36.8804700166228], [174.506355382125, -36.8804582889918], [174.506365099752, -36.8804469076365], [174.506374521406, -36.8804358815684], [174.506383669347, -36.8804252014917], [174.506392510099, -36.8804148768447], [174.506401066097, -36.8804049073428], [174.506409337165, -36.8803952839747], [174.506417513292, -36.8803859682767], [174.506425963418, -36.8803768924749], [174.506434687543, -36.8803680565693], [174.50644368549, -36.8803594515482], [174.506452957259, -36.8803510774117], [174.506462514244, -36.8803429430289], [174.506472334011, -36.8803350486843], [174.506482438817, -36.8803273850817], [174.506492806228, -36.8803199525057], [174.506503458855, -36.8803127596831], [174.506514385481, -36.8803058067561], [174.506525585929, -36.8802990847132], [174.506537060199, -36.8802925935542], [174.506548808469, -36.8802863422907], [174.506560830737, -36.8802803309224], [174.506573138045, -36.8802745502956], [174.506585707957, -36.8802690006947], [174.506598563087, -36.8802636908467], [174.506611680998, -36.8802586210357], [174.506625083949, -36.880253781966], [174.506638670451, -36.880249147883], [174.506651931466, -36.8802445089122], [174.506664754288, -36.8802398394417], [174.506677138741, -36.8802351304601], [174.506689096041, -36.8802303818253], [174.506700614971, -36.8802255936798], [174.50671170675, -36.8802207658813], [174.506722360158, -36.8802158985723], [174.506732575374, -36.8802110007643], [174.506742363438, -36.8802060633038], [174.50675172435, -36.8802010861908], [174.506760635675, -36.88019606971], [174.506769131066, -36.8801910134346], [174.506777177047, -36.880185926803], [174.506784806917, -36.8801807913656], [174.506791987378, -36.8801756255722], [174.506798740687, -36.8801704201268], [174.506805067022, -36.8801651840411], [174.506810954811, -36.8801598994343], [174.506816404408, -36.8801545843296], [174.506821426677, -36.8801492205616], [174.506826692543, -36.880143691457], [174.506832626145, -36.8801378834717], [174.50683922766, -36.8801318056171], [174.506846508483, -36.8801254667624], [174.506854445824, -36.8801188491691], [174.506863062472, -36.8801119705753], [174.506872347032, -36.8801048221118], [174.506882299327, -36.8800973947669], [174.506892930929, -36.8800897064212], [174.506904230441, -36.8800817482053], [174.506916197865, -36.8800735201189], [174.506928844417, -36.8800650220197], [174.506942147839, -36.8800562632034], [174.506956130211, -36.8800472253623], [174.506970780492, -36.8800379176499], [174.50698609886, -36.8800283490775], [174.507002096177, -36.8800185014796], [174.507018761579, -36.8800083930212], [174.507036094889, -36.8799980146905], [174.507054095929, -36.8799873574757], [174.507072523051, -36.87997668584], [174.507090759412, -36.8799665844862], [174.507108749811, -36.8799570991834], [174.507126516682, -36.8799482296471], [174.507144048633, -36.8799399670081], [174.507161345663, -36.8799323112666], [174.507178419167, -36.8799252712918], [174.507195257929, -36.8799188472262], [174.507211872813, -36.8799130209045], [174.507228241914, -36.879907819646], [174.507244387315, -36.879903225143], [174.507260297797, -36.8798992375381], [174.507275984757, -36.8798958657004], [174.5072914368, -36.8798931007609], [174.507306654104, -36.8798909517311], [174.507321647709, -36.8798894094574], [174.507336406575, -36.8798884830936], [174.507350930525, -36.8798881636282], [174.507365219738, -36.879888460073], [174.507379285253, -36.879889363274], [174.507393159306, -36.8798908007127], [174.507407386473, -36.8798919362166], [174.507422074498, -36.8798925430753], [174.507437245815, -36.879892621004], [174.507452889386, -36.8798921791564], [174.507469004854, -36.8798911995092], [174.507485603791, -36.879889699943], [174.50750268602, -36.8798876714461], [174.507520229106, -36.879885114303], [174.507538255659, -36.8798820372402], [174.507556765326, -36.8798784222345], [174.507575747242, -36.8798742874512], [174.50759520123, -36.8798696238784], [174.50761512729, -36.879864431516], [174.507635536639, -36.8798587102213], [174.507656429275, -36.8798524599942], [174.507677782942, -36.8798456901306], [174.507699619717, -36.8798383823225], [174.507721939957, -36.8798305545927], [174.507744732264, -36.8798221980718], [174.507767996639, -36.8798133127595], [174.507791303397, -36.8798043007126], [174.507814211284, -36.8797955461075], [174.507836709436, -36.8797870671099], [174.507858808717, -36.8797788455545], [174.507880520522, -36.8797708903108], [174.507901822594, -36.8797632106751], [174.507922725795, -36.8797557884823], [174.507943219087, -36.8797486328866], [174.507963324904, -36.8797417436032], [174.507983032029, -36.8797351207749], [174.508002329246, -36.8797287645442], [174.508021227593, -36.8797226657573], [174.508039727428, -36.8797168424376], [174.508057828571, -36.8797112855736], [174.508075530847, -36.879705986154], [174.508092834433, -36.8797009531906], [174.508109728289, -36.8796961958373], [174.508126223279, -36.8796916959289], [174.508142319579, -36.8796874624772], [174.508158017189, -36.8796834954823], [174.508173427222, -36.8796797394515], [174.508188960113, -36.8796759548179], [174.508204660378, -36.8796721229891], [174.508220505581, -36.8796682442498], [174.508236529375, -36.8796643181726], [174.508252698285, -36.8796603541962], [174.508269034391, -36.8796563340128], [174.508285538047, -36.8796522756453], [174.508302197859, -36.8796481702245], [174.508319025221, -36.8796440266195], [174.508336008562, -36.8796398269496], [174.508353148236, -36.8796355892377], [174.508370455282, -36.8796313043298], [174.508387929701, -36.8796269722259], [174.508405549058, -36.8796225932108], [174.508423347006, -36.879618166857], [174.508441301286, -36.879613702461], [174.508459411544, -36.8796091819995], [174.508477678134, -36.8796046234956], [174.508496123314, -36.8796000176528], [174.508514702391, -36.8795953740523], [174.508533237483, -36.8795907760759], [174.508551639737, -36.8795862699206], [174.508569909152, -36.8795818555864], [174.508588045552, -36.8795775240619], [174.508606037897, -36.8795732845011], [174.508623908621, -36.8795691366191], [174.50864164633, -36.879565071547], [174.508659251201, -36.8795610982962], [174.508676712017, -36.8795572170094], [174.508694051035, -36.8795534183901], [174.508711245999, -36.8795497117349], [174.508728307947, -36.8795460878898], [174.508745248276, -36.879542555724], [174.50876204455, -36.8795391155223], [174.50877870781, -36.879535758131], [174.508795238232, -36.8795324925615], [174.508811647034, -36.8795293186714], [174.508827911605, -36.8795262277343], [174.508844043339, -36.8795232286192], [174.508860042237, -36.8795203213261], [174.508875739327, -36.8795174719461], [174.50889090973, -36.8795146562939], [174.508905542052, -36.8795118655007], [174.508919625252, -36.8795091087207], [174.508933170371, -36.8795063768], [174.508946177409, -36.8795036697389], [174.508958646543, -36.879500996549], [174.508970566379, -36.8794983483615], [174.508981948311, -36.8794957340456], [174.50899280338, -36.8794931444474], [174.50900309811, -36.879490589006], [174.509012865799, -36.8794880492712], [174.509022095763, -36.87948555242], [174.509030776251, -36.8794830715606], [174.509038919013, -36.879480633585], [174.509046523517, -36.8794782114589], [174.509053590118, -36.8794758232054], [174.509060107422, -36.8794734599556], [174.509066098039, -36.8794711304361], [174.509071539359, -36.8794688259204], [174.509076533048, -36.8794665811723], [174.509081620199, -36.8794645245252], [174.509086868651, -36.8794626821587], [174.509092278401, -36.8794610540728], [174.509097860846, -36.8794596491365], [174.509103604414, -36.8794584494693], [174.509109520675, -36.8794574729516], [174.509115598237, -36.8794567107144], [174.509121848138, -36.8794561536037], [174.509128270734, -36.8794558196424], [174.509134843412, -36.8794557001041], [174.509141588608, -36.8794557947036], [174.509148506498, -36.8794561124525], [174.509155585511, -36.8794566354703], [174.509162837042, -36.8794573726258], [174.50917025005, -36.8794583330731], [174.509177824181, -36.8794594987892], [174.509185571007, -36.8794608876545], [174.509193479133, -36.8794624907999], [174.509201559777, -36.8794643080829], [174.509209801545, -36.8794663306346], [174.50921803245, -36.8794683713512], [174.509226160093, -36.8794702962003], [174.509234162395, -36.87947212349], [174.509242072651, -36.8794738347698], [174.509249857566, -36.8794754484903], [174.509257539219, -36.8794769463435], [174.509265106747, -36.8794783464948], [174.509272571013, -36.8794796307789], [174.509279920977, -36.8794808083496], [174.509287156639, -36.8794818792072], [174.509294289394, -36.8794828522204], [174.509301307668, -36.8794837095091], [174.509308222858, -36.879484459942], [174.509315012529, -36.8794851038042], [174.509321710331, -36.8794856406683], [174.509328282614, -36.8794860709618], [174.509334751635, -36.8794863853882], [174.50934110653, -36.8794866021129], [174.509347358341, -36.8794867119821], [174.509353495849, -36.8794867151383], [174.509359585294, -36.8794865566575], [174.50936577073, -36.8794861445726], [174.509372063195, -36.8794854697296], [174.509378462866, -36.8794845411398], [174.509384958173, -36.8794833409228], [174.509391560509, -36.8794818779477], [174.509398258835, -36.8794801613683], [174.50940507523, -36.8794781728767], [174.509411976396, -36.8794759309234], [174.50941899581, -36.8794734260692], [174.509426110857, -36.8794706495878], [174.509433333111, -36.8794676193596], [174.509440651176, -36.8794643265156], [174.50944807627, -36.8794607709132], [174.509455608393, -36.8794569525525], [174.509463236327, -36.8794528715759], [174.509470971468, -36.8794485368523], [174.509478802241, -36.8794439305015], [174.509486740043, -36.8794390613921], [174.509494785051, -36.8794339385359], [174.509502915184, -36.8794285802405], [174.509510979254, -36.8794232858801], [174.50951893381, -36.8794181281165], [174.509526778674, -36.8794130979381], [174.509534525065, -36.8794081952026], [174.509542161942, -36.8794034290638], [174.509549689128, -36.8793987905105], [174.509557118018, -36.8793942884115], [174.509564437217, -36.879389913898], [174.50957165812, -36.8793856758387], [174.509578769332, -36.879381565365], [174.509585771031, -36.8793775914882], [174.509592663038, -36.8793737451968], [174.509599456573, -36.8793700263485], [174.509606151812, -36.8793664439546], [174.50961272632, -36.8793629983002], [174.509619202355, -36.8793596800889], [174.509625579917, -36.8793564893207], [174.509631836749, -36.879353435292], [174.509637995108, -36.8793505087063], [174.509644055171, -36.8793477185753], [174.509650048462, -36.8793449563335], [174.509656006681, -36.8793421224272], [174.509661941222, -36.8793392257254], [174.50966784087, -36.8793362663705], [174.50967371684, -36.8793332442201], [174.509679568955, -36.8793301502627], [174.509685386177, -36.8793269936522], [174.50969117972, -36.8793237742462], [174.509696949587, -36.8793204920446], [174.509702684382, -36.8793171381786], [174.50970838446, -36.879313730671], [174.509714060683, -36.8793102513565], [174.509719713229, -36.8793067092464], [174.50972534192, -36.8793030953293], [174.509730935717, -36.8792994187592], [174.509736494796, -36.8792956885477], [174.509742030021, -36.8792918865292], [174.509747541391, -36.8792880127037], [174.509753018044, -36.8792840852366], [174.509758470842, -36.8792800859627], [174.50976388981, -36.8792760781046], [174.509769222055, -36.8792722245816], [174.509774479327, -36.8792685522858], [174.509779661625, -36.8792650612169], [174.509784768595, -36.8792617333522], [174.509789800592, -36.8792585867146], [174.509794746221, -36.8792556124351], [174.509799616699, -36.8792528103712], [174.509804412204, -36.8792501895345], [174.509809132558, -36.8792477409133], [174.509813766545, -36.8792454646504], [174.509818325381, -36.8792433606031], [174.509822809244, -36.879241437783], [174.509827217957, -36.8792396871785], [174.509831540479, -36.8792381179437], [174.509835798892, -36.8792367117705], [174.509839971113, -36.8792354869671], [174.509844056968, -36.8792344345219], [174.509848079066, -36.8792335631614], [174.50985201462, -36.8792328551476], [174.509855875379, -36.8792323373726], [174.509859529041, -36.8792321286959], [174.509862953881, -36.8792322654486], [174.509866138859, -36.8792327567848], [174.509869083799, -36.8792335936931], [174.509871800095, -36.8792347850422], [174.509874276352, -36.8792363219635], [174.509876512747, -36.8792382134682], [174.509878520499, -36.8792404594139], [174.509880276994, -36.8792430510743], [174.509881815886, -36.8792459880217], [174.509883103876, -36.8792492887066], [174.509884162867, -36.8792529258096], [174.509884982175, -36.8792569265077], [174.509885561443, -36.8792612727779], [174.50988591189, -36.8792659644777], [174.509886022476, -36.8792710107611], [174.5098858932, -36.8792764116281], [174.509885535102, -36.8792821579246], [174.509884936965, -36.8792882497933], [174.509884099144, -36.879294705257], [174.509883072935, -36.8793012802933], [174.509881886134, -36.8793076770957], [174.509880550312, -36.8793139135446], [174.509879065294, -36.8793199806287], [174.509877430901, -36.8793258693364], [174.50987564731, -36.8793315886792], [174.509873714522, -36.8793371386571], [174.509871632359, -36.8793425102585], [174.509869401176, -36.8793477215065], [174.509867009401, -36.8793527545206], [174.509864479646, -36.8793576180273], [174.509861800515, -36.8793623031575], [174.509858961148, -36.8793668280767], [174.509855983623, -36.879371174477], [174.509852845683, -36.8793753516548], [174.509849569763, -36.8793793593251], [174.50984613325, -36.8793831887614], [174.50984254754, -36.8793868488327], [174.50983881281, -36.8793903485504], [174.509834939745, -36.8793936607376], [174.509830962707, -36.8793968210125], [174.509827152155, -36.8793998890343], [174.509823564175, -36.8794028640904], [174.509820187729, -36.8794057553349], [174.509817022638, -36.8794085537561], [174.509814069079, -36.8794112683657], [174.509811326877, -36.8794138901521], [174.50980879603, -36.8794164191155], [174.509806476716, -36.8794188642672], [174.509804368936, -36.8794212256073], [174.509802461293, -36.8794234942669], [174.509800776401, -36.8794256789723], [174.509799302865, -36.8794277708546], [174.509798040862, -36.8794297789254], [174.509796990215, -36.8794316941731], [174.509796139706, -36.8794335167404], [174.509795511948, -36.8794352553535], [174.509795095724, -36.8794369101551], [174.509794890855, -36.8794384721336], [174.509794897519, -36.8794399503006], [174.509795115539, -36.8794413356446], [174.509795645517, -36.8794426088597], [174.509796532321, -36.8794437693757], [174.509797798388, -36.8794448169077], [174.509799409886, -36.8794457428717], [174.509801389429, -36.879446555994], [174.509803736839, -36.8794472472633], [174.509806441076, -36.8794478258335], [174.509809501963, -36.8794482826931], [174.509812942111, -36.8794486265684], [174.509816727691, -36.8794488488757], [174.509820881316, -36.8794489583411], [174.509825402807, -36.8794489459533], [174.509830281126, -36.8794488208662], [174.509835527311, -36.8794485739258], [174.509841130324, -36.879448214286], [174.509847101203, -36.8794477327927], [174.509853428908, -36.8794471385999], [174.509860124658, -36.8794464315651], [174.509867177057, -36.8794456028191], [174.509874597323, -36.8794446522195], [174.509882183543, -36.879443582332], [174.509889564833, -36.8794423618148], [174.509896718936, -36.8794409999646], [174.509903667931, -36.8794394784734], [174.509910389918, -36.8794378246607], [174.509916895579, -36.8794360113496], [174.509923185271, -36.879434056563], [174.509929258816, -36.8794319512896], [174.509935116391, -36.8794297045408], [174.509940746602, -36.8794273074478], [174.509946160666, -36.879424759868], [174.509951369977, -36.8794220706703], [174.509956340706, -36.8794192312711], [174.509961106683, -36.8794162502541], [174.509965656512, -36.8794131187505], [174.509969978977, -36.8794098369027], [174.50997409669, -36.8794064134373], [174.509977987038, -36.8794028396279], [174.509981661239, -36.8793991153318], [174.509985108252, -36.8793952497032], [174.509988384521, -36.8793912600523], [174.509991763875, -36.879387377256], [174.509995314506, -36.8793836455163], [174.509999025196, -36.8793800649756], [174.510002907164, -36.8793766354915], [174.510006949191, -36.8793733572065], [174.5100111511, -36.8793702211091], [174.510015524286, -36.8793672360682], [174.510020068927, -36.8793644110952], [174.51002477345, -36.8793617283098], [174.510029638032, -36.8793591967234], [174.510034673714, -36.8793568071819], [174.510039869634, -36.8793545778509], [174.51004523683, -36.8793524995762], [174.510050763908, -36.8793505634889], [174.510056462263, -36.879348778458], [174.510062320679, -36.8793471446259], [174.510068339154, -36.8793456619927], [174.510074528906, -36.8793443304158], [174.510080889935, -36.879343149895], [174.510087411024, -36.879342120573], [174.510094058698, -36.879341251889], [174.510100833135, -36.8793405528543], [174.510107700683, -36.8793400238966], [174.510114695171, -36.8793396735998], [174.510121793987, -36.8793394932374], [174.510129008349, -36.8793394826669], [174.510136338434, -36.8793396508996], [174.510143772847, -36.8793399890668], [174.510151311588, -36.8793404971683], [174.510158977093, -36.879341174919], [174.510166747103, -36.8793420316155], [174.510174621442, -36.8793430582463], [174.510182622544, -36.8793442545262], [174.510190728153, -36.8793456297518], [174.510198937912, -36.8793471659002], [174.510207263395, -36.8793488808517], [174.510215704602, -36.8793507746062], [174.510224261177, -36.8793528291408], [174.510232922259, -36.8793550626211], [174.510241699065, -36.8793574749043], [174.510250679381, -36.8793599657237], [174.510260116948, -36.8793623155242], [174.510270045239, -36.8793645148666], [174.5102804639, -36.8793665457279], [174.510291350851, -36.879368426416], [174.510302739567, -36.8793701474915], [174.510314596218, -36.8793717003707], [174.510326943593, -36.8793731027911], [174.510339770476, -36.8793743548951], [174.510353087728, -36.8793754385171], [174.51036688431, -36.879376362811], [174.510381171617, -36.8793771366455], [174.510395938252, -36.8793777511516], [174.51041118404, -36.8793781973175], [174.510426909334, -36.8793784931661], [174.510443125175, -36.8793786295431], [174.51045983174, -36.8793786154597], [174.510477006239, -36.8793784331781], [174.510494671284, -36.8793780914243], [174.510512827053, -36.8793775992095], [174.510531406418, -36.8793769664006], [174.510549741309, -36.8793764538755], [174.510567620016, -36.8793761364356], [174.510585042893, -36.8793760321041], [174.510602009587, -36.8793761228583], [174.510618520274, -36.8793764177098], [174.510634574777, -36.8793769076473], [174.510650173274, -36.8793776016825], [174.510665326982, -36.8793784996729], [174.51068001329, -36.8793795928926], [174.510694243769, -36.8793808992219], [174.510708018065, -36.8793824006381], [174.510721347395, -36.8793840969987], [174.510734209503, -36.8793859976007], [174.510746615605, -36.8793881023014], [174.510758576919, -36.8793904109585], [174.510770070832, -36.8793929148458], [174.51078110874, -36.8793956228324], [174.510791701861, -36.8793985347757], [174.510801827581, -36.8794016419497], [174.510811508514, -36.8794049530805], [174.510820855944, -36.8794084216848], [174.510830014101, -36.8794119648048], [174.510838983516, -36.8794156094752], [174.510847763835, -36.8794193376731], [174.510856355235, -36.8794231584098], [174.510864768756, -36.8794270625315], [174.510872982141, -36.8794310593348], [174.510881017824, -36.8794351485345], [174.510888853193, -36.8794393214045], [174.510896510861, -36.8794435866709], [174.51090397961, -36.8794479444765], [174.510911259262, -36.8794523858099], [174.510918361213, -36.8794569195399], [174.51092526285, -36.8794615369403], [174.510931986785, -36.8794662467373], [174.510938521802, -36.8794710490737], [174.510944856682, -36.8794759440921], [174.510951013683, -36.8794809224958], [174.510956981588, -36.8794859844275], [174.510962771968, -36.8794911477674], [174.510968361325, -36.8794963587321], [174.510973735598, -36.8795014732807], [174.510978905651, -36.8795064732477], [174.510983860444, -36.8795113677873], [174.510988599798, -36.879516147888], [174.510993134931, -36.8795208134071], [174.510997454627, -36.8795253644874], [174.511001558883, -36.8795298011288], [174.51100544788, -36.8795341323429], [174.511009132655, -36.8795383489756], [174.511012601991, -36.8795424511695], [174.511015856067, -36.8795464479362], [174.511018905744, -36.8795503211099], [174.51102174016, -36.8795540888565], [174.511024359137, -36.8795577421643], [174.511026762675, -36.8795612810336], [174.51102896217, -36.8795647143329], [174.511030946226, -36.8795680331936], [174.511032726061, -36.879571237473], [174.511034279239, -36.8795743274564], [174.511035639413, -36.879577302716], [174.511036964159, -36.8795801882887], [174.511038354434, -36.8795829828908], [174.511039787981, -36.8795856958191], [174.511041298096, -36.8795883086225], [174.511042851482, -36.879590839752], [174.511044470397, -36.8795932799109], [174.511046132406, -36.8795956293844], [174.511047871338, -36.879597896756], [174.511049653365, -36.8796000734423], [174.511051489703, -36.8796021593005], [174.511053391569, -36.8796041541881], [174.511055347924, -36.879606067259], [174.51105735859, -36.879607889502], [174.511059434786, -36.8796096207743], [174.511061554074, -36.8796112613611], [174.51106373907, -36.8796128199887], [174.511065978376, -36.8796142877883], [174.511068283211, -36.8796156646172], [174.511070631317, -36.8796169597722], [174.511073044775, -36.879618154945], [174.51107546945, -36.879619349975], [174.511077806872, -36.8796206723069], [174.511080068258, -36.879622121798], [174.51108224257, -36.8796237076023], [174.511084352063, -36.8796254204232], [174.511086374481, -36.8796272695574], [174.511088309645, -36.8796292459934], [174.511090179992, -36.8796313494459], [174.511091963264, -36.8796335892118], [174.51109365946, -36.8796359652909], [174.511095279443, -36.8796384595179], [174.511096834963, -36.8796410987842], [174.511098291836, -36.8796438564837], [174.511099684068, -36.8796467502111], [174.511100978007, -36.8796497803946], [174.511102207128, -36.8796529375945], [174.511103348996, -36.8796562220964], [174.511104415007, -36.8796596427689], [174.511105404981, -36.8796631906007], [174.511106307881, -36.8796668747458], [174.511107145607, -36.8796706678846], [174.511107937753, -36.8796744255481], [174.511108683965, -36.8796781297134], [174.511109395281, -36.8796817712265], [174.511110071879, -36.8796853590987], [174.511110702542, -36.8796888934727], [174.51111129831, -36.8796923651945], [174.51111185936, -36.8796957832755], [174.511112385693, -36.8796991477156], [174.511112865913, -36.8797024496461], [174.511113311415, -36.8797056979358], [174.511113722021, -36.8797088835732], [174.51111409791, -36.8797120155698], [174.511114427864, -36.8797150940682], [174.511114722923, -36.8797181099143], [174.511114983263, -36.8797210721197], [174.511115197491, -36.8797239718154], [174.511115377001, -36.8797268178703], [174.511115521794, -36.8797296102843], [174.511115631868, -36.8797323490576], [174.51111569583, -36.8797350253212], [174.511115850064, -36.879737727478], [174.511116163118, -36.879740517752], [174.511116646209, -36.8797433960008], [174.511117287942, -36.8797463533554], [174.511118099712, -36.8797493986847], [174.511119070302, -36.8797525321313], [174.511120210752, -36.8797557445412], [174.511121510022, -36.8797590450684], [174.511122968112, -36.8797624337129], [174.511124596061, -36.8797659013206], [174.511126394048, -36.8797694569029], [174.51112833946, -36.8797730917337], [174.511130466126, -36.8797768143965], [174.511132751613, -36.8797806251766], [174.511135195742, -36.8797845150625], [174.511137809909, -36.879788492923], [174.511140582896, -36.8797925589007], [174.511143514525, -36.8797967039842], [174.51114662741, -36.8798009368996], [174.511149887897, -36.8798052580749], [174.511153272309, -36.879809604715], [174.511156665986, -36.8798138520863], [174.511160046314, -36.8798179914625], [174.511163435729, -36.8798220225583], [174.511166811796, -36.879825945659], [174.511170196949, -36.8798297604794], [174.511173579794, -36.8798334581505], [174.511176949468, -36.879837056838], [174.511180328229, -36.8798405472452], [174.511183693464, -36.8798439206458], [174.511187067963, -36.8798471947775], [174.511190428936, -36.8798503519027], [174.511193799173, -36.8798534097589], [174.511197155884, -36.8798563506086], [174.511200521681, -36.8798591831779], [174.511203874131, -36.8798619077522], [174.511207235844, -36.8798645330576], [174.511210584031, -36.8798670413564], [174.511213941305, -36.8798694413748], [174.511217296447, -36.8798717332555], [174.511220661032, -36.8798739348788], [174.511224217911, -36.8798762151796], [174.51122802406, -36.879878618502], [174.511232079658, -36.8798811538573], [174.511236373486, -36.8798838213883], [174.511240927802, -36.8798866117981], [174.511245708953, -36.8798895255146], [174.51125075077, -36.8798925711213], [174.51125603064, -36.879895739892], [174.511261559958, -36.8798990406956], [174.511267338547, -36.8799024645204], [174.511273355367, -36.8799060205207], [174.511279621458, -36.8799096995421], [174.511286136819, -36.8799135015847], [174.511292890412, -36.8799174358026], [174.511299893453, -36.8799215020531], [174.511307145766, -36.8799256913246], [174.511314647349, -36.879930003617], [174.511322387164, -36.8799344480846], [174.51133037625, -36.8799390155731], [174.511338603568, -36.8799437152365], [174.511346822156, -36.8799485412027], [174.51135477419, -36.8799535057647], [174.511362470711, -36.8799585997687], [174.511369889462, -36.8799638325114], [174.511377041481, -36.8799691948388], [174.511383915551, -36.8799746868937], [174.511390534286, -36.879980317402], [174.511396886467, -36.8799860865066], [174.5114029607, -36.8799919853389], [174.511408779418, -36.8799980136132], [174.511414320366, -36.8800041806267], [174.511419594583, -36.8800104772252], [174.511424602246, -36.8800169124201], [174.511429343178, -36.8800234772001], [174.511433817556, -36.8800301805766], [174.511438025202, -36.8800370135382], [174.511441966118, -36.8800439760849], [174.511445629262, -36.880051077371], [174.511449037069, -36.880058317111], [174.511452166928, -36.880065686579], [174.511455141519, -36.8800731481593], [174.511458317669, -36.8800805891479], [174.511461728321, -36.880087973071], [174.511465396088, -36.8800953086544], [174.511469298711, -36.8801026051952], [174.511473436014, -36.8801098536817], [174.511477830432, -36.8801170538286], [174.511482459529, -36.8801242059211], [174.511487334523, -36.8801313098167], [174.511492444374, -36.8801383746694], [174.511497800122, -36.880145391325], [174.51150340159, -36.880152350772], [174.511509249311, -36.8801592800448], [174.511515331534, -36.8801661522517], [174.511521659654, -36.8801729762614], [174.51152823385, -36.8801797610852], [174.511535042725, -36.8801864978545], [174.511542097498, -36.8801931864264], [174.511549398169, -36.8801998268009], [174.511556933519, -36.8802064191207], [174.51156470355, -36.8802129633858], [174.511572482135, -36.8802193723355], [174.511580167429, -36.8802256021972], [174.511587782221, -36.8802316707081], [174.511595303544, -36.8802375511195], [174.511602743148, -36.8802432703229], [174.51161008946, -36.8802488104383], [174.511617365093, -36.8802541801916], [174.511624547611, -36.8802593798683], [174.511631648233, -36.8802644093257], [174.511638655562, -36.8802692596951], [174.511645592212, -36.8802739397025], [174.511652435569, -36.8802784406219], [174.511659197208, -36.8802827803335], [174.511665876771, -36.8802869408145], [174.511672474437, -36.8802909310763], [174.51167897881, -36.8802947422501], [174.511685401464, -36.8802983922163], [174.511691742043, -36.8803018629518], [174.511697989329, -36.8803051545994], [174.511704166112, -36.8803082848967], [174.511710497454, -36.8803112870349], [174.511717367058, -36.8803142733106], [174.51172477457, -36.8803172257005], [174.51173271999, -36.8803201442047], [174.511741214712, -36.8803230376918], [174.511750247519, -36.8803259063043], [174.511759818234, -36.8803287410307], [174.511769927034, -36.8803315508824], [174.511780573742, -36.8803343268476], [174.511791769753, -36.8803370777951], [174.511803492632, -36.88033980401], [174.511815764636, -36.8803424961954], [174.511828574725, -36.8803451635052], [174.51184193394, -36.8803477967851], [174.511855820023, -36.8803504053319], [174.51187025541, -36.8803529888597], [174.511885228704, -36.8803555384999], [174.511900740084, -36.8803580632635], [174.511916789372, -36.880360554139], [174.511933387963, -36.8803630199948], [174.511950412998, -36.8803654894352], [174.511967262286, -36.880368150398], [174.511983846619, -36.8803710310595], [174.512000165998, -36.8803741314199], [174.512016220601, -36.8803774604907], [174.512032010072, -36.8803810002491], [174.512047534767, -36.8803847687181], [174.512062794508, -36.8803887568864], [174.5120777779, -36.8803929558854], [174.512092507734, -36.8803973834526], [174.512106961397, -36.8804020308621], [174.512121150107, -36.8804068979712], [174.512135085259, -36.8804119936488], [174.512148744062, -36.8804173001576], [174.512162137911, -36.8804228263663], [174.512175255768, -36.8804285814292], [174.512188119712, -36.8804345470381], [174.512200718881, -36.8804407413586], [174.512213053096, -36.8804471553793], [174.512225111141, -36.8804537892432], [174.512236904055, -36.8804606337961], [174.51224845303, -36.8804676256722], [174.512259768039, -36.8804747016487], [174.512270826824, -36.8804818710225], [174.51228165182, -36.8804891335083], [174.512292231633, -36.8804964802374], [174.512302566439, -36.8805039202212], [174.512312667457, -36.8805114533172], [174.512322523291, -36.8805190706567], [174.512332134119, -36.8805267812512], [174.51234151098, -36.8805345759465], [174.512350642836, -36.8805424638969], [174.512359529684, -36.8805504451025], [174.512368182566, -36.8805585104091], [174.512376590442, -36.880566668971], [174.512384753311, -36.8805749207882], [174.512392670996, -36.8805832568494], [174.512400354892, -36.8805916860232], [174.512407793782, -36.8806002084525], [174.512414998704, -36.8806088149831], [174.51242195862, -36.8806175147693], [174.512428887907, -36.8806263681782], [174.512436305415, -36.8806355128248], [174.512444211145, -36.880644948709], [174.512452605453, -36.8806546938535], [174.512461499201, -36.8806647300925], [174.51247088135, -36.8806750665802], [174.512480751721, -36.880685694305], [174.512491121889, -36.8806966311468], [174.512501980281, -36.8807078592255], [174.512513338292, -36.8807193874095], [174.51252517331, -36.8807312069728], [174.512537519344, -36.8807433355098], [174.512550353602, -36.880755755283], [174.512563676087, -36.8807684662922], [174.512577487152, -36.8807814865602], [174.512591797662, -36.8807947979211], [174.512606596576, -36.8808084095288], [174.512621895113, -36.8808223212406], [174.512637682055, -36.8808365331988], [174.512653957226, -36.880851036392], [174.512670674154, -36.8808657502879], [174.512687324512, -36.8808799332192], [174.512703815003, -36.8808934060993], [174.512720111795, -36.8809061603452], [174.512736237324, -36.8809181956715], [174.512752191766, -36.8809295210895], [174.512767963725, -36.8809401277309], [174.512783564597, -36.8809500244643], [174.512798994203, -36.8809592022784], [174.512814241502, -36.8809676703275], [174.512829306318, -36.8809754196002], [174.512844200043, -36.8809824589653], [174.512858922501, -36.8809887794113], [174.512873462473, -36.8809943810812], [174.512887831354, -36.8809992728437], [174.512902017926, -36.8810034548417], [174.512916022011, -36.8810069180638], [174.512929866043, -36.8810096622245], [174.512943516547, -36.8810116967636], [174.512957007176, -36.8810130212529], [174.512970315316, -36.8810136269666], [174.512983398038, -36.8810141814669], [174.512996221851, -36.8810152620589], [174.513008786755, -36.8810168687424], [174.513021092574, -36.8810189925062], [174.513033139663, -36.8810216513733], [174.513044927666, -36.8810248273207], [174.513056445545, -36.881028529503], [174.513067715734, -36.8810327576343], [174.513078715798, -36.8810375120007], [174.513089468173, -36.8810427923163], [174.513099950424, -36.8810485988669], [174.513110173591, -36.8810549224984], [174.513120137851, -36.8810617722222], [174.513129843205, -36.8810691480383], [174.513139289653, -36.881077049947], [174.513148477196, -36.8810854779481], [174.513157394437, -36.8810944231732], [174.513166064167, -36.8811039033595], [174.513174463597, -36.8811139007698], [174.513182615339, -36.8811244241301], [174.513190642075, -36.8811354358228], [174.513199012278, -36.8811467946758], [174.513207782036, -36.8811584999745], [174.513216928736, -36.8811705429932], [174.513226463774, -36.8811829326005], [174.513236375933, -36.8811956689389], [174.51324668747, -36.8812087427112], [174.513257375951, -36.8812221542031], [174.513268441553, -36.881235912426], [174.513279906712, -36.8812500170938], [174.513291748816, -36.8812644594809], [174.513303979261, -36.8812792484556], [174.513316598046, -36.8812943840179], [174.513329604995, -36.8813098571561], [174.513342988889, -36.8813256680129], [174.513356761126, -36.881341825457], [174.513370910487, -36.8813583296308], [174.513385459232, -36.8813751712371], [174.513400385101, -36.881392359573], [174.513415699137, -36.881409885484], [174.513431366619, -36.8814276953297], [174.51344679428, -36.8814447240343], [174.513461806562, -36.8814606042715], [174.513476392424, -36.8814753451959], [174.513490540291, -36.8814889289276], [174.513504261914, -36.8815013823583], [174.513517556759, -36.8815126784538], [174.51353042518, -36.8815228352372], [174.513542866999, -36.8815318436972], [174.513554870998, -36.8815397039768], [174.51356645961, -36.8815464157904], [174.513577610579, -36.8815519884354], [174.513588334943, -36.8815564127575], [174.513598632701, -36.881559688757], [174.513608504032, -36.8815618254453], [174.513617948756, -36.8815628138112], [174.513626955656, -36.8815626539976], [174.513635535948, -36.8815613458619], [174.513643701028, -36.8815588982725], [174.513651428283, -36.881555302504], [174.51365872893, -36.8815505584135], [174.513665737393, -36.8815452231393], [174.513672635991, -36.8815400064429], [174.513679436297, -36.8815349262041], [174.513686127094, -36.8815299825659], [174.513692719422, -36.881525166374], [174.513699202064, -36.8815204777713], [174.513705575196, -36.8815159257692], [174.513711838642, -36.8815115013564], [174.513718003797, -36.8815072134013], [174.513724070483, -36.8815030528927], [174.513730016443, -36.8814990291276], [174.513735863934, -36.8814951328089], [174.513741612956, -36.8814913639366], [174.513747252469, -36.881487731665], [174.513752782474, -36.8814842359943], [174.513758202793, -36.8814808679129], [174.513763524643, -36.8814776272779], [174.513768736985, -36.8814745232438], [174.513773850859, -36.8814715466562], [174.513778855224, -36.8814687066694], [174.513783794417, -36.8814659756773], [174.513788901164, -36.8814632064954], [174.513794186503, -36.8814603899693], [174.513799673048, -36.8814575348244], [174.513805338185, -36.8814546323351], [174.513811193133, -36.8814516823586], [174.51381723789, -36.8814486848947], [174.513823472635, -36.881445648955], [174.513829885973, -36.8814425656707], [174.51383650016, -36.8814394257448], [174.513843293118, -36.8814362474857], [174.51385028728, -36.8814330306077], [174.513857459858, -36.8814297573737], [174.513864822244, -36.8814264366521], [174.513872374619, -36.8814230774544], [174.513880116803, -36.8814196707691], [174.51388803758, -36.8814162167391], [174.513896159383, -36.8814127150785], [174.513904459957, -36.8814091750845], [174.51391296138, -36.8814055784485], [174.51392164175, -36.8814019524904], [174.513930549675, -36.8813984858792], [174.51393971026, -36.8813953135006], [174.51394912297, -36.8813924083204], [174.513958776943, -36.8813897885042], [174.51396868322, -36.8813874448976], [174.513978841801, -36.8813853775006], [174.513989241645, -36.8813835954674], [174.513999905011, -36.8813820895007], [174.514010798246, -36.8813808600293], [174.51402195518, -36.8813799156356], [174.5140333532, -36.8813792475941], [174.514045003525, -36.8813788557616], [174.514056906331, -36.8813787491497], [174.514069050225, -36.8813789188898], [174.514081446423, -36.8813793648387], [174.514094095104, -36.8813800960078], [174.514106984872, -36.8813811035287], [174.514120126945, -36.8813823872582], [174.514133521501, -36.8813839562076], [174.514147157145, -36.8813858015086], [174.514160965325, -36.8813878609384], [174.514174775285, -36.8813900104811], [174.514188598243, -36.8813922499938], [174.514202411586, -36.881394570751], [174.514216226888, -36.8813969906324], [174.514230043614, -36.8813994826039], [174.514243873516, -36.8814020735568], [174.514257693625, -36.8814047367426], [174.514271515693, -36.8814074990528], [174.514285350581, -36.8814103423215], [174.514299176032, -36.881413275846], [174.514313003264, -36.8814162994834], [174.514326832099, -36.8814194042223], [174.514340673932, -36.8814225989311], [174.514354506151, -36.8814258748843], [174.514368340151, -36.8814292409504], [174.514382175931, -36.8814326971294], [174.514396024533, -36.8814362342669], [174.514409863697, -36.8814398616602], [174.514423704643, -36.8814435791664], [174.514437568916, -36.8814473414422], [174.51445161855, -36.881450830942], [174.514465875091, -36.8814540023225], [174.514480338182, -36.8814568375607], [174.51449500818, -36.8814593546795], [174.514509895946, -36.8814615355128], [174.514524979222, -36.8814633893581], [174.514540291483, -36.8814649067747], [174.514555799432, -36.8814661062147], [174.514571525149, -36.8814669693689], [174.514587457771, -36.8814675144032], [174.514603596942, -36.8814677232946], [174.514619954057, -36.8814676049115], [174.514636506682, -36.8814671595397], [174.514653288468, -36.8814663867503], [174.514670265585, -36.8814652779607], [174.514687460823, -36.8814638509076], [174.514704862609, -36.8814620877111], [174.514722471121, -36.8814599973827], [174.514740286358, -36.8814575799221], [174.514758319538, -36.8814548351863], [174.514776727171, -36.881452302003], [174.514795628913, -36.8814503574228], [174.514815036336, -36.8814490193253], [174.514834938223, -36.8814482878534], [174.514855334398, -36.8814481539952], [174.514876236256, -36.881448626619], [174.514897632403, -36.881449696856], [174.514919534055, -36.881451364563], [174.514941930175, -36.8814536388941], [174.514964820762, -36.881456519849], [174.514988216857, -36.881459998273], [174.515012107243, -36.8814640743087], [174.515036492098, -36.8814687569674], [174.515061382463, -36.8814740370941], [174.515086767299, -36.8814799238431], [174.515112657825, -36.881486417071], [174.515139042644, -36.881493507909], [174.515165921759, -36.8815011963568], [174.515193306565, -36.8815094912824], [174.515221185668, -36.881518383817], [174.515249116415, -36.8815276182078], [174.515275782955, -36.8815364721114], [174.515301127773, -36.8815448741524], [174.515325128791, -36.8815528426409], [174.515347797047, -36.881560368423], [174.515369132718, -36.881567460511], [174.515389135625, -36.8815741098942], [174.515407805767, -36.8815803165733], [174.515425143323, -36.8815860895604], [174.515441148113, -36.8815914198447], [174.515455820315, -36.8815963164381], [174.515469148533, -36.8816007704727], [174.515481155202, -36.881604781663], [174.515491818063, -36.8816083593068], [174.515501159374, -36.881611494107], [174.515509156878, -36.8816141953615], [174.515515821613, -36.881616453916], [174.51552115358, -36.8816182697708], [174.515525152956, -36.8816196519375], [174.515527819562, -36.8816205914047], [174.515529255784, -36.8816211589764], [174.515530666903, -36.8816221595269], [174.515532439485, -36.8816238495231], [174.515534584926, -36.8816262378333], [174.515537103047, -36.881629315446], [174.515539971415, -36.8816330826474], [174.515543212286, -36.8816375301398], [174.515546814977, -36.8816426851007], [174.515550790171, -36.8816485203525], [174.515555126829, -36.8816550450498], [174.515559824951, -36.8816622591926], [174.515564895934, -36.881670171649], [174.515570328382, -36.8816787735507], [174.515576122117, -36.8816880558862], [174.515582277495, -36.8816980366784], [174.515588805556, -36.8817087067726], [174.515595706302, -36.8817200661687], [174.515602957474, -36.8817321241644], [174.515610581152, -36.8817448624504], [174.515618566298, -36.8817582901812], [174.515626924306, -36.8817724162251], [174.515635309742, -36.8817867943026], [174.51564333087, -36.8818009066152], [174.515650999265, -36.8818147710428], [174.515658314748, -36.8818283785741], [174.515665277318, -36.881841729209], [174.515671875759, -36.8818548230909], [174.515678121287, -36.8818676600765], [174.515684002685, -36.8818802403092], [174.515689542388, -36.8818925635027], [174.515694706919, -36.8819046390979], [174.515699529577, -36.8819164486426], [174.515703988282, -36.881928010446], [174.515708093894, -36.8819393063421], [174.515711846771, -36.8819503543539], [174.515715235515, -36.881961145613], [174.515718271167, -36.8819716709649], [174.515720954082, -36.8819819484326], [174.515723272865, -36.8819919691478], [174.515725238732, -36.8820017329673], [174.515726840645, -36.8820112490458], [174.515728146444, -36.882020543559], [174.515729339709, -36.8820298214803], [174.515730454451, -36.8820391004033], [174.515731490669, -36.8820483803281], [174.515732448185, -36.8820576522431], [174.515733316137, -36.8820669343145], [174.515734105566, -36.8820762173877], [174.51573481647, -36.8820855014625], [174.515735448851, -36.8820947865391], [174.51573599149, -36.8821040727607], [174.515736455605, -36.8821133599839], [174.515736841196, -36.8821226482089], [174.515737148263, -36.8821319374357], [174.515737376806, -36.8821412276642], [174.515737515607, -36.8821505190376], [174.515737575705, -36.8821598024013], [174.515737557458, -36.8821690957783], [174.515737460686, -36.8821783901569], [174.515737274173, -36.8821876856805], [174.515737009135, -36.8821969822058], [174.515736677147, -36.8822062976127], [174.515736512005, -36.8822161066455], [174.515736630342, -36.8822266331594], [174.515737043375, -36.8822378770111], [174.515737739708, -36.8822498293323], [174.515738708124, -36.8822624902662], [174.515739971236, -36.8822758685379], [174.515741517649, -36.8822899552791], [174.515743347719, -36.8823047685127], [174.515745460913, -36.8823202812043], [174.515747857586, -36.8823365113767], [174.515750548956, -36.8823534588868], [174.515753512411, -36.8823711150095], [174.515756759347, -36.8823894886129], [174.515760300803, -36.8824085705424], [174.51576412574, -36.8824283699527], [174.51576823398, -36.8824488778322], [174.515772625702, -36.8824701031923], [174.51577728951, -36.8824920371646], [174.515782259237, -36.8825146883312], [174.51578750105, -36.8825380481099], [174.515792958322, -36.8825615223178], [174.515798509068, -36.8825840488923], [174.515804142071, -36.8826056279767], [174.515809868193, -36.8826262414048], [174.515815687789, -36.8826459071995], [174.515821600503, -36.882664607338], [174.515827595295, -36.8826823509748], [174.515833672344, -36.8826991471215], [174.515839853727, -36.8827149774687], [174.515846117188, -36.8827298513143], [174.515852462905, -36.8827437776696], [174.515858901738, -36.8827567383687], [174.515865433866, -36.882768742423], [174.515872059289, -36.8827797898324], [174.515878766788, -36.8827898807402], [174.515885567581, -36.8827990150032], [174.51589245045, -36.8828071927644], [174.515899426613, -36.8828144138808], [174.515906496069, -36.8828206783523], [174.515913647601, -36.8828259863222], [174.51592091682, -36.8828304364868], [174.515928427845, -36.8828346311816], [174.515936205782, -36.8828387052919], [174.515944250097, -36.8828426317835], [174.515952561325, -36.8828464376905], [174.51596113911, -36.88285010499], [174.515969994669, -36.8828536335388], [174.515979105744, -36.8828570326346], [174.515988494772, -36.882860301991], [174.515998139139, -36.8828634328828], [174.516008061279, -36.8828664250237], [174.516018250155, -36.8828692875682], [174.516028705764, -36.8828720205162], [174.51603942793, -36.8828746148562], [174.516050416831, -36.8828770795996], [174.516061672287, -36.8828794057348], [174.516073194478, -36.8828816022732], [174.516084994443, -36.8828836600602], [174.516097049924, -36.8828855883934], [174.516109383358, -36.8828873869865], [174.516121983347, -36.882889046971], [174.5161347281, -36.8828906510245], [174.516147562596, -36.8828922539315], [174.516160475795, -36.8828938648464], [174.516173467342, -36.8828954657464], [174.516186537593, -36.8828970746542], [174.516199697408, -36.882898673404], [174.516212935749, -36.8829002711501], [174.516226252794, -36.8829018769041], [174.516239648186, -36.8829034726431], [174.516253133322, -36.8829050672352], [174.516266697161, -36.882906669835], [174.516280339347, -36.8829082624197], [174.516294060059, -36.8829098540007], [174.516307859474, -36.8829114535893], [174.516321748455, -36.8829130430195], [174.51633571614, -36.8829146404573], [174.516349762171, -36.8829162278799], [174.516363897946, -36.8829178141553], [174.516378112425, -36.8829194084383], [174.516392394033, -36.8829209928492], [174.516406697543, -36.8829225499375], [174.516420808389, -36.8829240103324], [174.516434737433, -36.8829253558676], [174.516448462417, -36.8829265958412], [174.516462005777, -36.8829277299667], [174.516475356473, -36.882928767399], [174.516488514149, -36.8829296901151], [174.5165014902, -36.8829305069835], [174.516514262191, -36.8829312182905], [174.51652684134, -36.882931823893], [174.516539238865, -36.8829323236479], [174.516551443547, -36.8829327176985], [174.516563455386, -36.8829330060448], [174.516575274383, -36.8829331886868], [174.516586900359, -36.8829332566132], [174.516598333671, -36.8829332278469], [174.51660957414, -36.8829330933765], [174.516620632806, -36.8829328440476], [174.516631498807, -36.882932498026], [174.51664216057, -36.8829320374324], [174.516652686292, -36.8829315064647], [174.516663451511, -36.8829311707405], [174.516674570187, -36.8829311189422], [174.516686053183, -36.8829313329035], [174.516697889815, -36.882931839802], [174.516710079549, -36.8829326126032], [174.516722622741, -36.8829336693298], [174.516735530431, -36.8829350008271], [174.516748802797, -36.8829366161064], [174.516762417048, -36.8829384974311], [174.516776395976, -36.8829406625375], [174.516790739581, -36.8829431114256], [174.516805425249, -36.8829458353701], [174.516820475416, -36.8829488340846], [174.516835890083, -36.8829521075688], [174.516851646991, -36.8829556651204], [174.5168677684, -36.8829594974416], [174.516884243268, -36.8829636136867], [174.516901082459, -36.8829679956896], [174.516918275289, -36.8829726706275], [174.516935821223, -36.8829776114661], [174.516991612093, -36.8829969726749], [174.517045572323, -36.8830156812034], [174.517097701554, -36.8830337190311], [174.517147988922, -36.8830511043267], [174.517196445286, -36.8830678189265], [174.517243059782, -36.8830838809989], [174.517287843448, -36.8830992813914], [174.517330796102, -36.8831140110947], [174.517371906882, -36.8831280882771], [174.517411175607, -36.883141503929], [174.517448624711, -36.8831542577657], [174.517484231757, -36.8831663500756], [174.517517996921, -36.8831777898719], [174.517549931062, -36.8831885589899], [174.517580034358, -36.8831986664427], [174.517608295767, -36.8832081213863], [174.517634726149, -36.883216905656], [174.517659314643, -36.8832250374192], [174.517682072106, -36.8832324985109], [174.517702987679, -36.8832393070984], [174.517722072398, -36.8832454540279], [174.517739337481, -36.883250939157], [174.517755615728, -36.8832558870534], [174.517771503648, -36.8832603892482], [174.517787023499, -36.8832644364435], [174.517802141806, -36.8832680380808], [174.517816892221, -36.8832711937303], [174.51783125213, -36.8832738946673], [174.517845232751, -36.8832761407487], [174.517858823222, -36.8832779501408], [174.517872034225, -36.8832792956661], [174.517884855079, -36.8832802045024], [174.517897296643, -36.8832806584836], [174.517909358918, -36.8832806576098], [174.517921031042, -36.8832802200474], [174.517932323697, -36.8832793186189], [174.517943237419, -36.8832779803586], [174.517953760633, -36.8832761873872], [174.517963904556, -36.8832739395614], [174.517973658149, -36.883271246036], [174.51798303263, -36.8832681066679], [174.51799202782, -36.8832645124457], [174.51800063268, -36.8832604725242], [174.518008858427, -36.8832559867602], [174.518017036982, -36.8832513844204], [174.518025294775, -36.8832468171224], [174.518033654241, -36.8832422845796], [174.518042104164, -36.8832377869354], [174.518050655938, -36.8832333330577], [174.51805929799, -36.8832289050671], [174.518068030676, -36.8832245209864], [174.518076853819, -36.8832201718041], [174.518085778634, -36.8832158573769], [174.518094793906, -36.8832115778481], [174.518103910851, -36.8832073330743], [174.518113118431, -36.8832031322102], [174.518122416466, -36.8831989662446], [174.518131816175, -36.8831948350339], [174.51814130634, -36.8831907387214], [174.518150886961, -36.8831866773072], [174.518160558037, -36.8831826507913], [174.518170330966, -36.8831786680417], [174.51818019435, -36.8831747201902], [174.51819015923, -36.8831707980822], [174.518200214744, -36.8831669198838], [174.518210349674, -36.8831630857382], [174.518220417296, -36.8831592524519], [174.518230327866, -36.8831554211717], [174.518240115039, -36.8831515914675], [174.518249745161, -36.8831477637694], [174.518259240667, -36.8831439377908], [174.518268601558, -36.8831401135318], [174.518277816615, -36.8831362911355], [174.518286897235, -36.8831324794703], [174.518295831843, -36.8831286606566], [174.518304631837, -36.8831248435626], [174.518313285996, -36.8831210283315], [174.518321805541, -36.8831172148201], [174.518330179252, -36.8831134031718], [174.518338418348, -36.8831095932433], [174.518346511789, -36.8831057941893], [174.518354459219, -36.883101987987], [174.518362272033, -36.8830981835046], [174.518369950233, -36.883094380742], [174.518377482599, -36.8830905798427], [174.51838488035, -36.8830867806632], [174.518392132268, -36.8830829833471], [174.518399249749, -36.8830791967623], [174.51840626841, -36.8830755196047], [174.518413188787, -36.8830719789084], [174.518420021919, -36.8830685655187], [174.518426767985, -36.8830652884471], [174.518433415588, -36.8830621388256], [174.518439987342, -36.8830591253787], [174.518446449594, -36.8830562485367], [174.518452835819, -36.883053498858], [174.51845912376, -36.8830508856408], [174.518465324457, -36.8830483997304], [174.518471426869, -36.8830460502814], [174.518477442037, -36.8830438281393], [174.518483370139, -36.8830417423152], [174.518489199957, -36.8830397929528], [174.51849494253, -36.8830379708971], [174.518500598038, -36.8830362851597], [174.518506155083, -36.8830347268725], [174.518511625062, -36.8830333049035], [174.518517007976, -36.8830320192528], [174.518522303645, -36.8830308609089], [174.51852750103, -36.8830298390266], [174.518532622568, -36.8830289533193], [174.518537780972, -36.8830282293874], [174.518542976242, -36.8830276672309], [174.51854823117, -36.883027284586], [174.518553534183, -36.8830270635732], [174.518558896677, -36.8830270130604], [174.518564296215, -36.8830271333345], [174.518569755234, -36.8830274241086], [174.518575251119, -36.8830278766582], [174.518580806485, -36.8830284997078], [174.518586410113, -36.8830292934008], [174.518592073044, -36.8830302485824], [174.518597773199, -36.8830313835623], [174.518603532656, -36.8830326800308], [174.518609329158, -36.883034147286], [174.518615184962, -36.8830357760298], [174.518621100425, -36.8830375842851], [174.518627052756, -36.8830395543156], [174.518633053349, -36.8830416949895], [174.518639113246, -36.883043997152], [174.518645221584, -36.8830464789693], [174.518651378006, -36.8830491224185], [174.518657526246, -36.883051919205], [174.518663462596, -36.8830547817957], [174.518669130789, -36.8830577018961], [174.518674542221, -36.8830606883742], [174.518679707932, -36.8830637320752], [174.518684605485, -36.883066833286], [174.518689257495, -36.8830700007313], [174.518693652565, -36.883073225543], [174.518697790697, -36.8830765077212], [174.51870166067, -36.8830798474093], [174.518705285101, -36.883083253332], [174.518708652413, -36.8830867076097], [174.518711762964, -36.8830902282655], [174.518714627972, -36.8830938151559], [174.518717224644, -36.8830974505449], [174.518719564555, -36.8831011523119], [174.518721647526, -36.8831049114456], [174.518723484775, -36.8831087278026], [174.518725054045, -36.883112610681], [174.518726377594, -36.8831165507828], [174.518727444202, -36.8831205482512], [174.51872825387, -36.8831246030863], [174.518728861795, -36.883128669514], [174.518729477368, -36.8831325555697], [174.518730111628, -36.8831362520984], [174.518730764754, -36.8831397681117], [174.518731447607, -36.8831430854434], [174.518732138107, -36.8831462224029], [174.518732858512, -36.8831491696922], [174.518733586386, -36.8831519275981], [174.518734344344, -36.883154504845], [174.518735120811, -36.8831568835537], [174.518735904925, -36.8831590818903], [174.518736718945, -36.8831610905567], [174.518737562869, -36.8831629095528], [174.518738414263, -36.8831645391654], [174.518739284343, -36.8831659792511], [174.518740173111, -36.88316722981], [174.518741080745, -36.8831682998534], [174.518742018283, -36.8831691802265], [174.518742963291, -36.8831698712162], [174.518743938203, -36.8831703725356], [174.518744931803, -36.8831706843281], [174.518745932872, -36.8831708067371], [174.518746942838, -36.8831708118541], [174.518747874814, -36.8831708450092], [174.518748740376, -36.8831709240818], [174.518749539166, -36.8831710310491], [174.518750271542, -36.883171183934], [174.518750926106, -36.8831713738683], [174.518751514077, -36.8831716007088], [174.518752035633, -36.8831718734669], [174.518752490417, -36.8831721741196], [174.518752867569, -36.8831725208333], [174.518753189167, -36.8831728952983], [174.518753421915, -36.8831733159676], [174.518753599287, -36.8831737733996], [174.518753710245, -36.8831742767492], [174.518753743213, -36.8831748081369], [174.518753698548, -36.8831753855855], [174.518753598508, -36.8831759997969], [174.518753420478, -36.8831766420464], [174.51875318743, -36.8831773390814], [174.518752865174, -36.8831780642979], [174.518752487543, -36.8831788262772], [174.518752043498, -36.883179634174], [174.518751512387, -36.8831805783895], [174.518750931077, -36.8831818206992], [174.518750266094, -36.8831833705448], [174.518749540051, -36.8831852366509], [174.518748752592, -36.8831874009946], [174.518747881458, -36.8831898728742], [174.518746949087, -36.8831926520029], [174.51874594426, -36.8831957385241], [174.518744878195, -36.8831991322943], [174.518743739496, -36.8832028244456], [174.518742528519, -36.8832068330007], [174.518741256304, -36.883211148805], [174.518739900236, -36.8832157631336], [174.518738494327, -36.8832206935793], [174.518737004565, -36.8832259225495], [174.518735453743, -36.8832314677801], [174.518733830287, -36.8832373113918], [174.518732145593, -36.8832434622525], [174.518730377224, -36.883249920649], [174.518728559014, -36.8832566951626], [174.518726656951, -36.8832637682007], [174.518724693649, -36.8832711484877], [174.518722666253, -36.8832786918409], [174.518720571192, -36.8832862180316], [174.518718420041, -36.8832937449392], [174.518716201404, -36.8833012636957], [174.51871392632, -36.8833087651462], [174.518711594967, -36.8833162583023], [174.518709196129, -36.8833237433073], [174.518706741021, -36.8833312200178], [174.518704229646, -36.8833386884338], [174.518701650605, -36.8833461396872], [174.518699004078, -36.8833535827895], [174.518696301461, -36.8833610266087], [174.518693542397, -36.883368453122], [174.518690726885, -36.8833758623293], [174.518687844066, -36.8833832723969], [174.518684893582, -36.883390665302], [174.518681887008, -36.8833980589239], [174.518678823986, -36.8834054352399], [174.518675693478, -36.8834128034047], [174.518672506701, -36.883420163275], [174.518669263478, -36.8834275058393], [174.518665952946, -36.8834348492638], [174.518662741946, -36.8834421193063], [174.518659753341, -36.8834492873551], [174.518656997992, -36.8834563352441], [174.518654465036, -36.8834632811394], [174.518652165515, -36.8834701158862], [174.518650076813, -36.8834768307601], [174.518648232942, -36.8834834433535], [174.518646611287, -36.8834899449419], [174.518645211849, -36.8834963355253], [174.518644034626, -36.8835026151037], [174.518643102235, -36.8835087924018], [174.518642380663, -36.8835148498269], [174.518641892526, -36.8835207961035], [174.518641626784, -36.8835266403867], [174.518641594298, -36.88353236451], [174.518641784207, -36.8835379866398], [174.518642207373, -36.8835434886097], [174.518642852934, -36.8835488885861], [174.518643720711, -36.8835541775575], [174.518644821923, -36.8835593553805], [174.518646145352, -36.8835644221986], [174.518647702216, -36.8835693778682], [174.518649270477, -36.8835743424058], [174.518650750601, -36.8835793891934], [174.51865214241, -36.8835845092196], [174.518653445903, -36.8835897024843], [174.518654650041, -36.8835949781424], [174.518655765686, -36.8836003180276], [174.518656793372, -36.8836057491743], [174.518657721347, -36.8836112446915], [174.518658561185, -36.8836168224587], [174.518659301489, -36.8836224736079], [174.518659964874, -36.8836282068636], [174.518660517508, -36.8836340136448], [174.518660993044, -36.8836398935211], [174.518661369226, -36.8836458557908], [174.518661656913, -36.8836518822877], [174.518661856642, -36.883658000046], [174.518661956659, -36.8836641821749], [174.518661968539, -36.8836704465538], [174.518661880886, -36.8836767843146], [174.518661716313, -36.8836832041821], [174.518661440989, -36.883689697575], [174.518661077527, -36.8836962732178], [174.518660437008, -36.8837030236627], [174.518659464592, -36.8837100127065], [174.518658126445, -36.883717231768], [174.518656456221, -36.8837246804171], [174.518654431486, -36.8837323589405], [174.518652063455, -36.8837402671947], [174.51864935213, -36.8837484051798], [174.518646286292, -36.8837567730392], [174.518642877158, -36.8837653706293], [174.51863912473, -36.8837741979503], [174.518635029006, -36.883783255002], [174.518630578769, -36.8837925419279], [174.518625785236, -36.8838020585844], [174.518620648407, -36.8838118049716], [174.518615168282, -36.8838217810895], [174.518609333643, -36.8838319870812], [174.518603155708, -36.8838424228036], [174.518596634476, -36.8838530882563], [174.518589769947, -36.8838639834395], [174.518582550903, -36.8838751084965], [174.518574988562, -36.8838864632837], [174.518567127081, -36.883898011182], [174.518559518436, -36.8839092944504], [174.518552350119, -36.8839201484457], [174.518545622309, -36.8839305821795], [174.518539335185, -36.8839406046633], [174.518533477172, -36.8839501980177], [174.518528048627, -36.8839593802654], [174.51852306059, -36.8839681422519], [174.518518513062, -36.8839764839772], [174.518514394825, -36.8839844055847], [174.518510717274, -36.8839919159424], [174.518507480054, -36.8839989970276], [174.518504672304, -36.8840056670065], [174.518502305063, -36.8840119167244], [174.518500367114, -36.8840177463246], [174.518498869674, -36.8840231556638], [174.518497801525, -36.8840281448854], [174.518497185283, -36.8840327227141], [174.518496986936, -36.8840368715572], [174.518497240496, -36.8840406090073], [174.518497923348, -36.8840439263398], [174.518499035492, -36.8840468235547], [174.518500555384, -36.8840493459959], [174.518502210249, -36.8840518847394], [174.518503934208, -36.884054512737], [174.518505727259, -36.8840572299885], [174.5185076008, -36.8840600453621], [174.518509543434, -36.8840629499898], [174.51851155534, -36.8840659528828], [174.518513636339, -36.8840690450299], [174.518515786609, -36.8840722354424], [174.518518017191, -36.8840755149655], [174.518520316865, -36.8840788837426], [174.51852269703, -36.8840823506417], [174.518525135069, -36.8840859069381], [174.518527653599, -36.8840895613567], [174.518530241221, -36.8840933050291], [174.518532897937, -36.8840971379556], [174.518535635143, -36.884101069004], [174.51853844162, -36.8841050983178], [174.518541317012, -36.8841092078742], [174.518544261676, -36.8841134156959], [174.51854728683, -36.8841177216396], [174.518550369859, -36.8841221169806], [174.518553521982, -36.8841266015755], [174.518556641522, -36.884131140669], [174.518559706221, -36.8841357435595], [174.51856272712, -36.8841404010919], [174.518565704397, -36.8841451222778], [174.518568648912, -36.884149888951], [174.51857152737, -36.8841547195643], [174.518574373244, -36.8841596046764], [174.518577164278, -36.8841645535853], [174.518579922551, -36.8841695479815], [174.518582625984, -36.8841746061745], [174.518585285615, -36.8841797190096], [174.518587901447, -36.8841848864867], [174.518590462437, -36.8841901177607], [174.518592990845, -36.8841954035334], [174.518595464235, -36.8842007440916], [174.518597893823, -36.8842061392918], [174.518600279789, -36.8842115981456], [174.518602621955, -36.8842171116414], [174.518604909101, -36.8842226799227], [174.518607163665, -36.8842283027027], [174.518609363389, -36.8842339892796], [174.518611520025, -36.8842397665443], [174.518613603134, -36.8842457971328], [174.51861563533, -36.8842520897696], [174.518617594176, -36.8842586447416], [174.518619490891, -36.8842654619054], [174.518621314435, -36.8842725504158], [174.518623087065, -36.8842799009747], [174.518624786168, -36.8842875048572], [174.518626423318, -36.8842953799431], [174.518627987297, -36.8843035263755], [174.518629500184, -36.8843119258449], [174.518630939901, -36.8843205966609], [174.518632317307, -36.8843295206573], [174.518633621543, -36.8843387160003], [174.518634863648, -36.8843481735351], [174.518636043799, -36.8843579022732], [174.518637161641, -36.8843678841916], [174.51863821753, -36.8843781373133], [174.51863919989, -36.8843886437588], [174.518640120298, -36.8843994214075], [174.518640978754, -36.8844104702594], [174.518641774899, -36.8844217722917], [174.518642607376, -36.8844332090653], [174.518643760715, -36.8844444163946], [174.518645268391, -36.8844553848382], [174.51864711883, -36.8844660965165], [174.518649323427, -36.8844765602974], [174.518651859748, -36.8844867764679], [174.518654750229, -36.8844967447411], [174.51865798365, -36.8845064652603], [174.518661571053, -36.8845159288707], [174.518665490358, -36.8845251538819], [174.518669774862, -36.8845341218408], [174.518674391268, -36.8845428512005], [174.518679350438, -36.8845513237946], [174.518684663767, -36.8845595484912], [174.518690320217, -36.884567534445], [174.518696319431, -36.884575263633], [174.518702672804, -36.8845827449234], [174.51870936912, -36.8845899784594], [174.518716408199, -36.8845969552295], [174.518723790398, -36.8846036932566], [174.518731526758, -36.8846101833857], [174.518739594664, -36.8846164168921], [174.518747917016, -36.8846224668711], [174.518756260021, -36.8846284264484], [174.518764624214, -36.8846343226582], [174.518773020455, -36.8846401373343], [174.518781426488, -36.8846458797749], [174.518789864748, -36.8846515496933], [174.51879831262, -36.8846571383647], [174.51880679272, -36.8846626545139], [174.518815293651, -36.8846680892727], [174.518823804372, -36.884673451796], [174.518832347321, -36.8846787417971], [174.518840911279, -36.8846839594192], [174.518849496068, -36.884689095651], [174.518858113083, -36.8846941593604], [174.518866739712, -36.884699141823], [174.518875387349, -36.8847040519066], [174.518884067213, -36.8847088894679], [174.518892756868, -36.8847136547936], [174.518901478572, -36.8847183385856], [174.518910209888, -36.8847229411306], [174.51891897361, -36.8847274801647], [174.518927758162, -36.8847319378084], [174.518936599877, -36.8847364488029], [174.518945569991, -36.8847412105391], [174.51895465693, -36.8847462051375], [174.518963872089, -36.8847514414661], [174.518973204431, -36.8847569286796], [174.518982653597, -36.8847626487553], [174.518992231162, -36.8847686195726], [174.519001925732, -36.8847748322632], [174.519011748523, -36.884781286684], [174.519021688318, -36.8847879829781], [174.519031756334, -36.8847949210021], [174.519041941355, -36.8848021008995], [174.51905224338, -36.8848095226702], [174.519062673805, -36.8848171951822], [174.519073221057, -36.884825100556], [174.51908389671, -36.884833256671], [174.519094689188, -36.8848416456478], [174.51910559885, -36.884850285509], [174.519116636735, -36.8848591671], [174.519127791625, -36.884868290564], [174.519139074739, -36.8848776557575], [174.519150474858, -36.8848872628241], [174.519192673235, -36.884941436466], [174.519280823348, -36.885097616535], [174.519373033992, -36.8852095413679], [174.519400039154, -36.8852812516069], [174.519468222037, -36.8854552545964], [174.519516852263, -36.8856244328973], [174.519520757797, -36.8857993931275], [174.519543415866, -36.8859535081687], [174.519559555171, -36.8861025597499], [174.519844817219, -36.8863333844284]]}, "properties": {"OBJECTID": 3052, "TRACKNAME": "Whatitiri Track", "CONDITIONSOFUSE": "Waitakere North Regional Park", "STATUS": "Closed upgrade", "WEBLINK": "https://www.aucklandcouncil.govt.nz/en/parks-recreation/find-park-beach/park-detail/3407.html", "VALIDATIONSTATE": 3, "created_user": "AC_owner", "last_edited_user": "AC_owner", "last_edited_date": 1789875254325, "created_date": 1789875254325, "PARK_SAPSITEID": null, "TRACK_ID": null, "KAURIDIEBACK_TRACK": null, "KAURIDIEBACK_MITIGATED": null, "SegmentID": null, "GlobalID": "f5becdac-a505-4d4f-a878-219fb930acc9", "Shape__Length": 2412.0802564404967, "_COUNCIL_TRACKNAME": "Whatitiri Track"}}, {"type": "Feature", "id": 12643, "geometry": {"type": "LineString", "coordinates": [[174.499735428826, -36.8787570523856], [174.499854622387, -36.8788380596153], [174.499919496807, -36.8788575486231], [174.499945796754, -36.878866726109], [174.499988781053, -36.8788736107837], [174.499997770925, -36.8788754622862], [174.500006054985, -36.8788773677674], [174.500013644452, -36.8788793270858], [174.500020527932, -36.8788813313715], [174.5000267056, -36.8788833896364], [174.500032188851, -36.8788855107503], [174.500036966114, -36.878887676832], [174.500041048607, -36.8788898877399], [174.500044414248, -36.8788921617804], [174.500047096335, -36.8788944805057], [174.50004906157, -36.8788968623636], [174.500050332035, -36.8788992890479], [174.500050896687, -36.8789017697119], [174.500050755352, -36.878904295344], [174.500049919599, -36.8789068838255], [174.500048377858, -36.8789095172752], [174.500046343082, -36.8789121839907], [174.500044554558, -36.8789148205559], [174.500043101498, -36.8789173988035], [174.500041961642, -36.8789199280281], [174.500041146384, -36.8789224170997], [174.500040655547, -36.8789248570068], [174.500040489133, -36.8789272477493], [174.50004064714, -36.8789295893273], [174.500041118352, -36.8789318818824], [174.50004192538, -36.8789341341429], [174.500043056829, -36.8789363372388], [174.500044501307, -36.8789384823003], [174.50004627056, -36.8789405962203], [174.500048375275, -36.8789426518225], [174.500050793195, -36.8789446584018], [174.500053535714, -36.878946624828], [174.500056602655, -36.8789485420895], [174.500059994017, -36.8789504101864], [174.500063709802, -36.8789522291186], [174.500067750009, -36.878953998886], [174.500072114638, -36.8789557194887], [174.500076881506, -36.8789573538892], [174.500082083559, -36.8789588656165], [174.500087709757, -36.8789602638237], [174.500093771316, -36.8789615483691], [174.50010025702, -36.8789627193943], [174.500107166868, -36.8789637768992], [174.500114523295, -36.8789647206004], [174.500122303866, -36.8789655507812], [174.500130508582, -36.8789662674414], [174.500139148483, -36.8789668614279], [174.500148223921, -36.8789673507635], [174.500157723504, -36.8789677265783], [174.500167658273, -36.878967979719], [174.500178017361, -36.8789681283503], [174.500188811635, -36.8789681543072], [174.500200030229, -36.8789680757544], [174.500211684008, -36.878967874527], [174.500223773325, -36.8789675686481], [174.500236286609, -36.878967140236], [174.500249224037, -36.8789665983021], [174.50026231745, -36.8789660003148], [174.500275108523, -36.8789654331849], [174.500287608121, -36.8789648787478], [174.500299805379, -36.8789643551683], [174.500311711514, -36.8789638623049], [174.50032332635, -36.8789633911461], [174.500334627452, -36.8789629419754], [174.50034564865, -36.8789625233793], [174.500356367331, -36.8789621266297], [174.500366783496, -36.8789617517267], [174.500376908539, -36.8789614075403], [174.500386731242, -36.8789610942121], [174.50039626247, -36.8789607935776], [174.500405491534, -36.878960532813], [174.500414429123, -36.8789602847423], [174.500423064372, -36.8789600675301], [174.500431397282, -36.8789598811765], [174.500439449934, -36.8789597073753], [174.500447200423, -36.8789595734443], [174.500454648219, -36.8789594523491], [174.500461827857, -36.8789593887224], [174.500468931795, -36.878959470271], [174.500475994389, -36.8789597326162], [174.500483004248, -36.878960166888], [174.500489950329, -36.8789607822396], [174.500496854891, -36.8789615693763], [174.500503717935, -36.8789625282979], [174.500510517024, -36.8789636592879], [174.500517274595, -36.878964962063], [174.500523968389, -36.8789664459179], [174.500530620665, -36.8789681015579], [174.50053722038, -36.8789699381361], [174.50054376736, -36.878971946641], [174.500550272821, -36.878974126931], [174.500556725546, -36.8789764791477], [174.500563114318, -36.8789790034329], [174.500569461748, -36.8789817085146], [174.500575756442, -36.8789845855231], [174.500582009794, -36.8789876433283], [174.500588199017, -36.8789908641903], [174.500594346898, -36.878994265849], [174.50060037421, -36.8789978132499], [174.500606235907, -36.8790014979483], [174.500611931813, -36.8790053109327], [174.500617484364, -36.8790092519198], [174.500622860082, -36.8790133303461], [174.50062809262, -36.8790175457866], [174.500633159367, -36.8790218895131], [174.500638060324, -36.8790263615258], [174.500642806883, -36.8790309706944], [174.500647387651, -36.8790357081491], [174.50065182524, -36.8790405826181], [174.50065608582, -36.879045585515], [174.500660191826, -36.8790507165564], [174.500664143435, -36.8790559847538], [174.50066792943, -36.879061390249], [174.500671560851, -36.8790669238887], [174.500675026481, -36.8790725858146], [174.500678337713, -36.8790783848967], [174.500681483331, -36.8790843212765], [174.500684474375, -36.8790903858009], [174.500687455261, -36.879096504536], [174.500690737076, -36.879102520319], [174.500694342079, -36.879108423855], [174.500698281312, -36.8791142059907], [174.500702532691, -36.8791198850325], [174.500707107259, -36.8791254518272], [174.500712004839, -36.8791308973633], [174.500717225784, -36.8791362396637], [174.500722769741, -36.8791414607053], [174.500728625846, -36.8791465786529], [174.500734816179, -36.8791515751999], [174.500741329878, -36.879156468511], [174.500748155372, -36.8791612407049], [174.500755315271, -36.8791659005096], [174.500762787319, -36.8791704572199], [174.500770582378, -36.8791748926711], [174.500778700626, -36.8791792158747], [174.500787153281, -36.8791834266888], [174.500795917906, -36.8791875253968], [174.500804994503, -36.8791915119985], [174.500814338731, -36.8791954140954], [174.500823315079, -36.879199438017], [174.500831778778, -36.8792036396746], [174.500839741224, -36.8792080279381], [174.500847191022, -36.8792125939378], [174.500854117131, -36.879217346827], [174.500860541809, -36.8792222773109], [174.500866465057, -36.8792273853895], [174.500871864439, -36.8792326713464], [174.50087676239, -36.8792381348982], [174.50088114787, -36.8792437851981], [174.500885020701, -36.8792496132348], [174.50088838106, -36.8792556280198], [174.500891239812, -36.8792618113884], [174.500893574874, -36.8792681816471], [174.500895408682, -36.8792747385125], [174.500896740881, -36.8792814639615], [174.50089754939, -36.8792883763008], [174.500897856468, -36.8792954662353], [174.50089763968, -36.8793027340485], [174.500896921635, -36.8793101884684], [174.500896003441, -36.879317735554], [174.50089513047, -36.8793253000959], [174.500894314114, -36.8793328909638], [174.500893554198, -36.8793404991462], [174.500892850722, -36.8793481246431], [174.500892192644, -36.8793557766077], [174.500891591007, -36.8793634458869], [174.500891057202, -36.8793711413504], [174.50089056862, -36.87937885427], [174.500890125437, -36.8793865936574], [174.500889749911, -36.8793943502176], [174.500889419608, -36.8794021242341], [174.500889157138, -36.8794099244348], [174.500888939891, -36.8794177420918], [174.500888779083, -36.8794255770633], [174.500888663675, -36.8794334385025], [174.5008886161, -36.879441326126], [174.500888613747, -36.8794492312057], [174.500888667835, -36.8794571536], [174.500888778539, -36.8794651023202], [174.500889045405, -36.8794730039991], [174.500889756206, -36.8794806566992], [174.500890955282, -36.879488032819], [174.500892643163, -36.8794951593931], [174.500894796886, -36.8795020096704], [174.50089743906, -36.8795085923789], [174.500900569687, -36.8795149075187], [174.500904177725, -36.8795209642428], [174.500908262822, -36.8795267445282], [174.500912836548, -36.8795322662562], [174.500917887333, -36.8795375115454], [174.50092341553, -36.8795424984187], [174.500929432179, -36.879547217723], [174.500935926064, -36.8795516695997], [174.500942908401, -36.8795558539072], [174.500950367974, -36.879559770787], [174.500958304782, -36.8795634202391], [174.500966730043, -36.8795668021217], [174.500975632539, -36.8795699165763], [174.500985012447, -36.8795727726144], [174.500994846978, -36.8795753524962], [174.501004653254, -36.8795776352807], [174.50101427423, -36.879579622952], [174.501023687472, -36.8795813157935], [174.50103291506, -36.8795826954987], [174.501041934914, -36.8795837803743], [174.50105076929, -36.8795845611252], [174.501059406973, -36.8795850378933], [174.50106784796, -36.8795852106786], [174.501076103648, -36.8795850883509], [174.501084151423, -36.8795846621823], [174.501092013897, -36.8795839409007], [174.501099668283, -36.8795829067668], [174.501107137368, -36.87958157752], [174.501114409757, -36.8795799442907], [174.501121485452, -36.8795780070789], [174.501128364628, -36.8795757748961], [174.501135047109, -36.8795732387309], [174.501141544113, -36.8795703984415], [174.501147833203, -36.8795672543115], [174.501153936992, -36.8795638150689], [174.501159879679, -36.8795601705455], [174.501165708956, -36.8795564643584], [174.50117143604, -36.8795526963661], [174.501177049539, -36.8795488576987], [174.501182549803, -36.8795449663792], [174.501187947699, -36.879541004243], [174.501193232184, -36.8795369804433], [174.501198403084, -36.8795328859686], [174.501203471791, -36.8795287296886], [174.501208427264, -36.8795245207567], [174.501213280369, -36.8795202410081], [174.50121800867, -36.8795158907263], [174.501222646172, -36.8795114875091], [174.501227158871, -36.8795070137587], [174.501231569377, -36.8795024782031], [174.501235877691, -36.8794978808425], [174.501240061201, -36.8794932129486], [174.501244142519, -36.8794884832497], [174.501248121644, -36.8794836917457], [174.501251976142, -36.87947883872], [174.501255794517, -36.8794738599583], [174.501259828596, -36.8794684367978], [174.501264122541, -36.8794625326254], [174.501268676352, -36.8794561474412], [174.501273490031, -36.8794492812451], [174.501278574793, -36.8794419338953], [174.501283919421, -36.8794341055335], [174.501289512698, -36.8794257963015], [174.501295377058, -36.8794170059158], [174.501301501108, -36.8794077255064], [174.501307885199, -36.8793979730965], [174.501314529156, -36.8793877396745], [174.501321432977, -36.8793770252403], [174.501328596663, -36.8793658297938], [174.501336031432, -36.8793541531934], [174.50134371467, -36.8793419867108], [174.501351669167, -36.8793293480857], [174.50135987231, -36.8793162285899], [174.501368346533, -36.87930262794], [174.501377080444, -36.879288537266], [174.501386063529, -36.8792739927557], [174.501394983189, -36.8792596473485], [174.501403666825, -36.8792458547612], [174.501412114263, -36.8792326059824], [174.50142033672, -36.8792199008705], [174.501428322978, -36.8792077395671], [174.501436073038, -36.8791961220723], [174.501443587077, -36.8791850573977], [174.501450876136, -36.8791745363901], [174.501457940215, -36.8791645590494], [174.501464757056, -36.8791551346709], [174.501471348918, -36.8791462539593], [174.501477704583, -36.8791379170567], [174.501483824052, -36.879130123963], [174.501489718542, -36.8791228745364], [174.501495377013, -36.8791161779303], [174.501500799288, -36.8791100251332], [174.501505996584, -36.8791044160034], [174.501510957862, -36.8790993596941], [174.501515682944, -36.8790948471939], [174.501520183048, -36.8790908783611], [174.501524475669, -36.8790872005898], [174.501528629799, -36.8790833262663], [174.501532644908, -36.879079228356], [174.501536521173, -36.8790749158705], [174.501540247554, -36.8790703979631], [174.501543846131, -36.8790656563272], [174.501547305865, -36.879060700116], [174.501550615537, -36.8790555294714], [174.501553797583, -36.8790501441099], [174.501556829567, -36.879044544315], [174.501559733749, -36.8790387207917], [174.501562488045, -36.8790326918465], [174.501565103322, -36.8790264393146], [174.501567591148, -36.8790199810774], [174.501569928736, -36.8790132993953], [174.501572127481, -36.8790064031381], [174.501574187382, -36.8789992923057], [174.501576108439, -36.8789919668983], [174.501577890652, -36.8789844269158], [174.501579534022, -36.8789766723581], [174.501581050824, -36.8789687571527], [174.50158244847, -36.8789610597829], [174.501583739942, -36.8789536702221], [174.501584936281, -36.878946579317], [174.501586026623, -36.8789398052323], [174.501587021832, -36.8789333298033], [174.501587910867, -36.8789271621833], [174.501588693728, -36.8789213023722], [174.501589381456, -36.8789157412169], [174.501589963011, -36.8789104878705], [174.501590438392, -36.8789055423331], [174.501590818817, -36.878900904463], [174.501591092892, -36.8788965653903], [174.50159127201, -36.8788925339848], [174.501591344955, -36.8788888103883], [174.501591311726, -36.8788853946007], [174.501591172148, -36.8788822776107], [174.501590937613, -36.8788794682879], [174.501590608122, -36.8788769666322], [174.501590161063, -36.8788747639159], [174.501589619049, -36.8788728688667], [174.501589143809, -36.8788709459324], [174.501588853617, -36.8788687322198], [174.501588737432, -36.8788662368822], [174.501588806471, -36.8788634597777], [174.501589060558, -36.8788603918949], [174.50158949987, -36.8788570422454], [174.501590124405, -36.878853410829], [174.501590933989, -36.8788494886343], [174.501591917579, -36.8788452848145], [174.501593086393, -36.8788407992279], [174.501594451472, -36.8788360227212], [174.501595990558, -36.8788309645895], [174.501597714868, -36.8788256246909], [174.501599624402, -36.8788200030254], [174.501601718984, -36.8788140905816], [174.501603987395, -36.8788078875012], [174.501606452424, -36.8788014115237], [174.501609091283, -36.8787946449095], [174.501611915189, -36.8787875875169], [174.501614924494, -36.878780257369], [174.501618064525, -36.8787727272665], [174.501621116229, -36.8787652703902], [174.501624102392, -36.8787579044795], [174.501627000405, -36.8787506208064], [174.501629821661, -36.8787434282408], [174.50163256616, -36.8787363267826], [174.501635233725, -36.8787293074203], [174.501637824533, -36.8787223791655], [174.50164032719, -36.8787155331483], [174.501642753267, -36.87870878725], [174.501645102235, -36.8787021144362], [174.501647363404, -36.8786955418831], [174.50164954764, -36.8786890514259], [174.501651666337, -36.8786826519345], [174.501653685666, -36.8786763348225], [174.501655639455, -36.8786701086761], [174.50165750527, -36.8786639737791], [174.50165930537, -36.8786579208362], [174.501661017495, -36.8786519591425], [174.501662641647, -36.8786460886981], [174.501664200082, -36.8786403002079], [174.501665816369, -36.8786346011239], [174.501667501548, -36.8786289822928], [174.501669278229, -36.8786234524427], [174.501671135196, -36.8786180117152], [174.501673072272, -36.8786126510988], [174.501675100851, -36.8786073794634], [174.501677198499, -36.8786021970924], [174.501679387473, -36.8785970946908], [174.501681656732, -36.8785920814118], [174.501684017494, -36.8785871571137], [174.501686447148, -36.8785823130686], [174.501688968305, -36.8785775580042], [174.501691569747, -36.8785728920626], [174.501694262515, -36.8785683060902], [174.501697024352, -36.8785638093822], [174.501699877515, -36.8785593926436], [174.501702810964, -36.8785550650276], [174.501705824698, -36.8785508265343], [174.501708918541, -36.878546668152], [174.501712103887, -36.8785425987505], [174.501715392658, -36.8785386542341], [174.501718819567, -36.8785348882465], [174.501722395476, -36.8785312826229], [174.501726098305, -36.8785278556698], [174.501729939271, -36.8785246072456], [174.501733929238, -36.8785215191852], [174.501738046124, -36.8785186097954], [174.501742312188, -36.878515869781], [174.501746704994, -36.8785132994256], [174.501751247155, -36.8785109074571], [174.501755916059, -36.8785086851476], [174.50176073414, -36.8785066322134], [174.501765690359, -36.8785047578078], [174.501770773144, -36.8785030440497], [174.501776005283, -36.8785015086784], [174.501781375558, -36.8785001518356], [174.501786883618, -36.8784989554984], [174.501792529815, -36.8784979376898], [174.501798313973, -36.8784970893981], [174.501804236267, -36.878496419635], [174.501810263047, -36.8784959288257], [174.501816227993, -36.8784957182236], [174.501822120067, -36.878495796982], [174.501827927874, -36.8784961562313], [174.501833673848, -36.8784967956877], [174.501839335555, -36.8784977156349], [174.50184492439, -36.8784989249427], [174.501850440175, -36.8785004145995], [174.501855871869, -36.8785021937587], [174.501861230338, -36.8785042442554], [174.50186651611, -36.8785065931242], [174.501871728657, -36.8785092133306], [174.501876868331, -36.8785121228975], [174.501881923738, -36.8785153129554], [174.501886906096, -36.8785187833623], [174.501891815582, -36.8785225431299], [174.501896652019, -36.8785265832465], [174.501901404189, -36.8785309038541], [174.501906083487, -36.8785355138224], [174.501910689736, -36.8785404041398], [174.501915234153, -36.8785455746645], [174.501919814694, -36.8785508709247], [174.501924508821, -36.8785562378589], [174.501929316357, -36.8785616664555], [174.501934237301, -36.8785671567145], [174.501939260438, -36.8785727087776], [174.501944396984, -36.8785783225031], [174.501949647116, -36.8785840069025], [174.501954999439, -36.8785897531059], [174.501960465172, -36.8785955609717], [174.501966033274, -36.8786014396531], [174.501971714608, -36.8786073709852], [174.501977509529, -36.8786133729911], [174.501983406641, -36.8786194368011], [174.501989417163, -36.8786255622732], [174.501995541271, -36.8786317584191], [174.502001767572, -36.878638016369], [174.502008107282, -36.878644335981], [174.502014560402, -36.8786507172552], [174.502021115714, -36.8786571603333], [174.502027784613, -36.8786636740851], [174.502034624949, -36.8786703479165], [174.502041730169, -36.8786773699347], [174.502049122531, -36.8786847308446], [174.502056790818, -36.8786924307879], [174.502064735382, -36.8787004877876], [174.502072955695, -36.878708874809], [174.502081452286, -36.8787176188867], [174.502090224626, -36.8787266929861], [174.502099284461, -36.8787361239997], [174.502108609006, -36.8787458941882], [174.502118220694, -36.8787560032679], [174.502128097267, -36.8787664605337], [174.502138261161, -36.8787772657021], [174.502148700981, -36.8787884099031], [174.502159416906, -36.8787999021483], [174.502170408757, -36.8788117334261], [174.502181676713, -36.8788239127478], [174.502193220773, -36.8788364401135], [174.502205051803, -36.8788492973581], [174.502217147896, -36.8788625117998], [174.502229462243, -36.8788759848791], [174.502241513299, -36.8788891908739], [174.502253242859, -36.8789020223551], [174.502264640058, -36.8789144974879], [174.50227570472, -36.8789266072607], [174.502286436667, -36.8789383426622], [174.502296836252, -36.8789497217154], [174.502306903299, -36.8789607354091], [174.502316637807, -36.8789713837432], [174.502326039776, -36.8789816667178], [174.502335109029, -36.8789915753216], [174.502343857136, -36.8790011274358], [174.502352261485, -36.8790103143327], [174.502360344513, -36.8790191357286], [174.502368094999, -36.8790275917654], [174.502375501728, -36.8790356825851], [174.502382587133, -36.8790434079041], [174.502389340174, -36.8790507768757], [174.502395760497, -36.8790577714771], [174.502401848278, -36.8790644007197], [174.502407614736, -36.8790706644619], [174.502413266549, -36.8790768034611], [174.50241898602, -36.8790829596319], [174.502424762108, -36.8790891421277], [174.50243058342, -36.8790953420789], [174.502436461173, -36.8791015593435], [174.502442395543, -36.8791078029331], [174.502448386355, -36.8791140638361], [174.502454422566, -36.879120351206], [174.502460526436, -36.8791266557474], [174.50246667553, -36.8791329777441], [174.502472881241, -36.8791393260658], [174.502479143393, -36.8791456917008], [174.502485462163, -36.8791520836608], [174.502491826157, -36.879158493076], [174.502498257985, -36.8791649286742], [174.502504734861, -36.8791713727162], [174.502511268531, -36.8791778520945], [174.502517847249, -36.8791843399165], [174.502524493978, -36.879190862933], [174.502531185754, -36.8791973943932], [174.502537946425, -36.8792040061054], [174.50254478968, -36.8792108240889], [174.50255172709, -36.8792178662246], [174.502558735867, -36.8792251147735], [174.502565838799, -36.8792325874746], [174.502573024315, -36.8792402664469], [174.50258029277, -36.8792481697133], [174.502587655203, -36.8792562881204], [174.50259508918, -36.879264621952], [174.502602617135, -36.8792731709244], [174.502610227853, -36.8792819351793], [174.502617932549, -36.8792909145748], [174.502625708967, -36.8793001184063], [174.502633579187, -36.8793095283669], [174.502641532345, -36.8793191626214], [174.502649568089, -36.8793290031469], [174.50265769799, -36.8793390678245], [174.502665910652, -36.8793493477845], [174.502674206077, -36.8793598430269], [174.502682584264, -36.8793705535517], [174.50269103329, -36.8793814434547], [174.502699365907, -36.8793921184996], [174.50270752373, -36.8794024622463], [174.50271551833, -36.8794124925759], [174.502723338137, -36.8794221916073], [174.502730994722, -36.8794315772218], [174.502738487729, -36.8794406313963], [174.50274580612, -36.8794493632843], [174.502752949717, -36.8794577638742], [174.50275993009, -36.8794658510474], [174.502766746886, -36.8794736067807]]}, "properties": {"OBJECTID": 12643, "TRACKNAME": "Whatitiri Track", "CONDITIONSOFUSE": "Waitakere North Regional Park", "STATUS": "Closed upgrade", "WEBLINK": "https://www.aucklandcouncil.govt.nz/en/parks-recreation/find-park-beach/park-detail/3407.html", "VALIDATIONSTATE": 3, "created_user": "AC_owner", "last_edited_user": "AC_owner", "last_edited_date": 1789875254325, "created_date": 1789875254325, "PARK_SAPSITEID": null, "TRACK_ID": null, "KAURIDIEBACK_TRACK": null, "KAURIDIEBACK_MITIGATED": null, "SegmentID": null, "GlobalID": "9bea79af-d144-49df-a194-833fe1f3f200", "Shape__Length": 459.38879189666903, "_COUNCIL_TRACKNAME": "Whatitiri Track"}}, {"type": "Feature", "id": 12182, "geometry": {"type": "LineString", "coordinates": [[174.467530830185, -36.9397999686117], [174.467340547364, -36.9396336730233], [174.467295234998, -36.9395732616212], [174.46706323942, -36.9391975313363], [174.467053200603, -36.9391646138648], [174.467061358716, -36.9390730321907], [174.467053847932, -36.939042300854], [174.467006784929, -36.9389950925857], [174.466793547267, -36.9388230341711], [174.466778896533, -36.9388348500197], [174.466760546973, -36.9389145558331], [174.466741747556, -36.9389565034244], [174.466549391349, -36.9392712524506], [174.46637463793, -36.9396211832702], [174.46632989664, -36.9396777162212], [174.466283858686, -36.9397132912022], [174.466249637586, -36.9397234043905], [174.466201222063, -36.9397112063733], [174.466051674655, -36.9396527430952], [174.466010029935, -36.9396523035966], [174.465977103167, -36.9396912319302], [174.465769240398, -36.940036058749], [174.46574689934, -36.9400643923514], [174.46572496553, -36.9400769397468], [174.465679633091, -36.9400783844477], [174.465635896209, -36.9400644068367], [174.465537146679, -36.9399489514805], [174.465482418984, -36.9398308029832], [174.465469072461, -36.9397792317938], [174.465513585749, -36.9395171780081], [174.465547413058, -36.9394632903737], [174.465769311186, -36.9392254734229], [174.46577304396, -36.9392005161959], [174.465510002088, -36.938877719451], [174.465443658576, -36.9387680546387], [174.465418188867, -36.9387433018691], [174.465349704318, -36.9387215902301], [174.46529036584, -36.9387182933449], [174.46524554253, -36.9387506810192], [174.465197199725, -36.9388229274047], [174.46518813974, -36.9388258352441], [174.465133493271, -36.9384927692673], [174.465116923559, -36.9384436678846], [174.465064275939, -36.9384006920591], [174.46481874815, -36.9382477723914], [174.464789443813, -36.9382170771818], [174.46478461904, -36.9381671160818], [174.464797839631, -36.9378849071708], [174.464832746518, -36.9376942118176], [174.464831701436, -36.937643022394], [174.464790343372, -36.9375441159784], [174.464609542052, -36.9372743685364], [174.464541746734, -36.9371073623943], [174.464526429959, -36.9370373282672], [174.464565170365, -36.9370058388365], [174.464568998494, -36.9369779861608], [174.464474698535, -36.9366464796294], [174.464451942092, -36.9366192306295], [174.464356169707, -36.9365495243491], [174.464120277401, -36.9363329629437], [174.464088588757, -36.9362969653351], [174.464067318714, -36.9362472709405], [174.464016646122, -36.9360653186434], [174.4640621911, -36.9358123563415], [174.464052380648, -36.9352994056257], [174.464030891495, -36.9352646523253], [174.463943224911, -36.9352162001067], [174.46389098402, -36.9351725561899], [174.463766761192, -36.9350519554081], [174.463740379268, -36.9350059501642], [174.463702002481, -36.9347989394533], [174.463740240803, -36.9347110081551], [174.463808507989, -36.9346031117976], [174.463814670311, -36.9345724811813], [174.463796164856, -36.934533325715], [174.463678482894, -36.9343604323058], [174.46366582082, -36.934322277424], [174.463681421923, -36.9342944184657], [174.46377544849, -36.9341987769347], [174.463788293405, -36.9341692961188], [174.463789920155, -36.934131245443], [174.463768343476, -36.9340824993863], [174.463671339419, -36.933924005548], [174.463576271712, -36.9338264050844], [174.46354599299, -36.9338074050996], [174.463542060996, -36.933787743289], [174.463518602209, -36.93355214372], [174.463515667984, -36.9333030049873], [174.463627320979, -36.9329161216928], [174.463589918824, -36.9327440242631], [174.463594090156, -36.9325464644996], [174.463439708366, -36.9321227127832], [174.463271605052, -36.9319425270753], [174.46303463449, -36.9317361214052], [174.463046037288, -36.9317035676252], [174.463085327513, -36.9316544275615]]}, "properties": {"OBJECTID": 12182, "TRACKNAME": "White Track", "CONDITIONSOFUSE": "Waitakere West Regional Park", "STATUS": "Open", "WEBLINK": "https://www.aucklandcouncil.govt.nz/en/parks-recreation/find-park-beach/park-detail/3451.html", "VALIDATIONSTATE": 3, "created_user": "AC_owner", "last_edited_user": "AC_owner", "last_edited_date": 1789875254325, "created_date": 1789875254325, "PARK_SAPSITEID": null, "TRACK_ID": null, "KAURIDIEBACK_TRACK": null, "KAURIDIEBACK_MITIGATED": null, "SegmentID": null, "GlobalID": "6e616418-3a80-4095-a208-213ffeebca08", "Shape__Length": 1399.4071483948246, "_COUNCIL_TRACKNAME": "White Track"}}, {"type": "Feature", "id": 11985, "geometry": {"type": "LineString", "coordinates": [[175.032422975029, -36.7966143623347], [175.032942024604, -36.7964284794543], [175.033413005351, -36.7963504148406], [175.034207798527, -36.7955984026262], [175.034573211262, -36.7955657307268], [175.034616280297, -36.7956416097239], [175.035573634122, -36.7956952328996], [175.036051157215, -36.7948099400256], [175.035533841479, -36.7941414763365], [175.035407866956, -36.7935512654223], [175.03558971762, -36.7932468082904], [175.035846668579, -36.7931619126001], [175.036111427646, -36.7932750271091], [175.03644174196, -36.7936346978517], [175.036787007672, -36.7937835830363], [175.037476219999, -36.7937408140589], [175.037608239042, -36.7935899442018], [175.037827498033, -36.7930906901644], [175.037886290326, -36.7930423473719], [175.037998829252, -36.793028034359], [175.03835400482, -36.7946340561896], [175.040995068533, -36.7951821463973], [175.041504089012, -36.7950218327282], [175.04169636598, -36.7947121564438], [175.041567550916, -36.7942402941306], [175.041318251493, -36.793912400038], [175.041140744012, -36.7934187989087], [175.040979126219, -36.7932216237751], [175.041112905872, -36.7929742272995], [175.041122264374, -36.7927225169367], [175.041635605759, -36.7924234538276], [175.042196066781, -36.791784954735], [175.042499280455, -36.7906703482283], [175.043046302794, -36.7895455048762], [175.043228551233, -36.7893307326033], [175.044114300011, -36.7890632996114]]}, "properties": {"OBJECTID": 11985, "TRACKNAME": "Wilma Road", "CONDITIONSOFUSE": "Te Toki Reserve", "STATUS": "Open", "WEBLINK": "https://www.aucklandcouncil.govt.nz/en/parks-recreation/find-park-beach/park-detail/1054.html", "VALIDATIONSTATE": 3, "created_user": "AC_owner", "last_edited_user": "AC_owner", "last_edited_date": 1789875254325, "created_date": 1789875254325, "PARK_SAPSITEID": null, "TRACK_ID": null, "KAURIDIEBACK_TRACK": null, "KAURIDIEBACK_MITIGATED": null, "SegmentID": null, "GlobalID": "cb410671-a8c7-4002-82a5-cc043417e9d2", "Shape__Length": 2190.341500188651, "_COUNCIL_TRACKNAME": "Wilma Road"}}, {"type": "Feature", "id": 2553, "geometry": {"type": "LineString", "coordinates": [[174.492273728106, -36.9596358888788], [174.492359658075, -36.9595732104436], [174.492424764544, -36.9595480840351], [174.49247237126, -36.959542159405], [174.492688940627, -36.9596130509969], [174.492959709832, -36.9596537193221], [174.493069609847, -36.9596571496037], [174.493135105244, -36.9596360731505], [174.493193725647, -36.9596266782721], [174.493317521335, -36.9596338211321], [174.49368566638, -36.9597503682474], [174.493785435914, -36.9597663623345], [174.493828033856, -36.9597568505624], [174.493902931473, -36.9596746718341], [174.493972876972, -36.9596309588674], [174.494044465738, -36.9596133466924], [174.494171444969, -36.9595988978991], [174.494199396515, -36.9596042832841], [174.494230854493, -36.9596235668191], [174.494341192736, -36.9597413653089], [174.494365811661, -36.959748811656], [174.494405730351, -36.9597482469844], [174.494749860387, -36.9597051497485], [174.494810060769, -36.9596914932656], [174.49484876396, -36.9596546710864], [174.494947616747, -36.9594864848453], [174.494976019739, -36.959453034531], [174.495009712591, -36.9594428295565], [174.49512234149, -36.9594424567773], [174.495164282853, -36.9594239707115], [174.495309767998, -36.9592686253849], [174.495342102128, -36.9592245038049], [174.495345773622, -36.9591924474441], [174.495326740737, -36.9591007111544], [174.495336413275, -36.9590756531074], [174.49537818341, -36.9590596235365], [174.495428517126, -36.9590534921171], [174.495511927378, -36.9590750836805], [174.495549760869, -36.9590761168721], [174.495583747408, -36.9590679613424], [174.495604242609, -36.959046103782], [174.495611611456, -36.9589833824238], [174.495541273624, -36.9588371065117], [174.495540935765, -36.9587604597276], [174.495552078442, -36.9587170268779], [174.495570595473, -36.9587081955079], [174.495607583431, -36.9587089049286], [174.495736206655, -36.9587366734555], [174.49580536031, -36.9587411689011], [174.495872432533, -36.958725906508], [174.4959164323, -36.9587008278121], [174.496152299352, -36.9585203492008], [174.496233996162, -36.9584442432528], [174.496261815735, -36.9583925645053], [174.496286464639, -36.9582702389949], [174.496335730783, -36.9581333706828], [174.496362746677, -36.9581085861046], [174.496426259737, -36.9581001960905], [174.496459626409, -36.9580671677937], [174.496462704839, -36.9579887094753], [174.496411686653, -36.9578657657017], [174.496353121705, -36.9577745413566], [174.496279723152, -36.957740651276], [174.496279247845, -36.9577043097856], [174.496307354076, -36.957583211609], [174.496342197816, -36.9575217303163], [174.496383845202, -36.9574809450959], [174.496408372052, -36.9574782049777], [174.496478002145, -36.9574926387806], [174.496519080695, -36.9574880423139], [174.496586442601, -36.9574638866285], [174.496621120473, -36.9574241284027], [174.496696613662, -36.9572609826627], [174.496707967851, -36.9571915039415], [174.49670093455, -36.9570661264176], [174.496631629316, -36.9567930658201], [174.496630944827, -36.9567619395495], [174.49665002168, -36.9567335963513], [174.496749200229, -36.9566393568729], [174.49685701617, -36.9564436527858], [174.49693315797, -36.9563492808594], [174.497040441587, -36.9562498859025], [174.49713226265, -36.9560941054428], [174.497128407736, -36.956074415093], [174.497108977252, -36.9560581191901], [174.496926724066, -36.9559584360847], [174.496884668049, -36.9559199418008], [174.496869691008, -36.9558906839834], [174.496876485005, -36.9558391674167], [174.496949213182, -36.9555653463649], [174.496995570507, -36.9554771024346], [174.497048086395, -36.9554105703961], [174.497159438907, -36.9553017146893], [174.497203802854, -36.955279581998], [174.497321907, -36.9552400036369], [174.497801442816, -36.95510576387], [174.497933625351, -36.9551074943583]]}, "properties": {"OBJECTID": 2553, "TRACKNAME": "Winstone Track", "CONDITIONSOFUSE": "Waitakere West Regional Park", "STATUS": "Temp Closed", "WEBLINK": "https://www.aucklandcouncil.govt.nz/en/parks-recreation/find-park-beach/park-detail/3451.html", "VALIDATIONSTATE": 3, "created_user": "AC_owner", "last_edited_user": "AC_owner", "last_edited_date": 1789875254325, "created_date": 1789875254325, "PARK_SAPSITEID": null, "TRACK_ID": null, "KAURIDIEBACK_TRACK": null, "KAURIDIEBACK_MITIGATED": null, "SegmentID": null, "GlobalID": "313ef346-e762-43ff-befc-26aff25dd7eb", "Shape__Length": 967.7634220873036, "_COUNCIL_TRACKNAME": "Winstone Track"}}, {"type": "Feature", "id": 12165, "geometry": {"type": "LineString", "coordinates": [[174.492878391504, -36.9616665237684], [174.492934511868, -36.9616215151318], [174.492946650033, -36.9615781186828], [174.493046125222, -36.9613833774304], [174.493161387092, -36.9612331073022], [174.493165833044, -36.9611930353596], [174.493099202085, -36.9610973716268], [174.493044105057, -36.9610461956079], [174.492935976513, -36.9609775916005], [174.49276959456, -36.9609109314201], [174.492452184256, -36.9606922574162], [174.492428104149, -36.9606458469715], [174.492397195871, -36.960525832287], [174.492403196533, -36.9603879897518], [174.492414270238, -36.9603386198724], [174.49243653939, -36.9603109655152], [174.492651416116, -36.960157031497], [174.49270307614, -36.960127771787], [174.492771716912, -36.9601289530121], [174.493016666967, -36.9601876990873], [174.493055574394, -36.9601871025172], [174.493088352311, -36.9601761443328], [174.493127764741, -36.9601429733233], [174.493147610243, -36.9601067773503], [174.493156032086, -36.9600673845992], [174.493147972994, -36.9600110173408], [174.493110750599, -36.9599597436162], [174.493005274173, -36.9598976889485], [174.49294564438, -36.9598950352839], [174.492796563311, -36.9599185805279], [174.492718675927, -36.9598940116222], [174.4925469367, -36.9598154447392], [174.492417981972, -36.9597000130135], [174.492273728106, -36.9596358888788]]}, "properties": {"OBJECTID": 12165, "TRACKNAME": "Winstone Track", "CONDITIONSOFUSE": "Waitakere West Regional Park", "STATUS": "Temp Closed", "WEBLINK": "https://www.aucklandcouncil.govt.nz/en/parks-recreation/find-park-beach/park-detail/3451.html", "VALIDATIONSTATE": 3, "created_user": "AC_owner", "last_edited_user": "AC_owner", "last_edited_date": 1789875254325, "created_date": 1789875254325, "PARK_SAPSITEID": null, "TRACK_ID": null, "KAURIDIEBACK_TRACK": null, "KAURIDIEBACK_MITIGATED": null, "SegmentID": null, "GlobalID": "38d5c5d2-84db-4b97-98d3-ec7fe9effc78", "Shape__Length": 369.84012950088726, "_COUNCIL_TRACKNAME": "Winstone Track"}}, {"type": "Feature", "id": 12217, "geometry": {"type": "LineString", "coordinates": [[174.49094805237, -36.9663818168082], [174.490940626862, -36.9663328398753], [174.490959452135, -36.9662832538259], [174.491096860144, -36.9660860764568], [174.491151886932, -36.9658596119048], [174.491145425326, -36.9658185909217], [174.491077594314, -36.9657203470891], [174.491060605106, -36.9656809275519], [174.49108110059, -36.9654733927033], [174.491043901405, -36.9653284791029], [174.491044663926, -36.9652904049674], [174.491234129496, -36.9648966533118], [174.491373976951, -36.9647688228775], [174.491489503164, -36.9646852212678], [174.491570373354, -36.9645859296001], [174.491607817308, -36.9645119439659], [174.491659558956, -36.9643653541489], [174.491685227563, -36.9641979459499], [174.491733060577, -36.9641515466463], [174.491825104968, -36.9640907468134], [174.491869023629, -36.9640745832938], [174.491898827994, -36.9640724961531], [174.492092193884, -36.9641051019258], [174.492183428772, -36.9641006742214], [174.492268111083, -36.9640764808013], [174.492379802634, -36.964011746997], [174.49243770952, -36.9639992291985], [174.492498613872, -36.9639998606278], [174.492592208361, -36.9640133130275], [174.492875330823, -36.9640814023463], [174.49313638258, -36.9642634034001], [174.493187601173, -36.9642897369747], [174.493211726906, -36.9642873333433], [174.49325056712, -36.9642647884477], [174.493301847847, -36.9642241499305], [174.493327438401, -36.9641920820254], [174.493356186753, -36.9640738401554], [174.493352180891, -36.9640085056831], [174.493328933851, -36.9639644600727], [174.493219585346, -36.9638765284956], [174.493199377847, -36.9638494984124], [174.493236322587, -36.9637075017062], [174.493205647739, -36.9634901993715], [174.493188853318, -36.9634400785023], [174.493075802474, -36.9632217751285], [174.493004815128, -36.9629613447317], [174.492997693942, -36.9627192199987], [174.493018621136, -36.9622764235645], [174.492976980208, -36.9621595356784], [174.492877968566, -36.9619997071965], [174.4928384902, -36.9619072640708], [174.492835676119, -36.961775231713], [174.492852923104, -36.9617156871056], [174.492878391504, -36.9616665237684]]}, "properties": {"OBJECTID": 12217, "TRACKNAME": "Winstone Track", "CONDITIONSOFUSE": "Waitakere West Regional Park", "STATUS": "Open", "WEBLINK": "https://www.aucklandcouncil.govt.nz/en/parks-recreation/find-park-beach/park-detail/3451.html", "VALIDATIONSTATE": 3, "created_user": "AC_owner", "last_edited_user": "AC_owner", "last_edited_date": 1789875254325, "created_date": 1789875254325, "PARK_SAPSITEID": null, "TRACK_ID": null, "KAURIDIEBACK_TRACK": null, "KAURIDIEBACK_MITIGATED": null, "SegmentID": null, "GlobalID": "cab0fd00-1fcf-43d5-b0e5-d9c20db91925", "Shape__Length": 726.2641642872637, "_COUNCIL_TRACKNAME": "Winstone Track"}}, {"type": "Feature", "id": 12218, "geometry": {"type": "LineString", "coordinates": [[174.491806117938, -36.9673303932658], [174.491847729315, -36.9672281515702], [174.49185008872, -36.9672045783282], [174.491839257565, -36.9671848844664], [174.491711619637, -36.9670958564105], [174.491446272602, -36.9668811598213], [174.491168192278, -36.9665889070661], [174.490984842862, -36.9664418361817], [174.49094805237, -36.9663818168082]]}, "properties": {"OBJECTID": 12218, "TRACKNAME": "Winstone Track", "CONDITIONSOFUSE": "Waitakere West Regional Park", "STATUS": "Temp Closed", "WEBLINK": "https://www.aucklandcouncil.govt.nz/en/parks-recreation/find-park-beach/park-detail/3451.html", "VALIDATIONSTATE": 3, "created_user": "AC_owner", "last_edited_user": "AC_owner", "last_edited_date": 1789875254325, "created_date": 1789875254325, "PARK_SAPSITEID": null, "TRACK_ID": null, "KAURIDIEBACK_TRACK": null, "KAURIDIEBACK_MITIGATED": null, "SegmentID": null, "GlobalID": "c6bca389-5abd-4790-8697-08870ba4125b", "Shape__Length": 136.85635935422258, "_COUNCIL_TRACKNAME": "Winstone Track"}}, {"type": "Feature", "id": 12763, "geometry": {"type": "LineString", "coordinates": [[175.206675339218, -37.1145622290054], [175.206570450841, -37.114909454247], [175.206623672866, -37.1150926077498], [175.206941894028, -37.1151634091817], [175.207148994819, -37.1153667143524], [175.207385268727, -37.1155848220873], [175.207713737106, -37.1156784482436], [175.208247524565, -37.1155841032733], [175.208672864028, -37.1157142847583], [175.209080391975, -37.1158908339467], [175.209117365897, -37.1161740340056], [175.208585812588, -37.1166749941416], [175.208253784628, -37.1171185254754], [175.208286974522, -37.1176012870115], [175.208587184289, -37.1183706337365], [175.208981147175, -37.118739252413], [175.209914942851, -37.1192205671189], [175.210242106882, -37.1195980993746], [175.210628722415, -37.1197136511271], [175.21135563725, -37.1199993227511], [175.21155320761, -37.1205327237457], [175.211476191534, -37.1211786670552], [175.211316984626, -37.1216343258551], [175.211321690519, -37.1221252906312], [175.211403456565, -37.1226301618125], [175.211522838079, -37.1227813871366], [175.211967377797, -37.1229111976635], [175.212411917862, -37.1230410073914], [175.212997903699, -37.1234213718949], [175.213251167681, -37.123892347723], [175.213497286951, -37.1241179307329], [175.21395230764, -37.1242782295545], [175.214288610726, -37.1243103086885], [175.214744268842, -37.1241636843764], [175.215042898346, -37.1238895591794], [175.215483872286, -37.1238966606134], [175.215941131954, -37.1241336360078], [175.216172132512, -37.1244976046743], [175.216699119693, -37.1248253444208], [175.217164399553, -37.1250084564456], [175.217929423455, -37.1249557764338], [175.218514277643, -37.124967845544], [175.219240152118, -37.1252151238446], [175.219815431941, -37.1252273667088], [175.220351508023, -37.1252096497067], [175.220983639289, -37.1255277275151], [175.221584129401, -37.125746650546], [175.222557742099, -37.1262731522823], [175.223066889152, -37.1263173095046], [175.223630580562, -37.1262606964576], [175.224072239817, -37.1262907713313], [175.22451757186, -37.1267734618796], [175.22516851828, -37.1274057423448], [175.225860255798, -37.1281216527249], [175.226589777642, -37.1284915785591], [175.226769496043, -37.1284114753392], [175.226980417821, -37.1284151835407]]}, "properties": {"OBJECTID": 12763, "TRACKNAME": "Workman Road", "CONDITIONSOFUSE": "Hunua Ranges Regional Park", "STATUS": "Open", "WEBLINK": "https://www.aucklandcouncil.govt.nz/en/parks-recreation/find-park-beach/park-detail/213.html", "VALIDATIONSTATE": 3, "created_user": "AC_owner", "last_edited_user": "AC_owner", "last_edited_date": 1789875254325, "created_date": 1789875254325, "PARK_SAPSITEID": null, "TRACK_ID": null, "KAURIDIEBACK_TRACK": null, "KAURIDIEBACK_MITIGATED": null, "SegmentID": null, "GlobalID": "91a13bf9-16be-450b-aad5-135cc8eeb5fb", "Shape__Length": 2910.3419594806273, "_COUNCIL_TRACKNAME": "Workman Road"}}, {"type": "Feature", "id": 12766, "geometry": {"type": "LineString", "coordinates": [[175.209080391975, -37.1158908339467], [175.209292884524, -37.1158359245436], [175.20972536058, -37.1158334478906], [175.210386649854, -37.1160222506533], [175.21113081736, -37.1164218114075], [175.21176019075, -37.1169520133833], [175.21212590184, -37.1175318310352]]}, "properties": {"OBJECTID": 12766, "TRACKNAME": "Workman Road", "CONDITIONSOFUSE": "Hunua Ranges Regional Park", "STATUS": "Open", "WEBLINK": "https://www.aucklandcouncil.govt.nz/en/parks-recreation/find-park-beach/park-detail/213.html", "VALIDATIONSTATE": 3, "created_user": "AC_owner", "last_edited_user": "AC_owner", "last_edited_date": 1789875254325, "created_date": 1789875254325, "PARK_SAPSITEID": null, "TRACK_ID": null, "KAURIDIEBACK_TRACK": null, "KAURIDIEBACK_MITIGATED": null, "SegmentID": null, "GlobalID": "097e12d0-a8a7-4f3f-9971-fc1bb0fd06ff", "Shape__Length": 353.6102450507528, "_COUNCIL_TRACKNAME": "Workman Road"}}, {"type": "Feature", "id": 12767, "geometry": {"type": "LineString", "coordinates": [[175.21212590184, -37.1175318310352], [175.212424147158, -37.1179508810553], [175.212712152768, -37.1180181355764], [175.213081395704, -37.1180000668041], [175.213225226617, -37.1179079874533], [175.213270276366, -37.1175383980287], [175.213333826718, -37.1173249022036], [175.213498085797, -37.1172156797125], [175.213824511032, -37.1171648859035], [175.213994312118, -37.1171308939094], [175.214217388561, -37.1167608628243], [175.214397031838, -37.1164613908573], [175.214308803316, -37.1163066012226], [175.21408518417, -37.116294018166], [175.213796533512, -37.1162044308772], [175.213565597074, -37.1159405643642], [175.213395628452, -37.1156141012257], [175.213503919162, -37.1152600925976], [175.21350178434, -37.1149472558448], [175.213433014031, -37.1147418181802], [175.213482452518, -37.1145229990123], [175.213835922869, -37.1142035196634], [175.213934982282, -37.1140117081971], [175.213805246279, -37.113868867998], [175.213458547395, -37.1137021444669], [175.213303199295, -37.1136380007919], [175.213396262875, -37.113479824302], [175.21378881957, -37.1133048798388], [175.21408182866, -37.1133049927033], [175.214789008446, -37.1136325898379], [175.21486231377, -37.1137541355567], [175.214866869948, -37.1139104887062], [175.214816134052, -37.1140846365163], [175.214717727659, -37.1142987845549], [175.214760401671, -37.1145661674766], [175.214947060524, -37.1147470520101], [175.215342087591, -37.1148961063328], [175.215833105392, -37.1149874938946], [175.216132442898, -37.1149651351984], [175.216286818974, -37.1149957707108], [175.216444289196, -37.1151325025656], [175.216612448685, -37.11515729306], [175.216783997468, -37.1150591033331], [175.216870570431, -37.1149178069049], [175.216707104798, -37.1148147103065], [175.216600071683, -37.1147329060054], [175.216467886873, -37.1145063082702], [175.216305562475, -37.1144422990828], [175.216169500373, -37.1143219279324], [175.216139492431, -37.1142498572155]]}, "properties": {"OBJECTID": 12767, "TRACKNAME": "Workman Road", "CONDITIONSOFUSE": "Hunua Ranges Regional Park", "STATUS": "Closed upgrade", "WEBLINK": "https://www.aucklandcouncil.govt.nz/en/parks-recreation/find-park-beach/park-detail/213.html", "VALIDATIONSTATE": 3, "created_user": "AC_owner", "last_edited_user": "AC_owner", "last_edited_date": 1789875254325, "created_date": 1789875254325, "PARK_SAPSITEID": null, "TRACK_ID": null, "KAURIDIEBACK_TRACK": null, "KAURIDIEBACK_MITIGATED": null, "SegmentID": null, "GlobalID": "f08c11c9-f45d-430e-a497-a3b283ff0eaf", "Shape__Length": 1337.838007997906, "_COUNCIL_TRACKNAME": "Workman Road"}}, {"type": "Feature", "id": 467, "geometry": {"type": "LineString", "coordinates": [[175.237904073367, -37.0695610673384], [175.237923452966, -37.069575265608], [175.237955798616, -37.0696020347923], [175.237979977813, -37.0696226404124], [175.238015003397, -37.0696491336804], [175.238040689969, -37.0696670701914], [175.238070708202, -37.069685826168], [175.238098894168, -37.0697030846133], [175.238124912081, -37.0697219611552], [175.238152430937, -37.0697364203038], [175.238198149275, -37.0697520950149], [175.23824636547, -37.0697685697189], [175.238280724218, -37.0697788801634], [175.238327622489, -37.0697880165626], [175.238381350591, -37.0697968707831], [175.238422394968, -37.0698050542008], [175.238473282655, -37.0698175219165], [175.238519669938, -37.0698287858071], [175.238553050582, -37.0698337522457], [175.238596420972, -37.0698376558429], [175.23863947911, -37.0698378251633], [175.238672864448, -37.0698379788437], [175.238713590633, -37.0698357227659], [175.238748638912, -37.0698266433364], [175.238791215409, -37.069806228303], [175.238832964526, -37.0697790965964], [175.23886085964, -37.0697535693506], [175.238883744258, -37.0697240270528], [175.238901136545, -37.0696916774576], [175.238912176621, -37.0696555814888], [175.238914037386, -37.0696266885603], [175.238910077276, -37.0695876404035], [175.238901266382, -37.0695572726937], [175.23889611176, -37.0695273226071], [175.238892965346, -37.0694994975785], [175.238895163194, -37.0694675340589], [175.238917057592, -37.0694402725737], [175.238944790536, -37.069414207626], [175.238969683751, -37.0693894850776], [175.239001401231, -37.0693684999764], [175.239031960224, -37.0693524845676], [175.239080204432, -37.0693377934351], [175.239115434594, -37.0693299361551], [175.239158660779, -37.069327416414], [175.239201039002, -37.0693323929863], [175.239235744184, -37.0693357480316], [175.239283475015, -37.0693399295207], [175.23933136871, -37.0693454417533], [175.239367074017, -37.0693506794913], [175.239410297773, -37.0693572532417], [175.239449341033, -37.069357822555], [175.23948689277, -37.0693566265569], [175.239530454035, -37.0693440875458], [175.239564019436, -37.0693281954593], [175.23959458611, -37.0693101519664], [175.239624804807, -37.0692867796834], [175.239652206794, -37.0692575033898], [175.239667585056, -37.0692331677292], [175.239678458763, -37.0692044289747], [175.239692669188, -37.0691732749417], [175.23970655142, -37.0691405228953], [175.239719263469, -37.0691153994408], [175.239740659862, -37.0690838392761], [175.23976453366, -37.069056972841], [175.23979377788, -37.0690341236216], [175.239833338989, -37.0690056630176], [175.239863734917, -37.0689860274836], [175.239893627791, -37.0689687897388], [175.23992751387, -37.0689546308914], [175.239964405909, -37.0689424880994], [175.240003298975, -37.0689406357284], [175.240039492816, -37.0689468103403], [175.240081551368, -37.0689646263331], [175.240115567504, -37.0689820264873], [175.240143593636, -37.0689972867064], [175.240171619428, -37.0690175037587], [175.240191785547, -37.0690393113038], [175.24021562257, -37.0690777044423], [175.240238266518, -37.069117976679], [175.240252767671, -37.0691475428051], [175.24026942289, -37.0691868647311], [175.24028406111, -37.069231406912], [175.240291542192, -37.0692624305111], [175.240298522398, -37.069302421924], [175.240304485344, -37.0693414772417], [175.240317483048, -37.0693681066802], [175.240349489532, -37.0693986127531], [175.240392858265, -37.0694284534821], [175.240423198776, -37.0694524119468], [175.240461549263, -37.0694886742028], [175.240500915948, -37.0695250704527], [175.240541101541, -37.0695598650261], [175.240568768847, -37.0695835585361], [175.240605470601, -37.069615003218], [175.240643985678, -37.0696480628908], [175.240670332858, -37.0696716100893], [175.240707530128, -37.0696981065651], [175.240741384445, -37.0697226023662], [175.240782236094, -37.0697536531221], [175.240813086018, -37.06977427627], [175.240845788964, -37.0697932781991], [175.24087747925, -37.0698092079985], [175.240913852914, -37.069823003446], [175.240949204543, -37.0698376112937], [175.240984747372, -37.0698499263612], [175.241021462042, -37.0698607862919], [175.241072513291, -37.0698745926428], [175.241112065436, -37.0698825059208], [175.241148102167, -37.0698886741427], [175.241186148255, -37.0698920375553], [175.241223365912, -37.0698928570886], [175.241261406555, -37.0698975634307], [175.241295964678, -37.0698917099518], [175.24133116514, -37.0698897196607], [175.241382915245, -37.0698886782186], [175.241459854778, -37.0698565723603], [175.24150652601, -37.0698434691301], [175.241546969114, -37.0698304565997], [175.241586122183, -37.0698175585709], [175.241619573405, -37.0698073458901], [175.241649596299, -37.0697949088672], [175.241685988293, -37.0697875515763], [175.241718541151, -37.0697930464795], [175.241767137268, -37.0698055921514], [175.241801296683, -37.0698133187713], [175.241840526624, -37.0698232747051], [175.241877122953, -37.0698285849554], [175.241913223175, -37.0698315613464], [175.241953363728, -37.0698289006585], [175.24199351767, -37.0698221120151], [175.242027559109, -37.0698052098546], [175.242057971859, -37.0697846271407], [175.242073063102, -37.0697540059372], [175.242090057478, -37.0697223213248], [175.242102242948, -37.0696919443311], [175.242115784451, -37.0696648402371], [175.242136275022, -37.0696346306229], [175.242160475758, -37.0696116328742], [175.242189277707, -37.0695913509639], [175.24221948956, -37.0695719706611], [175.242246960175, -37.069550019581], [175.242274167032, -37.069527514713], [175.242298816562, -37.0695063920446], [175.242321964057, -37.069486586556], [175.242348639795, -37.0694613249035], [175.242371887173, -37.0694422385099], [175.24239823493, -37.0694256980606], [175.242426411854, -37.0694063471826], [175.242456712507, -37.0693876951471], [175.242484117467, -37.0693707741858], [175.242520776901, -37.069347306388], [175.24254774948, -37.0693298348207], [175.242581353614, -37.069308407529], [175.242619062419, -37.0692984204576], [175.242655081809, -37.0692952246469], [175.242700405816, -37.0692913841679], [175.242734408519, -37.0692937961577], [175.242778708402, -37.069308639744], [175.242813193926, -37.0693259130703], [175.242841860707, -37.0693407549618], [175.242877467151, -37.0693567543372], [175.24290602826, -37.069377933943], [175.242931145827, -37.0693967543476], [175.24295445542, -37.0694171951373], [175.242982383507, -37.0694474261566], [175.243006063192, -37.0694789001476], [175.243026700842, -37.0695056100425], [175.243044803835, -37.0695298894729], [175.243066323233, -37.0695506434938], [175.243094592804, -37.0695737572252], [175.243118959736, -37.069593817479], [175.243143930254, -37.0696114599915], [175.243168256697, -37.0696297635789], [175.243206018339, -37.0696467585023], [175.243235742677, -37.0696585521123], [175.243277878443, -37.0696682633259], [175.243315004621, -37.0696705619706], [175.243360080276, -37.0696663023522], [175.243394870347, -37.069660696223], [175.243435112992, -37.069654635421], [175.243475000331, -37.0696514022159], [175.243509958352, -37.0696484425259], [175.243543921347, -37.0696464479593], [175.243582571588, -37.0696435986254], [175.243619090856, -37.0696455301384], [175.243663822545, -37.0696524973747], [175.243707088786, -37.0696624033389], [175.243745194105, -37.069670829787], [175.243781726555, -37.0696770238738], [175.243816546186, -37.0696842507445], [175.243852415704, -37.0696939000995], [175.243886308648, -37.0697051730391], [175.243918766618, -37.0697139316267], [175.24395102253, -37.0697227030422], [175.24400038294, -37.0697298799509], [175.244037964627, -37.0697300788655], [175.244072224585, -37.0697274746941], [175.244113196245, -37.0697213457884], [175.244149441003, -37.0697128189168], [175.244185256925, -37.0696954679829], [175.244214938559, -37.0696764306739], [175.244246639315, -37.0696488203772], [175.244285679283, -37.0696294346638], [175.244321182615, -37.0696152169157], [175.244358689514, -37.0696052511387], [175.24439544533, -37.0695991839203], [175.244443337851, -37.0696023508708], [175.244476482658, -37.0696107538308], [175.244515924769, -37.0696195062067], [175.244557654751, -37.0696288010616], [175.244599840533, -37.0696333377286], [175.24463636102, -37.0696311141804], [175.244674651416, -37.069629794402], [175.244710400297, -37.0696300097801], [175.244760680904, -37.0696344471993], [175.244800819203, -37.069635913278], [175.244840529117, -37.0696369638709], [175.244880715557, -37.0696373925832], [175.244924291833, -37.069642551699], [175.244962942793, -37.0696481194981], [175.244997797142, -37.0696500370497], [175.245043259907, -37.0696554758333], [175.245082573502, -37.0696648252721], [175.24512809851, -37.0696708486513], [175.245165212024, -37.0696772926659], [175.245200631581, -37.0696903658366], [175.245234303744, -37.0696987225459], [175.245281279251, -37.0697100717707], [175.245320595952, -37.069716474011], [175.245369460506, -37.0697213255225], [175.245405097978, -37.0697208127945], [175.24544631101, -37.0697179143146], [175.245489503424, -37.0697188266316], [175.245529570257, -37.069715580323], [175.245568892019, -37.0697122399642], [175.245606402425, -37.0697077352506], [175.245651783577, -37.0696959165712], [175.245685038246, -37.069684399673], [175.245712870677, -37.0696678844476], [175.245742367798, -37.0696487060576], [175.245768572421, -37.0696311491767], [175.24580215038, -37.0696080992439], [175.245825849451, -37.0695852905131], [175.245858118767, -37.0695579123584], [175.245878652563, -37.0695349382677], [175.245912454196, -37.0695080357663], [175.245933994883, -37.0694871695218], [175.245955864005, -37.0694659996419], [175.245981726488, -37.0694471423963], [175.246009261837, -37.0694312365626], [175.246050076504, -37.0694114110953], [175.24608243307, -37.0693999561641], [175.246114762606, -37.0693910161999], [175.246149093482, -37.069382056335], [175.24618465074, -37.0693738753299], [175.246222089646, -37.0693646672984], [175.246259707594, -37.0693554288256], [175.246310486946, -37.0693455173879], [175.246347734189, -37.0693389625982], [175.246381158725, -37.0693343548105], [175.246420403314, -37.0693276449915], [175.24645661868, -37.0693230924508], [175.246503744187, -37.0693189460105], [175.246547154196, -37.0693173303458], [175.246592202128, -37.0693155754784], [175.24662610686, -37.0693158072009], [175.246673272677, -37.0693160760119], [175.246721747408, -37.0693180143333], [175.246763792028, -37.0693200564666], [175.246797638772, -37.0693198476306], [175.246848524325, -37.069317729688], [175.246888582884, -37.0693115450333], [175.246942287314, -37.0693043356885], [175.246986923462, -37.0692924404985], [175.247020238938, -37.0692868071831], [175.247061034478, -37.0692808248003], [175.247095994013, -37.0692737363419], [175.247128800383, -37.0692615245719], [175.247167934222, -37.0692525905398], [175.247205901532, -37.0692418580987], [175.247241237872, -37.0692208653155], [175.247271672175, -37.0691976402386], [175.247301755293, -37.0691773778823], [175.24733551351, -37.0691528370578], [175.247363621409, -37.0691315757003], [175.247389986388, -37.0691122309697], [175.247417181359, -37.0690882381197], [175.247444941529, -37.0690643426982], [175.247469360114, -37.069037356272], [175.247499224511, -37.0690112129077], [175.247530419209, -37.0689882256986], [175.247567201886, -37.0689587066968], [175.247595461727, -37.068939929831], [175.2476260142, -37.0689218575249], [175.247660231379, -37.0689090600945], [175.247693114741, -37.068900226366], [175.247713991532, -37.0688995601951]]}, "properties": {"OBJECTID": 467, "TRACKNAME": "Workman Track", "CONDITIONSOFUSE": "Hunua Ranges Regional Park", "STATUS": "Temp Closed", "WEBLINK": "https://www.aucklandcouncil.govt.nz/en/parks-recreation/find-park-beach/park-detail/213.html", "VALIDATIONSTATE": 3, "created_user": "AC_owner", "last_edited_user": "AC_owner", "last_edited_date": 1789875254325, "created_date": 1789875254325, "PARK_SAPSITEID": null, "TRACK_ID": null, "KAURIDIEBACK_TRACK": null, "KAURIDIEBACK_MITIGATED": null, "SegmentID": null, "GlobalID": "50dbda4e-80e2-4bc1-b1cb-febf2a217685", "Shape__Length": 1081.5878766582787, "_COUNCIL_TRACKNAME": "Workman Track"}}, {"type": "Feature", "id": 2310, "geometry": {"type": "LineString", "coordinates": [[175.21786427684, -37.1182556993425], [175.218396860234, -37.1193626908275], [175.220184383201, -37.1201332725538], [175.220845546866, -37.1211283784209], [175.221006483403, -37.1222344897811], [175.221435097734, -37.123839420267], [175.221847768, -37.124940422736], [175.222625315082, -37.1256306088473], [175.223696107938, -37.1258334038379]]}, "properties": {"OBJECTID": 2310, "TRACKNAME": "Workman Track", "CONDITIONSOFUSE": "Hunua Ranges Regional Park", "STATUS": "Permanent", "WEBLINK": "https://www.aucklandcouncil.govt.nz/en/parks-recreation/find-park-beach/park-detail/213.html", "VALIDATIONSTATE": 3, "created_user": "AC_owner", "last_edited_user": "AC_owner", "last_edited_date": 1789875254325, "created_date": 1789875254325, "PARK_SAPSITEID": null, "TRACK_ID": null, "KAURIDIEBACK_TRACK": null, "KAURIDIEBACK_MITIGATED": null, "SegmentID": null, "GlobalID": "b25c25cd-0456-499e-be5e-8bad0fd9062a", "Shape__Length": 1071.4949307549346, "_COUNCIL_TRACKNAME": "Workman Track"}}, {"type": "Feature", "id": 2699, "geometry": {"type": "LineString", "coordinates": [[175.216933930404, -37.1172672518935], [175.216881574542, -37.1172799024062], [175.216833290323, -37.1173021199976], [175.216787902379, -37.1173352785202], [175.216742848224, -37.1173505591893], [175.216685721175, -37.1173640018347], [175.21656439968, -37.1173681277363], [175.216451504934, -37.1173702393472], [175.216347293523, -37.1173721884474], [175.216204615387, -37.1173957295789], [175.216178768116, -37.1174031705385], [175.21608032924, -37.1174537234858], [175.216004195432, -37.117524722962], [175.215897974067, -37.1176067303803], [175.215808420606, -37.1176640655189], [175.215713601989, -37.1176901989616], [175.21561797211, -37.1176885081839], [175.21553466876, -37.1176622263457], [175.215443481963, -37.1176639311459], [175.215295853144, -37.1176666910199], [175.21514792027, -37.1176590200298], [175.21503331346, -37.1176020229013], [175.214940809086, -37.1175585186836], [175.214883353812, -37.1175248046871], [175.21471663594, -37.1174687812176], [175.214624537181, -37.1174391843199], [175.214541324748, -37.1174163878746], [175.214497198733, -37.1173928609582], [175.214439946397, -37.1173661005258], [175.214400364738, -37.1173494462299], [175.214329873314, -37.117315966544], [175.214276051035, -37.1172578328388], [175.214214344655, -37.1172276767307], [175.214152750605, -37.1172009882672], [175.214081967051, -37.1171570865336], [175.214051361541, -37.1171507007764], [175.213994312118, -37.1171308939094]]}, "properties": {"OBJECTID": 2699, "TRACKNAME": "Workman Track", "CONDITIONSOFUSE": "Hunua Ranges Regional Park", "STATUS": "Temp Closed", "WEBLINK": "https://www.aucklandcouncil.govt.nz/en/parks-recreation/find-park-beach/park-detail/213.html", "VALIDATIONSTATE": 3, "created_user": "AC_owner", "last_edited_user": "AC_owner", "last_edited_date": 1789875254325, "created_date": 1789875254325, "PARK_SAPSITEID": null, "TRACK_ID": null, "KAURIDIEBACK_TRACK": null, "KAURIDIEBACK_MITIGATED": null, "SegmentID": null, "GlobalID": "20ba50e1-4f19-48fe-9cfd-c06e3d75cfe2", "Shape__Length": 293.66514765622816, "_COUNCIL_TRACKNAME": "Workman Track"}}, {"type": "Feature", "id": 2760, "geometry": {"type": "LineString", "coordinates": [[175.237903042697, -37.0695619700115], [175.237578605753, -37.0696121464388], [175.237445131533, -37.069747355465], [175.237260092655, -37.069994029796], [175.237073665679, -37.0701965691387], [175.236858971789, -37.0703775971248], [175.236613106591, -37.0704822827029], [175.235129427789, -37.0713193997007], [175.234393982035, -37.0719395290683], [175.233658524053, -37.0725596452008], [175.232294160197, -37.0731925918773], [175.231310305991, -37.0739186163415], [175.230323232174, -37.0745438442521], [175.228326670509, -37.0750887620711], [175.226846015264, -37.076026560619], [175.226909898767, -37.0780423079359], [175.226077265418, -37.0795720171561], [175.225989783947, -37.0807840207836], [175.225550455915, -37.0828100000415], [175.225343564559, -37.084226132054], [175.225636655796, -37.0855312530016], [175.225936161817, -37.0870379414525], [175.22535821126, -37.088663314935], [175.223890014733, -37.0900042321983], [175.22317661778, -37.0913297876128], [175.22564047871, -37.0935993274138], [175.226420920965, -37.0943902722726], [175.227994643641, -37.0963752997539], [175.229074754087, -37.0986729104486], [175.229380786404, -37.1003811604714], [175.228922240234, -37.1018024247716], [175.226843850479, -37.1037609009179], [175.224645898432, -37.1059234727243], [175.22303555689, -37.1067629943189], [175.221270405472, -37.1084264352764], [175.221277058962, -37.1084708318549], [175.221309639372, -37.1086565887312], [175.221240384106, -37.1090002860763], [175.221218128377, -37.1091413147484], [175.221209682413, -37.1092362204586], [175.221051127545, -37.109410580967], [175.220936680749, -37.1095320950811], [175.220911712242, -37.1095876107625], [175.220934503391, -37.1097491365651], [175.220938810522, -37.1098407120019], [175.220817496822, -37.1099868143583], [175.220808369891, -37.1100603553745], [175.220860364872, -37.1101356890433], [175.220937166354, -37.1102716619056], [175.220961061775, -37.1104239833498], [175.220978153474, -37.1104817029189], [175.221144685995, -37.1106800361049], [175.22122979424, -37.1108372214709], [175.221307769398, -37.1110098435264], [175.221308198833, -37.1111443005181], [175.221280489202, -37.1112334839064], [175.221281939918, -37.1115207270241], [175.221249078481, -37.1115672431197], [175.221151280378, -37.1116120112142], [175.220996952188, -37.1116793152337], [175.220910781391, -37.1117299666195], [175.220782065651, -37.111860462994], [175.220681299601, -37.1119546562636], [175.220587969882, -37.1120349211347], [175.220469629854, -37.1121392670423], [175.220388140932, -37.1122173181602], [175.220336873769, -37.1122855923275], [175.220304580344, -37.1123504287527], [175.220284896455, -37.1124516823667], [175.220289337614, -37.1125921655948], [175.220317525217, -37.1127596827315], [175.22029822081, -37.1128731590621], [175.220272168315, -37.1129898530695], [175.220249891695, -37.1131552965069], [175.220213015006, -37.1131957681284], [175.220068478384, -37.1132817414791], [175.219978747687, -37.1133901382678], [175.219877746964, -37.113562707114], [175.219790039311, -37.113734999843], [175.219624559251, -37.1139728273797], [175.219472371781, -37.1142103787019], [175.219332131999, -37.1144050594008], [175.219243410595, -37.1145454037333], [175.219127423283, -37.114664998328], [175.219025062655, -37.1147949632737], [175.218936684832, -37.1149459536074], [175.218859577743, -37.115032780849], [175.218809736414, -37.1151403668073], [175.218721357788, -37.1152913569993], [175.218686166674, -37.11544128826], [175.218649641194, -37.1155485978102], [175.218614783139, -37.1157091754699], [175.218566975329, -37.1158806662377], [175.218531783169, -37.1160305794426], [175.218482296825, -37.1161488202872], [175.218406199113, -37.1162675863182], [175.218342384385, -37.116354146374], [175.218279258521, -37.1164619988158], [175.218189855186, -37.1165810498289], [175.218099451087, -37.1166681344997], [175.218023352812, -37.1167869183267], [175.217892376609, -37.1168535199944], [175.217734122339, -37.1168993537409], [175.217576201031, -37.1169558337051], [175.217297253167, -37.1169721476477], [175.217165253634, -37.1170067916694], [175.217006665476, -37.1170419780409], [175.216942514906, -37.1171178729632], [175.21693124251, -37.117182053872], [175.216933930404, -37.1172672518935], [175.216990829577, -37.1173833396247], [175.217140823103, -37.1174975323906], [175.217251256049, -37.1176231899222], [175.217309166909, -37.1177712255381], [175.217380039129, -37.117908338897], [175.217490139665, -37.1180233407356], [175.217625840841, -37.11810585134], [175.217859148566, -37.1182450255061]]}, "properties": {"OBJECTID": 2760, "TRACKNAME": "Workman Track", "CONDITIONSOFUSE": "Hunua Ranges Regional Park", "STATUS": "Temp Closed", "WEBLINK": "https://www.aucklandcouncil.govt.nz/en/parks-recreation/find-park-beach/park-detail/213.html", "VALIDATIONSTATE": 3, "created_user": "AC_owner", "last_edited_user": "AC_owner", "last_edited_date": 1789875254325, "created_date": 1789875254325, "PARK_SAPSITEID": null, "TRACK_ID": null, "KAURIDIEBACK_TRACK": null, "KAURIDIEBACK_MITIGATED": null, "SegmentID": null, "GlobalID": "211e45ab-1c1d-4ccb-ae34-b4c6b4590855", "Shape__Length": 6676.408473612992, "_COUNCIL_TRACKNAME": "Workman Track"}}, {"type": "Feature", "id": 8742, "geometry": {"type": "MultiLineString", "coordinates": [[[174.658472978623, -36.9427879227144], [174.658472964674, -36.9427879526537], [174.65847016636, -36.942793806323], [174.658470144826, -36.942793848987], [174.658470114527, -36.9427939016883], [174.658466694826, -36.9427996847186], [174.658466679638, -36.9427997092671], [174.658466658973, -36.9427997402015], [174.658462622161, -36.9428054426183], [174.658462591647, -36.9428054854077], [174.658462561015, -36.9428055227908], [174.658457913906, -36.9428111481041], [174.658457879965, -36.9428111882374], [174.658457858021, -36.9428112119789], [174.65845257623, -36.942816774951], [174.658452553183, -36.9428167996092], [174.658452511345, -36.9428168380501], [174.658446625835, -36.942822316616], [174.658446590615, -36.9428223495563], [174.658446561936, -36.9428223733919], [174.658440019565, -36.9428278025448], [174.658439982061, -36.9428278337144], [174.658433166841, -36.9428331603193], [174.65843313042, -36.942833189671], [174.658426809194, -36.9428384084248], [174.658426777245, -36.9428384368128], [174.658421054286, -36.9428434885729], [174.658421022376, -36.9428435187631], [174.658415844659, -36.9428484439296], [174.658415822657, -36.9428484649679], [174.65841579959, -36.942848488725], [174.658411186005, -36.9428532780207], [174.658411160792, -36.9428533063146], [174.658407129875, -36.9428579342429], [174.658407100288, -36.9428579680059], [174.658407078442, -36.9428579962528], [174.658403611364, -36.9428624747942], [174.658403589518, -36.9428625030411], [174.658403559043, -36.9428625476327], [174.658400655941, -36.9428668830948], [174.658400637482, -36.9428669121957], [174.658400613664, -36.9428669530889], [174.658398285373, -36.9428711272936], [174.658398257299, -36.9428711790624], [174.658398234819, -36.9428712298518], [174.658396451693, -36.9428752738588], [174.658396437822, -36.9428753074023], [174.658396423122, -36.9428753544776], [174.658395208959, -36.9428792264927], [174.658395188031, -36.94287929709], [174.658395175889, -36.9428793585511], [174.658394510699, -36.9428830687683], [174.658394497844, -36.9428831491676], [174.658394493852, -36.9428832240351], [174.658394373388, -36.9428868356079], [174.658394373975, -36.9428868626401], [174.658394379637, -36.9428869166418], [174.658394806194, -36.9428903799642], [174.658394813018, -36.9428904357524], [174.65839482152, -36.942890465378], [174.65839579419, -36.9428937903775], [174.658395819542, -36.9428938720459], [174.658395851395, -36.9428939428073], [174.658397347988, -36.9428970901346], [174.658397389036, -36.9428971706823], [174.658397440188, -36.942897251089], [174.658399487697, -36.9429002744477], [174.658399528238, -36.9429003315676], [174.658399586955, -36.9429003983484], [174.658402194945, -36.9429033246453], [174.658402224836, -36.9429033566763], [174.658402255771, -36.9429033850873], [174.658405431614, -36.9429061916858], [174.658405488818, -36.9429062404608], [174.658405555022, -36.9429062900115], [174.658409273551, -36.9429089556307], [174.6584093203, -36.9429089883275], [174.658409380617, -36.9429090253416], [174.658413665535, -36.9429116073366], [174.658417980266, -36.9429142177581], [174.658418005314, -36.9429142336324], [174.658422123455, -36.9429168404902], [174.658422163312, -36.9429168660725], [174.658426139725, -36.9429195136677], [174.658426167097, -36.942919533115], [174.658429987959, -36.9429222054163], [174.658433641927, -36.9429248971742], [174.658433670461, -36.9429249184079], [174.65843717126, -36.9429276411482], [174.658437202097, -36.9429276650538], [174.658440505164, -36.9429303833451], [174.658440537163, -36.9429304090372], [174.658443712071, -36.9429331723831], [174.658443742987, -36.942933199893], [174.658446729359, -36.9429359685763], [174.658446756867, -36.9429359943311], [174.658449596825, -36.9429387948038], [174.658449619765, -36.942938817017], [174.658452300922, -36.9429416476495], [174.658452327366, -36.9429416761232], [174.658454842634, -36.9429445207902], [174.65845487026, -36.9429445519515], [174.658457238069, -36.9429474320279], [174.658457263449, -36.9429474632205], [174.658459459737, -36.9429503565089], [174.65845948175, -36.9429503877485], [174.658461509747, -36.9429532878943], [174.658461530638, -36.9429533191496], [174.65846341844, -36.9429562789397], [174.658463438266, -36.9429563129138], [174.658465052916, -36.9429591043622], [174.658465138166, -36.9429592554989], [174.658465152164, -36.9429592796397], [174.658465170849, -36.9429593127285], [174.658465217686, -36.9429594013075], [174.65846528557, -36.9429595283504], [174.658466718546, -36.9429622790718], [174.658466737328, -36.942962316666], [174.658468140339, -36.9429653427164], [174.658468153351, -36.9429653731804], [174.658469379784, -36.9429683863743], [174.658469390454, -36.9429684123643], [174.658469403623, -36.9429684500369], [174.658470510586, -36.9429717019536], [174.658470526235, -36.9429717504077], [174.658471581214, -36.9429755051001], [174.658471591035, -36.9429755437207], [174.658472576958, -36.9429797906112], [174.658472582015, -36.9429798166796], [174.658473497445, -36.9429845413667], [174.658473502561, -36.9429845701383], [174.658474346494, -36.9429897780441], [174.658474350409, -36.9429898032271], [174.658475125392, -36.9429954564594], [174.658475133455, -36.9429955176383], [174.658475840182, -36.9430017000128], [174.658476478897, -36.9430083709653], [174.658477048086, -36.9430155124902], [174.658477541286, -36.9430231372965], [174.65847797197, -36.943031245196], [174.65847832651, -36.9430398291684], [174.658478606087, -36.9430488919012], [174.658478821791, -36.9430584269301], [174.658478962707, -36.943068448829], [174.658479039847, -36.9430789475293], [174.658479042004, -36.9430899240889], [174.65847896912, -36.9431013758046], [174.658478831455, -36.9431133097439], [174.658478618826, -36.9431257224435], [174.658478479142, -36.9431384955639], [174.658478478625, -36.9431385235128], [174.658478934382, -36.9431513099482], [174.658478936403, -36.9431513513819], [174.658480034087, -36.9431641198373], [174.658480038393, -36.9431641630418], [174.658481790958, -36.9431769412779], [174.658481798631, -36.9431769844354], [174.658484186866, -36.9431897150344], [174.658484194402, -36.9431897518843], [174.658487236533, -36.9432024985872], [174.658487247574, -36.9432025416976], [174.658490942381, -36.9432153000146], [174.65849095555, -36.9432153376872], [174.65849528632, -36.943228061883], [174.658495300593, -36.9432280986388], [174.658500281482, -36.9432408200628], [174.658500299239, -36.943240862178], [174.658505933381, -36.9432535699701], [174.658505946413, -36.9432536013352], [174.658512227463, -36.9432663136108], [174.658512247387, -36.9432663520904], [174.658519165779, -36.9432790419428], [174.658519184444, -36.9432790741305], [174.658526750417, -36.9432917477259], [174.658526772508, -36.9432917825698], [174.658535007091, -36.9433044774708], [174.658535028001, -36.9433045096272], [174.65854389652, -36.9433171803495], [174.658543913926, -36.9433172062454], [174.658553424394, -36.9433298598875], [174.658553447491, -36.9433298893093], [174.658563617433, -36.9433425571735], [174.65856364626, -36.9433425919233], [174.658574447738, -36.9433552284311], [174.658574469594, -36.9433552524621], [174.658585932635, -36.9433678959516], [174.658585953349, -36.9433679190972], [174.658598065116, -36.9433805472139], [174.658598086953, -36.9433805703438], [174.658610826508, -36.943393201407], [174.658623265782, -36.9434055004615], [174.658635018904, -36.9434173313865], [174.658646081285, -36.9434286897397], [174.658656459933, -36.9434395880422], [174.658666144334, -36.9434500075128], [174.658675155164, -36.9434599694951], [174.658683480864, -36.943469458828], [174.65869111259, -36.9434784819444], [174.658698054674, -36.9434870315734], [174.658698072021, -36.943487054766], [174.658704315171, -36.9434951166158], [174.65870433368, -36.9434951415949], [174.65870989532, -36.9435027424627], [174.65871476155, -36.9435098627131], [174.65871478943, -36.9435099055882], [174.658718981909, -36.9435165602416], [174.658719007583, -36.9435166049503], [174.658722486182, -36.9435227558095], [174.658722504846, -36.9435227879972], [174.658722520124, -36.9435228193309], [174.658725321643, -36.9435285064425], [174.658725333436, -36.9435285324168], [174.658725345307, -36.9435285619954], [174.658727460297, -36.9435337638591], [174.658727480416, -36.9435338113494], [174.658727496163, -36.9435338643088], [174.658728924741, -36.9435385863311], [174.658728935724, -36.9435386267382], [174.6587289408, -36.9435386537077], [174.658729689429, -36.9435428831796], [174.658729703575, -36.9435429659057], [174.658729706514, -36.9435430496898], [174.65872978755, -36.9435467350619], [174.658729787571, -36.9435468396177], [174.658729770832, -36.943546948013], [174.658729200802, -36.9435501782876], [174.658729187752, -36.9435502496762], [174.658729166727, -36.9435503157682], [174.658728178171, -36.9435534058717], [174.658728162427, -36.943553456567], [174.658727181644, -36.9435566979879], [174.658726213809, -36.9435601222012], [174.658725281147, -36.9435636667034], [174.658724379363, -36.943567340568], [174.658723505246, -36.9435711510507], [174.658722660768, -36.943575085505], [174.658721842795, -36.9435791547908], [174.658721057887, -36.9435833507045], [174.658720306142, -36.9435876777514], [174.658719583108, -36.9435921377963], [174.658718885203, -36.9435967209745], [174.658718217249, -36.9436014425416], [174.658717586713, -36.9436062843662], [174.658716978153, -36.9436112592829], [174.658716402795, -36.9436163671351], [174.658715856031, -36.9436216025788], [174.658715341347, -36.9436269709735], [174.658714854016, -36.9436324615691], [174.658714395495, -36.9436380896682], [174.658713945127, -36.9436438348283], [174.658713942482, -36.943643868215], [174.658713334756, -36.9436497102147], [174.658713330949, -36.943649741815], [174.658712547056, -36.9436556935359], [174.658712539403, -36.9436557549343], [174.658712533274, -36.9436557829617], [174.658711556012, -36.9436618797966], [174.658711550078, -36.9436619168346], [174.658710384505, -36.9436681848519], [174.658710379498, -36.9436682128636], [174.658709024756, -36.9436746124161], [174.65870748015, -36.943681163343], [174.658705768912, -36.9436877977188], [174.658705753363, -36.9436878574249], [174.658703837074, -36.9436946677237], [174.658701735118, -36.9437016158181], [174.658699451811, -36.9437086935357], [174.658696970606, -36.9437159146279], [174.658694309211, -36.9437232671297], [174.658691461896, -36.9437307457131], [174.65868842665, -36.9437383612224], [174.658685205639, -36.9437461100218], [174.658681799987, -36.9437539920957], [174.658678203983, -36.9437620030171], [174.658674426724, -36.943770148067], [174.658670461533, -36.9437784300427], [174.65866630926, -36.9437868363134], [174.658662096696, -36.9437951550943], [174.65865790696, -36.9438032319955], [174.65865373562, -36.9438110697829], [174.658649592839, -36.9438186710187], [174.658645467253, -36.9438260295522], [174.658641364612, -36.9438331516123], [174.658637282594, -36.9438400336263], [174.658633225727, -36.9438466773335], [174.658629182883, -36.9438530873961], [174.658625175021, -36.9438592463958], [174.658621181202, -36.943865172652], [174.658617209127, -36.9438708588464], [174.658613262146, -36.9438763040308], [174.65860933362, -36.9438815128046], [174.65860543129, -36.9438864796517], [174.658601539772, -36.94389122011], [174.658597698425, -36.9438956849567], [174.658597672108, -36.9438957141674], [174.658593837297, -36.9438999625998], [174.658590028547, -36.9439039627979], [174.658590003274, -36.9439039883886], [174.658586228519, -36.9439077438471], [174.658582528684, -36.9439113810839], [174.65858249242, -36.9439114176443], [174.65857898463, -36.9439152631132], [174.658578959416, -36.9439152914071], [174.658578933138, -36.94391532242], [174.658575636635, -36.9439193830629], [174.658575614769, -36.9439194104087], [174.658575589652, -36.943919443208], [174.65857248458, -36.9439237355267], [174.658572462773, -36.9439237655757], [174.658572446481, -36.943923791041], [174.658569525275, -36.9439283286612], [174.658569506835, -36.9439283586632], [174.658569490563, -36.9439283850295], [174.658566751232, -36.9439331796967], [174.658566730742, -36.9439332187408], [174.65856419683, -36.9439382169465], [174.658564177483, -36.9439382568759], [174.658561810355, -36.9439435411824], [174.658561797567, -36.9439435729082], [174.658559630499, -36.9439490725456], [174.658559616668, -36.9439491078913], [174.658557657616, -36.9439548272554], [174.658557644965, -36.9439548652887], [174.658555857959, -36.9439608544558], [174.658555848637, -36.9439608906399], [174.658554264687, -36.9439670779706], [174.658554254379, -36.9439671204779], [174.658552859372, -36.9439735800797], [174.658552854326, -36.9439736062892], [174.658551655202, -36.943980295702], [174.658551650194, -36.9439803237136], [174.658550641203, -36.9439872367082], [174.658550637279, -36.943987262902], [174.658549825109, -36.943994448959], [174.658549199997, -36.944001872161], [174.658548771792, -36.9440095206528], [174.65854853787, -36.9440174287223], [174.658548494911, -36.9440255468419], [174.658548646732, -36.9440338956891], [174.658548919705, -36.9440421869605], [174.658549297616, -36.9440503460709], [174.658549778179, -36.9440583712496], [174.658550371578, -36.9440662659596], [174.658551060893, -36.9440740268319], [174.658551863063, -36.9440816581368], [174.658552766724, -36.9440891537233], [174.658553778807, -36.9440965225082], [174.658554891259, -36.9441037555906], [174.658556112037, -36.9441108573659], [174.658557433182, -36.9441178234387], [174.658558868383, -36.9441246635325], [174.658560407575, -36.9441313795907], [174.658562044558, -36.9441379446594], [174.658563788978, -36.9441443892496], [174.658565650011, -36.9441507222467], [174.658567601826, -36.9441568917333], [174.658569666984, -36.9441629541792], [174.658571835489, -36.9441688628539], [174.658574106861, -36.9441746475087], [174.65857641124, -36.944180556088], [174.658576420846, -36.9441805847969], [174.658578669716, -36.9441868853355], [174.658578680465, -36.9441869149298], [174.658580893575, -36.9441936377977], [174.658583060899, -36.9442007867404], [174.658585190296, -36.944208361648], [174.658587271193, -36.9442163410358], [174.658589306129, -36.9442247383888], [174.65859129603, -36.9442335446803], [174.658593243241, -36.9442427643845], [174.658595141024, -36.9442523975954], [174.658596998362, -36.9442624441876], [174.658598807415, -36.9442729051719], [174.658600571551, -36.9442837805013], [174.658602295221, -36.9442950683109], [174.65860396598, -36.9443067642678], [174.658605598577, -36.9443188753767], [174.658607182988, -36.9443314053831], [174.658608722247, -36.9443443389217], [174.658610214481, -36.9443576931443], [174.658611665087, -36.9443714580606], [174.65861303902, -36.9443854674113], [174.65861422916, -36.9443990277552], [174.658615212732, -36.944412072711], [174.65861599862, -36.9444245976478], [174.658616584675, -36.9444366071023], [174.658616969756, -36.9444481001893], [174.658617158196, -36.9444590696374], [174.658617139892, -36.9444695155877], [174.65861692075, -36.944479451478], [174.658616505104, -36.9444888700368], [174.658615890357, -36.9444977550763], [174.658615887634, -36.9444977848588], [174.658615071814, -36.9445061490254], [174.658615067988, -36.9445061797245], [174.658614055039, -36.9445139977254], [174.658614050149, -36.9445140311435], [174.658612832378, -36.9445213625749], [174.658611420134, -36.9445281667318], [174.658611410871, -36.9445282056191], [174.658609794127, -36.9445344862468], [174.658609779505, -36.9445345369264], [174.65860798537, -36.9445402494804], [174.658607967438, -36.9445403029103], [174.658605956661, -36.9445455533963], [174.658605935244, -36.9445456014668], [174.658603751371, -36.9445502748055], [174.658603730979, -36.944550318355], [174.658603705013, -36.944550363785], [174.658601324713, -36.9445545233966], [174.658601301978, -36.944554562472], [174.658598716106, -36.9445582526502], [174.658598692132, -36.9445582863349], [174.658598670324, -36.9445583163839], [174.658596048448, -36.9445618998049], [174.65859347054, -36.9445655430017], [174.658590939734, -36.9445692351145], [174.65858846826, -36.9445729705644], [174.658586049384, -36.9445767494454], [174.658583690846, -36.9445805662413], [174.658581378404, -36.9445844373754], [174.658579130595, -36.9445883373509], [174.658576928707, -36.9445922835549], [174.658574789597, -36.9445962766532], [174.6585726996, -36.9446003078233], [174.658570666749, -36.944604385065], [174.658568688681, -36.9446085030033], [174.658566766618, -36.9446126661278], [174.658564897035, -36.9446168672771], [174.658563085761, -36.9446211162846], [174.65856132925, -36.9446254050875], [174.658559624312, -36.9446297418427], [174.658557978453, -36.944634110221], [174.658556383082, -36.9446385283694], [174.658554827081, -36.9446429495731], [174.65855326859, -36.9446473077175], [174.658551709775, -36.9446515991667], [174.658550143902, -36.944655824015], [174.658548582351, -36.944659989314], [174.658547019297, -36.9446640852304], [174.658545454874, -36.9446681180718], [174.658543882212, -36.9446720816246], [174.658542314995, -36.9446759856124], [174.658540747416, -36.9446798211031], [174.658539176204, -36.9446835926489], [174.658537604728, -36.9446873002029], [174.658536026154, -36.9446909393537], [174.658534451786, -36.9446945135489], [174.658532876031, -36.9446980237679], [174.658531298888, -36.9447014700107], [174.658529713642, -36.9447048532725], [174.658528133608, -36.9447081661565], [174.658526553426, -36.9447114204551], [174.658524970539, -36.9447146017824], [174.658523442826, -36.9447177381731], [174.658523423517, -36.9447177799048], [174.658523414, -36.9447178070781], [174.65852224049, -36.9447212242475], [174.658522218341, -36.9447212903552], [174.658522203006, -36.944721359973], [174.658521401975, -36.9447251757422], [174.658521395962, -36.944725209176], [174.658521389354, -36.9447252669544], [174.658520965449, -36.9447294884693], [174.658520960969, -36.9447295408099], [174.65852095972, -36.944729586796], [174.658520915236, -36.9447342681051], [174.658520917003, -36.9447342978248], [174.65852125193, -36.9447393866504], [174.658521253658, -36.944739414568], [174.658521259067, -36.9447394568557], [174.658521976302, -36.9447449315249], [174.658521984113, -36.9447449809898], [174.658523095246, -36.9447509098429], [174.658523102744, -36.9447509448907], [174.65852459609, -36.9447572550821], [174.658524604808, -36.9447572946195], [174.658526488293, -36.9447640410205], [174.658526501619, -36.9447640859016], [174.658528761566, -36.9447712074116], [174.658528773574, -36.9447712432977], [174.658531434, -36.944778811689], [174.658534483091, -36.9447868000861], [174.658534493781, -36.9447868269771], [174.658537929966, -36.944795214671], [174.658541751001, -36.9448040016931], [174.658541773424, -36.9448040518552], [174.658545971117, -36.9448132229969], [174.658550575059, -36.9448228481498], [174.658555561467, -36.9448328663545], [174.658560940048, -36.9448433108253], [174.658566703185, -36.9448541411079], [174.658572853711, -36.9448653842029], [174.65857901529, -36.9448766190312], [174.658584924393, -36.9448875518298], [174.658590587856, -36.9448981870101], [174.658595999889, -36.9449085165408], [174.658601159544, -36.9449185485475], [174.658606067964, -36.9449282839154], [174.658610730547, -36.9449377126545], [174.65861513963, -36.9449468438852], [174.658619304095, -36.9449556729767], [174.658623216222, -36.9449642063464], [174.658626876956, -36.9449724358691], [174.658630292009, -36.9449803659715], [174.658633450115, -36.9449879950086], [174.658636365888, -36.9449953236774], [174.658639027056, -36.9450023557548], [174.65864144018, -36.9450090830371], [174.658643599685, -36.9450155074048], [174.658645508998, -36.9450216315142], [174.658647165424, -36.9450274346719], [174.658647171584, -36.9450274598235], [174.658647180048, -36.945027487647], [174.658648583841, -36.945032981567], [174.658649723054, -36.9450382367212], [174.658649729351, -36.9450382681803], [174.658649734486, -36.945038297853], [174.658650547884, -36.9450434421865], [174.658650553566, -36.9450434970892], [174.658651040007, -36.9450485297166], [174.658651043053, -36.9450485666293], [174.658651043737, -36.9450485981668], [174.658651207585, -36.9450535649959], [174.658651209333, -36.9450535938145], [174.658651207732, -36.9450536235813], [174.658651055293, -36.9450585046943], [174.658651054835, -36.9450585353465], [174.658651051243, -36.9450585768586], [174.658650569876, -36.9450633589119], [174.658650566264, -36.9450633995229], [174.658650560271, -36.9450634338578], [174.65864975631, -36.9450681501128], [174.658649751342, -36.9450681799266], [174.658649744128, -36.9450682097718], [174.658648625042, -36.9450728420971], [174.658648617848, -36.9450728728434], [174.658648604211, -36.9450729171998], [174.658647167344, -36.9450774467044], [174.658647151521, -36.9450774937955], [174.6586471409, -36.9450775218855], [174.658645362883, -36.9450820101873], [174.658645338235, -36.9450820646124], [174.658643262272, -36.9450864326907], [174.658643239674, -36.9450864780736], [174.658643225647, -36.9450865044086], [174.658640820335, -36.9450908058815], [174.658640798704, -36.9450908440402], [174.658640779141, -36.9450908740578], [174.658638051969, -36.9450950916952], [174.658638026969, -36.9450951299009], [174.658638007329, -36.9450951563143], [174.658634947596, -36.9450993146018], [174.65863490603, -36.9450993656578], [174.658631536414, -36.9451034228167], [174.658631513444, -36.9451034510793], [174.658631484901, -36.9451034812225], [174.658627785858, -36.9451074681716], [174.658627763913, -36.9451074919132], [174.658627737517, -36.9451075175196], [174.658623714406, -36.9451114224666], [174.658623691319, -36.9451114453227], [174.658623661575, -36.9451114718772], [174.658619313332, -36.9451152975409], [174.658619285775, -36.9451153213609], [174.658619258178, -36.9451153433787], [174.658614569497, -36.9451191089011], [174.658614544067, -36.9451191272832], [174.658609536814, -36.9451228053185], [174.658609495902, -36.9451228347331], [174.658604155005, -36.9451264552362], [174.658598885427, -36.9451300504064], [174.658593798328, -36.9451336195922], [174.65858892928, -36.9451371460727], [174.658588900521, -36.945137166304], [174.658588869596, -36.945137190171], [174.658584189723, -36.9451406887709], [174.658579675957, -36.9451441832475], [174.658575349142, -36.9451476507761], [174.658571207226, -36.9451511003988], [174.658567256711, -36.9451545212085], [174.658563492199, -36.9451579231957], [174.658559917907, -36.9451612936824], [174.658559892594, -36.945161317471], [174.658556546164, -36.9451646315952], [174.658556516478, -36.9451646608529], [174.658553336136, -36.9451679699529], [174.658550328619, -36.9451712739346], [174.658550305611, -36.9451713003951], [174.658547505767, -36.9451745491976], [174.658547482798, -36.9451745774602], [174.658544889896, -36.9451777891208], [174.658544864701, -36.9451778183158], [174.658542434619, -36.9451810295046], [174.658542408438, -36.9451810650228], [174.658540187191, -36.9451842228191], [174.658540166525, -36.9451842537535], [174.658538114911, -36.9451874145881], [174.658538095388, -36.9451874464079], [174.658536249203, -36.9451905520949], [174.658536228654, -36.9451905884358], [174.658534564118, -36.9451936816705], [174.658534549046, -36.9451937116254], [174.658534528537, -36.9451937497684], [174.65853288994, -36.9451969517036], [174.658531071474, -36.945200455398], [174.658529102572, -36.9452042198799], [174.658526973186, -36.9452082479938], [174.658524692222, -36.9452125360099], [174.658522247485, -36.9452170913093], [174.658519653415, -36.9452219064794], [174.658516898842, -36.9452269843803], [174.65851398489, -36.9452323249964], [174.658510918314, -36.9452379291346], [174.658507696868, -36.9452437968262], [174.658504316023, -36.9452499263318], [174.658500781431, -36.9452563193752], [174.658497085136, -36.9452629715607], [174.658493237418, -36.9452698908569], [174.658489229138, -36.9452770701806], [174.658485064826, -36.9452845112712], [174.658480749013, -36.945292215868], [174.658476272697, -36.9453001831956], [174.65847163702, -36.9453084141392], [174.658466922488, -36.9453168408748], [174.658462433757, -36.9453251680121], [174.658458217176, -36.9453333579487], [174.658454262837, -36.9453414198364], [174.658450581634, -36.9453493382001], [174.658447163952, -36.9453571357079], [174.658444017142, -36.9453647888221], [174.658444006502, -36.9453648160111], [174.658441147666, -36.9453722848336], [174.658441134937, -36.9453723192626], [174.658438523506, -36.9453797008042], [174.658436182888, -36.945386935249], [174.658436170315, -36.9453869768865], [174.658434106817, -36.9453940443169], [174.658434097456, -36.9453940786988], [174.658432294228, -36.9454010307268], [174.658432286995, -36.9454010596709], [174.658430750794, -36.9454078971036], [174.658430744664, -36.9454079251309], [174.658429472482, -36.9454146128578], [174.658429466509, -36.9454146480937], [174.658428469533, -36.9454211841557], [174.658428464643, -36.9454212175738], [174.658427723664, -36.9454276482081], [174.658427719896, -36.9454276816105], [174.658427252766, -36.9454339497828], [174.65842725018, -36.9454339858727], [174.658427046806, -36.945440144002], [174.658427046504, -36.9454401818628], [174.658427108449, -36.9454461983803], [174.658427110177, -36.9454462262978], [174.658427438387, -36.9454520930782], [174.658427440291, -36.9454521291054], [174.658428028021, -36.9454578976194], [174.658428619606, -36.9454635849585], [174.658428624088, -36.9454636362726], [174.658429115915, -36.9454693322158], [174.658429498829, -36.9454750287791], [174.658429766521, -36.9454806422252], [174.658429768777, -36.9454806944718], [174.658429934779, -36.9454863309706], [174.658429989466, -36.9454919609122], [174.658429940294, -36.9454975138874], [174.65842993928, -36.9454975706864], [174.658429773804, -36.9455031460171], [174.658429502548, -36.9455087111079], [174.658429125394, -36.9455142605523], [174.65842864322, -36.9455197312438], [174.658428638818, -36.9455197871887], [174.658428041521, -36.9455252829233], [174.658427339429, -36.9455307620947], [174.658426524898, -36.9455362347246], [174.658425600868, -36.9455416809423], [174.658424579792, -36.9455470537038], [174.658424569757, -36.945547108826], [174.658423432378, -36.945552503943], [174.658422187997, -36.9455578843303], [174.658420828893, -36.9455632564052], [174.658419365727, -36.9455685938799], [174.658417830789, -36.9455739359624], [174.658416294662, -36.9455793267342], [174.658414754903, -36.9455847572159], [174.658413221695, -36.9455902308706], [174.658411689445, -36.9455957486779], [174.658410158092, -36.9456013079345], [174.658408622142, -36.9456069141253], [174.658407092685, -36.9456125607859], [174.658405627643, -36.9456180190668], [174.658405603679, -36.9456181050294], [174.658405560953, -36.9456182579536], [174.658405522502, -36.9456184009032], [174.658405498557, -36.9456184877669], [174.658404035537, -36.9456239874815], [174.658402509976, -36.9456297620787], [174.65840097761, -36.9456355854435], [174.65839945286, -36.9456414492625], [174.658397929046, -36.945647356333], [174.65839640621, -36.9456533084571], [174.658394878698, -36.9456593039111], [174.658393357678, -36.9456653398349], [174.658391837693, -36.9456714235155], [174.658390317484, -36.9456775486612], [174.658388800457, -36.9456837170269], [174.658387304976, -36.9456898950065], [174.658387296757, -36.9456899302738], [174.658387288537, -36.945689965541], [174.658385929724, -36.9456962317462], [174.658384731702, -36.9457026110777], [174.658383702515, -36.9457090601586], [174.658383698669, -36.9457090899567], [174.658382832761, -36.9457156115686], [174.658382125281, -36.9457222409318], [174.658382122558, -36.9457222707142], [174.658381585592, -36.9457289436643], [174.658381582927, -36.94572897615], [174.658381205688, -36.9457357649453], [174.658380993418, -36.9457426523871], [174.658380943501, -36.9457496213863], [174.65838106072, -36.9457566853964], [174.658381336894, -36.9457637778319], [174.658381338876, -36.9457638174634], [174.658381340702, -36.9457638498863], [174.658381778438, -36.9457710392132], [174.658382386201, -36.9457783532549], [174.658383153759, -36.9457857344682], [174.658383160544, -36.9457857884541], [174.658384085505, -36.945793178285], [174.658384092329, -36.9457932340731], [174.658385193731, -36.9458007854844], [174.65838645197, -36.9458084230368], [174.658386460942, -36.9458084742882], [174.658387879747, -36.9458161627772], [174.658389474231, -36.9458239777048], [174.65839122898, -36.9458318814297], [174.658392860442, -36.9458396408586], [174.658392866837, -36.9458396768231], [174.658394165081, -36.9458471912336], [174.658394170313, -36.9458472254117], [174.658395140033, -36.945854452375], [174.658395144221, -36.945854490173], [174.658395786373, -36.9458614738417], [174.658395789478, -36.9458615134576], [174.658396104317, -36.9458682655456], [174.65839608905, -36.9458747608543], [174.658396086678, -36.9458748068561], [174.658395743043, -36.9458810219262], [174.658395739529, -36.9458810670426], [174.658395075149, -36.9458869909515], [174.658395068444, -36.9458870442245], [174.658394065934, -36.9458927556321], [174.65839405464, -36.9458928044625], [174.658392741294, -36.945898215557], [174.658392730986, -36.9458982580642], [174.65839271938, -36.9458982924775], [174.658391075947, -36.9459034476937], [174.658391063316, -36.945903486628], [174.658391047355, -36.9459035274115], [174.658389083901, -36.9459084248061], [174.658389068985, -36.9459084619697], [174.65838904749, -36.9459085064358], [174.658386766083, -36.9459131378679], [174.658386743465, -36.9459131823498], [174.658386719646, -36.945913223243], [174.658384095404, -36.9459176323246], [174.658384074817, -36.9459176668633], [174.658381128112, -36.9459218091439], [174.658381099744, -36.9459218473967], [174.658381061468, -36.9459218948013], [174.65837781363, -36.945925769983], [174.658377778565, -36.9459258101319], [174.658374178755, -36.9459294558799], [174.658374141387, -36.9459294933571], [174.65837409289, -36.9459295354964], [174.658370206228, -36.9459328995244], [174.658370164349, -36.9459329361631], [174.658370134527, -36.9459329591133], [174.658365905801, -36.9459360845558], [174.658365859354, -36.945936117653], [174.65836580621, -36.9459361526464], [174.658361256456, -36.9459390256892], [174.658361220981, -36.9459390469156], [174.658361185507, -36.9459390681421], [174.658356412971, -36.94594176583], [174.658356351969, -36.9459418009332], [174.658351587196, -36.9459445976605], [174.658346958193, -36.9459474411639], [174.658346932704, -36.9459474568428], [174.658346906132, -36.9459474743395], [174.658342380773, -36.9459503848974], [174.658337967824, -36.9459533524725], [174.658337939066, -36.9459533727037], [174.658337913616, -36.9459533901847], [174.658333605531, -36.945956429304], [174.658329396619, -36.9459595364415], [174.658325280281, -36.9459627179988], [174.65832525489, -36.9459627381831], [174.658321268748, -36.9459659683972], [174.658317402855, -36.9459692546177], [174.658317373091, -36.9459692802711], [174.658313611828, -36.945972627223], [174.658313588702, -36.9459726482769], [174.658309918041, -36.9459760822951], [174.658306364163, -36.9459795678614], [174.658306337786, -36.9459795943688], [174.658302915208, -36.9459831276751], [174.658302885561, -36.945983158735], [174.658299564342, -36.9459867573251], [174.658299544623, -36.9459867801341], [174.65829633477, -36.9459904393615], [174.658296301911, -36.945990477677], [174.658293214357, -36.9459941838688], [174.658293190323, -36.9459942148502], [174.658290197705, -36.9459980008371], [174.658290173652, -36.9459980309175], [174.658287278137, -36.9460018930637], [174.658287259599, -36.9460019185603], [174.658284483191, -36.9460058358277], [174.658284462506, -36.946005865861], [174.658281780761, -36.9460098503085], [174.658279091949, -36.9460139231864], [174.6582763764, -36.9460180577293], [174.658273636495, -36.9460222602131], [174.658270867763, -36.9460265316018], [174.658268076764, -36.9460308636915], [174.658265260307, -36.946035264639], [174.65826241715, -36.9460397290535], [174.65825954958, -36.9460442587058], [174.658256653085, -36.9460488527576], [174.658253732253, -36.9460535156514], [174.658250789253, -36.9460582437516], [174.658247817308, -36.9460630353502], [174.658244822052, -36.9460678912699], [174.658241796867, -36.9460728170111], [174.658238749473, -36.9460778061565], [174.658235677664, -36.9460828605398], [174.658232579176, -36.9460879792911], [174.658229449538, -36.9460931633743], [174.65822630226, -36.9460984144033], [174.65822313047, -36.9461037261647], [174.658220050365, -36.94610901952], [174.6582172581, -36.9461141222766], [174.658217244073, -36.9461141486115], [174.658214714785, -36.9461191052826], [174.658214700836, -36.9461191352218], [174.658212442941, -36.946123919551], [174.658212427947, -36.9461239531102], [174.658210451333, -36.9461285550444], [174.658210435353, -36.9461285949267], [174.658208707454, -36.9461330662976], [174.65820869368, -36.9461331043465], [174.658207232166, -36.946137431387], [174.658207220677, -36.9461374712067], [174.658206035817, -36.9461416096075], [174.658206027481, -36.9461416394683], [174.658206021311, -36.9461416656935], [174.658205098053, -36.9461456463107], [174.658205090995, -36.9461456833644], [174.658204428704, -36.9461495287404], [174.65820442478, -36.9461495549342], [174.658204420065, -36.946149596462], [174.658204025368, -36.9461532497195], [174.658204022743, -36.9461532840073], [174.658204020273, -36.9461533255037], [174.658203888242, -36.9461568182586], [174.65820388711, -36.9461568696511], [174.658204015968, -36.9461602235605], [174.658204019327, -36.9461602748903], [174.658204023554, -36.9461603144905], [174.658204416854, -36.9461634862403], [174.658204422243, -36.9461635276269], [174.658204433539, -36.9461635824512], [174.658205077213, -36.9461665965742], [174.658205087054, -36.9461666360959], [174.65820510158, -36.9461666845657], [174.658206002151, -36.9461695310559], [174.658206018962, -36.9461695812964], [174.658206041543, -36.9461696386672], [174.658207205092, -36.9461723390719], [174.658207221609, -36.9461723757964], [174.658207250867, -36.9461724303699], [174.658208656464, -36.9461749516317], [174.658208694956, -36.9461750177937], [174.658208725102, -36.9461750615386], [174.658210385975, -36.9461774440333], [174.658210423013, -36.9461774948928], [174.658210467968, -36.9461775483456], [174.658212391741, -36.9461797811507], [174.65821242628, -36.9461798203275], [174.658212463024, -36.9461798576708], [174.658214642768, -36.9461820355241], [174.658214665748, -36.9461820595395], [174.658216853244, -36.9461843878092], [174.658216883155, -36.9461844207412], [174.658219072508, -36.9461869382675], [174.658219100213, -36.946186973033], [174.658221244517, -36.9461896399105], [174.658221268756, -36.9461896702176], [174.658223414224, -36.9461925461909], [174.658223432772, -36.9461925729722], [174.658225542249, -36.9461956017755], [174.658225565444, -36.9461956357026], [174.658227646944, -36.9461988244347], [174.658227666693, -36.9461988548046], [174.658229741402, -36.9462022482369], [174.658229758887, -36.9462022777372], [174.658231796287, -36.9462058150044], [174.658231817334, -36.9462058534683], [174.658233823176, -36.9462095407997], [174.658233861766, -36.946209611467], [174.658235871525, -36.9462135312907], [174.658237862836, -36.9462176361478], [174.658239832019, -36.9462219116683], [174.658241763757, -36.9462263247162], [174.658241785058, -36.946226374894], [174.658243707797, -36.9462309944756], [174.658245608584, -36.9462357928303], [174.658247482909, -36.9462407691195], [174.6582493431, -36.9462459222697], [174.658251168736, -36.9462512426515], [174.658252980278, -36.9462567416965], [174.658254756045, -36.9462624034833], [174.658256366686, -36.9462680630695], [174.658256377688, -36.9462681043778], [174.658257728804, -36.9462736549205], [174.658258846265, -36.9462791501393], [174.658258852699, -36.9462791879059], [174.658259719029, -36.9462845469235], [174.658259726761, -36.9462845927842], [174.658260346852, -36.9462898858373], [174.658260349801, -36.9462899182446], [174.658260730663, -36.9462951578542], [174.658260732625, -36.9462951965847], [174.658260867003, -36.9463003071391], [174.658260867804, -36.9463003440831], [174.658260762992, -36.9463054029962], [174.658260760601, -36.9463054480969], [174.658260412828, -36.9463103851163], [174.658260409178, -36.9463104239251], [174.658259814259, -36.9463153049076], [174.658259808461, -36.9463153482532], [174.658258971656, -36.9463201569009], [174.658258961406, -36.9463202021114], [174.658257882745, -36.9463248879488], [174.658257875571, -36.946324919596], [174.658257867156, -36.9463249458526], [174.658256555454, -36.9463295529223], [174.658256540772, -36.9463296008987], [174.658254968549, -36.946334156625], [174.658254951583, -36.9463342028305], [174.658253152234, -36.9463386418501], [174.65825314053, -36.9463386717579], [174.658253127664, -36.9463386998793], [174.658251082846, -36.9463430566994], [174.658251068897, -36.9463430866386], [174.658251054869, -36.9463431129735], [174.658248761782, -36.9463474137722], [174.658248737963, -36.9463474546655], [174.65824621448, -36.9463516433098], [174.658246194976, -36.9463516760306], [174.658243408726, -36.9463558133627], [174.658243393497, -36.9463558361091], [174.65824337167, -36.946355865257], [174.658240342099, -36.9463599158529], [174.658237206375, -36.9463639390882], [174.658237184528, -36.9463639673351], [174.658234276943, -36.9463679468235], [174.658234254051, -36.9463679786903], [174.658231547925, -36.9463719788], [174.658229046491, -36.9463759931763], [174.65822902809, -36.9463760249804], [174.65822676482, -36.9463799918644], [174.658226744271, -36.9463800282052], [174.658224684823, -36.9463840210856], [174.658224667623, -36.9463840564783], [174.658222831033, -36.9463880210084], [174.658222815014, -36.9463880590887], [174.658221198422, -36.9463920187435], [174.658221185712, -36.9463920540735], [174.658219776037, -36.9463960270626], [174.658219762341, -36.9463960687158], [174.658218564473, -36.9464000216212], [174.658218553062, -36.9464000650451], [174.658217582797, -36.9464040012515], [174.658217572527, -36.9464040455608], [174.658216802873, -36.9464080150192], [174.658216796977, -36.9464080538594], [174.658216247974, -36.9464119968011], [174.658216242235, -36.9464120428499], [174.658215908388, -36.9464159647597], [174.658215904913, -36.9464160116782], [174.658215780365, -36.9464199531985], [174.65821577979, -36.9464199784442], [174.658215780513, -36.9464200117839], [174.658215873307, -36.9464239295378], [174.658215875036, -36.9464239574554], [174.658215876822, -36.9464239880761], [174.658216181816, -36.9464279037677], [174.658216186199, -36.9464279505764], [174.658216704924, -36.9464318831125], [174.658216708877, -36.9464319100977], [174.658216714032, -36.9464319406714], [174.658217445941, -36.9464358648221], [174.658217453458, -36.9464359007709], [174.65821839528, -36.9464398210884], [174.658218406244, -36.9464398605945], [174.658219563448, -36.9464438220698], [174.658220775193, -36.9464478648058], [174.658222020268, -36.9464519945068], [174.658223293097, -36.9464562130533], [174.65822459703, -36.9464605194973], [174.658225927457, -36.946464908495], [174.658227284537, -36.9464693872549], [174.658228673725, -36.9464739484902], [174.658230089643, -36.946478603092], [174.658231538695, -36.9464833356482], [174.658233013354, -36.9464881615865], [174.658234520141, -36.9464930709013], [174.658236048953, -36.9464980637335], [174.658237614579, -36.9465031488902], [174.658239207764, -36.9465083138816], [174.658240826518, -36.9465135704531], [174.658242472928, -36.9465189113648], [174.658244151585, -36.9465243410593], [174.658245855614, -36.9465298533232], [174.658247592992, -36.9465354534531], [174.658249356963, -36.9465411406421], [174.658251137412, -36.9465467590986], [174.658252905685, -36.9465521785279], [174.658254672082, -36.9465574077993], [174.658256431898, -36.9465624370641], [174.658258189739, -36.9465672716658], [174.658259947851, -36.946571911573], [174.658261694989, -36.9465763560416], [174.658263440152, -36.9465806058471], [174.658265175307, -36.9465846529896], [174.658266921189, -36.9465885215159], [174.658268631328, -36.9465921399673], [174.65826865838, -36.9465921963743], [174.658270374873, -36.9465956416786], [174.658270392455, -36.9465956756842], [174.65827210014, -36.9465989219142], [174.658273815242, -36.9466019922783], [174.658273837393, -36.9466020298254], [174.658275536463, -36.9466048786824], [174.658275551585, -36.9466049028075], [174.658277246553, -36.9466075624392], [174.658277266282, -36.9466075919081], [174.658278945628, -36.9466100489553], [174.658278967642, -36.9466100801949], [174.658280651945, -36.9466123514956], [174.658280680812, -36.9466123880476], [174.658282342347, -36.9466144379354], [174.658282363082, -36.9466144619821], [174.658282384979, -36.9466144878153], [174.658284049421, -36.9466163609987], [174.658284073602, -36.9466163886027], [174.658285725225, -36.9466181366782], [174.658285753956, -36.9466181669226], [174.658287422254, -36.9466200625858], [174.658287445274, -36.9466200884033], [174.658289123727, -36.9466221416601], [174.65828914454, -36.9466221693111], [174.658290835335, -36.9466243774268], [174.658290863118, -36.9466244157966], [174.658292544631, -36.9466267655532], [174.658294242205, -36.9466292863411], [174.658294257288, -36.9466293086641], [174.658295961531, -36.9466319816861], [174.658297685203, -36.9466348256924], [174.658299393765, -36.9466378015062], [174.658301120732, -36.9466409528252], [174.658302839343, -36.9466442367586], [174.658302862832, -36.9466442842018], [174.658304570511, -36.9466476854628], [174.658306307148, -36.9466512828126], [174.658308040331, -36.9466550316367], [174.658309776777, -36.9466589309398], [174.658311516506, -36.946662981623], [174.658313264006, -36.9466671836237], [174.658315011519, -36.946671541557], [174.658316762256, -36.9466760481671], [174.65831851401, -36.9466807052878], [174.658320263159, -36.9466855012519], [174.658320285916, -36.9466855667323], [174.658321917618, -36.9466903841664], [174.658323430146, -36.9466952988077], [174.65832344229, -36.9466953410013], [174.658324819584, -36.946700285473], [174.65832606225, -36.9467052877087], [174.658327176173, -36.9467103602447], [174.658328158055, -36.9467154544545], [174.658328997967, -36.946720578589], [174.658329003318, -36.9467206181735], [174.658329703944, -36.9467257406481], [174.65832971193, -36.9467257982226], [174.658329715982, -36.9467258297131], [174.658330288774, -36.9467310125606], [174.658330292728, -36.9467310395458], [174.658330297385, -36.9467310989695], [174.658330732718, -36.94673631258], [174.658330734661, -36.9467363504094], [174.65833104052, -36.9467416523575], [174.658331214503, -36.9467470354659], [174.658331253428, -36.9467524565145], [174.658331160116, -36.9467578902263], [174.658331159579, -36.9467579172742], [174.658331157364, -36.9467579704845], [174.658330930711, -36.9467634177762], [174.658330567409, -36.9467689850528], [174.658330072144, -36.9467745776075], [174.658329440024, -36.9467802288585], [174.658328675305, -36.9467859279301], [174.658327771038, -36.9467916650047], [174.658326851502, -36.9467974230235], [174.658326065981, -36.946803146722], [174.658326063179, -36.9468031729001], [174.658325416836, -36.9468088414753], [174.658325410325, -36.9468089037591], [174.658324899118, -36.9468145379983], [174.658324896317, -36.9468145641764], [174.658324522921, -36.946820183872], [174.658324519818, -36.9468202479108], [174.658324275692, -36.9468258216349], [174.658324274208, -36.9468258568081], [174.658324163423, -36.9468314169522], [174.658324162945, -36.9468314467033], [174.658324162838, -36.9468314935747], [174.658324183978, -36.9468370266385], [174.658324345146, -36.946842595603], [174.65832463615, -36.9468481447271], [174.658325061306, -36.9468536658385], [174.658325623335, -36.9468591291547], [174.658325627504, -36.9468591660516], [174.658326315611, -36.946864591553], [174.658326319702, -36.9468646248456], [174.658326325032, -36.946864663529], [174.658327153099, -36.9468700699499], [174.658328117591, -36.9468755015057], [174.658329211851, -36.9468808582399], [174.658329219408, -36.9468808959909], [174.658329226847, -36.9468809283354], [174.6583304449, -36.9468862454841], [174.65833045106, -36.9468862706357], [174.658330458421, -36.9468862993759], [174.658331818856, -36.9468916055224], [174.658331825074, -36.9468916333773], [174.658333330818, -36.9468969600278], [174.658334970772, -36.9469022613687], [174.658336735086, -36.9469075492551], [174.658338585092, -36.9469128530702], [174.658340519765, -36.9469181773349], [174.658342541411, -36.9469235247211], [174.658344636477, -36.9469288918126], [174.658346817315, -36.9469342784371], [174.658349079433, -36.9469396846572], [174.658351421786, -36.9469451140928], [174.658353844258, -36.9469505613376], [174.658356352599, -36.9469560326206], [174.658358941057, -36.9469615217128], [174.658361609752, -36.9469670340204], [174.658364358507, -36.946972561434], [174.658367187595, -36.9469781165685], [174.65837010344, -36.9469836849126], [174.658373099638, -36.9469892818787], [174.658376174735, -36.9469948921642], [174.658379336842, -36.9470005273733], [174.658382573435, -36.9470061795687], [174.658385895917, -36.9470118567034], [174.658389297336, -36.9470175489596], [174.658392632459, -36.947023135783], [174.658395834746, -36.9470285523048], [174.658398891752, -36.947033794192], [174.658401811509, -36.9470388694448], [174.658404591597, -36.9470437699846], [174.658407238751, -36.9470484957176], [174.658409740799, -36.9470530549258], [174.658412105423, -36.9470574393898], [174.658414330455, -36.9470616527452], [174.658416417058, -36.9470656967787], [174.658418365094, -36.9470695651825], [174.658420173539, -36.9470732624779], [174.658421839063, -36.947076790514], [174.65842337059, -36.9470801464622], [174.658424765933, -36.9470833330569], [174.658426017017, -36.9470863404963], [174.658427125952, -36.9470891624414], [174.658427134358, -36.9470891875617], [174.65842810622, -36.9470918509819], [174.658428934654, -36.9470943217151], [174.65842894548, -36.9470943549137], [174.658429634108, -36.9470966446266], [174.658429641371, -36.9470966688614], [174.658429649972, -36.9470967029924], [174.658430175247, -36.9470988651933], [174.658430185069, -36.947098903814], [174.658430191561, -36.9470989442839], [174.658430534343, -36.9471011838456], [174.658430539596, -36.9471012189247], [174.658430544136, -36.947101272942], [174.6584307047, -36.9471036024794], [174.658430707726, -36.947103638491], [174.658430691284, -36.9471060912812], [174.658430691001, -36.947106130043], [174.658430688493, -36.9471061697372], [174.658430490349, -36.9471086845543], [174.658430487684, -36.9471087170399], [174.658430481808, -36.9471087567812], [174.658430094688, -36.9471113607671], [174.658430089935, -36.9471114004927], [174.658429515784, -36.9471141314767], [174.658429509654, -36.9471141595041], [174.658429501376, -36.9471141920681], [174.658428750365, -36.9471170012356], [174.658428735664, -36.9471170483109], [174.65842780096, -36.9471199312505], [174.658427786161, -36.9471199738204], [174.658426648845, -36.9471229902853], [174.658425331418, -36.947126090387], [174.658425314256, -36.9471261275819], [174.658423807972, -36.9471293222588], [174.65842379288, -36.9471293513126], [174.65842210501, -36.9471326134228], [174.658422089938, -36.9471326433778], [174.658420206865, -36.9471360181787], [174.658420188425, -36.9471360481807], [174.658418125417, -36.9471395147281], [174.658415861242, -36.9471430778254], [174.658413411479, -36.9471467309454], [174.65841338971, -36.9471467627966], [174.658410783733, -36.9471504622645], [174.658410766279, -36.9471504859433], [174.65841073466, -36.9471505296495], [174.658407936614, -36.9471543309482], [174.658404920004, -36.9471582551787], [174.658401761648, -36.9471622715235], [174.658401737634, -36.947162303406], [174.658398670274, -36.9471665284932], [174.658398652839, -36.947166553073], [174.65839863436, -36.9471665812729], [174.658395709648, -36.9471710666589], [174.658395686893, -36.9471711048333], [174.658392912259, -36.9471758305849], [174.658392891729, -36.9471758678268], [174.658390238764, -36.9471808703945], [174.658390220422, -36.9471809049018], [174.658387704707, -36.9471861777587], [174.658387687604, -36.9471862176568], [174.658385327228, -36.9471917145815], [174.658385316587, -36.9471917417705], [174.65838307831, -36.947197535335], [174.658383067709, -36.9471975643261], [174.65838097413, -36.9472036091475], [174.658380963568, -36.9472036399408], [174.658379004954, -36.9472099532805], [174.658378997701, -36.9472099813235], [174.658377176933, -36.9472165406077], [174.658377170744, -36.9472165659318], [174.658375494928, -36.9472233881869], [174.658373952184, -36.9472304952109], [174.658372561606, -36.9472378353607], [174.658372556696, -36.9472378678777], [174.658372549619, -36.9472379040304], [174.658371302704, -36.9472454476802], [174.658371296887, -36.9472454901246], [174.658371291977, -36.9472455226417], [174.658370180242, -36.9472533447217], [174.65837017748, -36.9472533727019], [174.658370171643, -36.9472534142454], [174.658369197373, -36.9472615165263], [174.658368358656, -36.9472699143578], [174.658367666013, -36.9472785751445], [174.658367110172, -36.9472874854957], [174.65836669367, -36.9472966588961], [174.658366370854, -36.9473057507682], [174.658366090684, -36.9473144788025], [174.658365856372, -36.9473228357433], [174.658365670084, -36.947330817955], [174.658365530914, -36.9473384353651], [174.658365438743, -36.9473456825672], [174.658365387978, -36.9473525605407], [174.658365384213, -36.9473590683061], [174.658365427448, -36.9473652058635], [174.658365518845, -36.9473709749992], [174.658365656059, -36.9473763712395], [174.658365835823, -36.9473813991365], [174.658366067076, -36.9473860567628], [174.658366340957, -36.9473903496501], [174.658366660636, -36.9473942687408], [174.658367022727, -36.9473978131809], [174.658367435009, -36.9474009792562], [174.658367439002, -36.9474010080434], [174.658367892594, -36.9474038003848], [174.658367898949, -36.9474038345471], [174.658368402752, -36.9474062494249], [174.658368412554, -36.9474062871445], [174.658368953096, -36.9474083247467], [174.658369493958, -36.9474102217345], [174.6583695013, -36.9474102495737], [174.658369506552, -36.9474102846528], [174.658369877248, -36.9474127239233], [174.658369882559, -36.9474127617056], [174.658369887119, -36.947412816624], [174.658370094639, -36.9474159134517], [174.658370096582, -36.9474159512811], [174.65837013379, -36.9474197391155], [174.658370132287, -36.9474197733876], [174.658369994479, -36.9474242423796], [174.658369679056, -36.9474293763413], [174.658369189192, -36.9474351662148], [174.658368520494, -36.9474416165682], [174.658367684802, -36.9474487038012], [174.658366672541, -36.9474564523839], [174.658365478, -36.9474648578893], [174.658364112208, -36.9474739111499], [174.658362571995, -36.9474836212234], [174.658360860649, -36.9474939844584], [174.658358967021, -36.9475050046161], [174.658356898776, -36.947516672576], [174.658354659476, -36.9475289973017], [174.658352244533, -36.9475419743507], [174.658349654064, -36.9475556091292], [174.658346886731, -36.9475698917413], [174.65834472379, -36.9475808696917], [174.658343959607, -36.9475847291097], [174.658343947386, -36.9475847869665]], [[174.658472978623, -36.9427879227144], [174.658475178362, -36.942781962935], [174.658475196235, -36.9427819068019], [174.658475209735, -36.942781856138], [174.658476779831, -36.9427758591849]], [[174.658476779831, -36.9427758591849], [174.658472978623, -36.9427879227144]], [[174.658476779831, -36.9427758591849], [174.658476788186, -36.9427758302251], [174.658476794375, -36.942775804901], [174.658477752484, -36.9427697047292], [174.658477760312, -36.9427696514404], [174.658477763591, -36.9427695955112], [174.658478105372, -36.9427634507689], [174.658478106757, -36.9427634110904], [174.65847810582, -36.9427633678389], [174.658477828186, -36.9427571398114], [174.658477824612, -36.9427570785698], [174.658477819184, -36.942757035381], [174.658476930034, -36.9427507257606], [174.658476924586, -36.9427506816707], [174.658476913409, -36.9427506322528], [174.658475410613, -36.9427442464773], [174.658475399514, -36.9427442006637], [174.658475385027, -36.9427441539961], [174.658473262857, -36.9427376867375], [174.658473248409, -36.942737641872], [174.658473230672, -36.9427376006578], [174.65847048161, -36.9427310159671], [174.658470461628, -36.9427309747843], [174.658467094725, -36.9427243275173], [174.658467077105, -36.9427242917095], [174.658467056117, -36.9427242559488], [174.658463080197, -36.9427175387713], [174.658463045289, -36.9427174824741], [174.658458419812, -36.9427106382661], [174.658458395534, -36.9427106061567], [174.658453147452, -36.9427036868199], [174.658453122052, -36.9427036547262], [174.658447478783, -36.9426967391063], [174.658441784346, -36.9426899494878], [174.658436066191, -36.9426833089225], [174.658430324494, -36.9426768255198], [174.658424560182, -36.9426704902535], [174.65841876898, -36.942664313098], [174.658412950575, -36.9426582796362], [174.65840712123, -36.9426524148785], [174.658401259977, -36.9426466839654], [174.658395374177, -36.9426411156372], [174.658395324929, -36.9426410712578], [174.65838946007, -36.9426356919193], [174.658383528035, -36.9426304252858], [174.658377574585, -36.9426253103771], [174.658371596411, -36.9426203499436], [174.65836560023, -36.9426155429902], [174.658359563355, -36.9426108790174], [174.658353518791, -36.9426063782954], [174.658347465375, -36.9426020390375], [174.65834744141, -36.9426020213453], [174.658347386725, -36.9426019851539], [174.658341365575, -36.9425978392345], [174.658341340468, -36.9425978206569], [174.658341314277, -36.9425978038971], [174.658335229454, -36.942593776943], [174.658335171382, -36.9425937398975], [174.658329081592, -36.9425898464117], [174.65832295788, -36.942585890305], [174.658316855039, -36.9425818608975], [174.658310790179, -36.9425777705691], [174.658304747528, -36.9425736168359], [174.65829872807, -36.9425693933749], [174.658292738677, -36.9425651063994], [174.658286769188, -36.9425607533474], [174.65828082754, -36.9425563377133], [174.65827491131, -36.9425518514189], [174.658269027392, -36.9425473015788], [174.658263157783, -36.9425426866416], [174.658257319364, -36.9425380081743], [174.658251508647, -36.9425332608175], [174.658245721222, -36.9425284482381], [174.658239953701, -36.9425235695823], [174.658234223039, -36.9425186300212], [174.658228512282, -36.9425136243836], [174.658222824737, -36.9425085499192], [174.658217164994, -36.9425034110707], [174.65821155359, -36.9424982228741], [174.658211528366, -36.9424981988901], [174.658206400161, -36.9424930264786], [174.658206357688, -36.9424929838072], [174.658206328862, -36.9424929490573], [174.658201950572, -36.9424878193519], [174.658201914834, -36.9424877765864], [174.658201878979, -36.9424877284145], [174.658198228806, -36.9424826200874], [174.65819819748, -36.9424825736549], [174.658198167199, -36.9424825236024], [174.658195244215, -36.9424774456801], [174.658195212655, -36.9424773884347], [174.658195190252, -36.9424773391736], [174.658192989653, -36.9424722773016], [174.658192962389, -36.9424722109828], [174.658192940717, -36.9424721436845], [174.658191446476, -36.9424670836653], [174.658191436773, -36.942467050451], [174.658191429159, -36.9424670099968], [174.658190651691, -36.9424619661064], [174.65819064229, -36.9424618950314], [174.658190639624, -36.9424618238622], [174.658190583019, -36.9424568293934], [174.658190583546, -36.9424567500676], [174.658190590944, -36.9424566769553], [174.658191245196, -36.9424516328996], [174.658191258559, -36.9424515759282], [174.658192623414, -36.9424465742266], [174.65819264324, -36.9424465045461], [174.658192666686, -36.9424464465325], [174.658194747152, -36.9424414591732], [174.658194774992, -36.9424413965915], [174.658194808444, -36.9424413339315], [174.658197608523, -36.942436338325], [174.658197639945, -36.9424362856081], [174.658201183942, -36.942431263388], [174.658201216662, -36.9424312187651], [174.65820125933, -36.9424311667924], [174.658205515843, -36.9424261715766], [174.658205552009, -36.9424261305109], [174.658210547082, -36.9424211204736], [174.658210589964, -36.9424210784128], [174.658210621914, -36.9424210500249], [174.65821633612, -36.9424160614912], [174.658216368109, -36.9424160349054], [174.658216407838, -36.9424160028035], [174.65822284973, -36.9424110158242], [174.658222875139, -36.9424109965411], [174.658222910534, -36.9424109717104], [174.65823008911, -36.9424059870611], [174.65823011899, -36.9424059668142], [174.658230151096, -36.9424059456349], [174.658238054184, -36.9424009715976], [174.658238102953, -36.9424009420734], [174.658246788381, -36.9423959526027], [174.658255883939, -36.9423909754303], [174.65826446971, -36.9423861027224], [174.658272519581, -36.9423813213235], [174.658272550603, -36.942381301962], [174.65828003814, -36.9423766356766], [174.658280072452, -36.9423766126637], [174.658286987356, -36.9423720526222], [174.658287026119, -36.9423720277445], [174.658287051548, -36.9423720093624], [174.658293451823, -36.9423675376292], [174.658293483889, -36.9423675146477], [174.658299360398, -36.9423631241396], [174.658304716548, -36.942358816612], [174.658304751846, -36.942358787276], [174.658309511468, -36.9423546232815], [174.658309552222, -36.9423545866584], [174.658313798045, -36.9423504974408], [174.658313821131, -36.9423504745847], [174.658313851879, -36.9423504426081], [174.658317541217, -36.9423464792389], [174.658317576299, -36.942346439991], [174.658317600351, -36.9423464099106], [174.658320742798, -36.9423425488209], [174.658320781112, -36.9423425032185], [174.658320805047, -36.9423424677317], [174.658323440274, -36.9423386741162], [174.658323467361, -36.9423386286706], [174.658325542042, -36.94233498079], [174.658325576578, -36.9423349163121], [174.658325599078, -36.9423348664238]], [[174.658325599078, -36.9423348664238], [174.658327160575, -36.9423312698766]], [[174.658327922349, -36.9423314971924], [174.658325599078, -36.9423348664238]], [[174.658327922349, -36.9423314971924], [174.658327160575, -36.9423312698766]], [[174.658327922349, -36.9423314971924], [174.658327965317, -36.9423285582044]], [[174.658327922349, -36.9423314971924], [174.658328706036, -36.9423243953581]], [[174.658327160575, -36.9423312698766], [174.658327178408, -36.9423312119414], [174.658327965317, -36.9423285582044]], [[174.658327965317, -36.9423285582044], [174.65832818752, -36.9423278268134]], [[174.658327965317, -36.9423285582044], [174.658328132138, -36.9423176054222]], [[174.65832818752, -36.9423278268134], [174.658327922349, -36.9423314971924]], [[174.658328195231, -36.9423277681182], [174.65832818752, -36.9423278268134]], [[174.658328195231, -36.9423277681182], [174.658328216374, -36.9423277074328], [174.658328706036, -36.9423243953581]], [[174.658328706036, -36.9423243953581], [174.658328714694, -36.9423243285376], [174.658328725382, -36.9423242517739], [174.658328725674, -36.9423241616352], [174.658328700014, -36.9423209577086], [174.658328697153, -36.9423208775288], [174.65832868415, -36.9423207956879]], [[174.65832868415, -36.9423207956879], [174.658328195231, -36.9423277681182]], [[174.65832868415, -36.9423207956879], [174.658328132138, -36.9423176054222]], [[174.658328132138, -36.9423176054222], [174.658328112927, -36.9423175480044], [174.658327048054, -36.9423144757672], [174.658327030122, -36.9423144255423], [174.65832701258, -36.9423143933389], [174.658325447018, -36.9423113271934], [174.658325424693, -36.9423112815366], [174.658323881567, -36.9423076445257], [174.658323863771, -36.9423076006082], [174.658323843417, -36.942307542305], [174.658322476539, -36.9423032295271], [174.658322464453, -36.9423031900366], [174.658322454613, -36.9423031505149], [174.658321246605, -36.9422980855981], [174.658321240387, -36.9422980577432], [174.65832123535, -36.9422980325759], [174.658320194364, -36.9422922289267], [174.658320187872, -36.9422921884569], [174.658319313098, -36.9422856605081], [174.65831931015, -36.9422856281008], [174.658318615469, -36.9422783945869], [174.658318612462, -36.9422783594764], [174.658318083524, -36.9422703800371], [174.65831808164, -36.942270344911], [174.658317727358, -36.9422616680946], [174.658317726694, -36.9422616374581], [174.658317545837, -36.942252206497], [174.658317538972, -36.9422420475222], [174.658317705192, -36.9422311704614], [174.658318047921, -36.9422195779705], [174.658318559146, -36.9422072629509], [174.658319250171, -36.94219422885], [174.658320109828, -36.9421804785278], [174.658321143633, -36.9421660074005], [174.658322353928, -36.9421508199422], [174.658323737228, -36.9421349107934], [174.658325295875, -36.9421182844282], [174.658327021935, -36.942100937352], [174.658328800218, -36.9420836165866], [174.6583304864, -36.9420671236419], [174.658332080383, -36.9420514540123], [174.658333587819, -36.9420366094218], [174.658335003134, -36.9420225917508], [174.658336330878, -36.9420094036398], [174.658337566404, -36.9419970379431], [174.65833871099, -36.9419855018534], [174.658339767869, -36.9419747890162], [174.658340727033, -36.9419649040781], [174.658341604122, -36.9419558432152], [174.658342390253, -36.9419476110584], [174.65834307743, -36.9419402014098], [174.658343683791, -36.9419336221283], [174.658344197935, -36.9419278652611], [174.658344619977, -36.9419229362145], [174.658344949861, -36.9419188322853], [174.658345192135, -36.941915556114], [174.658345344525, -36.9419131582079], [174.658345347843, -36.9419131040808], [174.658345349522, -36.9419130779183], [174.658345404452, -36.9419115196252], [174.658345405545, -36.9419114664305], [174.658345375674, -36.9419105546855], [174.658345373282, -36.9419104961314], [174.658345366653, -36.941910449354], [174.658345239763, -36.9419094650537], [174.658345234393, -36.9419094245681], [174.658345226896, -36.9419093895203], [174.658344977408, -36.9419081888066], [174.658344971209, -36.9419081618528], [174.658344615778, -36.9419067877576], [174.658344604835, -36.9419067491526], [174.658344136276, -36.9419051810454], [174.658344125411, -36.9419051460446], [174.658343553837, -36.9419034360622], [174.658343545314, -36.9419034055354], [174.658343523897, -36.9419033499511], [174.658342840943, -36.9419014747753], [174.658342029505, -36.9418993706494], [174.65834110407, -36.941897084241], [174.658340065147, -36.9418946389781], [174.658338911104, -36.9418920114485], [174.658337650152, -36.9418892177616], [174.658336278766, -36.9418862507561], [174.658334793559, -36.9418831095777], [174.658333195712, -36.9418797969141], [174.658331484143, -36.9418763145831], [174.658329663301, -36.9418726607197], [174.65832772862, -36.9418688317825], [174.658325685789, -36.9418648312973], [174.658323529215, -36.9418606602436], [174.658321263253, -36.9418563122511], [174.658319027404, -36.9418518511697], [174.658316876079, -36.9418473005758], [174.658316857297, -36.9418472629816], [174.658316841903, -36.9418472262414], [174.658314792703, -36.9418426210417], [174.658314773765, -36.9418425762389], [174.658314761914, -36.9418425475614], [174.658312782771, -36.9418378070827], [174.658312769719, -36.9418377748165], [174.658312754266, -36.9418377353731], [174.658310857382, -36.9418329045122], [174.65831084311, -36.9418328677563], [174.658310830039, -36.9418328345891], [174.65830900331, -36.9418278729545], [174.658308993782, -36.9418278478499], [174.658308979394, -36.9418278056876], [174.658307221735, -36.9418227150971], [174.658305537482, -36.9418174882795], [174.658303919011, -36.9418121361574], [174.658302395557, -36.9418067124032], [174.658302381051, -36.9418066648345], [174.658300934488, -36.9418011102125], [174.658299554809, -36.9417954293693], [174.658298259322, -36.9417896436954], [174.658297042336, -36.941783749665], [174.658295902728, -36.9417777472936], [174.658294840323, -36.9417716284717], [174.658293855355, -36.9417654040121], [174.658292953261, -36.9417590657268], [174.658292128623, -36.9417526227048], [174.658291385893, -36.9417460730815], [174.658290695112, -36.9417393298445], [174.658290026525, -36.9417322636157], [174.658289381216, -36.9417248725771], [174.658288752449, -36.9417171568229], [174.658288143574, -36.941709115405], [174.658287555614, -36.9417007438022], [174.658286986539, -36.9416920519579], [174.658286440625, -36.9416830298973], [174.658285912474, -36.9416736876109], [174.658285408587, -36.9416640141915], [174.658284915649, -36.941654017036], [174.658284451563, -36.9416436931902], [174.65828399953, -36.9416330446915], [174.658283571779, -36.9416220659609], [174.658283166282, -36.9416107669417], [174.658282779455, -36.941599137769], [174.658282409269, -36.941587188386], [174.658282063346, -36.9415749078701], [174.658281733986, -36.9415623035397], [174.658281423374, -36.9415493726601], [174.658281122658, -36.9415361730411], [174.658280705664, -36.9415231003331], [174.658280159227, -36.9415102205184], [174.658279481237, -36.9414975399357], [174.658278677287, -36.9414850576056], [174.658277738417, -36.9414727745545], [174.658276667877, -36.9414606853291], [174.658275468107, -36.9414487989087], [174.65827413661, -36.9414371036107], [174.658272674624, -36.9414256048259], [174.658271081105, -36.9414143061741], [174.658269357039, -36.9414032013322], [174.658267503646, -36.9413922947899], [174.658265513088, -36.9413815875581], [174.658263397694, -36.9413710785631], [174.658261149527, -36.9413607643105], [174.658258768647, -36.9413506475033], [174.658256260743, -36.9413407316676], [174.658253621093, -36.9413310060532], [174.658250847703, -36.9413214824053], [174.658247948335, -36.9413121561088], [174.658245057316, -36.9413030595389], [174.658242283194, -36.9412942272334], [174.658239625752, -36.9412856492806], [174.658237077329, -36.941277334801], [174.658234645627, -36.9412692764762], [174.658232328438, -36.9412614761397], [174.658230122435, -36.9412539356407], [174.658228032108, -36.9412466549166], [174.658226051823, -36.9412396331446], [174.658224186073, -36.9412328702621], [174.658222439287, -36.9412263635031], [174.658220800377, -36.9412201193319], [174.658219278167, -36.9412141304146], [174.658217866001, -36.9412084004494], [174.658216587598, -36.9412029876926], [174.658216572858, -36.941202929311]], [[174.657902018535, -36.9412443671832], [174.657902109599, -36.9412443722211], [174.657902187115, -36.9412443738428], [174.657902273513, -36.9412443708337], [174.657906501894, -36.9412441937163], [174.65790871875, -36.9412441014706], [174.657908769207, -36.9412440980621], [174.657915506777, -36.941243327975], [174.6579155762, -36.9412433188936], [174.657915639971, -36.9412433080883], [174.657922623907, -36.9412420406231], [174.657922669756, -36.9412420318708], [174.657929949411, -36.9412402645356], [174.657930000795, -36.9412402521006], [174.657930053243, -36.9412402369467], [174.657937552458, -36.941237978917], [174.657937603744, -36.9412379619766], [174.657937641657, -36.9412379497297], [174.657945455284, -36.941235173542], [174.657945504267, -36.9412351539297], [174.657953547616, -36.9412318896095], [174.657953581, -36.9412318756231], [174.657953615467, -36.941231859819], [174.657961930941, -36.9412280950566], [174.657961978743, -36.9412280727569], [174.657970576132, -36.9412237929941], [174.657970617218, -36.9412237716894], [174.657979496542, -36.9412189778272], [174.657979530912, -36.9412189575177], [174.657988632354, -36.9412136873465], [174.65798866562, -36.9412136679538], [174.657998067767, -36.9412078689994], [174.657998102079, -36.9412078459867], [174.658007745172, -36.9412015587428], [174.658007781709, -36.9412015347976], [174.658017664527, -36.9411947547745], [174.658017692201, -36.9411947363612], [174.658017719835, -36.9411947161457], [174.658027881259, -36.941187423872], [174.658027906648, -36.9411874036879], [174.658038321307, -36.9411796202489], [174.658038350025, -36.9411795982156], [174.658049060703, -36.9411712770451], [174.658059663896, -36.9411630222715], [174.658069859854, -36.9411553031753], [174.658079636523, -36.9411481334452], [174.658088956282, -36.9411415388443], [174.658088980607, -36.941141521379], [174.658097891025, -36.9411354687946], [174.658097926439, -36.9411354448651], [174.658106378688, -36.9411299611183], [174.658106419676, -36.9411299353082], [174.65811447911, -36.9411249789258], [174.658114511254, -36.9411249595487], [174.658122128061, -36.9411205636748], [174.658122160224, -36.9411205451988], [174.658129383328, -36.9411166875181], [174.658129432193, -36.9411166624993], [174.658136182555, -36.9411133747614], [174.658136222558, -36.9411133552745], [174.658136257044, -36.9411133403714], [174.658142577958, -36.941110599438], [174.658142618019, -36.9411105826543], [174.658142669246, -36.9411105630106], [174.658148546215, -36.9411083735911], [174.658148603036, -36.941108352968], [174.65814865769, -36.9411083359805], [174.658154091837, -36.9411066980592], [174.658154156555, -36.9411066791284], [174.658154239234, -36.9411066599469], [174.658159207933, -36.9411055657277], [174.65815929847, -36.9411055464364], [174.658159393653, -36.941105534291], [174.658163978577, -36.9411049700145], [174.658164015543, -36.9411049658929], [174.658164093, -36.9411049648112], [174.658168253776, -36.9411049328441], [174.658168307698, -36.9411049338937], [174.658168397737, -36.9411049434525], [174.658172132023, -36.9411054393207], [174.658172193978, -36.9411054483702], [174.658172303609, -36.9411054810904], [174.65817547572, -36.9411064616215], [174.658175645373, -36.9411065178397], [174.658175800902, -36.9411065958875], [174.658178581859, -36.9411080767202], [174.658178679591, -36.9411081303375], [174.658178726397, -36.9411081657376], [174.658181242913, -36.9411102424477], [174.658181302419, -36.9411102938948], [174.658181332328, -36.9411103268269], [174.658183556084, -36.9411128844375], [174.65818358487, -36.9411129173853], [174.658185718686, -36.9411155735973], [174.65818574064, -36.9411156021338], [174.658187807639, -36.9411183358933], [174.658187823824, -36.9411183572996], [174.658187844674, -36.9411183867528], [174.658189814988, -36.9411211669298], [174.65818983702, -36.9411211990706], [174.658191747565, -36.9411240711182], [174.658191763847, -36.9411240970299], [174.658191861521, -36.9411242515987]], [[174.657902018535, -36.9412443671832], [174.657895888335, -36.9412441472228], [174.657895815174, -36.9412441392309], [174.657889916825, -36.9412434257006]], [[174.657889916825, -36.9412434257006], [174.657902018535, -36.9412443671832]], [[174.657889916825, -36.9412434257006], [174.657889845908, -36.9412434176773], [174.657889803133, -36.9412434128665], [174.657884140062, -36.9412422084224], [174.657884057685, -36.941242189743], [174.657883980843, -36.9412421673809], [174.657878605263, -36.9412405497112], [174.657878556641, -36.9412405341659], [174.657873534941, -36.9412388205188], [174.657873477202, -36.9412387987913], [174.657868965107, -36.9412370762258], [174.657868926589, -36.9412370605394], [174.657868892599, -36.9412370465925], [174.657864842727, -36.9412353049541], [174.657864792846, -36.9412352831169], [174.657864758818, -36.9412352673678], [174.65786115634, -36.9412334960474], [174.657861122273, -36.9412334784962], [174.657861075681, -36.9412334530077], [174.657857970499, -36.9412316747436], [174.657857912506, -36.9412316413022], [174.657857862372, -36.9412316077511]], [[174.657857862372, -36.9412316077511], [174.657855159233, -36.9412297797074]], [[174.657855159233, -36.9412297797074], [174.657848768601, -36.9412158836498]], [[174.657855159233, -36.9412297797074], [174.657855118118, -36.941229747833], [174.657852914988, -36.9412279344402], [174.657852862374, -36.9412278901075]], [[174.657852862374, -36.9412278901075], [174.657851098683, -36.9412260426372]], [[174.657851098683, -36.9412260426372], [174.657848768601, -36.9412158836498]], [[174.657848768601, -36.9412158836498], [174.657848747654, -36.9412159533459], [174.657848727194, -36.9412160455689], [174.657848280208, -36.9412180113366], [174.657848277924, -36.9412181132206], [174.657848277053, -36.9412199384588], [174.657848280441, -36.9412200429676], [174.657848303166, -36.941220158924], [174.65784870997, -36.9412219352054], [174.657848738191, -36.9412220456769], [174.657848783113, -36.9412221496059], [174.657849605286, -36.941223920989], [174.657849655743, -36.9412240212352], [174.657849716108, -36.9412241123297], [174.657850971804, -36.9412258875745], [174.657851033116, -36.9412259705436], [174.657851098683, -36.9412260426372]], [[174.657848768601, -36.9412158836498], [174.657852862374, -36.9412278901075]], [[174.657848768601, -36.9412158836498], [174.657857862372, -36.9412316077511]], [[174.657848768601, -36.9412158836498], [174.657849618383, -36.9412139546213], [174.657849660249, -36.9412138657048], [174.657849712336, -36.9412137820537], [174.657850988183, -36.9412118236412], [174.65785104151, -36.9412117453809], [174.657851091839, -36.9412116842879], [174.657852865001, -36.9412096161782], [174.657852907863, -36.9412095732164], [174.657855125051, -36.9412074754719], [174.657855170178, -36.9412074333799], [174.65785522204, -36.9412073911938], [174.657857917528, -36.9412052389996], [174.65785796287, -36.9412052068193], [174.657861100353, -36.9412030349334], [174.657861162338, -36.9412029935073], [174.657864803491, -36.9412007460864], [174.657868482976, -36.9411984539641], [174.657868525067, -36.9411984272374], [174.657872078562, -36.9411960728786], [174.657872119491, -36.9411960443654], [174.657875500296, -36.9411936491532], [174.657875535652, -36.9411936225205], [174.657878825724, -36.9411911339337], [174.657878852216, -36.9411911128328], [174.65788197078, -36.94118858608], [174.657882006096, -36.9411885576452], [174.657885012872, -36.9411859504308], [174.657885047007, -36.9411859193084], [174.657887905575, -36.9411832609838], [174.657887934175, -36.9411832335441], [174.65789065456, -36.9411805203641], [174.657890681999, -36.9411804911379], [174.657893280336, -36.9411776904288], [174.657893307717, -36.9411776584993], [174.657895752721, -36.9411748292853], [174.657895781185, -36.9411747955381], [174.657898111922, -36.9411718750809], [174.657898135896, -36.9411718413963], [174.657900318405, -36.941168868928], [174.657900341257, -36.9411688352591], [174.657902408552, -36.941165779673], [174.657904329845, -36.9411626711433], [174.657904349348, -36.9411626384225], [174.657906132497, -36.9411594768396], [174.657906150819, -36.9411594414312], [174.657907784794, -36.9411562359625], [174.657907804141, -36.9411561960332], [174.657909312838, -36.9411529093899], [174.657909327812, -36.9411528749296], [174.657910713612, -36.9411495133879], [174.65791072636, -36.9411494798601], [174.657911958653, -36.941146081704], [174.657911972426, -36.9411460436551], [174.657913078415, -36.9411425688454], [174.657913087795, -36.9411425353646], [174.657914060706, -36.9411389821932], [174.657914068945, -36.941138947827], [174.657914909383, -36.9411353442273], [174.657914915396, -36.9411353107935], [174.657915614343, -36.9411316550887], [174.657915620415, -36.9411316243582], [174.657916184098, -36.9411278930263], [174.657916188988, -36.9411278596082], [174.65791661973, -36.9411240562222], [174.657916623263, -36.9411240120069], [174.65791691755, -36.9411201816831], [174.657916918936, -36.9411201420045], [174.65791707424, -36.9411162198814], [174.657917074757, -36.9411161919324], [174.657917098935, -36.9411121779002], [174.657916987294, -36.9411081143877], [174.657916985448, -36.9411080810637], [174.657916740759, -36.9411039923686], [174.657916738972, -36.9411039617478], [174.65791673618, -36.9411039365491], [174.65791635483, -36.9410997596275], [174.657915834693, -36.9410954999174], [174.657915829343, -36.9410954603329], [174.657915172458, -36.9410911601688], [174.657914377575, -36.9410867618823], [174.657913450846, -36.9410823420017], [174.657913440908, -36.9410822979744], [174.657913429653, -36.9410822449522], [174.657912374902, -36.9410777727784], [174.65791116965, -36.9410731954458], [174.65790982931, -36.9410685505958], [174.657908351676, -36.9410638400619], [174.657908330103, -36.9410637772689], [174.657906739012, -36.9410590647137], [174.657904995926, -36.9410542298951], [174.65790324017, -36.9410494322085], [174.657901485235, -36.941044672367], [174.657899731393, -36.9410399629856], [174.657897971656, -36.9410352924444], [174.657896220753, -36.941030666847], [174.657894468524, -36.9410260836315], [174.657892718393, -36.9410215454539], [174.657890970264, -36.9410170478089], [174.657889215214, -36.9410125935251], [174.657887467877, -36.941008184201], [174.657885721496, -36.9410038190294], [174.657883976072, -36.9409994980103], [174.65788222487, -36.9409952212379], [174.657880481263, -36.9409909840187], [174.657878739716, -36.9409867900352], [174.657876998023, -36.9409826411211], [174.657875256184, -36.9409785372763], [174.657873510792, -36.9409744767457], [174.657871771891, -36.940970456685], [174.657870034026, -36.9409664843812], [174.657868340214, -36.9409625240811], [174.657866742621, -36.9409585993927], [174.657866729531, -36.9409585653243], [174.657866720023, -36.9409585411207], [174.657865198607, -36.9409546081579], [174.657863764966, -36.9409506838842], [174.657863747093, -36.9409506363625], [174.657862382426, -36.9409466822827], [174.657861110648, -36.9409427656638], [174.657861093819, -36.940942714522], [174.657859889659, -36.9409387572997], [174.65785876725, -36.9409347899225], [174.657857731132, -36.9409308664078], [174.65785771769, -36.9409308161201], [174.657856759468, -36.9409268599705], [174.657855880596, -36.9409228864888], [174.657855080713, -36.9409189308325], [174.657855071625, -36.9409188741746], [174.657854362308, -36.9409149524062], [174.657853724865, -36.9409109791589], [174.657853161334, -36.9409069967675], [174.65785268999, -36.9409030193983], [174.657852294092, -36.9408990517918], [174.657851981224, -36.9408950812234], [174.657851748965, -36.9408910996146], [174.657851596623, -36.9408871268048], [174.657851553657, -36.9408831750015], [174.657851555023, -36.9408831344218], [174.657851694674, -36.940879318876], [174.657851697065, -36.9408792737753], [174.657852028448, -36.9408754970144], [174.657852034207, -36.9408754518666], [174.657852548343, -36.9408718176707], [174.657852557334, -36.9408717661685], [174.657853265682, -36.9408681815389], [174.657853271753, -36.9408681508084], [174.65785328009, -36.9408681209476], [174.657854177838, -36.9408646229068], [174.657854194686, -36.9408645712948], [174.657855264557, -36.9408611916311], [174.657855281483, -36.9408611436235], [174.657856567354, -36.9408577825762], [174.657856583431, -36.9408577471992], [174.657858043591, -36.9408545008934], [174.657858070542, -36.9408544491404], [174.657859704933, -36.9408513148728], [174.657859722191, -36.9408512821834], [174.657859739527, -36.9408512530982], [174.657861563084, -36.9408481946065], [174.657861586921, -36.9408481546144], [174.657863617234, -36.9408451545274], [174.657863640085, -36.9408451208585], [174.657863659725, -36.9408450944452], [174.657865860647, -36.9408421947294], [174.657865879242, -36.9408421719361], [174.657865906584, -36.9408421382046], [174.657868294797, -36.9408393314163], [174.657868330982, -36.9408392912519], [174.657870920339, -36.9408365429466], [174.657870944488, -36.9408365173718], [174.657870971986, -36.9408364908488], [174.657873734216, -36.9408338437845], [174.657873766145, -36.9408338144956], [174.657873788186, -36.9408337952596], [174.657876761701, -36.9408312083394], [174.657876806926, -36.9408311707527], [174.657879972027, -36.9408286676866], [174.657879997455, -36.9408286493047], [174.657883351898, -36.940826230124], [174.657883399485, -36.9408261979124], [174.657886924381, -36.9408238718943], [174.657886963162, -36.9408238479178], [174.657890667931, -36.9408215833837], [174.657890695643, -36.9408215667725], [174.657890725542, -36.9408215474267], [174.65789416445, -36.94081924334], [174.657894207605, -36.9408192138944], [174.657894249598, -36.9408191826622], [174.657897327452, -36.9408167988903], [174.657897377127, -36.9408167594388], [174.657897418984, -36.9408167218991], [174.657900136711, -36.9408142494155], [174.65790018625, -36.9408142036565], [174.657900221371, -36.9408141662109], [174.65790259664, -36.9408115912487], [174.65790264161, -36.9408115419481], [174.657902680929, -36.9408114909237], [174.657904713974, -36.9408088242959], [174.6579047489, -36.9408087778396]], [[174.658216572858, -36.941202929311], [174.658215815659, -36.9412000114122], [174.658198481902, -36.9411359487497]], [[174.658216572858, -36.941202929311], [174.658215385463, -36.9411977261982], [174.65821432367, -36.9411927746096], [174.658213368572, -36.9411880829212], [174.658212531199, -36.9411836419657], [174.658211800715, -36.9411794699213], [174.658211142078, -36.941175504183], [174.658210406424, -36.941171611628], [174.658209593753, -36.9411677922563], [174.658208703675, -36.9411640280464], [174.658207725354, -36.9411603371766], [174.658206669822, -36.9411567104793], [174.658205537077, -36.9411531479544], [174.658204327316, -36.9411496586129], [174.658203040147, -36.9411462244331], [174.658201664736, -36.9411428635934], [174.658200212308, -36.941139575937], [174.658198682473, -36.9411363434423], [174.658198481902, -36.9411359487497]], [[174.658198481902, -36.9411359487497], [174.658197075426, -36.9411331751201], [174.658195380137, -36.9411300801379], [174.658193607635, -36.9411270493283], [174.658192260641, -36.9411248958954]], [[174.658192260641, -36.9411248958954], [174.658195751661, -36.9411261874434], [174.658195851286, -36.94112622481], [174.658198481902, -36.9411359487497]], [[174.658192260641, -36.9411248958954], [174.658191861521, -36.9411242515987]], [[174.658191861521, -36.9411242515987], [174.658192192721, -36.9411248707049], [174.658192260641, -36.9411248958954]], [[174.6579047489, -36.9408087778396], [174.657906457749, -36.9408059706217]], [[174.657906457749, -36.9408059706217], [174.657908835244, -36.9407829792346]], [[174.657908946115, -36.9407998058209], [174.657908932713, -36.9407998609901], [174.657908910604, -36.9407999288998], [174.657907902709, -36.9408029038955], [174.657907890019, -36.9408029401265], [174.657907874987, -36.9408029718835], [174.657906521461, -36.9408058534585], [174.657906495691, -36.9408059078991], [174.657906457749, -36.9408059706217]], [[174.657908946115, -36.9407998058209], [174.657909619634, -36.940796686772], [174.657909620942, -36.9407966434891]], [[174.657909620942, -36.9407966434891], [174.65790994721, -36.9407934598852], [174.657909951671, -36.9407934066435], [174.657909952549, -36.940793343537], [174.657909934192, -36.9407900610903], [174.657909933274, -36.9407900187399], [174.65790992769, -36.9407899683424], [174.657909563429, -36.94078657986], [174.657909557845, -36.9407865294626], [174.657909547772, -36.9407864791279], [174.657908835244, -36.9407829792346]], [[174.657909620942, -36.9407966434891], [174.657908835244, -36.9407829792346]], [[174.657908835244, -36.9407829792346], [174.6579047489, -36.9408087778396]], [[174.657908835244, -36.9407829792346], [174.657908946115, -36.9407998058209]], [[174.657908835244, -36.9407829792346], [174.657908834697, -36.9407829540046], [174.657908827415, -36.9407829288686], [174.657908820172, -36.9407829055347], [174.657907761331, -36.9407792806832], [174.657907749227, -36.9407792402916], [174.657907732574, -36.9407791972595], [174.65790633143, -36.9407754771381], [174.657906314817, -36.9407754359082], [174.657906302986, -36.9407754081316], [174.657904542273, -36.9407715731518], [174.657904524595, -36.9407715346407], [174.657904509396, -36.9407715069112], [174.657902392208, -36.9407675444109], [174.657902361928, -36.9407674943583], [174.65789990157, -36.9407634483178], [174.657899874833, -36.9407634063278], [174.657897040653, -36.9407592095739], [174.65789702443, -36.9407591863654], [174.657893833199, -36.9407548873367], [174.657890506696, -36.9407505640576], [174.65788734148, -36.9407463773337], [174.657884342814, -36.9407423108673], [174.657881508705, -36.9407383764037], [174.657878842424, -36.9407345693906], [174.6578763383, -36.9407308872031], [174.657874029979, -36.9407273798468], [174.657873999778, -36.9407273333985], [174.657871829278, -36.9407239160551], [174.657869838222, -36.940720644027], [174.657869824205, -36.940720618985], [174.657869799733, -36.9407205778648], [174.657867976817, -36.9407174477043], [174.657866299639, -36.9407144101503], [174.65786480086, -36.9407115215314], [174.6578647845, -36.9407114920155], [174.65786345386, -36.9407087452644], [174.657863439687, -36.9407087130138], [174.657862261774, -36.9407060704891], [174.657862249885, -36.9407060400093], [174.657861242455, -36.9407035438263], [174.657861229325, -36.9407035079558], [174.657860398049, -36.9407011607394], [174.65786038368, -36.9407011194781], [174.657859703989, -36.9406988756027], [174.657859690586, -36.9406988271171], [174.657859181299, -36.9406967259792], [174.657859172484, -36.9406966819363], [174.657858828282, -36.9406947371303], [174.657858821888, -36.9406947011657], [174.657858817583, -36.9406946579612], [174.65785862882, -36.940692838976], [174.657858625697, -36.9406927984591], [174.657858532586, -36.9406910926093], [174.657858528837, -36.940691023258], [174.657858517348, -36.9406909594228], [174.657858202469, -36.9406892278264], [174.657858185484, -36.9406891694761], [174.657857625518, -36.9406874241762], [174.657857605087, -36.9406873622685], [174.657857579102, -36.9406873031425], [174.657856762549, -36.9406855316808], [174.65785673428, -36.940685470784], [174.65785670398, -36.9406854198303], [174.657855619976, -36.9406835872059], [174.657855594323, -36.9406835433981], [174.65785556536, -36.9406835023406], [174.657854210693, -36.9406816158092], [174.657854179466, -36.9406815738819], [174.657854148318, -36.9406815355589], [174.657852525291, -36.9406795977924], [174.657852497628, -36.9406795648288], [174.657852465435, -36.9406795301258], [174.657850551266, -36.9406775261193], [174.657850521416, -36.9406774958903], [174.657848340323, -36.9406754550501], [174.65784830939, -36.9406754266389], [174.657848286509, -36.9406754071288], [174.657845844008, -36.9406733248711], [174.657845802834, -36.9406732902935], [174.657843059029, -36.9406711392337], [174.657843015669, -36.9406711073906], [174.657840036939, -36.9406689451893], [174.657839998166, -36.9406689177889], [174.657836706848, -36.940666684239], [174.657836674948, -36.940666663052], [174.657833133817, -36.9406644050482], [174.657833103079, -36.9406643856478], [174.657829274506, -36.940662076675], [174.657829249478, -36.9406620617016], [174.657825142541, -36.94065970614], [174.65782510617, -36.9406596859168], [174.657820745858, -36.9406572969375], [174.6578207163, -36.9406572802246], [174.657816074413, -36.940654851912], [174.657816044875, -36.9406548361002], [174.657811116668, -36.9406523568028], [174.657805954443, -36.9406498564363], [174.657805904504, -36.9406498318959], [174.657800447964, -36.9406472743468], [174.657795026166, -36.9406447136085], [174.65778983496, -36.9406421712826], [174.657784839372, -36.9406396397455], [174.657780068842, -36.9406371303037], [174.657775538217, -36.9406346544673], [174.657775471127, -36.9406346157447], [174.657771214415, -36.9406321883619], [174.657771185999, -36.9406321725344], [174.657767095328, -36.9406297383265], [174.657767069158, -36.9406297224677], [174.657763183104, -36.9406272998243], [174.657763155752, -36.9406272812779], [174.657759518642, -36.940624894818], [174.657759484458, -36.9406248718603], [174.65775603948, -36.9406224908298], [174.657752787699, -36.94062011251], [174.657752759167, -36.9406200912761], [174.657749770191, -36.9406177669732], [174.657749737051, -36.9406177403955], [174.657746950466, -36.9406154285896], [174.65774691843, -36.9406154010952], [174.65774435129, -36.9406131114632], [174.657744318053, -36.9406130803801], [174.657741951948, -36.940610792448], [174.657741922078, -36.9406107613179], [174.657739808831, -36.9406085347524], [174.657739773193, -36.9406084964921], [174.657737854128, -36.9406062663141], [174.657737835679, -36.940606244038], [174.657737807976, -36.9406062092723], [174.657736125761, -36.9406040271642], [174.657736095716, -36.9406039879245], [174.657734607683, -36.940601802204], [174.657734583309, -36.9406017655891], [174.657734562341, -36.9406017307293], [174.657733305486, -36.9405995904539], [174.657733286784, -36.9405995564639], [174.657733270423, -36.9405995269479], [174.657732169525, -36.9405973808896], [174.657732153087, -36.9405973477693], [174.657731166944, -36.9405952118265], [174.657731155152, -36.9405951858521], [174.657730264737, -36.9405930629942], [174.657730249266, -36.9405930226496], [174.657729481122, -36.940590945856], [174.657729469116, -36.9405909099698], [174.657728792885, -36.9405888255836], [174.657728781962, -36.9405887878795], [174.657728223667, -36.9405867568288], [174.657728213867, -36.9405867191091], [174.65772775629, -36.9405846722307], [174.657727747514, -36.9405846299899], [174.657727401217, -36.9405826401454], [174.657727394647, -36.9405825960712], [174.657727151293, -36.9405805894665], [174.657727147027, -36.9405805480641], [174.657727016172, -36.940578602983], [174.657727014151, -36.9405785615493], [174.65772698334, -36.9405766213809], [174.657726984531, -36.9405765726916], [174.657727062705, -36.9405746355083], [174.657727066063, -36.9405745831834], [174.657727244271, -36.9405727022896], [174.657727248117, -36.9405726724915], [174.657727251924, -36.9405726408912], [174.657727539293, -36.9405707710923], [174.657727544242, -36.9405707403774], [174.657727942745, -36.9405688690269], [174.657727949978, -36.9405688400829], [174.657727958255, -36.9405688075189], [174.657728452086, -36.9405669826088], [174.657728461506, -36.9405669509301], [174.657728470965, -36.9405669210537], [174.657729071927, -36.9405651171815], [174.657729083533, -36.9405650827683], [174.657729093109, -36.9405650582983], [174.657729810816, -36.9405632527962], [174.657729829021, -36.9405632119814], [174.657730640681, -36.9405614412215], [174.657730652483, -36.940561415819], [174.657730668618, -36.9405613831453], [174.657731588492, -36.9405596316055], [174.657731607937, -36.9405595961815], [174.65773263418, -36.9405578305377], [174.65773264931, -36.9405578032861], [174.657733583026, -36.9405560686786], [174.657733606766, -36.9405560241812], [174.657734446802, -36.9405542674466], [174.657734466051, -36.9405542230119], [174.657735197493, -36.9405524813136], [174.657735210222, -36.9405524468847], [174.657735829955, -36.9405507319838], [174.65773584158, -36.9405506984717], [174.657735850014, -36.9405506731162], [174.657736358419, -36.9405489507561], [174.657736366814, -36.9405489235985], [174.657736375052, -36.9405488892323], [174.65773678152, -36.9405471782102], [174.657736790705, -36.9405471357187], [174.657737095693, -36.9405454053824], [174.657737100642, -36.9405453746675], [174.65773710443, -36.9405453421662], [174.657737303342, -36.94054363945], [174.657737308886, -36.9405435843905], [174.657737403743, -36.9405418470731], [174.657737404816, -36.9405417929774], [174.65773739673, -36.9405400724202], [174.657737394768, -36.9405400336897], [174.657737275841, -36.9405383282002], [174.657737274016, -36.9405382957772], [174.657737268803, -36.9405382625002], [174.65773705568, -36.9405365628326], [174.65773705039, -36.9405365259512], [174.657737045294, -36.9405364980806], [174.657736714899, -36.9405347757139], [174.65773670746, -36.9405347433693], [174.657736278573, -36.9405330358979], [174.657736265151, -36.9405329865113], [174.657735728323, -36.9405312724348], [174.657735711533, -36.9405312230951], [174.657735070269, -36.940529508674], [174.65773505836, -36.9405294772932], [174.657735047691, -36.9405294513031], [174.65773429626, -36.9405277312093], [174.657734278641, -36.9405276954014], [174.657733433189, -36.9405259892392], [174.657733417971, -36.9405259606086], [174.657733405115, -36.9405259373531], [174.657732446324, -36.9405242345758], [174.657732423014, -36.940524195242], [174.657731337619, -36.9405224536718], [174.657730215717, -36.9405206855709], [174.657729115875, -36.9405188991351], [174.657728043629, -36.9405170906816], [174.657727004707, -36.9405152655387], [174.657725980701, -36.9405134032323], [174.657724987834, -36.9405115269709], [174.657724019233, -36.9405096305411], [174.657723078052, -36.9405077039841], [174.657722169132, -36.9405057634565], [174.65772128688, -36.9405038099376], [174.657720423916, -36.9405018137863], [174.657719591027, -36.9404998063988], [174.65771878465, -36.9404977788116], [174.657718004824, -36.9404957328268], [174.657717248854, -36.940493647751], [174.657716526443, -36.9404915567986], [174.657715821252, -36.9404894313546], [174.657715148341, -36.9404872928411], [174.657714502986, -36.9404851305078], [174.657713882982, -36.9404829461884], [174.657713274467, -36.9404807220492], [174.657712641723, -36.9404784162258], [174.657711981326, -36.940476026062], [174.657711288688, -36.9404735471149], [174.657710570601, -36.940470981994], [174.657709824841, -36.9404683316314], [174.657709041265, -36.9404655943662], [174.657708236771, -36.9404627726665], [174.657707401079, -36.9404598585637], [174.657706537851, -36.9404568655269], [174.657705646793, -36.9404537800399], [174.657704725856, -36.9404506111448], [174.657703770549, -36.9404473589044], [174.657702790741, -36.9404440123647], [174.657701782215, -36.9404405842034], [174.65770074828, -36.9404370716702], [174.657699682026, -36.9404334667496], [174.657698582622, -36.9404297829733], [174.657697458756, -36.9404260066998], [174.657696306114, -36.9404221461015], [174.657695126345, -36.9404182254918], [174.657695119024, -36.9404181985536], [174.657695101034, -36.9404181456253], [174.657693802421, -36.9404141816074], [174.657693786852, -36.9404141367575], [174.657692313697, -36.9404100462838], [174.657690673595, -36.9404058689076], [174.657690662906, -36.9404058420165], [174.657688862747, -36.9404015848523], [174.657688849736, -36.9404015543882], [174.657686900288, -36.9403972479315], [174.657686869617, -36.9403971798574], [174.65768474677, -36.9403927478303], [174.657684716256, -36.9403926869648], [174.65768243384, -36.9403881976765], [174.657679969005, -36.9403835811412], [174.657679938628, -36.9403835265831], [174.657677334724, -36.9403788660206], [174.657674538259, -36.9403740765497], [174.657674506837, -36.9403740256117], [174.657671578097, -36.9403691947228], [174.657668453506, -36.9403642385769], [174.657665164057, -36.9403591882885], [174.657661708861, -36.940354054686], [174.65765809808, -36.9403488403317], [174.657654313616, -36.9403435391687], [174.65765036898, -36.9403381528111], [174.657646261985, -36.9403326839935], [174.657641986939, -36.9403271291898], [174.6576375518, -36.9403214927959], [174.657633115196, -36.940315892476], [174.657628894757, -36.9403104739141], [174.657624897609, -36.9403052550378], [174.657621123517, -36.9403002250341], [174.65761756474, -36.9402953894192], [174.657614229117, -36.9402907471824], [174.657611114324, -36.9402862947507], [174.657608221542, -36.9402820348118], [174.657605549747, -36.9402779718865], [174.657603096459, -36.9402740951936], [174.657600864157, -36.9402704155144], [174.657598859849, -36.94026694537], [174.657598840024, -36.9402669113956], [174.657597071589, -36.9402636515774], [174.657597056391, -36.9402636238478], [174.657597039992, -36.9402635925296], [174.657595497365, -36.9402605449808], [174.657595478565, -36.9402605064854], [174.657594133438, -36.940257608507], [174.657594121646, -36.9402575825325], [174.657593009044, -36.9402548958284], [174.657592993592, -36.9402548563849], [174.657592105753, -36.9402523855701], [174.657592094966, -36.9402523541736], [174.657592084141, -36.9402523209749], [174.657591415219, -36.940250055315], [174.657591404257, -36.9402500158088], [174.657591398078, -36.940249989756], [174.657590943445, -36.9402479230062], [174.657590933371, -36.9402478726714], [174.657590926743, -36.940247825894], [174.657590692267, -36.9402459696898], [174.657590687904, -36.940245923782], [174.657590684429, -36.9402458670457], [174.657590627764, -36.940244132745], [174.657590621848, -36.940242408552], [174.657590640599, -36.9402407344901], [174.657590685969, -36.9402390970117], [174.657590762565, -36.9402375014607], [174.657590864775, -36.9402359479154], [174.657590996142, -36.9402344444384], [174.657591157496, -36.9402329774981], [174.657591337289, -36.9402315842107], [174.657591342218, -36.9402315525947], [174.65759134908, -36.9402315065303], [174.657591558108, -36.9402301669155], [174.657591791724, -36.9402288738276], [174.657591798762, -36.9402288358728], [174.657591806923, -36.9402287979023], [174.657592070682, -36.9402275485595], [174.657592076812, -36.9402275205321], [174.657592365082, -36.9402263141118], [174.657592371232, -36.9402262869855], [174.657592689215, -36.9402251044867], [174.657592697629, -36.9402250782302], [174.657593046741, -36.9402239331534], [174.657593059412, -36.9402238960213], [174.657593427773, -36.9402228101645], [174.657593439418, -36.9402227775535], [174.657593832622, -36.9402217499375], [174.657593843242, -36.9402217218475], [174.657594273783, -36.9402207072305], [174.657594286609, -36.9402206773069], [174.65759473309, -36.9402197246603], [174.657594750251, -36.9402196874655], [174.657595235347, -36.9402187550107], [174.657595260229, -36.9402187113987], [174.657595732323, -36.9402179044126], [174.657595774619, -36.9402178353198], [174.657595848072, -36.9402177531732], [174.65759656663, -36.9402169715894], [174.657596649005, -36.9402168866142], [174.657596750562, -36.940216805878], [174.657597962396, -36.9402158840087], [174.657598033126, -36.9402158316445], [174.657598105154, -36.9402157873743], [174.657599893002, -36.9402147087415], [174.657599939602, -36.9402146828533], [174.657602319511, -36.9402134625558], [174.657602382871, -36.9402134328282], [174.657605227172, -36.9402121384465], [174.657605270542, -36.9402121189128], [174.657608670387, -36.9402107077126], [174.657608709344, -36.9402106918458], [174.657612649291, -36.9402091766614], [174.657617100329, -36.9402075660098], [174.65762206805, -36.9402058589116], [174.657627548024, -36.9402040581326], [174.657633540251, -36.9402021636728], [174.657640043568, -36.9402001737455], [174.657647055809, -36.9401980919864], [174.657654584733, -36.9401959137803], [174.65766262262, -36.9401936455443], [174.657671173823, -36.9401912809081], [174.657680237258, -36.9401888216894], [174.657689812887, -36.9401862660859], [174.657699897458, -36.9401836195511], [174.657710495461, -36.940180882022], [174.657721345305, -36.940178055348], [174.657731878444, -36.9401751745072], [174.657742093519, -36.9401722287025], [174.65775198492, -36.9401692180122], [174.657761549473, -36.9401661514943], [174.657770785919, -36.9401630228569], [174.65777967537, -36.9401598413773], [174.657779715469, -36.9401598263959], [174.657788266886, -36.9401565910478], [174.657788296961, -36.9401565798117], [174.657796522575, -36.9401532850162], [174.657796561532, -36.9401532691494], [174.657804453427, -36.9401499123131], [174.657804482359, -36.9401499001917], [174.657812049671, -36.9401464883979], [174.657812079707, -36.9401464753597], [174.657819326731, -36.940142999535], [174.657819361178, -36.9401429828298], [174.657826277987, -36.940139451225], [174.657826314621, -36.9401394317852], [174.65783292674, -36.9401358305238], [174.657832963335, -36.9401358092819], [174.657839234093, -36.9401321560015], [174.657839269565, -36.9401321347752], [174.657845179008, -36.940128441472], [174.657845232187, -36.940128408281], [174.657850859119, -36.9401246323928], [174.657850902254, -36.9401246020461], [174.657856169052, -36.9401207888227], [174.657856199995, -36.940120765857], [174.657861185306, -36.9401168655276], [174.657861223931, -36.9401168343425], [174.657865841369, -36.9401129021942], [174.65786587771, -36.9401128692383], [174.657870231739, -36.9401088551398], [174.657874425498, -36.9401048549964], [174.65787846782, -36.9401009137522], [174.657882367373, -36.9400970168645], [174.657886129887, -36.9400931696615], [174.65788974406, -36.9400893686956], [174.657893210163, -36.9400856265819], [174.657896533518, -36.9400819297258], [174.657899714222, -36.9400782826329], [174.657902753416, -36.9400746861885], [174.657905645449, -36.9400711386687], [174.657908400307, -36.9400676345262], [174.657910997189, -36.9400641983878], [174.657913460205, -36.9400608028763], [174.657913477619, -36.9400607773955], [174.657915759632, -36.9400574754473], [174.65791577811, -36.9400574472475], [174.657915809648, -36.9400573999371], [174.657917924148, -36.9400541922652], [174.6579179535, -36.9400541476894], [174.657917970895, -36.9400541213075], [174.657919967664, -36.9400509215888], [174.65791998827, -36.9400508879513], [174.657921856532, -36.9400477170673], [174.65792187174, -36.94004769342], [174.657923605131, -36.9400445685851], [174.657923618074, -36.940044544068], [174.657925206374, -36.940041460017], [174.657925222509, -36.9400414273432], [174.657926651964, -36.940038423026], [174.657926667016, -36.94003839217], [174.657927986432, -36.9400354398646], [174.657929203111, -36.9400325656081], [174.657930305135, -36.9400297893965], [174.657931288404, -36.9400271293142], [174.657932158355, -36.940024577173], [174.657932166749, -36.9400245500154], [174.657932917691, -36.9400221022894], [174.657932929238, -36.9400220651729], [174.65793355754, -36.9400197615721], [174.657933571099, -36.9400197136114], [174.657934099719, -36.9400174735953], [174.65793410786, -36.9400174347238], [174.657934518194, -36.9400153324626], [174.657934525329, -36.9400152990132], [174.657934825859, -36.9400132595768], [174.657934831676, -36.9400132171323], [174.657935018469, -36.9400113180914], [174.657935021172, -36.9400112874078], [174.657935022754, -36.94001125674], [174.657935101782, -36.9400094628586], [174.657935102202, -36.9400094304043], [174.657935102582, -36.9400093961478], [174.657935068234, -36.9400077075044], [174.65793506757, -36.9400076768679], [174.657935063285, -36.9400076345644], [174.657934922549, -36.9400060627788], [174.657934918205, -36.9400060177721], [174.657934912876, -36.9400059790887], [174.657934665304, -36.9400045034362], [174.657934658871, -36.9400044656695]], [[174.657934658871, -36.9400044656695], [174.657934296175, -36.9400030664362], [174.657934281611, -36.9400030161642], [174.65793426366, -36.9400029650381], [174.657933808731, -36.9400017140122]], [[174.657933808731, -36.9400017140122], [174.657934658871, -36.9400044656695]], [[174.657933808731, -36.9400017140122], [174.657933793142, -36.9400016682612], [174.657933781174, -36.9400016341771], [174.657933225041, -36.940000480107], [174.657933192164, -36.9400004138664], [174.657933160743, -36.9400003629284], [174.657932498739, -36.9399992977672], [174.657932481315, -36.9399992709701], [174.657932455877, -36.9399992370742], [174.657931703143, -36.9399982858481], [174.657931652365, -36.9399982225615], [174.657931592665, -36.9399981621036], [174.657930713679, -36.9399972919589], [174.657930654018, -36.9399972333031], [174.657930593449, -36.9399971845747], [174.657929353599, -36.9399961914776], [174.657929313607, -36.9399961595876], [174.657929282829, -36.939996138385], [174.657927638004, -36.9399950076285], [174.657927606084, -36.9399949855405], [174.657927566248, -36.9399949608591], [174.657925562091, -36.939993726057], [174.657925533617, -36.9399937075263], [174.657925505222, -36.9399936925999], [174.657923108905, -36.9399923415917], [174.657923074819, -36.9399923231394], [174.657920306803, -36.939990867357], [174.657917159113, -36.9399893015036], [174.657917129614, -36.9399892874939], [174.657913612548, -36.9399876204391], [174.657909729552, -36.9399858557402], [174.657909670594, -36.939985829523], [174.657905471411, -36.9399839827096], [174.65790085634, -36.9399820128104], [174.657895879907, -36.9399799488086], [174.65789053073, -36.9399777836523], [174.65788482679, -36.9399755179916], [174.657878751269, -36.9399731529627], [174.657872318817, -36.939970691065], [174.657865523706, -36.9399681269704], [174.657858360479, -36.9399654679658], [174.657850840223, -36.9399627075869], [174.657842951696, -36.9399598450892], [174.657834721144, -36.9399568999358], [174.657826627818, -36.9399540691395], [174.657818831654, -36.9399514270818], [174.657811346299, -36.9399489816843], [174.657804158107, -36.9399467250254], [174.657797271665, -36.9399446615479], [174.657790986205, -36.9399428681952], [174.657790848376, -36.9399428295589], [174.657790702689, -36.9399427910324], [174.657790669901, -36.939942780674], [174.657790476755, -36.9399427283886], [174.657790423683, -36.939942714708], [174.657784397024, -36.9399411016163], [174.657778439388, -36.939939616453], [174.657778405516, -36.9399396079125], [174.657772756326, -36.9399383140347], [174.657772721351, -36.9399383064109], [174.65776736704, -36.9399371995012], [174.657767324188, -36.939937191086], [174.657762317904, -36.9399362884295], [174.657762267175, -36.9399362792229], [174.657757517446, -36.9399355568588], [174.657757462266, -36.9399355495171], [174.657753070435, -36.9399350204522], [174.657753006274, -36.9399350132359], [174.657748866644, -36.9399346708338], [174.657748816052, -36.9399346679348], [174.657745033157, -36.9399345170455], [174.657744983707, -36.9399345150319], [174.657744926457, -36.9399345158312], [174.657743198745, -36.9399345345446], [174.657741471033, -36.9399345532579], [174.657741413783, -36.9399345540572], [174.657741347632, -36.9399345585862], [174.657738203807, -36.9399347773398], [174.657738138777, -36.9399347818531], [174.657738080561, -36.9399347898766], [174.657735253948, -36.9399351898788], [174.657735176707, -36.939935200872], [174.657735105197, -36.9399352171933], [174.657732611335, -36.9399357901149], [174.657732513039, -36.9399358140209], [174.657732418267, -36.9399358450885], [174.657730164318, -36.9399366075487], [174.657730113111, -36.9399366280933], [174.65772792261, -36.9399375203628], [174.657727892535, -36.9399375315989], [174.657725543893, -36.9399384323857], [174.657725509367, -36.9399384454866], [174.657722965792, -36.9399393670218], [174.657720287551, -36.9399402922398], [174.657717455482, -36.9399412178026], [174.6577144841, -36.9399421399023], [174.657711360267, -36.9399430740451], [174.657708075891, -36.9399440095279], [174.657704662363, -36.9399449441097], [174.657701092783, -36.9399458799687], [174.657697382982, -36.9399468222919], [174.657693526049, -36.9399477630638], [174.657689516528, -36.9399487095712], [174.657685362219, -36.9399496590012], [174.657681060739, -36.9399506050777], [174.657676612323, -36.9399515586134], [174.657672019099, -36.9399525141707], [174.657667277718, -36.9399534726975], [174.657662390387, -36.9399544323603], [174.657657368331, -36.9399553930025], [174.65765220626, -36.9399563177426], [174.65765216823, -36.939956324583], [174.657652115607, -36.939956331627], [174.657646807389, -36.9399570411827], [174.657646752502, -36.9399570473571], [174.657646711046, -36.9399570515412], [174.657641159753, -36.9399575292388], [174.657641120523, -36.9399575324905], [174.657641080131, -36.9399575339557], [174.657638586238, -36.9399576390771], [174.657635283479, -36.9399577780243], [174.657635213882, -36.9399577789959], [174.657629224689, -36.9399577914021], [174.65762915842, -36.9399577905245], [174.657622873335, -36.9399575691058], [174.657616343856, -36.9399571068336], [174.657616287593, -36.9399571013097], [174.657609616323, -36.9399564174827], [174.657609566794, -36.9399564118647], [174.657602599299, -36.9399554788945], [174.657602555344, -36.939955471396], [174.657595399858, -36.9399543094037], [174.657595360412, -36.9399543027436], [174.657587985483, -36.9399529112669], [174.657587929102, -36.9399529003365], [174.657580295071, -36.9399512628036], [174.657580256709, -36.9399512543256], [174.657572414382, -36.9399493835472], [174.657572381653, -36.939949375892], [174.657564301767, -36.9399472686712], [174.657564267876, -36.9399472592296], [174.65755598198, -36.9399449205341], [174.657555951495, -36.9399449128475], [174.657547423491, -36.9399423350691], [174.657547390703, -36.9399423247106], [174.657538649933, -36.9399395146503], [174.657538618268, -36.9399395042762], [174.657529601344, -36.9399364384825], [174.657520371732, -36.9399331440111], [174.657510911298, -36.939929613003], [174.657501232427, -36.9399258470879], [174.657491695544, -36.9399221044277], [174.657482500316, -36.9399185309573], [174.657473647922, -36.9399151293644], [174.657465140492, -36.9399118942111], [174.657456970206, -36.9399088274097], [174.657449148387, -36.9399059333086], [174.657441668182, -36.9399032065955], [174.657434536386, -36.9399006498798], [174.657427746243, -36.9398982623545], [174.657421293166, -36.9398960395768], [174.657415192041, -36.9398939948593], [174.657409430167, -36.9398921121551], [174.657404010005, -36.9398904013447], [174.65739894729, -36.9398888631098], [174.657398887405, -36.9398888459187], [174.657394203583, -36.9398874853682], [174.657389821909, -36.9398862846449], [174.657385795379, -36.9398852538254], [174.657385763772, -36.9398852461545], [174.65738208565, -36.9398843853329], [174.657382047288, -36.9398843768549], [174.657378718735, -36.9398836878176], [174.657375726183, -36.9398831662473], [174.657375694615, -36.9398831603786], [174.657372999419, -36.9398827329043], [174.657372945322, -36.9398827237446], [174.657370330413, -36.9398822185353], [174.657370289807, -36.9398822100886], [174.657370255955, -36.939882202449], [174.65736774595, -36.9398816155555], [174.657367707588, -36.9398816070775], [174.657367668046, -36.939881595912], [174.657365242661, -36.939880924012], [174.657365207628, -36.9398809136848], [174.657365164659, -36.939880899863], [174.657362787877, -36.9398801389526], [174.657362741482, -36.9398801224747], [174.657360467358, -36.9398792799115], [174.657360437918, -36.9398792686049], [174.657360390342, -36.9398792494394], [174.657358205525, -36.9398783308178], [174.657358164703, -36.9398783124593], [174.657358127288, -36.939878295856], [174.65735599076, -36.9398772738069], [174.657355952145, -36.9398772536149], [174.657353907285, -36.9398761608826], [174.657353865243, -36.9398761380344], [174.657353833402, -36.9398761195505], [174.657351878755, -36.9398749408323], [174.657351837778, -36.9398749152653], [174.657351808162, -36.939874895849], [174.657349896212, -36.9398736146827], [174.657348032492, -36.9398722273856], [174.657347978815, -36.9398721857716], [174.657346259103, -36.9398707595091], [174.657346224802, -36.9398707311448], [174.657346200741, -36.939870708947], [174.657344546371, -36.9398691889338], [174.657344509689, -36.9398691542933], [174.657342905892, -36.9398675326234], [174.657342866828, -36.9398674917068], [174.657341331429, -36.9398657618219], [174.657341301423, -36.9398657243841], [174.6573398774, -36.9398639523841], [174.657339848517, -36.9398639149307], [174.657338458454, -36.9398620000438], [174.657338436423, -36.9398619679029], [174.657337157755, -36.9398600118019], [174.657337142654, -36.9398599885777], [174.657337126353, -36.9398599617648], [174.65733592561, -36.9398579225536], [174.657335899958, -36.9398578787457], [174.657334773615, -36.9398557492627], [174.657334759539, -36.9398557215174], [174.657334743102, -36.9398556883971], [174.657333818992, -36.9398536678582], [174.657333806039, -36.9398536400973], [174.657333789386, -36.9398535970651], [174.657333086466, -36.9398517311745], [174.657333068535, -36.9398516809494], [174.657333056411, -36.9398516396567], [174.657332558838, -36.9398498709494], [174.657332550004, -36.9398498260053], [174.657332271687, -36.9398482263948], [174.657332261165, -36.9398481553353], [174.657332256411, -36.939848091406]], [[174.657332256411, -36.939848091406], [174.657332183304, -36.9398465826712]], [[174.657332183304, -36.9398465826712], [174.657337826906, -36.9398391182647]], [[174.657337826906, -36.9398391182647], [174.657337776724, -36.939839134288], [174.657337704461, -36.9398391677451], [174.657336370605, -36.9398397956734], [174.657336327256, -36.9398398161081], [174.657336265233, -36.9398398557317], [174.657335132565, -36.9398405962241], [174.657335087166, -36.9398406257009], [174.657335033215, -36.9398406751266], [174.657334103942, -36.9398415263496], [174.65733407091, -36.9398415565551], [174.657334017331, -36.9398416231013], [174.657333288339, -36.939842596816], [174.657333266532, -36.9398426268647], [174.657333229908, -36.9398426985823], [174.657332700942, -36.9398437830747], [174.657332683782, -36.9398438202694], [174.657332666085, -36.939843884512], [174.657332332988, -36.9398450951629], [174.657332321558, -36.9398451376857], [174.65733231696, -36.9398451846199], [174.65733218759, -36.9398465213198], [174.657332183304, -36.9398465826712]], [[174.657337826906, -36.9398391182647], [174.657332256411, -36.939848091406]], [[174.657337826906, -36.9398391182647], [174.657339357597, -36.9398386092708], [174.657339456859, -36.9398385781408], [174.657339543988, -36.939838557095], [174.657341281617, -36.9398381668944], [174.657341340838, -36.9398381534489], [174.657341428143, -36.9398381405128], [174.657343396107, -36.9398378606667], [174.657343458813, -36.9398378525807], [174.657343521578, -36.9398378471979], [174.657345732284, -36.9398376802373], [174.657345796191, -36.9398376757399], [174.657345850073, -36.9398376749878], [174.65734709712, -36.9398376530746], [174.657348299266, -36.9398376317881], [174.65734834527, -36.9398376302446], [174.657348398088, -36.9398376322114], [174.657349693571, -36.939837669111], [174.657351093547, -36.9398377090588], [174.65735112614, -36.9398377104065], [174.657354072569, -36.9398379171499], [174.657354107426, -36.9398379193674], [174.657354143445, -36.9398379233714], [174.657357321606, -36.9398382530687], [174.657360563566, -36.93983862514], [174.657363668859, -36.939838960361], [174.657366632819, -36.9398392506846], [174.657369472382, -36.9398395003813], [174.65737217524, -36.9398397114255], [174.65737472999, -36.9398398758642], [174.657374787337, -36.9398398795705], [174.657377170543, -36.9398400040404], [174.657379433842, -36.9398400878207], [174.657379472048, -36.9398400890901], [174.65738157497, -36.9398401300416], [174.657381616523, -36.9398401303629], [174.657381655832, -36.9398401307156], [174.657383606274, -36.9398401305308], [174.657383646685, -36.9398401299668], [174.657385480588, -36.9398400890454], [174.657385526593, -36.9398400875019], [174.657387249627, -36.9398400084688], [174.657387303451, -36.9398400050135], [174.657388863922, -36.9398398858863], [174.657388913235, -36.9398398815925], [174.657390304486, -36.9398397260694], [174.657390354883, -36.9398397199579], [174.657390390707, -36.9398397149511], [174.657391644109, -36.9398395198902], [174.657391683281, -36.9398395139353], [174.657391745889, -36.9398395013439], [174.65739284809, -36.9398392723397], [174.657392896144, -36.9398392617541], [174.657392945282, -36.9398392493507], [174.657393884129, -36.9398389955863], [174.657393957787, -36.9398389747285], [174.657394029122, -36.9398389502978], [174.657394821335, -36.9398386661316], [174.657394888161, -36.9398386408625], [174.657394968223, -36.9398386045925], [174.657395628493, -36.9398382943263], [174.657395681829, -36.9398382683441], [174.65739572837, -36.9398382397527], [174.657396276748, -36.9398378958959], [174.65739634982, -36.939837848006], [174.657396383975, -36.9398378177848], [174.657396846678, -36.9398374066215], [174.657396906085, -36.9398373499088], [174.657396925803, -36.9398373270999], [174.657397459823, -36.9398366832952], [174.657397493723, -36.9398366413601], [174.657397537278, -36.9398365785592], [174.657398135469, -36.9398356832844], [174.657398161492, -36.9398356405579], [174.657398824049, -36.9398345028238], [174.657398847827, -36.9398344601286], [174.657399574184, -36.939833053804], [174.657399590319, -36.9398330211303], [174.657400380476, -36.9398313462153], [174.657401221294, -36.9398294182161], [174.657402110128, -36.9398272705195], [174.657403048481, -36.9398248688534], [174.657404035622, -36.9398222312547], [174.657405073678, -36.9398193522859], [174.657406161584, -36.9398162346657], [174.657407292568, -36.9398128766862], [174.657408480157, -36.9398092808623], [174.65740971303, -36.9398054428454], [174.657410993566, -36.9398013689119], [174.657412326102, -36.9397970517902], [174.657413701811, -36.9397924988145], [174.657415132887, -36.9397877026037], [174.657416609363, -36.9397826696064], [174.657418120442, -36.9397774198029], [174.657418127695, -36.93977739176], [174.657419450841, -36.9397722266023], [174.657419460143, -36.9397721895172], [174.65742052039, -36.9397671731461], [174.657420525378, -36.9397671442334], [174.657421319044, -36.9397622622786], [174.657421325887, -36.939762215313], [174.657421852193, -36.9397575353865], [174.657421855961, -36.939757501984], [174.65742185766, -36.9397574767226], [174.657422117426, -36.9397529330146], [174.657422118558, -36.939752881622], [174.657422120344, -36.9397485064614], [174.657422118538, -36.9397484749395], [174.657421851617, -36.939744239633], [174.657421849909, -36.9397442126165], [174.657421844442, -36.9397441676255], [174.657421317882, -36.93974012793], [174.657421312474, -36.9397400856422], [174.6574213061, -36.9397400505787], [174.657420510442, -36.9397361327159], [174.657420500564, -36.9397360913919], [174.657419450625, -36.9397323573478], [174.657419438443, -36.9397323133519], [174.657419424114, -36.9397322738926], [174.657418123917, -36.9397287019788], [174.657418107225, -36.9397286571445], [174.657418090729, -36.9397286213209], [174.657416517686, -36.9397252055432], [174.657416498827, -36.9397251643445], [174.657416474258, -36.9397251187188], [174.657414654325, -36.9397218650243], [174.657414628633, -36.9397218194143], [174.657414600794, -36.9397217783409], [174.657412509772, -36.9397186582244], [174.657412491206, -36.9397186305418], [174.657412466988, -36.9397186011354], [174.65741012234, -36.9397156431961], [174.657410088869, -36.9397156013], [174.657410052049, -36.939715560352], [174.657407432056, -36.9397127468661], [174.657407403348, -36.9397127175224], [174.65740451577, -36.9397100438748], [174.657404476823, -36.9397100083646], [174.657404432244, -36.9397099720317], [174.65740130699, -36.9397074711548], [174.657401269302, -36.9397074419364], [174.65740123624, -36.9397074189629], [174.657397837965, -36.9397050661124], [174.657397794664, -36.9397050369724], [174.657397747996, -36.9397050078793], [174.657394058269, -36.93970278168], [174.657390416334, -36.939700584558], [174.657390363995, -36.9397005528401]], [[174.657390363995, -36.9397005528401], [174.657387283555, -36.9396982027635]], [[174.657387283555, -36.9396982027635], [174.657379471681, -36.9396833782968]], [[174.657384522757, -36.9396954723636], [174.657384585111, -36.9396955517131], [174.657384652883, -36.9396956219735], [174.657387138201, -36.9396980758999], [174.657387210424, -36.9396981442954], [174.657387283555, -36.9396982027635]], [[174.657384522757, -36.9396954723636], [174.657382501743, -36.9396927848169], [174.657382465285, -36.9396927087114]], [[174.657382465285, -36.9396927087114], [174.657379471681, -36.9396833782968]], [[174.657382465285, -36.9396927087114], [174.657380966457, -36.9396898678576], [174.657380947716, -36.9396898320654], [174.657380924962, -36.9396897665847], [174.65737995002, -36.9396867471625], [174.657379935515, -36.9396866995936], [174.657379927745, -36.9396866519307], [174.657379468752, -36.9396834504455], [174.657379471681, -36.9396833782968]], [[174.657379471681, -36.9396833782968], [174.657384522757, -36.9396954723636]], [[174.657379471681, -36.9396833782968], [174.657390363995, -36.9397005528401]], [[174.657379471681, -36.9396833782968], [174.657379462115, -36.93968335139], [174.657379524684, -36.9396799677633], [174.657379527515, -36.9396798911094], [174.657379539267, -36.9396798116268], [174.657380114769, -36.9396762622035], [174.657380123877, -36.9396762161077], [174.657380141554, -36.939676150964], [174.657381243011, -36.9396724148312], [174.657381261889, -36.9396723532761], [174.657381280016, -36.9396723088571], [174.657382913752, -36.9396683669983], [174.657382935129, -36.9396683171259], [174.65738295881, -36.9396682699253], [174.657385116216, -36.9396641395862], [174.657385141058, -36.9396640941721], [174.657385162728, -36.9396640578158], [174.6573878779, -36.939659706072], [174.657387909497, -36.939659661465], [174.657391154361, -36.9396551400851], [174.657391171815, -36.9396551164064], [174.657391198053, -36.9396550835917], [174.657394969974, -36.9396503745854], [174.657394991878, -36.939650349042], [174.657395010473, -36.9396503262488], [174.657399334108, -36.9396454274693], [174.657399357116, -36.9396454010091], [174.657404227661, -36.9396402981018], [174.657404254017, -36.9396402706935], [174.657409652995, -36.9396349918581], [174.657409681615, -36.9396349653195], [174.657415626772, -36.9396295003932], [174.657415649897, -36.9396294793395], [174.657422140051, -36.9396238256348], [174.657422172019, -36.9396237981482], [174.657422199594, -36.9396237752296], [174.657429084784, -36.9396180078488], [174.657435822872, -36.939612292095], [174.657442264324, -36.9396067228943], [174.65744841864, -36.9396012721724], [174.657454276204, -36.9395959625971], [174.657459837905, -36.9395907833401], [174.657465103938, -36.9395857434121], [174.657470068749, -36.9395808455946], [174.657474750914, -36.9395760661935], [174.657479127562, -36.9395714379763], [174.657479147299, -36.9395714160685], [174.657483202852, -36.9395669455624], [174.657483232477, -36.9395669136018], [174.657487002211, -36.9395625705698], [174.657487020845, -36.9395625495788], [174.657490502594, -36.9395583376566], [174.657490522272, -36.9395583130456], [174.657493714796, -36.9395542268425], [174.657493733333, -36.939554201346], [174.657496625816, -36.9395502599413], [174.657496647564, -36.9395502271893], [174.657499229036, -36.9395464424536], [174.657499247553, -36.939546416056], [174.657501551991, -36.9395427496585], [174.657501574764, -36.9395427123854], [174.657503590056, -36.9395391753113], [174.657503611609, -36.9395391335485], [174.657505309349, -36.9395357622482], [174.657505325543, -36.9395357322777], [174.657505339453, -36.9395357005364], [174.657506760238, -36.9395324511786], [174.657506777223, -36.9395324058742], [174.657507914084, -36.9395292677401], [174.65750893221, -36.9395262466358], [174.657509927191, -36.939523349339], [174.657510899205, -36.9395205839594], [174.657511842578, -36.9395179478722], [174.657512765151, -36.9395154400665], [174.657513665897, -36.9395130650634], [174.657514539127, -36.939510819337], [174.657515388343, -36.9395087091478], [174.657515709634, -36.9395079385182]], [[174.657515709634, -36.9395079385182], [174.657516214357, -36.9395067200628], [174.657517016436, -36.9395048701194], [174.657517787573, -36.9395031467964], [174.657518550412, -36.9395015587912], [174.657519271082, -36.9395000975631], [174.65751998326, -36.9394987626421], [174.657520664691, -36.9394975633523], [174.657521315178, -36.939496490683], [174.657521946142, -36.9394955534881], [174.657522557584, -36.9394947517677], [174.657523137888, -36.9394940676571], [174.657523698669, -36.9394935190209], [174.657524273018, -36.9394930783569], [174.657524948786, -36.9394926543041], [174.657525737198, -36.9394922467057], [174.657526627224, -36.9394918647293], [174.657527629894, -36.9394914992073], [174.657528745208, -36.9394911501397], [174.657529962137, -36.939490826694], [174.657531291904, -36.9394905287135], [174.657532734316, -36.9394902471875], [174.657534278147, -36.9394899822725], [174.657535934621, -36.939489733812], [174.65753769271, -36.9394895109735], [174.657539574864, -36.9394893134433], [174.657541547211, -36.939489132681], [174.657543643427, -36.9394889682163], [174.657545841257, -36.9394888293735], [174.657548140507, -36.9394887071419], [174.657550563625, -36.9394886012079], [174.657553088358, -36.9394885208958], [174.657555714509, -36.9394884571947], [174.657558475365, -36.9394883916131], [174.657561532474, -36.9394880064245], [174.657564928979, -36.9394872199055], [174.657568665271, -36.9394860500774], [174.657572752186, -36.9394844787621], [174.657577178497, -36.9394825061161], [174.657581955625, -36.9394801409937], [174.657587061119, -36.939477383708], [174.65759251743, -36.9394742339456], [174.657598313137, -36.9394706828526], [174.657604459661, -36.9394667392827], [174.657610945581, -36.9394623943821], [174.657617771092, -36.9394576571612], [174.657624947419, -36.9394525274635], [174.657632463336, -36.9394470054455], [174.657640318649, -36.9394410820965], [174.657648513357, -36.9394347574163], [174.657657059075, -36.9394280492697], [174.657665944187, -36.9394209397919], [174.65767516889, -36.9394134379934], [174.657684744211, -36.9394055347068]], [[174.657515848416, -36.9395007131902], [174.657515789457, -36.9395025527601], [174.657515746505, -36.9395045092815], [174.657515717454, -36.9395065890934], [174.657515709634, -36.9395079385182]]]}, "properties": {"OBJECTID": 8742, "TRACKNAME": "Zig-Zag Track", "CONDITIONSOFUSE": "Waitakere Central Regional Park", "STATUS": "Open", "WEBLINK": "https://www.aucklandcouncil.govt.nz/en/parks-recreation/find-park-beach/park-detail/204.html", "VALIDATIONSTATE": 3, "created_user": "AC_owner", "last_edited_user": "AC_owner", "last_edited_date": 1789875254325, "created_date": 1789875254325, "PARK_SAPSITEID": null, "TRACK_ID": null, "KAURIDIEBACK_TRACK": null, "KAURIDIEBACK_MITIGATED": null, "SegmentID": null, "GlobalID": "ca6fdb8e-39ed-4ef1-a243-eb7ff5faddde", "Shape__Length": 1141.559223262616, "_COUNCIL_TRACKNAME": "Zig-Zag Track"}}, {"type": "Feature", "id": 125, "geometry": {"type": "LineString", "coordinates": [[174.491796540706, -37.0076843888383], [174.491890331634, -37.0075822712428], [174.492058273931, -37.0075013071751], [174.492368831508, -37.007408583959], [174.492661875883, -37.0073342011117], [174.492815643334, -37.007287024979], [174.492857068599, -37.007263554387], [174.492885301868, -37.0072206803896], [174.492902420271, -37.0071736954228], [174.492898676841, -37.0071415325327], [174.492877340567, -37.0070934278437], [174.492851711042, -37.0070558959958], [174.492815322106, -37.0070226538516], [174.492710426925, -37.0069550836028], [174.492651963799, -37.0068844342527], [174.492524130264, -37.0068166313846], [174.49243870955, -37.0067266010995], [174.492381398824, -37.0066517548194], [174.492262491485, -37.0064389588843], [174.492185111192, -37.0063651094051], [174.492143667257, -37.006338515925], [174.492077007067, -37.0063172852955], [174.491995374187, -37.0063108710069], [174.491297667216, -37.0063130335076], [174.491240191635, -37.0063277538831], [174.491084782399, -37.0064055001008], [174.490971168253, -37.0064273379987], [174.49090404177, -37.0064238801187], [174.490890085698, -37.0064022065646], [174.490891273274, -37.006365996746], [174.490943147058, -37.0062651807825], [174.490996862571, -37.006120572652], [174.491024484036, -37.0057727794308], [174.491020570191, -37.0057228149992], [174.490989985439, -37.0056953924186], [174.490871894519, -37.0056447749756], [174.490832598602, -37.0056209148965], [174.490788848262, -37.0055660698227], [174.490754697844, -37.0054796197214], [174.490734377301, -37.00545126051], [174.490589181032, -37.0053429016206], [174.490515628555, -37.0053012516944], [174.490493265624, -37.0052977324612], [174.490480484845, -37.0053030208143], [174.490448968908, -37.0053470892261], [174.490439041987, -37.0054218084397], [174.490438564035, -37.0055487607085], [174.490419268424, -37.0056072469668], [174.490383499452, -37.0056569490811], [174.490359217749, -37.005664700158], [174.490329487345, -37.0056637521579], [174.490267162929, -37.00565207181], [174.490231131586, -37.0056354408799], [174.490051125465, -37.005473574941], [174.490008793012, -37.0054478634687], [174.489743255748, -37.0054296116383], [174.489104575641, -37.0052604517281], [174.488941631583, -37.0052361478665], [174.488834463283, -37.005183913996], [174.488774036479, -37.0051700394807], [174.488637661604, -37.0051537213918], [174.488432562948, -37.005172364428], [174.488228576253, -37.005144749913], [174.488099717573, -37.0050899039518], [174.487992478156, -37.0050159375686], [174.487732335695, -37.0047265338357], [174.487496515318, -37.0044221829681], [174.487341922192, -37.0042917283541], [174.487180445029, -37.0040706029784], [174.486873296893, -37.0038285478871], [174.48663977158, -37.0037666488923], [174.486513827869, -37.0036897372571], [174.486482059323, -37.0036499346376], [174.486459461874, -37.0035166048879], [174.486406050888, -37.0034332502122], [174.486367606983, -37.0034060924986], [174.486236323214, -37.0033472250298], [174.48614336659, -37.0032863676553], [174.486109482885, -37.0032549118562], [174.486094322958, -37.0032068024294], [174.48606726986, -37.0029574722105], [174.486056489109, -37.002918977707], [174.486030451613, -37.0028981705194], [174.485895190377, -37.0028492214362], [174.485799683672, -37.0027968585621], [174.485739184558, -37.002735144689], [174.485707293702, -37.0026797192353], [174.48567746525, -37.002587170749], [174.48567871849, -37.0023079277758], [174.485659640382, -37.0021196763675], [174.485567566831, -37.0018772558492], [174.485473943139, -37.0017288059429], [174.485430191456, -37.001674384258], [174.484989219306, -37.0013111835719], [174.484751728354, -37.0011507677096], [174.484505196176, -37.0010306289997], [174.484316596058, -37.0009893966137], [174.48419484869, -37.0009405099561], [174.483788701692, -37.0006702066181], [174.483745945575, -37.0006333203918], [174.483725179367, -37.0006036846616], [174.483602471374, -37.000331195789], [174.483556142303, -37.0002642604894], [174.483488929955, -37.0002226629332], [174.483169306279, -37.0000599868493], [174.482882106248, -36.9997727912111], [174.482664366558, -36.9996162740945], [174.482390914755, -36.9993693413177], [174.482376451352, -36.9993311844768], [174.482379635973, -36.9992733558591], [174.482390762259, -36.99923294325], [174.482431695675, -36.9991564149055], [174.48243669489, -36.9990946949844], [174.482429198469, -36.999050725685], [174.482372531492, -36.9989157330099], [174.482295281184, -36.9985043323951], [174.482289235842, -36.9983934010044], [174.482311565139, -36.9981588083475], [174.482225913922, -36.9980029812338], [174.482182454544, -36.9978712855952], [174.482234968999, -36.9976620866999], [174.482226685032, -36.9975682162382], [174.482205482992, -36.997522711817], [174.482089533203, -36.9974438343767], [174.481982718619, -36.9973264547452], [174.481931251197, -36.9972611143236], [174.481893842018, -36.9971753943624]]}, "properties": {"OBJECTID": 125, "TRACKNAME": "Zion Hill Track", "CONDITIONSOFUSE": "Waitakere West Regional Park", "STATUS": "Open", "WEBLINK": "https://www.aucklandcouncil.govt.nz/en/parks-recreation/find-park-beach/park-detail/3451.html", "VALIDATIONSTATE": 3, "created_user": "AC_owner", "last_edited_user": "AC_owner", "last_edited_date": 1789875254325, "created_date": 1789875254325, "PARK_SAPSITEID": null, "TRACK_ID": null, "KAURIDIEBACK_TRACK": null, "KAURIDIEBACK_MITIGATED": null, "SegmentID": null, "GlobalID": "0e412930-8aae-4596-9cf4-010ebcb5c70c", "Shape__Length": 1875.27940439249, "_COUNCIL_TRACKNAME": "Zion Hill Track"}}, {"type": "Feature", "id": 1049, "geometry": {"type": "MultiLineString", "coordinates": [[[174.479097673647, -36.9911104098512], [174.479209166732, -36.9909788908695], [174.479379657424, -36.9909306251847], [174.479464914007, -36.9909064966178], [174.479530607035, -36.9908597173143], [174.479545496885, -36.9906683891517], [174.479514087054, -36.9905388585821], [174.479424521101, -36.9903642908609], [174.479364693176, -36.9902428120977], [174.479285142622, -36.9900910229947], [174.479157121952, -36.9899017103584], [174.47903980956, -36.9897657418672], [174.478941719866, -36.9896371502185], [174.478824385981, -36.9895011907824], [174.478727126829, -36.9894108153134], [174.478658615867, -36.9893276800739]], [[174.478277117666, -36.9885915226357], [174.478301251971, -36.9886164240887], [174.478348760751, -36.9887372636976], [174.478369596496, -36.9889214677093], [174.478481245556, -36.9891539080153], [174.478664608408, -36.9893313460628]]]}, "properties": {"OBJECTID": 1049, "TRACKNAME": "Zion Hill Track", "CONDITIONSOFUSE": "Waitakere West Regional Park", "STATUS": "Open", "WEBLINK": "https://www.aucklandcouncil.govt.nz/en/parks-recreation/find-park-beach/park-detail/3451.html", "VALIDATIONSTATE": 3, "created_user": "AC_owner", "last_edited_user": "AC_owner", "last_edited_date": 1789875254325, "created_date": 1789875254325, "PARK_SAPSITEID": null, "TRACK_ID": null, "KAURIDIEBACK_TRACK": null, "KAURIDIEBACK_MITIGATED": null, "SegmentID": null, "GlobalID": "acc41705-106c-4fbd-b319-2d150732ac7f", "Shape__Length": 332.14378573638527, "_COUNCIL_TRACKNAME": "Zion Hill Track"}}, {"type": "Feature", "id": 1582, "geometry": {"type": "LineString", "coordinates": [[174.479107199658, -36.991110273105], [174.479032810168, -36.9911954052855], [174.478967116894, -36.9912422023468], [174.478853122288, -36.9912590901838], [174.478767376256, -36.991260293798], [174.478672274443, -36.9912692664667], [174.478540386693, -36.9913399087454], [174.478503941724, -36.9914168702633], [174.478487208162, -36.9915241333304], [174.478469326441, -36.9915778969141], [174.478375372242, -36.9916403688353], [174.478309848574, -36.9916948069626], [174.478254350671, -36.9917720237527], [174.478256509934, -36.9918713808839], [174.478325204302, -36.9919621485447], [174.47846927898, -36.9920136512916], [174.478642602909, -36.9920953185355], [174.47884532437, -36.9922147918336], [174.479011294331, -36.9923959431844], [174.479092006556, -36.9926012226773], [174.479095326629, -36.9927540700581], [174.479166012843, -36.9929365528399], [174.479321276442, -36.9930643414141], [174.479409526361, -36.9931777772311], [174.479480554792, -36.9933755426071], [174.479588347412, -36.9935116472351], [174.479735087232, -36.9936854117259], [174.479813311548, -36.9937760506303], [174.479881338674, -36.9938362605243], [174.479902052454, -36.9939124195477], [174.479826990237, -36.993966986458], [174.4797133329, -36.9939991580149], [174.479541834575, -36.9940015575473], [174.479302969081, -36.9939743215706], [174.479140678981, -36.9939613186748], [174.478968839571, -36.9939484255453], [174.478778947921, -36.9939816633825], [174.478636529112, -36.9940065938161], [174.478513174368, -36.99403125954], [174.478457504632, -36.9941008350162], [174.478478557934, -36.994192277139], [174.478509956323, -36.9943217990395], [174.478589521111, -36.9944735793428], [174.478698814322, -36.9946784668851], [174.478776367709, -36.9947385316698]]}, "properties": {"OBJECTID": 1582, "TRACKNAME": "Zion Hill Track", "CONDITIONSOFUSE": "Waitakere West Regional Park", "STATUS": "Open", "WEBLINK": "https://www.aucklandcouncil.govt.nz/en/parks-recreation/find-park-beach/park-detail/3451.html", "VALIDATIONSTATE": 3, "created_user": "AC_owner", "last_edited_user": "AC_owner", "last_edited_date": 1789875254325, "created_date": 1789875254325, "PARK_SAPSITEID": null, "TRACK_ID": null, "KAURIDIEBACK_TRACK": null, "KAURIDIEBACK_MITIGATED": null, "SegmentID": null, "GlobalID": "e56ec64b-255d-48c0-9a8c-d117b6cf0395", "Shape__Length": 623.7303034301887, "_COUNCIL_TRACKNAME": "Zion Hill Track"}}, {"type": "Feature", "id": 1610, "geometry": {"type": "LineString", "coordinates": [[174.481893842018, -36.9971753943624], [174.481779564893, -36.9971390588175], [174.481646997494, -36.9971174787246], [174.48122063419, -36.9971276782787], [174.480817947446, -36.9970186545819], [174.48061604081, -36.9969373923817], [174.480423308808, -36.9968407102967], [174.480249141493, -36.9967208387044], [174.48010305422, -36.9965776319715], [174.48004255993, -36.9964255788989], [174.479993254029, -36.9963498305889], [174.479897144883, -36.9963129466523], [174.479722820272, -36.9961854326875], [174.47954681292, -36.9959814860891], [174.479370817753, -36.995777539062], [174.479185967932, -36.9956043032943], [174.479048410894, -36.9954151096509], [174.478987749202, -36.9952554145363], [174.478955849363, -36.9951029684405], [174.47892443862, -36.9949734468382], [174.478845384195, -36.9948446000395], [174.47876683001, -36.9947386685394]]}, "properties": {"OBJECTID": 1610, "TRACKNAME": "Zion Hill Track", "CONDITIONSOFUSE": "Waitakere West Regional Park", "STATUS": "Open", "WEBLINK": "https://www.aucklandcouncil.govt.nz/en/parks-recreation/find-park-beach/park-detail/3451.html", "VALIDATIONSTATE": 3, "created_user": "AC_owner", "last_edited_user": "AC_owner", "last_edited_date": 1789875254325, "created_date": 1789875254325, "PARK_SAPSITEID": null, "TRACK_ID": null, "KAURIDIEBACK_TRACK": null, "KAURIDIEBACK_MITIGATED": null, "SegmentID": null, "GlobalID": "b7eb9929-a9b9-4490-8e75-fffd872a1c84", "Shape__Length": 422.30099135835195, "_COUNCIL_TRACKNAME": "Zion Hill Track"}}, {"type": "Feature", "id": 283, "geometry": {"type": "LineString", "coordinates": [[174.48189384423, -36.997175392532], [174.482173535477, -36.9972385282176], [174.482434255729, -36.9972453939942], [174.482714457529, -36.9972080565025], [174.483015876385, -36.9971406813178], [174.483141721609, -36.997131816648], [174.483204791329, -36.9971384285833], [174.483403066867, -36.9971951606749], [174.484127574637, -36.9974664341188], [174.484546346658, -36.9976643266101], [174.484610065509, -36.9976771310227], [174.485161930331, -36.9977382785977], [174.485620094965, -36.9979159885825], [174.485830958895, -36.9980067114739], [174.485870365767, -36.9980180799693], [174.485924165619, -36.9980189296514], [174.48606726855, -36.9980046449425], [174.4861289645, -36.9979885492575], [174.487085671138, -36.9976321105834], [174.487320061171, -36.9975373338268], [174.487372933799, -36.9975280992568], [174.48754124117, -36.9975253407412], [174.487594484863, -36.997517273188], [174.487838169098, -36.9973960592359], [174.48788743794, -36.9973789376613], [174.488103977236, -36.9973693001786], [174.488562563854, -36.9974479611921], [174.48907483194, -36.9974401285129], [174.48994509018, -36.9972351432911], [174.490175938165, -36.9971900161743], [174.49022245319, -36.9971705936958], [174.490340955979, -36.9970769236473], [174.490394283427, -36.9970461215284], [174.490654299318, -36.9969461220278], [174.491055984788, -36.9968161836579], [174.491331731035, -36.9966517271997], [174.491369149463, -36.9966372318411], [174.491400124781, -36.9966357609492], [174.492110515191, -36.9967435753087], [174.492543705672, -36.9969136585475], [174.492759448822, -36.9970059481898], [174.49283607552, -36.9970414983415], [174.492937002427, -36.9971025756765], [174.493230021699, -36.9971980475533], [174.493457119966, -36.9973089052258], [174.493725172935, -36.9975342963267], [174.494079998373, -36.9976456902847], [174.494253597329, -36.9978162769033], [174.494311945514, -36.9978571759422], [174.494359238761, -36.9978781228874], [174.49457308217, -36.9979213361239], [174.494843245073, -36.9979643623639], [174.495095973778, -36.9980254995813], [174.495315053679, -36.9980376748448], [174.495598533021, -36.9980376269342], [174.495845857069, -36.9980855626706], [174.496072723633, -36.9981079949837], [174.496158189504, -36.9981041683828], [174.496496156755, -36.9980225255015]]}, "properties": {"OBJECTID": 283, "TRACKNAME": "ZionRidge Track", "CONDITIONSOFUSE": "Waitakere West Regional Park", "STATUS": "Temp Closed", "WEBLINK": "https://www.aucklandcouncil.govt.nz/en/parks-recreation/find-park-beach/park-detail/3451.html", "VALIDATIONSTATE": 3, "created_user": "AC_owner", "last_edited_user": "AC_owner", "last_edited_date": 1789875254325, "created_date": 1789875254325, "PARK_SAPSITEID": null, "TRACK_ID": null, "KAURIDIEBACK_TRACK": null, "KAURIDIEBACK_MITIGATED": null, "SegmentID": null, "GlobalID": "e6d0cb35-d5b1-4aaa-b8ab-90b6f62b369a", "Shape__Length": 1407.647546444117, "_COUNCIL_TRACKNAME": "ZionRidge Track"}}]}