{"type": "FeatureCollection", "features": [{"type": "Feature", "id": 12407, "geometry": {"type": "LineString", "coordinates": [[174.743868025412, -36.6804924208604], [174.743806994336, -36.6804504546824], [174.743707025561, -36.6804325575505], [174.743610928234, -36.6804339650786], [174.743514519064, -36.6804215590797], [174.743468968751, -36.6803807450951], [174.743481322506, -36.6803197306438], [174.743504228941, -36.6802696124494], [174.743560884698, -36.6801941221224], [174.743631964639, -36.6801488417744], [174.743696601225, -36.6801230081963], [174.743846804116, -36.6800848613806], [174.744117122085, -36.6800449456546], [174.74429078132, -36.6799815677777], [174.744450401565, -36.6799045683414], [174.744579122929, -36.6798280215068], [174.744702493767, -36.6796885110708], [174.744777310282, -36.6796343148108], [174.744837898281, -36.6795808858983], [174.744857284672, -36.6795309885005], [174.74484308634, -36.6794999478763], [174.744862103639, -36.6794367354279], [174.744877890562, -36.6793756705181], [174.744889993087, -36.6793035907737], [174.744878577, -36.6792539843976], [174.74490421879, -36.6791734226065], [174.744916663746, -36.6791299752947], [174.74492015761, -36.6790396824313], [174.744920163035, -36.6790361579914], [174.744873748769, -36.6788370728511], [174.744877824564, -36.67877332945], [174.744879581903, -36.6787458560449], [174.744881625115, -36.6787138977345], [174.744949709784, -36.6785297403155], [174.745093672351, -36.6783492406686], [174.745106167291, -36.6783350583158], [174.745125534866, -36.678313074804], [174.745134500159, -36.6783028976023], [174.745205755616, -36.6782220177167], [174.745216404416, -36.6782099301612], [174.745312799392, -36.6781415424349], [174.745387480089, -36.6781062297123], [174.745389474639, -36.6781049601835], [174.74538955083, -36.6781049148993], [174.745390900444, -36.6781041244402], [174.745741969252, -36.6778543943574], [174.745742124623, -36.67785428752], [174.745742317641, -36.6778541630045], [174.74574605258, -36.6778518169502], [174.745750037753, -36.6778494023275], [174.745754072332, -36.677847044668], [174.745758156297, -36.6778447430705], [174.745762290807, -36.6778424993208], [174.745766472486, -36.677840312567], [174.745770668181, -36.6778382013227], [174.745770698039, -36.6778381855615], [174.74577078326, -36.6778381437501], [174.745774970801, -36.6778361173541], [174.745779289655, -36.6778341079611], [174.745783647948, -36.6778321601842], [174.745788047918, -36.6778302739906], [174.745792488427, -36.6778284484956], [174.745796968375, -36.6778266846166], [174.74580148335, -36.6778249851225], [174.745806035548, -36.6778233481784], [174.745810622731, -36.6778217738171], [174.745815241605, -36.6778202647908], [174.745819836583, -36.6778188372383], [174.74581989215, -36.6778188201987], [174.745819961059, -36.677818799358], [174.745824572148, -36.6778174409746], [174.745829284935, -36.6778161261681], [174.745834022741, -36.6778148785975], [174.745838785526, -36.6778136964603], [174.745843574449, -36.6778125815425], [174.745848386135, -36.6778115329922], [174.7458532217, -36.6778105507929], [174.745858075614, -36.6778096377299], [174.745862948954, -36.6778087919846], [174.745867795997, -36.6778080205373], [174.745867838364, -36.6778080136064], [174.745867916447, -36.6778080025462], [174.745872743885, -36.6778073043972], [174.745877667734, -36.6778066634232], [174.745882600982, -36.6778060917167], [174.745887546964, -36.6778055883275], [174.745892501227, -36.6778051542222], [174.745897465987, -36.6778047884669], [174.745902437908, -36.677804492012], [174.745907415893, -36.6778042657749], [174.745912396565, -36.6778041089037], [174.745917365381, -36.6778040216118], [174.74592236485, -36.6778040032757], [174.745927350227, -36.6778040545516], [174.745932331578, -36.6778041752919], [174.745937311142, -36.6778043654637], [174.745942285563, -36.6778046251164], [174.745947253721, -36.6778049542663], [174.745952216714, -36.6778053519958], [174.745956999644, -36.6778058037441], [174.745957090481, -36.677805812327], [174.745957165676, -36.6778058220406], [174.745957399297, -36.6778058600775], [174.746372994878, -36.6778783593368], [174.746373322529, -36.6778783986976], [174.746373917278, -36.6778784224223], [174.746648484497, -36.6778815269347], [174.746648746225, -36.6778815212919], [174.746649174066, -36.6778814879737], [174.746655426856, -36.6778808752424], [174.746662094528, -36.6778801509634], [174.746668750501, -36.677879354746], [174.746675394775, -36.6778784865902], [174.746682021819, -36.6778775492812], [174.746688630473, -36.6778765410334], [174.746695226331, -36.6778754617647], [174.746701801581, -36.6778743124911], [174.74670835958, -36.6778730931632], [174.746714895874, -36.6778718047479], [174.746721409303, -36.6778704454595], [174.746727902166, -36.6778690179683], [174.746734368828, -36.6778675205542], [174.746740811568, -36.6778659549866], [174.746747227009, -36.6778643204136], [174.746753615192, -36.6778626186373], [174.746759974958, -36.6778608478722], [174.746766306346, -36.6778590099203], [174.746772609317, -36.6778571029794], [174.746778872786, -36.6778551317192], [174.746785106739, -36.6778530923875], [174.746791307861, -36.6778509868357], [174.746797472796, -36.6778488151132], [174.746803602702, -36.6778465790056], [174.746809695304, -36.6778442767436], [174.746815747283, -36.6778419101786], [174.746821761978, -36.6778394783604], [174.746827736092, -36.6778369840414], [174.746833667347, -36.6778344254522], [174.746839558002, -36.6778318034612], [174.746845402483, -36.6778291190514], [174.746851214132, -36.6778263684217], [174.746856960795, -36.677823564663], [174.746862670171, -36.6778206956511], [174.746868331178, -36.6778177660554], [174.746873943834, -36.6778147767771], [174.746879505903, -36.677811727849], [174.746885019621, -36.6778086192382], [174.746890481654, -36.6778054518952], [174.746895888686, -36.6778022276712], [174.746901244033, -36.6777989447149], [174.746906545538, -36.6777956066635], [174.746911789784, -36.6777922108629], [174.74691697907, -36.6777887599836], [174.74692211006, -36.6777852549759], [174.746922137599, -36.677785235643], [174.746927184951, -36.6777816940048], [174.746932200427, -36.6777780789217], [174.746937154313, -36.6777744124627], [174.746942048804, -36.6777706927928], [174.746946881705, -36.677766921747], [174.746951651876, -36.6777630984406], [174.746956359378, -36.6777592255768], [174.746961003073, -36.6777553022711], [174.746965580763, -36.6777513303584], [174.746970092449, -36.6777473098386], [174.746974538151, -36.677743241613], [174.746978917829, -36.6777391238793], [174.746983229387, -36.6777349629778], [174.74698701411, -36.6777312082132], [174.74698749219, -36.6777307739479], [174.74698783675, -36.677730521916], [174.747441118428, -36.6774410282412], [174.747441374187, -36.6774408577335], [174.747441561705, -36.6774406386521], [174.747492844007, -36.6773780762062], [174.747493019118, -36.6773778528], [174.747493112992, -36.6773775999396], [174.747612346825, -36.677030664321], [174.747612461478, -36.6770302912731], [174.747612500681, -36.6770300951002], [174.747635154062, -36.6768560359416], [174.747635159877, -36.6768559961959], [174.747635184866, -36.676855864229], [174.747635270926, -36.6768555628091], [174.74763611348, -36.6768528886924], [174.747636138493, -36.6768528072019], [174.747636158238, -36.6768527402106], [174.747636992724, -36.6768498084203], [174.747637012327, -36.6768497351215], [174.747637032927, -36.6768496563998], [174.747637782353, -36.6768467240554], [174.747637800777, -36.6768466480698], [174.747637818102, -36.6768465730016], [174.747638483405, -36.6768436319771], [174.747638500526, -36.6768435478982], [174.747638514638, -36.6768434791869], [174.747639097871, -36.6768405213397], [174.747639113792, -36.676840433673], [174.747639124752, -36.6768403740216], [174.747639625609, -36.6768373858356], [174.747639638419, -36.6768373090311], [174.747639649052, -36.6768372349626], [174.74764006479, -36.6768342435193], [174.74764007339, -36.6768341784943], [174.747640083677, -36.6768340891076], [174.747640412384, -36.676831108857], [174.747640419743, -36.676831038442], [174.747640426817, -36.6768309554121], [174.747640671461, -36.6768279691845], [174.747640677559, -36.6768278924785], [174.747640682477, -36.6768278130857], [174.74764084196, -36.6768248217987], [174.74764084576, -36.6768247424222], [174.747640848501, -36.6768246657655], [174.747640922886, -36.6768216721222], [174.747640924407, -36.6768215909765], [174.747640925054, -36.6768215206601], [174.747640914886, -36.6768184994142], [174.74764091468, -36.6768184408281], [174.747640913579, -36.6768183921702], [174.747640818496, -36.6768153766777], [174.74764081542, -36.6768152901913], [174.747640811694, -36.6768152244459], [174.747640630556, -36.6768122138222], [174.747640625508, -36.6768121390825], [174.747640619239, -36.6768120598539], [174.747640355871, -36.6768090747742], [174.747640348504, -36.6768089964631], [174.747640340059, -36.6768089199706], [174.747639991713, -36.6768059379412], [174.74763998095, -36.6768058578771], [174.747639971488, -36.6768057859064], [174.747639535622, -36.6768027934439], [174.747639525144, -36.6768027259949], [174.747639510943, -36.6768026423759], [174.747638994027, -36.6767996781443], [174.747638981209, -36.6767996062228], [174.747638964852, -36.6767995262409], [174.747638364179, -36.6767965695485], [174.747638347965, -36.6767964958741], [174.747638330469, -36.6767964150076], [174.74763764126, -36.6767934524039], [174.74763762885, -36.6767933985038], [174.747637616583, -36.6767933509112], [174.747636842498, -36.6767903958631], [174.747636820466, -36.676790312359], [174.747636801059, -36.6767902459424], [174.747635947084, -36.6767873209109], [174.747635924076, -36.6767872437308], [174.74763590233, -36.6767871728417], [174.747634963499, -36.6767842562668], [174.747634943035, -36.6767841925699], [174.747634913152, -36.6767841082797], [174.747633900269, -36.6767812324522], [174.747633874028, -36.6767811607277], [174.747633845406, -36.6767810827286], [174.747632751269, -36.6767782261213], [174.74763272041, -36.676778148155], [174.747632691972, -36.6767780782655], [174.747631516622, -36.6767752426805], [174.747631481146, -36.6767751584725], [174.74763145401, -36.6767750966762], [174.747630186767, -36.6767722552292], [174.747630158492, -36.6767721925483], [174.74763012204, -36.6767721146641], [174.747628785361, -36.6767693202063], [174.74762875135, -36.6767692513], [174.747628713861, -36.6767691770366], [174.747627298309, -36.6767664080736], [174.74762726202, -36.676766337398], [174.747627223493, -36.6767662667553], [174.747625726707, -36.6767635179136], [174.747625689361, -36.6767634499576], [174.747625647417, -36.6767633766609], [174.747624072937, -36.6767606560008], [174.747624035672, -36.6767605916491], [174.747623991491, -36.6767605183853], [174.747622339357, -36.676757827709], [174.747622301035, -36.6767577660769], [174.747622251159, -36.6767576883898], [174.7476205398, -36.6767550508624], [174.747620488826, -36.6767549740928], [174.747620449466, -36.6767549160814], [174.747618646561, -36.6767522880102], [174.747618596808, -36.6767522157295], [174.747618552872, -36.6767521532785], [174.747616665336, -36.6767495435756], [174.747616627238, -36.6767494918553], [174.747616603033, -36.6767494606627], [174.747614629769, -36.6767468702456], [174.747614580178, -36.6767468051735], [174.74761452833, -36.6767467392332], [174.747612501618, -36.6767442099925], [174.747612457866, -36.6767441556512], [174.747612396905, -36.6767440826336], [174.747610317863, -36.6767416145529], [174.747610259242, -36.6767415460079], [174.747610207537, -36.6767414863751], [174.74760805194, -36.6767390473606], [174.747607991122, -36.6767389806506], [174.747607939478, -36.676738923721], [174.747605711984, -36.6767365218168], [174.747605648929, -36.6767364551396], [174.747605595068, -36.6767363991439], [174.74760329108, -36.6767340290091], [174.747603236101, -36.6767339730298], [174.747603173147, -36.6767339108579], [174.747600812172, -36.6767315938392], [174.747600752677, -36.6767315361235], [174.747600688626, -36.6767314748691], [174.74759823405, -36.676729175449], [174.747598202076, -36.6767291470745], [174.747598141523, -36.6767290920784], [174.747595645907, -36.6767268581593], [174.747595584236, -36.6767268031796], [174.74759551575, -36.6767267437931], [174.747592962008, -36.6767245621054], [174.747592899258, -36.6767245089443], [174.747592830834, -36.676724452261], [174.747590228016, -36.6767223271786], [174.747590152778, -36.6767222660885], [174.747590090131, -36.6767222174327], [174.747587404046, -36.6767201215151], [174.747587341399, -36.6767200728593], [174.747587266263, -36.6767200162745], [174.74758454593, -36.6767179893638], [174.747584469675, -36.6767179327954], [174.747584403693, -36.67671788509], [174.7475816149, -36.6767158988444], [174.747581538727, -36.6767158458803], [174.747581470528, -36.6767157991088], [174.747578619012, -36.6767138597538], [174.747578547436, -36.6767138121305], [174.747578482694, -36.676713769815], [174.747575566218, -36.6767118773835], [174.747575499218, -36.6767118341998], [174.747575416353, -36.6767117822353], [174.74757245308, -36.6767099481783], [174.747572395213, -36.6767099129729], [174.747572301039, -36.6767098557662], [174.747569310251, -36.6767080915186], [174.747569239936, -36.6767080501864], [174.747569154895, -36.6767080009579], [174.747566107057, -36.6767062871231], [174.747566032248, -36.6767062449555], [174.747565947288, -36.6767061993313], [174.747562851474, -36.6767045411843], [174.747562771071, -36.6767044990987], [174.747562694064, -36.676704458766], [174.747559546917, -36.6767028563561], [174.747559466534, -36.6767028151716], [174.747559380538, -36.6767027731681], [174.747556196701, -36.6767012307871], [174.747556113003, -36.676701191454], [174.747556033821, -36.6767011538574], [174.747552797533, -36.6766996672299], [174.747552707082, -36.6766996261932], [174.747549351628, -36.6766981647504], [174.747549269151, -36.6766981299063], [174.747549181039, -36.6766980933421], [174.747545873693, -36.6766967303438], [174.74754578672, -36.6766966946643], [174.747545702046, -36.6766966616551], [174.747542346763, -36.6766953561468], [174.747542263249, -36.6766953249234], [174.747542172962, -36.6766952910952], [174.747538779912, -36.6766940474345], [174.747538702052, -36.6766940188321], [174.747538606171, -36.6766939850861], [174.747535189999, -36.6766928075647], [174.747535102051, -36.676692778209], [174.747535011866, -36.6766927488862], [174.747531573711, -36.6766916383889], [174.74753147002, -36.6766916056588], [174.747531395638, -36.6766915824137], [174.747528187852, -36.6766906136553], [174.747527804961, -36.6766905066044], [174.747527400311, -36.6766904764893], [174.747044996177, -36.6766642230497], [174.747044610585, -36.676664194456], [174.747044256372, -36.6766640689553], [174.746716530217, -36.6765403927829], [174.746716116248, -36.6765402474263], [174.746715856086, -36.6765401737254], [174.746412853584, -36.6764660924468], [174.746412450539, -36.6764659847864], [174.746412092706, -36.6764657980436], [174.746298806093, -36.6764034300428], [174.746298524919, -36.6764032683149], [174.746298469465, -36.6764029933088], [174.746280672625, -36.6763015265162], [174.746280631652, -36.6763012485935], [174.746280690341, -36.6763009737158], [174.746361665751, -36.675964386614], [174.74636179745, -36.6759639258842], [174.746361830559, -36.675963855993], [174.746361992874, -36.6759635615677], [174.746448007679, -36.6758194081234], [174.746448146503, -36.675819163618], [174.746448196446, -36.6758188978823], [174.746476674292, -36.6756425558994], [174.746476729318, -36.6756422675548], [174.746476916122, -36.6756420169373], [174.74661996679, -36.6754594818332], [174.746620040698, -36.6754593852035], [174.746620117819, -36.6754592822171], [174.746838628164, -36.6751578449648], [174.746838817244, -36.6751575961161], [174.74683911099, -36.6751574232496], [174.747139943054, -36.6749886149317], [174.747270758442, -36.6749170109954], [174.747292132358, -36.6749012243631], [174.747295244421, -36.6748921271191], [174.747295994364, -36.6748834295983], [174.747294209266, -36.6748708510229], [174.747284325971, -36.6748494668248], [174.747242036845, -36.6748196896325], [174.747217254061, -36.6748046858685], [174.747176143085, -36.674779797525], [174.747143577428, -36.6747600820218], [174.747091378346, -36.6747014503889], [174.74703543058, -36.6746386075511], [174.747016789498, -36.6745568310729], [174.747012090109, -36.674508408061], [174.747038102167, -36.6744574404948], [174.747080398, -36.6744044537555], [174.747101302781, -36.6743639701591], [174.747103662303, -36.6743304549982], [174.747087343011, -36.6742980513201], [174.747041222098, -36.6742803140115], [174.747010060997, -36.6742846444703], [174.746946828877, -36.6742875580514], [174.746873042025, -36.6742792214174], [174.746824708922, -36.6742486178595], [174.746811249279, -36.674205695544], [174.746807959805, -36.6741500895359], [174.746851026213, -36.6740054888034], [174.746899264242, -36.6739230807078], [174.746921367121, -36.6738537843506], [174.746921430743, -36.67376663793], [174.746888969518, -36.673633400298], [174.746879981863, -36.6736046504308], [174.746829330218, -36.6735688312993], [174.74674744117, -36.6735409806859], [174.746610354665, -36.6734929180259], [174.746452850231, -36.6733736263886], [174.746418170011, -36.6733407230792], [174.746353256395, -36.6732522420982], [174.746314938504, -36.6732259234541], [174.746260058941, -36.6731939239057], [174.746110922412, -36.6731136511204], [174.745978707284, -36.6730525869953], [174.745874314282, -36.6730162693073], [174.745800043142, -36.6729653501827], [174.745767777724, -36.6728812782539], [174.745746175252, -36.6727374972347], [174.745784593736, -36.672562892532], [174.745829109551, -36.6724370716803], [174.745902357954, -36.672337640767], [174.745940354574, -36.6722381192517], [174.745933421184, -36.6721187801581], [174.745958979883, -36.6719375387889], [174.745990932179, -36.6718517553669], [174.746034474119, -36.6718101656848], [174.746135419309, -36.6717779718821], [174.746202022083, -36.6717258061373], [174.746385496905, -36.6716052633253], [174.746460530061, -36.6715608914265], [174.746583198932, -36.6715342293838], [174.746704135734, -36.6715244014069], [174.746846503311, -36.6715255882108], [174.746928972308, -36.6715156420742], [174.74699332994, -36.6714841214043], [174.747015429033, -36.6714422997794], [174.747037331198, -36.6712922118759], [174.747078333368, -36.6711366662102], [174.747074249154, -36.6710917341726], [174.747053775687, -36.6710398713182], [174.747058289708, -36.6709739202123], [174.747086073102, -36.6709094466153], [174.747098587766, -36.6708633975703], [174.747088311199, -36.6708286030897], [174.747035828167, -36.6707856927517], [174.746914795733, -36.6707088429373], [174.746846247451, -36.6706749034281], [174.746699863073, -36.6706158975475], [174.746569469169, -36.6705446443235], [174.746469160109, -36.6704849631265], [174.746344804081, -36.6704409218329], [174.746261939464, -36.6704225747839], [174.746150503538, -36.6703797508227], [174.746080574813, -36.6703106947278], [174.746056681319, -36.6702622331433], [174.746085438841, -36.6702225665607], [174.746120741396, -36.6701913354677], [174.74620855577, -36.670140564928], [174.746207660652, -36.6700347687018], [174.746215990304, -36.6699705725033], [174.746225911467, -36.6699160976943], [174.746231363719, -36.6698989060801]]}, "properties": {"OBJECTID": 12407, "TRACKNAME": "Coastal Track", "CONDITIONSOFUSE": "Long Bay Regional Park", "STATUS": "Open", "WEBLINK": "https://www.aucklandcouncil.govt.nz/en/parks-recreation/find-park-beach/park-detail/215.html", "VALIDATIONSTATE": 3, "created_user": "AC_owner", "last_edited_user": "AC_owner", "last_edited_date": 1789875254325, "created_date": 1789875254325, "PARK_SAPSITEID": null, "TRACK_ID": null, "KAURIDIEBACK_TRACK": null, "KAURIDIEBACK_MITIGATED": null, "SegmentID": null, "GlobalID": "1be12fb1-1f86-489e-aeb5-ca2ce51b78bc", "Shape__Length": 1765.1307201280165, "_COUNCIL_TRACKNAME": "Coastal Track"}}, {"type": "Feature", "id": 849, "geometry": {"type": "LineString", "coordinates": [[175.268943246768, -36.9831776075024], [175.268850557148, -36.9831236196199], [175.268611226097, -36.9829537860205], [175.268376250994, -36.9828345007995], [175.268266360168, -36.9827705850701], [175.268218510342, -36.9827178664503], [175.268159810458, -36.9826413819935], [175.268166413156, -36.982496794609], [175.268146489401, -36.9824024091404], [175.26809400148, -36.9823448132392], [175.268002140511, -36.982288032977], [175.267899175457, -36.9822359981556], [175.267829523463, -36.982169735722], [175.267738109807, -36.9821264924702], [175.267685176068, -36.9820761869901], [175.267617859918, -36.9820609625771], [175.267535629594, -36.9820625340155], [175.267397469622, -36.9820858037424], [175.267290140339, -36.9821084842069], [175.267182455077, -36.9821187972273], [175.267037683669, -36.9820926782377], [175.266884970793, -36.9820177639478]]}, "properties": {"OBJECTID": 849, "TRACKNAME": "Coastal Walk", "CONDITIONSOFUSE": "Tapapakanga Regional Park", "STATUS": "Temp Closed", "WEBLINK": "https://www.aucklandcouncil.govt.nz/en/parks-recreation/find-park-beach/park-detail/227.html", "VALIDATIONSTATE": 3, "created_user": "AC_owner", "last_edited_user": "AC_owner", "last_edited_date": 1789875254325, "created_date": 1789875254325, "PARK_SAPSITEID": null, "TRACK_ID": null, "KAURIDIEBACK_TRACK": null, "KAURIDIEBACK_MITIGATED": null, "SegmentID": null, "GlobalID": "09b77c3e-021f-413e-80a5-aaa25668dbb1", "Shape__Length": 249.6529350518916, "_COUNCIL_TRACKNAME": "Coastal Walk"}}, {"type": "Feature", "id": 1556, "geometry": {"type": "LineString", "coordinates": [[175.266882162824, -36.9820132392468], [175.266801893402, -36.9818840645525], [175.266753725305, -36.9817857481843], [175.266740142814, -36.9817138085821], [175.266692120077, -36.9816200046653], [175.266625772366, -36.9814814432494], [175.266485009359, -36.981303792055], [175.266397190927, -36.9811972834647], [175.266320599058, -36.9810905243338], [175.266161848087, -36.9809112155088], [175.26603364721, -36.980762740601], [175.265919430445, -36.980645235811], [175.265818712301, -36.9805431008132], [175.265783901763, -36.980470863447], [175.265760411928, -36.9803462726213], [175.265660025476, -36.9802545405741], [175.265581791894, -36.9802457420463], [175.265426661501, -36.9802698021071], [175.265233424888, -36.980320698625], [175.265066321279, -36.9803762691618], [175.264971128182, -36.9804459953974], [175.264851800751, -36.9805735377386], [175.264750791751, -36.9806642207139], [175.264711337955, -36.9806494091448], [175.264577998667, -36.9805427224899], [175.26445146908, -36.9804463241718], [175.264317965197, -36.9803344401405], [175.264269338328, -36.9802364198337], [175.2642501532, -36.980043990564], [175.264314873673, -36.9798341973455], [175.264294860452, -36.9796157287406], [175.264183128555, -36.9793730993149], [175.264111042679, -36.9793537550325], [175.264020163212, -36.9793556332193], [175.263942604106, -36.979367657622], [175.26381344219, -36.9793911840485], [175.263619036114, -36.9794056176339], [175.263443435255, -36.9793988372706], [175.26336452894, -36.9793691951671], [175.263337722577, -36.9793436873836], [175.263225863786, -36.9792991001131], [175.263181268909, -36.9793260869145], [175.263169792074, -36.9793732248869], [175.263131001207, -36.9793792370331], [175.263072246778, -36.9793700292681], [175.263035938261, -36.979250918549], [175.263032428066, -36.9791415466892], [175.263063217183, -36.9790887861256], [175.263113473526, -36.9790356362523], [175.263183208013, -36.9789820878244], [175.263182037798, -36.9789456275378], [175.26314874266, -36.9789202524766], [175.263096974304, -36.9789265391555], [175.263006426509, -36.9789388376967], [175.262941856844, -36.978950595693], [175.262857466774, -36.9789523402126], [175.262746944295, -36.9789494188269], [175.262676039809, -36.9789665157156], [175.262604296525, -36.9789575734119], [175.262439996753, -36.9788984297178], [175.262366422248, -36.978832211677], [175.262244070197, -36.9786627570086], [175.26222388698, -36.9784390909522], [175.262207025768, -36.9781163231447], [175.262156694359, -36.9777629920962], [175.262152181348, -36.9776223658931], [175.26211106346, -36.9775554658283], [175.261951932507, -36.9774545310113], [175.26161385181, -36.9772426380086], [175.261448056448, -36.9771366202789], [175.261332848597, -36.9769878653242], [175.26124580297, -36.9769062845657], [175.261170212863, -36.9767775663383], [175.261122100253, -36.9766951805121], [175.261081137902, -36.9766334863266], [175.261033532978, -36.9765667274881], [175.260953968922, -36.9765162503115], [175.260882051553, -36.9765021010121], [175.26083696089, -36.9765134506613], [175.260707802622, -36.9765369735857], [175.260599375045, -36.9765466457704], [175.260538316614, -36.9765684385693], [175.26049804703, -36.9765980817686], [175.260442374549, -36.9766280273778], [175.260362090591, -36.9766955642965], [175.26026015239, -36.9767263910971], [175.260132526932, -36.9767576980512], [175.259968786453, -36.9767855739692], [175.259830344613, -36.9767987010783]]}, "properties": {"OBJECTID": 1556, "TRACKNAME": "Coastal Walk", "CONDITIONSOFUSE": "Tapapakanga Regional Park", "STATUS": "Open", "WEBLINK": "https://www.aucklandcouncil.govt.nz/en/parks-recreation/find-park-beach/park-detail/227.html", "VALIDATIONSTATE": 3, "created_user": "AC_owner", "last_edited_user": "AC_owner", "last_edited_date": 1789875254325, "created_date": 1789875254325, "PARK_SAPSITEID": null, "TRACK_ID": null, "KAURIDIEBACK_TRACK": null, "KAURIDIEBACK_MITIGATED": null, "SegmentID": null, "GlobalID": "a1481e3a-cf42-45bf-b782-1a8e4233c802", "Shape__Length": 1139.6317653112994, "_COUNCIL_TRACKNAME": "Coastal Walk"}}, {"type": "Feature", "id": 417, "geometry": {"type": "LineString", "coordinates": [[174.477214686425, -36.9854891598115], [174.477064856189, -36.9854891172239], [174.476657905395, -36.9854751018011], [174.476417295122, -36.9854074913974], [174.476135083421, -36.9853431822071], [174.475988266453, -36.9852759574364]]}, "properties": {"OBJECTID": 417, "TRACKNAME": "Comans Track", "CONDITIONSOFUSE": "Waitakere West Regional Park", "STATUS": "Open", "WEBLINK": "https://www.aucklandcouncil.govt.nz/en/parks-recreation/find-park-beach/park-detail/3451.html", "VALIDATIONSTATE": 3, "created_user": "AC_owner", "last_edited_user": "AC_owner", "last_edited_date": 1789875254325, "created_date": 1789875254325, "PARK_SAPSITEID": null, "TRACK_ID": null, "KAURIDIEBACK_TRACK": null, "KAURIDIEBACK_MITIGATED": null, "SegmentID": null, "GlobalID": "0636339f-0257-4c59-a740-7af23c089f18", "Shape__Length": 113.44790907030306, "_COUNCIL_TRACKNAME": "Comans Track"}}, {"type": "Feature", "id": 2284, "geometry": {"type": "LineString", "coordinates": [[174.473209351122, -36.9755468200971], [174.473146574827, -36.9755795741689], [174.473086756354, -36.9756252585172], [174.473045593716, -36.9756648885162], [174.47303028037, -36.9756963107953], [174.473021641877, -36.9757913405883], [174.473047150606, -36.9760026461603], [174.472967038541, -36.9762835767577], [174.472902643891, -36.9766274978409], [174.472915664651, -36.9766764515637], [174.473033964191, -36.976826809212], [174.473072338914, -36.976891366354], [174.473117301082, -36.976988759519], [174.473115350582, -36.9770356005376], [174.473080344841, -36.9770980127113], [174.472962118448, -36.977255686123], [174.472868632653, -36.9773266477417], [174.472762108477, -36.9773786441319], [174.472674921372, -36.9775018786307], [174.472638251104, -36.9775863767002], [174.472632101701, -36.9777202333342], [174.472599400036, -36.9778934844645], [174.472539110055, -36.9779952572129], [174.472526192521, -36.9780361861234], [174.472511604497, -36.9781822256972], [174.472508648962, -36.9784555827327], [174.472492412247, -36.9785312372694], [174.472290672097, -36.9789144304988], [174.47213404121, -36.9790359840902], [174.471916812106, -36.9792370140044], [174.471804118517, -36.9794990586007], [174.471806735065, -36.9795415704962], [174.47187713885, -36.9797115688949], [174.471942120825, -36.9799156158671], [174.472024955911, -36.9803791601243], [174.472046631258, -36.9804539478078], [174.472085821098, -36.9805345123334], [174.472200651374, -36.9806981637412], [174.472261607192, -36.9808185418421], [174.472260620172, -36.9808792608756], [174.472192229408, -36.9812511010971], [174.472160465939, -36.9812935796912], [174.472061862773, -36.9813482263904], [174.472025229967, -36.9813549091245], [174.471831262072, -36.9813500675513], [174.471720566764, -36.9813899914253], [174.471636803429, -36.9814328982995], [174.471560611795, -36.9814961811936], [174.471515737588, -36.98154688936], [174.471267540973, -36.9818549602736], [174.471245630645, -36.9818928006637], [174.471243871197, -36.981919286486], [174.471263843872, -36.9819430151701], [174.47134679233, -36.9819977632931], [174.471390139863, -36.9820550213283], [174.471403378596, -36.9821345376864], [174.471382726933, -36.9822435611446], [174.47140994387, -36.9823074007784], [174.47146975157, -36.9823920814956], [174.471703486328, -36.982655401087], [174.471738679704, -36.9826812754889], [174.471775284497, -36.9826940986743], [174.472126556356, -36.9827545864767], [174.472160529118, -36.9827724988309], [174.472205653794, -36.9828198916293], [174.472243978505, -36.9828811415757], [174.47227598371, -36.9830196535748], [174.47228073257, -36.9830789223544], [174.472252690482, -36.9831361371533], [174.472273177945, -36.9831638072395], [174.47230063153, -36.9831739946148], [174.47233529721, -36.9831532298669], [174.472471661963, -36.9830045891024], [174.472512391346, -36.9829475143036], [174.472511237548, -36.9828975660904], [174.472424461809, -36.9825994623265], [174.472431073258, -36.9825769904618], [174.472449372488, -36.9825587542271], [174.472488688939, -36.9825350563935], [174.472511891617, -36.9825304780571], [174.472532947233, -36.9825409971362], [174.472564746533, -36.9825743856948], [174.472627404377, -36.9826681251989], [174.472667732963, -36.9827965917934], [174.472668406518, -36.9828216232885], [174.472649444565, -36.9828777520474], [174.472656442253, -36.9828968822752], [174.472749765058, -36.9829633896436], [174.472915311574, -36.9830259270544], [174.472957212564, -36.9830488605305], [174.47298132148, -36.9830842823365], [174.473024776472, -36.9831907167502], [174.473171032463, -36.9832899623215], [174.473197049297, -36.9833147784051], [174.47321175593, -36.9833636840654], [174.473239835839, -36.9836283000272], [174.473255680161, -36.9836610391436], [174.473299044337, -36.9836654403474], [174.473506525083, -36.9836383386838], [174.473553762106, -36.9836390682383], [174.473572928289, -36.9836587864525], [174.473591236382, -36.9837493443691], [174.47360619679, -36.9837746942257], [174.473651576612, -36.9837839826994], [174.47383918867, -36.9837851865442], [174.473885469619, -36.983796338572], [174.473933633105, -36.9838182925651], [174.47414625871, -36.9839331895962], [174.474307852662, -36.984120261248], [174.474340705443, -36.9841476151235], [174.474373793537, -36.9841464109125], [174.474469173084, -36.9841080178485], [174.474520249386, -36.984110889631], [174.474748530624, -36.9841834433744], [174.474788271879, -36.9842114236101], [174.474878515698, -36.9842969321732], [174.474911744652, -36.9843152405508], [174.475146598642, -36.9843400297867], [174.475181334746, -36.9843502701931], [174.475201322523, -36.9843927192896], [174.475336077123, -36.9851062120068], [174.475352477595, -36.9851479034486], [174.475394055784, -36.9852087062649], [174.475428339632, -36.9852408823507], [174.475473524056, -36.9852615206901], [174.4756825475, -36.9852832678565], [174.475770008639, -36.98528510984], [174.475988266453, -36.9852759574364]]}, "properties": {"OBJECTID": 2284, "TRACKNAME": "Comans Track", "CONDITIONSOFUSE": "Waitakere West Regional Park", "STATUS": "Open", "WEBLINK": "https://www.aucklandcouncil.govt.nz/en/parks-recreation/find-park-beach/park-detail/3451.html", "VALIDATIONSTATE": 3, "created_user": "AC_owner", "last_edited_user": "AC_owner", "last_edited_date": 1789875254325, "created_date": 1789875254325, "PARK_SAPSITEID": null, "TRACK_ID": null, "KAURIDIEBACK_TRACK": null, "KAURIDIEBACK_MITIGATED": null, "SegmentID": null, "GlobalID": "550926f2-74ea-4b21-9de5-5eede8c8dba2", "Shape__Length": 1596.5085913155551, "_COUNCIL_TRACKNAME": "Comans Track"}}, {"type": "Feature", "id": 12181, "geometry": {"type": "LineString", "coordinates": [[174.577306729095, -37.0078765027506], [174.577306835061, -37.0078816300055], [174.57730694233, -37.0078868203373], [174.577307050717, -37.0078920647351], [174.577307160407, -37.0078973722098], [174.577307271401, -37.0079027427615], [174.577307383513, -37.0079081673792], [174.577307496928, -37.0079136550737], [174.577307611647, -37.0079192058453], [174.577307727483, -37.0079248106827], [174.577307844623, -37.0079304785972], [174.577307963066, -37.0079362095885], [174.577308082814, -37.0079420036568], [174.577308203678, -37.0079478517911], [174.57730832566, -37.0079537539913], [174.577308449132, -37.0079597282794], [174.577308573721, -37.0079657566335], [174.577308699614, -37.0079718480646], [174.577308826625, -37.0079779935615], [174.577308954939, -37.0079842021355], [174.577309084557, -37.0079904737863], [174.577309215292, -37.0079967995031], [174.577309412884, -37.0080030972908], [174.577309830351, -37.0080091578056], [174.577310467509, -37.0080149720364], [174.577311324355, -37.0080205399834], [174.577312389842, -37.0080258708067], [174.577313686254, -37.0080309551968], [174.577315202542, -37.0080358023139], [174.577316938334, -37.008040394136], [174.577318882765, -37.0080447488346], [174.577321058309, -37.0080488661108], [174.577323453542, -37.008052737103], [174.577326068465, -37.0080563618113], [174.577328891842, -37.0080597403849], [174.577331946331, -37.0080628815361], [174.577335220509, -37.0080657764032], [174.577338714377, -37.0080684249863], [174.577342428122, -37.0080708362963], [174.57734635032, -37.0080730014716], [174.57735050363, -37.0080749292243], [174.577354876443, -37.008076601682], [174.577359469318, -37.0080780458775], [174.577364215027, -37.0080792717179], [174.577368814482, -37.0080804904888], [174.577373245213, -37.008081702489], [174.577377507593, -37.0080829257404], [174.577381590011, -37.0080841423705], [174.577385492842, -37.0080853704012], [174.577389226948, -37.0080865916613], [174.57739278128, -37.0080878153111], [174.577396156023, -37.0080890503615], [174.577399373279, -37.008090278492], [174.57740239971, -37.0080915181726], [174.577405257416, -37.0080927510826], [174.577407935535, -37.0080939953933], [174.577410444929, -37.0080952329335], [174.577412785784, -37.0080964727141], [174.577414947052, -37.0080977238954], [174.577416928359, -37.0080989684557], [174.577418730078, -37.0081002244167], [174.577420363072, -37.0081014736072], [174.577421827714, -37.0081027340492], [174.577423112396, -37.00810398787], [174.577424239961, -37.0081052527929], [174.577425369575, -37.0081066168367], [174.577426546553, -37.008108097426], [174.577427782319, -37.0081097034223], [174.577429076686, -37.0081114258146], [174.577430418417, -37.0081132647523], [174.5774318077, -37.0081152292465], [174.577433255583, -37.0081173101366], [174.577434750831, -37.0081195075722], [174.577436304867, -37.0081218304148], [174.577437906267, -37.0081242698028], [174.577439555032, -37.0081268257362], [174.577441262585, -37.0081295070766], [174.577443028738, -37.0081323048131], [174.577444842256, -37.0081352190949], [174.577446703325, -37.0081382589331], [174.577448622996, -37.0081414151673], [174.577450590031, -37.0081446879469], [174.577452615668, -37.0081480771225], [174.577454688855, -37.0081515918545], [174.57745682083, -37.0081552319934], [174.577458999984, -37.0081589796668], [174.577461211728, -37.008162672826], [174.577463442592, -37.0081662034886], [174.577465692575, -37.0081695716545], [174.577467972914, -37.0081727771745], [174.577470272558, -37.0081758292088], [174.577472591322, -37.0081787187464], [174.577474929205, -37.0081814457874], [174.577477297444, -37.0081840101824], [174.577479684802, -37.0081864120807], [174.577482091465, -37.0081886604934], [174.577484517248, -37.0081907464094], [174.577486973386, -37.0081926696795], [174.577489437408, -37.0081944306022], [174.577491931971, -37.0081960378899], [174.577494445654, -37.008197482681], [174.577496989692, -37.008198764826], [174.577499541613, -37.0081998846238], [174.577502123889, -37.0082008417755], [174.577504725471, -37.0082016454416], [174.577507346172, -37.008202286611], [174.577509997228, -37.0082027651344], [174.577512624137, -37.0082031628575], [174.577515172952, -37.0082035886592], [174.577517643303, -37.0082040245175], [174.577520046796, -37.0082044883049], [174.577522372011, -37.00820497116], [174.577524618947, -37.0082054730826], [174.577526799027, -37.0082060029343], [174.577528900641, -37.0082065428427], [174.577530935399, -37.0082071106803], [174.577532891877, -37.0082076975854], [174.577534770264, -37.0082083125692], [174.577536570185, -37.0082089376095], [174.577538303249, -37.008209590579], [174.577539958035, -37.0082102626162], [174.577541534541, -37.008210953721], [174.577543044191, -37.0082116727549], [174.577544475376, -37.0082124018455], [174.577545839705, -37.0082131588654], [174.577547125754, -37.0082139349528], [174.577548333711, -37.0082147391189], [174.577549463202, -37.0082155533416], [174.577550604861, -37.0082164124698], [174.577551995201, -37.0082173403997], [174.577553634406, -37.0082183461421], [174.577555522479, -37.008219429697], [174.577557659417, -37.0082205910645], [174.577560056459, -37.0082218300951], [174.577562690945, -37.0082231380766], [174.577565585719, -37.0082245327322], [174.577568729174, -37.0082259961893], [174.577572132918, -37.0082275463205], [174.577575774106, -37.0082291654024], [174.577579675397, -37.0082308621474], [174.577583825555, -37.0082326367048], [174.577588224579, -37.0082344890745], [174.577592883706, -37.0082364191072], [174.577597780278, -37.0082384180905], [174.577602937139, -37.0082405037477], [174.577608342681, -37.0082426582062], [174.577614008511, -37.0082448993385], [174.577619923023, -37.0082472092719], [174.577626075165, -37.0082495971668], [174.577632431045, -37.0082520544603], [174.577638663516, -37.0082545224078], [174.577644727262, -37.0082569835847], [174.577650611421, -37.0082594561625], [174.577656315805, -37.0082619311303], [174.577661840414, -37.008264408488], [174.577667196486, -37.0082668880863], [174.577672384018, -37.0082693699252], [174.577677391777, -37.0082718541541], [174.57768223081, -37.0082743316127], [174.577686879019, -37.0082768206218], [174.577691369926, -37.0082793117221], [174.577695681058, -37.0082818052126], [174.577699812416, -37.0082843010932], [174.577703775235, -37.0082867992145], [174.57770755828, -37.008289299726], [174.577711161363, -37.0082917936167], [174.577714596095, -37.0082942987592], [174.577717862288, -37.0082968061425], [174.577720948706, -37.0082993159161], [174.577723855349, -37.0083018280799], [174.577726593268, -37.0083043334736], [174.577729294684, -37.0083067041505], [174.577731992189, -37.0083088855966], [174.577734686155, -37.0083108958338], [174.577737365159, -37.0083127260005], [174.577740051673, -37.0083143757979], [174.577742734276, -37.0083158363645], [174.577745402103, -37.0083171258716], [174.577748077441, -37.0083182350095], [174.577750749052, -37.0083191639275], [174.577753416939, -37.0083199126256], [174.577756069677, -37.0083204722422], [174.577758730112, -37.0083208605006], [174.577761386821, -37.0083210685392], [174.577764028568, -37.0083210965072], [174.577766677639, -37.008320935095], [174.577769323171, -37.008320602474], [174.577771964977, -37.008320089633], [174.577774591821, -37.0083193967217], [174.577777225989, -37.00831851443], [174.577779856618, -37.0083174609295], [174.577782472284, -37.0083162273586], [174.577785223154, -37.0083150100167], [174.577788168389, -37.0083139523328], [174.577791319223, -37.0083130541574], [174.577794664234, -37.0083123066289], [174.577798214846, -37.0083117186089], [174.577801971057, -37.0083112900973], [174.577805932869, -37.0083110210942], [174.57781010028, -37.0083109115995], [174.577814473105, -37.0083109526022], [174.577819040294, -37.0083111532626], [174.577823813083, -37.0083115134314], [174.577828791472, -37.0083120331086], [174.577833964039, -37.0083127034324], [174.577839353442, -37.0083135331152], [174.57784493721, -37.0083145224555], [174.577850726577, -37.0083156713041], [174.577856710309, -37.0083169798103], [174.577862910691, -37.0083184386642], [174.577869305437, -37.0083200571756], [174.577875905784, -37.0083218351951], [174.577882711731, -37.0083237727226], [174.577889564485, -37.0083257997621], [174.577896215179, -37.0083278385015], [174.577902674863, -37.0083298797805], [174.577908920878, -37.008331914887], [174.577914976069, -37.0083339615443], [174.577920840249, -37.0083360107412], [174.577926490761, -37.0083380537658], [174.577931950448, -37.0083401083411], [174.577937207889, -37.0083421656057], [174.577942263083, -37.0083442255595], [174.577947115845, -37.0083462791917], [174.577951777782, -37.0083483443746], [174.577956226237, -37.0083504123964], [174.577960483495, -37.0083524739471], [174.577964549929, -37.0083545470487], [174.57796840288, -37.0083566229892], [174.57797206482, -37.0083587014697], [174.577975524328, -37.0083607736286], [174.577978781775, -37.0083628574879], [174.577981836976, -37.0083649440367], [174.577984689743, -37.0083670242641], [174.57798741817, -37.008369070091], [174.577990187629, -37.0083709260894], [174.57799303164, -37.0083725828], [174.577995950018, -37.0083740312119], [174.577998942948, -37.0083752803359], [174.578001999195, -37.0083763303216], [174.578005129995, -37.0083771810195], [174.578008323925, -37.0083778235681], [174.578011592407, -37.0083782668288], [174.578014935443, -37.0083785108017], [174.57801835303, -37.0083785554868], [174.578021833748, -37.0083783920225], [174.578025389205, -37.0083780382814], [174.578029007792, -37.0083774763908], [174.578032700932, -37.0083767152124], [174.578036468438, -37.0083757457352], [174.578040310682, -37.0083745859811], [174.578044216056, -37.0083732180776], [174.578048195983, -37.0083716508863], [174.578052239226, -37.0083698845565], [174.578056356835, -37.0083679099278], [174.57806053832, -37.0083657631936], [174.578064707822, -37.0083635805647], [174.578068854853, -37.0083613982346], [174.578072979598, -37.0083592252142], [174.578077070449, -37.0083570436309], [174.578081138827, -37.0083548623464], [174.57808518492, -37.0083526903716], [174.578089208354, -37.0083505096845], [174.57809319808, -37.0083483294455], [174.578097165334, -37.0083461495054], [174.578101110303, -37.0083439788749], [174.578105032613, -37.0083417995322], [174.57810893245, -37.0083396204882], [174.578112798767, -37.0083374509034], [174.578116642424, -37.0083352726063], [174.57812046361, -37.008333094608], [174.578124262324, -37.0083309169084], [174.578128027516, -37.008328748668], [174.578131781285, -37.008326571566], [174.578135501346, -37.0083243949121], [174.578139187886, -37.0083222277174], [174.578142863004, -37.008320051661], [174.57814639429, -37.0083179856791], [174.578149759832, -37.0083160571034], [174.57815294858, -37.0083142750944], [174.578155971771, -37.0083126395028], [174.578158817981, -37.0083111414668], [174.578161498635, -37.0083097898482], [174.578164002308, -37.0083085757853], [174.578166329188, -37.0083075082892], [174.578168490323, -37.0083065781994], [174.578170485902, -37.008305794527], [174.5781723045, -37.0083051484104], [174.578173946305, -37.0083046488606], [174.578175422553, -37.0083042957282], [174.578176721821, -37.0083040801516], [174.578177855345, -37.0083040019814], [174.578178812075, -37.008304070378], [174.578179592013, -37.0083042853414], [174.578180206392, -37.0083046467222], [174.578180654842, -37.0083051364985], [174.578180926684, -37.0083057818525], [174.578181021547, -37.0083065647624], [174.578180897282, -37.0083076209908], [174.578180510994, -37.0083090502562], [174.578179852007, -37.008310879741], [174.578178930997, -37.0083130822629], [174.578177736915, -37.0083156669823], [174.578176269948, -37.0083186429102], [174.57817455238, -37.0083220007366], [174.578172561927, -37.0083257497714], [174.578170298215, -37.0083298719927], [174.578167772852, -37.008334385273], [174.578164985654, -37.0083392806012], [174.578161925382, -37.0083445581268], [174.578158603274, -37.0083502177003], [174.57815500828, -37.0083562684822], [174.578151151449, -37.0083627013119], [174.578147021545, -37.008369516339], [174.578142629803, -37.0083767134139], [174.578137965175, -37.008384301697], [174.578133038523, -37.0083922630169], [174.57812785022, -37.0084006153955], [174.578122389029, -37.0084093589823], [174.578116773143, -37.0084182308147], [174.578111217404, -37.0084267503218], [174.578105732862, -37.008434908343], [174.578100319517, -37.0084427048784], [174.578094966321, -37.0084501490885], [174.578089684135, -37.0084572228018], [174.578084461912, -37.0084639351787], [174.578079322121, -37.0084702859205], [174.578074231243, -37.0084762844863], [174.578069222613, -37.008481912406], [174.578064273944, -37.0084871789894], [174.578059396474, -37.008492084087], [174.578054590201, -37.0084966276989], [174.578049844077, -37.0085008189855], [174.578045168965, -37.0085046397754], [174.578040553816, -37.008508099229], [174.578036021101, -37.0085111970475], [174.578031537298, -37.0085139426901], [174.578027135744, -37.0085163176866], [174.578022794152, -37.0085183313469], [174.57801852376, -37.0085199835215], [174.578014269504, -37.0085213290235], [174.578009832864, -37.0085225507623], [174.578005203163, -37.0085236759202], [174.578000357929, -37.0085247047961], [174.577995319634, -37.0085256370911], [174.577990076857, -37.0085264639436], [174.577984641204, -37.0085272032262], [174.577978989833, -37.0085278372156], [174.577973145587, -37.0085283836351], [174.577967096858, -37.0085288246119], [174.577960843832, -37.0085291691571], [174.577954386509, -37.0085294172706], [174.577947736126, -37.008529568803], [174.577940881446, -37.0085296239036], [174.577933822282, -37.0085295735614], [174.577926559009, -37.0085294357985], [174.577919102488, -37.0085291924432], [174.577911430621, -37.0085288618165], [174.577903565508, -37.0085284255974], [174.577895507333, -37.008527892797], [174.577887233627, -37.0085272637139], [174.577878778654, -37.008526564933], [174.577870383029, -37.0085260185912], [174.577862093185, -37.0085256961788], [174.577853897886, -37.0085255978453], [174.577845808182, -37.0085257144304], [174.577837835309, -37.0085260457845], [174.57782995698, -37.0085266012176], [174.577822184246, -37.0085273715693], [174.577814517294, -37.0085283658506], [174.577806955935, -37.0085295750505], [174.577799489122, -37.0085310083294], [174.577792139138, -37.0085326563776], [174.577784883514, -37.0085345194939], [174.577777744905, -37.0085366063905], [174.577770700655, -37.0085389083552], [174.577763762185, -37.0085414342496], [174.57775692931, -37.0085441750628], [174.577750202215, -37.0085471398058], [174.577743580714, -37.0085503194675], [174.577737053757, -37.0085537232085], [174.57773064363, -37.0085573417189], [174.577724339097, -37.0085611751482], [174.577718327444, -37.0085650407368], [174.577712718981, -37.0085688378699], [174.577707513708, -37.0085725665477], [174.577702700575, -37.0085762359304], [174.577698290634, -37.0085798368579], [174.577694272646, -37.0085833694795], [174.577690658036, -37.0085868426568], [174.577687446616, -37.008590247379], [174.577684627337, -37.0085935928064], [174.577682199826, -37.0085968609171], [174.577680175692, -37.0086000695836], [174.577678554936, -37.008603218806], [174.577677326135, -37.0086062997228], [174.577676500524, -37.0086093121845], [174.577676066869, -37.0086122563405], [174.57767603659, -37.0086151410524], [174.577676409503, -37.0086179573093], [174.577677174371, -37.0086207052606], [174.577678331381, -37.0086233939171], [174.577679902818, -37.0086260139692], [174.577681854974, -37.008628565865], [174.577684076421, -37.0086310961534], [174.577686399364, -37.008633643119], [174.577688812754, -37.0086362159226], [174.577691338691, -37.008638796243], [174.577693955074, -37.0086414024013], [174.577696672954, -37.0086440252369], [174.57769949233, -37.0086466647499], [174.57770241339, -37.0086493299512], [174.577705435759, -37.0086520028189], [174.577708559812, -37.0086547013749], [174.577711774311, -37.0086574257686], [174.577715101357, -37.0086601576793], [174.577718518663, -37.0086629064166], [174.577722048888, -37.0086656806929], [174.577725669374, -37.0086684717958], [174.577729391356, -37.008671279576], [174.577733215022, -37.0086741130445], [174.577737140184, -37.0086769631903], [174.577741166843, -37.0086798300133], [174.577745283763, -37.008682713663], [174.577749513415, -37.0086856138405], [174.57775375449, -37.0086885228794], [174.577757838075, -37.0086914249988], [174.57776174114, -37.0086942934644], [174.577765464242, -37.0086971553094], [174.577769018433, -37.0087000013733], [174.577772403526, -37.0087028226451], [174.577775597234, -37.0087056284347], [174.577778633266, -37.0087084182938], [174.577781477914, -37.0087111926707], [174.577784153464, -37.0087139422556], [174.577786660101, -37.0087166760595], [174.57778898659, -37.0087193942319], [174.577791132931, -37.0087220967727], [174.577793110359, -37.0087247835324], [174.57779491869, -37.0087274455003], [174.577796535635, -37.008730091986], [174.577797994905, -37.0087327225414], [174.57779926279, -37.0087353376146], [174.577800361576, -37.0087379278959], [174.57780129145, -37.0087405023963], [174.577802041176, -37.0087430612652], [174.577802633039, -37.0087455951927], [174.577803189145, -37.0087480304476], [174.577803720729, -37.0087503668804], [174.577804216557, -37.0087526046406], [174.577804687863, -37.0087547435787], [174.577805134648, -37.0087567836947], [174.577805556726, -37.0087587159776], [174.577805943232, -37.0087605585988], [174.577806316267, -37.0087622932376], [174.577806653731, -37.0087639382147], [174.577806966488, -37.0087654753588], [174.577807243487, -37.0087669138301], [174.577807507201, -37.00876825333], [174.577807735158, -37.0087694941572], [174.577807938594, -37.0087706361624], [174.577808106086, -37.0087716704839], [174.577808260479, -37.0087726148449], [174.577808378928, -37.0087734515222], [174.577808473043, -37.0087741983885], [174.57780854245, -37.0087748374217], [174.577808587336, -37.0087753776329], [174.577808608073, -37.0087758370439], [174.577808790212, -37.008776492605], [174.577809169325, -37.0087774339779], [174.577809767511, -37.0087786428418], [174.577810562484, -37.0087801285065], [174.577811565667, -37.0087818998335], [174.577812776873, -37.0087839478118], [174.577814184679, -37.0087862635799], [174.577815800696, -37.0087888650103], [174.577817624735, -37.0087917430921], [174.577819656798, -37.0087948978251], [174.577821896884, -37.0087983292095], [174.577824333944, -37.0088020464055], [174.577826978842, -37.0088060312419], [174.577829831949, -37.0088103017405], [174.577832892893, -37.0088148398793], [174.577836162048, -37.0088196636804], [174.57783962799, -37.0088247642821], [174.577843301957, -37.0088301415349], [174.577847183947, -37.0088357954389], [174.577851262911, -37.0088417351545], [174.57785556095, -37.0088479423608], [174.577859950367, -37.0088542204595], [174.577864394662, -37.0088604347341], [174.57786887136, -37.0088665854833], [174.577873403122, -37.0088726814193], [174.577877967289, -37.00887871383], [174.577882575282, -37.0088846915769], [174.577887237966, -37.0088905964886], [174.57789193324, -37.0088964468859], [174.577896672342, -37.0089022426195], [174.577901454898, -37.0089079656672], [174.577906281281, -37.0089136340512], [174.577911151304, -37.0089192387604], [174.577916053919, -37.0089247889551], [174.577921011223, -37.0089302663146], [174.577926012355, -37.0089356890104], [174.577931057313, -37.0089410570422], [174.57793613449, -37.0089463525377], [174.57794126673, -37.0089515932199], [174.577946431374, -37.0089567703767], [174.577951651082, -37.0089618927203], [174.577956903007, -37.0089669425274], [174.577962040896, -37.0089719127295], [174.577966838724, -37.0089767432383], [174.577971307727, -37.0089814339042], [174.577975425619, -37.0089859940372], [174.577979203635, -37.0089904234879], [174.577982630355, -37.0089947133948], [174.577985728435, -37.00899887247], [174.577988486453, -37.009002891852], [174.577990893174, -37.0090067716902], [174.577992971441, -37.0090105297078], [174.577994698225, -37.0090141391707], [174.577996085319, -37.0090176269625], [174.577997143587, -37.0090209749117], [174.577997850557, -37.0090241833173], [174.578001442425, -37.0090304810302], [174.578006365079, -37.009039717462], [174.578007597705, -37.0090411702646], [174.578008748827, -37.009043029757], [174.578009829682, -37.0090452957898], [174.578010817611, -37.0090479596509], [174.578011735271, -37.0090510300525], [174.578012560006, -37.0090544982823], [174.578013314474, -37.0090583730526], [174.578013987251, -37.0090626455017], [174.578014578525, -37.0090673246407], [174.578015088108, -37.0090724014585], [174.578015516188, -37.0090778849662], [174.578015874, -37.0090837750144], [174.578016160799, -37.009090035559], [174.578016613717, -37.0090961767193], [174.578017330151, -37.0091020169309], [174.578018309916, -37.0091075471825], [174.578019553383, -37.0091127854964], [174.578021059994, -37.0091177048394], [174.578022830308, -37.0091223322445], [174.578024863953, -37.0091266496898], [174.578027160927, -37.0091306571751], [174.578029721605, -37.0091343727226], [174.578032545613, -37.0091377783101], [174.578035621715, -37.0091408740872], [174.57803897257, -37.0091436687658], [174.578042575706, -37.0091461626449], [174.578046453408, -37.0091483464146], [174.57805058339, -37.0091502293846], [174.578054988125, -37.0091518112562], [174.578059644955, -37.0091530833171], [174.5780645653, -37.009154054429], [174.578069748976, -37.0091547155806], [174.578075196168, -37.0091550757831], [174.578080906877, -37.0091551350364], [174.57808652602, -37.009155114386], [174.578091754137, -37.0091552070973], [174.578096591042, -37.0091554041595], [174.578101048158, -37.009155714434], [174.578105125297, -37.0091561289101], [174.578108811225, -37.0091566477371], [174.578112117363, -37.0091572797766], [174.578115043525, -37.0091580160177], [174.578117578661, -37.0091588656208], [174.578119733821, -37.0091598194256], [174.578121497769, -37.0091608775815], [174.578122881928, -37.00916204895], [174.578123886111, -37.0091633245202], [174.578124499081, -37.0091647044415], [174.578124732262, -37.0091661975756], [174.578124574231, -37.0091677950607], [174.57812403641, -37.0091695057586], [174.578123118612, -37.0091713206582], [174.578121809789, -37.0091732489198], [174.578120120804, -37.0091752723722], [174.578118040979, -37.0091774181977], [174.578115760023, -37.0091796207788], [174.578113568955, -37.0091818221645], [174.578111467589, -37.0091840133436], [174.578109478584, -37.0091862030284], [174.57810757928, -37.0091883825066], [174.578105781101, -37.0091905606399], [174.57810408386, -37.0091927284173], [174.578102476508, -37.0091948949992], [174.578100981329, -37.0091970510757], [174.578099575853, -37.0091991969458], [174.578098271501, -37.0092013414709], [174.578097056851, -37.0092034757895], [174.578095954561, -37.0092056086139], [174.578094941974, -37.0092077312317], [174.578094030511, -37.0092098525046], [174.578093219986, -37.0092119634216], [174.578092499163, -37.0092140641322], [174.578091890701, -37.0092161633484], [174.578091372128, -37.0092182613692], [174.578090954306, -37.009220340023], [174.578090626559, -37.0092224264924], [174.578090400309, -37.0092245296389], [174.578090210376, -37.0092267584909], [174.578090057319, -37.0092291400813], [174.578089952001, -37.0092316562389], [174.578089883559, -37.0092343251349], [174.578089862856, -37.009237128598], [174.578089878843, -37.0092400757886], [174.578089931332, -37.0092431576957], [174.578090031934, -37.0092463921918], [174.578090169225, -37.0092497704155], [174.578090354256, -37.0092532832062], [174.578090575976, -37.0092569397244], [174.578090834386, -37.0092607399701], [174.578091140721, -37.0092646837938], [174.57809148356, -37.0092687623341], [174.57809187451, -37.0092729934634], [174.578092301964, -37.0092773593092], [174.578092766108, -37.0092818688825], [174.578093278177, -37.0092865220338], [174.578093826935, -37.0092913189127], [174.578094412384, -37.009296259519], [174.578095045013, -37.0093013076594], [174.578095652561, -37.0093062299448], [174.578096234096, -37.0093109813204], [174.578096778011, -37.0093155439135], [174.578097306962, -37.0093199264363], [174.578097798479, -37.0093241291877], [174.578098263797, -37.0093281520182], [174.578098703103, -37.0093320039388], [174.578099104788, -37.0093356670769], [174.578099491509, -37.0093391501448], [174.578099840796, -37.0093424534412], [174.578100164071, -37.0093455858277], [174.578100449724, -37.0093485294318], [174.578100720414, -37.0093512929656], [174.57810095367, -37.0093538767279], [174.578101160726, -37.0093562805694], [174.578101330534, -37.0093585136504], [174.578101485193, -37.0093605576501], [174.578101602417, -37.0093624218784], [174.578101693442, -37.0093641061858], [174.578101758268, -37.0093656105723], [174.578101797082, -37.009366944049], [174.578101744516, -37.0093682066332], [174.578101601503, -37.00936944338], [174.578101357179, -37.0093706724607], [174.578101011171, -37.0093718758533], [174.578100563665, -37.0093730625689], [174.578100014662, -37.0093742326074], [174.578099375212, -37.0093753768084], [174.578098623027, -37.0093765044818], [174.578097780768, -37.0093776243397], [174.578096836639, -37.0093787094986], [174.578095779962, -37.0093797871408], [174.578094632838, -37.0093808389455], [174.578093384403, -37.0093818830841], [174.578092034098, -37.0093828925237], [174.578090582481, -37.0093838942972], [174.578089040603, -37.0093848792441], [174.578087385805, -37.0093858386524], [174.578085640746, -37.0093867812342], [174.578083782953, -37.0093877072883], [174.578081834899, -37.0093886165159], [174.578079785161, -37.0093895000554]]}, "properties": {"OBJECTID": 12181, "TRACKNAME": "Con Bryan Track", "CONDITIONSOFUSE": "Waitakere South Regional Park", "STATUS": "Open", "WEBLINK": "https://www.aucklandcouncil.govt.nz/en/parks-recreation/find-park-beach/park-detail/212.html", "VALIDATIONSTATE": 3, "created_user": "AC_owner", "last_edited_user": "AC_owner", "last_edited_date": 1789875254325, "created_date": 1789875254325, "PARK_SAPSITEID": null, "TRACK_ID": null, "KAURIDIEBACK_TRACK": null, "KAURIDIEBACK_MITIGATED": null, "SegmentID": null, "GlobalID": "53d970a3-2e23-433c-b9a0-0bad270baeb6", "Shape__Length": 278.96186477276206, "_COUNCIL_TRACKNAME": "Con Bryan Track"}}, {"type": "Feature", "id": 12200, "geometry": {"type": "LineString", "coordinates": [[174.490522685922, -36.9606418589098], [174.490555123249, -36.9606237723046], [174.490630177806, -36.9605933742804], [174.491045286307, -36.9605142253033], [174.491074015151, -36.9605162657134], [174.49109801816, -36.9605281290437], [174.491206435467, -36.960620062022], [174.491230630107, -36.9606292512759], [174.491256183374, -36.9606290303487], [174.491317237597, -36.9605956782192], [174.491632802407, -36.9603726283126], [174.491658589377, -36.9603375288028], [174.491682615624, -36.9602489158203], [174.491705816889, -36.9602237169179], [174.491782322623, -36.9601808133471], [174.491889973216, -36.9601522213914], [174.491936336606, -36.9601261328689], [174.49196194179, -36.9600829954151], [174.492032577175, -36.9598757035544], [174.49213815388, -36.9596721007365], [174.492173038193, -36.9596462041705], [174.492273728106, -36.9596358888788]]}, "properties": {"OBJECTID": 12200, "TRACKNAME": "Connect Track", "CONDITIONSOFUSE": "Waitakere West Regional Park", "STATUS": "Temp Closed", "WEBLINK": "https://www.aucklandcouncil.govt.nz/en/parks-recreation/find-park-beach/park-detail/3451.html", "VALIDATIONSTATE": 3, "created_user": "AC_owner", "last_edited_user": "AC_owner", "last_edited_date": 1789875254325, "created_date": 1789875254325, "PARK_SAPSITEID": null, "TRACK_ID": null, "KAURIDIEBACK_TRACK": null, "KAURIDIEBACK_MITIGATED": null, "SegmentID": null, "GlobalID": "8426be1f-7d18-4d37-877d-9cb70507b631", "Shape__Length": 225.18947825268785, "_COUNCIL_TRACKNAME": "Connect Track"}}, {"type": "Feature", "id": 12228, "geometry": {"type": "LineString", "coordinates": [[174.488412138019, -36.9603427998441], [174.488468773183, -36.9601750670354], [174.488552428495, -36.9600499976851], [174.488613834305, -36.9599773809153], [174.488701951866, -36.9599268505906], [174.488830972725, -36.9598792504613], [174.488930701144, -36.9598643936627], [174.4893215287, -36.959839342338], [174.489584562781, -36.9598593200433], [174.48964805856, -36.9598718914676], [174.489658805847, -36.9598923239356], [174.489630045704, -36.9599293054185], [174.489529651118, -36.9600141431405], [174.489519492201, -36.9600466250572], [174.489703422547, -36.9603129479863], [174.489759832184, -36.960356808071], [174.489952648563, -36.9604117736607], [174.490064033163, -36.9604709816009], [174.490135333609, -36.960524411867], [174.490296939828, -36.9606795153407], [174.49035486737, -36.9606964584853], [174.490404974327, -36.9606976889615], [174.490452572221, -36.9606809533877], [174.490522685922, -36.9606418589098]]}, "properties": {"OBJECTID": 12228, "TRACKNAME": "Connect Track", "CONDITIONSOFUSE": "Waitakere West Regional Park", "STATUS": "Open", "WEBLINK": "https://www.aucklandcouncil.govt.nz/en/parks-recreation/find-park-beach/park-detail/3451.html", "VALIDATIONSTATE": 3, "created_user": "AC_owner", "last_edited_user": "AC_owner", "last_edited_date": 1789875254325, "created_date": 1789875254325, "PARK_SAPSITEID": null, "TRACK_ID": null, "KAURIDIEBACK_TRACK": null, "KAURIDIEBACK_MITIGATED": null, "SegmentID": null, "GlobalID": "9d7da9f6-df1b-4346-9bcb-ff924c95c056", "Shape__Length": 288.54106685395715, "_COUNCIL_TRACKNAME": "Connect Track"}}, {"type": "Feature", "id": 789, "geometry": {"type": "LineString", "coordinates": [[174.444035842857, -36.8487433222281], [174.44401308134, -36.8486717016104], [174.443983006764, -36.8485146130854], [174.443965838249, -36.8483358787351], [174.443951798153, -36.8481642543523], [174.44395432012, -36.8480735353723], [174.443959331532, -36.8479953153979], [174.443997564868, -36.8477692793024], [174.444027557736, -36.8476435863354], [174.444108690394, -36.8474097998751], [174.444156488244, -36.8472498542372], [174.444183868217, -36.8471408956382], [174.444210171156, -36.8469818421217], [174.444232593843, -36.8467798847451], [174.444289111691, -36.8464014725333], [174.444319673789, -36.846163604185], [174.444334595797, -36.846027376786], [174.444358566878, -36.845933386496], [174.444391082069, -36.8458565809386], [174.444511018219, -36.8456329950089], [174.444706410449, -36.8452580325869], [174.444812151432, -36.8450996808805], [174.444974680587, -36.8448540426257], [174.44508222495, -36.8446759644724], [174.445130659871, -36.8445798467732], [174.445174733174, -36.8444885594282], [174.445245399995, -36.8443217371158], [174.445307242485, -36.8441586095766], [174.445391508448, -36.8439683300118], [174.445446513795, -36.8438185539329], [174.445529447379, -36.8436290241977], [174.445631500819, -36.843369730789], [174.445795297265, -36.843054732407], [174.445799143808, -36.8430500768343]]}, "properties": {"OBJECTID": 789, "TRACKNAME": "Constable Road", "CONDITIONSOFUSE": null, "STATUS": "Open", "WEBLINK": null, "VALIDATIONSTATE": 3, "created_user": "AC_owner", "last_edited_user": "AC_owner", "last_edited_date": 1789875254325, "created_date": 1789875254325, "PARK_SAPSITEID": null, "TRACK_ID": null, "KAURIDIEBACK_TRACK": null, "KAURIDIEBACK_MITIGATED": null, "SegmentID": null, "GlobalID": "b092c63f-f2b2-40a6-9654-be9f580f44b9", "Shape__Length": 660.9686179425142, "_COUNCIL_TRACKNAME": "Constable Road"}}, {"type": "Feature", "id": 11988, "geometry": {"type": "LineString", "coordinates": [[175.029526928778, -36.7807486119973], [175.029529386708, -36.7807440508536], [175.029053656547, -36.7802520586773]]}, "properties": {"OBJECTID": 11988, "TRACKNAME": "Coromandel Rd to Sandy Bay", "CONDITIONSOFUSE": "Hekerua Bay Reserve", "STATUS": "Open", "WEBLINK": null, "VALIDATIONSTATE": 3, "created_user": "AC_owner", "last_edited_user": "AC_owner", "last_edited_date": 1789875254325, "created_date": 1789875254325, "PARK_SAPSITEID": null, "TRACK_ID": null, "KAURIDIEBACK_TRACK": null, "KAURIDIEBACK_MITIGATED": null, "SegmentID": null, "GlobalID": "45913dd4-aa97-4576-a81e-8ceebc27218c", "Shape__Length": 69.72127821272275, "_COUNCIL_TRACKNAME": "Coromandel Rd to Sandy Bay"}}, {"type": "Feature", "id": 12768, "geometry": {"type": "LineString", "coordinates": [[175.102817420947, -37.0608750699578], [175.102199007876, -37.0609009864869], [175.10125260559, -37.0613312894547], [175.099809507012, -37.0620165295621], [175.09933547882, -37.0622021500136], [175.098178195281, -37.0621143288516], [175.09756366262, -37.0621055097688], [175.097150756511, -37.0622801939444], [175.096929633965, -37.0627271710205], [175.096733610745, -37.0631933956333], [175.096037173191, -37.0633337058592], [175.09573568169, -37.0630928864309], [175.095275731649, -37.0624511843713], [175.094837815306, -37.0621635450791], [175.094213438197, -37.0622434951347], [175.093768823909, -37.0626058001037], [175.093448450894, -37.0630173128524]]}, "properties": {"OBJECTID": 12768, "TRACKNAME": "Cossey Access Road", "CONDITIONSOFUSE": "Hunua Ranges Regional Park", "STATUS": "Open", "WEBLINK": "https://www.aucklandcouncil.govt.nz/en/parks-recreation/find-park-beach/park-detail/213.html", "VALIDATIONSTATE": 3, "created_user": "AC_owner", "last_edited_user": "AC_owner", "last_edited_date": 1789875254325, "created_date": 1789875254325, "PARK_SAPSITEID": null, "TRACK_ID": null, "KAURIDIEBACK_TRACK": null, "KAURIDIEBACK_MITIGATED": null, "SegmentID": null, "GlobalID": "e84aeacc-ed59-45d5-9ade-3833b7a709d8", "Shape__Length": 1056.2047568409903, "_COUNCIL_TRACKNAME": "Cossey Access Road"}}, {"type": "Feature", "id": 1223, "geometry": {"type": "LineString", "coordinates": [[175.093287977255, -37.0635313961703], [175.093563579674, -37.0634199320298], [175.093778556658, -37.0633766696043], [175.094084393712, -37.0633428841396], [175.09431451789, -37.063226635395], [175.094353771833, -37.0630219366263], [175.094381516608, -37.0629012409554], [175.094433869252, -37.0629030200247], [175.094463010247, -37.0629443150662], [175.094522792778, -37.0629600190166], [175.094553963757, -37.0630684099602], [175.094634427843, -37.0631953938808], [175.094693956957, -37.0633199518497], [175.094771223753, -37.0634554622571], [175.094904991894, -37.0636121401254], [175.095043515056, -37.0636989000446], [175.095165181528, -37.0636853960923], [175.095231836838, -37.0636980959791], [175.095280283295, -37.0638005935773], [175.095406146862, -37.0639294766654], [175.095610387747, -37.0641127520084], [175.095985295461, -37.0641726262085], [175.096371080346, -37.0641289514386], [175.096623565876, -37.0640569948902], [175.096916590235, -37.0639451248049], [175.097116321624, -37.0638602260592], [175.097324988876, -37.0637158745912], [175.097377912692, -37.0637148501233], [175.097488862767, -37.0637533453615], [175.097576686688, -37.0637837795047], [175.097912025107, -37.0638682257552], [175.098154948442, -37.0638969065393], [175.098338373577, -37.0638327476358], [175.098443359653, -37.063718705427], [175.098695342318, -37.0636925287219], [175.099011830954, -37.0636011439641], [175.099289144108, -37.0635318065759], [175.099606314266, -37.0634617645854], [175.099909843415, -37.0633813283946], [175.100063599846, -37.0631864048275], [175.100318116818, -37.0632455134995], [175.10061287435, -37.0633144499336], [175.100839815572, -37.0633420582636], [175.101038004898, -37.0632955652205], [175.101300995681, -37.0631945775321], [175.101587751831, -37.0629971147206], [175.101677977107, -37.0628994603894], [175.101929272069, -37.0628519344441], [175.10208781067, -37.0628169541352], [175.102246051036, -37.0627712574436], [175.1024338177, -37.0628209118752], [175.102725061076, -37.0627726759083], [175.102880373466, -37.0626310653119], [175.102926548343, -37.0623956937479], [175.102974282824, -37.0622135503041], [175.103116634517, -37.0620828006066], [175.103390718962, -37.0619070047955], [175.103503636397, -37.0616809019163], [175.103498445166, -37.0615081041689], [175.103497877041, -37.0614891642301], [175.103256968488, -37.0611840060552], [175.102817420947, -37.0608750699578], [175.102809512269, -37.0607733887696], [175.103161440355, -37.0607704800091], [175.103396992304, -37.0606366366327], [175.103439422722, -37.0604203443698], [175.103539782217, -37.0603439554093], [175.103808263893, -37.0602475514649]]}, "properties": {"OBJECTID": 1223, "TRACKNAME": "Cossey George Track", "CONDITIONSOFUSE": "Hunua Ranges Regional Park", "STATUS": "Open", "WEBLINK": "https://www.aucklandcouncil.govt.nz/en/parks-recreation/find-park-beach/park-detail/213.html", "VALIDATIONSTATE": 3, "created_user": "AC_owner", "last_edited_user": "AC_owner", "last_edited_date": 1789875254325, "created_date": 1789875254325, "PARK_SAPSITEID": null, "TRACK_ID": null, "KAURIDIEBACK_TRACK": null, "KAURIDIEBACK_MITIGATED": null, "SegmentID": null, "GlobalID": "423b4535-2cff-4abd-9849-95cf96c3803d", "Shape__Length": 1409.2407827441261, "_COUNCIL_TRACKNAME": "Cossey George Track"}}, {"type": "Feature", "id": 2017, "geometry": {"type": "LineString", "coordinates": [[175.089966968159, -37.0667621564506], [175.090039582052, -37.0667452881641], [175.090261552659, -37.0666219807197], [175.090559479553, -37.0665359926155], [175.090719379829, -37.0664015232817], [175.090956611908, -37.0663680559554], [175.091261405114, -37.0663295193107], [175.091383467662, -37.0662018468764], [175.091463063602, -37.0660204958765], [175.091620546967, -37.0658960720501], [175.091627270271, -37.065492627337], [175.091514530008, -37.065118955239], [175.091475509233, -37.0648597703018], [175.091496987474, -37.0646391027628]]}, "properties": {"OBJECTID": 2017, "TRACKNAME": "Cosseys George Track", "CONDITIONSOFUSE": "Hunua Ranges Regional Park", "STATUS": "Open", "WEBLINK": "https://www.aucklandcouncil.govt.nz/en/parks-recreation/find-park-beach/park-detail/213.html", "VALIDATIONSTATE": 3, "created_user": "AC_owner", "last_edited_user": "AC_owner", "last_edited_date": 1789875254325, "created_date": 1789875254325, "PARK_SAPSITEID": null, "TRACK_ID": null, "KAURIDIEBACK_TRACK": null, "KAURIDIEBACK_MITIGATED": null, "SegmentID": null, "GlobalID": "8a04b39b-50e8-41b8-99e9-d7d8da1350e4", "Shape__Length": 328.22343629103466, "_COUNCIL_TRACKNAME": "Cosseys George Track"}}, {"type": "Feature", "id": 2066, "geometry": {"type": "LineString", "coordinates": [[175.091185710601, -37.0639267271634], [175.091131693009, -37.0638451759963], [175.091110488721, -37.0637081661298]]}, "properties": {"OBJECTID": 2066, "TRACKNAME": "Cosseys George Track", "CONDITIONSOFUSE": null, "STATUS": "Open", "WEBLINK": null, "VALIDATIONSTATE": 3, "created_user": "AC_owner", "last_edited_user": "AC_owner", "last_edited_date": 1789875254325, "created_date": 1789875254325, "PARK_SAPSITEID": null, "TRACK_ID": null, "KAURIDIEBACK_TRACK": null, "KAURIDIEBACK_MITIGATED": null, "SegmentID": null, "GlobalID": "208d928a-2248-491a-a1a9-da33384d2c21", "Shape__Length": 25.568858048616693, "_COUNCIL_TRACKNAME": "Cosseys George Track"}}, {"type": "Feature", "id": 2546, "geometry": {"type": "LineString", "coordinates": [[175.091496990128, -37.0646390765793], [175.091260979343, -37.0641326857874], [175.091203964439, -37.0639542850386], [175.091134269535, -37.0638490663921], [175.091110488721, -37.0637081661298], [175.091052965989, -37.0633825620886], [175.091074814511, -37.0632828507769], [175.091124043777, -37.0631689140513], [175.091227270036, -37.0631882643003], [175.091280197699, -37.0633181876681], [175.091357772578, -37.0633223433084]]}, "properties": {"OBJECTID": 2546, "TRACKNAME": "Cosseys George Walk", "CONDITIONSOFUSE": "Hunua Ranges Regional Park", "STATUS": "Open", "WEBLINK": "https://www.aucklandcouncil.govt.nz/en/parks-recreation/find-park-beach/park-detail/213.html", "VALIDATIONSTATE": 3, "created_user": "AC_owner", "last_edited_user": "AC_owner", "last_edited_date": 1789875254325, "created_date": 1789875254325, "PARK_SAPSITEID": null, "TRACK_ID": null, "KAURIDIEBACK_TRACK": null, "KAURIDIEBACK_MITIGATED": null, "SegmentID": null, "GlobalID": "d22a004e-65bf-4e90-865b-8c5895babf3f", "Shape__Length": 202.05587656335328, "_COUNCIL_TRACKNAME": "Cosseys George Walk"}}, {"type": "Feature", "id": 2582, "geometry": {"type": "LineString", "coordinates": [[175.091357772578, -37.0633223433084], [175.091460915177, -37.0633278684792], [175.091521227644, -37.0635120872168], [175.091557900881, -37.0636930367197], [175.091534769699, -37.0639875283331], [175.09162708006, -37.064235253662], [175.091837719101, -37.0644958344071], [175.092099561069, -37.0646785070373], [175.092412155452, -37.0647758977962], [175.092591552908, -37.064819877121], [175.092813121357, -37.0647757520151], [175.092950816068, -37.0647390436754], [175.093146609743, -37.0647273733039], [175.093202428392, -37.0646835660076], [175.093206905646, -37.0646417141368], [175.093179346895, -37.0645898595573], [175.093130174977, -37.0645477894306], [175.092947758893, -37.0644229403173], [175.092947761141, -37.0644229402776], [175.092807647976, -37.0643219947837], [175.092741517773, -37.064274350247], [175.092768672244, -37.0642737393907], [175.092857054453, -37.064271744106], [175.092722907789, -37.0641234884159], [175.09272288811, -37.0641234680341], [175.092763625359, -37.0641182958728], [175.092814288739, -37.0641118588667], [175.09281427573, -37.0641118356633], [175.092814319446, -37.0641118303854], [175.092778131643, -37.064044090857], [175.092756887504, -37.0640043224667], [175.092756901449, -37.0640042978864], [175.092775880667, -37.0639709837327], [175.092802189112, -37.0639248206289], [175.092844460482, -37.0638505833869], [175.0928444798, -37.063850549699], [175.092890943013, -37.0638052989157], [175.092944545286, -37.0637530904947], [175.092949735579, -37.063752317521], [175.093042191023, -37.0637385950193], [175.093287945762, -37.0635314778404], [175.093287977255, -37.0635313961703]]}, "properties": {"OBJECTID": 2582, "TRACKNAME": "Cosseys George Walk", "CONDITIONSOFUSE": "Hunua Ranges Regional Park", "STATUS": "Open", "WEBLINK": "https://www.aucklandcouncil.govt.nz/en/parks-recreation/find-park-beach/park-detail/213.html", "VALIDATIONSTATE": 3, "created_user": "AC_owner", "last_edited_user": "AC_owner", "last_edited_date": 1789875254325, "created_date": 1789875254325, "PARK_SAPSITEID": null, "TRACK_ID": null, "KAURIDIEBACK_TRACK": null, "KAURIDIEBACK_MITIGATED": null, "SegmentID": null, "GlobalID": "5721e3fb-c42e-417c-8084-17f0d2dadf50", "Shape__Length": 470.05299783821994, "_COUNCIL_TRACKNAME": "Cosseys George Walk"}}, {"type": "Feature", "id": 659, "geometry": {"type": "LineString", "coordinates": [[174.71204000151, -36.5373273988479], [174.71204000167, -36.5372649988736], [174.712003338316, -36.5371716630775], [174.711973333591, -36.5371133319795], [174.711903332081, -36.5370683299151], [174.711759996452, -36.5369933366653], [174.711684999535, -36.5369700036167], [174.711653335099, -36.5369600020254], [174.711569994655, -36.5369599996112], [174.711556663642, -36.5369516637887], [174.711575001045, -36.536915002207], [174.711581661128, -36.5368933362105], [174.711633337619, -36.5368433330971], [174.711633336499, -36.5367966678864], [174.711635000256, -36.5367733339225], [174.711621670879, -36.5367600043541], [174.711581663941, -36.5367450025835], [174.711500000727, -36.5367400003382], [174.711469997781, -36.53673999836], [174.711411665846, -36.5367333360838], [174.71134500431, -36.5367399987803], [174.711260001312, -36.536734999239], [174.711229998196, -36.5367233331487], [174.711163330523, -36.5367383337375], [174.711098328535, -36.5367366706279], [174.711068336607, -36.536725004336], [174.711061666188, -36.5367183305879], [174.711066668465, -36.5366999965305], [174.711081663652, -36.5366966715132], [174.71108667255, -36.5366933365767], [174.711105002646, -36.5366933349133], [174.711125000046, -36.5366833308727], [174.711144999082, -36.5366683330757], [174.711186666388, -36.5366466694481], [174.71124833428, -36.5366166692807], [174.711275000258, -36.5366066686547], [174.711343328961, -36.5365900036233], [174.71133166874, -36.5365849969822], [174.711290004397, -36.53658500009], [174.71124499665, -36.5365716654518], [174.711166665339, -36.5365566637493], [174.711141671701, -36.5365649998102], [174.711079995389, -36.5365733305016], [174.710994999192, -36.5365833298883], [174.710975002995, -36.5365650030365], [174.710954996771, -36.5365300005123], [174.71093166518, -36.5364966682159], [174.710903329413, -36.5364633356132], [174.710893328834, -36.5364500032619], [174.710871663392, -36.5364349994521], [174.710839999056, -36.5364016695278], [174.710820002335, -36.5363599965171], [174.710784998372, -36.5363383334845], [174.710718331287, -36.5362550005956], [174.710661666845, -36.536226662504], [174.710609995655, -36.5361983338696], [174.710573333876, -36.5361800026793], [174.710536667142, -36.5361533336411], [174.710505006038, -36.536109998088], [174.710475003169, -36.5360750036855], [174.710458338808, -36.5360466685233], [174.710416665865, -36.5359549995305], [174.710379996032, -36.5359149988472], [174.7103366685, -36.5358166652044], [174.710333331678, -36.5357833343975], [174.710320002418, -36.5357350034888], [174.710293332873, -36.535684998054], [174.710205002858, -36.5354766635997], [174.710131662403, -36.5354016648335], [174.710089995294, -36.5353649987825], [174.710061663544, -36.5353216694301], [174.710023337768, -36.5352799977545], [174.709928334583, -36.5352200023001], [174.709851667615, -36.5351866684961], [174.709708329099, -36.5352416629978], [174.70967667208, -36.5352583330576], [174.709644995766, -36.5352999990866], [174.709629997768, -36.5353600037188], [174.709618332996, -36.5354283345186], [174.709563330348, -36.5355266632148], [174.709471663201, -36.5356166658788], [174.709386665976, -36.5356783321211], [174.709358330857, -36.5357150015097], [174.709331671243, -36.5357166637066], [174.709286669276, -36.535700002084], [174.709290003206, -36.5356266708228], [174.709308330168, -36.5355783366497], [174.709281663151, -36.5355000000773], [174.709313338286, -36.5354166626384], [174.709316667116, -36.5353933318645], [174.70931666435, -36.5353333350085], [174.70930500476, -36.535281662901], [174.70930500044, -36.5352266688122], [174.709305005266, -36.5351999964446], [174.709306671344, -36.5351833327944], [174.709293335979, -36.5351899959967], [174.70925667, -36.5352100008082], [174.709236662984, -36.5352266659879], [174.709253334547, -36.5352649977069], [174.709241668238, -36.5352916659881], [174.709220004612, -36.5353533345587], [174.709171670566, -36.5353933373199], [174.709115005024, -36.535451667686], [174.709091665699, -36.5355133332126], [174.709088328866, -36.5355500047514], [174.709041661854, -36.5356033332344], [174.709040003717, -36.5356300022586], [174.709013334226, -36.5356616629736], [174.708981662522, -36.5356766654799], [174.708960002121, -36.5357050003453], [174.708901670771, -36.5357333380129], [174.708880005723, -36.5357416709607], [174.708849998351, -36.5357450035455], [174.708815002975, -36.5357333362772], [174.70880499847, -36.5356766646951], [174.708813337989, -36.535656669395], [174.708796662952, -36.5356399982036], [174.708748331185, -36.535593331566], [174.708744995268, -36.5355483366317], [174.708716664653, -36.5354583326652], [174.70866666911, -36.5353883346717], [174.708634997964, -36.5353566628055], [174.708620001153, -36.5352766625119], [174.7085816705, -36.5351966630837], [174.708518337141, -36.5351083324728], [174.708535000884, -36.5350133299407], [174.708498329982, -36.5350366697559], [174.708459999538, -36.5350449980577], [174.708415004568, -36.5350199980855], [174.708401669682, -36.5350033330574], [174.708365000714, -36.5349983329188], [174.708310002038, -36.5349933339947], [174.708271668613, -36.5350000037103], [174.708231670802, -36.535006670218], [174.708144997652, -36.5349149961004]]}, "properties": {"OBJECTID": 659, "TRACKNAME": "Couldrey House Track", "CONDITIONSOFUSE": "Wenderholm Regional Park", "STATUS": "Open", "WEBLINK": "https://www.aucklandcouncil.govt.nz/en/parks-recreation/find-park-beach/park-detail/3411.html", "VALIDATIONSTATE": 3, "created_user": "AC_owner", "last_edited_user": "AC_owner", "last_edited_date": 1789875254325, "created_date": 1789875254325, "PARK_SAPSITEID": null, "TRACK_ID": null, "KAURIDIEBACK_TRACK": null, "KAURIDIEBACK_MITIGATED": null, "SegmentID": null, "GlobalID": "9738ab27-7e0c-4c06-a1df-cb7bf9694305", "Shape__Length": 753.8682907896, "_COUNCIL_TRACKNAME": "Couldrey House Track"}}, {"type": "Feature", "id": 871, "geometry": {"type": "LineString", "coordinates": [[174.714838333155, -36.5385000037041], [174.714811669916, -36.5384833328252], [174.714778336422, -36.5384883372617], [174.714736665174, -36.5384966705716], [174.714663330219, -36.538473333556], [174.714511667361, -36.5383983372617], [174.714236661996, -36.5383516693744], [174.714003333992, -36.5382883298212], [174.713816670343, -36.5382050021383], [174.713608338641, -36.5381000005774], [174.713554999227, -36.5380766639183], [174.713440006087, -36.5379483354868], [174.713430005745, -36.5378899967157], [174.713236663317, -36.5377266661422], [174.71318166416, -36.5376883359229], [174.713081666292, -36.5376816692464], [174.712988327737, -36.5376816672681], [174.712873332426, -36.5376600003495], [174.712725000612, -36.5376416696417], [174.712670004835, -36.5376049977], [174.7123783298, -36.5375200032539], [174.712288338149, -36.5374833379911], [174.71228166756, -36.5374766643166], [174.712163338285, -36.5374233335119], [174.712080000598, -36.5373733310398], [174.712040001956, -36.537328330884], [174.71204000151, -36.5373273988479]]}, "properties": {"OBJECTID": 871, "TRACKNAME": "Couldrey House Track", "CONDITIONSOFUSE": "Wenderholm Regional Park", "STATUS": "Open", "WEBLINK": "https://www.aucklandcouncil.govt.nz/en/parks-recreation/find-park-beach/park-detail/3411.html", "VALIDATIONSTATE": 3, "created_user": "AC_owner", "last_edited_user": "AC_owner", "last_edited_date": 1789875254325, "created_date": 1789875254325, "PARK_SAPSITEID": null, "TRACK_ID": null, "KAURIDIEBACK_TRACK": null, "KAURIDIEBACK_MITIGATED": null, "SegmentID": null, "GlobalID": "fd1db995-32f7-4706-a7bf-6eb135732aa9", "Shape__Length": 295.4544035694072, "_COUNCIL_TRACKNAME": "Couldrey House Track"}}, {"type": "Feature", "id": 1392, "geometry": {"type": "LineString", "coordinates": [[174.709581664838, -36.5344133298867], [174.709636671342, -36.5343583312141], [174.709719996449, -36.534281671525], [174.709784996424, -36.5342016689853], [174.709929995625, -36.5341516713636], [174.710038328998, -36.5341099965233], [174.710070001463, -36.5340433347416], [174.710083336267, -36.5339783331295], [174.710088330573, -36.5339033374817], [174.71019166502, -36.5336433350231], [174.710281669429, -36.5335150012758], [174.71044333664, -36.533426670964], [174.710571665212, -36.5333399995719], [174.710681335699, -36.5331578044166]]}, "properties": {"OBJECTID": 1392, "TRACKNAME": "Couldrey House Track", "CONDITIONSOFUSE": "Wenderholm Regional Park", "STATUS": "Open", "WEBLINK": "https://www.aucklandcouncil.govt.nz/en/parks-recreation/find-park-beach/park-detail/3411.html", "VALIDATIONSTATE": 3, "created_user": "AC_owner", "last_edited_user": "AC_owner", "last_edited_date": 1789875254325, "created_date": 1789875254325, "PARK_SAPSITEID": null, "TRACK_ID": null, "KAURIDIEBACK_TRACK": null, "KAURIDIEBACK_MITIGATED": null, "SegmentID": null, "GlobalID": "f6e0e7a4-6c31-4bfe-b27c-a627d9d04b43", "Shape__Length": 179.80098798570782, "_COUNCIL_TRACKNAME": "Couldrey House Track"}}, {"type": "Feature", "id": 2098, "geometry": {"type": "LineString", "coordinates": [[174.515656052095, -36.968001749572], [174.515656099876, -36.967979800852], [174.515629004394, -36.967948590194], [174.5155737348, -36.9679190101524], [174.515531797705, -36.9679069265239], [174.515507837539, -36.967922231042], [174.515458862958, -36.9680112796632], [174.515426671759, -36.9680414625302], [174.515368693405, -36.9680491972134], [174.515241676474, -36.9680422286095], [174.515214249789, -36.9680328349903], [174.515183260555, -36.9680097591268], [174.514970965173, -36.9678000902349], [174.514939109644, -36.9678013079955], [174.514830298846, -36.9678497205068], [174.514789140192, -36.9678525351729], [174.514483108253, -36.9678022861947], [174.51438609678, -36.9677704348959], [174.514340595911, -36.9677264430969], [174.514306762087, -36.9676754340878], [174.514282003436, -36.9674882850704], [174.51422605991, -36.967365674608], [174.51401484616, -36.9671292918584], [174.513894565597, -36.9670517405076], [174.513807691421, -36.967014414375], [174.513686409246, -36.9669038497454]]}, "properties": {"OBJECTID": 2098, "TRACKNAME": "Cowan Track", "CONDITIONSOFUSE": "Waitakere West Regional Park", "STATUS": "Temp Closed", "WEBLINK": "https://www.aucklandcouncil.govt.nz/en/parks-recreation/find-park-beach/park-detail/3451.html", "VALIDATIONSTATE": 3, "created_user": "AC_owner", "last_edited_user": "AC_owner", "last_edited_date": 1789875254325, "created_date": 1789875254325, "PARK_SAPSITEID": null, "TRACK_ID": null, "KAURIDIEBACK_TRACK": null, "KAURIDIEBACK_MITIGATED": null, "SegmentID": null, "GlobalID": "ff1012f0-937b-4c7c-b753-021e20320c51", "Shape__Length": 261.4264858460134, "_COUNCIL_TRACKNAME": "Cowan Track"}}, {"type": "Feature", "id": 3248, "geometry": {"type": "LineString", "coordinates": [[174.563313046167, -36.9518172983838], [174.563257181738, -36.9518649053923], [174.5632286548, -36.951876565081], [174.563203929502, -36.9518415250078], [174.563141058929, -36.9516757613728], [174.563139312744, -36.9516673638909], [174.563087705204, -36.9516438356079], [174.562950297748, -36.9516291154828], [174.56292341, -36.9516360232006], [174.562894008091, -36.9516585574753], [174.562701787813, -36.9518722430464], [174.562682717461, -36.9519637816332], [174.562683277266, -36.9520321241251], [174.562814832425, -36.9524730026732], [174.562777271712, -36.9526076865175], [174.562762587187, -36.9527352892326], [174.562775330434, -36.9527937439079], [174.562843182532, -36.9529854111084], [174.562834425981, -36.9530065775517], [174.562774827652, -36.9530625025299], [174.562759394857, -36.9530874884619], [174.562771196644, -36.953114764092], [174.562842573358, -36.9531920730822], [174.562862837376, -36.9532297741634], [174.56283749868, -36.9534001593862], [174.562814497951, -36.9536898957505], [174.562836062084, -36.9537991194574], [174.562884013285, -36.9538573323737], [174.562841885468, -36.9538718282133], [174.562501517234, -36.9539300560876], [174.562463630339, -36.9539437920206], [174.562443467309, -36.9539615490927], [174.562351802789, -36.9540990792082], [174.562331388587, -36.9541469286394], [174.56234845729, -36.9545550706455], [174.562341933413, -36.9546121438369], [174.562307754373, -36.9546377387445], [174.562137616889, -36.9546980338551], [174.562077919125, -36.9547459900043], [174.561966557553, -36.9548624916532], [174.561806681886, -36.9550816261717], [174.561595944376, -36.9553284647663], [174.56158024736, -36.9553637060445], [174.561617329751, -36.9554090855939], [174.561743046571, -36.9555045377007], [174.561800425466, -36.9555086357907], [174.561912278044, -36.9554853956563], [174.562104855781, -36.9554085235022], [174.562272548416, -36.9553277655675], [174.562445358603, -36.9552323786422], [174.562501814828, -36.9551902868305], [174.562690065106, -36.9550126296823], [174.562726516507, -36.9549933124444], [174.562763789319, -36.9550119900599], [174.562953245956, -36.9551764983983], [174.562989355049, -36.9551873034949], [174.563066069164, -36.955188311659], [174.563087680525, -36.9551972245641], [174.563111699406, -36.9552408936004], [174.563202710949, -36.9555062695073], [174.563231457061, -36.9556681008138], [174.563172524974, -36.956262470965], [174.563273113065, -36.9565157164123], [174.563353415444, -36.9566125624492], [174.563368200663, -36.9567133150851], [174.563362149357, -36.9567621040337], [174.563316679567, -36.9567839486458], [174.563111213848, -36.9568186287424], [174.562828978952, -36.9568330480001], [174.562785133983, -36.9568443882536], [174.562769543275, -36.9568694312413], [174.562746017291, -36.9569689792892], [174.562691590316, -36.9571274527979], [174.562671700325, -36.9571531661864], [174.562608194428, -36.9571764890986], [174.562591475265, -36.957191660846], [174.562516829252, -36.9573698868046], [174.562484119363, -36.9574211528685], [174.562430582957, -36.9574330748269], [174.562180147231, -36.9574231142231], [174.562112307628, -36.9574420844655], [174.561937973284, -36.9575473518124], [174.561889217043, -36.957592822194], [174.561751163381, -36.9578253809325], [174.561724798151, -36.9579692217948], [174.561704958648, -36.9580029320887], [174.561649411622, -36.9580249356723], [174.561283164407, -36.9581263465703], [174.561241130521, -36.9581325905142], [174.56112818118, -36.9581325137769], [174.561089069674, -36.9581417243586], [174.560972674833, -36.9581970657701], [174.560934077163, -36.9582607709239], [174.560906078686, -36.9582725916756], [174.560726694234, -36.9582678059268], [174.560597069492, -36.9582473924868], [174.560556887923, -36.9582344481138], [174.560553379061, -36.9582257492833], [174.560564346626, -36.9582081323319], [174.560661595805, -36.9581111678161], [174.560670236118, -36.9580896434251], [174.560664193464, -36.9580633401756], [174.560631761592, -36.958033436793], [174.560415227641, -36.957911689537], [174.560371411869, -36.9578755270667], [174.560249978491, -36.9575546196945], [174.560165460497, -36.9574121471209], [174.560129664837, -36.9573763334407], [174.56008220222, -36.9573747749671], [174.559898447219, -36.9574066422335], [174.559846886337, -36.9574077334195], [174.559800851423, -36.9573878504351], [174.559608710932, -36.9572649420048], [174.559550308691, -36.9572510946247], [174.559393228155, -36.9572671326128], [174.559368653453, -36.9572767096231], [174.559331275096, -36.9573106435916], [174.559304278014, -36.9573206751416], [174.55913348244, -36.9573533471804], [174.559025404162, -36.9573654962519], [174.558999481102, -36.9573757651074], [174.558923303428, -36.9574776361939], [174.558887029461, -36.9575561672428], [174.558843425507, -36.9577174894436], [174.558826192297, -36.9578993696225], [174.558814573639, -36.9579396081881], [174.558773626072, -36.9579795296856], [174.558542251289, -36.9581504647937], [174.558373193416, -36.958261061317], [174.558349120214, -36.9583779803417], [174.558252232303, -36.9586605860502], [174.558218587615, -36.9586927698071], [174.558064787655, -36.9587911902156], [174.557966523785, -36.9588643043519], [174.557933723415, -36.958899459536], [174.557913047492, -36.9589392336938], [174.557910727554, -36.9589711757473], [174.557927209418, -36.9590022806795], [174.558192846919, -36.9593455163461], [174.558239500048, -36.9593954177955], [174.55835030055, -36.959482843425], [174.55837064243, -36.9595099478798], [174.558366191001, -36.9595487294637], [174.55832180651, -36.9596565400793], [174.558268684248, -36.9597387082231], [174.558247670141, -36.9597526332824], [174.558209355925, -36.9597561620293], [174.557948825527, -36.9597206769815], [174.557390488065, -36.959502713407], [174.557306824282, -36.9594906430067], [174.557182797594, -36.9594925186671], [174.557159555592, -36.9595050414047], [174.55713528425, -36.9595319335369], [174.557031990045, -36.9596908084141], [174.556979561684, -36.9598476018777], [174.556919558516, -36.9599728020779], [174.556891711185, -36.9600067229618], [174.556844692074, -36.9600208445934], [174.556527399478, -36.9600576774745], [174.556455123087, -36.9600738453851], [174.556217734764, -36.9601946349069], [174.556055448332, -36.9602985919565], [174.556023447056, -36.9603277186926], [174.556024253675, -36.9603542161011], [174.556052200142, -36.9603972681238], [174.556295469454, -36.9606822545084], [174.556303819623, -36.9607321468649], [174.556289308351, -36.9609511674011], [174.556295011997, -36.9610022049206], [174.556316890905, -36.9610292372962], [174.556423192917, -36.9611039036896], [174.556485755384, -36.961184489406], [174.556519339691, -36.9612583180973], [174.556544821694, -36.9613884958154], [174.556562996763, -36.9614132268704], [174.556610141708, -36.9614471657913], [174.556741288575, -36.9614914729379], [174.556764662998, -36.9615271755863], [174.556797123523, -36.9616210326317], [174.556805943257, -36.9616639008272], [174.556804181622, -36.9617224011887], [174.556770903657, -36.9619620997715], [174.556775754936, -36.9621695507801], [174.556835916101, -36.9624663435175], [174.556915445025, -36.9626489391315], [174.556962056686, -36.9627074964062], [174.557001155674, -36.9627367977463], [174.557033914551, -36.9627492493627], [174.557068381884, -36.9627391464739], [174.557173544144, -36.9626780234497], [174.557204698331, -36.9626754966092], [174.557247846432, -36.9627192890277], [174.557268226841, -36.9627655181105], [174.557248316957, -36.9628025446767], [174.55706591046, -36.9630058728845], [174.557017392726, -36.9632564335075], [174.556996425752, -36.9633071979352], [174.556956762766, -36.9633223552464], [174.556807312069, -36.9633306878266], [174.556759778071, -36.9633432883926], [174.556708768027, -36.9633866319885], [174.556563693431, -36.963545289042], [174.556535876327, -36.9636018911531], [174.556515946258, -36.9636697838815], [174.556523556348, -36.9637882808572], [174.556536251381, -36.9638170244801], [174.556558013345, -36.9638324209226], [174.556744754953, -36.9639058420148], [174.556957676389, -36.9640046783889], [174.557004748754, -36.9640367847162], [174.557016867231, -36.9640947839288], [174.557017625448, -36.9644371313008], [174.557066230854, -36.9645090267525], [174.557177402009, -36.9645782212767], [174.557183905673, -36.9646229387343], [174.557138485097, -36.9647967254441], [174.557098329707, -36.9648747056187], [174.557066014561, -36.964889322223], [174.556917928482, -36.9649048560273], [174.556870828387, -36.9649191184611], [174.556706316526, -36.9650812493312], [174.556668948808, -36.9651301763764], [174.556670078547, -36.9651521708563], [174.556687619081, -36.9651824300889], [174.556746510682, -36.9652580864328], [174.556782581319, -36.9652897521292], [174.556960158015, -36.9653564165774], [174.556998882671, -36.9653647356463], [174.557038227483, -36.9653620860885], [174.556904054245, -36.9655684228581], [174.556883176843, -36.9655833031281], [174.556845878284, -36.9655853345106], [174.556501611433, -36.9655199831028], [174.556443378549, -36.9655190971433], [174.556416181345, -36.9655403678767], [174.556345353058, -36.965629787044], [174.556188236853, -36.9657611480245], [174.555907976731, -36.9659314489101], [174.555679818911, -36.9660973365494]]}, "properties": {"OBJECTID": 3248, "TRACKNAME": "Cristies Track", "CONDITIONSOFUSE": "Waitakere Central Regional Park", "STATUS": "Closed Dieback", "WEBLINK": "https://www.aucklandcouncil.govt.nz/en/parks-recreation/find-park-beach/park-detail/204.html", "VALIDATIONSTATE": 3, "created_user": "AC_owner", "last_edited_user": "AC_owner", "last_edited_date": 1789875254325, "created_date": 1789875254325, "PARK_SAPSITEID": null, "TRACK_ID": null, "KAURIDIEBACK_TRACK": null, "KAURIDIEBACK_MITIGATED": null, "SegmentID": null, "GlobalID": "930cf79f-b144-4e96-a385-7eceb0430d09", "Shape__Length": 2913.803188276006, "_COUNCIL_TRACKNAME": "Cristies Track"}}, {"type": "Feature", "id": 723, "geometry": {"type": "LineString", "coordinates": [[174.559466009232, -36.9699510583765], [174.559608985852, -36.9698716905328], [174.559660718242, -36.9698492521423], [174.559714926065, -36.9698677477566], [174.559916823187, -36.9699810990716], [174.559988250414, -36.9700028204623], [174.560484958202, -36.9700672103748], [174.560721705764, -36.9700299726073], [174.560773593285, -36.9700305432659], [174.561057655977, -36.9701522584361], [174.56155901552, -36.9702710424663], [174.561720560245, -36.970293416038], [174.561750011001, -36.9703317327099], [174.561813591595, -36.970540028334], [174.561836531497, -36.9705620710717], [174.561885139192, -36.9705686874114], [174.56222524735, -36.9705699444658], [174.562516296103, -36.9705501867958], [174.563179448364, -36.9705647738262], [174.563470546795, -36.970509022108], [174.564029400382, -36.9703833033012], [174.564072178118, -36.9703970621715], [174.564189418569, -36.970511070872], [174.564228006562, -36.9705358183137], [174.564278238952, -36.9705372835592], [174.56457307975, -36.9704937292233], [174.564637731049, -36.970490019783], [174.564699246532, -36.9705048834724], [174.564972416912, -36.9705984392658], [174.565033602564, -36.9706081603997], [174.565421043406, -36.9705022172041], [174.566880271713, -36.9701494097197], [174.566920439728, -36.9701476356343], [174.567054266528, -36.9701308056051]]}, "properties": {"OBJECTID": 723, "TRACKNAME": "Crusher Pipe Track", "CONDITIONSOFUSE": "Waitakere Central Regional Park", "STATUS": "Temp Closed", "WEBLINK": "https://www.aucklandcouncil.govt.nz/en/parks-recreation/find-park-beach/park-detail/204.html", "VALIDATIONSTATE": 3, "created_user": "AC_owner", "last_edited_user": "AC_owner", "last_edited_date": 1789875254325, "created_date": 1789875254325, "PARK_SAPSITEID": null, "TRACK_ID": null, "KAURIDIEBACK_TRACK": null, "KAURIDIEBACK_MITIGATED": null, "SegmentID": null, "GlobalID": "80facab8-950f-46c2-86cc-005a3d0a3aea", "Shape__Length": 732.7659625562707, "_COUNCIL_TRACKNAME": "Crusher Pipe Track"}}, {"type": "Feature", "id": 504, "geometry": {"type": "LineString", "coordinates": [[174.722367562127, -36.5134616769227], [174.722254803238, -36.5133947442701], [174.722139957388, -36.5133361714542], [174.722017813705, -36.5132410404846], [174.721866366081, -36.513141094476], [174.721617044573, -36.5130163747703], [174.7214832633, -36.5129816425911], [174.721215295221, -36.51289385372], [174.721044564875, -36.5128020415244], [174.720916458285, -36.5127305642781], [174.720797097255, -36.5126144424913]]}, "properties": {"OBJECTID": 504, "TRACKNAME": "Cudlip Point Loop Track", "CONDITIONSOFUSE": "Mahurangi Regional Park", "STATUS": "Open", "WEBLINK": "https://www.aucklandcouncil.govt.nz/en/parks-recreation/find-park-beach/park-detail/216.html", "VALIDATIONSTATE": 3, "created_user": "AC_owner", "last_edited_user": "AC_owner", "last_edited_date": 1789875254325, "created_date": 1789875254325, "PARK_SAPSITEID": null, "TRACK_ID": null, "KAURIDIEBACK_TRACK": null, "KAURIDIEBACK_MITIGATED": null, "SegmentID": null, "GlobalID": "dfda0155-20f7-4741-8c9a-2649b8a47d79", "Shape__Length": 171.25121991933082, "_COUNCIL_TRACKNAME": "Cudlip Point Loop Track"}}, {"type": "Feature", "id": 507, "geometry": {"type": "LineString", "coordinates": [[174.728820765888, -36.5168909754712], [174.728755425411, -36.5169000614228], [174.728689519195, -36.5168837208624], [174.728610047562, -36.5168808039838], [174.728514444421, -36.5168893108016], [174.728270890955, -36.516819588915], [174.728227325549, -36.5167876636859], [174.728186461888, -36.5167638379873], [174.728124223908, -36.516742357375], [174.728049678561, -36.5167342812539], [174.728000605369, -36.5167380444863], [174.727943836469, -36.5167358149586], [174.727887044946, -36.5167325680559], [174.727800482253, -36.5166941446465], [174.727759211674, -36.5166520119399], [174.727713980213, -36.5166017970008], [174.727702791332, -36.5165521074163], [174.727643141111, -36.5165336411828], [174.727453550525, -36.5165099353661], [174.727248951832, -36.5164080360106]]}, "properties": {"OBJECTID": 507, "TRACKNAME": "Cudlip Point Loop Track", "CONDITIONSOFUSE": "Mahurangi Regional Park", "STATUS": "Open", "WEBLINK": "https://www.aucklandcouncil.govt.nz/en/parks-recreation/find-park-beach/park-detail/216.html", "VALIDATIONSTATE": 3, "created_user": "AC_owner", "last_edited_user": "AC_owner", "last_edited_date": 1789875254325, "created_date": 1789875254325, "PARK_SAPSITEID": null, "TRACK_ID": null, "KAURIDIEBACK_TRACK": null, "KAURIDIEBACK_MITIGATED": null, "SegmentID": null, "GlobalID": "53ae2759-a9e0-42eb-a47b-e0a675483422", "Shape__Length": 159.92093059264795, "_COUNCIL_TRACKNAME": "Cudlip Point Loop Track"}}, {"type": "Feature", "id": 660, "geometry": {"type": "LineString", "coordinates": [[174.727248951832, -36.5164080360106], [174.727125440752, -36.5165672311442], [174.727045122392, -36.5166757172682], [174.726954578031, -36.5168558997199], [174.726804587652, -36.5170202481772], [174.726672214115, -36.5171795711817], [174.72653266069, -36.5172817602647], [174.726307659674, -36.5173947247636], [174.726149111683, -36.5174399488418], [174.725968086407, -36.5174044102741], [174.725707839566, -36.5173938670336], [174.725522336383, -36.5174227856049], [174.725385563859, -36.5173842207162], [174.725143199422, -36.517380571884], [174.725046996175, -36.5174392022279], [174.724780418015, -36.5174096696016], [174.724575446693, -36.5173601646898], [174.724495959969, -36.5173732387595], [174.724261089619, -36.5174410289729], [174.723976004363, -36.5175095446888], [174.723754897694, -36.5175318199466], [174.723425241606, -36.5175890540481], [174.723169217274, -36.5176356828998], [174.723071391523, -36.5176603110122], [174.722409858261, -36.5178341428425], [174.722279155227, -36.5176464291165], [174.722166018496, -36.5176358302087], [174.722117528203, -36.5175891494842]]}, "properties": {"OBJECTID": 660, "TRACKNAME": "Cudlip Point Loop Track", "CONDITIONSOFUSE": "Mahurangi Regional Park", "STATUS": "Open", "WEBLINK": "https://www.aucklandcouncil.govt.nz/en/parks-recreation/find-park-beach/park-detail/216.html", "VALIDATIONSTATE": 3, "created_user": "AC_owner", "last_edited_user": "AC_owner", "last_edited_date": 1789875254325, "created_date": 1789875254325, "PARK_SAPSITEID": null, "TRACK_ID": null, "KAURIDIEBACK_TRACK": null, "KAURIDIEBACK_MITIGATED": null, "SegmentID": null, "GlobalID": "14d3046c-d78c-4773-a333-c34ca68722f6", "Shape__Length": 543.9735548992463, "_COUNCIL_TRACKNAME": "Cudlip Point Loop Track"}}, {"type": "Feature", "id": 973, "geometry": {"type": "LineString", "coordinates": [[174.721958726549, -36.5119453593043], [174.721993139851, -36.5120313433446], [174.7220057521, -36.5122004931858], [174.722055232365, -36.5124335037555], [174.722085618997, -36.5126047811069], [174.722133197662, -36.5127519610187], [174.72220946749, -36.5128605677319], [174.7223207576, -36.5129495887542], [174.722409054299, -36.513067561118], [174.722453151636, -36.5131909411013], [174.72245964625, -36.5133506397267], [174.722367562127, -36.5134616769227]]}, "properties": {"OBJECTID": 973, "TRACKNAME": "Cudlip Point Loop Track", "CONDITIONSOFUSE": "Mahurangi Regional Park", "STATUS": "Open", "WEBLINK": "https://www.aucklandcouncil.govt.nz/en/parks-recreation/find-park-beach/park-detail/216.html", "VALIDATIONSTATE": 3, "created_user": "AC_owner", "last_edited_user": "AC_owner", "last_edited_date": 1789875254325, "created_date": 1789875254325, "PARK_SAPSITEID": null, "TRACK_ID": null, "KAURIDIEBACK_TRACK": null, "KAURIDIEBACK_MITIGATED": null, "SegmentID": null, "GlobalID": "068ca708-30e2-4014-a7e3-94d293708f6e", "Shape__Length": 181.11717058564423, "_COUNCIL_TRACKNAME": "Cudlip Point Loop Track"}}, {"type": "Feature", "id": 1640, "geometry": {"type": "LineString", "coordinates": [[174.722367562127, -36.5134616769227], [174.722391302537, -36.513599661505], [174.722462829828, -36.5137608050306], [174.722536358768, -36.513878990571], [174.722628613823, -36.5140422196801], [174.72271469737, -36.5141936123827], [174.72286687179, -36.5143941354186], [174.72307442594, -36.5145604676476], [174.723250125721, -36.5147558800545], [174.723362900394, -36.5149116567386], [174.723609965227, -36.5151275012951], [174.723643618724, -36.5151794842685], [174.72379378756, -36.5152894059259], [174.723946540396, -36.5153825961708], [174.724025662347, -36.515486389294], [174.724026984866, -36.5155459939384], [174.724105050182, -36.5156021048915], [174.724211858285, -36.5156220246965], [174.724442519225, -36.5157641712006], [174.724724398847, -36.5159508905735], [174.7249940306, -36.5159851503112], [174.725428380682, -36.5159860209448], [174.725931195831, -36.5160097491537], [174.726259001653, -36.5160026192572], [174.726562594825, -36.5159696047935], [174.726696305542, -36.5160034434099], [174.726794731187, -36.5160449471978], [174.727004760092, -36.5160562153893], [174.727159306058, -36.5160969061209], [174.727261426827, -36.5161717455046], [174.72732541583, -36.5162590616994], [174.727248951832, -36.5164080360106]]}, "properties": {"OBJECTID": 1640, "TRACKNAME": "Cudlip Point Loop Track", "CONDITIONSOFUSE": "Mahurangi Regional Park", "STATUS": "Open", "WEBLINK": "https://www.aucklandcouncil.govt.nz/en/parks-recreation/find-park-beach/park-detail/216.html", "VALIDATIONSTATE": 3, "created_user": "AC_owner", "last_edited_user": "AC_owner", "last_edited_date": 1789875254325, "created_date": 1789875254325, "PARK_SAPSITEID": null, "TRACK_ID": null, "KAURIDIEBACK_TRACK": null, "KAURIDIEBACK_MITIGATED": null, "SegmentID": null, "GlobalID": "1a50b797-6871-4349-95d2-34d3703e4df2", "Shape__Length": 621.675123813516, "_COUNCIL_TRACKNAME": "Cudlip Point Loop Track"}}, {"type": "Feature", "id": 12233, "geometry": {"type": "LineString", "coordinates": [[174.514730163249, -36.9371419176595], [174.514776763447, -36.9370750549158], [174.514957416522, -36.9368916481813], [174.515132056021, -36.9366756434512], [174.515183334288, -36.936450387214], [174.515189993302, -36.9362717870499], [174.515219208845, -36.9362178642073], [174.515268738377, -36.9361526854977], [174.515327080371, -36.9361134978225], [174.51613316587, -36.9356790085935], [174.516182522977, -36.935660720679], [174.516369063186, -36.9356194809471], [174.516421171159, -36.9355762621257], [174.51655280505, -36.9354336527692], [174.516691763178, -36.9351954952448], [174.516688316587, -36.9351535987862], [174.516643407944, -36.9350337320696], [174.51663565805, -36.9349905565504], [174.516701475733, -36.9347009278022], [174.516724553236, -36.9344761933208], [174.516846062837, -36.9342347521556], [174.516886943819, -36.9341718284964], [174.517109607739, -36.9339564783359], [174.517495335245, -36.9338050419913], [174.517622066742, -36.9336963042842], [174.51778599254, -36.9335930220319], [174.517811283504, -36.9335910222378], [174.517835595055, -36.9336013475941], [174.518025154467, -36.933729027458], [174.51813177326, -36.9337871454875], [174.518573443555, -36.9339206868734], [174.518937415351, -36.934054742753], [174.519298481955, -36.934129497871], [174.519338835291, -36.9341424659824], [174.519393867102, -36.9341725614741], [174.519444464867, -36.9342191094881], [174.519616535233, -36.9344502798132], [174.519710290698, -36.9346498498143], [174.519834881888, -36.9347533705273]]}, "properties": {"OBJECTID": 12233, "TRACKNAME": "Cutty Grass Track", "CONDITIONSOFUSE": "Waitakere West Regional Park", "STATUS": "Open", "WEBLINK": "https://www.aucklandcouncil.govt.nz/en/parks-recreation/find-park-beach/park-detail/3451.html", "VALIDATIONSTATE": 3, "created_user": "AC_owner", "last_edited_user": "AC_owner", "last_edited_date": 1789875254325, "created_date": 1789875254325, "PARK_SAPSITEID": null, "TRACK_ID": null, "KAURIDIEBACK_TRACK": null, "KAURIDIEBACK_MITIGATED": null, "SegmentID": null, "GlobalID": "f6a9e660-ae6c-4813-a29f-e00c89c25ecc", "Shape__Length": 751.6856175729813, "_COUNCIL_TRACKNAME": "Cutty Grass Track"}}, {"type": "Feature", "id": 12244, "geometry": {"type": "LineString", "coordinates": [[174.519834881888, -36.9347533705273], [174.520044274533, -36.934927350487], [174.520171593937, -36.9350625206536], [174.520290962588, -36.935216829272], [174.520432161001, -36.9353384271876], [174.520554682032, -36.9353964835913], [174.520603471129, -36.9354118310056], [174.520859700856, -36.9353902699578], [174.521073852847, -36.935426646195], [174.521117753103, -36.9354491046835], [174.521268190011, -36.9355733143717], [174.521397894621, -36.935623282768], [174.52145967316, -36.9356345695132], [174.521717379207, -36.9355765545758], [174.521972882133, -36.9355568302044], [174.522109719385, -36.9355092509687], [174.522291602351, -36.9354271217242], [174.522342041131, -36.9354136216645], [174.522578237454, -36.9354032743182], [174.522769032513, -36.9354310505101], [174.523128368186, -36.9353878726421], [174.523182207687, -36.935363025509], [174.523324961714, -36.9352269181877], [174.523370679523, -36.9352103595376], [174.523606475969, -36.935201962227], [174.523799934914, -36.9352761228008], [174.523993469173, -36.9352959749433], [174.524067724245, -36.9352943819693], [174.524270502008, -36.9352202199996], [174.524503156905, -36.9351037336845], [174.524738247988, -36.9350312201964], [174.524764460183, -36.935034867651], [174.524786660612, -36.9350501851867], [174.524969560138, -36.935241827925], [174.525089053226, -36.935302162895], [174.525146059893, -36.9353134459091], [174.525194232032, -36.9352972336102], [174.525483505954, -36.9351619458243], [174.525694380863, -36.9351042805281], [174.525774979276, -36.9350733827914], [174.526311378258, -36.9348296112044], [174.52646382663, -36.9347340180223], [174.526705893153, -36.9346921835334], [174.52699428356, -36.9346225948068], [174.527196727768, -36.9345268895853], [174.527577344904, -36.934366698086], [174.527799035241, -36.934241305745], [174.527864796608, -36.9341956438784], [174.528070619337, -36.9340094599527], [174.528372071254, -36.933686669182], [174.528592207973, -36.9334870320676], [174.528644571208, -36.9334564507863], [174.52884295768, -36.9333804537541], [174.529073360438, -36.9332406693025], [174.529117264182, -36.9332042477464], [174.529130290756, -36.9331650149283], [174.529177921415, -36.9328296172933], [174.529279610598, -36.9326687845216], [174.529446415454, -36.9323716922219], [174.529480515561, -36.9321503829902], [174.52960317837, -36.9320014211658], [174.529685111558, -36.9318089162302], [174.529715885798, -36.9317650380485], [174.529949530712, -36.93165183643], [174.530160938909, -36.9315855574195], [174.530404650519, -36.9315631457046], [174.530796484332, -36.9314635333148], [174.531100240084, -36.9314365604236], [174.531278826925, -36.9314532854925], [174.531451033373, -36.9314232847909], [174.53150766166, -36.9314039773925], [174.531543666051, -36.9313527663078], [174.531804076601, -36.9308094279234], [174.531870982353, -36.9305878480893], [174.532080277313, -36.9301812202017], [174.532123553792, -36.9301203516574], [174.532337174705, -36.9299574051221], [174.532418305253, -36.9299119931296], [174.532985707955, -36.9296477633799], [174.53343022123, -36.9295039805925], [174.533677473299, -36.9293812849323], [174.53403440596, -36.9291180015291], [174.534172116508, -36.928989472867], [174.534207730518, -36.928935733197], [174.53427427341, -36.9287687252401], [174.534288038568, -36.9285441440331], [174.534345646415, -36.9283632532995], [174.534203637177, -36.9276616551288], [174.534177513853, -36.9273116777622], [174.534237016549, -36.9272018260603], [174.534328626245, -36.9270778497762], [174.534496216443, -36.9269956613685], [174.534601354567, -36.9269680280569], [174.534647516885, -36.9269488093625], [174.53469267955, -36.9269194902723], [174.534769015605, -36.9268524428412]]}, "properties": {"OBJECTID": 12244, "TRACKNAME": "Cutty Grass Track", "CONDITIONSOFUSE": "Waitakere West Regional Park", "STATUS": "Open", "WEBLINK": "https://www.aucklandcouncil.govt.nz/en/parks-recreation/find-park-beach/park-detail/3451.html", "VALIDATIONSTATE": 3, "created_user": "AC_owner", "last_edited_user": "AC_owner", "last_edited_date": 1789875254325, "created_date": 1789875254325, "PARK_SAPSITEID": null, "TRACK_ID": null, "KAURIDIEBACK_TRACK": null, "KAURIDIEBACK_MITIGATED": null, "SegmentID": null, "GlobalID": "0310aebe-c22b-4ed3-8959-e44e86156cbe", "Shape__Length": 1965.0327976862538, "_COUNCIL_TRACKNAME": "Cutty Grass Track"}}, {"type": "Feature", "id": 12265, "geometry": {"type": "LineString", "coordinates": [[174.534769015605, -36.9268524428412], [174.534925689922, -36.9268070984199], [174.535238811685, -36.9267974895219], [174.535443779972, -36.926750798997], [174.535502882552, -36.92672969106], [174.535555329053, -36.9266756432087], [174.535671660855, -36.926515994774], [174.535764596223, -36.9261348052553], [174.535786446631, -36.9260862546806], [174.535931001016, -36.9259640622162], [174.536182904746, -36.9258048321025], [174.53645828037, -36.9255190618601], [174.536625386787, -36.9254097006379], [174.537053249367, -36.9252137417226], [174.537114905342, -36.9251963135631], [174.537352713023, -36.9251655905322], [174.537411582268, -36.9251491627528], [174.537670625692, -36.9249717467305], [174.537722989252, -36.924927677099], [174.537809800441, -36.9247211683839], [174.537899888159, -36.9244330077409], [174.538202275181, -36.9239215068295], [174.538257484678, -36.9237414384574], [174.538259081566, -36.9236711745271], [174.538174250955, -36.9230586701277], [174.538167234147, -36.9227971582853], [174.538180214428, -36.9227481092252], [174.53836560331, -36.922598668532], [174.538692666405, -36.9221642107215], [174.538718110981, -36.9221304134298], [174.53876424423, -36.9220820163986], [174.538831244247, -36.9220541344194], [174.539369924162, -36.921885160367], [174.539421264089, -36.9218617985696], [174.539424767181, -36.9218294392811], [174.539377840679, -36.9217171968315], [174.539384457071, -36.9216582159794], [174.539419836251, -36.9215668999533], [174.539461648217, -36.9215163503268], [174.53954095417, -36.9214204898449], [174.539577268929, -36.9213896701774], [174.539689284957, -36.9213293860184], [174.539954124828, -36.921063745603], [174.5401311856, -36.9209549444925], [174.540386687424, -36.9207007092915], [174.541069361083, -36.9201082831942], [174.541307712959, -36.91987180009], [174.541485557059, -36.9196510284548], [174.541498191138, -36.9195932763559], [174.541498468702, -36.9194737970131], [174.541380298138, -36.9192097529582], [174.541368845232, -36.9191683667611], [174.541564519432, -36.9185435977438], [174.541557201543, -36.9185118836033], [174.541508841752, -36.9184355528559], [174.541489203327, -36.918228458034], [174.541453639907, -36.9181197193904], [174.541406260008, -36.9179353474248]]}, "properties": {"OBJECTID": 12265, "TRACKNAME": "Cutty Grass Track", "CONDITIONSOFUSE": "Waitakere West Regional Park", "STATUS": "Open", "WEBLINK": "https://www.aucklandcouncil.govt.nz/en/parks-recreation/find-park-beach/park-detail/3451.html", "VALIDATIONSTATE": 3, "created_user": "AC_owner", "last_edited_user": "AC_owner", "last_edited_date": 1789875254325, "created_date": 1789875254325, "PARK_SAPSITEID": null, "TRACK_ID": null, "KAURIDIEBACK_TRACK": null, "KAURIDIEBACK_MITIGATED": null, "SegmentID": null, "GlobalID": "00d26055-6a98-4bf4-9e9f-2309105a6753", "Shape__Length": 1283.5600284121467, "_COUNCIL_TRACKNAME": "Cutty Grass Track"}}, {"type": "Feature", "id": 5434, "geometry": {"type": "LineString", "coordinates": [[175.048376633887, -36.8085810683462], [175.048342810448, -36.8087930313532], [175.048236808917, -36.8089137160196], [175.048236804532, -36.8089137197004], [175.047882961006, -36.8091035998668], [175.047882956573, -36.8091036017458], [175.04756381228, -36.8092162359568], [175.047563810063, -36.8092162368963], [175.047340691472, -36.8092345755218], [175.047340685918, -36.8092345774201], [175.047180033268, -36.8093064672961], [175.046918978866, -36.8092358837071], [175.046918389768, -36.8092358181408], [175.046798727272, -36.8092405004572], [175.046797782126, -36.8092402814892], [175.046751152639, -36.8092141397343], [175.046747164895, -36.8092127663003], [175.046650559135, -36.809196646764], [175.046530944145, -36.809187619993], [175.046421954252, -36.8091812060509], [175.046313406717, -36.809190312135], [175.046223148959, -36.8092244733261], [175.046223141212, -36.8092244770647], [175.046091224667, -36.8092725584959], [175.046090469783, -36.8092728337698], [175.046072064993, -36.8092795435333], [175.0460720628, -36.8092795453737], [175.045936968141, -36.8093343158686], [175.045933303861, -36.8093357876787], [175.045933276163, -36.8093357998724], [175.045725526551, -36.8094328481145], [175.045635557911, -36.8094768822305], [175.045635549092, -36.8094768877901], [175.045580783174, -36.8095244909436], [175.045580778789, -36.8095244946243], [175.045528098889, -36.8095833462403], [175.045528096696, -36.8095833480807], [175.045484135658, -36.8096406192721], [175.045484133537, -36.8096406238151], [175.045466078165, -36.8096832968924], [175.045466078261, -36.809683300496], [175.045480761502, -36.8097055994817], [175.045480763791, -36.8097056012449], [175.045510992998, -36.8097191433019], [175.045510999888, -36.8097191494925], [175.045522381784, -36.8097485553144], [175.045522382, -36.8097485634225], [175.045507668616, -36.8097855295972], [175.045507666495, -36.8097855341403], [175.045485496199, -36.809812495214], [175.045482613449, -36.8098159995329], [175.045480549152, -36.809818500132], [175.04548054038, -36.8098185074934], [175.045388910674, -36.8098653902042], [175.045388908481, -36.8098653920446], [175.045297301615, -36.8099136848407], [175.045297298302, -36.8099136867003], [175.04520129141, -36.8099917063744], [175.045201285904, -36.8099917100743], [175.045134445746, -36.8100465906237], [175.045134439144, -36.8100465952438], [175.04502808879, -36.8101304529482], [175.04502808438, -36.8101304557279], [175.044959321499, -36.8101797288695], [175.044959312728, -36.8101797362309], [175.044894292265, -36.8102255461216], [175.044878912423, -36.8102363821342], [175.044833782969, -36.8102681796794], [175.044833775247, -36.8102681843188], [175.044747000437, -36.8102994363611], [175.044743002626, -36.8103008453728], [175.044742741464, -36.8103007615368], [175.044688963103, -36.8103194198051], [175.044688937573, -36.8103194292573], [175.044489653484, -36.8103878691497], [175.044489647954, -36.8103878719488], [175.044407463204, -36.8104147482647], [175.044407453145, -36.810414749339], [175.044289923349, -36.8104151103578], [175.044289919964, -36.8104151095147], [175.044086407092, -36.8104177141709], [175.044086399225, -36.8104177134048], [175.044064098234, -36.8104168999389], [175.044064090416, -36.8104169009747], [175.044051911993, -36.8104208336902], [175.044045968777, -36.8104277416654], [175.044044758685, -36.8104388873251], [175.044044758853, -36.8104388936314], [175.044049758283, -36.8104523858799], [175.044049759499, -36.8104523894642], [175.044071219238, -36.810503251742], [175.044116122283, -36.8105938290402], [175.044116124692, -36.8105938353079], [175.044154623702, -36.8106758872732], [175.04415462487, -36.8106758890557], [175.044187201826, -36.8107654732314], [175.044187203042, -36.8107654768158], [175.04422334274, -36.8108457189395], [175.044229385197, -36.8108684595952], [175.044229386558, -36.8108684685849], [175.044228896961, -36.8109042995111], [175.044228897152, -36.8109043067183], [175.04423185477, -36.8109530472917], [175.04423529268, -36.8110444142007], [175.044235294016, -36.8110444222895], [175.044244169077, -36.8111115811871], [175.044244169196, -36.8111115856916], [175.044243959987, -36.811133262153]]}, "properties": {"OBJECTID": 5434, "TRACKNAME": "Dead Dog Bay track", "CONDITIONSOFUSE": "Okoka Bay Dead Dog Walkway", "STATUS": "Open", "WEBLINK": "https://www.aucklandcouncil.govt.nz/en/parks-recreation/find-park-beach/park-detail/1234.html", "VALIDATIONSTATE": 3, "created_user": "AC_owner", "last_edited_user": "AC_owner", "last_edited_date": 1789875254325, "created_date": 1789875254325, "PARK_SAPSITEID": null, "TRACK_ID": null, "KAURIDIEBACK_TRACK": null, "KAURIDIEBACK_MITIGATED": null, "SegmentID": null, "GlobalID": "e48d38d9-90cc-45ac-ba30-4d04afc8b3b3", "Shape__Length": 571.4891445790352, "_COUNCIL_TRACKNAME": "Dead Dog Bay track"}}, {"type": "Feature", "id": 6434, "geometry": {"type": "MultiLineString", "coordinates": [[[174.990907986335, -36.777315132087], [174.990921690206, -36.7772935539572], [174.99092262386, -36.7772924837798], [174.99098593832, -36.7772368505358], [174.990985997445, -36.7772367972692], [174.991078232549, -36.7771547433406], [174.991078236959, -36.7771547405628], [174.991118368118, -36.7771231397795], [174.991170945482, -36.7770913801545], [174.991244654329, -36.7770534288072], [174.991244660979, -36.7770534259919], [174.991688981458, -36.7768812830481], [174.991688984794, -36.7768812820909], [174.991910515998, -36.7767795303393], [174.991910523767, -36.7767795275052], [174.991979322026, -36.776749057811], [174.991979325339, -36.7767490559529], [174.992049875208, -36.7767269995539], [174.992049884121, -36.7767269976019], [174.992113971235, -36.7767151541391], [174.992236440027, -36.7767015033665], [174.992236445626, -36.7767015032727], [174.992391388958, -36.7766886701838], [174.993380572213, -36.776630323871], [174.993560552955, -36.7766231778165], [174.993562159078, -36.7766232851879], [174.993751685649, -36.7766566518285], [174.993753207361, -36.7766571770228], [174.993834503111, -36.7767014298588], [174.993836660123, -36.7767026041673]], [[174.993836660123, -36.7767026041673], [174.993922498505, -36.7766689453992], [174.993922703428, -36.7766685949546], [174.993900166063, -36.7765918459023], [174.993900164779, -36.7765918396145], [174.993897574673, -36.7765674202891], [174.993897575699, -36.7765674166666], [174.993912365452, -36.7765324344767], [174.993965891249, -36.7764770602442], [174.993965892299, -36.7764770575227], [174.99396891756, -36.7764043720383], [174.99396891749, -36.7764043693355], [174.993957990379, -36.7763539235513], [174.993957299621, -36.7763386802749], [174.993957302818, -36.776338673912], [174.993970285851, -36.7763290112748], [174.99397029362, -36.7763290084406], [174.993988941675, -36.7763282153513], [174.993988947298, -36.7763282161584], [174.994042112307, -36.7763467030892], [174.994110752128, -36.7763483038337], [174.994110754368, -36.7763483037961], [174.994157719876, -36.7763427860983], [174.994157725522, -36.7763427878062], [174.99425811912, -36.776393966719], [174.994258310631, -36.7763940067707], [174.994293740913, -36.7763925374146], [174.994296113241, -36.7763915142886], [174.994311573162, -36.7763740560118], [174.994312723796, -36.7763731894733], [174.994326646201, -36.7763669180373]]]}, "properties": {"OBJECTID": 6434, "TRACKNAME": "Delamore Dr to woolshed", "CONDITIONSOFUSE": "Owhanake Matiatia Walkway", "STATUS": "Open", "WEBLINK": "https://www.aucklandcouncil.govt.nz/en/parks-recreation/find-park-beach/park-detail/1039.html", "VALIDATIONSTATE": 3, "created_user": "AC_owner", "last_edited_user": "AC_owner", "last_edited_date": 1789875254325, "created_date": 1789875254325, "PARK_SAPSITEID": null, "TRACK_ID": null, "KAURIDIEBACK_TRACK": null, "KAURIDIEBACK_MITIGATED": null, "SegmentID": null, "GlobalID": "2dc73569-e07d-49ad-9d83-7278a7f60b4f", "Shape__Length": 368.9368937718218, "_COUNCIL_TRACKNAME": "Delamore Dr to woolshed"}}, {"type": "Feature", "id": 11990, "geometry": {"type": "LineString", "coordinates": [[174.996224568898, -36.7776491638059], [174.996047667392, -36.7775840898971], [174.995792889357, -36.7776612703738], [174.995633987332, -36.7778243253489], [174.995461562234, -36.7780483596536], [174.995324681633, -36.7783617121439], [174.995130860516, -36.7784597389441], [174.994933449345, -36.778419308907], [174.994599960914, -36.7781405787575], [174.994359450764, -36.7777193406664], [174.994297168093, -36.7775308356303], [174.994530234716, -36.7770822141403], [174.994545013853, -36.7768365230636], [174.994370498372, -36.7763971673116], [174.994283866554, -36.7759684881626]]}, "properties": {"OBJECTID": 11990, "TRACKNAME": "Delamore Drive Roadside", "CONDITIONSOFUSE": null, "STATUS": "Open", "WEBLINK": null, "VALIDATIONSTATE": 3, "created_user": "AC_owner", "last_edited_user": "AC_owner", "last_edited_date": 1789875254325, "created_date": 1789875254325, "PARK_SAPSITEID": null, "TRACK_ID": null, "KAURIDIEBACK_TRACK": null, "KAURIDIEBACK_MITIGATED": null, "SegmentID": null, "GlobalID": "af15c702-86d9-498c-a257-2cd72b8171b8", "Shape__Length": 466.0318899036929, "_COUNCIL_TRACKNAME": "Delamore Drive Roadside"}}, {"type": "Feature", "id": 936, "geometry": {"type": "LineString", "coordinates": [[174.535868554032, -37.0247132900032], [174.535872850099, -37.0247238198357], [174.535876959077, -37.0247341024161], [174.535880882089, -37.0247441377301], [174.535884618029, -37.0247539266932], [174.535888168002, -37.0247634683899], [174.535891532028, -37.0247727637212], [174.535894708963, -37.0247818118006], [174.535897701073, -37.0247906135002], [174.535900504969, -37.0247991679625], [174.53590312404, -37.024807476045], [174.53590555602, -37.0248155368757], [174.535907802034, -37.02482335044], [174.535909860974, -37.0248309176537], [174.535911733948, -37.024838237601], [174.535913420972, -37.0248453111832], [174.53591492203, -37.024852137499], [174.535916236014, -37.0248587174643], [174.53591736403, -37.0248650501632], [174.535918304956, -37.0248711356104], [174.535919061056, -37.0248769746779], [174.53591962894, -37.0248825665083], [174.535920044139, -37.0248879448928], [174.535920482303, -37.0248932914327], [174.535920972129, -37.0248986355012], [174.535921513579, -37.0249039752959], [174.535922105568, -37.0249093126336], [174.535922750323, -37.0249146465842], [174.535923445598, -37.0249199771767], [174.535924192533, -37.0249253052977], [174.535924991095, -37.0249306291449], [174.535925841317, -37.0249359505207], [174.535926742059, -37.0249412685383], [174.535927695586, -37.0249465840699], [174.535928699615, -37.0249518953423], [174.535929755304, -37.0249572041431], [174.535930861514, -37.0249625095859], [174.535932020508, -37.0249678125426], [174.535933230004, -37.0249731112401], [174.535934491162, -37.0249784074661], [174.535935803962, -37.0249837003194], [174.535937168406, -37.0249889898], [174.535938584512, -37.0249942768092], [174.535940051137, -37.0249995604602], [174.535941490209, -37.0250048156248], [174.535942831631, -37.0250100224793], [174.535944075385, -37.0250151801226], [174.535945222613, -37.0250202894413], [174.535946272173, -37.0250253495489], [174.535947224065, -37.0250303604453], [174.53594807943, -37.0250353230171], [174.535948838234, -37.0250402354622], [174.535949498281, -37.0250451005129], [174.535950061766, -37.0250499154367], [174.535950528725, -37.025054682036], [174.535950898034, -37.0250594003253], [174.535951169656, -37.0250640685023], [174.535951343628, -37.0250686883693], [174.535951421074, -37.0250732599117], [174.535951401975, -37.0250777822285], [174.535951284085, -37.0250822553487], [174.53595106965, -37.0250866792431], [174.535950758688, -37.0250910548131], [174.535950350058, -37.0250953811719], [174.53594984376, -37.0250996583195], [174.535949243401, -37.0251038979269], [174.535948564679, -37.0251081538716], [174.535947809953, -37.0251124315314], [174.535946978115, -37.0251167318219], [174.535946069167, -37.025121054743], [174.535945084231, -37.0251254002802], [174.535944022165, -37.025129767547], [174.535942884131, -37.025134158331], [174.535941668985, -37.0251385717457], [174.535940377835, -37.0251430068753], [174.535939009591, -37.0251474655368], [174.535937564217, -37.0251519459277], [174.535936042875, -37.0251564498359], [174.535934445527, -37.0251609754591], [174.535932771085, -37.025165524614], [174.535931019515, -37.0251700954985], [174.535929191957, -37.0251746889991], [174.535927288411, -37.0251793051157], [174.535925306631, -37.0251839438775], [174.535923249987, -37.0251886052409], [174.535921115107, -37.0251932892494], [174.535918905364, -37.0251979958595], [174.535916724515, -37.0252026858711], [174.535914650685, -37.0252073312325], [174.535912684981, -37.025211931028], [174.53591082742, -37.0252164861586], [174.535909078003, -37.0252209966245], [174.535907436711, -37.0252254615244], [174.53590590244, -37.0252298817741], [174.535904477417, -37.0252342564433], [174.535903159414, -37.0252385864623], [174.535901949556, -37.0252428718164], [174.535900847822, -37.0252471116048], [174.535899853091, -37.0252513058417], [174.535898967645, -37.0252554563004], [174.535898189201, -37.0252595612078], [174.535897518882, -37.0252636205493], [174.535896956708, -37.025267635226], [174.535896502677, -37.025271605238], [174.535896156772, -37.025275529684], [174.535895917887, -37.0252794094799], [174.535895788252, -37.0252832436953], [174.535895765636, -37.0252870332605], [174.535895835885, -37.0252908008924], [174.535895938038, -37.0252946456274], [174.535896063304, -37.025298577494], [174.535896212845, -37.0253025982799], [174.535896385481, -37.0253067052964], [174.53589658239, -37.0253109012323], [174.535896803537, -37.0253151842852], [174.535897047816, -37.0253195553709], [174.535897316333, -37.0253240135737], [174.535897609123, -37.0253285606958], [174.535897925027, -37.0253331949496], [174.535898265168, -37.0253379163205], [174.535898629565, -37.0253427257096], [174.535899017094, -37.0253476231315], [174.535899428879, -37.0253526085716], [174.535899864901, -37.0253576811287], [174.535900324054, -37.0253628417187], [174.535900807464, -37.0253680903269], [174.535901313987, -37.0253734260667], [174.535901844784, -37.0253788507258], [174.535902399801, -37.0253843616009], [174.535902977931, -37.0253899596077], [174.535903515329, -37.0253954887379], [174.535903970626, -37.0254008485759], [174.535904343788, -37.0254060373195], [174.535904633707, -37.0254110558844], [174.535904840401, -37.0254159051717], [174.535904966102, -37.0254205842511], [174.535905008541, -37.0254250922507], [174.535904968881, -37.0254294309582], [174.53590484596, -37.0254335985858], [174.535904640939, -37.0254375969213], [174.535904353799, -37.0254414250635], [174.535903983417, -37.0254450830269], [174.535903530917, -37.0254485707971], [174.535902996298, -37.0254518883741], [174.535902378437, -37.0254550357723], [174.535901678457, -37.0254580129772], [174.535900896358, -37.0254608199889], [174.535900031018, -37.0254634568218], [174.535899083558, -37.0254659234615], [174.53589805398, -37.0254682199079], [174.53589694116, -37.0254703461755], [174.535895785848, -37.0254723720421], [174.535894734878, -37.0254745551954], [174.535893799978, -37.02547691982], [174.535892984521, -37.0254794658722], [174.535892286239, -37.02548219248], [174.535891705151, -37.0254851005445], [174.535891241258, -37.0254881900657], [174.535890895665, -37.0254914601281], [174.535890667284, -37.0254949125482], [174.535890557203, -37.0254985455095], [174.535890564316, -37.0255023599275], [174.535890688606, -37.0255063549011], [174.535890931232, -37.0255105322179], [174.535891291034, -37.0255148900904], [174.535891769154, -37.0255194294051], [174.535892364469, -37.0255241501765], [174.53589307696, -37.0255290515035], [174.53589390777, -37.0255341342727], [174.535894855774, -37.0255393984986], [174.535895922096, -37.0255448441666], [174.535897105613, -37.0255504712914], [174.53589840404, -37.0255562780997], [174.535899709993, -37.0255621794523], [174.535900960677, -37.0255681274891], [174.535902153846, -37.0255741222393], [174.535903291748, -37.0255801636739], [174.535904374363, -37.0255862508915], [174.535905399463, -37.0255923848226], [174.535906369294, -37.0255985654379], [174.53590728384, -37.0256047918364], [174.535908140888, -37.0256110658494], [174.535908942633, -37.0256173847445], [174.535909688003, -37.0256237512395], [174.535910378088, -37.0256301635177], [174.535911010656, -37.0256366225093], [174.535911589063, -37.0256431272696], [174.535912109972, -37.0256496796443], [174.535912575595, -37.0256562778022], [174.535912984808, -37.0256629217579], [174.535913337647, -37.0256696133135], [174.5359136352, -37.0256763506523], [174.535913876343, -37.0256831337888], [174.535914061113, -37.0256899645253], [174.535914290203, -37.0256968190244], [174.535914892744, -37.0257036290295], [174.535915893334, -37.0257103879127], [174.535917291973, -37.0257170956738], [174.535919088662, -37.025723752313], [174.535921282293, -37.0257303587459], [174.535923873975, -37.0257369140567], [174.535926863706, -37.0257434182455], [174.535930251504, -37.0257498722133], [174.535934037352, -37.025756275059], [174.53593822125, -37.0257626267826], [174.535942802092, -37.0257689282996], [174.535947780985, -37.0257751786943], [174.535953157927, -37.0257813779667], [174.535958932937, -37.0257875270179], [174.535965105979, -37.0257936240456], [174.53597167709, -37.0257996708519], [174.53597864627, -37.0258056674367], [174.535986012376, -37.0258116129135], [174.535993776532, -37.0258175072676], [174.536001938739, -37.0258233504989], [174.536010488918, -37.0258291445405], [174.536019017418, -37.0258349226379], [174.536027318916, -37.025840704575], [174.536035393392, -37.0258464894507], [174.536043238581, -37.0258522763931], [174.536050856767, -37.0258580671754], [174.536058245683, -37.0258638609255], [174.536065408703, -37.0258696575999], [174.536072342435, -37.0258754563412], [174.53607904804, -37.025881258937], [174.536085526623, -37.0258870644718], [174.536091777043, -37.0258928720591], [174.536097800459, -37.0258986834864], [174.536103594606, -37.0259044978819], [174.536109161713, -37.0259103143154], [174.536114500693, -37.0259161346037], [174.536119611527, -37.0259219578457], [174.536124494215, -37.0259277840414], [174.536129149864, -37.0259336122753], [174.536133577384, -37.025939444364], [174.536137776759, -37.0259452794066], [174.536141747969, -37.025951116502], [174.536145520273, -37.0259569570739], [174.536149173446, -37.0259627991882], [174.536152711967, -37.0259686418856], [174.536156136995, -37.0259744869537], [174.536159448512, -37.0259803334915], [174.536162645394, -37.0259861815134], [174.536165728747, -37.0259920301039], [174.536168697483, -37.0259978810797], [174.536171553833, -37.0260037335107], [174.536174294405, -37.0260095865393], [174.536176922609, -37.0260154419242], [174.536179436178, -37.0260212987933], [174.536181835111, -37.0260271571467], [174.536184120516, -37.0260330160687], [174.536186292427, -37.0260388773615], [174.536188350828, -37.026044740124], [174.536190294575, -37.0260506034697], [174.536192123705, -37.0260564692009], [174.536193840448, -37.0260623363872], [174.536195441414, -37.0260682041713], [174.53619693001, -37.0260740743116], [174.536198297246, -37.0260799469248], [174.53619936624, -37.0260858585523], [174.536200057485, -37.0260918246452], [174.536200369876, -37.0260978461192], [174.536200304537, -37.0261039229598], [174.536199861449, -37.0261100542658], [174.536199038366, -37.0261162400663], [174.536197838676, -37.0261224812189], [174.536196260132, -37.0261287777525], [174.536194302715, -37.0261351287661], [174.536191967549, -37.0261415342451], [174.536189253547, -37.0261479960062], [174.536186161778, -37.0261545113316], [174.536182692278, -37.0261610820234], [174.536178843923, -37.0261677080962], [174.536174617836, -37.0261743895353], [174.536170012858, -37.0261811245531], [174.536165029043, -37.0261879158528], [174.536159667479, -37.0261947616177], [174.536153928165, -37.0262016618476], [174.536147809995, -37.0262086174583], [174.536141314075, -37.0262156275339], [174.536134587524, -37.0262226847614], [174.536128001965, -37.0262297654008], [174.536121575361, -37.0262368683182], [174.536115308856, -37.0262439944001], [174.536109202448, -37.0262511436465], [174.536103255014, -37.0262583160721], [174.536097467661, -37.0262655107611], [174.536091840387, -37.0262727277137], [174.536086370981, -37.0262799687611], [174.536081062779, -37.0262872320575], [174.536075913533, -37.0262945176321], [174.536070923262, -37.0263018263859], [174.536066093089, -37.0263091583044], [174.536061423014, -37.0263165133877], [174.536056911895, -37.0263238907492], [174.536052560856, -37.0263312903743], [174.53604836881, -37.0263387140799], [174.536044336844, -37.0263461600492], [174.536040463835, -37.0263536282968], [174.536036750924, -37.0263611197092], [174.536033196988, -37.026368634301], [174.536029788486, -37.0263761695435], [174.536026225503, -37.0263836815482], [174.536022389669, -37.0263911538206], [174.536018280983, -37.0263985863607], [174.536013899429, -37.0264059782674], [174.536009245005, -37.0264133295406], [174.536004317748, -37.0264206419825], [174.535999117603, -37.0264279128898], [174.5359936435, -37.0264351449802], [174.535987897652, -37.0264423364225], [174.535981878935, -37.0264494872313], [174.535975586259, -37.026456599223], [174.535969020696, -37.02646366968], [174.535962183423, -37.0264707012909], [174.535955072156, -37.0264776922825], [174.535947688019, -37.0264846426402], [174.535940031029, -37.0264915532651], [174.535932101188, -37.0264984241572], [174.535923898476, -37.0265052544153], [174.535915422912, -37.0265120449405], [174.535906674496, -37.0265187957326], [174.535897653209, -37.0265255058905], [174.535888440569, -37.0265321482198], [174.535879218589, -37.0265386617763], [174.535869993994, -37.0265450455717], [174.535860766749, -37.0265512978038], [174.535851535729, -37.026557418487], [174.535842303218, -37.0265634093945], [174.535833068056, -37.0265692687387], [174.535823830262, -37.0265749974206], [174.535814589835, -37.0265805954403], [174.535805346758, -37.0265860618966], [174.535796101067, -37.0265913985918], [174.535786852724, -37.0265966037236], [174.53577760175, -37.0266016781931], [174.535768348125, -37.0266066210992], [174.535759091886, -37.0266114342442], [174.535749832997, -37.0266161158258], [174.535740571457, -37.0266206658441], [174.53573130618, -37.0266250861158], [174.535722039376, -37.0266293748095], [174.53571276994, -37.0266335328409], [174.535703497872, -37.0266375602101], [174.535694214381, -37.0266414669456], [174.535684766331, -37.0266454082591], [174.53567510313, -37.0266494397876], [174.535665224778, -37.0266535615311], [174.535655130133, -37.0266577726029], [174.535644819231, -37.0266620748053], [174.535634292036, -37.026666466336], [174.53562354969, -37.0266709480815], [174.535612591068, -37.0266755200562], [174.535601417296, -37.0266801822456], [174.535590026105, -37.0266849337776], [174.535578419782, -37.0266897764252], [174.535566598288, -37.0266947083862], [174.535554560519, -37.0266997305762], [174.535542306474, -37.026704842995], [174.535529836153, -37.0267100456427], [174.535517150662, -37.0267153376035], [174.535504250038, -37.0267207206796], [174.535491131995, -37.0267261930977], [174.5354777988, -37.0267317557299], [174.535464249328, -37.0267374085905], [174.535450484704, -37.026743151665], [174.53543662821, -37.0267489103485], [174.535422926499, -37.026754539937], [174.53540938512, -37.0267600367533], [174.535396005178, -37.0267653998818], [174.535382784461, -37.0267706311539], [174.535369725182, -37.0267757287384], [174.535356826234, -37.0267806935509], [174.535344087599, -37.0267855246903], [174.535331510438, -37.0267902239444], [174.535319093591, -37.0267947895257], [174.535306837076, -37.0267992223351], [174.535294740875, -37.0268035214718], [174.535282806148, -37.0268076887233], [174.535271030611, -37.0268117223167], [174.53525941653, -37.0268156231239], [174.535247963906, -37.026819391145], [174.535236670472, -37.0268230255081], [174.535225538494, -37.0268265270852], [174.535214566849, -37.0268298958909], [174.535203755536, -37.0268331319252], [174.535193105663, -37.0268362342726], [174.53518261295, -37.0268392138046], [174.535172240601, -37.0268421971862], [174.535161979262, -37.0268452223953], [174.535151826687, -37.0268482894609], [174.535141783999, -37.0268513983685], [174.535131851216, -37.0268545500192], [174.535122028338, -37.0268577444132], [174.535112314223, -37.0268609806637], [174.535102711119, -37.0268642587418], [174.535093216796, -37.0268675795777], [174.53508383236, -37.0268709422558], [174.535074557812, -37.0268743467761], [174.535065392044, -37.0268777940543], [174.535056337305, -37.0268812840612], [174.535047391311, -37.0268848150239], [174.535038556347, -37.0268883887155], [174.535029830163, -37.026892005165], [174.535021213866, -37.0268956634568], [174.535012706333, -37.0268993636056], [174.535004309828, -37.0269031064833], [174.534996022105, -37.0269068921191], [174.534987844251, -37.0269107186962], [174.534979673085, -37.0269146542495], [174.53497132654, -37.0269188129019], [174.534962804633, -37.0269231955544], [174.534954105153, -37.0269278040383], [174.534945229186, -37.0269326365369], [174.534936176734, -37.02693769305], [174.534926946707, -37.0269429753945], [174.534917540195, -37.0269484817535], [174.534907957214, -37.0269542130281], [174.53489819664, -37.0269601692328], [174.534888259598, -37.026966350353], [174.53487814607, -37.0269727554875], [174.534867854967, -37.0269793864531], [174.5348573885, -37.0269862414184], [174.534846743317, -37.0269933213281], [174.53483592277, -37.0270006252375], [174.534824924648, -37.0270081549778], [174.534813750039, -37.0270159087321], [174.534802398959, -37.0270238874016], [174.534790870286, -37.0270320910007], [174.534779165125, -37.0270405186138], [174.534767283512, -37.027049172043], [174.534755235653, -37.027058055663], [174.534743022725, -37.0270671721625], [174.53473064694, -37.0270765197102], [174.534718104944, -37.0270860992508], [174.534705399003, -37.0270959116562], [174.534692529081, -37.0271059551243], [174.534679495213, -37.0271162314571], [174.53466629624, -37.0271267388669], [174.534652933321, -37.0271374791413], [174.534639405296, -37.0271484504927], [174.534625713325, -37.0271596547086], [174.534611856266, -37.0271710909025], [174.534597835223, -37.0271827581585], [174.534583650235, -37.027194658279], [174.534569300157, -37.0272067903772], [174.534554786114, -37.0272191544385], [174.534540108087, -37.0272317495619], [174.534525264989, -37.0272445775639], [174.534510257925, -37.027257637529], [174.534495085771, -37.0272709294715], [174.534479749651, -37.0272844533769], [174.534464462723, -37.0272980757925], [174.534449548052, -37.027311594243], [174.534435010099, -37.0273250068682], [174.534420848863, -37.0273383136683], [174.534407063203, -37.0273515137567], [174.534393653137, -37.0273646080348], [174.534380619807, -37.0273775973892], [174.534367963159, -37.0273904791167], [174.534355682124, -37.0274032559353], [174.534343777808, -37.0274159269294], [174.534332249069, -37.0274284912127], [174.534321095944, -37.0274409505873], [174.53431031952, -37.0274533032368], [174.534299919816, -37.0274655500621], [174.53428989569, -37.027477690177], [174.534280248302, -37.0274897253692], [174.534270976493, -37.027501653851], [174.534262081422, -37.0275134774102], [174.534253561931, -37.0275251942593], [174.53424541916, -37.0275368052849], [174.534237651969, -37.0275483096005], [174.534230252454, -37.0275597055056], [174.534223136776, -37.0275709607346], [174.534216284577, -37.0275820692414], [174.534209696965, -37.0275930301103], [174.534203372814, -37.027603843356], [174.534197313268, -37.0276145098651], [174.534191518309, -37.0276250287364], [174.53418598683, -37.0276354008857], [174.534180719919, -37.0276456244962], [174.534175716507, -37.0276557022859], [174.534170978788, -37.0276656315224], [174.534166503427, -37.0276754140514], [174.534162293776, -37.0276850489285], [174.534158346483, -37.0276945370982], [174.534154664901, -37.0277038776158], [174.534151246783, -37.0277130705106], [174.534148093271, -37.0277221166691], [174.534145203222, -37.0277310152047], [174.534142577761, -37.0277397661028], [174.534140216906, -37.0277483702647], [174.534138119516, -37.0277568268038], [174.534136286713, -37.0277651357055], [174.534134489494, -37.0277734252187], [174.534132425493, -37.0277818651016], [174.534130092444, -37.0277904544822], [174.534127490382, -37.0277991951626], [174.534124621537, -37.0278080862126], [174.534121482556, -37.0278171285769], [174.53411807565, -37.0278263204244], [174.534114399714, -37.0278356626704], [174.534110455888, -37.0278451562017], [174.534106244155, -37.0278548001171], [174.534101762267, -37.0278645944455], [174.534097012472, -37.027874539158], [174.534091994787, -37.0278846351556], [174.53408670807, -37.0278948815517], [174.534081153428, -37.0279052774306], [174.534075329771, -37.027915824609], [174.534069237101, -37.0279265230869], [174.534062876504, -37.0279373710476], [174.534056246893, -37.0279483703077], [174.534049349356, -37.0279595190503], [174.534042182804, -37.0279708190924], [174.534034794187, -37.0279822572077], [174.534027535615, -37.0279937333004], [174.534020479797, -37.0280052293048], [174.534013625574, -37.028016743433], [174.534006974104, -37.028028277473], [174.534000525353, -37.0280398296225], [174.533994279337, -37.0280514007826], [174.533988234953, -37.028062991869], [174.533982393287, -37.028074601065], [174.533976754357, -37.0280862292717], [174.533971318147, -37.028097875588], [174.533966084691, -37.0281095418163], [174.533961052847, -37.0281212270698], [174.533956223723, -37.0281329304331], [174.53395159623, -37.0281446537228], [174.53394717258, -37.0281563951078], [174.533942950544, -37.0281681555182], [174.533938931244, -37.0281799349395], [174.533935114682, -37.0281917333717], [174.533931499734, -37.0282035508294], [174.533928088647, -37.0282153872835], [174.533924879174, -37.0282272427631], [174.533922021012, -37.0282391261489], [174.5339196898, -37.028251050493], [174.533917883254, -37.0282630140221], [174.533916601391, -37.0282750176376], [174.533915846461, -37.0282870613102], [174.533915616216, -37.028299145069], [174.533915911761, -37.0283112679985], [174.533916732009, -37.0283234319153], [174.533918078049, -37.0283356350027], [174.533919949916, -37.0283478790629], [174.533922347575, -37.0283601622936], [174.53392526992, -37.0283724856104], [174.533928718057, -37.0283848480977], [174.533932692023, -37.0283972515577], [174.533937190676, -37.0284096951036], [174.533942215121, -37.0284221778197], [174.533947765378, -37.0284347006072], [174.533953840323, -37.0284472634804], [174.53396044108, -37.0284598664247], [174.533967567648, -37.0284725094401], [174.533975218906, -37.028485192541], [174.533983218741, -37.0284980468973], [174.533990409577, -37.0285119284351], [174.533996586516, -37.0285269903294], [174.534001748414, -37.0285432316935], [174.534005895291, -37.0285606534289], [174.534009028252, -37.0285792546199], [174.534011146189, -37.0285990361823], [174.534012250227, -37.0286199981016], [174.534012339222, -37.0286421394913], [174.534011413174, -37.0286654603514], [174.534009473224, -37.0286899615683], [174.534006519371, -37.0287156431422], [174.534002549365, -37.028742505102], [174.533997565418, -37.0287705456163], [174.533991567582, -37.0287997673883], [174.533984553572, -37.0288301686448], [174.533976525633, -37.0288617493565], [174.533967483802, -37.0288945113254], [174.533957426898, -37.0289284518627], [174.533946354972, -37.0289635736712], [174.533934269112, -37.0289998749341], [174.533921168192, -37.0290373556655], [174.533777385231, -37.0292230772057], [174.533651117099, -37.0294884677263], [174.533629007311, -37.0295180527944], [174.533574031778, -37.0295616018715], [174.5332354621, -37.029787604371], [174.533126999981, -37.0298867934227], [174.533094912906, -37.0298992374823], [174.533061473758, -37.029891344743], [174.533042966062, -37.0298759319811], [174.533031604852, -37.0298455203588], [174.533030162511, -37.0298185111465], [174.533030210071, -37.0298040438807], [174.53303037134, -37.0297900880131], [174.533030646336, -37.0297766444448], [174.53303103506, -37.0297637131759], [174.533031537493, -37.029751293305], [174.533032153653, -37.0297393857335], [174.533032882398, -37.0297279895747], [174.533033724888, -37.0297171066163], [174.533034682211, -37.0297067350416], [174.533035752137, -37.0296968757807], [174.533036935772, -37.029687527918], [174.533038233134, -37.0296786923546], [174.533039644222, -37.0296703690906], [174.533041167914, -37.0296625581403], [174.533042806438, -37.0296552585737], [174.533044557566, -37.0296484713209], [174.533046423526, -37.0296421954518], [174.533048402107, -37.0296364327976], [174.533050494397, -37.0296311815416], [174.533052700413, -37.0296264425848], [174.533055016604, -37.0296222069598], [174.533057290935, -37.0296181260063], [174.533059440855, -37.0296140079024], [174.533061466363, -37.0296098526482], [174.533063366335, -37.0296056602582], [174.533065141896, -37.0296014307179], [174.533066793064, -37.0295971649283], [174.533068318678, -37.0295928611018], [174.533069719899, -37.029588521026], [174.53307099669, -37.0295841428989], [174.533072149088, -37.0295797285225], [174.533073175951, -37.0295752770104], [174.533074078403, -37.0295707883479], [174.533074856443, -37.0295662625352], [174.533075510072, -37.0295616995721], [174.533076038184, -37.0295571003743], [174.533076441866, -37.0295524631251], [174.533076721156, -37.0295477896268], [174.533076876034, -37.0295430789781], [174.533076905377, -37.0295383311937], [174.533076810309, -37.0295335462589], [174.533076601815, -37.029528711413], [174.533076429653, -37.02952367059], [174.53307634003, -37.0295183736186], [174.533076331823, -37.0295128205134], [174.533076407299, -37.0295070121463], [174.53307656419, -37.0295009476453], [174.533076802497, -37.0294946270105], [174.533077124486, -37.0294880511139], [174.533077527891, -37.0294812190834], [174.53307801273, -37.0294741318201], [174.533078581232, -37.0294667883939], [174.533079231168, -37.0294591897349], [174.533079963644, -37.0294513349276], [174.533080777536, -37.0294432239863], [174.533081673985, -37.0294348577977], [174.533082652974, -37.0294262354608], [174.533083714502, -37.0294173569754], [174.533084857464, -37.0294082232572], [174.533086082984, -37.0293988342917], [174.533087391025, -37.0293891882767], [174.533088780499, -37.0293792870289], [174.533090229562, -37.0293692182615], [174.533091598078, -37.0293595047651], [174.533092861971, -37.029350235183], [174.533094021224, -37.0293414086142], [174.533095078103, -37.0293330259307], [174.533096029235, -37.029325087176], [174.533096877994, -37.0293175923067], [174.533097620988, -37.0293105404652], [174.53309826159, -37.0293039316078], [174.533098797589, -37.0292977675659], [174.533099228947, -37.0292920465373], [174.533099556807, -37.0292867694085], [174.533099781151, -37.0292819352785], [174.533099900874, -37.0292775450628], [174.533099915975, -37.0292735987616], [174.533099827559, -37.029270095459], [174.533099635646, -37.0292670360563], [174.533099339093, -37.0292644196669], [174.53309893906, -37.0292622480784], [174.533098434387, -37.0292605195032], [174.533097826199, -37.0292592339267], [174.533097127167, -37.0292582947409], [174.533096376959, -37.0292573823555], [174.533095581831, -37.0292564723532], [174.533094739553, -37.0292555656643], [174.533093851248, -37.0292546622743], [174.533092915756, -37.0292537603953], [174.533091934238, -37.0292528618152], [174.533090905551, -37.0292519656473], [174.533089831961, -37.0292510727637], [174.533088710079, -37.0292501823069], [174.533087543277, -37.0292492942332], [174.533086329305, -37.0292484085718], [174.533085069307, -37.0292475262092], [174.533083762159, -37.0292466471599], [174.533082408948, -37.0292457696072], [174.53308100971, -37.0292448953533], [174.533079563304, -37.0292440235116], [174.533078070871, -37.0292431549688], [174.53307653127, -37.0292422888381], [174.533074945623, -37.0292414251051], [174.533073313951, -37.029240564671], [174.533071594848, -37.0292397170841], [174.533069711125, -37.0292389013691], [174.533067663908, -37.0292381175112], [174.533065452089, -37.0292373664263], [174.533063074546, -37.0292366481287], [174.533060532383, -37.0292359617029], [174.533057825602, -37.0292353071488], [174.533054954237, -37.0292346862686], [174.533051918235, -37.029234096359], [174.533048716527, -37.0292335401378], [174.533045350199, -37.0292330157884], [174.533041820376, -37.029232523296], [174.533038124828, -37.029232063591], [174.533034263556, -37.0292316366732], [174.533030238788, -37.0292312416125], [174.533026048277, -37.029230878438], [174.533021693165, -37.0292305480361], [174.533017173452, -37.0292302504069], [174.53301248912, -37.0292299846492], [174.533007640186, -37.0292297516642], [174.533002626652, -37.0292295514518], [174.532997590367, -37.0292293938966], [174.532992676589, -37.0292292906419], [174.532987884212, -37.0292292426031], [174.532983213236, -37.0292292497805], [174.532978663625, -37.0292293103718], [174.532974235415, -37.0292294261791], [174.53296992973, -37.0292295971881], [174.532965745428, -37.0292298225121], [174.532961681385, -37.0292301021657], [174.532957740972, -37.0292304361053], [174.532953920837, -37.0292308252756], [174.532950222085, -37.029231268761], [174.53294664584, -37.0292317665469], [174.532943190996, -37.0292323195491], [174.532939857535, -37.0292329268664], [174.532936645475, -37.0292335893999], [174.532933555903, -37.0292343053329], [174.532930586627, -37.0292350773978], [174.53292773984, -37.0292359028623], [174.532925014453, -37.029236783543], [174.532922409308, -37.0292377176523], [174.532919877398, -37.0292386598287], [174.532917394597, -37.0292395842449], [174.532914958675, -37.0292404918311], [174.532912570738, -37.0292413816715], [174.532910230821, -37.0292422555685], [174.532907938871, -37.0292431108187], [174.532905694941, -37.0292439501254], [174.532903497872, -37.029244771701], [174.53290134993, -37.0292455764175], [174.532899248849, -37.0292463634028], [174.53289719577, -37.0292471335436], [174.532895190675, -37.0292478859387], [174.532893233602, -37.0292486223903], [174.532891324495, -37.0292493401952], [174.532889463409, -37.0292500420566], [174.532887650307, -37.0292507261723], [174.532885884084, -37.0292513934581], [174.532884165846, -37.0292520429981], [174.532882496735, -37.0292526756792], [174.532880874484, -37.029253290629], [174.532879293529, -37.0292538906237], [174.532877664244, -37.0292544912429], [174.532875958642, -37.0292550982561], [174.532874178987, -37.0292557125357], [174.532872322996, -37.0292563323082], [174.532870390704, -37.029256959376], [174.532868383219, -37.0292575928235], [174.532866300539, -37.0292582326506], [174.53286414154, -37.0292588788718], [174.532861907348, -37.0292595314727], [174.532859597979, -37.0292601913542], [174.532857212273, -37.0292608567288], [174.532854751392, -37.0292615293841], [174.532852214174, -37.0292622075324], [174.53284960178, -37.0292628929614], [174.532846914191, -37.02926358477], [174.532844150284, -37.0292642829727], [174.532841311183, -37.029264987555], [174.532838396906, -37.029265699418], [174.532835406292, -37.029266416774], [174.532832340501, -37.0292671414106], [174.532829190743, -37.0292678833563], [174.532825913399, -37.0292687098746], [174.532822499696, -37.0292696318948], [174.532818950757, -37.0292706494025], [174.53281526546, -37.0292717624123], [174.532811444927, -37.0292729709095], [174.532807488052, -37.0292742758097], [174.532803395943, -37.0292756761975], [174.532799167473, -37.0292771720871], [174.532794803751, -37.0292787625631], [174.532790303705, -37.0292804503432], [174.532785668406, -37.0292822327096], [174.532780896747, -37.0292841105779], [174.53277598987, -37.0292860848346], [174.532770946616, -37.0292881536921], [174.532765768145, -37.029290318938], [174.532760453313, -37.0292925796857], [174.532755002123, -37.0292949359353], [174.53274941682, -37.0292973876576], [174.532743694052, -37.0292999357972], [174.53273783603, -37.029302578523], [174.532731923242, -37.0293052931627], [174.532726217148, -37.0293079997235], [174.532720737868, -37.0293106925376], [174.532715485386, -37.0293133707038], [174.532710459719, -37.0293160351233], [174.532705660868, -37.029318685796], [174.532701089956, -37.0293213227076], [174.532696745842, -37.0293239449714], [174.532692628561, -37.0293265543896], [174.532688738059, -37.029329148259], [174.532685074391, -37.029331729283], [174.532681637539, -37.0293342965604], [174.532678427484, -37.0293368491901], [174.532675445368, -37.0293393880588], [174.53267269005, -37.0293419122798], [174.532670161566, -37.0293444236555], [174.53266785988, -37.0293469203835], [174.532665785009, -37.0293494033651], [174.532663936954, -37.0293518726003], [174.53266231682, -37.0293543271733], [174.532660923503, -37.0293567679999], [174.532659607138, -37.0293591780879], [174.53265809726, -37.0293615248773], [174.532656386001, -37.0293638084698], [174.532654473324, -37.0293660270632], [174.532652360409, -37.0293681833464], [174.532650046094, -37.0293702755315], [174.532647530379, -37.0293723036186], [174.532644814408, -37.0293742684943], [174.532641897055, -37.029376170173], [174.532638778303, -37.0293780077537], [174.532635459276, -37.0293797812217], [174.532631938867, -37.0293814914928], [174.532628217059, -37.0293831376657], [174.532624294994, -37.0293847206272], [174.532620171547, -37.0293862403915], [174.532615847826, -37.0293876960432], [174.532611322704, -37.0293890875967], [174.532606596202, -37.0293904159531], [174.532601669424, -37.0293916801967], [174.532596540141, -37.0293928812577], [174.532591211706, -37.0293940181913], [174.532585771731, -37.0293951430454], [174.532580312304, -37.0293963069085], [174.532574832301, -37.0293975097953], [174.532569333969, -37.0293987516765], [174.532563813919, -37.0294000316947], [174.532558275559, -37.0294013516085], [174.532552716605, -37.0294027096448], [174.532547137075, -37.0294041067047], [174.532541538092, -37.0294055427735], [174.532535919657, -37.0294070178514], [174.53253028177, -37.0294085319384], [174.532524623307, -37.0294100850489], [174.532518945373, -37.0294116762672], [174.532513246881, -37.0294133074103], [174.532507528919, -37.0294149766612], [174.532501791505, -37.0294166849212], [174.532496033514, -37.0294184322047], [174.532490256071, -37.0294202184972], [174.532484458052, -37.0294220438132], [174.53247864058, -37.0294239081382], [174.532472805868, -37.029425809641], [174.532467056793, -37.0294276649699], [174.532461450947, -37.0294294310174], [174.532455988295, -37.0294311059814], [174.532450667749, -37.0294326916788], [174.532445490398, -37.0294341862926], [174.532440456276, -37.0294355916253], [174.532435564224, -37.029436905889], [174.532430815402, -37.0294381308716], [174.53242620865, -37.0294392647853], [174.532421745129, -37.0294403094179], [174.532417424801, -37.0294412629671], [174.53241324658, -37.0294421272497], [174.532409211552, -37.029442900449], [174.532405319755, -37.0294435843672], [174.532401570028, -37.0294441772166], [174.532397963513, -37.0294446798838], [174.532394500229, -37.02944509327], [174.532391179014, -37.0294454155875], [174.53238800103, -37.029445648624], [174.532384966241, -37.0294457905772], [174.532382059091, -37.0294458506615], [174.532379099587, -37.0294459348572], [174.532376031043, -37.0294460754434], [174.532372853477, -37.0294462733215], [174.53236956687, -37.0294465275901], [174.532366171223, -37.0294468382494], [174.532362666535, -37.0294472052993], [174.532359052825, -37.029447629641], [174.53235532895, -37.0294481103877], [174.532351497159, -37.0294486475105], [174.532347556327, -37.0294492410239], [174.532343506473, -37.029449891829], [174.532339347578, -37.0294505990247], [174.532335078519, -37.0294513626254], [174.532330701543, -37.0294521826021], [174.532326215545, -37.0294530598705], [174.532321620506, -37.0294539935293], [174.532316915302, -37.0294549835932], [174.532312102182, -37.0294560300331], [174.532307180039, -37.0294571337645], [174.532302148856, -37.0294582938864], [174.532297021865, -37.029459497609], [174.532291887389, -37.0294606644726], [174.53228675866, -37.0294617816877], [174.53228163566, -37.0294628483529], [174.532276518426, -37.0294638662707], [174.532271408064, -37.0294648345252], [174.532266302308, -37.0294657522445], [174.532261203423, -37.0294666203006], [174.532256109161, -37.0294674387226], [174.532251021771, -37.0294682074814], [174.532245940129, -37.0294689265916], [174.532240864235, -37.0294695960531], [174.532235794088, -37.0294702158659], [174.532230730795, -37.0294707851145], [174.532225672143, -37.0294713056301], [174.532220620346, -37.0294717755813], [174.532215573171, -37.0294721958985], [174.532210532869, -37.0294725665524], [174.532205498314, -37.0294728875578], [174.53220046949, -37.0294731580133], [174.53219544643, -37.0294733797213], [174.532190399063, -37.0294735665905], [174.53218522944, -37.0294737676572], [174.532179928644, -37.0294739866421], [174.532174497816, -37.0294742244318], [174.532168935814, -37.0294744801395], [174.53216324378, -37.029474754652], [174.532157421696, -37.0294750470681], [174.532151468439, -37.0294753574022], [174.532145385149, -37.029475686541], [174.532139170686, -37.0294760335978], [174.532132826173, -37.0294763985581], [174.532126351628, -37.029476782323], [174.532119745909, -37.0294771840058], [174.532113010158, -37.0294776044932], [174.532106143234, -37.0294780428985], [174.532099146259, -37.0294784992073], [174.532092019253, -37.0294789743204], [174.532084761072, -37.0294794673515], [174.532077372842, -37.0294799782858], [174.53206985458, -37.0294805080246], [174.532062205161, -37.0294810565823], [174.532054484936, -37.0294816060539], [174.532046802398, -37.0294821288991], [174.532039162009, -37.0294826232578], [174.53203156152, -37.0294830891588], [174.532024000949, -37.0294835275035], [174.532016482526, -37.0294839373615], [174.532009004021, -37.0294843196631], [174.532001566522, -37.0294846725915], [174.531994170084, -37.0294849988501], [174.531986814652, -37.0294852957356], [174.531979499138, -37.0294855650646], [174.531972224666, -37.0294858068227], [174.5319649912, -37.0294860192078], [174.531957798776, -37.0294862040218], [174.531950646271, -37.0294863612796], [174.53194353479, -37.0294864900653], [174.531936464334, -37.029486590379], [174.531929434919, -37.0294866631219], [174.531922445387, -37.0294867065062], [174.531915496915, -37.0294867232207], [174.531908589449, -37.0294867105622], [174.531901787887, -37.029486653271], [174.531895157056, -37.0294865324831], [174.531888696973, -37.0294863490997], [174.531882407639, -37.0294861031207], [174.531876289035, -37.0294857936452], [174.531870342303, -37.0294854215596], [174.531864566302, -37.0294849859775], [174.531858959925, -37.0294844878145], [174.531853525421, -37.0294839270415], [174.53184826277, -37.0294833027576], [174.531843169745, -37.0294826158928], [174.531838247449, -37.0294818655316], [174.531833497045, -37.0294810534617], [174.531828916228, -37.0294801770087], [174.531824507303, -37.0294792388471], [174.531820269107, -37.0294782371892], [174.531816201642, -37.0294771720349], [174.53181230605, -37.0294760442708], [174.531808580082, -37.0294748539261], [174.531805025968, -37.0294736000706], [174.531801639232, -37.0294722836635], [174.531798311974, -37.0294709060978], [174.531794983486, -37.0294694672562], [174.531791652662, -37.0294679680543], [174.531788321749, -37.0294664084631], [174.531784989605, -37.0294647875959], [174.531781656249, -37.0294631063539], [174.531778320538, -37.0294613638504], [174.531774984738, -37.0294595609576], [174.531771647708, -37.0294576967888], [174.531768309484, -37.0294557731464], [174.531764968887, -37.0294537873413], [174.531761628219, -37.029451742048], [174.531758286321, -37.0294496354788], [174.53175494321, -37.0294474685348], [174.531751597745, -37.0294452403292], [174.531748252191, -37.0294429517344], [174.531744905407, -37.0294406018636], [174.53174155741, -37.029438191618], [174.531738207077, -37.029435721012], [174.531734856637, -37.0294331891156], [174.531731506253, -37.0294306040387], [174.531728177985, -37.0294280565329], [174.531724879154, -37.0294255753467], [174.531721608619, -37.0294231595936], [174.531718367504, -37.0294208092591], [174.531715154703, -37.0294185252587], [174.531711971339, -37.0294163075781], [174.531708816271, -37.0294141553305], [174.53170569064, -37.0294120694026], [174.531702593306, -37.0294100489078], [174.531699524266, -37.029408093846], [174.531696485789, -37.0294062050895], [174.531693474501, -37.0294043826817], [174.531690493757, -37.0294026256779], [174.531687540203, -37.0294009350229], [174.531684616068, -37.0293993097864], [174.531681721353, -37.0293977499686], [174.531678854969, -37.0293962573861], [174.531676017987, -37.029394829321], [174.531673209319, -37.0293934675902], [174.531670430088, -37.0293921721791], [174.531667682488, -37.0293909403553], [174.531664989959, -37.0293897637042], [174.531662354694, -37.0293886394932], [174.531659776694, -37.0293875677225], [174.5316572571, -37.0293865492787], [174.531654793646, -37.0293855832896], [174.531652389722, -37.0293846706128], [174.531650041939, -37.0293838103908], [174.531647752562, -37.0293830034956], [174.531645520431, -37.0293822481396], [174.531643346724, -37.0293815470115], [174.531641230264, -37.0293808974226], [174.531639171086, -37.0293803011751], [174.53163716919, -37.0293797582689], [174.531635225682, -37.0293792677885], [174.531633339439, -37.0293788297484], [174.531631511601, -37.0293784450352], [174.531629739904, -37.0293781127767], [174.531628027719, -37.0293778329295], [174.531626371693, -37.0293776064382], [174.531624774072, -37.0293774332738], [174.531623205346, -37.0293772993957], [174.531621575928, -37.0293771663012], [174.53161987786, -37.0293770295861], [174.531618111142, -37.0293768892506], [174.531616276916, -37.0293767461812], [174.531614372915, -37.0293765995058], [174.531612401407, -37.0293764500965], [174.531610361249, -37.0293762970668], [174.531608252459, -37.0293761413176], [174.531606075018, -37.029375981948], [174.531603830052, -37.0293758189433], [174.531601516453, -37.0293756532192], [174.531599134205, -37.0293754838746], [174.531596683324, -37.0293753118106], [174.531594163794, -37.0293751361261], [174.531591576755, -37.0293749577076], [174.531588921066, -37.0293747756686], [174.531586196746, -37.0293745909102], [174.531583403775, -37.0293744025313], [174.531580542154, -37.0293742105318], [174.531577613025, -37.0293740157983], [174.531574602938, -37.0293738203073], [174.531571491733, -37.0293736279242], [174.53156827941, -37.0293734386492], [174.531564964865, -37.0293732533978], [174.531561548078, -37.029373071269], [174.531558030192, -37.0293728931492], [174.531554410065, -37.029372718152], [174.531550687715, -37.0293725471783], [174.531546864248, -37.0293723793126], [174.531542938539, -37.0293722145693], [174.531538910608, -37.0293720538497], [174.531534781559, -37.0293718962379], [174.531530550287, -37.0293717426498], [174.531526217897, -37.0293715921695], [174.531521782161, -37.0293714457272], [174.531517246431, -37.0293713023784], [174.531512607336, -37.0293711621664], [174.531507867142, -37.0293710259634], [174.531503025831, -37.0293708928683], [174.531498081172, -37.0293707638111], [174.531493035397, -37.0293706378618], [174.531488013658, -37.0293705332344], [174.531483140022, -37.0293704699596], [174.531478415577, -37.0293704462208], [174.531473840341, -37.029370462919], [174.531469414332, -37.0293705209555], [174.53146513639, -37.0293706185426], [174.531461007657, -37.0293707565667], [174.531457028115, -37.0293709341269], [174.531453196676, -37.0293711530399], [174.531449515552, -37.0293714114745], [174.531445982531, -37.0293717112619], [174.531442597577, -37.0293720505999], [174.531439362955, -37.0293724303606], [174.531436276419, -37.029372850573], [174.531433339091, -37.0293733112227], [174.531430550973, -37.0293738123097], [174.531427910921, -37.0293743529473], [174.531425420096, -37.0293749349234], [174.531423078462, -37.0293755564356], [174.531420886037, -37.0293762183851], [174.531418841734, -37.0293769225887], [174.531416906031, -37.0293777164266], [174.531415058116, -37.029378627208], [174.531413297991, -37.0293796549329], [174.531411626779, -37.0293807995868], [174.531410042232, -37.0293820611988], [174.531408546598, -37.0293834397397], [174.531407138753, -37.0293849352241], [174.531405818696, -37.0293865476521], [174.531404586429, -37.0293882770236], [174.531403441951, -37.0293901233386], [174.531402386385, -37.0293920865826], [174.531401417466, -37.0293941658836], [174.531400537479, -37.0293963630147], [174.531399744156, -37.0293986771038], [174.531399039747, -37.029401108122], [174.531398423126, -37.0294036560836], [174.531397894295, -37.0294063209889], [174.531397454376, -37.0294091028231], [174.531397101104, -37.0294120007143], [174.531396836764, -37.0294150164356], [174.531396653324, -37.0294181419786], [174.531396474651, -37.0294212809803], [174.531396275458, -37.0294244058252], [174.531396056832, -37.0294275146968], [174.531395817686, -37.0294306094116], [174.531395559126, -37.0294336890541], [174.531395280028, -37.0294367536388], [174.531394981496, -37.02943980225], [174.531394663569, -37.02944283669], [174.531394323979, -37.0294458560867], [174.531393966099, -37.0294488603965], [174.53139358768, -37.0294518496486], [174.531393188723, -37.0294548238428], [174.531392770352, -37.0294577829646], [174.53139233146, -37.0294607279298], [174.531391873136, -37.0294636569215], [174.531391395397, -37.0294665708409], [174.531390896014, -37.0294694706181], [174.531390378323, -37.0294723544073], [174.531389840111, -37.0294752240398], [174.531389281343, -37.0294780777134], [174.531388705155, -37.02948090367], [174.531388120106, -37.0294836242832], [174.53138752926, -37.0294862241903], [174.531386932672, -37.0294887060948], [174.531386328058, -37.0294910682235], [174.531385718789, -37.0294933105328], [174.531385102636, -37.0294954339529], [174.531384479599, -37.0294974384837], [174.531383850783, -37.0294993232097], [174.531383215083, -37.0295010890464], [174.531382573604, -37.0295027350783], [174.531381926365, -37.0295042622065], [174.531381271117, -37.0295056704599], [174.531380611216, -37.0295069588939], [174.531379944429, -37.0295081284387], [174.531379270741, -37.0295091781932], [174.531378591292, -37.0295101090439], [174.531377904959, -37.0295109210053], [174.531377212847, -37.029511613162], [174.531376513833, -37.0295121855282], [174.531375809058, -37.0295126389907], [174.531375079905, -37.0295129981263], [174.53137426499, -37.0295133412432], [174.531373359924, -37.0295136738062], [174.531372365852, -37.029513996702], [174.531371281647, -37.029514309945], [174.531370107293, -37.0295146126341], [174.53136884395, -37.029514906557], [174.531367490457, -37.0295151899261], [174.531366047938, -37.0295154627267], [174.531364515306, -37.0295157267757], [174.531362892524, -37.0295159802707], [174.531361180734, -37.0295162240985], [174.531359378813, -37.0295164582735], [174.531357486761, -37.0295166827957], [174.531355505683, -37.0295168967494], [174.531353434473, -37.0295171010503], [174.531351273132, -37.0295172956985], [174.531349022765, -37.0295174797782], [174.531346682284, -37.0295176551062], [174.531344252778, -37.0295178198657], [174.53134173314, -37.0295179749724], [174.531339154787, -37.0295181173167], [174.531336574984, -37.0295182434553], [174.531333994855, -37.0295183533739], [174.531331413258, -37.0295184461857], [174.53132883246, -37.0295185227628], [174.531326251336, -37.0295185831198], [174.531323669868, -37.0295186263556], [174.531321088074, -37.0295186533712], [174.531318505937, -37.0295186632655], [174.53131592235, -37.0295186569543], [174.531313339561, -37.0295186344084], [174.531310756429, -37.0295185947412], [174.53130817297, -37.0295185388539], [174.531305589186, -37.0295184667464], [174.531303005059, -37.0295183775177], [174.531300419481, -37.0295182720834], [174.531297834702, -37.0295181504144], [174.531295249579, -37.0295180116242], [174.531292664112, -37.0295178557127], [174.531290078338, -37.0295176844822], [174.53128749222, -37.0295174961304], [174.531284925772, -37.0295172795829], [174.531282400131, -37.0295170237506], [174.531279915315, -37.0295167295346], [174.531277470183, -37.0295163960483], [174.531275065841, -37.0295160223761], [174.531272702324, -37.0295156103203], [174.531270379614, -37.0295151589797], [174.531268097711, -37.0295146683543], [174.531265855511, -37.0295141393598], [174.531263654099, -37.0295135701793], [174.531261493513, -37.0295129626153], [174.531259372592, -37.0295123148798], [174.531257292497, -37.0295116287607], [174.531255253209, -37.0295109033569], [174.531253254729, -37.0295101386683], [174.531251297056, -37.0295093346949], [174.531249379067, -37.0295084914513], [174.531247501903, -37.029507609824], [174.531245665528, -37.0295066880109], [174.531243868855, -37.0295057278287], [174.531242114095, -37.029504727446], [174.531240401758, -37.0295036562106], [174.531238735994, -37.0295024969432], [174.531237114574, -37.0295012505738], [174.531235537481, -37.0294999162014], [174.531234006979, -37.0294984946981], [174.531232521928, -37.0294969851773], [174.531231081202, -37.0294953876535], [174.531229685945, -37.0294937030133], [174.531228336156, -37.0294919312567], [174.531227031799, -37.0294900705815], [174.531225771786, -37.0294881228043], [174.531224558365, -37.0294860878963], [174.531223389271, -37.0294839649853], [174.531222265626, -37.0294817540567], [174.531221186326, -37.0294794560263], [174.531220153599, -37.0294770699639], [174.531219165199, -37.0294745958985], [174.53121822339, -37.0294720347021], [174.531217325926, -37.0294693864039], [174.531216473894, -37.0294666491871], [174.531215661892, -37.0294638339376], [174.531214824636, -37.0294610487585], [174.531213943689, -37.0294583272378], [174.531213017964, -37.0294556711922], [174.531212048549, -37.0294530788049], [174.531211034319, -37.0294505500905], [174.531209974187, -37.0294480868656], [174.531208871488, -37.0294456872846], [174.531207722851, -37.0294433513909], [174.53120653056, -37.0294410809578], [174.531205293454, -37.0294388741976], [174.531204011533, -37.0294367311102], [174.531202685958, -37.0294346534833], [174.531201314445, -37.0294326395438], [174.531199900365, -37.0294306892481], [174.531198440383, -37.029428804442], [174.531196935586, -37.0294269833087], [174.531195387099, -37.0294252258337], [174.531193793833, -37.0294235338338], [174.531192156877, -37.0294219054922], [174.531190474001, -37.0294203417391], [174.531188750806, -37.0294188416008], [174.531187011003, -37.0294174101793], [174.531185256804, -37.0294160456435], [174.531183489351, -37.0294147488799], [174.531181708644, -37.0294135198885], [174.531179913559, -37.0294123586839], [174.53117810522, -37.0294112652515], [174.531176282502, -37.0294102396058], [174.531174447655, -37.0294092817178], [174.53117259843, -37.0294083916166], [174.531170734809, -37.029407568401], [174.531168859075, -37.0294068138442], [174.531166968964, -37.0294061270742], [174.531165064456, -37.0294055071898], [174.531163147818, -37.0294049550631], [174.531161216821, -37.0294044716243], [174.531159271427, -37.029404055071], [174.531157313903, -37.0294037062755], [174.531155342001, -37.0294034252667], [174.531153356845, -37.0294032120301], [174.531151357311, -37.0294030665803], [174.531149339973, -37.0294029862573], [174.531147291162, -37.0294029622242], [174.531145208614, -37.0294029936088], [174.531143092327, -37.0294030804111], [174.531140943444, -37.0294032235176], [174.531138760823, -37.0294034220419], [174.531136544464, -37.0294036759839], [174.53113429549, -37.029403985329], [174.531132012797, -37.029404350993], [174.531129697489, -37.0294047720601], [174.531127348443, -37.029405248545], [174.531124965659, -37.0294057804475], [174.531122550278, -37.0294063686543], [174.53112010116, -37.0294070122788], [174.531117618303, -37.0294077113209], [174.53111510285, -37.0294084666674], [174.531112553641, -37.0294092765304], [174.531109971836, -37.0294101426977], [174.53110735631, -37.0294110651838], [174.531104707028, -37.0294120421864], [174.531102024026, -37.0294130755078], [174.531099328477, -37.0294141558613], [174.531096651599, -37.029415270225], [174.531093996727, -37.0294164167532], [174.531091363878, -37.029417596347], [174.53108875193, -37.029418809021], [174.531086160882, -37.0294200547751], [174.531083591839, -37.0294213326937], [174.531081043697, -37.0294226436925], [174.531078516454, -37.0294239877714], [174.531076011236, -37.029425364916], [174.531073526899, -37.0294267742395], [174.531071063462, -37.0294282166432], [174.53106862205, -37.0294296921126], [174.531066201537, -37.0294312006621], [174.53106380303, -37.0294327413761], [174.531061425423, -37.0294343151703], [174.531059068716, -37.0294359220446], [174.531056734033, -37.0294375619846], [174.531054420232, -37.0294392341037], [174.531052128455, -37.0294409392883], [174.531049857578, -37.0294426775531], [174.531047594729, -37.0294444797101], [174.531045327, -37.029446374769], [174.531043053302, -37.0294483645466], [174.531040775866, -37.0294504481126], [174.531038493569, -37.0294526254817], [174.531036205284, -37.0294548966683], [174.531033912138, -37.029457261658], [174.531031614129, -37.0294597204507], [174.531029311277, -37.0294622739475], [174.531027003543, -37.0294649203462], [174.531024690966, -37.0294676614491], [174.531022373527, -37.029470496355], [174.531020050101, -37.0294734250785], [174.531017722937, -37.0294764475904], [174.531015389786, -37.0294795639199], [174.531013051791, -37.0294827749536], [174.531010708916, -37.0294860788891], [174.531008361197, -37.0294894775288], [174.531006008615, -37.0294929699715], [174.531003650047, -37.0294965562318], [174.531001288811, -37.0295002335627], [174.53099896896, -37.0295039004446], [174.530996717473, -37.0295075006458], [174.530994532064, -37.029511032393], [174.530992415036, -37.0295144983606], [174.530990366352, -37.0295178967463], [174.530988383766, -37.0295212275791], [174.530986469543, -37.0295244917312], [174.53098462254, -37.0295276883159], [174.530982843901, -37.0295308182199], [174.530981131358, -37.0295338805711], [174.530979487178, -37.0295368762415], [174.53097791022, -37.0295398043446], [174.530976401624, -37.029542665767], [174.530974959125, -37.0295454596365], [174.530973584971, -37.0295481859242], [174.530972278074, -37.0295508464467], [174.530971039504, -37.0295534384864], [174.530969868192, -37.0295559647609], [174.530968762958, -37.0295584225815], [174.530967727211, -37.0295608137069], [174.53096675205, -37.0295631427587], [174.530965765578, -37.029565468351], [174.530964744553, -37.0295678088108], [174.530963690099, -37.0295701641236], [174.530962601112, -37.029572535205], [174.530961477553, -37.0295749202527], [174.530960320584, -37.0295773210545], [174.530959129063, -37.0295797367238], [174.530957902989, -37.0295821672605], [174.530956642362, -37.0295846126647], [174.530955348326, -37.0295870738229], [174.530954019718, -37.0295895489475], [174.5309526577, -37.0295920398262], [174.530951260006, -37.0295945455868], [174.530949828883, -37.0295970662004], [174.530948364331, -37.029599601667], [174.530946864121, -37.0296021529166], [174.530945330483, -37.0296047190191], [174.530943762274, -37.029607299088], [174.530942160654, -37.029609894911], [174.5309405245, -37.0296125065025], [174.530938856876, -37.0296151185002], [174.53093717749, -37.0296176486267], [174.530935489461, -37.0296200842232], [174.53093379277, -37.0296224243883], [174.530932087419, -37.0296246691222], [174.530930373406, -37.0296268184248], [174.530928651856, -37.0296288722816], [174.53092692052, -37.0296308307217], [174.530925180542, -37.0296326946316], [174.530923431902, -37.0296344631102], [174.530921674583, -37.0296361352564], [174.530919909745, -37.0296377128579], [174.530918135122, -37.0296391950427], [174.530916351856, -37.0296405826973], [174.530914561034, -37.029641874005], [174.530912760428, -37.0296430698959], [174.530910951178, -37.0296441712566], [174.530909134391, -37.0296451771716], [174.530907307819, -37.0296460876698], [174.530905472586, -37.0296469027367], [174.530903629815, -37.0296476223578], [174.530901784383, -37.0296482653986], [174.530899956572, -37.0296488901849], [174.530898149845, -37.029649501179], [174.530896364237, -37.0296501001829], [174.53089459857, -37.0296506845078], [174.530892852899, -37.0296512568572], [174.530891127169, -37.0296518145277], [174.530889422559, -37.029652360208], [174.530887736784, -37.0296528921251], [174.530886073216, -37.0296534102353], [174.530884428502, -37.0296539154833], [174.53088280489, -37.0296544078401], [174.530881201236, -37.0296548864191], [174.530879618685, -37.0296553521069], [174.530878054968, -37.0296558040314], [174.530876513478, -37.0296562430502], [174.530874990822, -37.0296566683056], [174.530873489268, -37.0296570806699], [174.530872007674, -37.0296574792563], [174.530870546057, -37.0296578649661], [174.530869104417, -37.0296582377991], [174.530867677009, -37.0296585915202], [174.530866249058, -37.0296589182078], [174.530864820564, -37.0296592178618], [174.530863390368, -37.0296594886947], [174.530861960753, -37.0296597324796], [174.530860530595, -37.0296599492309], [174.530859099876, -37.0296601380477], [174.530857668597, -37.0296602989298], [174.530856235651, -37.029660432793], [174.530854803268, -37.0296605387071], [174.530853370324, -37.0296606166865], [174.530851936838, -37.0296606676325], [174.530850502791, -37.0296606906438], [174.530849067059, -37.0296606857351], [174.530847631909, -37.0296606537783], [174.530846196198, -37.0296605938869], [174.530844759944, -37.0296605069621], [174.530843323129, -37.0296603921026], [174.53084188463, -37.0296602493231], [174.530840446712, -37.0296600794955], [174.530839008233, -37.0296598817333], [174.530837559023, -37.0296596534637], [174.530836087808, -37.0296593930294], [174.530834595693, -37.029659099515], [174.530833081554, -37.0296587729347], [174.530831546515, -37.0296584132742], [174.530829990593, -37.0296580214346], [174.530828412648, -37.0296575965292], [174.530826813803, -37.0296571385435], [174.530825194058, -37.0296566474776], [174.530823552307, -37.029656124247], [174.530821889655, -37.0296555679362], [174.53082020498, -37.0296549785596], [174.530818500529, -37.0296543560882], [174.530816772948, -37.0296537014668], [174.530815025591, -37.0296530137505], [174.530813256209, -37.0296522929684], [174.530811464804, -37.0296515391207], [174.530809652517, -37.0296507530937], [174.530807819312, -37.0296499330854], [174.530805965225, -37.0296490808979], [174.53080408915, -37.0296481974469], [174.530802215667, -37.029647331088], [174.530800357663, -37.0296465077942], [174.530798512927, -37.0296457293965], [174.530796683689, -37.029644994965], [174.530794868823, -37.0296443045141], [174.530793069438, -37.0296436571283], [174.53079128332, -37.0296430546386], [174.530789512699, -37.0296424961151], [174.530787756452, -37.0296419815722], [174.530786015685, -37.0296415100943], [174.530784288185, -37.0296410835126], [174.530782576182, -37.0296407008971], [174.530780878553, -37.0296403622622], [174.530779196404, -37.0296400666923], [174.530777527522, -37.0296398160186], [174.530775874137, -37.0296396093111], [174.530774235126, -37.0296394465842], [174.530772611613, -37.0296393278234], [174.530771001331, -37.0296392521566], [174.530769406564, -37.0296392213571], [174.530767825065, -37.0296392354539], [174.530766236947, -37.0296393118291], [174.530764636644, -37.0296394532586], [174.530763023086, -37.0296396624604], [174.530761397362, -37.0296399376176], [174.530759759471, -37.0296402787303], [174.530758109431, -37.0296406866996], [174.5307564461, -37.0296411606388], [174.530754771745, -37.0296417014201], [174.530753084099, -37.0296423081714], [174.53075138318, -37.0296429817938], [174.530749671218, -37.0296437213571], [174.530747945984, -37.0296445277914], [174.530746208601, -37.0296454010824], [174.530744459033, -37.0296463394277], [174.53074269621, -37.0296473455452], [174.530740921221, -37.0296484176181], [174.530739134065, -37.0296495556466], [174.53073733476, -37.0296507605315], [174.530735522164, -37.0296520313865], [174.530733698544, -37.0296533690835], [174.530731846006, -37.0296547783602], [174.530729880835, -37.0296562891399], [174.530727786262, -37.0296579061457], [174.530725563428, -37.0296596302642], [174.530723211193, -37.0296614606089], [174.53072073068, -37.0296633971652], [174.530718121906, -37.0296654408341], [174.530715383731, -37.0296675907292], [174.530712517295, -37.0296698477369], [174.530709521458, -37.0296722109707], [174.530706397342, -37.0296746804161], [174.530703144966, -37.0296772569741], [174.530699763187, -37.0296799397582], [174.530696253131, -37.0296827287538], [174.530692614814, -37.029685624862], [174.530688847095, -37.0296886271963], [174.530684951115, -37.0296917366431], [174.530680925733, -37.0296949523159], [174.530676772091, -37.0296982751013], [174.530672489029, -37.0297017032115], [174.530668078848, -37.0297052393209], [174.530663573545, -37.0297088532721], [174.530659086044, -37.02971245798], [174.530654627422, -37.0297160451895], [174.530650194324, -37.0297196158452], [174.530645790122, -37.0297231699036], [174.530641411427, -37.0297267065072], [174.530637061628, -37.0297302265135], [174.530632737353, -37.029733729966], [174.530628441957, -37.0297372159201], [174.530624173209, -37.029740685306], [174.530619931092, -37.0297441372225], [174.530615716746, -37.0297475725563], [174.53061152905, -37.0297509913218], [174.530607369108, -37.0297543926035], [174.530603235814, -37.0297577773169], [174.530599130274, -37.0297611445465], [174.530595051383, -37.0297644952078], [174.530591000265, -37.0297678292864], [174.530586975795, -37.0297711467968], [174.530582979061, -37.0297744459222], [174.530579008994, -37.0297777293805], [174.530575038472, -37.0297810461945], [174.530571014285, -37.0297844898896], [174.530566937593, -37.0297880622535], [174.530562805042, -37.0297917642309], [174.530558618862, -37.0297955948916], [174.530554379053, -37.0297995542357], [174.530550085615, -37.0298036422631], [174.530545737424, -37.0298078589883], [174.530541334499, -37.0298122053125], [174.530536877944, -37.0298166803199], [174.53053236776, -37.0298212840107], [174.530527802841, -37.0298260173003], [174.530523184275, -37.0298308783722], [174.530518512097, -37.0298358690285], [174.530513785185, -37.0298409892836], [174.530509004625, -37.029846237321], [174.53050416933, -37.0298516149572], [174.530499280405, -37.0298571212766], [174.530494336728, -37.0298627562939], [174.53048933942, -37.0298685199944], [174.530484288502, -37.0298744132792], [174.530385512597, -37.0299761347803], [174.530328798664, -37.0300542300784], [174.530195812386, -37.0303511697782], [174.530187925793, -37.0305946024414], [174.530196497719, -37.030945924317], [174.530229275096, -37.0310904727295], [174.530290629014, -37.031206296975], [174.530283401927, -37.0312322138504], [174.530246579104, -37.0312878829409]]}, "properties": {"OBJECTID": 936, "TRACKNAME": "Destruction Gully Track", "CONDITIONSOFUSE": "Waitakere South Regional Park", "STATUS": "Temp Closed", "WEBLINK": "https://www.aucklandcouncil.govt.nz/en/parks-recreation/find-park-beach/park-detail/212.html", "VALIDATIONSTATE": 3, "created_user": "AC_owner", "last_edited_user": "AC_owner", "last_edited_date": 1789875254325, "created_date": 1789875254325, "PARK_SAPSITEID": null, "TRACK_ID": null, "KAURIDIEBACK_TRACK": null, "KAURIDIEBACK_MITIGATED": null, "SegmentID": null, "GlobalID": "cf3b2636-1810-4746-a405-32559b1470e7", "Shape__Length": 1235.5172498229977, "_COUNCIL_TRACKNAME": "Destruction Gully Track"}}, {"type": "Feature", "id": 3094, "geometry": {"type": "LineString", "coordinates": [[174.535236392589, -37.0230899012311], [174.535461953662, -37.0232648969791], [174.535559700808, -37.0233695819529], [174.535614548806, -37.0234858654343], [174.535625510075, -37.0235826808321], [174.535639905133, -37.0236270419116], [174.535696957811, -37.0236918423716], [174.535956862268, -37.0239410477634], [174.536079181373, -37.0242114102855], [174.536086728351, -37.0242706096472], [174.535938840858, -37.0245808984526], [174.535864607415, -37.0247118520647]]}, "properties": {"OBJECTID": 3094, "TRACKNAME": "Destruction Gully Track", "CONDITIONSOFUSE": "Waitakere South Regional Park", "STATUS": "Temp Closed", "WEBLINK": "https://www.aucklandcouncil.govt.nz/en/parks-recreation/find-park-beach/park-detail/212.html", "VALIDATIONSTATE": 3, "created_user": "AC_owner", "last_edited_user": "AC_owner", "last_edited_date": 1789875254325, "created_date": 1789875254325, "PARK_SAPSITEID": null, "TRACK_ID": null, "KAURIDIEBACK_TRACK": null, "KAURIDIEBACK_MITIGATED": null, "SegmentID": null, "GlobalID": "867b79db-5bd7-4d22-885e-dd318c2e6290", "Shape__Length": 208.28334855092703, "_COUNCIL_TRACKNAME": "Destruction Gully Track"}}, {"type": "Feature", "id": 1737, "geometry": {"type": "LineString", "coordinates": [[174.530579984689, -37.0028043221212], [174.530380020679, -37.0024695967289], [174.530178518756, -37.0022598904597], [174.530126525678, -37.0022321592382], [174.529897456795, -37.0021771646663], [174.529723868741, -37.002095693795], [174.529670246996, -37.0020528496428], [174.529449803886, -37.001799553433], [174.529391247525, -37.0017712214428], [174.5292780464, -37.001745441414]]}, "properties": {"OBJECTID": 1737, "TRACKNAME": "Don McLean Track", "CONDITIONSOFUSE": "Waitakere South Regional Park", "STATUS": "Temp Closed", "WEBLINK": "https://www.aucklandcouncil.govt.nz/en/parks-recreation/find-park-beach/park-detail/212.html", "VALIDATIONSTATE": 3, "created_user": "AC_owner", "last_edited_user": "AC_owner", "last_edited_date": 1789875254325, "created_date": 1789875254325, "PARK_SAPSITEID": null, "TRACK_ID": null, "KAURIDIEBACK_TRACK": null, "KAURIDIEBACK_MITIGATED": null, "SegmentID": null, "GlobalID": "340bb49a-f094-4143-bb8c-dceacdcb1550", "Shape__Length": 172.86528327836044, "_COUNCIL_TRACKNAME": "Don McLean Track"}}, {"type": "Feature", "id": 78, "geometry": {"type": "LineString", "coordinates": [[174.535863075069, -37.0052862355367], [174.535676012414, -37.005145631768], [174.535607396456, -37.0051027428567], [174.535404205358, -37.0050815448788], [174.535218475332, -37.0050755788418], [174.534717110535, -37.004957554964], [174.534607077602, -37.0049195221954], [174.534543628248, -37.0048869467178], [174.534416760215, -37.0047878692607], [174.534226312404, -37.0046839694366], [174.534045572075, -37.004603903557], [174.533880208179, -37.0045471341955], [174.533855096863, -37.0045242065948], [174.533818800652, -37.0044476272392], [174.533759174056, -37.0044162169441], [174.533652839988, -37.004391224006], [174.533402769443, -37.0043727457175], [174.533349305203, -37.0043741783862], [174.533225211267, -37.0043951275434], [174.533053953989, -37.0043860408034], [174.532968433589, -37.0043726726017], [174.532854325855, -37.0043403891772], [174.532784745215, -37.0042859476128], [174.532543594762, -37.004035095337], [174.532442696198, -37.0039856792588], [174.532403867637, -37.0039566388459], [174.532339225552, -37.003886395617], [174.53225457434, -37.003774984544], [174.532071072193, -37.0035870070551], [174.531805775136, -37.003360403984], [174.531741938219, -37.0033276562137], [174.53163769591, -37.0032956814064], [174.531583910427, -37.0032857171071], [174.53140402008, -37.0032758371248], [174.531251355152, -37.0032163448205], [174.530758988913, -37.0029684065599], [174.530632573159, -37.002871190319], [174.530579985777, -37.0028043203045]]}, "properties": {"OBJECTID": 78, "TRACKNAME": "Donald McLean Track", "CONDITIONSOFUSE": "Waitakere South Regional Park", "STATUS": "Open", "WEBLINK": "https://www.aucklandcouncil.govt.nz/en/parks-recreation/find-park-beach/park-detail/212.html", "VALIDATIONSTATE": 3, "created_user": "AC_owner", "last_edited_user": "AC_owner", "last_edited_date": 1789875254325, "created_date": 1789875254325, "PARK_SAPSITEID": null, "TRACK_ID": null, "KAURIDIEBACK_TRACK": null, "KAURIDIEBACK_MITIGATED": null, "SegmentID": null, "GlobalID": "b033c07e-ad92-464e-9882-f45084bdd093", "Shape__Length": 573.7343872448886, "_COUNCIL_TRACKNAME": "Donald McLean Track"}}, {"type": "Feature", "id": 1560, "geometry": {"type": "LineString", "coordinates": [[174.537177483608, -37.0141536540596], [174.537054961843, -37.014072650514], [174.536998182465, -37.0140100544177], [174.536963602056, -37.0139561662255], [174.536949239767, -37.0139157689453], [174.536944590902, -37.0138491950038], [174.53696257598, -37.0136963606466], [174.537000691685, -37.0135537996091], [174.537068595857, -37.0134362761796], [174.537102504458, -37.0133937167947], [174.53714855026, -37.0133619497758], [174.537226455078, -37.0133261555794], [174.537491365577, -37.0132387642286], [174.537789452939, -37.0131113216415], [174.537851279855, -37.0130583519583], [174.537974922902, -37.0129153076296], [174.538109838048, -37.0127098219978], [174.538220777752, -37.012452347046], [174.538275524127, -37.0122724289415], [174.538312651956, -37.011954006903], [174.538457714564, -37.0113613122702], [174.53864629307, -37.0109073659728], [174.53878153329, -37.0106430658017], [174.53881474203, -37.0105612791961], [174.538823455689, -37.0104837347312], [174.538821358499, -37.0102125147499], [174.53874565966, -37.0100231274677], [174.538649757224, -37.0099089296273], [174.538326534837, -37.0096797641929], [174.538177722261, -37.0095606517862], [174.538055597697, -37.0094886611227], [174.537917174586, -37.0094275085048], [174.537762995388, -37.0093282020069], [174.537652640196, -37.0091674068821], [174.537376581771, -37.0088212676254], [174.537346103746, -37.0088009737788], [174.537254384296, -37.0087732358771], [174.537182716417, -37.0087339352002], [174.537144266464, -37.0087039829359], [174.537048302981, -37.0085996083573], [174.536959609656, -37.0085245551371], [174.536917287249, -37.0084990290162], [174.536803852341, -37.0084547807425], [174.536764139479, -37.0084285717957], [174.536714921807, -37.0083748477841], [174.536592538224, -37.0081405038634], [174.536508572401, -37.0080174092224], [174.536229862167, -37.0078289551061], [174.536076062951, -37.0077415554842], [174.536038631696, -37.0077011916665], [174.536020659632, -37.0076622786012], [174.536015288147, -37.0076245093853], [174.536054325637, -37.0075084138054], [174.53603215266, -37.007400430451], [174.536000442687, -37.0071441927062], [174.536027404293, -37.0070001997667], [174.536036343085, -37.0068660314032], [174.536002907892, -37.0067392275676], [174.535998539673, -37.0066968006919]]}, "properties": {"OBJECTID": 1560, "TRACKNAME": "Donald McLean Track", "CONDITIONSOFUSE": "Waitakere South Regional Park", "STATUS": "Open", "WEBLINK": "https://www.aucklandcouncil.govt.nz/en/parks-recreation/find-park-beach/park-detail/212.html", "VALIDATIONSTATE": 3, "created_user": "AC_owner", "last_edited_user": "AC_owner", "last_edited_date": 1789875254325, "created_date": 1789875254325, "PARK_SAPSITEID": null, "TRACK_ID": null, "KAURIDIEBACK_TRACK": null, "KAURIDIEBACK_MITIGATED": null, "SegmentID": null, "GlobalID": "ef399b09-ad92-4035-b389-f1c09f05fa2a", "Shape__Length": 998.7817842809326, "_COUNCIL_TRACKNAME": "Donald McLean Track"}}, {"type": "Feature", "id": 2013, "geometry": {"type": "LineString", "coordinates": [[174.538110124402, -37.0143212251118], [174.537963059481, -37.0143372222391], [174.537795755056, -37.0143271927057], [174.537405889669, -37.0142458314726], [174.537284634755, -37.0142109347711], [174.537226574868, -37.0141861102556], [174.537177483608, -37.0141536540596]]}, "properties": {"OBJECTID": 2013, "TRACKNAME": "Donald McLean Track", "CONDITIONSOFUSE": "Waitakere South Regional Park", "STATUS": "Open", "WEBLINK": "https://www.aucklandcouncil.govt.nz/en/parks-recreation/find-park-beach/park-detail/212.html", "VALIDATIONSTATE": 3, "created_user": "AC_owner", "last_edited_user": "AC_owner", "last_edited_date": 1789875254325, "created_date": 1789875254325, "PARK_SAPSITEID": null, "TRACK_ID": null, "KAURIDIEBACK_TRACK": null, "KAURIDIEBACK_MITIGATED": null, "SegmentID": null, "GlobalID": "f74fb62f-f031-4108-a8e7-43917342ec11", "Shape__Length": 86.95851958789659, "_COUNCIL_TRACKNAME": "Donald McLean Track"}}, {"type": "Feature", "id": 3222, "geometry": {"type": "LineString", "coordinates": [[174.535863075069, -37.0052862355367], [174.535904500114, -37.005317372882], [174.535946983467, -37.0053570350224], [174.535968260505, -37.005406742296], [174.536061080976, -37.0057406626015], [174.536135644395, -37.006100185902], [174.536106755413, -37.0063437824904], [174.536035655508, -37.0065080242301], [174.535993936708, -37.0066520910258], [174.535998539673, -37.0066968006919]]}, "properties": {"OBJECTID": 3222, "TRACKNAME": "Donald McLean Track", "CONDITIONSOFUSE": "Waitakere South Regional Park", "STATUS": "Open", "WEBLINK": "https://www.aucklandcouncil.govt.nz/en/parks-recreation/find-park-beach/park-detail/212.html", "VALIDATIONSTATE": 3, "created_user": "AC_owner", "last_edited_user": "AC_owner", "last_edited_date": 1789875254325, "created_date": 1789875254325, "PARK_SAPSITEID": null, "TRACK_ID": null, "KAURIDIEBACK_TRACK": null, "KAURIDIEBACK_MITIGATED": null, "SegmentID": null, "GlobalID": "721c0dd0-fab5-4180-8e45-68c0eb67465d", "Shape__Length": 162.91808521977208, "_COUNCIL_TRACKNAME": "Donald McLean Track"}}, {"type": "Feature", "id": 1318, "geometry": {"type": "LineString", "coordinates": [[174.56061541125, -36.919223591858], [174.560560213596, -36.9195348000768], [174.560543991235, -36.9195920423646], [174.560522364028, -36.9196270019081], [174.560490415835, -36.9196529392286], [174.560457432772, -36.9196672084958], [174.560306634596, -36.9196936887493], [174.560214853235, -36.919740638606], [174.560139431039, -36.9197381501523], [174.560119008382, -36.9197584106247], [174.560117434576, -36.919857472878], [174.560102000757, -36.9199055018493], [174.560198783707, -36.9200274104883], [174.560246877886, -36.9201095777118], [174.560252976021, -36.9201576212746], [174.560226475443, -36.9202129164016], [174.560229943031, -36.920240398419], [174.560343270523, -36.9203246830867], [174.560387813368, -36.9203680842914], [174.560428308505, -36.9204287997277], [174.560473421494, -36.9205271584107], [174.560511439618, -36.9205770449601], [174.560571816216, -36.9206294860055], [174.560644194231, -36.9206731432857], [174.560732560626, -36.9207025922719], [174.56083714745, -36.9206917715305], [174.560899590419, -36.9207051382861], [174.56096569741, -36.9207462458123], [174.561080767563, -36.9208487503959], [174.561140303336, -36.9208896557613], [174.561193082715, -36.9209135781343], [174.56130035384, -36.9209429945057], [174.56138476832, -36.9209751539675], [174.561626739838, -36.9211078977361], [174.561665803138, -36.9211115573828], [174.561694954759, -36.9211026111226], [174.561760576709, -36.9210406539527], [174.561787358849, -36.9210250687585], [174.561815649784, -36.9210234618518], [174.561845426713, -36.921035815504], [174.561908550184, -36.9211006765362], [174.561960765439, -36.9211943262466], [174.561971306538, -36.9212449342275], [174.561970888087, -36.9213751953893], [174.561990965474, -36.9214970386822], [174.562021478352, -36.9215839702159], [174.562070147432, -36.9216468489816], [174.562105402021, -36.9216690544994], [174.562149683394, -36.9216830470522], [174.562320239299, -36.9216794875188], [174.562458692071, -36.9217058336102], [174.562505506296, -36.9217212619245], [174.562587602581, -36.9217767331599], [174.5627506649, -36.9219202835302], [174.562909594298, -36.9220197303984], [174.563054138653, -36.9221629471602], [174.563111767793, -36.9221933937769], [174.56330170779, -36.9222616144285], [174.563375010853, -36.922305888776], [174.563413968609, -36.9223477759296], [174.563451342697, -36.9224088648702], [174.563530828805, -36.9226052614549], [174.563542984249, -36.9226991223357], [174.563519813344, -36.9228035886056], [174.563521272198, -36.9228387404847], [174.563539652733, -36.9228773561471], [174.563600684025, -36.922934176599], [174.563616164708, -36.922968224476], [174.563606127094, -36.9230033474439], [174.563559856468, -36.9230514132626], [174.563550845429, -36.9231087682855], [174.563558164393, -36.9231345680115], [174.563634496011, -36.9232303330835]]}, "properties": {"OBJECTID": 1318, "TRACKNAME": "Dreamlands Track", "CONDITIONSOFUSE": "Waitakere North Regional Park", "STATUS": "Temp Closed", "WEBLINK": "https://www.aucklandcouncil.govt.nz/en/parks-recreation/find-park-beach/park-detail/3407.html", "VALIDATIONSTATE": 3, "created_user": "AC_owner", "last_edited_user": "AC_owner", "last_edited_date": 1789875254325, "created_date": 1789875254325, "PARK_SAPSITEID": null, "TRACK_ID": null, "KAURIDIEBACK_TRACK": null, "KAURIDIEBACK_MITIGATED": null, "SegmentID": null, "GlobalID": "ddeb736c-5695-41eb-9030-fd3577d8cfae", "Shape__Length": 660.2358361970269, "_COUNCIL_TRACKNAME": "Dreamlands Track"}}, {"type": "Feature", "id": 591, "geometry": {"type": "LineString", "coordinates": [[175.079544264167, -36.9034231551244], [175.07941528021, -36.9032279858913], [175.079400992253, -36.9032192501936], [175.07939217899, -36.9032058941584], [175.079380695134, -36.9031971003481], [175.079369211279, -36.9031883065366], [175.079357727428, -36.9031795127238], [175.07933502672, -36.903170933327], [175.079320727565, -36.9031621978152], [175.079306572878, -36.9031579572129], [175.07928133507, -36.9031584441456], [175.079267580854, -36.9031677158874], [175.079248218449, -36.9031771038407], [175.079231526645, -36.9031819295685], [175.079217638932, -36.9031866971884], [175.079200813882, -36.9031870278042], [175.079186659196, -36.9031827871875], [175.079175175366, -36.9031739933564], [175.079163691538, -36.9031651995241], [175.079149536858, -36.9031609589027], [175.079126836177, -36.9031523794651], [175.079109732712, -36.9031436930219], [175.079095444804, -36.9031349572857], [175.079081290133, -36.9031307166559], [175.079064197895, -36.9031220300094], [175.079050043473, -36.9031177983844], [175.079033084717, -36.9031136158503], [175.079013455101, -36.903113986523], [175.079008247341, -36.9031276150759], [175.07901158533, -36.9031455734436], [175.079011985753, -36.9031590857948], [175.078998365221, -36.9031728706322], [175.07897873559, -36.9031732412997], [175.078950693434, -36.9031737772537], [175.07894268132, -36.9031874548948], [175.078946019541, -36.9032054222732], [175.078943749085, -36.9032234878328], [175.078927324189, -36.9032373217533], [175.078913570159, -36.9032466024644], [175.078897011785, -36.9032559322636], [175.078883257748, -36.9032652129713], [175.078869503463, -36.903274484669], [175.078852945077, -36.9032838144624], [175.078841995127, -36.9032930370684], [175.078825436979, -36.9033023758667], [175.078808867364, -36.9033117058506], [175.078780958615, -36.9033167458838], [175.078769474808, -36.9033079520129], [175.078757857544, -36.9032946540229], [175.078743569401, -36.9032859092355], [175.078729681881, -36.9032906858084], [175.078715794114, -36.9032954533711], [175.078685214722, -36.9033050555936], [175.078674398204, -36.9033187823029], [175.07867479857, -36.9033322946567], [175.078672394836, -36.9033458651036], [175.078658773965, -36.9033596408959], [175.078631399244, -36.9033827063755], [175.078620449253, -36.9033919289622], [175.078609632712, -36.903405655666], [175.07860162027, -36.9034193242776], [175.078568236465, -36.9034289755546], [175.078545936352, -36.9034339173701], [175.078523491327, -36.9034343462508], [175.07850666597, -36.9034346677614], [175.078225162594, -36.903498637748], [175.078194716482, -36.9035127439676], [175.078180828639, -36.9035175114698], [175.078164270114, -36.903526841171], [175.078139299015, -36.9035363361036], [175.078122473632, -36.9035366575604], [175.078088956288, -36.9035418045865], [175.07806091398, -36.9035423403347], [175.078044088595, -36.9035426617805], [175.078029934145, -36.9035384300348], [175.078012697291, -36.9035252393131], [175.078012297039, -36.9035117269538], [175.078017505246, -36.9034981074478], [175.078011496536, -36.9034847022351], [175.077980516481, -36.9034807829128], [175.077966628874, -36.9034855593988], [175.077950203741, -36.9034993931908], [175.07792803673, -36.9035088300034], [175.07791414887, -36.9035135974749], [175.077897456901, -36.9035184230198], [175.077880898583, -36.9035277616912], [175.077869948479, -36.9035369842119], [175.077848048262, -36.9035554292506], [175.077834293795, -36.9035647008334], [175.07781773546, -36.9035740394964], [175.077806785341, -36.9035832620117], [175.07779583522, -36.9035924845261], [175.077776605677, -36.9036063673594], [175.077754427395, -36.9036158043373], [175.077734931281, -36.9036206879319], [175.077721043632, -36.9036254643904], [175.077704218225, -36.9036257857886], [175.077687526217, -36.903630611305], [175.077668163247, -36.9036399900009], [175.077640387688, -36.9036495338925], [175.07762369567, -36.9036543594003], [175.07760166221, -36.9036683092838], [175.077596453918, -36.9036819287739], [175.077599658214, -36.9036953830685], [175.07759725428, -36.9037089534991], [175.077580695639, -36.9037182831221], [175.07755559101, -36.9037232738149], [175.077541703086, -36.9037280412446], [175.077533690663, -36.9037417187991], [175.077528482355, -36.9037553382865], [175.077520469683, -36.9037690068315], [175.07751526137, -36.9037826263185], [175.077510053301, -36.9037962548139], [175.077504844985, -36.9038098743005], [175.077496832303, -36.903823542844], [175.07748307799, -36.9038328233972], [175.077472261181, -36.9038465500048], [175.077464248734, -36.903860227555], [175.077459040406, -36.9038738470398], [175.077456636199, -36.9038874084595], [175.077454232235, -36.9039009788878], [175.077449023903, -36.9039145983722], [175.077429661076, -36.9039239860406], [175.077412968984, -36.9039288115208], [175.077387864029, -36.9039337931719], [175.077376913807, -36.9039430156502], [175.077360355089, -36.9039523452446], [175.077332568159, -36.9039618892646], [175.07731280517, -36.9039577645502], [175.077287700443, -36.9039627551892], [175.07727407921, -36.9039765308325], [175.0772517786, -36.9039814634033], [175.07722667386, -36.9039864540297], [175.077204373243, -36.9039913865919], [175.077190485248, -36.9039961539825], [175.077171122367, -36.9040055416102], [175.07715750135, -36.9040193262495], [175.077146551088, -36.9040285487077], [175.077135600823, -36.904037771165], [175.077124650556, -36.9040469936213], [175.077113700286, -36.9040562160766], [175.077099945883, -36.9040654965878], [175.077074974225, -36.9040749822967], [175.07703049506, -36.9040893516804], [175.07701393651, -36.9040986902371], [175.076997644433, -36.9041170280277], [175.076986694138, -36.904126250472], [175.076975743839, -36.9041354729154], [175.076964793539, -36.9041446953579], [175.076953843235, -36.9041539177994], [175.076940088796, -36.904163198293], [175.07691525044, -36.9041771880923], [175.076901495992, -36.9041864685817], [175.076890545675, -36.9041956910177], [175.07687692433, -36.9042094666184], [175.076865974251, -36.904218698061], [175.076855023925, -36.904227920494], [175.076841535919, -36.9042462002136], [175.076830718937, -36.9042599267672], [175.076833923373, -36.9042733900932], [175.076820302249, -36.9042871746967], [175.076792659693, -36.9043012225222], [175.076781842695, -36.9043149490718], [175.076779438357, -36.904328510481], [175.076768621597, -36.9043422460381], [175.076752196064, -36.9043560796749], [175.076738441319, -36.9043653511381], [175.076722015775, -36.904379184771], [175.076705456881, -36.9043885142788], [175.076497789211, -36.9044477190967], [175.076379415149, -36.9044727356583], [175.07624169393, -36.9044866169103], [175.076137081753, -36.9044922762537], [175.076048096158, -36.904547368537], [175.075919576412, -36.9045496151304], [175.075731461643, -36.904461115742], [175.075569625849, -36.9044639442607], [175.075432411227, -36.9044969411188], [175.075337011684, -36.9044909563092], [175.075292100448, -36.90441525756], [175.075210359543, -36.9043860870924], [175.075138856313, -36.9043835150426], [175.075064771426, -36.904461293104], [175.074966365055, -36.9045203796804], [175.07489383344, -36.9046555066967], [175.074758895907, -36.9047725895208], [175.074704582789, -36.9048767993051], [175.074602132824, -36.9049627245762]]}, "properties": {"OBJECTID": 591, "TRACKNAME": "Duder Coastal Walk", "CONDITIONSOFUSE": "Duder Regional Park", "STATUS": "Open", "WEBLINK": "https://www.aucklandcouncil.govt.nz/en/parks-recreation/find-park-beach/park-detail/211.html", "VALIDATIONSTATE": 3, "created_user": "AC_owner", "last_edited_user": "AC_owner", "last_edited_date": 1789875254325, "created_date": 1789875254325, "PARK_SAPSITEID": null, "TRACK_ID": null, "KAURIDIEBACK_TRACK": null, "KAURIDIEBACK_MITIGATED": null, "SegmentID": null, "GlobalID": "6bb26c41-ccf5-4050-badb-9771b0531a99", "Shape__Length": 586.622991198093, "_COUNCIL_TRACKNAME": "Duder Coastal Walk"}}, {"type": "Feature", "id": 2077, "geometry": {"type": "LineString", "coordinates": [[175.074602132824, -36.9049627245762], [175.074522231935, -36.905023875942], [175.074354904035, -36.9051898693782], [175.074028380727, -36.9052457561814], [175.073669619493, -36.9052645670827], [175.073264691567, -36.9053092658154], [175.072828572804, -36.905266406345], [175.072342029391, -36.9051513664913], [175.072023562993, -36.9050757529642], [175.071624878614, -36.9049591772034], [175.071244059699, -36.9048528786784], [175.070671691308, -36.9047641052209]]}, "properties": {"OBJECTID": 2077, "TRACKNAME": "Duder Coastal Walk", "CONDITIONSOFUSE": "Umupuia Foreshore (Waimanu to Duders)", "STATUS": "Open", "WEBLINK": null, "VALIDATIONSTATE": 3, "created_user": "AC_owner", "last_edited_user": "AC_owner", "last_edited_date": 1789875254325, "created_date": 1789875254325, "PARK_SAPSITEID": null, "TRACK_ID": null, "KAURIDIEBACK_TRACK": null, "KAURIDIEBACK_MITIGATED": null, "SegmentID": null, "GlobalID": "a3e1f316-806b-4435-b426-67ff1d4b1679", "Shape__Length": 371.42287631590165, "_COUNCIL_TRACKNAME": "Duder Coastal Walk"}}, {"type": "Feature", "id": 1893, "geometry": {"type": "LineString", "coordinates": [[174.54566819607, -36.8900255449476], [174.545672893968, -36.8900292425263], [174.545677469005, -36.8900329687443], [174.545681920818, -36.890036705579], [174.545686260808, -36.8900404618957], [174.545690488792, -36.8900442286833], [174.545694604953, -36.890048014953], [174.545698598072, -36.8900518208507], [174.545702468148, -36.8900556463766], [174.545706226218, -36.8900594823733], [174.545709872466, -36.8900633378522], [174.54571339567, -36.8900672129592], [174.545716807051, -36.8900711075483], [174.545720106427, -36.8900750126083], [174.54572328276, -36.8900789372966], [174.545726336051, -36.8900828816129], [174.545729277518, -36.8900868454115], [174.54573210698, -36.890090819681], [174.545734824618, -36.8900948134328], [174.545737419213, -36.8900988268127], [174.545739890766, -36.8901028598209], [174.545742250313, -36.8901069033], [174.545744498037, -36.8901109662614], [174.545746622536, -36.8901150398397], [174.545748635393, -36.8901191419116], [174.545750591248, -36.8901231996568], [174.545752534067, -36.8901271674348], [174.545754486106, -36.8901310359424], [174.545756436328, -36.890134814337], [174.545758373332, -36.890138493753], [174.545760319738, -36.89014208291], [174.545762264327, -36.8901455819539], [174.545764195698, -36.8901489820193], [174.545766136471, -36.8901522918257], [174.545768075245, -36.8901555025076], [174.545770000983, -36.8901586232224], [174.545771936123, -36.8901616536781], [174.545773869264, -36.8901645850094], [174.545773916678, -36.8901646546991]]}, "properties": {"OBJECTID": 1893, "TRACKNAME": "East Tunnel Mouth Track", "CONDITIONSOFUSE": "Waitakere North Regional Park", "STATUS": "Temp Closed", "WEBLINK": "https://www.aucklandcouncil.govt.nz/en/parks-recreation/find-park-beach/park-detail/3407.html", "VALIDATIONSTATE": 3, "created_user": "AC_owner", "last_edited_user": "AC_owner", "last_edited_date": 1789875254325, "created_date": 1789875254325, "PARK_SAPSITEID": null, "TRACK_ID": null, "KAURIDIEBACK_TRACK": null, "KAURIDIEBACK_MITIGATED": null, "SegmentID": null, "GlobalID": "40fccbcf-f3f9-4a4a-8857-23380c6dba16", "Shape__Length": 18.2542641408207, "_COUNCIL_TRACKNAME": "East Tunnel Mouth Track"}}, {"type": "Feature", "id": 1984, "geometry": {"type": "LineString", "coordinates": [[174.545773916805, -36.890164661007], [174.545775792698, -36.8901674245275], [174.545777718712, -36.8901701693684], [174.545779642835, -36.8901728204918], [174.545781563947, -36.8901753779121], [174.545783484273, -36.890177840699], [174.545785402709, -36.8901802097683], [174.545787318133, -36.8901824851345], [174.545789232789, -36.8901846667685], [174.545791145555, -36.8901867546849], [174.54579305531, -36.8901887488983], [174.545794964278, -36.8901906484783], [174.545796842987, -36.89019249437], [174.54579866191, -36.890194324815], [174.545800423308, -36.8901961406851], [174.545802124919, -36.8901979411086], [174.545803767902, -36.890199727873], [174.545805353325, -36.8902014982605], [174.545806878997, -36.8902032550034], [174.545808346004, -36.8902049962851], [174.545809754365, -36.8902067230066], [174.545811104062, -36.8902084342668], [174.54581239399, -36.8902101309815], [174.545813626393, -36.8902118131214], [174.545814800132, -36.8902134798], [174.545815914102, -36.8902151319331], [174.545816970548, -36.8902167694914], [174.545817967207, -36.890218391603], [174.54581890522, -36.8902199991545], [174.54581978569, -36.8902215912301], [174.54582060641, -36.8902231696613], [174.545821368447, -36.8902247317301], [174.545822071855, -36.8902262801398], [174.545822716599, -36.8902278130884], [174.545823301574, -36.8902293314913], [174.545823829007, -36.8902308344184], [174.545824405007, -36.8902323529382], [174.545825137876, -36.8902339153865], [174.545826027648, -36.8902355235656], [174.545827074306, -36.8902371765744], [174.545828276729, -36.8902388744275], [174.545829637159, -36.8902406170956], [174.545831153372, -36.8902424055092], [174.545832827574, -36.8902442378367], [174.545834657541, -36.8902461150085], [174.545836644412, -36.890248037911], [174.54583878815, -36.8902500047421], [174.545841088793, -36.8902520173039], [174.545843546323, -36.8902540746953], [174.545846159598, -36.8902561760298], [174.545848930899, -36.8902583230805], [174.545851857965, -36.8902605149753], [174.545854943039, -36.8902627516852], [174.545858183877, -36.8902650332392], [174.545861581619, -36.8902673605238], [174.54586513623, -36.8902697317369], [174.545868847726, -36.8902721477795], [174.545872716128, -36.8902746095528], [174.545876740275, -36.890277115269], [174.545880922449, -36.8902796667012], [174.545885201577, -36.8902822403072], [174.545889519953, -36.890284812501], [174.545893877614, -36.8902873850848], [174.54589827454, -36.8902899571574], [174.545902709592, -36.8902925278324], [174.545907183928, -36.8902950988974], [174.545911697531, -36.8902976694513], [174.545916249259, -36.8903002386075], [174.545920840272, -36.8903028081537], [174.54592547055, -36.8903053771888], [174.545930140077, -36.8903079448116], [174.545934847765, -36.8903105128389], [174.54593959472, -36.8903130803551], [174.545944380923, -36.890315646459], [174.545949205288, -36.8903182129675], [174.545954068919, -36.8903207789648], [174.545958971798, -36.8903233435498], [174.545963913961, -36.8903259085247], [174.545968894269, -36.8903284730031], [174.545973913824, -36.8903310360691], [174.545978972664, -36.8903335995251], [174.545984070769, -36.8903361624698], [174.545989207001, -36.8903387240168], [174.545994382517, -36.8903412859538], [174.54599955787, -36.8903438397803], [174.546004693648, -36.8903463787983], [174.546009790956, -36.8903489020922], [174.546014848689, -36.8903514105776], [174.546019866829, -36.8903539033534], [174.546024845395, -36.8903563813208], [174.546029785509, -36.8903588444651], [174.546034686048, -36.890361292801], [174.546039546995, -36.8903637254273], [174.546044368367, -36.8903661432452], [174.546049151268, -36.890368545339], [174.546053894595, -36.8903709326243], [174.546058598347, -36.8903733051012], [174.546063263629, -36.890375661854], [174.546067889336, -36.8903780037983], [174.546072475451, -36.8903803300332], [174.546077022009, -36.8903826423607], [174.546081530078, -36.890384938063], [174.546085998591, -36.8903872198581], [174.546090427511, -36.8903894859437], [174.546094817978, -36.8903917372062], [174.546099168853, -36.8903939727593], [174.546103480153, -36.890396193504], [174.546107751879, -36.8903983994403], [174.546112080421, -36.890400584807], [174.546116561048, -36.8904027438573], [174.546121192656, -36.890404877507], [174.546125976368, -36.8904069857413], [174.546130913286, -36.8904090676446], [174.546136001168, -36.8904111232461], [174.546141240031, -36.8904131534468], [174.546146632119, -36.8904151582176], [174.54615217517, -36.8904171366865], [174.546157870325, -36.8904190897399], [174.546163717583, -36.890421017378], [174.546169716926, -36.8904229186994], [174.546175868354, -36.8904247937043], [174.546182170763, -36.8904266433083], [174.546188625276, -36.8904284674968], [174.546195231874, -36.8904302653685], [174.546201990575, -36.8904320378248], [174.54620890138, -36.8904337848654], [174.546215963129, -36.8904355047027], [174.546223177, -36.8904372000256], [174.546230542957, -36.8904388690316], [174.546238061016, -36.8904405126219], [174.546245731161, -36.8904421298954], [174.546253552287, -36.8904437217677], [174.546261444001, -36.8904453082139], [174.54626932372, -36.8904469119417], [174.546277190304, -36.8904485320645], [174.546285044875, -36.8904501685677], [174.546292887432, -36.8904518214514], [174.546300717995, -36.8904534916167], [174.546308535405, -36.8904551772759], [174.546316341941, -36.8904568802021], [174.546324135343, -36.8904585995233], [174.546331916731, -36.8904603352251], [174.546339686106, -36.8904620873072], [174.546347442346, -36.8904638557844], [174.546355187696, -36.8904656406275], [174.546362919928, -36.8904674427668], [174.546370640147, -36.8904692612866], [174.546378348353, -36.8904710961868], [174.546386043424, -36.8904729474821], [174.546393727604, -36.8904748151433], [174.546401398649, -36.8904766991996], [174.546409057681, -36.8904785996363], [174.546416704718, -36.8904805173546], [174.546424339742, -36.8904824514535], [174.546431961631, -36.8904844019474], [174.546439571507, -36.8904863688218], [174.546447201827, -36.890488292164], [174.546454886186, -36.8904901129478], [174.546462622342, -36.8904918312023], [174.546470411415, -36.890493446913], [174.546478253406, -36.8904949600798], [174.546486148297, -36.8904963698017], [174.546494096106, -36.8904976769797], [174.546502096833, -36.8904988816138], [174.546510151581, -36.8904999827882], [174.546518258143, -36.8905009823345], [174.546526417605, -36.8905018784358], [174.546534629985, -36.8905026719931], [174.546542895264, -36.8905033621054], [174.546551213479, -36.8905039505748], [174.546559585715, -36.8905044355846], [174.546568009747, -36.890504818065], [174.546576486678, -36.8905050971003], [174.546585016545, -36.8905052744928], [174.546593599312, -36.8905053484401], [174.546602234995, -36.8905053198434], [174.5466109247, -36.890505187787], [174.546619666219, -36.8905049541023], [174.546628460637, -36.8905046169724], [174.546637307972, -36.8905041772984], [174.546646356827, -36.8905037142688], [174.546655758085, -36.8905033088449], [174.546665508363, -36.8905029601693], [174.546675609903, -36.8905026682126], [174.546686062725, -36.8905024338761], [174.546696866792, -36.8905022553572], [174.546708021019, -36.8905021344728], [174.546719525386, -36.8905020703216], [174.546731381036, -36.8905020637901], [174.546743587948, -36.8905021139769], [174.546756144983, -36.8905022199956], [174.546769053318, -36.8905023845347], [174.546782312899, -36.8905026048908], [174.546795922639, -36.8905028828806], [174.546809883624, -36.8905032166871], [174.546824194768, -36.890503608127], [174.546838857195, -36.8905040571857], [174.546853869744, -36.8905045620753], [174.546869233576, -36.8905051245833], [174.54688494867, -36.8905057438086], [174.546901013925, -36.8905064206666], [174.546917430425, -36.8905071533404], [174.546934198207, -36.8905079436321], [174.546951316131, -36.890508790655], [174.546976008059, -36.8905103268439], [174.54699988845, -36.8905118528641], [174.547022956165, -36.8905133678294], [174.547045212341, -36.8905148726268], [174.547066656963, -36.8905163663557], [174.547087290029, -36.8905178490165], [174.547107110436, -36.8905193215254], [174.547126118166, -36.8905207829817], [174.54714431434, -36.8905222333711], [174.547161698976, -36.8905236735951], [174.547178272076, -36.890525103654], [174.547194032479, -36.8905265217607], [174.547208980241, -36.8905279306188], [174.54722311643, -36.8905293275106], [174.54723644108, -36.8905307142387], [174.547248954175, -36.8905320899021], [174.547260654611, -36.890533455417], [174.547271542368, -36.8905348098824], [174.54728161971, -36.8905361541704], [174.547290884374, -36.8905374874093], [174.547299336378, -36.8905388105006], [174.547307169505, -36.8905401614818], [174.547314795077, -36.890541626034], [174.547322227717, -36.8905432057694], [174.54732946746, -36.8905449024904], [174.54733651427, -36.8905467143948], [174.547343367043, -36.8905486423982], [174.547350028024, -36.8905506864715], [174.547356494986, -36.8905528475451], [174.547362770119, -36.8905551228865], [174.547368851233, -36.8905575152282], [174.547374739433, -36.8905600236545], [174.5473804347, -36.8905626472644], [174.547385937071, -36.8905653878601], [174.547391245386, -36.8905682436541], [174.547396361909, -36.8905712155182], [174.547401285536, -36.8905743043681], [174.547406015107, -36.8905775084164], [174.547410551746, -36.8905808276484], [174.547414895489, -36.8905842638663], [174.547419046316, -36.8905878161692], [174.547423004211, -36.8905914836557], [174.547426794382, -36.8905952921374], [174.547430525573, -36.8905993474603], [174.547434212677, -36.8906036647538], [174.547437854537, -36.8906082422302], [174.54744145231, -36.8906130816771], [174.547445004839, -36.8906181813069], [174.547448513263, -36.8906235420061], [174.547451976479, -36.8906291646905], [174.547455396694, -36.8906350475286], [174.547458770562, -36.8906411914653], [174.547462100324, -36.8906475964715], [174.547465385983, -36.8906542625471], [174.547468626396, -36.8906611888056], [174.547471822724, -36.8906683770346], [174.547474973826, -36.8906758263478], [174.547478080805, -36.8906835358292], [174.547481143698, -36.8906915072813], [174.547484161347, -36.8906997389162], [174.54748713377, -36.8907082316352], [174.547490062088, -36.8907169854237], [174.547492946303, -36.8907260002816], [174.547495768893, -36.8907352421852], [174.547498338175, -36.8907443323532], [174.547500603779, -36.890753165982], [174.547502565703, -36.8907617430714], [174.547504222828, -36.8907700636361], [174.54750557517, -36.8907781285772], [174.547506622692, -36.8907859360926], [174.547507366536, -36.8907934870686], [174.547507805597, -36.8908007824212], [174.547507939839, -36.890807820348], [174.547507769298, -36.8908146026513], [174.547507295077, -36.8908211284154], [174.547506517177, -36.8908273976402], [174.547505433335, -36.8908334094539], [174.547504045832, -36.8908391656294], [174.547502353545, -36.8908446661814], [174.547500356439, -36.8908499093077], [174.547498055653, -36.8908548958946], [174.547495450065, -36.8908596259568], [174.547492539694, -36.8908641003955], [174.547489325625, -36.8908683173937], [174.547485814662, -36.8908722804682], [174.547482468257, -36.8908761125036], [174.547479547041, -36.8908798831157], [174.547477051013, -36.8908835923045], [174.547474982436, -36.8908872409418], [174.547473340168, -36.8908908281414], [174.547472124229, -36.8908943548041], [174.547471333479, -36.8908978200437], [174.547470969039, -36.8909012238454], [174.54747103205, -36.8909045670958], [174.547471520249, -36.8909078489229], [174.547472434777, -36.8909110702134], [174.547473775598, -36.8909142291648], [174.547475541644, -36.8909173284953], [174.547477735104, -36.8909203654721], [174.547480353772, -36.8909233419267], [174.547483399872, -36.8909262569288], [174.547486871179, -36.8909291114087], [174.547490768798, -36.8909319044505], [174.547495092745, -36.8909346369554], [174.547499843004, -36.8909373080222], [174.547505019573, -36.8909399176508], [174.547510562066, -36.8909424206582], [174.547516391925, -36.8909447612814], [174.547522510237, -36.8909469377035], [174.547528918123, -36.8909489499098], [174.547535613375, -36.8909507997319], [174.54754259708, -36.8909524853527], [174.547549869237, -36.8909540067723], [174.547557429883, -36.8909553657928], [174.547565278981, -36.890956560612], [174.54757341653, -36.8909575912297], [174.547581841447, -36.8909584594628], [174.547590555919, -36.8909591625786], [174.547599557757, -36.8909597033097], [174.547608849169, -36.8909600798245], [174.54761842793, -36.8909602930533], [174.54762829516, -36.8909603429814], [174.547638451964, -36.890960228693], [174.547648896115, -36.8909599511184], [174.547659628719, -36.8909595093418], [174.547670649792, -36.8909589042642], [174.547681958213, -36.8909581359002], [174.547693441216, -36.8909572327597], [174.547704793984, -36.8909562709233], [174.547715999759, -36.8909552542146], [174.547727059664, -36.8909541826192], [174.547737972596, -36.8909530570529], [174.547748739657, -36.8909518765998], [174.547759359744, -36.8909506421759], [174.547769833944, -36.8909493519643], [174.547780161169, -36.8909480077818], [174.547790342542, -36.890946609614], [174.547800376905, -36.8909451556731], [174.547810265416, -36.8909436477469], [174.547820006954, -36.8909420858501], [174.547829602602, -36.8909404681658], [174.547839051277, -36.8909387965109], [174.547848354082, -36.8909370699697], [174.547857509913, -36.890935289458], [174.547866519873, -36.89093345406], [174.547875382841, -36.8909315637904], [174.547884099939, -36.8909296186348], [174.547892670063, -36.8909276195087], [174.547901087859, -36.8909255791011], [174.547909312259, -36.8909235754648], [174.547917337873, -36.8909216194864], [174.547925165859, -36.8909197129535], [174.547932795059, -36.8909178540786], [174.54794022437, -36.8909160437775], [174.547947456016, -36.8909142811198], [174.547954488912, -36.8909125679225], [174.547961324144, -36.8909109023687], [174.547967959505, -36.8909092862899], [174.54797439608, -36.8909077178692], [174.54798063499, -36.8909061970922], [174.547986675152, -36.8909047257757], [174.547992515405, -36.8909033021321], [174.547998158031, -36.8909019279344], [174.548003602993, -36.8909006013805], [174.548008848065, -36.8908993234007], [174.54801389437, -36.8908980939803], [174.548018743011, -36.8908969122038], [174.548023391762, -36.8908957790015], [174.548027842886, -36.8908946952453], [174.548032106315, -36.8908936526934], [174.548036340515, -36.8908925519335], [174.548040602045, -36.8908913597791], [174.548044889765, -36.890890075344], [174.548049203695, -36.8908886995291], [174.548053544918, -36.8908872305177], [174.54805791349, -36.890885671013], [174.548062307113, -36.890884018341], [174.548066728066, -36.8908822742745], [174.548071176332, -36.8908804379126], [174.548075650806, -36.890878510171], [174.548080151471, -36.8908764901485], [174.548084679466, -36.8908743787316], [174.548089233634, -36.8908721741328], [174.548093815131, -36.8908698781395], [174.548098422838, -36.8908674907665], [174.548103057857, -36.890865011098], [174.548107717944, -36.8908624391632], [174.548112406483, -36.8908597758195], [174.548117120091, -36.8908570202094], [174.54812186101, -36.8908541723039], [174.548126628157, -36.8908512339197], [174.548131324904, -36.890848365858], [174.548135882866, -36.8908456825821], [174.548140302062, -36.8908431849932], [174.548144581351, -36.8908408722048], [174.548148722995, -36.8908387450889], [174.548152724714, -36.8908368018723], [174.54815658879, -36.8908350443282], [174.548160312958, -36.8908334715847], [174.548163899464, -36.8908320836124], [174.548167346082, -36.8908308813419], [174.548170655037, -36.8908298638428], [174.548173824086, -36.8908290311443], [174.548176854368, -36.8908283841328], [174.548179745867, -36.8908279219074], [174.548182499702, -36.8908276444534], [174.548185113632, -36.8908275518001], [174.548187588795, -36.8908276448339], [174.548189925156, -36.8908279217526], [174.548192122769, -36.8908283852597], [174.548194181579, -36.8908290326516], [174.548196101624, -36.8908298657308], [174.548197945805, -36.8908307764147], [174.548199816232, -36.8908315975213], [174.548201713971, -36.8908323263325], [174.548203636797, -36.8908329637787], [174.548205588039, -36.8908335080138], [174.548207564386, -36.8908339617849], [174.548209568028, -36.8908343223596], [174.548211599, -36.89083459154], [174.54821365618, -36.8908347693408], [174.548215739533, -36.8908348539596], [174.548217850235, -36.8908348480853], [174.548219987108, -36.8908347490292], [174.548222150191, -36.8908345585933], [174.548224340586, -36.8908342758621], [174.548226557189, -36.8908339017513], [174.548228801105, -36.890833435345], [174.548231071212, -36.890832876658], [174.54823336863, -36.8908322256755], [174.548235692257, -36.8908314833134], [174.548238042093, -36.8908306495717], [174.548240419241, -36.8908297235346], [174.54824287372, -36.8908287369994], [174.54824557377, -36.8908277968389], [174.548248530776, -36.8908269110171], [174.548251745839, -36.8908260786181], [174.548255218978, -36.8908253005432], [174.548258950176, -36.8908245758911], [174.548262938329, -36.8908239055776], [174.548267184539, -36.890823288687], [174.548271687704, -36.8908227261348], [174.548276448928, -36.8908222170054], [174.548281468228, -36.8908217621998], [174.548286745604, -36.890821361718], [174.548292279917, -36.8908210146735], [174.548298072287, -36.8908207210516], [174.548304122735, -36.8908204817534], [174.548310430118, -36.8908202958924], [174.548316995578, -36.890820164355], [174.548323819115, -36.8908200871412], [174.548330899588, -36.8908200633644], [174.548338238119, -36.8908200930099], [174.548345834746, -36.89082017788], [174.548353646926, -36.8908203230359], [174.548361376118, -36.8908205819437], [174.548368960802, -36.8908209644191], [174.548376403238, -36.8908214713338], [174.548383701183, -36.8908221027171], [174.548390855741, -36.8908228576534], [174.548397866929, -36.8908237370438], [174.548404734749, -36.8908247408882], [174.54841145806, -36.8908258683004], [174.548418039124, -36.890827120152], [174.548424475678, -36.8908284955713], [174.548430768864, -36.8908299954448], [174.548436918681, -36.8908316197725], [174.548442925111, -36.8908333676534], [174.548448788172, -36.8908352399885], [174.548454506742, -36.8908372367925], [174.548460083048, -36.8908393571351], [174.548465514844, -36.8908416010455], [174.548470804412, -36.8908439702967], [174.548475949471, -36.8908464631158], [174.548480951143, -36.8908490794882], [174.548485816141, -36.8908518184249], [174.548490711674, -36.890854624566], [174.548495708002, -36.8908574762641], [174.548500804002, -36.8908603735339], [174.54850600192, -36.8908633163461], [174.548511299492, -36.8908663038287], [174.548516697859, -36.8908693368684], [174.548522195899, -36.8908724154797], [174.548527795837, -36.8908755387322], [174.548533495449, -36.8908787075562], [174.548539294734, -36.8908819219519], [174.548545195935, -36.8908851818898], [174.548551196792, -36.8908884864981], [174.548557298443, -36.8908918366633], [174.548563500872, -36.8908952314843], [174.548569802991, -36.8908986727779], [174.54857620701, -36.8909021587125], [174.548582710701, -36.8909056902187], [174.548589314048, -36.8909092663951], [174.548596019312, -36.8909128881136], [174.548602824249, -36.8909165554036], [174.548609729982, -36.8909202682504], [174.548616562355, -36.8909239604202], [174.548623169872, -36.8909275762004], [174.54862955027, -36.8909311147193], [174.548635705792, -36.8909345759477], [174.548641634196, -36.8909379599147], [174.548647336602, -36.8909412666059], [174.548652814152, -36.8909444969077], [174.548658064564, -36.8909476490472], [174.548663088998, -36.890950724812], [174.548667888537, -36.8909537223853], [174.548672460976, -36.8909566435987], [174.548676807417, -36.8909594875363], [174.548680928983, -36.8909622541837], [174.548684823429, -36.89096494357], [174.548688491878, -36.8909675556807], [174.548691934329, -36.8909700905158], [174.548695150801, -36.8909725489765], [174.548698142379, -36.8909749292458], [174.548700906856, -36.8909772331553], [174.548703445317, -36.8909794588882], [174.548705757799, -36.8909816082467], [174.548707904114, -36.8909837534618], [174.54871000045, -36.8909860354348], [174.548712050263, -36.8909884586274], [174.548714052415, -36.8909910221532], [174.548716008043, -36.8909937268986], [174.548717916009, -36.8909965719772], [174.548719777453, -36.8909995582754], [174.548721591253, -36.891002685808], [174.548723358512, -36.8910059536591], [174.548725079249, -36.8910093627298], [174.548726752323, -36.8910129121337], [174.548728378875, -36.8910166027573], [174.548729957783, -36.8910204346152], [174.54873149015, -36.8910244067916], [174.548732974873, -36.8910285202023], [174.548734413055, -36.8910327739316], [174.548735803593, -36.8910371688952], [174.548737147591, -36.8910417041773], [174.548738443944, -36.8910463806938], [174.548739694879, -36.8910511975141], [174.548740897047, -36.8910561555834], [174.548742096622, -36.8910612074287], [174.548743468123, -36.8910661596849], [174.548745029137, -36.8910709940956], [174.548746780766, -36.891075709745], [174.548748721871, -36.8910803057465], [174.548750853611, -36.8910847838878], [174.548753175967, -36.8910891432677], [174.548755687816, -36.8910933839009], [174.548758390282, -36.8910975057728], [174.548761283364, -36.8911015088832], [174.548764365959, -36.8911053941479], [174.548767639151, -36.8911091597501], [174.548771101838, -36.8911128066055], [174.548774755158, -36.8911163356005], [174.548778599077, -36.8911197449329], [174.548782632509, -36.8911230364196], [174.548786856538, -36.8911262082437], [174.548791271202, -36.8911292622073], [174.54879587536, -36.891132197424], [174.548800669012, -36.8911350138937], [174.548805654385, -36.8911377106861], [174.548810809257, -36.8911402989072], [174.548815950085, -36.8911428584675], [174.548821029064, -36.8911454116229], [174.548826047279, -36.8911479565566], [174.548831003644, -36.8911504950855], [174.548835900386, -36.8911530262793], [174.548840735279, -36.8911555510683], [174.548845509407, -36.8911580676356], [174.548850221687, -36.8911605777982], [174.548854873203, -36.8911630797391], [174.548859463991, -36.8911655752607], [174.548863992912, -36.8911680634763], [174.548868462209, -36.8911705443569], [174.548872869657, -36.8911730188327], [174.548877215219, -36.8911754851015], [174.548881500054, -36.891177944951], [174.548885724143, -36.8911803974801], [174.548889887487, -36.8911828426886], [174.548893988963, -36.8911852805914], [174.548898030815, -36.8911877111591], [174.548902009696, -36.8911901353367], [174.548905930111, -36.8911925539669], [174.548909825496, -36.8911950666654], [174.548913718184, -36.8911977236177], [174.548917607056, -36.8912005248382], [174.548921490988, -36.8912034703417], [174.548925371103, -36.8912065601135], [174.548929248504, -36.8912097932378], [174.548933119863, -36.8912131715609], [174.548936988526, -36.8912166941376], [174.548940853372, -36.8912203609826], [174.548944713279, -36.8912241721105], [174.548948569369, -36.8912281275068], [174.548952421623, -36.8912322262702], [174.548956270078, -36.8912364702031], [174.548960113595, -36.8912408584188], [174.548963954416, -36.8912453908883], [174.548967790299, -36.8912500676407], [174.548971622346, -36.8912548877603], [174.548975450594, -36.8912598530492], [174.548979273903, -36.8912649626212], [174.548983094518, -36.8912702164468], [174.548986910175, -36.8912756136542], [174.548990546367, -36.8912810150042], [174.548993805746, -36.8912862617254], [174.548996688276, -36.8912913520155], [174.548999192872, -36.8912962876914], [174.549001320636, -36.8913010678376], [174.549003071569, -36.8913056924538], [174.549004444549, -36.8913101615548], [174.549005440698, -36.891314475126], [174.549006058912, -36.8913186340832], [174.549006301416, -36.891322637496], [174.549006164845, -36.8913264854082], [174.549005652565, -36.891330177776], [174.549004762349, -36.8913337155297], [174.54900349418, -36.8913370977683], [174.5490018503, -36.8913403244624], [174.548999827346, -36.891343395656], [174.548997428681, -36.8913463113051], [174.548994652081, -36.89134907234], [174.548991498631, -36.891351676944], [174.548987967245, -36.8913541269337], [174.548984059027, -36.8913564213935], [174.548979933695, -36.8913586339557], [174.548975967266, -36.8913609354838], [174.548972177891, -36.8913633356563], [174.54896856445, -36.8913658344878], [174.548965128026, -36.8913684301615], [174.548961867517, -36.8913711235932], [174.548958784063, -36.8913739156692], [174.548955877627, -36.8913768045875], [174.548953147124, -36.8913797921649], [174.548950593657, -36.8913828774856], [174.548948216104, -36.8913860605643], [174.548946015588, -36.8913893413864], [174.548943992108, -36.8913927199519], [174.548942144562, -36.8913961971765], [174.548940474033, -36.8913997712434], [174.548938979437, -36.8914034439695], [174.54893766186, -36.8914072135379], [174.548936520216, -36.8914110817654], [174.548935555608, -36.8914150477364], [174.548934766915, -36.8914191114654], [174.548934155276, -36.891423273839], [174.548933768843, -36.8914275297225], [174.548933848531, -36.8914318615529], [174.548934429082, -36.8914362670746], [174.548935509374, -36.8914407463021], [174.548937090529, -36.8914452992208], [174.548939171427, -36.8914499258452], [174.548941753169, -36.8914546252597], [174.548944834671, -36.8914593992811], [174.548948417037, -36.8914642469935], [174.548952499127, -36.8914691675104], [174.548957082081, -36.8914741617183], [174.548962164795, -36.8914792305328], [174.548967747234, -36.8914843721517], [174.548973831658, -36.8914895874467], [174.548980414703, -36.8914948764616], [174.548987498594, -36.891500238266], [174.548995083369, -36.891505674662], [174.549003167886, -36.8915111847631], [174.549011753249, -36.8915167676533], [174.549020838356, -36.8915224242483], [174.549030423225, -36.8915281554492], [174.549040469237, -36.8915339383237], [174.549050445846, -36.8915395075771], [174.549060193098, -36.8915447778625], [174.549069708804, -36.8915497519127], [174.549078994049, -36.8915544279107], [174.549088049974, -36.8915588067431], [174.549096874315, -36.8915628875382], [174.549105468214, -36.8915666711824], [174.549113832791, -36.8915701576613], [174.549121965785, -36.8915733461029], [174.549129868335, -36.8915762373939], [174.549137541545, -36.8915788306185], [174.549144983209, -36.8915811276083], [174.549152194391, -36.8915831256453], [174.549159175149, -36.891584827433], [174.549165925444, -36.8915862311691], [174.549172446399, -36.891587336839], [174.549178735805, -36.8915881462744], [174.54918479475, -36.8915886576583], [174.549190623232, -36.8915888709909], [174.549196221288, -36.8915887880743], [174.549201591161, -36.8915884088794], [174.549206965671, -36.8915879259666], [174.54921248869, -36.8915874618483], [174.549218162444, -36.8915870155941], [174.54922398581, -36.8915865872187], [174.549229958789, -36.891586176722], [174.549236082521, -36.8915857849905], [174.549242356969, -36.8915854102219], [174.549248779927, -36.8915850542476], [174.549255353618, -36.8915847161374], [174.549262076941, -36.8915843968069], [174.549268950998, -36.8915840953403], [174.54927597465, -36.8915838108511], [174.549283147932, -36.8915835451416], [174.549290471968, -36.891583298197], [174.549297945598, -36.8915830682297], [174.549305568859, -36.8915828570421], [174.549313342854, -36.8915826637181], [174.549321266462, -36.8915824882726], [174.549329339701, -36.8915823316065], [174.549337563657, -36.8915821919029], [174.549345937243, -36.8915820709788], [174.549354400578, -36.8915820597517], [174.54936286988, -36.8915822882096], [174.549371344028, -36.8915827563673], [174.549379823057, -36.8915834660269], [174.549388306933, -36.8915844153862], [174.549396794533, -36.8915856044599], [174.549405288118, -36.8915870341197], [174.549413786568, -36.8915887043804], [174.549422289882, -36.8915906152418], [174.549430798042, -36.891592765803], [174.549439311067, -36.891595156965], [174.549447828956, -36.8915977887277], [174.549456350587, -36.8916006611059], [174.549464878188, -36.8916037731692], [174.549473410634, -36.8916071249321], [174.549481947964, -36.8916107181969], [174.549490490141, -36.8916145511614], [174.549499037182, -36.8916186247267], [174.549507589089, -36.8916229388928], [174.549516144721, -36.8916274927731], [174.54952470634, -36.8916322872396], [174.549533121459, -36.891637328788], [174.549540947222, -36.8916426376166], [174.549548154477, -36.8916482150072], [174.549554744346, -36.8916540609451], [174.549560715689, -36.891660174544], [174.549566068542, -36.8916665576063], [174.549570804009, -36.8916732092162], [174.54957492095, -36.8916801284874], [174.549578420504, -36.8916873163065], [174.549581300446, -36.8916947736038], [174.549583564105, -36.8917024985332], [174.549585208133, -36.8917104920399], [174.549586234775, -36.8917187540946], [174.549586644029, -36.8917272846973], [174.549586434774, -36.8917360838626], [174.549585607009, -36.8917451515906], [174.549584161857, -36.8917544878666], [174.549582098176, -36.8917640918041], [174.549579416003, -36.8917739652054], [174.549576116424, -36.8917841062534], [174.549572198352, -36.8917945167651], [174.549567783775, -36.8918051248426], [174.54956365038, -36.8918154867847], [174.549559933453, -36.8918255224079], [174.549556632996, -36.8918352317123], [174.549553751269, -36.8918446155697], [174.549551287134, -36.8918536730936], [174.549549239486, -36.8918624051999], [174.549547609431, -36.8918708109729], [174.549546396966, -36.8918788904124], [174.549545602112, -36.8918866444197], [174.549545223728, -36.8918940721083], [174.549545264076, -36.8919011743501], [174.549545720894, -36.8919079502731], [174.549546595305, -36.8919143998627], [174.549547887326, -36.8919205240201], [174.54954959694, -36.8919263218442], [174.549551723043, -36.8919317942505], [174.549554266738, -36.8919369403235], [174.549557228026, -36.891941760063], [174.549560606925, -36.8919462543701], [174.549564403417, -36.8919504223437], [174.549568596495, -36.891954279581], [174.549572790185, -36.8919581115718], [174.549576836266, -36.8919620248082], [174.549580734775, -36.8919660210923], [174.549584484552, -36.8919700986365], [174.549588086739, -36.8919742583275], [174.549591541335, -36.891978500165], [174.549594847218, -36.8919828241639], [174.54959800551, -36.8919872303094], [174.549601016211, -36.8919917186017], [174.549603878181, -36.8919962881542], [174.549606592579, -36.8920009407545], [174.549609158245, -36.8920056746151], [174.549611577461, -36.8920104915089], [174.549613846824, -36.8920153896776], [174.549615969717, -36.8920203699785], [174.549617943898, -36.8920254324407], [174.549619770487, -36.8920305770498], [174.549621449486, -36.8920358038056], [174.549622979753, -36.8920411118217], [174.549624361325, -36.8920465029004], [174.549625597532, -36.8920519751955], [174.549626946624, -36.8920573694018], [174.54962861478, -36.8920625593429], [174.549630604224, -36.8920675440883], [174.549632912731, -36.8920723245683], [174.549635542546, -36.8920769007537], [174.549638491424, -36.8920812726737], [174.549641761608, -36.892085440299], [174.549645350838, -36.8920894027578], [174.549649260254, -36.8920931609365], [174.549653489854, -36.892096714835], [174.549658039622, -36.8921000635522], [174.549662909593, -36.8921032088903], [174.549668099731, -36.8921061490471], [174.549673610037, -36.8921088840225], [174.549679440545, -36.8921114156187], [174.549685590099, -36.892113742048], [174.54969206096, -36.8921158641822], [174.549698850885, -36.8921177820506], [174.549705960994, -36.8921194956385], [174.549713392392, -36.89212100403], [174.549721142854, -36.8921223081555], [174.54972909828, -36.8921234816127], [174.549737057018, -36.892124652322], [174.549745016896, -36.8921258239173], [174.549752975634, -36.8921269946256], [174.549760935494, -36.8921281653187], [174.549768894232, -36.8921293360259], [174.549776854111, -36.892130507619], [174.54978481285, -36.8921316783251], [174.549792771589, -36.8921328490307], [174.549800731469, -36.8921340206223], [174.549808690209, -36.8921351913268], [174.54981665007, -36.8921363620161], [174.54982460881, -36.8921375327195], [174.549832568691, -36.8921387043088], [174.549840527431, -36.8921398750112], [174.549848486172, -36.892141045713], [174.549856446053, -36.8921422173008], [174.549864404795, -36.8921433880015], [174.549872364658, -36.892144558687], [174.549880323399, -36.8921457293866], [174.549888283281, -36.8921469009723], [174.549896212297, -36.892148100001], [174.549904004876, -36.8921494333101], [174.549911649926, -36.8921509073539], [174.549919149728, -36.8921525239054], [174.549926502039, -36.8921542829938], [174.549933706857, -36.8921561846192], [174.54994076527, -36.8921582269648], [174.54994767733, -36.8921604127339], [174.549954441881, -36.892162740139], [174.549961061183, -36.8921652100519], [174.549967531854, -36.8921678216154], [174.549973857277, -36.8921705756868], [174.549980035191, -36.8921734713943], [174.549986066734, -36.8921765096242], [174.549991950768, -36.8921796894904], [174.54999768845, -36.8921830127802], [174.550003279726, -36.8921864767904], [174.55000872351, -36.8921900833379], [174.550014020925, -36.892193832408], [174.55001917197, -36.8921977240008], [174.550024175487, -36.8922017563287], [174.550029074775, -36.8922059062925], [174.550034217847, -36.8922099584319], [174.550039682324, -36.8922138666657], [174.550045467086, -36.8922176310084], [174.550051574357, -36.8922212505296], [174.550058003016, -36.8922247252439], [174.550064751941, -36.8922280551659], [174.550071822271, -36.892231241182], [174.55007921513, -36.8922342832774], [174.550086928254, -36.8922371805805], [174.550094962766, -36.8922399330763], [174.550103318684, -36.892242541666], [174.55011199599, -36.8922450054483], [174.550120994701, -36.8922473253244], [174.5501303148, -36.892249500393], [174.550139956305, -36.8922515315553], [174.550149918057, -36.8922534170234], [174.550160202356, -36.8922551594714], [174.55017080692, -36.8922567571262], [174.550181733993, -36.8922582099586], [174.550192981331, -36.8922595179976], [174.550204547886, -36.8922606848624], [174.550216356291, -36.8922617692499], [174.550228370142, -36.8922628022815], [174.550240590507, -36.8922637812391], [174.5502530163, -36.8922647079395], [174.550265647521, -36.8922655823827], [174.550278485274, -36.8922664036529], [174.550291529558, -36.89226717175], [174.550304779271, -36.8922678875896], [174.550318234394, -36.8922685502706], [174.550331896066, -36.8922691606795], [174.550345763149, -36.8922697179295], [174.550359835641, -36.8922702220208], [174.550374114683, -36.8922706738397], [174.550388600274, -36.892271073386], [174.550403291258, -36.8922714188722], [174.550418187687, -36.8922717130015], [174.55043329063, -36.8922719530559], [174.550448599018, -36.8922721417532], [174.55046411392, -36.8922722763755], [174.55047983425, -36.8922723587394], [174.550495760007, -36.8922723888449]]}, "properties": {"OBJECTID": 1984, "TRACKNAME": "East Tunnel Mouth Track", "CONDITIONSOFUSE": "Waitakere North Regional Park", "STATUS": "Temp Closed", "WEBLINK": "https://www.aucklandcouncil.govt.nz/en/parks-recreation/find-park-beach/park-detail/3407.html", "VALIDATIONSTATE": 3, "created_user": "AC_owner", "last_edited_user": "AC_owner", "last_edited_date": 1789875254325, "created_date": 1789875254325, "PARK_SAPSITEID": null, "TRACK_ID": null, "KAURIDIEBACK_TRACK": null, "KAURIDIEBACK_MITIGATED": null, "SegmentID": null, "GlobalID": "817a34ff-aa06-4b42-b7cd-627df9725942", "Shape__Length": 578.9080773051905, "_COUNCIL_TRACKNAME": "East Tunnel Mouth Track"}}, {"type": "Feature", "id": 295, "geometry": {"type": "LineString", "coordinates": [[174.845332292912, -36.3738696516927], [174.845310542699, -36.373822001839], [174.845309973832, -36.3738007556616], [174.845335393516, -36.3737684443821], [174.845367523536, -36.3737413296308], [174.845412630971, -36.3737086780647], [174.845438209628, -36.373681682556], [174.845470475912, -36.3736598658928], [174.845502879155, -36.3736433743673], [174.845521724906, -36.3736111736498], [174.84553401934, -36.3735790921967], [174.845532903993, -36.373536608512], [174.845506494967, -36.3735317614632], [174.845467529327, -36.3735483724241], [174.845441814176, -36.3735700608132], [174.845403132734, -36.3735972858317], [174.845357729989, -36.3736193234873], [174.845318605236, -36.37363061861], [174.845259383302, -36.3736263416076], [174.845232984976, -36.3736214763052], [174.845173330755, -36.3736012602057], [174.845126517476, -36.3735702001739], [174.845092988141, -36.373544217086], [174.845046049551, -36.3735078497222], [174.845019230369, -36.3734870541536], [174.844978706626, -36.373445260396], [174.844971586566, -36.373424133449], [174.844971018225, -36.3734029052873], [174.845009426272, -36.3733650481322], [174.845048266549, -36.3733431300217], [174.845080817422, -36.3733319455653], [174.845120203969, -36.3733312649476], [174.845153323427, -36.3733413176424], [174.845232812825, -36.373366500469], [174.845279193916, -36.3733816304194], [174.845318864914, -36.373391572825], [174.845384239689, -36.3733798180078], [174.845403517558, -36.37336354735], [174.845442642165, -36.3733522522032], [174.845488591353, -36.3733514610408], [174.84553497248, -36.3733665908907], [174.845581353838, -36.3733817297327], [174.845647707188, -36.3734071423211], [174.845707372513, -36.3734273580126], [174.845753469235, -36.3734318646883], [174.84581255468, -36.373430843336], [174.845871788052, -36.3734351379168], [174.845911333496, -36.373439763816], [174.845970418941, -36.3734387423855], [174.846003242878, -36.3734381719271], [174.846055765888, -36.3734372699188], [174.846101737181, -36.373436469164], [174.846160970354, -36.37344075459], [174.846213914299, -36.3734557737079], [174.846247307566, -36.37347645836], [174.846287262859, -36.3734970055006], [174.846353901094, -36.3735330407695], [174.84637402116, -36.3735486303694], [174.846407414082, -36.3735692969527], [174.846427386412, -36.3735795795934], [174.846460221542, -36.3735790088355], [174.846506318597, -36.3735835242272], [174.846565119742, -36.3735718884288], [174.846597670473, -36.3735607035628], [174.846656345885, -36.3735437514161], [174.84671502127, -36.3735267992413], [174.84674057691, -36.3734997948012], [174.84682537711, -36.373477084289], [174.84687063155, -36.3734497391407], [174.846923154328, -36.3734488277402], [174.846949415822, -36.3734483765367], [174.847002359909, -36.3734633953005], [174.84704903718, -36.3734891474578], [174.847095965514, -36.3735255141802], [174.847123069708, -36.373556923333], [174.847143747933, -36.3735937501156], [174.847157726859, -36.3736253802922], [174.847171705797, -36.3736570104667], [174.847211524961, -36.3736722591791], [174.847251480809, -36.373692814997], [174.84731085089, -36.373702406964], [174.847356537808, -36.3736909916564], [174.847382514877, -36.3736799262901], [174.847408639548, -36.3736741588539], [174.847441315731, -36.3736682810513], [174.847506701507, -36.3736565249025], [174.847585485958, -36.3736551618731], [174.847664555157, -36.373664421866], [174.847763186354, -36.3736680248429], [174.847841981947, -36.3736666614716], [174.84794046529, -36.3736649573569], [174.848005987698, -36.3736585080539], [174.848084350593, -36.3736412145069], [174.848156287744, -36.3736293476093], [174.848247513326, -36.3736012093955], [174.848279767831, -36.3735794011793], [174.848318185879, -36.3735415608532], [174.848363302849, -36.3735088990266], [174.848401709467, -36.3734710498371], [174.848433553627, -36.3734333202342], [174.848472244819, -36.3734060850826], [174.848550333619, -36.3733781679975], [174.848576036675, -36.3733564791372], [174.848620868977, -36.3733132121709], [174.848652290895, -36.3732595343082], [174.848690002067, -36.3731951406176], [174.848708572848, -36.373152325205], [174.848720581004, -36.3731096203924], [174.84871973769, -36.3730777600248], [174.848685922751, -36.373041163914], [174.848665392086, -36.3730096533656], [174.848631007449, -36.3729518110986], [174.848616765476, -36.3729095576903], [174.848602501236, -36.3728673046245], [174.848581264159, -36.3728092408028], [174.848553863873, -36.3727672180996], [174.848513486576, -36.3727307325241], [174.848459973242, -36.3726944772917], [174.84842645437, -36.3726684949849], [174.8484061974, -36.3726475986173], [174.848352969009, -36.3726219664049], [174.848306018174, -36.3725855915068], [174.848279198696, -36.372564805694], [174.848245520922, -36.3725335165603], [174.84819915096, -36.3725183875898], [174.848172741715, -36.3725135231035], [174.848093947299, -36.3725148866599], [174.848047998886, -36.372515687821], [174.847975493381, -36.3725063174886], [174.84792297127, -36.3725072293337], [174.847830619122, -36.3724928838086], [174.847777812472, -36.3724831815249], [174.84774428277, -36.372457199189], [174.847664656668, -36.372426701898], [174.847618423562, -36.3724168798158], [174.847552059119, -36.3723914594747], [174.847492268834, -36.3723659464114], [174.847458728134, -36.372339964163], [174.847418636053, -36.3723140922612], [174.847398379442, -36.3722931957112], [174.847371275814, -36.3722617956158], [174.847344160854, -36.3722303866752], [174.847310494736, -36.3721990970889], [174.847276544174, -36.3721571934235], [174.847249019088, -36.3721098540863], [174.847208221613, -36.3720574468485], [174.847187532441, -36.372020611219], [174.847153297571, -36.3719680934436], [174.847118378846, -36.3718890130185], [174.847096984012, -36.3718256330972], [174.847075737218, -36.3717675691303], [174.847061075237, -36.3717093943059], [174.847060095992, -36.3716722267781], [174.847051416091, -36.3715926954519], [174.847049867771, -36.3715342907702], [174.847042462706, -36.3715025408694], [174.847067175217, -36.3714436849761], [174.84708546166, -36.3713902376979], [174.847104055443, -36.3713474311758], [174.847103212626, -36.3713155617578], [174.847095375335, -36.3712678908383], [174.847061277311, -36.3712206711303], [174.847047173607, -36.3711837426332], [174.847013781145, -36.3711630581753], [174.846986814721, -36.3711369650937], [174.846906758075, -36.3710905462209], [174.84685310977, -36.3710489740718], [174.846792762672, -36.371002214276], [174.846758676093, -36.3709549942987], [174.846697896769, -36.3708923044144], [174.846670509337, -36.3708502810456], [174.84662639494, -36.3708013231441]]}, "properties": {"OBJECTID": 295, "TRACKNAME": "Ecology Trail", "CONDITIONSOFUSE": "Tawharanui Regional Park", "STATUS": "Open", "WEBLINK": "https://www.aucklandcouncil.govt.nz/en/parks-recreation/find-park-beach/park-detail/228.html", "VALIDATIONSTATE": 3, "created_user": "AC_owner", "last_edited_user": "AC_owner", "last_edited_date": 1789875254325, "created_date": 1789875254325, "PARK_SAPSITEID": null, "TRACK_ID": null, "KAURIDIEBACK_TRACK": null, "KAURIDIEBACK_MITIGATED": null, "SegmentID": null, "GlobalID": "ff8a90ea-7950-4e53-b367-6994ba36cb06", "Shape__Length": 860.7113458915078, "_COUNCIL_TRACKNAME": "Ecology Trail"}}, {"type": "Feature", "id": 771, "geometry": {"type": "LineString", "coordinates": [[174.837831148282, -36.3707058314039], [174.837845249171, -36.3708664691808], [174.837845341537, -36.3708689736504], [174.837845652107, -36.370874593605], [174.837846062743, -36.3708802030056], [174.837846618225, -36.3708858101773], [174.837847273775, -36.3708914067951], [174.837848051887, -36.3708970015268], [174.837848104088, -36.3708973252274], [174.837848440212, -36.3708992941202], [174.837848798621, -36.37090126267], [174.83784922367, -36.3709032211803], [174.837849671004, -36.3709051793478], [174.837850173623, -36.3709071186364], [174.837850698739, -36.3709090665929], [174.837851290283, -36.3709109954992], [174.837851904112, -36.3709129240625], [174.837852573438, -36.3709148427577], [174.83785617071, -36.3709246667411], [174.837861392302, -36.3709381524528], [174.837865355356, -36.370947889681], [174.837871052245, -36.3709612058261], [174.837871204936, -36.3709615369943], [174.837872062407, -36.3709633987101], [174.837872941738, -36.3709652420617], [174.837873876567, -36.3709670755451], [174.83787484461, -36.3709688995034], [174.83787585701, -36.3709707137652], [174.837876902412, -36.3709725094911], [174.837877991746, -36.3709742774989], [174.837879103365, -36.3709760451637], [174.837880281412, -36.3709777937784], [174.83788178225, -36.3709799971395], [174.837885218562, -36.3709848749149], [174.837888765023, -36.3709896969111], [174.837892432987, -36.3709944719675], [174.837896177886, -36.3709992007698], [174.837900032934, -36.3710038737929], [174.83797172111, -36.3710809309297], [174.838164008191, -36.3712312996385], [174.838170467302, -36.371237690302], [174.838179603433, -36.3712470053669], [174.838188530623, -36.3712564408289], [174.838197260014, -36.3712659965166], [174.838205769534, -36.3712756817836], [174.838214081255, -36.3712854872764], [174.838222161538, -36.3712954044986], [174.838224815313, -36.3712987619289], [174.838250090293, -36.3713388277127], [174.838256035293, -36.3713508420033], [174.838267375094, -36.3713746987722], [174.838278206181, -36.3713987256219], [174.838283475338, -36.3714109125655], [174.838293531788, -36.3714351766867], [174.838303056814, -36.3714595932107], [174.838304461505, -36.3714633935231], [174.838315220846, -36.3715075767653], [174.838316249705, -36.3715157726778], [174.838317520656, -36.3715276245458], [174.838318535339, -36.3715394803583], [174.838319294176, -36.3715513581369], [174.838319796956, -36.3715632488708], [174.838320032325, -36.3715751437208], [174.838320022354, -36.3715870333331]]}, "properties": {"OBJECTID": 771, "TRACKNAME": "Ecology Trail", "CONDITIONSOFUSE": "Tawharanui Regional Park", "STATUS": "Open", "WEBLINK": "https://www.aucklandcouncil.govt.nz/en/parks-recreation/find-park-beach/park-detail/228.html", "VALIDATIONSTATE": 3, "created_user": "AC_owner", "last_edited_user": "AC_owner", "last_edited_date": 1789875254325, "created_date": 1789875254325, "PARK_SAPSITEID": null, "TRACK_ID": null, "KAURIDIEBACK_TRACK": null, "KAURIDIEBACK_MITIGATED": null, "SegmentID": null, "GlobalID": "a59da6ef-17c3-44d3-aaae-a99546cdf274", "Shape__Length": 111.5638129257262, "_COUNCIL_TRACKNAME": "Ecology Trail"}}, {"type": "Feature", "id": 1440, "geometry": {"type": "LineString", "coordinates": [[174.835358811468, -36.3693394927745], [174.835627480264, -36.3694053124111], [174.835860122029, -36.3694624278526], [174.835884971666, -36.3694688244022], [174.835922291624, -36.3694789323153], [174.83592378387, -36.3694793510625], [174.835934153082, -36.3694823465663], [174.835944458833, -36.3694854872687], [174.835954689979, -36.3694887733411], [174.836000982194, -36.3695040886072], [174.836047210117, -36.3695195130114], [174.836048681775, -36.3695200041855], [174.836058806594, -36.3695235082194], [174.83606885681, -36.3695271576234], [174.836078820857, -36.3695309345472], [174.836102266521, -36.3695401920449], [174.836137367943, -36.369554543535], [174.836224591, -36.369586581392], [174.836244304802, -36.369593552597], [174.836270022305, -36.3696022523201], [174.836337296307, -36.3696244200015], [174.836404625421, -36.369646559755], [174.836424627585, -36.3696529946699], [174.836450730558, -36.3696610213904], [174.836540873902, -36.3696873623307], [174.83689642604, -36.3697929378397], [174.836938547529, -36.369806914305], [174.836940074695, -36.3698073956002], [174.836956575237, -36.3698128026018], [174.836983167888, -36.3698217411005], [174.837009760333, -36.3698306705824], [174.837011276994, -36.3698311790802], [174.837027627492, -36.3698368407716], [174.83706247428, -36.3698493570457], [174.837123255451, -36.3698668485313], [174.837184167171, -36.3698909794914], [174.837200217678, -36.3698976282993], [174.837216286112, -36.3699045652773], [174.837262880634, -36.369925130557], [174.837309375327, -36.3699457153819], [174.837325102408, -36.3699528288622], [174.837340791493, -36.3699602223587], [174.837342640388, -36.3699611133431], [174.837400509628, -36.3699895185613], [174.837519493674, -36.3700501081231], [174.837521130876, -36.3700510023617], [174.837529296513, -36.3700555549936], [174.837537364417, -36.3700602172966], [174.83754532387, -36.3700650074636], [174.837553185378, -36.370069898291], [174.83756092687, -36.3700748991324], [174.837568581983, -36.3700800184843], [174.837569216318, -36.3700804504103], [174.837594843584, -36.3701014102686], [174.83759747906, -36.370103992792], [174.837611667247, -36.3701181788574], [174.837625570413, -36.3701325676143], [174.837627971062, -36.3701351176942], [174.837641603317, -36.3701498351215], [174.837654906193, -36.3701647649371], [174.837655318115, -36.3701652183129], [174.837673767975, -36.3701909398121], [174.837674546497, -36.3701922889468], [174.837678676148, -36.3701996349103], [174.837682639943, -36.3702070375096], [174.837686448811, -36.3702144875627], [174.83769009161, -36.3702219852409], [174.837693579694, -36.3702295393836], [174.837696890779, -36.3702371503336], [174.837762433559, -36.3703785088776], [174.837763275215, -36.37038017253], [174.837769047632, -36.3703919641542], [174.837774565693, -36.3704038408181], [174.837779817832, -36.3704157846715], [174.837780845274, -36.3704182386967], [174.837782337146, -36.3704219565488], [174.837783740095, -36.3704256847833], [174.837785065685, -36.3704294412501], [174.837786313494, -36.3704332079277], [174.837787472803, -36.3704370030092], [174.837796162595, -36.3704671473075], [174.837804441201, -36.3704973430023], [174.83780511422, -36.3704998926209], [174.837806028831, -36.3705037094956], [174.837806877226, -36.3705075544311], [174.837807625555, -36.3705114099205], [174.837808307033, -36.3705152664385], [174.837808899798, -36.3705191423497], [174.837809142543, -36.3705209323996], [174.83781074318, -36.3705335363785], [174.837812076833, -36.3705461624937], [174.837813154644, -36.3705588105737], [174.837830231071, -36.3706952721002]]}, "properties": {"OBJECTID": 1440, "TRACKNAME": "Ecology Trail", "CONDITIONSOFUSE": "Tawharanui Regional Park", "STATUS": "Open", "WEBLINK": "https://www.aucklandcouncil.govt.nz/en/parks-recreation/find-park-beach/park-detail/228.html", "VALIDATIONSTATE": 3, "created_user": "AC_owner", "last_edited_user": "AC_owner", "last_edited_date": 1789875254325, "created_date": 1789875254325, "PARK_SAPSITEID": null, "TRACK_ID": null, "KAURIDIEBACK_TRACK": null, "KAURIDIEBACK_MITIGATED": null, "SegmentID": null, "GlobalID": "ae6979c5-6ac3-4955-a6fc-60cee84156eb", "Shape__Length": 289.1794801128791, "_COUNCIL_TRACKNAME": "Ecology Trail"}}, {"type": "Feature", "id": 1480, "geometry": {"type": "LineString", "coordinates": [[174.838320052666, -36.3715831117789], [174.838323069135, -36.37169138652], [174.838323127406, -36.3716967038798], [174.838323410217, -36.3717082464535], [174.838323938367, -36.3717197942648], [174.838324733718, -36.3717313289491], [174.838324782626, -36.3717319862179], [174.838325123938, -36.3717355955759], [174.838325543246, -36.3717392037335], [174.838326028983, -36.3717427928405], [174.838326603857, -36.3717463805755], [174.838327256726, -36.3717499671099], [174.838327987167, -36.3717535344223], [174.83833480597, -36.3717842032398], [174.838342137319, -36.3718148641672], [174.838342285447, -36.3718154748387], [174.838343227378, -36.3718190298815], [174.838344235739, -36.3718225658738], [174.838345322095, -36.3718261006656], [174.838346486022, -36.3718296162353], [174.838347727309, -36.3718331035722], [174.838349046379, -36.3718365806978], [174.838351026525, -36.3718416250966], [174.838355565137, -36.3718526063915], [174.83836032511, -36.3718635211809], [174.838365328515, -36.371874360111], [174.838440428358, -36.3720716832136], [174.838509106472, -36.3722438298781], [174.838518792259, -36.3722589685058]]}, "properties": {"OBJECTID": 1480, "TRACKNAME": "Ecology Trail", "CONDITIONSOFUSE": "Tawharanui Regional Park", "STATUS": "Open", "WEBLINK": "https://www.aucklandcouncil.govt.nz/en/parks-recreation/find-park-beach/park-detail/228.html", "VALIDATIONSTATE": 3, "created_user": "AC_owner", "last_edited_user": "AC_owner", "last_edited_date": 1789875254325, "created_date": 1789875254325, "PARK_SAPSITEID": null, "TRACK_ID": null, "KAURIDIEBACK_TRACK": null, "KAURIDIEBACK_MITIGATED": null, "SegmentID": null, "GlobalID": "1d7df7a1-24b1-40f7-97d6-e2a6210da0d8", "Shape__Length": 77.6567308730591, "_COUNCIL_TRACKNAME": "Ecology Trail"}}, {"type": "Feature", "id": 1928, "geometry": {"type": "LineString", "coordinates": [[174.838612587814, -36.3723858477624], [174.838615241096, -36.3723906023592], [174.838615894871, -36.3723913855257], [174.838624362122, -36.3724011615496], [174.838633016037, -36.3724108175172], [174.838641878899, -36.3724203530855], [174.83864344442, -36.3724219875585], [174.838646264863, -36.3724248466425], [174.838649140382, -36.3724276778366], [174.838652081482, -36.372430453937], [174.838655088587, -36.3724331929652], [174.838658139413, -36.3724358952642], [174.838682325104, -36.3724566517113], [174.83870679584, -36.372477205457], [174.838708580179, -36.3724786652943], [174.838711784243, -36.3724812480508], [174.83871506503, -36.3724837755419], [174.838718389114, -36.3724862482824], [174.838721756919, -36.3724886842938], [174.838725190517, -36.3724910742221], [174.838726085606, -36.3724916914208], [174.838737444595, -36.3724993046266], [174.838748978044, -36.3725067528934], [174.838809799267, -36.3725501292479], [174.83884527061, -36.3725682781198], [174.838848274666, -36.3725694667832], [174.83886351673, -36.3725753616139], [174.838878876271, -36.372581038298], [174.838894364218, -36.3725864876532], [174.838897443088, -36.3725875399534], [174.838913058805, -36.372592734947], [174.838928791997, -36.3725977117938], [174.838944631098, -36.372602452644], [174.838951710259, -36.3726043988299], [174.838985393791, -36.3726105234803], [174.838991226619, -36.3726111367563], [174.838999816686, -36.372611923911], [174.839008437423, -36.3726125934109], [174.839017066543, -36.3726131455991], [174.839025692694, -36.3726135716366], [174.839034338371, -36.3726138801909], [174.83904299222, -36.3726140624228], [174.839051643098, -36.372614118504], [174.839182156093, -36.3725980468641], [174.839185841968, -36.3725974222205], [174.839199434305, -36.3725952658768], [174.839213075878, -36.3725933070812], [174.839226766264, -36.372591527812], [174.839230490232, -36.3725911008883], [174.839234759961, -36.3725906565455], [174.83923904253, -36.3725902841168], [174.839243315441, -36.3725899749347], [174.839247600556, -36.3725897106344], [174.839251898511, -36.3725895182481], [174.83928714859, -36.3725883263682], [174.839322395377, -36.3725874680462], [174.839326161684, -36.3725874190551], [174.839330464094, -36.3725874158912], [174.83933476799, -36.3725874758022], [174.839339062228, -36.3725875989598], [174.83934335774, -36.3725877761815], [174.839347643595, -36.3725880166497], [174.83935139462, -36.3725882653549], [174.839365195777, -36.3725892967293], [174.839378990249, -36.3725905174989], [174.839392733466, -36.3725919283502], [174.839510258836, -36.3726046397495], [174.839514105579, -36.3726051664089], [174.839527248071, -36.3726071002949], [174.839540327741, -36.3726092064128], [174.839553389585, -36.3726115020978], [174.839557050942, -36.3726122028771], [174.839561071823, -36.3726130243145], [174.839565071694, -36.3726139001593], [174.839569061908, -36.3726148392507], [174.839573019756, -36.3726158239104], [174.839576957018, -36.372616880999], [174.839609281873, -36.3726258928497], [174.839641513882, -36.3726352216114], [174.83964503888, -36.3726362850481], [174.83964890218, -36.3726375145395], [174.839652733327, -36.3726387986099], [174.83965654325, -36.3726401280771], [174.839660332375, -36.3726415209625], [174.839664078203, -36.3726429685986], [174.839667566062, -36.3726443480965], [174.839679506682, -36.3726492029842], [174.839691340125, -36.3726542398015], [174.839703054825, -36.3726594406986], [174.839711975461, -36.3726643240756], [174.839721388694, -36.3726692990176], [174.839730921311, -36.37267413691], [174.839740539883, -36.3726788382676], [174.839750266695, -36.3726834027472], [174.839751821525, -36.3726841089288], [174.839755212078, -36.3726856161189], [174.839758645713, -36.3726870595472], [174.83976208943, -36.3726884577502], [174.839765565725, -36.3726898193953], [174.839769085316, -36.3726911262894], [174.839772625918, -36.3726923787757], [174.839776187532, -36.3726935768543], [174.839779770581, -36.3726947385466], [174.839792604296, -36.3726987053077], [174.839821127451, -36.3727072077838], [174.839834088934, -36.3727109201803], [174.839862865504, -36.372718823819], [174.839864570172, -36.372719266285], [174.83986825934, -36.3727202009901], [174.839871958377, -36.372721081459], [174.83987570071, -36.3727219071769], [174.839879441769, -36.3727226788303], [174.839883192697, -36.3727233962476], [174.839886964848, -36.3727240682679], [174.839890757798, -36.3727246768698], [174.839894560617, -36.3727252312355], [174.839905194098, -36.3727266448654], [174.839916315932, -36.3727279698449], [174.839927467159, -36.3727291231047], [174.839938648418, -36.3727301316769], [174.83994983721, -36.3727309868941], [174.839952021951, -36.3727309892912], [174.839962959349, -36.3727311092331], [174.839973889213, -36.3727313825278], [174.839984822898, -36.3727318180146], [174.839995748625, -36.3727323888328], [174.840006644959, -36.3727331313686], [174.840017522616, -36.3727340274291], [174.840028381386, -36.3727350680034], [174.840034908449, -36.3727358147559], [174.840076232245, -36.3727440388239], [174.840094219679, -36.3727491250074], [174.840115198992, -36.3727553549369], [174.840136018179, -36.3727618847915], [174.840153665626, -36.3727676792956], [174.840174241284, -36.3727747537352], [174.840194667747, -36.3727821189178], [174.840200606512, -36.3727843890762], [174.840237095082, -36.3728021703086], [174.840238835838, -36.3728031981225], [174.840247599367, -36.3728085075371], [174.840256254021, -36.3728139267964], [174.840264788871, -36.3728194650831], [174.840273192986, -36.3728251315795], [174.84028148844, -36.3728309169315], [174.840289652735, -36.3728368124719], [174.840297674728, -36.3728428183723], [174.840402267857, -36.3729206829708], [174.840547958806, -36.3730231803187], [174.84055124933, -36.3730256445102], [174.840562274411, -36.3730337404257], [174.840573462807, -36.3730416715714], [174.840584837015, -36.3730494466145], [174.840596352254, -36.3730570572312], [174.840598230976, -36.3730582631932], [174.840602111623, -36.3730607002603], [174.840606057638, -36.373063073222], [174.840610058303, -36.3730654002712], [174.840614090909, -36.3730676637302], [174.840618189095, -36.3730698720943], [174.840622319647, -36.3730720348895], [174.840626504212, -36.3730741247403], [174.840630992169, -36.3730763180828], [174.840669796045, -36.3730949017962], [174.84067433823, -36.3730970312034], [174.840713584523, -36.3731149951322], [174.840715679512, -36.3731159183254], [174.840720014978, -36.3731177895112], [174.840724393527, -36.3731195969349], [174.840728826302, -36.3731213404247], [174.840733280087, -36.3731230295067], [174.840737776956, -36.3731246548265], [174.840742305553, -36.3731262075451], [174.84074686609, -36.3731276966734], [174.84075103261, -36.3731290206087], [174.840764954472, -36.3731332769672], [174.840778972156, -36.3731373425533], [174.840793063167, -36.3731412086998], [174.840807249787, -36.3731448750632], [174.840927634417, -36.3731748117818], [174.840932119823, -36.3731759505155], [174.840943885687, -36.3731790592542], [174.840955588734, -36.3731823402259], [174.840967228962, -36.3731857934306], [174.840967408302, -36.373185835736], [174.84097101325, -36.3731869790264], [174.840974585408, -36.3731881498641], [174.840978136768, -36.3731893841202], [174.840981666906, -36.3731906637733], [174.840985164891, -36.3731919980058], [174.840988630299, -36.3731933687964], [174.841017659363, -36.3732053515966], [174.841046539451, -36.3732176341478], [174.841046685789, -36.3732176949898], [174.841050087318, -36.3732191929591], [174.841053468049, -36.3732207543469], [174.841056793706, -36.3732223436255], [174.841060098353, -36.3732239873119], [174.841063359705, -36.3732256857495], [174.841066588479, -36.3732274207452], [174.841070450785, -36.3732295516038], [174.841080607116, -36.3732353082117], [174.841090655423, -36.3732412107077], [174.841100550924, -36.3732472507684], [174.841109104342, -36.3732526264549], [174.841110802461, -36.373253736039], [174.841113418195, -36.3732554714701], [174.84111969409, -36.3732597465039], [174.841125969986, -36.3732640215374], [174.841127646459, -36.3732651584969], [174.841130185896, -36.3732669672157], [174.841138216166, -36.3732728467344], [174.84128063235, -36.3733715897432], [174.841477911877, -36.373518558783], [174.841483037902, -36.373522283646], [174.841495394099, -36.3735310440106], [174.841507946614, -36.3735396210671], [174.84152067316, -36.3735480151589], [174.84152110337, -36.3735482969728], [174.841525165536, -36.3735508664199], [174.841529282351, -36.3735533899542], [174.841533442249, -36.3735558497261], [174.841537656372, -36.3735582455639], [174.84154192472, -36.3735605774674], [174.841546247506, -36.3735628544474], [174.841583298342, -36.3735817623495], [174.841620517065, -36.3736002259655], [174.841621091915, -36.3736004965346], [174.841625488665, -36.3736026011054], [174.84162993964, -36.3736046417419], [174.841634422343, -36.3736066097771], [174.841638948129, -36.3736085140499], [174.841643517209, -36.3736103635709], [174.84164812916, -36.3736121403188], [174.841654449208, -36.3736145036774], [174.841669368002, -36.3736199073591], [174.841684404053, -36.3736250838811], [174.841699557786, -36.3736300512646], [174.841880506274, -36.3736837874047], [174.841930579969, -36.3736981225655], [174.841963651489, -36.3737056800137], [174.841989469572, -36.3737024910791], [174.842002963516, -36.3736967727037], [174.842018384033, -36.3736860642151], [174.842041770789, -36.3736664171751], [174.842057034274, -36.3736490984434], [174.84206891862, -36.373632934241], [174.842088627363, -36.3736017708656], [174.84210160048, -36.3735740186123], [174.842114717605, -36.3735523251407], [174.842130597999, -36.3735322413087], [174.84215930449, -36.3735070010394], [174.842190643222, -36.3734778630757], [174.842220711275, -36.3734526017894], [174.842270910199, -36.3734140317929], [174.842340348381, -36.3733631520442], [174.842490466127, -36.3732463405143], [174.842491645483, -36.3732453037392], [174.842493252376, -36.3732439629065], [174.842494870836, -36.3732426399233], [174.842496523361, -36.3732413434566], [174.842498198809, -36.3732400736781], [174.842499908108, -36.3732388214053], [174.842501640331, -36.3732375958208], [174.842503395475, -36.3732363969246], [174.842505042597, -36.3732353439187], [174.842512839986, -36.3732313476078], [174.842513866235, -36.3732309081176], [174.842517852066, -36.3732292962189], [174.8425218726, -36.3732277378687], [174.842525916694, -36.3732262332387], [174.842526977858, -36.3732258563076], [174.842531079363, -36.3732244229036], [174.842535193499, -36.3732230524026], [174.84253935348, -36.373221735278], [174.842541324066, -36.3732211640364], [174.842550288832, -36.373219403209], [174.842552023002, -36.3732192051882], [174.842554313439, -36.3732189625291], [174.842556593797, -36.3732187650955], [174.842558885722, -36.3732185855113], [174.842561189853, -36.3732184508087], [174.842563483266, -36.3732183342993], [174.842565777743, -36.3732182628435], [174.842568084211, -36.3732182272585], [174.842727846214, -36.3732121026098], [174.842876083603, -36.3731989263672], [174.843014377424, -36.3731720128399], [174.84301557527, -36.373171759991], [174.843018814378, -36.3731710970538], [174.843022076834, -36.3731704788261], [174.843025351708, -36.3731699144905], [174.843028638788, -36.3731693950364], [174.84303193786, -36.3731689114532], [174.843035249563, -36.3731684907728], [174.843038562117, -36.3731681061351], [174.843041875734, -36.3731677665509], [174.843046037657, -36.3731674769731], [174.843059899083, -36.3731677498132], [174.843064300651, -36.3731681686413], [174.843070424521, -36.3731688313093], [174.843076516878, -36.3731695755892], [174.843082600219, -36.3731704101478], [174.843086962747, -36.3731710639412], [174.843093004921, -36.3731720433583], [174.843099015794, -36.373173113398], [174.843105017439, -36.3731742647057], [174.843109051226, -36.3731751579352], [174.843121889852, -36.3731793225665], [174.843122993073, -36.3731797832817], [174.843125954132, -36.3731810355976], [174.843128894182, -36.3731823423215], [174.843131801443, -36.3731836765933], [174.843134665199, -36.3731850566064], [174.843137519087, -36.3731864908556], [174.843140328832, -36.373187943814], [174.843143106426, -36.3731894513524], [174.843145862585, -36.3731909952775], [174.843250896546, -36.3732458378244], [174.843280882034, -36.3732614920274], [174.843493675441, -36.3733747042495], [174.843493720648, -36.3733747305936], [174.843497490187, -36.3733771782941], [174.843501325091, -36.3733795618876], [174.843505214856, -36.3733819085782], [174.84350914749, -36.373384182495], [174.843513134773, -36.3733864104982], [174.843513913806, -36.3733868311441], [174.843515302184, -36.3733875668873], [174.843516711997, -36.3733882662438], [174.843518132952, -36.3733889654282], [174.843519564411, -36.3733896374085], [174.84352101773, -36.3733902910234], [174.843522492695, -36.3733909172621], [174.843523967448, -36.3733915344902], [174.843525452492, -36.3733921155034], [174.843531369109, -36.3733943858359], [174.84354306353, -36.3733987123071], [174.843549066309, -36.3734008551129], [174.843560865563, -36.3734049005306], [174.8435617419, -36.3734051934782], [174.84356328053, -36.373405683524], [174.843564829665, -36.3734061463655], [174.843566389728, -36.3734066000244], [174.843567960297, -36.3734070264792], [174.843569541156, -36.3734074167191], [174.843571132946, -36.3734077977763], [174.84357272431, -36.373408160812], [174.843574325966, -36.373408487633], [174.843574404388, -36.3734085044503], [174.84357909623, -36.3734094145475], [174.843583808656, -36.3734102522148], [174.843588541877, -36.373411026463], [174.843593296107, -36.3734117463028], [174.843598070708, -36.373412384702], [174.84365532824, -36.3734198657805], [174.843676091328, -36.3734225829613], [174.843704077073, -36.3734262342582], [174.843824071595, -36.3734452491069], [174.843847444192, -36.3734489625778], [174.843976236079, -36.3734718706994], [174.844019128828, -36.3734780590469], [174.844019529529, -36.3734780348319], [174.844022290714, -36.3734779020579], [174.844025041395, -36.3734777964878], [174.844027804282, -36.3734777357992], [174.844030579163, -36.3734777109812], [174.844033343752, -36.3734777223781], [174.844036109405, -36.3734777788283], [174.844038864554, -36.3734778624827], [174.844040438184, -36.3734779463525], [174.844051060685, -36.37347935978], [174.844055541895, -36.3734803181805], [174.844061010655, -36.3734815587936], [174.844066447691, -36.3734828720081], [174.844070910871, -36.3734840109661], [174.844076250817, -36.3734854608891], [174.844081558825, -36.3734869744029], [174.844083074324, -36.3734874287431], [174.844092606179, -36.3734912747551], [174.844092978346, -36.3734914583021], [174.844095313755, -36.3734926481423], [174.844097616163, -36.3734938565201], [174.844099886208, -36.3734951104674], [174.844102145749, -36.3734963916189], [174.844104361571, -36.3734977095013], [174.844106555534, -36.3734990457492], [174.844108728276, -36.3735004273946], [174.844250532569, -36.373550897356], [174.844353898862, -36.3735869885393], [174.844430017955, -36.3736171906531], [174.844469449774, -36.3736354118706], [174.844511439139, -36.3736514843022], [174.844537791552, -36.3736657340295], [174.844574919945, -36.3736945010909], [174.844614412564, -36.373714821578], [174.844635572647, -36.3737291514814], [174.844646067488, -36.3737331808819], [174.844677441061, -36.3737410432338], [174.844732239757, -36.3737505899159], [174.844781774646, -36.3737581356528], [174.844841655408, -36.3737634032661], [174.844883424256, -36.3737710779401], [174.844922525258, -36.373776702569], [174.844953849278, -36.3737824653554], [174.844969646634, -36.3737906043129], [174.845011625037, -36.3738066767351], [174.845038148668, -36.3738272244775], [174.845051410382, -36.3738374938409], [174.845064721911, -36.3738498717049], [174.845085821583, -36.3738621112163], [174.845104225873, -36.3738701918514], [174.845127750447, -36.3738760841043], [174.845140780351, -36.3738779560085], [174.84520061162, -36.3738811239471], [174.84524213779, -36.3738804102273], [174.8453374991, -36.3738738357629], [174.8453511405, -36.3738700275001]]}, "properties": {"OBJECTID": 1928, "TRACKNAME": "Ecology Trail", "CONDITIONSOFUSE": "Tawharanui Regional Park", "STATUS": "Open", "WEBLINK": "https://www.aucklandcouncil.govt.nz/en/parks-recreation/find-park-beach/park-detail/228.html", "VALIDATIONSTATE": 3, "created_user": "AC_owner", "last_edited_user": "AC_owner", "last_edited_date": 1789875254325, "created_date": 1789875254325, "PARK_SAPSITEID": null, "TRACK_ID": null, "KAURIDIEBACK_TRACK": null, "KAURIDIEBACK_MITIGATED": null, "SegmentID": null, "GlobalID": "0d85f5c5-e364-4d0b-9abc-c830be13f4a0", "Shape__Length": 695.6599966714284, "_COUNCIL_TRACKNAME": "Ecology Trail"}}, {"type": "Feature", "id": 2973, "geometry": {"type": "LineString", "coordinates": [[174.845968527358, -36.3667266536772], [174.84589152773, -36.3668375521069], [174.845812865012, -36.3668781192973], [174.845586238102, -36.3669591327834], [174.845496441449, -36.3669652896433], [174.845309252786, -36.3669681819071], [174.84523384739, -36.3670218164541], [174.845081159207, -36.3671744277403], [174.844936543209, -36.3673567252119], [174.844831188172, -36.367515760316], [174.844728442959, -36.3676604444081], [174.844694756335, -36.3677325132584], [174.844693779833, -36.3678160023963], [174.844732064008, -36.3678762275699], [174.844781115753, -36.367955365425], [174.844846945028, -36.3680580942183], [174.844923598388, -36.3681821207822], [174.844982338276, -36.3682968836098], [174.845172138493, -36.3686540792384], [174.845295197741, -36.3689324102443], [174.845424210456, -36.3692130342104], [174.84552407407, -36.3693832084645], [174.845637457042, -36.3695639048554], [174.84571238566, -36.3696772254501], [174.845743893866, -36.3697625967304], [174.845785522343, -36.3698394646438], [174.845846086216, -36.3699064994885], [174.845904294746, -36.3699986133579], [174.845924348765, -36.3700984713162], [174.845912407208, -36.3701547021388], [174.845876289997, -36.370186264859], [174.845765027547, -36.3702201814848], [174.845669959969, -36.3701906461778], [174.845534682857, -36.3700818357833], [174.845378234089, -36.3699506966087], [174.845245792177, -36.3698370718625], [174.845074632976, -36.3697073511994], [174.844929921908, -36.3695736440738], [174.844607219829, -36.3693415381701], [174.844427514355, -36.3692486075257], [174.844325651759, -36.369257358413], [174.844288086626, -36.3694206382937], [174.844289421377, -36.3696024595741], [174.84432538012, -36.3696844507854], [174.84459164025, -36.3701851869624], [174.844745755285, -36.3704471949266], [174.844958061571, -36.3706676281352], [174.84513301503, -36.3708096800255], [174.845315796192, -36.3709073475294], [174.845524432089, -36.3709723145098]]}, "properties": {"OBJECTID": 2973, "TRACKNAME": "Ecology Trail", "CONDITIONSOFUSE": "Tawharanui Regional Park", "STATUS": "Open", "WEBLINK": "https://www.aucklandcouncil.govt.nz/en/parks-recreation/find-park-beach/park-detail/228.html", "VALIDATIONSTATE": 3, "created_user": "AC_owner", "last_edited_user": "AC_owner", "last_edited_date": 1789875254325, "created_date": 1789875254325, "PARK_SAPSITEID": null, "TRACK_ID": null, "KAURIDIEBACK_TRACK": null, "KAURIDIEBACK_MITIGATED": null, "SegmentID": null, "GlobalID": "3c9ef6c7-1c25-4c5e-a8db-9ddc86077984", "Shape__Length": 885.3667395506632, "_COUNCIL_TRACKNAME": "Ecology Trail"}}, {"type": "Feature", "id": 248, "geometry": {"type": "LineString", "coordinates": [[174.435875776127, -36.8291126239626], [174.435765456614, -36.8290479504374], [174.435707753181, -36.8290126386756], [174.435626980931, -36.8289895380609], [174.435436896037, -36.8290163512433], [174.435208214151, -36.8291162820359], [174.435018798359, -36.8291753381615], [174.434850983444, -36.8293067040678], [174.434603779883, -36.8294794911626], [174.434556014536, -36.8295930836937], [174.434448385059, -36.8297236145635], [174.434319846748, -36.829814114558], [174.434221580219, -36.829912253527], [174.434184193159, -36.830041837525], [174.434196614517, -36.8301546046193], [174.434159723725, -36.8303083758887], [174.434021496766, -36.8304151363212], [174.433852662057, -36.8304981085678], [174.433793997005, -36.8305715131485], [174.433617343027, -36.8307594649518], [174.433409227701, -36.8308833195372], [174.433341047301, -36.8309810499307], [174.433373718242, -36.8311016043149], [174.433345832515, -36.8312068531675], [174.433338186179, -36.831319889349], [174.433229710479, -36.8314101102159], [174.433050505026, -36.8314770985611], [174.432803959177, -36.8316821257103], [174.432629513682, -36.8319749259961], [174.432605395192, -36.8322575856261]]}, "properties": {"OBJECTID": 248, "TRACKNAME": "Edwin Mitchelson Track", "CONDITIONSOFUSE": "Muriwai Regional Park", "STATUS": "Closed Dieback", "WEBLINK": "https://www.aucklandcouncil.govt.nz/en/parks-recreation/find-park-beach/park-detail/220.html", "VALIDATIONSTATE": 3, "created_user": "AC_owner", "last_edited_user": "AC_owner", "last_edited_date": 1789875254325, "created_date": 1789875254325, "PARK_SAPSITEID": null, "TRACK_ID": null, "KAURIDIEBACK_TRACK": null, "KAURIDIEBACK_MITIGATED": null, "SegmentID": null, "GlobalID": "a8cf3b04-73e6-4f2b-9b40-b355278949ee", "Shape__Length": 514.4692916548294, "_COUNCIL_TRACKNAME": "Edwin Mitchelson Track"}}, {"type": "Feature", "id": 1679, "geometry": {"type": "LineString", "coordinates": [[174.432625786472, -36.8323961537047], [174.432566571619, -36.8326326164654], [174.432525035505, -36.8329650352769], [174.432618449825, -36.8330050308519], [174.432665736059, -36.8330458527176], [174.432734358185, -36.8331195524471], [174.432833125127, -36.8331555262411], [174.43295680238, -36.8331496907396], [174.433111509523, -36.8331475733246], [174.433190080507, -36.8332045492699], [174.433197163315, -36.833295675356], [174.433131794784, -36.8333753529619], [174.432937502925, -36.8334567920185], [174.432783768907, -36.8335044987175], [174.432651613978, -36.8335975283552], [174.432550754423, -36.833706712166], [174.432444206513, -36.8337910951359], [174.43234762957, -36.833858763308], [174.432261720401, -36.8339428703858], [174.432237251942, -36.8340053970462], [174.432213314504, -36.8340927956197], [174.432230444668, -36.8341713435198], [174.432254314026, -36.8343244451637], [174.432236230556, -36.8344449442913], [174.432156871159, -36.8345952965214], [174.432091666267, -36.8346832643594], [174.432015550131, -36.8347423569359], [174.431928312013, -36.8347642749834], [174.431845268816, -36.834740532194], [174.431792559466, -36.8346873451959], [174.431733819715, -36.8345927849745], [174.43171651298, -36.8345059463586]]}, "properties": {"OBJECTID": 1679, "TRACKNAME": "Edwin Mitchelson Track", "CONDITIONSOFUSE": "Muriwai Regional Park", "STATUS": "Open", "WEBLINK": "https://www.aucklandcouncil.govt.nz/en/parks-recreation/find-park-beach/park-detail/220.html", "VALIDATIONSTATE": 3, "created_user": "AC_owner", "last_edited_user": "AC_owner", "last_edited_date": 1789875254325, "created_date": 1789875254325, "PARK_SAPSITEID": null, "TRACK_ID": null, "KAURIDIEBACK_TRACK": null, "KAURIDIEBACK_MITIGATED": null, "SegmentID": null, "GlobalID": "731722f9-f588-4842-9a04-b424029f5780", "Shape__Length": 396.7870365197635, "_COUNCIL_TRACKNAME": "Edwin Mitchelson Track"}}, {"type": "Feature", "id": 3623, "geometry": {"type": "LineString", "coordinates": [[174.65625254555, -36.9511219008335], [174.656248578205, -36.9511033542215], [174.656240860406, -36.9510762755196], [174.656253227513, -36.9510710951201], [174.6562966068, -36.9510983919859], [174.656347270234, -36.9511327420888], [174.656388100347, -36.9511657980251], [174.656415981798, -36.9512183522313], [174.656385450574, -36.951334290962], [174.656355807931, -36.9514306968591], [174.656366077805, -36.9514540615572], [174.656501105314, -36.951463371447], [174.65682325875, -36.9515600529843]]}, "properties": {"OBJECTID": 3623, "TRACKNAME": "Eric Leigh Hunt Track", "CONDITIONSOFUSE": "TINOPAI RESERVE", "STATUS": "Closed upgrade", "WEBLINK": "https://www.aucklandcouncil.govt.nz/en/parks-recreation/find-park-beach/park-detail/2706.html", "VALIDATIONSTATE": 3, "created_user": "AC_owner", "last_edited_user": "AC_owner", "last_edited_date": 1789875254325, "created_date": 1789875254325, "PARK_SAPSITEID": null, "TRACK_ID": null, "KAURIDIEBACK_TRACK": null, "KAURIDIEBACK_MITIGATED": null, "SegmentID": null, "GlobalID": "69d390c6-67c0-44f9-8f93-9affced6cb63", "Shape__Length": 98.34706859593328, "_COUNCIL_TRACKNAME": "Eric Leigh Hunt Track"}}, {"type": "Feature", "id": 11368, "geometry": {"type": "LineString", "coordinates": [[174.65682325875, -36.9515600529843], [174.656957797256, -36.9516234435577], [174.657063991816, -36.9516941717449], [174.657086080119, -36.9517206577249], [174.657084526456, -36.951752095784], [174.657062310639, -36.9519037191215], [174.657063793532, -36.951924057099]]}, "properties": {"OBJECTID": 11368, "TRACKNAME": "Eric Leigh Hunt Track", "CONDITIONSOFUSE": "TINOPAI RESERVE", "STATUS": "Closed upgrade", "WEBLINK": "https://www.aucklandcouncil.govt.nz/en/parks-recreation/find-park-beach/park-detail/2706.html", "VALIDATIONSTATE": 3, "created_user": "AC_owner", "last_edited_user": "AC_owner", "last_edited_date": 1789875254325, "created_date": 1789875254325, "PARK_SAPSITEID": null, "TRACK_ID": null, "KAURIDIEBACK_TRACK": null, "KAURIDIEBACK_MITIGATED": null, "SegmentID": null, "GlobalID": "3534547b-d53c-425f-83ad-05e75ce8e18d", "Shape__Length": 52.4118646925013, "_COUNCIL_TRACKNAME": "Eric Leigh Hunt Track"}}, {"type": "Feature", "id": 252, "geometry": {"type": "LineString", "coordinates": [[175.182525920068, -37.0609411994781], [175.181208475491, -37.0598007201115], [175.18058779547, -37.0593457411667], [175.180096669731, -37.05944812401], [175.17973629677, -37.0596511830516], [175.178891998542, -37.0600109096961], [175.178040041483, -37.0601257706044], [175.177319370465, -37.0605319622431], [175.176598596954, -37.0609380631373], [175.176178716794, -37.0611913114356], [175.175694683139, -37.0613478790909], [175.1752596135, -37.0611116721237], [175.174644392223, -37.0609769828273], [175.173787857898, -37.0609451135812], [175.173120690106, -37.0611052984556], [175.172574085184, -37.0612140728878], [175.172140514988, -37.0610268442863], [175.17121387998, -37.0607024008048], [175.169673445373, -37.0602923161854], [175.168632300684, -37.0602150385281], [175.167786358441, -37.0605256092235], [175.1669954522, -37.0606392729871], [175.166329751894, -37.0608483221277], [175.165607433208, -37.0612055461268], [175.165068421518, -37.0615589699665], [175.16434460307, -37.0618671944699], [175.163258860477, -37.0623294350043], [175.162293871416, -37.0627403560139], [175.1618663347, -37.0627487829235], [175.161064838318, -37.0625198329033], [175.160451108821, -37.0624339717317], [175.159725780469, -37.0626931782985], [175.159713748884, -37.0623017022674], [175.160013019529, -37.0620998164546], [175.160495613738, -37.0618944094104], [175.161097297886, -37.0615887029059], [175.161459214761, -37.0614346009056], [175.161329469106, -37.0611923253052], [175.161080720104, -37.0610502536561], [175.161036693073, -37.0610411440644], [175.160650138838, -37.0609608748802], [175.160097500172, -37.0608738984417], [175.159553930113, -37.0610805045221], [175.1591338973, -37.0613336959518], [175.158645384037, -37.0613433116001], [175.158094222427, -37.0613052281835], [175.157659202131, -37.0610689530855], [175.157233245636, -37.0611263537758], [175.15695868614, -37.0614510480792], [175.156938407546, -37.0614750263079], [175.156582490635, -37.0618248991799], [175.156223609431, -37.0620767879448], [175.155750059771, -37.0625758538552], [175.155450775475, -37.0627777293098], [175.155042817005, -37.0634223842611], [175.154749436201, -37.0638199524602], [175.154549899025, -37.0639323386312], [175.154208783622, -37.0641244282393], [175.153900853248, -37.0644208889086], [175.153793335974, -37.0645244840304], [175.15388598908, -37.0655510166005], [175.154207914459, -37.0660833790035], [175.154187897847, -37.0661002320825], [175.153969597676, -37.0662839628758], [175.153981601745, -37.0666755320911], [175.153992130044, -37.0670181087202], [175.154130820307, -37.0675540702537], [175.154023711825, -37.0680459304768], [175.153721351312, -37.0681498207179], [175.153106109862, -37.0680151104013], [175.152553423898, -37.0679280101623], [175.15238112236, -37.0686268591772], [175.151961795857, -37.0688318912433], [175.151718803695, -37.0689153867244], [175.151266752081, -37.0691210643471], [175.150799543707, -37.0693663911571], [175.150361047378, -37.0694799633287], [175.150200658625, -37.0695880669538], [175.149996814018, -37.0698806797139], [175.149695215996, -37.0701883220872], [175.149536025197, -37.0703357520099], [175.149483459441, -37.0705641283066]]}, "properties": {"OBJECTID": 252, "TRACKNAME": "Ernies Track", "CONDITIONSOFUSE": "Hunua Ranges Regional Park", "STATUS": "Open", "WEBLINK": "https://www.aucklandcouncil.govt.nz/en/parks-recreation/find-park-beach/park-detail/213.html", "VALIDATIONSTATE": 3, "created_user": "AC_owner", "last_edited_user": "AC_owner", "last_edited_date": 1789875254325, "created_date": 1789875254325, "PARK_SAPSITEID": null, "TRACK_ID": null, "KAURIDIEBACK_TRACK": null, "KAURIDIEBACK_MITIGATED": null, "SegmentID": null, "GlobalID": "e7db2637-a5b2-4696-abe1-0e9572621b67", "Shape__Length": 4397.527306878972, "_COUNCIL_TRACKNAME": "Ernies Track"}}, {"type": "Feature", "id": 2515, "geometry": {"type": "LineString", "coordinates": [[175.184040849779, -37.0703393861302], [175.184028099473, -37.0699306239617], [175.184025607301, -37.0698500258631], [175.184069936955, -37.0693103688205], [175.184059277108, -37.0689678010857], [175.184473088123, -37.068518744219], [175.184763241076, -37.0680232159693], [175.1848075789, -37.0674836485706], [175.184178542029, -37.0669085503975], [175.183677756879, -37.0665267124827], [175.184154131433, -37.0661254334174], [175.184874813429, -37.0657192902006], [175.185285613326, -37.0651723379997], [175.185078051642, -37.06439286705], [175.184987974271, -37.063464173251], [175.184785006186, -37.0628315750795], [175.183972783601, -37.0622601205665], [175.183533097627, -37.0618771559145], [175.183155994005, -37.0615418761683], [175.18262290915, -37.0610251062076], [175.182525916722, -37.060941200441]]}, "properties": {"OBJECTID": 2515, "TRACKNAME": "Ernies Track", "CONDITIONSOFUSE": "Hunua Ranges Regional Park", "STATUS": "Open", "WEBLINK": "https://www.aucklandcouncil.govt.nz/en/parks-recreation/find-park-beach/park-detail/213.html", "VALIDATIONSTATE": 3, "created_user": "AC_owner", "last_edited_user": "AC_owner", "last_edited_date": 1789875254325, "created_date": 1789875254325, "PARK_SAPSITEID": null, "TRACK_ID": null, "KAURIDIEBACK_TRACK": null, "KAURIDIEBACK_MITIGATED": null, "SegmentID": null, "GlobalID": "8919225d-61fe-4f5a-ae25-0fcce021bd88", "Shape__Length": 1247.5755134945703, "_COUNCIL_TRACKNAME": "Ernies Track"}}, {"type": "Feature", "id": 518, "geometry": {"type": "LineString", "coordinates": [[175.065150990438, -36.8158158701794], [175.065175568025, -36.8157998055404], [175.065229189126, -36.8157273824484], [175.065305089027, -36.8156568074768], [175.065367586385, -36.8156043382023], [175.065405637512, -36.815572401774], [175.065452122318, -36.8155447802462], [175.065490462445, -36.8155240149453], [175.065526575013, -36.8155233874299], [175.065554880139, -36.815542994664], [175.065589474673, -36.8155893154188], [175.065641079241, -36.8156487339514], [175.065701031611, -36.8157080164027], [175.065760856235, -36.815765462381], [175.065813497462, -36.8158013027208], [175.065847998357, -36.81582786843], [175.065868977017, -36.8158397255158], [175.065877805049, -36.8158382742083], [175.06588682595, -36.815814809695], [175.065889268712, -36.815785168404], [175.065902130666, -36.8157469638969], [175.06592628784, -36.8157152687805], [175.065956302604, -36.8156946390132], [175.065989325179, -36.8156828979002], [175.06602270792, -36.8156845529142], [175.066062590376, -36.8157036433414], [175.066094931679, -36.8157386917372], [175.066110080358, -36.8157630250235], [175.066124707285, -36.815767953281], [175.066139113963, -36.8157651071085], [175.066159125253, -36.8157518255532], [175.066183184725, -36.815727757119], [175.066208066515, -36.8156921647295], [175.066215321698, -36.8156647381068], [175.066224660683, -36.8156439359008], [175.066231220354, -36.8156269134061], [175.06624064155, -36.8156183404698], [175.066255744529, -36.815610957632], [175.066276535527, -36.8156054137213], [175.066298313429, -36.8156069729556], [175.066325243039, -36.8156150221528], [175.066402066728, -36.8156338668643], [175.066460562379, -36.815570596861], [175.066482252069, -36.8155455330654], [175.066500427069, -36.8155277498166], [175.066537186063, -36.8155053082044]]}, "properties": {"OBJECTID": 518, "TRACKNAME": "Eve's Track", "CONDITIONSOFUSE": "Whakanewha Regional Park", "STATUS": "Open", "WEBLINK": "https://www.aucklandcouncil.govt.nz/en/parks-recreation/find-park-beach/park-detail/3422.html", "VALIDATIONSTATE": 3, "created_user": "AC_owner", "last_edited_user": "AC_owner", "last_edited_date": 1789875254325, "created_date": 1789875254325, "PARK_SAPSITEID": null, "TRACK_ID": null, "KAURIDIEBACK_TRACK": null, "KAURIDIEBACK_MITIGATED": null, "SegmentID": null, "GlobalID": "f0bbc3b2-7baf-4e7a-bae0-dd5c4b652857", "Shape__Length": 187.80765835097134, "_COUNCIL_TRACKNAME": "Eve's Track"}}, {"type": "Feature", "id": 2029, "geometry": {"type": "LineString", "coordinates": [[175.064347745292, -36.8156632166304], [175.064425410921, -36.8156437335447], [175.064473176793, -36.8156308174639], [175.064514969381, -36.8156192128582], [175.064557906124, -36.8155942851092], [175.064581334591, -36.8155709129441], [175.064601857501, -36.8155512144857], [175.064647147593, -36.8155020638267], [175.064717757152, -36.8154440191176], [175.064837579757, -36.8153706084951], [175.064916226861, -36.8153317660472], [175.065030985182, -36.8152935039566], [175.06508478884, -36.8152816904895], [175.065108845142, -36.8152812725561], [175.065125664169, -36.8152918591002], [175.065139642819, -36.8153085427428], [175.065144418064, -36.8153181307781], [175.065146536381, -36.8153410592158], [175.065137509061, -36.8153968265438], [175.06506822999, -36.8156724683673], [175.065060314225, -36.8157137053741], [175.065067013145, -36.8157389787428], [175.065085626163, -36.8157604218822], [175.065150990438, -36.8158158701794]]}, "properties": {"OBJECTID": 2029, "TRACKNAME": "Eve's Track", "CONDITIONSOFUSE": "Whakanewha Regional Park", "STATUS": "Open", "WEBLINK": "https://www.aucklandcouncil.govt.nz/en/parks-recreation/find-park-beach/park-detail/3422.html", "VALIDATIONSTATE": 3, "created_user": "AC_owner", "last_edited_user": "AC_owner", "last_edited_date": 1789875254325, "created_date": 1789875254325, "PARK_SAPSITEID": null, "TRACK_ID": null, "KAURIDIEBACK_TRACK": null, "KAURIDIEBACK_MITIGATED": null, "SegmentID": null, "GlobalID": "be2ecdb7-19fa-48d4-9011-6ff12e3fd00c", "Shape__Length": 146.45827010246038, "_COUNCIL_TRACKNAME": "Eve's Track"}}, {"type": "Feature", "id": 3000, "geometry": {"type": "LineString", "coordinates": [[175.064310315558, -36.8155518074537], [175.064549652401, -36.8153988994358], [175.064776754503, -36.8149721708004], [175.06484641439, -36.8146656257728], [175.064888977547, -36.8144378387337], [175.064931960968, -36.8142257000381], [175.065031276217, -36.8137542237053], [175.065148343845, -36.8133998698654], [175.065272709196, -36.8132094896866], [175.065324669529, -36.8131537515178], [175.065418580276, -36.8130568879443]]}, "properties": {"OBJECTID": 3000, "TRACKNAME": "Eve's to Tawa Link", "CONDITIONSOFUSE": "Whakanewha Regional Park", "STATUS": "Open", "WEBLINK": "https://www.aucklandcouncil.govt.nz/en/parks-recreation/find-park-beach/park-detail/3422.html", "VALIDATIONSTATE": 3, "created_user": "AC_owner", "last_edited_user": "AC_owner", "last_edited_date": 1789875254325, "created_date": 1789875254325, "PARK_SAPSITEID": null, "TRACK_ID": null, "KAURIDIEBACK_TRACK": null, "KAURIDIEBACK_MITIGATED": null, "SegmentID": null, "GlobalID": "44227b9e-1454-4b57-8ac0-960c33500493", "Shape__Length": 301.76557405665574, "_COUNCIL_TRACKNAME": "Eve's to Tawa Link"}}]}