{"type": "FeatureCollection", "features": [{"type": "Feature", "id": 3276, "geometry": {"type": "LineString", "coordinates": [[174.683392911956, -36.9009253662642], [174.683395257063, -36.900905728699], [174.683395002074, -36.9009005594736], [174.683394523993, -36.9008954015221], [174.683393821798, -36.9008902593655], [174.683392897891, -36.9008851401808], [174.68339175127, -36.9008800493902], [174.683390385477, -36.9008749950555], [174.683388800593, -36.9008699807811], [174.68338699904, -36.9008650146447], [174.68338498316, -36.9008601011199], [174.683382755376, -36.9008552482846], [174.683380318011, -36.900850459711], [174.683342171949, -36.9007747579426], [174.683340521684, -36.9007713138418], [174.683339016383, -36.9007678271259], [174.68333765949, -36.9007643013515], [174.683336453329, -36.900760740091], [174.683335396896, -36.9007571487669], [174.683334493616, -36.9007535300345], [174.683333744731, -36.9007498892845], [174.683333148056, -36.9007462292518], [174.683332708217, -36.9007425561802], [174.683332423029, -36.9007388728049], [174.683332293714, -36.9007351836152], [174.683332319269, -36.9007314940335], [174.683332501976, -36.90072780583], [174.68333283973, -36.9007241253441], [174.683333333734, -36.9007204561642], [174.683333981841, -36.9007168028273], [174.68333478413, -36.9007131689378], [174.68333573958, -36.9007095590168], [174.683336846044, -36.9007059776016], [174.683338104725, -36.9007024282805], [174.683339511212, -36.9006989147213], [174.683341066748, -36.9006954423145], [174.683342766904, -36.900692013827], [174.683344611778, -36.9006886337641], [174.683346598084, -36.9006853057778], [174.683348875757, -36.9006806811285], [174.68335095458, -36.9006759962027], [174.683352831326, -36.9006712573557], [174.683354506093, -36.9006664690929], [174.683355974533, -36.9006616377853], [174.683357236765, -36.9006567688394], [174.683358290663, -36.9006518676932], [174.683359134122, -36.9006469406863], [174.683359766139, -36.9006419932407], [174.683360187975, -36.9006370316482], [174.683360396382, -36.9006320613628], [174.683360393723, -36.9006270877592], [174.683360180929, -36.9006221531875], [174.683359758449, -36.9006172269955], [174.683359127523, -36.9006123145737], [174.683358289432, -36.9006074231148], [174.683357244275, -36.9006025571241], [174.683355993292, -36.9005977219921], [174.683354538886, -36.9005929248955], [174.683352881137, -36.9005881694386], [174.683351023568, -36.9005834627823], [174.683348966258, -36.9005788085307], [174.683346713874, -36.90057421473], [174.68334426872, -36.9005696840515], [174.683341632054, -36.9005652227866], [174.683338808485, -36.9005608362784], [174.683335800375, -36.9005565299013], [174.683332611189, -36.9005523081129], [174.683329245533, -36.9005481762561], [174.683325706852, -36.9005441378875], [174.683321896481, -36.9005400952568], [174.683317913422, -36.9005361614324], [174.68331376118, -36.900532342674], [174.683309445423, -36.9005286416052], [174.683304970779, -36.90052506447], [174.68316111909, -36.9004219372016], [174.683156691145, -36.9004183395692], [174.683152419904, -36.9004146207381], [174.683148312218, -36.9004107860194], [174.683144371532, -36.9004068389696], [174.683140602472, -36.9004027858327], [174.683137010727, -36.9003986301333], [174.683133599782, -36.9003943772304], [174.683130374223, -36.9003900315656], [174.683127337556, -36.9003855993987], [174.683124493263, -36.9003810860885], [174.683121844811, -36.9003764960927], [174.683119395684, -36.9003718347698], [174.683117148284, -36.9003671092969], [174.683115106056, -36.9003623232303], [174.683113271403, -36.9003574837469], [174.683111645564, -36.9003525962372], [174.683110230923, -36.9003476669768], [174.683109029822, -36.9003427004395], [174.683108042419, -36.9003377038336], [174.683036098553, -36.9000170066557], [174.683035210832, -36.9000126134414], [174.683034512284, -36.9000081977171], [174.683034005271, -36.9000037648573], [174.683033688811, -36.8999993211855], [174.683033564105, -36.8999948702899], [174.683033632432, -36.8999904193633], [174.683033891668, -36.8999859738439], [174.683034341891, -36.8999815373359], [174.683034983221, -36.8999771152458], [174.683035815816, -36.899972714782], [174.683036836389, -36.8999683395966], [174.6830380462, -36.8999639959811], [174.683039441963, -36.8999596875874], [174.683041021593, -36.899955421656], [174.683042785168, -36.8999512017911], [174.683044729441, -36.8999470334467], [174.683046852268, -36.8999429211601], [174.683049151543, -36.8999388712703], [174.683051622857, -36.8999348874455], [174.683054265187, -36.8999309742066], [174.683055962206, -36.8999286291884], [174.683057556098, -36.8999262387613], [174.683059045762, -36.8999238038423], [174.68306042795, -36.8999213298853], [174.683061701561, -36.8999188178075], [174.683062865572, -36.89991627213], [174.683063917777, -36.8999136946867], [174.683064858277, -36.8999110899831], [174.683065683745, -36.8999084598689], [174.68306639428, -36.8999058088495], [174.683066989921, -36.899903138727], [174.683067468524, -36.8999004540386], [174.68306783127, -36.8998977574716], [174.683068074873, -36.8998950526779], [174.683068201635, -36.899892342329], [174.683068210513, -36.8998896300449], [174.683068101588, -36.8998869194301], [174.683067873797, -36.8998842132035], [174.683067529482, -36.8998815158388], [174.68306706756, -36.899878829154], [174.683066489234, -36.8998761567374], [174.683065795705, -36.8998735021774], [174.683064985929, -36.8998708690942], [174.683064063331, -36.8998682601433], [174.68306302687, -36.8998656789449], [174.683061878848, -36.8998631281703], [174.683060621588, -36.8998606113921], [174.68305925515, -36.8998581313134], [174.683057781837, -36.8998556906057], [174.683056202869, -36.8998532937584], [174.683054520512, -36.8998509416408], [174.683052737107, -36.8998486387263], [174.683050854938, -36.8998463867854], [174.683048875206, -36.8998441894064], [174.683046802438, -36.8998420483279], [174.683044636714, -36.8998399671541], [174.683042382561, -36.8998379476236], [174.68304004118, -36.8998359933247], [174.683037617079, -36.899834105095], [174.683035111458, -36.8998322865227], [174.683032528845, -36.8998305393465], [174.683029871524, -36.8998288653367], [174.683027144042, -36.8998272671328], [174.68302434756, -36.8998257465212], [174.683021486586, -36.8998243043393], [174.683018565686, -36.8998229441277], [174.683015587125, -36.8998216667558], [174.683012554288, -36.899820473077], [174.683009471722, -36.8998193657307], [174.683006342812, -36.8998183455705], [174.683003170946, -36.8998174134497], [174.68299996177, -36.899816571091], [174.682996716428, -36.8998158193794], [174.682993441671, -36.8998151591208], [174.682990139762, -36.8998145911843], [174.682986814068, -36.8998141155223], [174.682983471359, -36.8998137338416], [174.682980112757, -36.8998134461262], [174.682976745015, -36.8998132531819], [174.682973370375, -36.8998131549767], [174.682969993305, -36.8998131505462], [174.682966618334, -36.8998132416288], [174.682963248787, -36.8998134263748], [174.682959890313, -36.8998137065067], [174.682934649586, -36.8998155270115], [174.682577864815, -36.8998355258], [174.682570678286, -36.8998364739642], [174.682563536361, -36.8998376134834], [174.68255644461, -36.899838942476], [174.68254941199, -36.8998404599139], [174.682542446333, -36.8998421647848], [174.682535555416, -36.899844053373], [174.682528745968, -36.8998461255834], [174.682522025785, -36.8998483786015], [174.68251540266, -36.8998508096127], [174.682508883246, -36.8998534149177], [174.682502475376, -36.8998561935039], [174.682496186826, -36.899859141656], [174.682490023126, -36.8998622556902], [174.682483990947, -36.899865532808], [174.682478098065, -36.8998689692939], [174.682436133437, -36.899899434383], [174.682395212151, -36.8999308031544], [174.682355363963, -36.8999630508513], [174.682316619793, -36.8999961545032], [174.682312890349, -36.8999993205816], [174.682309032972, -36.9000023848168], [174.682305050987, -36.9000053453587], [174.682300948784, -36.9000081976387], [174.68229672965, -36.9000109380046], [174.682292400296, -36.90001356546], [174.682287963969, -36.900016074551], [174.68228342628, -36.9000184651979], [174.682278792719, -36.900020731915], [174.682274067774, -36.9000228746387], [174.682269255853, -36.9000248897011], [174.682264363649, -36.9000267752047], [174.682259396713, -36.900028528367], [174.682254359531, -36.9000301491242], [174.682249257636, -36.9000316337928], [174.682244097737, -36.9000329813761], [174.682238884285, -36.9000341900087], [174.682222566079, -36.900036283297], [174.682206167258, -36.9000379252476], [174.68218970912, -36.9000391146576], [174.682173209615, -36.9000398512727], [174.682156687759, -36.9000401321195], [174.682140164887, -36.9000399577973], [174.68212365785, -36.9000393289687], [174.682107187984, -36.9000382462331], [174.68209077326, -36.9000367102371], [174.682074435055, -36.9000347233823], [174.682051585051, -36.9000323672463], [174.682028650752, -36.9000306189074], [174.68200565692, -36.9000294816201], [174.681982628236, -36.9000289550351], [174.681959590565, -36.90002904149], [174.681931019528, -36.900030743091], [174.681902529683, -36.9000331781348], [174.681874151302, -36.9000363452915], [174.681845914598, -36.900040240528], [174.681817847539, -36.900044859843], [174.681789979217, -36.9000501992193], [174.681672981124, -36.90006482068], [174.681341183449, -36.900087769058], [174.681296173476, -36.9000914869633], [174.681251341239, -36.9000964002287], [174.681206737104, -36.9001025027333], [174.681154689225, -36.9001111829739], [174.681102999557, -36.9001211515579], [174.681047110945, -36.9001306405374], [174.680984433536, -36.9001392079411], [174.680921413371, -36.9001459648454], [174.680833493132, -36.900152326848], [174.680745360595, -36.9001563789281], [174.680620794035, -36.9001616170446], [174.680597046682, -36.9001616366619], [174.680573311023, -36.9001610125458], [174.680549615164, -36.9001597470028], [174.680525986035, -36.9001578396518], [174.68050245064, -36.9001552937162], [174.680479034864, -36.9001521124353], [174.680374447576, -36.9001317217015], [174.680339832201, -36.900123310564], [174.680305519968, -36.9001141370936], [174.680271534578, -36.9001042072646], [174.68025668238, -36.9000996131682], [174.680242016217, -36.9000946486879], [174.680227549673, -36.9000893190398], [174.680213297431, -36.900083628523], [174.680199273133, -36.9000775850568], [174.680185491444, -36.9000711920391], [174.68017196376, -36.900064457421], [174.680158703685, -36.9000573873197], [174.680007648629, -36.8999679278652], [174.67972806304, -36.8998098535229], [174.679718656935, -36.8998048794908], [174.679709046598, -36.8998001625265], [174.679699243388, -36.8997957087786], [174.679689259763, -36.8997915234792], [174.679679104819, -36.8997876119075], [174.679668790975, -36.8997839774934], [174.679658330671, -36.8997806245676], [174.679647735226, -36.8997775574769], [174.67963701706, -36.8997747796509], [174.679626188573, -36.8997722936183], [174.679615261063, -36.8997701028247], [174.679604248054, -36.8997682097829], [174.679593161925, -36.8997666161206], [174.679582015077, -36.8997653243664], [174.679570819872, -36.899764335247], [174.679559589812, -36.8997636503739], [174.679548337258, -36.8997632704739], [174.679537074551, -36.8997631953724], [174.679525815193, -36.8997634266811], [174.67951457261, -36.8997639624077], [174.679503359161, -36.8997648032786], [174.679492187148, -36.8997659473173], [174.679372122778, -36.8997820475168], [174.679358131494, -36.8997837514804], [174.679344082375, -36.8997851209582], [174.679329989947, -36.8997861530406], [174.679315864327, -36.899786848486], [174.679301720042, -36.899787204385], [174.679289694059, -36.8997869192203], [174.679277662765, -36.8997869550098], [174.679265639623, -36.8997873115631], [174.679253638078, -36.8997879877889], [174.679241671592, -36.8997889834968], [174.679229751364, -36.8997902976271], [174.679217893082, -36.8997919290568], [174.679206109029, -36.8997938749082], [174.679194410402, -36.8997961341217], [174.679182812832, -36.899798702871], [174.678962825809, -36.8998526296809], [174.678949524297, -36.8998560048632], [174.678936373249, -36.8998597420624], [174.678923388232, -36.8998638347491], [174.678910582651, -36.8998682800298], [174.678897974338, -36.8998730722444], [174.678885574413, -36.8998782067291], [174.678873400651, -36.8998836751206], [174.67886146419, -36.8998894736561], [174.67884977944, -36.8998955940199], [174.678838361988, -36.8999020305836], [174.678827222857, -36.8999087741781], [174.678816375371, -36.8999158183057], [174.678805831694, -36.8999231546823], [174.678795605092, -36.8999307741072], [174.678785706627, -36.8999386692131], [174.678776148403, -36.8999468290131], [174.67876694034, -36.8999552452547], [174.678758094562, -36.8999639078519], [174.678749619827, -36.8999728067662], [174.678741527139, -36.8999819319272], [174.678733824133, -36.8999912733123], [174.678726521772, -36.9000008190491], [174.678719627673, -36.9000105582139], [174.678688519276, -36.9000573975094], [174.678659433454, -36.9001050671994], [174.678651890849, -36.9001177863721], [174.678644887912, -36.9001307034254], [174.678638435547, -36.9001438037836], [174.678632539028, -36.9001570720494], [174.678627207015, -36.9001704936789], [174.678622443642, -36.9001840523895], [174.678618256426, -36.900197732752], [174.678614648417, -36.9002115203019], [174.678611624832, -36.9002253969384], [174.678609188739, -36.900239349098], [174.67860734311, -36.9002533587118], [174.678606090997, -36.900267411315], [174.678605432003, -36.9002814888864], [174.678605366935, -36.9002955769929], [174.678605897663, -36.9003096584824], [174.67860702273, -36.9003237180526], [174.678608739516, -36.9003377386149], [174.678611048789, -36.9003517039341], [174.678613945725, -36.9003655987554], [174.678617426584, -36.900379406006], [174.678618703303, -36.9003829708267], [174.678619824742, -36.9003865684877], [174.678620789699, -36.9003901954005], [174.678621595834, -36.9003938470915], [174.678622243046, -36.9003975190553], [174.678623056942, -36.9004049058277], [174.678623227272, -36.9004123215245], [174.678623071659, -36.9004160273675], [174.678622276221, -36.9004234161517], [174.678621638423, -36.9004270891495], [174.678620841955, -36.9004307427572], [174.678619886679, -36.9004343706673], [174.678618774781, -36.9004379701448], [174.678617507283, -36.9004415366687], [174.678616085189, -36.9004450648165], [174.678614510684, -36.9004485518534], [174.678612785893, -36.9004519923413], [174.678610912961, -36.900455381743], [174.678608894073, -36.9004587173236], [174.678606731354, -36.9004619936451], [174.678604426989, -36.9004652079724], [174.678601985367, -36.9004683557368], [174.678599368089, -36.9004714771403]]}, "properties": {"OBJECTID": 3276, "TRACKNAME": "Te Whau Pathway", "CONDITIONSOFUSE": "KEN MAUNDER PARK", "STATUS": "Open", "WEBLINK": null, "VALIDATIONSTATE": 3, "created_user": "AC_owner", "last_edited_user": "AC_owner", "last_edited_date": 1789875254325, "created_date": 1789875254325, "PARK_SAPSITEID": null, "TRACK_ID": null, "KAURIDIEBACK_TRACK": null, "KAURIDIEBACK_MITIGATED": null, "SegmentID": null, "GlobalID": "4c8a7364-bd46-4c6f-be9c-76802fccc1f5", "Shape__Length": 601.1834176318963, "_COUNCIL_TRACKNAME": "Te Whau Pathway"}}, {"type": "Feature", "id": 3280, "geometry": {"type": "LineString", "coordinates": [[174.657188051278, -36.873806991905], [174.657108886149, -36.8737962134685], [174.657058683309, -36.8737969136325], [174.65693988545, -36.8738187436279], [174.656824279036, -36.8738430509953], [174.656689792415, -36.8738650995132], [174.656526956603, -36.8738824991412], [174.656357682163, -36.8738924241275], [174.656106773036, -36.8739009647715], [174.656053539692, -36.8739067507389], [174.655944100304, -36.8739259273098], [174.655841425956, -36.8739677047395], [174.655726745249, -36.8740348648235], [174.655652309783, -36.8740762485709], [174.655520797292, -36.8740906892487], [174.655422347846, -36.8741828401141], [174.655421712763, -36.8742988444451], [174.655406350546, -36.8743141886414], [174.655407438844, -36.8743646061396], [174.655403557844, -36.8744756126061], [174.655391877916, -36.874516120925], [174.655376896546, -36.8745491110619], [174.655336704082, -36.8745774093573], [174.655305761838, -36.8745980136878], [174.655290453939, -36.8746158782046], [174.655284721645, -36.8746411743951], [174.655304292507, -36.8754024373758]]}, "properties": {"OBJECTID": 3280, "TRACKNAME": "Te Whau Pathway", "CONDITIONSOFUSE": "MCLEOD PARK", "STATUS": "Open", "WEBLINK": null, "VALIDATIONSTATE": 3, "created_user": "AC_owner", "last_edited_user": "AC_owner", "last_edited_date": 1789875254325, "created_date": 1789875254325, "PARK_SAPSITEID": null, "TRACK_ID": null, "KAURIDIEBACK_TRACK": null, "KAURIDIEBACK_MITIGATED": null, "SegmentID": null, "GlobalID": "1c25d765-0a53-450c-ac74-fde6b097c2e3", "Shape__Length": 308.19218640382286, "_COUNCIL_TRACKNAME": "Te Whau Pathway"}}, {"type": "Feature", "id": 3281, "geometry": {"type": "MultiLineString", "coordinates": [[[174.678533451311, -36.9005121202794], [174.678551156953, -36.900505214515], [174.678555230817, -36.900503468719], [174.678559225881, -36.9005016095651], [174.678563138838, -36.900499639804], [174.678566962996, -36.9004975613331], [174.678570695048, -36.900495376903], [174.678574330566, -36.9004930892805], [174.678577864019, -36.9004907021491], [174.678581290938, -36.9004882164734], [174.678584608057, -36.9004856368061], [174.67858781205, -36.9004829649972], [174.678590896282, -36.9004802056469], [174.678593860814, -36.9004773614587], [174.678596698993, -36.9004744361318]], [[174.678599368089, -36.9004714771403], [174.678681874532, -36.900512734058], [174.678735498763, -36.90054672412], [174.678760373362, -36.9005849809589], [174.678795620936, -36.9006578390986], [174.678811223222, -36.90071167069], [174.678831798906, -36.9007731538444], [174.678856928495, -36.9008229902939], [174.678896220421, -36.900861043327], [174.678945293379, -36.9009066799532], [174.679169491963, -36.9010463628802], [174.679817554519, -36.9014425904329], [174.67987185805, -36.9015074568794], [174.679939648025, -36.9015296637052], [174.680257343027, -36.90154833565], [174.680517537161, -36.9015755412318], [174.680555730791, -36.9015634185307], [174.680574530152, -36.9015438483631], [174.680583718708, -36.9015244132704], [174.680612469742, -36.901520146005], [174.681416234781, -36.9015628230677], [174.681691925362, -36.9014199295278], [174.681934312868, -36.9012929497343], [174.682039278456, -36.9012567154963], [174.682087846189, -36.9012791932914], [174.682131946415, -36.9013171771391], [174.682185318444, -36.9013395859557], [174.682262636015, -36.9013577960431], [174.68235900783, -36.9013680134523], [174.682419394951, -36.9013714855202], [174.682468922518, -36.9013646827739], [174.682506445356, -36.90134349868], [174.682542090905, -36.9013167095404], [174.682548924059, -36.9012818801828], [174.682548948195, -36.9012297800907], [174.682549774695, -36.9010796073141], [174.682571294365, -36.900527199407], [174.682581005138, -36.9003011442121], [174.682403464937, -36.9001087423053], [174.682343881163, -36.900051087779], [174.682285177003, -36.9000175426597]], [[174.682915034263, -36.9000732499423], [174.682939602417, -36.9000424921568], [174.682979222141, -36.9000074659413], [174.683009014811, -36.8999847426508], [174.683041021593, -36.899955421656], [174.683035253691, -36.8999756845785]], [[174.678620841955, -36.9004307427572], [174.678619886679, -36.9004343706673], [174.678618774781, -36.9004379701448], [174.678617507283, -36.9004415366687], [174.678616085189, -36.9004450648165], [174.678614510684, -36.9004485518534], [174.678612785893, -36.9004519923413], [174.678610912961, -36.900455381743], [174.678608894073, -36.9004587173236], [174.678606731354, -36.9004619936451], [174.678604426989, -36.9004652079724]]]}, "properties": {"OBJECTID": 3281, "TRACKNAME": "Te Whau Pathway", "CONDITIONSOFUSE": "KEN MAUNDER PARK", "STATUS": "Open", "WEBLINK": null, "VALIDATIONSTATE": 3, "created_user": "AC_owner", "last_edited_user": "AC_owner", "last_edited_date": 1789875254325, "created_date": 1789875254325, "PARK_SAPSITEID": null, "TRACK_ID": null, "KAURIDIEBACK_TRACK": null, "KAURIDIEBACK_MITIGATED": null, "SegmentID": null, "GlobalID": "917db1ef-9d7e-4aae-bea4-07e12d0bf743", "Shape__Length": 607.8884749810809, "_COUNCIL_TRACKNAME": "Te Whau Pathway"}}, {"type": "Feature", "id": 3282, "geometry": {"type": "MultiLineString", "coordinates": [[[174.669937063863, -36.8917439007458], [174.669770161474, -36.8920708514822], [174.669711311624, -36.8920424460355], [174.669641673687, -36.8920200383524], [174.669587098662, -36.8920208053933], [174.669503607492, -36.8920307489467], [174.669412711628, -36.8920349494332], [174.669336115824, -36.8920272556662], [174.668955053531, -36.8919098323033]], [[174.668101254193, -36.8908401950631], [174.668499030097, -36.890566634261], [174.668529071503, -36.8905584444692], [174.668560447897, -36.8905560622576], [174.668589533564, -36.8905595376504], [174.668617601209, -36.8905717650402], [174.668648318843, -36.8905946362199], [174.668755605288, -36.8906921634072], [174.668786175062, -36.8907082395327], [174.668822511093, -36.8907116130168], [174.668868389236, -36.8907090261013], [174.6690275387, -36.8906902846568], [174.669114502218, -36.8906871213048], [174.669154252572, -36.8906807373534], [174.669192689009, -36.8906695162685], [174.669227667422, -36.8906574928852]]]}, "properties": {"OBJECTID": 3282, "TRACKNAME": "Te Whau Pathway", "CONDITIONSOFUSE": "COBHAM RESERVE", "STATUS": "Open", "WEBLINK": null, "VALIDATIONSTATE": 3, "created_user": "AC_owner", "last_edited_user": "AC_owner", "last_edited_date": 1789875254325, "created_date": 1789875254325, "PARK_SAPSITEID": null, "TRACK_ID": null, "KAURIDIEBACK_TRACK": null, "KAURIDIEBACK_MITIGATED": null, "SegmentID": null, "GlobalID": "d5212d0b-a03d-488f-8051-5ab6c09d4ede", "Shape__Length": 235.0830315491315, "_COUNCIL_TRACKNAME": "Te Whau Pathway"}}, {"type": "Feature", "id": 3283, "geometry": {"type": "LineString", "coordinates": [[174.669102115712, -36.8954628347048], [174.66912639792, -36.8954375621419], [174.669183567027, -36.8953544844066], [174.669962015102, -36.8956078195001], [174.67024058933, -36.8957136027308], [174.67034440786, -36.8957769653897], [174.670431894713, -36.8958031596658], [174.670525261937, -36.8958143132632], [174.670630934204, -36.8958203065562], [174.670749289658, -36.8958385870503], [174.670880928428, -36.8958965716671], [174.67103853944, -36.8959840507268], [174.671167354556, -36.8960630041057], [174.671264033488, -36.8961412872963], [174.671328921188, -36.8962268481424], [174.671377170933, -36.8962698180767], [174.671467913355, -36.8961949739306], [174.671544079932, -36.8961290797275], [174.671703162746, -36.8960221284517], [174.671748514932, -36.8959666403093], [174.671901566423, -36.8958020890096], [174.671903050842, -36.8958058817319], [174.671917084205, -36.895833855032], [174.671930739763, -36.8958655490153], [174.671936095459, -36.8958882498654], [174.671938894513, -36.8959051297228], [174.671939320332, -36.895924646084], [174.671931087116, -36.8959468946319], [174.67192324751, -36.8959608488182], [174.671900713994, -36.8959876918202], [174.671868449992, -36.8960226306951]]}, "properties": {"OBJECTID": 3283, "TRACKNAME": "Te Whau Pathway", "CONDITIONSOFUSE": "ARCHIBALD PARK", "STATUS": "Open", "WEBLINK": null, "VALIDATIONSTATE": 3, "created_user": "AC_owner", "last_edited_user": "AC_owner", "last_edited_date": 1789875254325, "created_date": 1789875254325, "PARK_SAPSITEID": null, "TRACK_ID": null, "KAURIDIEBACK_TRACK": null, "KAURIDIEBACK_MITIGATED": null, "SegmentID": null, "GlobalID": "f315de68-ec63-428a-88ed-f2ba8d4bced5", "Shape__Length": 336.6327413026571, "_COUNCIL_TRACKNAME": "Te Whau Pathway"}}, {"type": "Feature", "id": 3284, "geometry": {"type": "LineString", "coordinates": [[174.652474316606, -36.8678532285809], [174.652990254752, -36.8683267955486], [174.653033627769, -36.868356238893], [174.653180706933, -36.8683522277034], [174.653291538044, -36.8683452811147], [174.65341564234, -36.8683300438238], [174.653536501923, -36.8683202560933], [174.653596669648, -36.8683032060739], [174.653646575907, -36.8682781929307], [174.653713175762, -36.8682475428984], [174.653770097607, -36.8682359416011], [174.653864176619, -36.8682319299028], [174.65391802742, -36.8682338826195], [174.65405584954, -36.868270583693]]}, "properties": {"OBJECTID": 3284, "TRACKNAME": "Te Whau Pathway", "CONDITIONSOFUSE": "TIROROA ESPLANADE", "STATUS": "Open", "WEBLINK": null, "VALIDATIONSTATE": 3, "created_user": "AC_owner", "last_edited_user": "AC_owner", "last_edited_date": 1789875254325, "created_date": 1789875254325, "PARK_SAPSITEID": null, "TRACK_ID": null, "KAURIDIEBACK_TRACK": null, "KAURIDIEBACK_MITIGATED": null, "SegmentID": null, "GlobalID": "86f75b18-2131-4e7e-8392-18f154f4976e", "Shape__Length": 169.1108172350095, "_COUNCIL_TRACKNAME": "Te Whau Pathway"}}, {"type": "Feature", "id": 3287, "geometry": {"type": "LineString", "coordinates": [[174.690876683181, -36.9096532655005], [174.690936166785, -36.9096283139485], [174.691016207023, -36.9096271743966], [174.691141875282, -36.9096408783602], [174.691279311302, -36.9096314095594], [174.691421448134, -36.9096365322498]]}, "properties": {"OBJECTID": 3287, "TRACKNAME": "Te Whau Pathway", "CONDITIONSOFUSE": "OLYMPIC PARK", "STATUS": "Open", "WEBLINK": null, "VALIDATIONSTATE": 3, "created_user": "AC_owner", "last_edited_user": "AC_owner", "last_edited_date": 1789875254325, "created_date": 1789875254325, "PARK_SAPSITEID": null, "TRACK_ID": null, "KAURIDIEBACK_TRACK": null, "KAURIDIEBACK_MITIGATED": null, "SegmentID": null, "GlobalID": "a722dd64-7642-4ba7-a4d1-9ec0869b39be", "Shape__Length": 49.383115127267075, "_COUNCIL_TRACKNAME": "Te Whau Pathway"}}, {"type": "Feature", "id": 3288, "geometry": {"type": "LineString", "coordinates": [[174.690876683181, -36.9096532655005], [174.690716582699, -36.9094952870686], [174.690663457822, -36.9094355305008], [174.69066205844, -36.9094348825227]]}, "properties": {"OBJECTID": 3288, "TRACKNAME": "Te Whau Pathway", "CONDITIONSOFUSE": "OLYMPIC PARK", "STATUS": "Open", "WEBLINK": null, "VALIDATIONSTATE": 3, "created_user": "AC_owner", "last_edited_user": "AC_owner", "last_edited_date": 1789875254325, "created_date": 1789875254325, "PARK_SAPSITEID": null, "TRACK_ID": null, "KAURIDIEBACK_TRACK": null, "KAURIDIEBACK_MITIGATED": null, "SegmentID": null, "GlobalID": "302f4a66-3ce5-49dd-8f8c-f2783a5f088f", "Shape__Length": 30.89209121138514, "_COUNCIL_TRACKNAME": "Te Whau Pathway"}}, {"type": "Feature", "id": 3289, "geometry": {"type": "LineString", "coordinates": [[174.691421448134, -36.9096365322498], [174.691540665217, -36.9095450567294], [174.691695982813, -36.9094376782225], [174.691800756993, -36.909325522163], [174.691800152535, -36.9093317455553]]}, "properties": {"OBJECTID": 3289, "TRACKNAME": "Te Whau Pathway", "CONDITIONSOFUSE": "OLYMPIC PARK", "STATUS": "Open", "WEBLINK": null, "VALIDATIONSTATE": 3, "created_user": "AC_owner", "last_edited_user": "AC_owner", "last_edited_date": 1789875254325, "created_date": 1789875254325, "PARK_SAPSITEID": null, "TRACK_ID": null, "KAURIDIEBACK_TRACK": null, "KAURIDIEBACK_MITIGATED": null, "SegmentID": null, "GlobalID": "fbbe929c-6529-497b-ad1f-a26c0aa25a7c", "Shape__Length": 49.20534378036316, "_COUNCIL_TRACKNAME": "Te Whau Pathway"}}, {"type": "Feature", "id": 3290, "geometry": {"type": "LineString", "coordinates": [[174.69066205844, -36.9094348825227], [174.690568291609, -36.9093915005196], [174.6904879178, -36.9093775163164], [174.690370261077, -36.9093747057769]]}, "properties": {"OBJECTID": 3290, "TRACKNAME": "Te Whau Pathway", "CONDITIONSOFUSE": "OLYMPIC PARK", "STATUS": "Open", "WEBLINK": null, "VALIDATIONSTATE": 3, "created_user": "AC_owner", "last_edited_user": "AC_owner", "last_edited_date": 1789875254325, "created_date": 1789875254325, "PARK_SAPSITEID": null, "TRACK_ID": null, "KAURIDIEBACK_TRACK": null, "KAURIDIEBACK_MITIGATED": null, "SegmentID": null, "GlobalID": "4cfb8c64-16db-42bc-906f-7f7740594fe4", "Shape__Length": 27.459340064121875, "_COUNCIL_TRACKNAME": "Te Whau Pathway"}}, {"type": "Feature", "id": 3291, "geometry": {"type": "LineString", "coordinates": [[174.690370261077, -36.9093747057769], [174.690314741563, -36.9093464942001], [174.69025083839, -36.9093052494582], [174.690247440216, -36.9093041549106]]}, "properties": {"OBJECTID": 3291, "TRACKNAME": "Te Whau Pathway", "CONDITIONSOFUSE": "OLYMPIC PARK", "STATUS": "Open", "WEBLINK": null, "VALIDATIONSTATE": 3, "created_user": "AC_owner", "last_edited_user": "AC_owner", "last_edited_date": 1789875254325, "created_date": 1789875254325, "PARK_SAPSITEID": null, "TRACK_ID": null, "KAURIDIEBACK_TRACK": null, "KAURIDIEBACK_MITIGATED": null, "SegmentID": null, "GlobalID": "3db02999-e2da-4290-a53a-2cf79c4e3b1f", "Shape__Length": 13.486062619939394, "_COUNCIL_TRACKNAME": "Te Whau Pathway"}}, {"type": "Feature", "id": 3292, "geometry": {"type": "LineString", "coordinates": [[174.690247440216, -36.9093041549106], [174.68994726029, -36.9092074548686]]}, "properties": {"OBJECTID": 3292, "TRACKNAME": "Te Whau Pathway", "CONDITIONSOFUSE": "OLYMPIC PARK", "STATUS": "Open", "WEBLINK": null, "VALIDATIONSTATE": 3, "created_user": "AC_owner", "last_edited_user": "AC_owner", "last_edited_date": 1789875254325, "created_date": 1789875254325, "PARK_SAPSITEID": null, "TRACK_ID": null, "KAURIDIEBACK_TRACK": null, "KAURIDIEBACK_MITIGATED": null, "SegmentID": null, "GlobalID": "ce0f02e5-5fff-4024-81ae-cd3f4af1d1f9", "Shape__Length": 28.8199671926016, "_COUNCIL_TRACKNAME": "Te Whau Pathway"}}, {"type": "Feature", "id": 3293, "geometry": {"type": "LineString", "coordinates": [[174.691255254918, -36.9078689051394], [174.69134858285, -36.9078297556752], [174.691465867724, -36.9078091761185], [174.691607028306, -36.9078033837022], [174.691861600536, -36.9078148859361], [174.691966939251, -36.9078218868981], [174.692019298472, -36.9078353552454]]}, "properties": {"OBJECTID": 3293, "TRACKNAME": "Te Whau Pathway", "CONDITIONSOFUSE": "OLYMPIC PARK", "STATUS": "Open", "WEBLINK": null, "VALIDATIONSTATE": 3, "created_user": "AC_owner", "last_edited_user": "AC_owner", "last_edited_date": 1789875254325, "created_date": 1789875254325, "PARK_SAPSITEID": null, "TRACK_ID": null, "KAURIDIEBACK_TRACK": null, "KAURIDIEBACK_MITIGATED": null, "SegmentID": null, "GlobalID": "672f07bb-260f-458f-b4bd-a8f3b4b7f780", "Shape__Length": 69.71333326776038, "_COUNCIL_TRACKNAME": "Te Whau Pathway"}}, {"type": "Feature", "id": 3294, "geometry": {"type": "LineString", "coordinates": [[174.692019298472, -36.9078353552454], [174.69205276569, -36.9079407515255], [174.692053851485, -36.9079899027008], [174.692061649972, -36.9081297265308], [174.692059364, -36.9082394385289], [174.692032869005, -36.9083192390141], [174.691527665107, -36.9093799800386], [174.691421448134, -36.9096365322498]]}, "properties": {"OBJECTID": 3294, "TRACKNAME": "Te Whau Pathway", "CONDITIONSOFUSE": "OLYMPIC PARK", "STATUS": "Open", "WEBLINK": null, "VALIDATIONSTATE": 3, "created_user": "AC_owner", "last_edited_user": "AC_owner", "last_edited_date": 1789875254325, "created_date": 1789875254325, "PARK_SAPSITEID": null, "TRACK_ID": null, "KAURIDIEBACK_TRACK": null, "KAURIDIEBACK_MITIGATED": null, "SegmentID": null, "GlobalID": "c041c2c5-f61e-487e-afb8-8d3aaf353b53", "Shape__Length": 210.41215964946394, "_COUNCIL_TRACKNAME": "Te Whau Pathway"}}, {"type": "Feature", "id": 3295, "geometry": {"type": "LineString", "coordinates": [[174.692019298472, -36.9078353552454], [174.692048559787, -36.9078428828592], [174.692093634414, -36.9078720924086], [174.692147413927, -36.9079092539871], [174.69219086871, -36.9079659866543], [174.692219804897, -36.9080404870901], [174.692228706969, -36.9080931809573], [174.692241936758, -36.9081136008474], [174.692337119037, -36.9081892241663]]}, "properties": {"OBJECTID": 3295, "TRACKNAME": "Te Whau Pathway", "CONDITIONSOFUSE": "OLYMPIC PARK", "STATUS": "Open", "WEBLINK": null, "VALIDATIONSTATE": 3, "created_user": "AC_owner", "last_edited_user": "AC_owner", "last_edited_date": 1789875254325, "created_date": 1789875254325, "PARK_SAPSITEID": null, "TRACK_ID": null, "KAURIDIEBACK_TRACK": null, "KAURIDIEBACK_MITIGATED": null, "SegmentID": null, "GlobalID": "32d6ae5c-3b96-4a2c-972f-8621f465e8af", "Shape__Length": 50.65737451892649, "_COUNCIL_TRACKNAME": "Te Whau Pathway"}}, {"type": "Feature", "id": 3297, "geometry": {"type": "MultiLineString", "coordinates": [[[174.683330298262, -36.9013774172915], [174.683338722877, -36.9013232458362], [174.683318227132, -36.901265623754], [174.68330245309, -36.9012040733774], [174.683296375723, -36.9011462469603], [174.683319217527, -36.9010918711929], [174.683341974486, -36.9010336352464], [174.683371239863, -36.9009868497276], [174.683396526989, -36.9009107104816], [174.68339454023, -36.9009004821935], [174.68339175127, -36.9008800493902], [174.683390385477, -36.9008749950555], [174.683388800593, -36.9008699807811], [174.68338699904, -36.9008650146447], [174.68338498316, -36.9008601011199], [174.683382755376, -36.9008552482846], [174.683380318011, -36.900850459711], [174.683342171949, -36.9007747579426], [174.683340521684, -36.9007713138418], [174.683339016383, -36.9007678271259], [174.68333765949, -36.9007643013515], [174.683336453329, -36.900760740091], [174.683335396896, -36.9007571487669], [174.683334493616, -36.9007535300345], [174.683333744731, -36.9007498892845], [174.683333148056, -36.9007462292518], [174.683332708217, -36.9007425561802], [174.683332423029, -36.9007388728049], [174.68333231175, -36.9007356980296], [174.683332293714, -36.9007351836152], [174.683332319269, -36.9007314940335], [174.683332501976, -36.90072780583], [174.68333283973, -36.9007241253441], [174.683333333734, -36.9007204561642], [174.683333981841, -36.9007168028273], [174.68333478413, -36.9007131689378], [174.68333573958, -36.9007095590168], [174.683336846044, -36.9007059776016], [174.683338104725, -36.9007024282805], [174.683339511212, -36.9006989147213], [174.683341066748, -36.9006954423145], [174.683342766904, -36.900692013827], [174.683344611778, -36.9006886337641], [174.683346598084, -36.9006853057778], [174.683347669217, -36.9006831300656], [174.683348875757, -36.9006806811285], [174.68335095458, -36.9006759962027], [174.683352831326, -36.9006712573557], [174.683354506093, -36.9006664690929], [174.683355974533, -36.9006616377853], [174.683357236765, -36.9006567688394], [174.683358290663, -36.9006518676932], [174.683359134122, -36.9006469406863], [174.683359766139, -36.9006419932407], [174.683360187975, -36.9006370316482], [174.683360396382, -36.9006320613628], [174.683360395961, -36.9006309184588], [174.683360393723, -36.9006270877592], [174.683360180929, -36.9006221531875], [174.683359758449, -36.9006172269955], [174.683359127523, -36.9006123145737], [174.683358289432, -36.9006074231148], [174.683357244275, -36.9006025571241], [174.683355993292, -36.9005977219921], [174.683354538886, -36.9005929248955], [174.683352881137, -36.9005881694386], [174.683352225134, -36.9005865085364], [174.683351023568, -36.9005834627823], [174.683348966258, -36.9005788085307], [174.683346713874, -36.90057421473], [174.68334426872, -36.9005696840515], [174.683341632054, -36.9005652227866], [174.683338808485, -36.9005608362784], [174.683335800375, -36.9005565299013], [174.683332611189, -36.9005523081129], [174.683329245533, -36.9005481762561], [174.683325706852, -36.9005441378875], [174.683321896481, -36.9005400952568], [174.683317913422, -36.9005361614324], [174.68331376118, -36.900532342674], [174.683309445423, -36.9005286416052], [174.683304970779, -36.90052506447], [174.683275639855, -36.9005040370415], [174.683267463709, -36.9004968258433], [174.683229548262, -36.9004709932827], [174.68316111909, -36.9004219372016], [174.683156691145, -36.9004183395692], [174.683152419904, -36.9004146207381], [174.683148312218, -36.9004107860194], [174.683144371532, -36.9004068389696], [174.683140602472, -36.9004027858327], [174.683137010727, -36.9003986301333], [174.683133599782, -36.9003943772304], [174.683130374223, -36.9003900315656], [174.683127337556, -36.9003855993987], [174.683124493263, -36.9003810860885], [174.683121844811, -36.9003764960927], [174.683119395684, -36.9003718347698], [174.683117148284, -36.9003671092969], [174.683115106056, -36.9003623232303], [174.683113823012, -36.9003589397209], [174.683113271403, -36.9003574837469], [174.683111645564, -36.9003525962372], [174.683110230923, -36.9003476669768], [174.683109029822, -36.9003427004395], [174.683108042419, -36.9003377038336], [174.683055876268, -36.9001051667557], [174.683051001824, -36.9000928395742], [174.68303451566, -36.9000172922775], [174.68303466077, -36.9000091330158], [174.683034512284, -36.9000081977171], [174.683034005271, -36.9000037648573], [174.683033688811, -36.8999993211855], [174.683033564105, -36.8999948702899], [174.683033632432, -36.8999904193633], [174.683033891668, -36.8999859738439], [174.683034341891, -36.8999815373359], [174.683041021593, -36.899955421656]], [[174.677090805609, -36.901072972026], [174.677135399179, -36.9010432738837], [174.677172041477, -36.9010224085495], [174.677206112859, -36.901008119696], [174.677246627915, -36.9009988270615], [174.677273842969, -36.9009959135861], [174.677290324074, -36.9009931453666], [174.677306909109, -36.9009908182397], [174.677310586818, -36.900990301211], [174.67731424106, -36.9009896862665], [174.677317867327, -36.9009889725685], [174.67732146115, -36.9009881610814], [174.677325019203, -36.900987253655], [174.677328538141, -36.9009862512378], [174.677332012353, -36.900985153909], [174.677335438533, -36.9009839644195], [174.677338814436, -36.9009826828008], [174.677342133351, -36.9009813100491], [174.677345394234, -36.9009798497846], [174.677437602752, -36.9009395435682], [174.677761622114, -36.9008131653118], [174.677823249026, -36.9007891283579], [174.678533451311, -36.9005121202794]]]}, "properties": {"OBJECTID": 3297, "TRACKNAME": "Te Whau Pathway", "CONDITIONSOFUSE": "KEN MAUNDER PARK", "STATUS": "Open", "WEBLINK": null, "VALIDATIONSTATE": 3, "created_user": "AC_owner", "last_edited_user": "AC_owner", "last_edited_date": 1789875254325, "created_date": 1789875254325, "PARK_SAPSITEID": null, "TRACK_ID": null, "KAURIDIEBACK_TRACK": null, "KAURIDIEBACK_MITIGATED": null, "SegmentID": null, "GlobalID": "f13ef47c-6051-477e-964d-c68474a25462", "Shape__Length": 313.6111517945617, "_COUNCIL_TRACKNAME": "Te Whau Pathway"}}, {"type": "Feature", "id": 3300, "geometry": {"type": "LineString", "coordinates": [[174.65722583633, -36.8757138269364], [174.657225272493, -36.8756877360552], [174.657235407955, -36.8756556966174], [174.657252760918, -36.8756235565064], [174.657273471477, -36.8755797709179], [174.657311785514, -36.8755154403532], [174.657335415013, -36.8754397150696], [174.657361847163, -36.8753604642433], [174.65738730172, -36.8753463472736], [174.657458611376, -36.875338532865], [174.657452563339, -36.8753217808174], [174.657444087239, -36.8752948971543]]}, "properties": {"OBJECTID": 3300, "TRACKNAME": "Te Whau Pathway", "CONDITIONSOFUSE": "MCLEOD PARK", "STATUS": "Open", "WEBLINK": null, "VALIDATIONSTATE": 3, "created_user": "AC_owner", "last_edited_user": "AC_owner", "last_edited_date": 1789875254325, "created_date": 1789875254325, "PARK_SAPSITEID": null, "TRACK_ID": null, "KAURIDIEBACK_TRACK": null, "KAURIDIEBACK_MITIGATED": null, "SegmentID": null, "GlobalID": "d20d39df-237e-4ec5-a8b2-d4f42adb0bae", "Shape__Length": 55.513881980008925, "_COUNCIL_TRACKNAME": "Te Whau Pathway"}}, {"type": "Feature", "id": 1479, "geometry": {"type": "LineString", "coordinates": [[175.018359284678, -36.8814619264369], [175.018407473571, -36.8815101024936], [175.018431755129, -36.8815417222295], [175.018472061044, -36.8815879321659], [175.018555596203, -36.8816618346178], [175.018578332287, -36.8817097491051], [175.018597766998, -36.8817686344687], [175.018583152797, -36.8818114333284], [175.018542620619, -36.8818759433561], [175.01853159016, -36.8818916512315], [175.018521878159, -36.8819033168901], [175.018502397387, -36.8819249186676], [175.018471791541, -36.8819582101078], [175.018446772962, -36.8819868099567], [175.018426888303, -36.8820199192129], [175.018404234733, -36.8820565275046], [175.018381920541, -36.8820787542407]]}, "properties": {"OBJECTID": 1479, "TRACKNAME": "The Beachlands-Maraetai Walkway", "CONDITIONSOFUSE": "Te Puru Park", "STATUS": "Open", "WEBLINK": "https://www.aucklandcouncil.govt.nz/en/parks-recreation/find-park-beach/park-detail/408.html", "VALIDATIONSTATE": 3, "created_user": "AC_owner", "last_edited_user": "AC_owner", "last_edited_date": 1789875254325, "created_date": 1789875254325, "PARK_SAPSITEID": null, "TRACK_ID": null, "KAURIDIEBACK_TRACK": null, "KAURIDIEBACK_MITIGATED": null, "SegmentID": null, "GlobalID": "3d2b3f64-e083-4d80-b10d-abd7e9e1b8ed", "Shape__Length": 80.49308320682098, "_COUNCIL_TRACKNAME": "The Beachlands-Maraetai Walkway"}}, {"type": "Feature", "id": 12169, "geometry": {"type": "LineString", "coordinates": [[175.021163427757, -36.8787015218937], [175.021235201867, -36.878727664262], [175.021508544677, -36.8788649791447], [175.021758352655, -36.8789914853236], [175.022167386676, -36.8791601114291], [175.022299116284, -36.8792176442782], [175.022422354799, -36.879129619618], [175.02246716422, -36.879065345529], [175.022583274192, -36.8790596327806], [175.022738146878, -36.8791130352013], [175.022890145023, -36.8792337325689], [175.023501836882, -36.8793279207349], [175.023990602561, -36.8793457454263], [175.024485805308, -36.879255116426], [175.024549211063, -36.8792584720465]]}, "properties": {"OBJECTID": 12169, "TRACKNAME": "The Beachlands-Maraetai Walkway", "CONDITIONSOFUSE": "Omana Regional Park", "STATUS": "Open", "WEBLINK": null, "VALIDATIONSTATE": 3, "created_user": "AC_owner", "last_edited_user": "AC_owner", "last_edited_date": 1789875254325, "created_date": 1789875254325, "PARK_SAPSITEID": null, "TRACK_ID": null, "KAURIDIEBACK_TRACK": null, "KAURIDIEBACK_MITIGATED": null, "SegmentID": null, "GlobalID": "e5c307b7-2f94-4f1e-b7c7-b26cd7fd91dc", "Shape__Length": 333.86635768587246, "_COUNCIL_TRACKNAME": "The Beachlands-Maraetai Walkway"}}, {"type": "Feature", "id": 12216, "geometry": {"type": "LineString", "coordinates": [[175.019250073828, -36.8807022825046], [175.019695463112, -36.8800792334032], [175.019680145027, -36.8799896221943], [175.019673447623, -36.8799542968201], [175.019673131554, -36.8799231351287], [175.019680596355, -36.8798900655812], [175.01969148699, -36.8798486277716], [175.019701150147, -36.8797993514665], [175.019709825126, -36.8797611148999], [175.019716480982, -36.8797250217115], [175.019720016342, -36.8796875935707], [175.019720906127, -36.8796515263128], [175.019719125479, -36.879620560769], [175.019716791653, -36.8795920201229], [175.019709335678, -36.8795606914061], [175.019695417187, -36.8795106172996], [175.019686475601, -36.8794799627773], [175.019684066666, -36.8794715675349], [175.019684054028, -36.8794715136716], [175.019674591972, -36.8794313231953], [175.019659333877, -36.8793721326431], [175.019647057793, -36.8793166858765], [175.01963700749, -36.8792639592548], [175.019633958818, -36.8792121140417], [175.019635117704, -36.8791513374823], [175.019638756231, -36.879099937385], [175.019646841928, -36.8790610528869], [175.019658462648, -36.87902603797], [175.019677682687, -36.8789950037945], [175.019697727276, -36.8789744017027], [175.019715374624, -36.8789596889228], [175.019745511757, -36.8789419724506], [175.019765377892, -36.8789309082698], [175.019835084438, -36.8788960413671], [175.019909505161, -36.878861256501], [175.019972006371, -36.8788297026492], [175.020031230203, -36.8788010796531], [175.020065858698, -36.8787846999706], [175.020095054602, -36.8787729101637], [175.020095631806, -36.8787726750225], [175.020129775362, -36.8787621620395], [175.020170014984, -36.8787526539819], [175.020207615711, -36.8787447590556], [175.020243637195, -36.8787382429298], [175.020272032336, -36.8787352363788], [175.020309151975, -36.8787295217432], [175.020369896771, -36.8787136649107], [175.020457670474, -36.8786897900092], [175.020573087089, -36.8786576981631], [175.020669816918, -36.8786280754794], [175.020740543662, -36.8786079342169], [175.020795841932, -36.8785919291688], [175.020831562881, -36.8785852954011], [175.020865256455, -36.8785830007356], [175.020899436928, -36.8785834296276], [175.020931066933, -36.8785839731016], [175.020958697045, -36.8785877842413], [175.021163427757, -36.8787015218937]]}, "properties": {"OBJECTID": 12216, "TRACKNAME": "The Beachlands-Maraetai Walkway", "CONDITIONSOFUSE": "Omana Regional Park", "STATUS": "Open", "WEBLINK": null, "VALIDATIONSTATE": 3, "created_user": "AC_owner", "last_edited_user": "AC_owner", "last_edited_date": 1789875254325, "created_date": 1789875254325, "PARK_SAPSITEID": null, "TRACK_ID": null, "KAURIDIEBACK_TRACK": null, "KAURIDIEBACK_MITIGATED": null, "SegmentID": null, "GlobalID": "9d38d558-e46c-4622-b2b3-2b5b21e47106", "Shape__Length": 349.3464834779447, "_COUNCIL_TRACKNAME": "The Beachlands-Maraetai Walkway"}}, {"type": "Feature", "id": 12232, "geometry": {"type": "LineString", "coordinates": [[175.018359284678, -36.8814619264369], [175.018327624611, -36.881417245985], [175.018293113557, -36.8813537677126], [175.018278516883, -36.8812953859387]]}, "properties": {"OBJECTID": 12232, "TRACKNAME": "The Beachlands-Maraetai Walkway", "CONDITIONSOFUSE": "Omana Regional Park", "STATUS": "Open", "WEBLINK": null, "VALIDATIONSTATE": 3, "created_user": "AC_owner", "last_edited_user": "AC_owner", "last_edited_date": 1789875254325, "created_date": 1789875254325, "PARK_SAPSITEID": null, "TRACK_ID": null, "KAURIDIEBACK_TRACK": null, "KAURIDIEBACK_MITIGATED": null, "SegmentID": null, "GlobalID": "d2117a52-c8b0-40d8-839d-8a3528a4d3c0", "Shape__Length": 20.000857837970376, "_COUNCIL_TRACKNAME": "The Beachlands-Maraetai Walkway"}}, {"type": "Feature", "id": 12259, "geometry": {"type": "LineString", "coordinates": [[175.018571179776, -36.8807768235364], [175.018488617734, -36.8808331608891], [175.018416535898, -36.8808908252896], [175.018399091098, -36.8809126177823], [175.018389913537, -36.8809373342342], [175.018387835174, -36.8809623717009], [175.018380590639, -36.8809774113627], [175.0183714804, -36.880995736429], [175.018358409975, -36.881005124762], [175.018343913507, -36.881015321457], [175.018334285339, -36.8810284638137], [175.018330885885, -36.8810438076762], [175.018318206741, -36.8810684844734], [175.018305538567, -36.8810931520698], [175.018300433766, -36.8811161679577], [175.018299101826, -36.8811375965406], [175.018307389106, -36.8811634403092], [175.018319891618, -36.8812044985611], [175.018320454707, -36.8812258859332], [175.01831187003, -36.8812611916315], [175.018303052019, -36.8812735721389], [175.018302641616, -36.8812720468963], [175.018278516883, -36.8812953859387]]}, "properties": {"OBJECTID": 12259, "TRACKNAME": "The Beachlands-Maraetai Walkway", "CONDITIONSOFUSE": "Omana Regional Park", "STATUS": "Open", "WEBLINK": null, "VALIDATIONSTATE": 3, "created_user": "AC_owner", "last_edited_user": "AC_owner", "last_edited_date": 1789875254325, "created_date": 1789875254325, "PARK_SAPSITEID": null, "TRACK_ID": null, "KAURIDIEBACK_TRACK": null, "KAURIDIEBACK_MITIGATED": null, "SegmentID": null, "GlobalID": "2620ec96-34e7-4d15-a691-ed18f2d2de0a", "Shape__Length": 67.97143631796487, "_COUNCIL_TRACKNAME": "The Beachlands-Maraetai Walkway"}}, {"type": "Feature", "id": 506, "geometry": {"type": "LineString", "coordinates": [[174.36487931313, -36.3260393598737], [174.364949198391, -36.3259657852653], [174.364985459102, -36.3259175464141], [174.36500418512, -36.3258824231694], [174.365025256324, -36.3258111612176], [174.36502705455, -36.3257437306835], [174.365024265961, -36.3256691299759], [174.365016346133, -36.3256415345425], [174.364985004983, -36.3255504079086], [174.364970926339, -36.3255108446078], [174.36494029905, -36.3254606373694], [174.364906696782, -36.3254104631985], [174.364871606517, -36.3253603069128], [174.364673307068, -36.3251639527563], [174.364224293783, -36.3247302119292], [174.364159294428, -36.3246705726345], [174.36399124422, -36.3245085983718], [174.363860946829, -36.324372070583], [174.363797524154, -36.3243009112509], [174.363775757354, -36.3242752820858], [174.363762973315, -36.3242553008797], [174.363748211274, -36.3242238413067], [174.363734976367, -36.3241779867819], [174.363698073047, -36.324050753612], [174.363644070663, -36.323862330023], [174.363572839403, -36.3235671455156], [174.363538079155, -36.3234245177841], [174.363547232887, -36.3233323805944], [174.363544720925, -36.3232764433674], [174.363534937715, -36.3232442193019], [174.363522225888, -36.3232156453415], [174.363517806991, -36.323142073701], [174.363532596371, -36.3225503836366], [174.363517130993, -36.3223830049578], [174.363500475073, -36.3223273435761], [174.363471228304, -36.3222692863989], [174.363442025812, -36.3222137681466], [174.363374653989, -36.3221282201784], [174.363265842922, -36.3220050641162], [174.363233813807, -36.3219673496115], [174.363208014334, -36.3219270237001], [174.363168827209, -36.3218386155804], [174.363110203106, -36.3217148878181], [174.363068012459, -36.3216341295278], [174.363038854704, -36.321581149193], [174.362984560855, -36.3215259169807], [174.362942989282, -36.3214806938045], [174.362860731402, -36.3214410125605], [174.362769107641, -36.3214039765926], [174.362554407437, -36.3213251859609], [174.36233321293, -36.3212337744774], [174.362140513269, -36.3211572708416], [174.361976440764, -36.3211032892987], [174.361702057901, -36.3210200992681], [174.361443403634, -36.3209392679662], [174.361326733516, -36.3209050556298], [174.361257331368, -36.3208829974957], [174.361234757904, -36.3208477123707], [174.361199417319, -36.3207998790619], [174.361161027636, -36.3207571584457], [174.361053193049, -36.32068984151], [174.360847332789, -36.320577943394], [174.360745683075, -36.3205054777718], [174.360571364445, -36.3204033750967], [174.360448114021, -36.3203514652279], [174.360259128077, -36.3203079190351], [174.360041869252, -36.3202621557435], [174.359978874061, -36.3202476404626], [174.359801949854, -36.3201760305603], [174.359606029583, -36.3200944823392], [174.359476021574, -36.3200147216978], [174.359308199764, -36.3199252368391], [174.359228993446, -36.3198804412655], [174.359080783259, -36.3198364294431], [174.358948168769, -36.3197871630269], [174.358828056637, -36.3197352157774], [174.358761307779, -36.3196852002725], [174.3586725169, -36.3196303573292], [174.358625072805, -36.3196080489192]]}, "properties": {"OBJECTID": 506, "TRACKNAME": "Ti Tree Point Trail", "CONDITIONSOFUSE": "Atiu Regional Park", "STATUS": "Open", "WEBLINK": "https://www.aucklandcouncil.govt.nz/en/parks-recreation/find-park-beach/park-detail/205.html", "VALIDATIONSTATE": 3, "created_user": "AC_owner", "last_edited_user": "AC_owner", "last_edited_date": 1789875254325, "created_date": 1789875254325, "PARK_SAPSITEID": null, "TRACK_ID": null, "KAURIDIEBACK_TRACK": null, "KAURIDIEBACK_MITIGATED": null, "SegmentID": null, "GlobalID": "599eb4f6-79ab-458f-aa2a-1086ae44a9f3", "Shape__Length": 1009.3103399364308, "_COUNCIL_TRACKNAME": "Ti Tree Point Trail"}}, {"type": "Feature", "id": 2111, "geometry": {"type": "LineString", "coordinates": [[174.861913736937, -36.3669219879032], [174.862135619087, -36.3669519182167], [174.86268114401, -36.3670745836523], [174.862805066041, -36.3670774202067], [174.862937661558, -36.3670729678622], [174.863115042307, -36.3670916649945], [174.863660001926, -36.3671904855963], [174.863731261506, -36.3672108376816], [174.864080878854, -36.3674033326012], [174.86414023402, -36.3674191009499], [174.864190290022, -36.3674159345646], [174.864251227781, -36.3673744395045], [174.864504730344, -36.3672464646248], [174.86474695224, -36.3671401302866], [174.864990028319, -36.3670695567305], [174.865109977774, -36.3670295239379], [174.8652384865, -36.366977433688], [174.865341261173, -36.36695913383], [174.865513304085, -36.3668777431345], [174.86575251958, -36.3667690686471], [174.86600607457, -36.3666434748993], [174.866212463353, -36.36651861852], [174.866414380563, -36.3664534544983], [174.866607396544, -36.3663860441596], [174.866678641836, -36.3662823779641], [174.86671394396, -36.3661554243738], [174.866694833156, -36.3660960993324], [174.86652980038, -36.3659770460054], [174.866478321465, -36.3659206118602], [174.866434774038, -36.3658258940491], [174.866421730312, -36.3657736294274], [174.866440314381, -36.3656874810468], [174.866465248828, -36.3656203123711], [174.86652266642, -36.3655550211487], [174.866635635697, -36.3654697827633], [174.86668154614, -36.3654165967764], [174.866718272028, -36.365349243759], [174.866758629396, -36.3653104541954], [174.866786853188, -36.3652575437035], [174.866768255283, -36.3652196755899], [174.86681473516, -36.3651903297879], [174.866857926379, -36.3651467257103], [174.866874017661, -36.3650796951736], [174.866872650409, -36.3650224778987], [174.866848441525, -36.3649966220669], [174.866764766067, -36.3649502307464], [174.866652524074, -36.364942445529], [174.866564092146, -36.3649438275782], [174.866495724931, -36.3649210459646], [174.866427071891, -36.3648863451104], [174.866341303172, -36.364875760807], [174.866287503691, -36.3648455970529], [174.866209210881, -36.3647776562813], [174.866155867095, -36.3647665651978], [174.866103149712, -36.3647816985369], [174.866049862883, -36.3647729916102], [174.865987276795, -36.3647453500908], [174.865913583494, -36.3647465013903], [174.865834223221, -36.3647572806492], [174.865743412902, -36.3647825492849], [174.86570299834, -36.3648189543103], [174.865659521977, -36.3648506378617], [174.86559229368, -36.364875537119], [174.865550968176, -36.364873798418], [174.865422261364, -36.3648865407117], [174.865342216691, -36.364868711004], [174.865256527543, -36.3647996934652], [174.86521633451, -36.3647836263942], [174.865127988068, -36.364788583684], [174.865088051172, -36.364783244594], [174.86501321956, -36.3647367139243], [174.864965969855, -36.3647338749783], [174.864901091801, -36.3647336954583], [174.864813906341, -36.3647255163662], [174.864744634877, -36.364726597904], [174.864677234563, -36.3647443449513], [174.864619020467, -36.3647762582163], [174.864561425689, -36.3647723871651], [174.864537416783, -36.3647548755623], [174.864461077798, -36.3646451666631], [174.864420515191, -36.3646136028738], [174.864353935715, -36.3646039101356], [174.864262641484, -36.3646089127961], [174.86412242454, -36.3646027534834], [174.86405757502, -36.3646037656054], [174.864025150259, -36.3646042716532]]}, "properties": {"OBJECTID": 2111, "TRACKNAME": "Tokatu Loop Track", "CONDITIONSOFUSE": "Tawharanui Regional Park", "STATUS": "Open", "WEBLINK": "https://www.aucklandcouncil.govt.nz/en/parks-recreation/find-park-beach/park-detail/228.html", "VALIDATIONSTATE": 3, "created_user": "AC_owner", "last_edited_user": "AC_owner", "last_edited_date": 1789875254325, "created_date": 1789875254325, "PARK_SAPSITEID": null, "TRACK_ID": null, "KAURIDIEBACK_TRACK": null, "KAURIDIEBACK_MITIGATED": null, "SegmentID": null, "GlobalID": "bb25c14d-591b-457d-ab2d-28346dd8bca8", "Shape__Length": 925.254497779401, "_COUNCIL_TRACKNAME": "Tokatu Loop Track"}}, {"type": "Feature", "id": 2282, "geometry": {"type": "LineString", "coordinates": [[174.861884785906, -36.3631699281091], [174.862052710167, -36.3633340227698], [174.862166693321, -36.3634666917811], [174.862270237945, -36.3636264121013], [174.862325168622, -36.3637922680698], [174.862377671169, -36.3639491992785], [174.86240630821, -36.3640347982821], [174.86243998055, -36.3642386306949], [174.862466701958, -36.3643368069921], [174.8625216709, -36.3644112398816], [174.862606254446, -36.364519270189], [174.862664463811, -36.3646366743351], [174.862705157031, -36.3646700989791], [174.86278534616, -36.3646867744264], [174.862860292727, -36.3646694723146], [174.862945847855, -36.3646322857345], [174.863025054181, -36.3646077464675], [174.86358883877, -36.3645487576786], [174.863666299055, -36.364543964184], [174.863754582541, -36.3645282453851], [174.863838262011, -36.3645054286595], [174.863914191416, -36.3645293404303], [174.864025150259, -36.3646042716532]]}, "properties": {"OBJECTID": 2282, "TRACKNAME": "Tokatu Loop Track", "CONDITIONSOFUSE": "Tawharanui Regional Park", "STATUS": "Open", "WEBLINK": "https://www.aucklandcouncil.govt.nz/en/parks-recreation/find-park-beach/park-detail/228.html", "VALIDATIONSTATE": 3, "created_user": "AC_owner", "last_edited_user": "AC_owner", "last_edited_date": 1789875254325, "created_date": 1789875254325, "PARK_SAPSITEID": null, "TRACK_ID": null, "KAURIDIEBACK_TRACK": null, "KAURIDIEBACK_MITIGATED": null, "SegmentID": null, "GlobalID": "e6534e1d-03c3-4209-bc2d-7073e886a59b", "Shape__Length": 310.5880615849432, "_COUNCIL_TRACKNAME": "Tokatu Loop Track"}}, {"type": "Feature", "id": 328, "geometry": {"type": "LineString", "coordinates": [[174.864025150259, -36.3646042716532], [174.864056012322, -36.3645783480784], [174.864080689384, -36.364512883918], [174.864114770558, -36.3644156988621], [174.864143138113, -36.3643687503646], [174.864186358856, -36.3643263384203], [174.864220508348, -36.3642745294699], [174.864265202966, -36.3642320953944], [174.86434234943, -36.3641903464031], [174.864403426902, -36.3641548118366], [174.864467195056, -36.364108502309], [174.864508998435, -36.3640684974711]]}, "properties": {"OBJECTID": 328, "TRACKNAME": "Tokatu Point Lookout Track", "CONDITIONSOFUSE": "Tawharanui Regional Park", "STATUS": "Open", "WEBLINK": "https://www.aucklandcouncil.govt.nz/en/parks-recreation/find-park-beach/park-detail/228.html", "VALIDATIONSTATE": 3, "created_user": "AC_owner", "last_edited_user": "AC_owner", "last_edited_date": 1789875254325, "created_date": 1789875254325, "PARK_SAPSITEID": null, "TRACK_ID": null, "KAURIDIEBACK_TRACK": null, "KAURIDIEBACK_MITIGATED": null, "SegmentID": null, "GlobalID": "8cbae7be-3cb0-42ab-980f-0551f94d8948", "Shape__Length": 75.97775035151396, "_COUNCIL_TRACKNAME": "Tokatu Point Lookout Track"}}, {"type": "Feature", "id": 934, "geometry": {"type": "LineString", "coordinates": [[174.864007634576, -36.3646117002993], [174.864053298569, -36.3646559871485], [174.8640875987, -36.3647231494029], [174.864083908101, -36.3647877325675], [174.864066714591, -36.364834543614], [174.864006787877, -36.3650013935174], [174.863928232028, -36.3651695662162], [174.86386843443, -36.3652587425069], [174.863830739165, -36.365285564996], [174.86377836219, -36.3653150016736], [174.863719748062, -36.3653302259865], [174.863464942314, -36.3654033659214], [174.863339439671, -36.3654577924517], [174.86321353886, -36.3654955312001], [174.863149541398, -36.3655323032695], [174.863106177291, -36.3655687543453], [174.862938162624, -36.3656953919523], [174.862698102543, -36.3658923171095], [174.862503669657, -36.3660241372192], [174.862338545276, -36.3661483438321], [174.862266896403, -36.3662353190402], [174.86210189076, -36.3664883123151], [174.862070885818, -36.3665484194812], [174.862043168652, -36.3666227850515], [174.861993631271, -36.3667714242386], [174.86197384988, -36.3668075063531], [174.861896220529, -36.3669294162576]]}, "properties": {"OBJECTID": 934, "TRACKNAME": "Tokatu Point Lookout Track", "CONDITIONSOFUSE": "Tawharanui Regional Park", "STATUS": "Open", "WEBLINK": "https://www.aucklandcouncil.govt.nz/en/parks-recreation/find-park-beach/park-detail/228.html", "VALIDATIONSTATE": 3, "created_user": "AC_owner", "last_edited_user": "AC_owner", "last_edited_date": 1789875254325, "created_date": 1789875254325, "PARK_SAPSITEID": null, "TRACK_ID": null, "KAURIDIEBACK_TRACK": null, "KAURIDIEBACK_MITIGATED": null, "SegmentID": null, "GlobalID": "fddcfef4-6caf-4f7e-b1dd-c94cdff90684", "Shape__Length": 345.1978775766949, "_COUNCIL_TRACKNAME": "Tokatu Point Lookout Track"}}, {"type": "Feature", "id": 1075, "geometry": {"type": "LineString", "coordinates": [[174.858419377931, -36.3692016198768], [174.858594801864, -36.3692179203516], [174.858852970163, -36.3691614339681], [174.859083983364, -36.3690791345818], [174.859242997074, -36.3689454871222], [174.859363687499, -36.3688124360915], [174.8596188458, -36.3686295920855], [174.860066632464, -36.3683626589372], [174.860270542859, -36.3682569302411], [174.860536527597, -36.3681573895063], [174.860693327093, -36.3680547781801], [174.860826652621, -36.3678332857396], [174.860997957649, -36.3675968916981], [174.861324475158, -36.3673151495932], [174.861742030848, -36.3670176778782], [174.861913736937, -36.3669219879032]]}, "properties": {"OBJECTID": 1075, "TRACKNAME": "Tokatu Point Lookout Track", "CONDITIONSOFUSE": "Tawharanui Regional Park", "STATUS": "Open", "WEBLINK": "https://www.aucklandcouncil.govt.nz/en/parks-recreation/find-park-beach/park-detail/228.html", "VALIDATIONSTATE": 3, "created_user": "AC_owner", "last_edited_user": "AC_owner", "last_edited_date": 1789875254325, "created_date": 1789875254325, "PARK_SAPSITEID": null, "TRACK_ID": null, "KAURIDIEBACK_TRACK": null, "KAURIDIEBACK_MITIGATED": null, "SegmentID": null, "GlobalID": "9015c268-8b78-4dea-b56a-bbd68eda387e", "Shape__Length": 417.2689439246467, "_COUNCIL_TRACKNAME": "Tokatu Point Lookout Track"}}, {"type": "Feature", "id": 728, "geometry": {"type": "LineString", "coordinates": [[174.549218124052, -36.9999537575259], [174.549076528653, -36.9997459660463], [174.549048653971, -36.999675384543], [174.549064055346, -36.9996097544071], [174.549165730397, -36.9993780507536], [174.549184923479, -36.9993586194422], [174.549220350071, -36.9993400488124], [174.549508646995, -36.9992295107325], [174.549558019375, -36.9992242240988], [174.549699812865, -36.999232882289], [174.549748574458, -36.9992213121198], [174.549788381373, -36.9991821513349], [174.550068496642, -36.9988076408375], [174.550108214989, -36.9987669037385], [174.550166075724, -36.9987457773968], [174.550293933067, -36.9987189865092], [174.55046372258, -36.9987333711943], [174.550502971873, -36.9987287572408], [174.550757802582, -36.9985708186889], [174.550918139361, -36.9985237188896], [174.551168655986, -36.9983924617627], [174.551363887528, -36.9982470545543], [174.551408007943, -36.9982216996267], [174.551650470395, -36.9981570394697], [174.552224155883, -36.9979402162975], [174.552427330793, -36.9979081835793], [174.55249235332, -36.9978790034936], [174.552510957263, -36.9978527651437], [174.552514180573, -36.9978250424798], [174.552493640956, -36.9978019571742], [174.552459131466, -36.9977865268193], [174.551920957402, -36.9977407016666], [174.551824786659, -36.9977224450278], [174.551771193169, -36.9976963666839], [174.551752362886, -36.9976622714229], [174.551767846591, -36.9976378676757], [174.551811109152, -36.9976162193584], [174.551993370394, -36.9975604128092], [174.552049511849, -36.9974995584509], [174.552070556325, -36.9974446703456], [174.552069542554, -36.9974135959972], [174.552051997833, -36.9973852526182], [174.551860841898, -36.9972367400678], [174.55184161152, -36.9972089414824], [174.551842147327, -36.9971888613807], [174.551868362292, -36.9971649933046], [174.551901899138, -36.9971574701232], [174.551939709021, -36.9971639070661], [174.551981983741, -36.9971854463368], [174.552047696412, -36.9972405428356], [174.552173570823, -36.9973977236584], [174.552206655328, -36.9974165888595], [174.55222408057, -36.9974108626985], [174.552237836036, -36.997384372334], [174.55226418067, -36.9971983043064], [174.552282744667, -36.9971573925132], [174.552314460462, -36.997152606103], [174.552364551121, -36.9971584045538], [174.552545737896, -36.997200146446], [174.552574476636, -36.9971965075757], [174.552597178078, -36.9971838891039], [174.552612935979, -36.9971436989997], [174.55260489505, -36.9970975288239], [174.552562509451, -36.9970197018373], [174.552482365351, -36.9969070087817], [174.55247616639, -36.9968751549978], [174.552486687681, -36.9968360699672], [174.552519512529, -36.9968034893461], [174.55272217276, -36.9966761269506], [174.552775539806, -36.9966314157013], [174.552978317842, -36.9963850278866], [174.553147136456, -36.9961071943643], [174.553202678772, -36.9960589662267], [174.553240685542, -36.9960430646965], [174.55329110238, -36.9960356536968], [174.553438005647, -36.9960582385832], [174.553499277775, -36.9960580133866], [174.554024677846, -36.9959813969714], [174.554203964274, -36.9959889459474], [174.554290935532, -36.9960013992871], [174.554418420538, -36.9960283744799], [174.554546094617, -36.9960762223521], [174.554869137607, -36.9960334665456], [174.554926699423, -36.9960132792279], [174.554992789747, -36.9959737543132], [174.555113418744, -36.9958125173178], [174.555164167045, -36.9957662259051], [174.555204148279, -36.9957419153102], [174.555241157365, -36.9957421604044], [174.555385456306, -36.9957858415856], [174.555658561335, -36.9958220475195], [174.555723718839, -36.9958239064458], [174.555818126679, -36.9958081119829], [174.555864293723, -36.9957895878675], [174.555885221103, -36.9957726745599], [174.55597178068, -36.995596740671], [174.556035069054, -36.9955234332251], [174.556128786003, -36.9954500512414], [174.556368274112, -36.9953663479511], [174.556439679724, -36.9953489437957], [174.556563563226, -36.9953668422498], [174.556679845582, -36.9954236344287], [174.556757048704, -36.9954177634371], [174.556831624828, -36.9953745388164], [174.55700081288, -36.9952098506927], [174.557040989105, -36.9951886429827]]}, "properties": {"OBJECTID": 728, "TRACKNAME": "Tom Thumb Track", "CONDITIONSOFUSE": "Waitakere South Regional Park", "STATUS": "Temp Closed", "WEBLINK": "https://www.aucklandcouncil.govt.nz/en/parks-recreation/find-park-beach/park-detail/212.html", "VALIDATIONSTATE": 3, "created_user": "AC_owner", "last_edited_user": "AC_owner", "last_edited_date": 1789875254325, "created_date": 1789875254325, "PARK_SAPSITEID": null, "TRACK_ID": null, "KAURIDIEBACK_TRACK": null, "KAURIDIEBACK_MITIGATED": null, "SegmentID": null, "GlobalID": "5ce311e9-d103-464b-ba83-dbdbd4f9347b", "Shape__Length": 1237.4024583725266, "_COUNCIL_TRACKNAME": "Tom Thumb Track"}}, {"type": "Feature", "id": 1218, "geometry": {"type": "LineString", "coordinates": [[174.557040989105, -36.9951886429827], [174.557049807461, -36.9951839880803], [174.557128718649, -36.9951858460579], [174.55718840092, -36.9952173493517], [174.55720801126, -36.9952510369142], [174.557235466189, -36.9953354667483], [174.557274630202, -36.9954000574209], [174.557556144554, -36.9956975944934], [174.557602525085, -36.9958294753281], [174.557635823541, -36.9958802800795], [174.557738250316, -36.9959579210327], [174.557788769725, -36.9959869574077], [174.557828130036, -36.9959911818409], [174.557924806585, -36.9959791956771], [174.557966201284, -36.9959812391291], [174.558022209908, -36.9960044797629], [174.558121726874, -36.9960689087227], [174.55815814051, -36.9960988872715], [174.558183873656, -36.9961374246594], [174.558239579126, -36.9962862093017], [174.558273226774, -36.9963265626241], [174.558302957356, -36.9963484265868], [174.558513900002, -36.9964225687778], [174.558587719821, -36.9964402842984], [174.558673080918, -36.9964365582863], [174.558798034546, -36.9963911745221], [174.55892467125, -36.9964034639735], [174.559005136472, -36.9964219301942], [174.559050071204, -36.9964503904144], [174.559105186451, -36.9965399095617], [174.55917505084, -36.9966280541334], [174.559316979451, -36.9967926327368], [174.559418597658, -36.9968861105374], [174.559468951442, -36.9969014748689], [174.559719980582, -36.9969486695212], [174.560243591747, -36.9970814868586], [174.560410618225, -36.9971592675949], [174.560479647993, -36.9972306662399], [174.560540645802, -36.9972648094914], [174.560700689951, -36.9973390672121], [174.561078650847, -36.9974897230707], [174.561236455507, -36.9975264051842], [174.561545540073, -36.9975691852911]]}, "properties": {"OBJECTID": 1218, "TRACKNAME": "Tom Thumb Track", "CONDITIONSOFUSE": "Waitakere South Regional Park", "STATUS": "Temp Closed", "WEBLINK": "https://www.aucklandcouncil.govt.nz/en/parks-recreation/find-park-beach/park-detail/212.html", "VALIDATIONSTATE": 3, "created_user": "AC_owner", "last_edited_user": "AC_owner", "last_edited_date": 1789875254325, "created_date": 1789875254325, "PARK_SAPSITEID": null, "TRACK_ID": null, "KAURIDIEBACK_TRACK": null, "KAURIDIEBACK_MITIGATED": null, "SegmentID": null, "GlobalID": "b35508f0-edd7-4769-bf27-1d229a2fdd26", "Shape__Length": 522.5439436990332, "_COUNCIL_TRACKNAME": "Tom Thumb Track"}}, {"type": "Feature", "id": 1791, "geometry": {"type": "LineString", "coordinates": [[174.556944918403, -36.9945843649232], [174.556904894223, -36.994655230546], [174.556869798487, -36.9946904912257], [174.556841369677, -36.9947257527683], [174.556799160168, -36.9947678704874], [174.55678807692, -36.9948117899952], [174.556797810206, -36.9948622623631], [174.55679624181, -36.9949795604344], [174.556905791637, -36.9950578478052], [174.556952710575, -36.9950847198686], [174.55699387393, -36.995148349709], [174.557040989105, -36.9951886429827]]}, "properties": {"OBJECTID": 1791, "TRACKNAME": "Tom Thumb Track", "CONDITIONSOFUSE": "Waitakere South Regional Park", "STATUS": "Temp Closed", "WEBLINK": "https://www.aucklandcouncil.govt.nz/en/parks-recreation/find-park-beach/park-detail/212.html", "VALIDATIONSTATE": 3, "created_user": "AC_owner", "last_edited_user": "AC_owner", "last_edited_date": 1789875254325, "created_date": 1789875254325, "PARK_SAPSITEID": null, "TRACK_ID": null, "KAURIDIEBACK_TRACK": null, "KAURIDIEBACK_MITIGATED": null, "SegmentID": null, "GlobalID": "b6115b3d-e63a-41f8-b3f0-5920f179e7ce", "Shape__Length": 80.22350715964986, "_COUNCIL_TRACKNAME": "Tom Thumb Track"}}, {"type": "Feature", "id": 680, "geometry": {"type": "LineString", "coordinates": [[174.563135912161, -36.8772568403605], [174.56313700578, -36.8772550638005], [174.563226656292, -36.8771882981586], [174.56324271967, -36.8771758606739], [174.563326435287, -36.877102352399], [174.563400434604, -36.8770316039071], [174.563438709, -36.8769943695751], [174.563506270259, -36.8769562000112], [174.563562561642, -36.8769370353127], [174.563634176902, -36.8769045540351], [174.563670928116, -36.8768867190632], [174.563727740405, -36.8768628422966], [174.563781214546, -36.8768348270954], [174.563820875246, -36.8768017657523], [174.563826480075, -36.8767613558137], [174.563822729009, -36.8767116587444], [174.563816762158, -36.8766787472492], [174.563822752532, -36.8766561432461], [174.563844347366, -36.8766306838401], [174.563874238018, -36.8765982918919], [174.563902967557, -36.8765716839676], [174.564015587123, -36.8765076917731], [174.564081335657, -36.8764752964689], [174.564146508932, -36.8764460544722], [174.564175206337, -36.8764178785276], [174.564199231383, -36.876385058952], [174.564228417736, -36.8763500532102], [174.56428602636, -36.8763036405372], [174.564352317811, -36.8762665237881], [174.56440369953, -36.8762327671114], [174.564433740539, -36.8762066645858], [174.564468610452, -36.8761637330453], [174.564499033749, -36.876125574194], [174.564513928437, -36.8760928837917], [174.564538487838, -36.8759977275892], [174.564598012305, -36.8758648664779], [174.56463303944, -36.875799407659], [174.564682593029, -36.8757431587911], [174.564710305892, -36.8757008442229], [174.564734211714, -36.8756633029473], [174.564755430148, -36.8756216237294], [174.5647645985, -36.8755947774564], [174.564760443102, -36.8755560824152], [174.564779849009, -36.8755207005769], [174.564813696798, -36.8754898336731], [174.564827871557, -36.8754257220458], [174.564830975614, -36.8753623060528], [174.564846445743, -36.8753259394657], [174.564872664556, -36.8752747480441], [174.564880999132, -36.875240584629], [174.56488226328, -36.8752107147046], [174.564877044126, -36.8751814709883], [174.564867011828, -36.875142330557], [174.564872454755, -36.8750951173768], [174.564877993661, -36.8750526080678], [174.564874704669, -36.8750222843301], [174.564862156419, -36.8749868546107], [174.564851199255, -36.8749639689913], [174.564862211963, -36.8749323932827], [174.564880783983, -36.874889694295], [174.56487879592, -36.8748593444091], [174.564880174257, -36.8748053794376], [174.564889256056, -36.8747753975356], [174.564898434935, -36.8747490739045], [174.564904624542, -36.874706565036], [174.564900087783, -36.8746788716957], [174.564895379103, -36.8746438525049], [174.564886068588, -36.8745790496578], [174.564862842615, -36.8745327729001], [174.564852961378, -36.8744999310292], [174.56485075382, -36.8744318798453], [174.564845433484, -36.8743261925102], [174.564846395193, -36.8742677532268], [174.564850564948, -36.8742175282158], [174.564862545122, -36.8741607916196], [174.564886708394, -36.874112800074], [174.564918894237, -36.8740692457518], [174.564964302951, -36.8740216143433], [174.565007195308, -36.873980424782], [174.565101281986, -36.8739128809267], [174.565306541208, -36.8737689688672], [174.565581196165, -36.8735813542107], [174.565819313962, -36.8734220185868], [174.56598160256, -36.8733160964042], [174.566058699449, -36.8732605295433], [174.566096405874, -36.8732247530523], [174.566122287748, -36.8731944955399], [174.566142623333, -36.873154702553], [174.566170638452, -36.8731019999115], [174.566194475104, -36.8730408163939], [174.566212831687, -36.8729722417864], [174.566214549664, -36.872931657619], [174.566207561917, -36.872858126057], [174.566200901533, -36.8727995258327], [174.566201034178, -36.872747235774], [174.56621331951, -36.8727033034465], [174.56623092017, -36.8726603466398], [174.566260564734, -36.8726204219111], [174.566294311134, -36.8725857791986], [174.566332082273, -36.8725531926204], [174.566371177244, -36.8725206066061], [174.566422238987, -36.872487826766], [174.566470784737, -36.8724614978083], [174.566523410425, -36.8724393785082], [174.566593154954, -36.872410597721], [174.56663536677, -36.8723982422748], [174.566682982387, -36.8723889973893], [174.566735979562, -36.8723828723651], [174.566811608211, -36.8723796217054], [174.566886197912, -36.8723881204985], [174.566983473972, -36.872401629116], [174.567054344345, -36.8724219216664], [174.56714676321, -36.872455774968], [174.56744868692, -36.8725889715113], [174.56760575345, -36.8726602887301], [174.567748019902, -36.8727243557232], [174.567866090216, -36.8727759604363], [174.567953139417, -36.8728066931153], [174.568037355307, -36.8728299907881], [174.568105229368, -36.8728353956079], [174.568158204788, -36.8728281976077], [174.568205765765, -36.8728168256065], [174.568246391503, -36.8727927457109], [174.56828414033, -36.8727591042155], [174.568313717739, -36.8727170436322], [174.568324743766, -36.872676327573], [174.568324678034, -36.8726155041992], [174.568315664559, -36.872569743591], [174.56829962823, -36.8725080854259], [174.568285517414, -36.872472009679], [174.56827507072, -36.8724219955035], [174.568264657367, -36.8723730625269], [174.568281896276, -36.8723141199507], [174.568300841608, -36.8722711450994], [174.568348336113, -36.8721989316488], [174.568455488759, -36.8720639527022], [174.568611972805, -36.8718791438399], [174.568988063236, -36.8714232063692], [174.569108317487, -36.8712805544649], [174.569213301848, -36.8711669388334], [174.569283316867, -36.8710922643144], [174.569367748577, -36.871008845371], [174.569517107917, -36.8708614910953], [174.57009037993, -36.8703161888802], [174.570322088765, -36.8701099768229], [174.570640587181, -36.8698085775192], [174.57084562658, -36.8696062142788], [174.570941571157, -36.8694956911563], [174.571037713987, -36.8693609005344], [174.5711263371, -36.8692122741282], [174.571207640589, -36.8690573898049], [174.571281776463, -36.8689250262206], [174.571328630876, -36.868825084989], [174.571353522641, -36.868752141685], [174.571375307023, -36.8686600403484], [174.571404330978, -36.8685358086792], [174.571442805762, -36.8684178427095], [174.571486170513, -36.8683304855805], [174.571523913795, -36.8682512970595], [174.571568435353, -36.8681744165148], [174.571593189772, -36.8681369527865], [174.571638435502, -36.8680740698837], [174.571693393528, -36.8680028380321], [174.57247663831, -36.8670717921155], [174.572724244884, -36.8667810691905], [174.572770222672, -36.8667348244248], [174.572833160687, -36.8666808377494], [174.572873656098, -36.8666506287242], [174.572916049593, -36.8666221702538], [174.572960241532, -36.866595526751], [174.572999460693, -36.8665742040311], [174.573062370466, -36.8665434728843], [174.573105384217, -36.8665244795056], [174.573149196923, -36.8665067013936], [174.573216287378, -36.8664823595938], [174.573277773142, -36.8664631576465], [174.573364355056, -36.8664401801561], [174.573452324865, -36.8664208798307], [174.573511615647, -36.8664100715155], [174.573571333505, -36.8664009430719], [174.573653564314, -36.8663911739384], [174.573804181217, -36.8663814094138], [174.57388333576, -36.8663737089411], [174.573922652113, -36.8663664369458], [174.573968026642, -36.8663509814017], [174.574012353067, -36.8663265440798], [174.574046601186, -36.866298066914], [174.574075596387, -36.866261799401], [174.573913789644, -36.8661761495341], [174.573807671234, -36.866121724376], [174.573635920695, -36.8660336369252], [174.573596122118, -36.8660146583829], [174.573571234916, -36.8659996286545], [174.573548085882, -36.8659829264016], [174.573526834429, -36.8659646666918], [174.573507640156, -36.8659449736043], [174.573489347924, -36.8659205814592], [174.573467524022, -36.8658651118641], [174.573457959361, -36.8658253980809], [174.5734526965, -36.8657821120025], [174.573450373582, -36.8657399587721], [174.57346434662, -36.8656270577688], [174.573558799372, -36.8656225170475], [174.573650578315, -36.8656177863188], [174.573772878121, -36.8656079641931], [174.573900937601, -36.8655945503219], [174.574199168736, -36.865558961845], [174.574658569181, -36.8655086088404], [174.574733178728, -36.8655003280676], [174.574826415368, -36.8654955771146], [174.574918266191, -36.8654943597876], [174.574997067614, -36.8654968306835], [174.575074459193, -36.8655016637691], [174.575166526487, -36.8655109893759], [174.575298126827, -36.8655279932728], [174.575453246879, -36.865554059414], [174.575942199559, -36.865644833273], [174.576116417817, -36.8656776759167], [174.576458023205, -36.8657399339249]]}, "properties": {"OBJECTID": 680, "TRACKNAME": "Tram Valley Road", "CONDITIONSOFUSE": null, "STATUS": "Open", "WEBLINK": null, "VALIDATIONSTATE": 3, "created_user": "AC_owner", "last_edited_user": "AC_owner", "last_edited_date": 1789875254325, "created_date": 1789875254325, "PARK_SAPSITEID": null, "TRACK_ID": null, "KAURIDIEBACK_TRACK": null, "KAURIDIEBACK_MITIGATED": null, "SegmentID": null, "GlobalID": "0d5622d7-e8b6-4449-88eb-22e38115fb48", "Shape__Length": 2131.3151851061975, "_COUNCIL_TRACKNAME": "Tram Valley Road"}}, {"type": "Feature", "id": 3098, "geometry": {"type": "LineString", "coordinates": [[174.56089760696, -36.8791105739611], [174.56089949839, -36.8791069778968], [174.560901506635, -36.8791035533602], [174.560903632833, -36.8791003012378], [174.560905874706, -36.8790972197567], [174.560908234533, -36.8790943106898], [174.560910712295, -36.8790915731359], [174.560913305769, -36.8790890080257], [174.560916017178, -36.8790866144284], [174.560918845402, -36.8790843923589], [174.560921791561, -36.8790823418023], [174.560924854534, -36.8790804627735], [174.56092803434, -36.8790787561735], [174.56093133096, -36.8790772211012], [174.560934691695, -36.8790758041669], [174.560937982609, -36.8790743746293], [174.560941199106, -36.8790729271406], [174.560944341166, -36.8790714607996], [174.560947407686, -36.8790699765224], [174.560950399788, -36.879068474294], [174.560953317454, -36.8790669532134], [174.560956160703, -36.8790654141817], [174.560958928393, -36.8790638563126], [174.560961621665, -36.8790622804923], [174.56096424052, -36.8790606867211], [174.560966783816, -36.8790590741124], [174.560969252695, -36.8790574435526], [174.560971647155, -36.8790557950418], [174.56097396718, -36.8790541276788], [174.560976211665, -36.8790524423795], [174.560978381713, -36.879050738228], [174.560980476222, -36.8790490161403], [174.560982497435, -36.8790472760867], [174.56098444309, -36.8790455171958], [174.560986326611, -36.8790437374884], [174.560988241836, -36.8790419168029], [174.5609902089, -36.8790400521706], [174.560992227749, -36.8790381408883], [174.560994297315, -36.879036185674], [174.560996419824, -36.879034185597], [174.560998593015, -36.8790321397859], [174.561000818026, -36.8790300491268], [174.561003094859, -36.87902791362], [174.561005423513, -36.8790257332652], [174.561007803988, -36.8790235080626], [174.561010235143, -36.8790212371257], [174.56101271926, -36.8790189222273], [174.561015254059, -36.8790165615947], [174.561017840678, -36.8790141561142], [174.561020479099, -36.8790117048846], [174.561023168239, -36.8790092097231], [174.561025910303, -36.8790066687978], [174.561028703085, -36.8790040839404], [174.561031547669, -36.8790014533341], [174.561034444019, -36.8789987751764], [174.561037366161, -36.878995875845], [174.561040298431, -36.8789926473814], [174.561043240868, -36.878989091588], [174.561046193434, -36.8789852066625], [174.561049156148, -36.8789809935061], [174.561052130131, -36.8789764521039], [174.56105511314, -36.8789715824856], [174.561058107418, -36.8789663846215], [174.561061110722, -36.8789608585412], [174.561064125277, -36.878955003314], [174.561067149997, -36.8789488207571], [174.561070184846, -36.878942309068], [174.561073229843, -36.8789354691479], [174.561076286108, -36.8789283009822], [174.561079351399, -36.8789208046002], [174.561082426837, -36.8789129799873], [174.561085513526, -36.8789048262275], [174.56108861038, -36.8788963451379], [174.561091717363, -36.8788875349161], [174.561094834511, -36.8788783973645], [174.561098050798, -36.8788691142916], [174.561101540549, -36.8788600367426], [174.561105306228, -36.8788511755015], [174.561109347779, -36.878842527865], [174.561113666361, -36.8788340956206], [174.561118261974, -36.8788258787682], [174.561123132337, -36.8788178755351], [174.561128280871, -36.8788100885803], [174.561133704156, -36.8788025152446], [174.561139404471, -36.8787951573009], [174.561145381816, -36.878788014749], [174.56115163393, -36.8787810867173], [174.561158164178, -36.8787743731615], [174.561164969213, -36.8787678750269], [174.561172052382, -36.8787615913681], [174.561179410338, -36.8787555231305], [174.561187045305, -36.8787496693833], [174.561194956182, -36.8787440310424], [174.56120314407, -36.8787386071918], [174.561211608971, -36.8787333978315], [174.561220284428, -36.8787283903142], [174.561228804201, -36.8787235065265], [174.561237108601, -36.8787187355351], [174.561245196489, -36.8787140764535], [174.561253070126, -36.8787095301534], [174.561260728354, -36.8787050948475], [174.56126817121, -36.8787007723379], [174.561275398657, -36.8786965608225], [174.56128241075, -36.8786924630047], [174.561289207434, -36.8786884761811], [174.56129578985, -36.8786846012383], [174.561302155772, -36.8786808391067], [174.561308306303, -36.8786771888705], [174.561314242567, -36.8786736505152], [174.561319962318, -36.8786702240701], [174.561325466697, -36.8786669104217], [174.561330756809, -36.8786637086542], [174.56133583153, -36.8786606187823], [174.56134068974, -36.8786576408207], [174.561345333681, -36.8786547747401], [174.56134976672, -36.8786520204963], [174.561354131497, -36.878649330245], [174.561358497191, -36.8786466850499], [174.561362863748, -36.8786440822075], [174.561367231221, -36.8786415244212], [174.561371599557, -36.8786390089877], [174.561375967688, -36.8786365386251], [174.561380337803, -36.8786341106005], [174.561384708835, -36.878631727632], [174.561389080729, -36.8786293870163], [174.561393453541, -36.8786270914568], [174.561397827214, -36.8786248382499], [174.561402201787, -36.8786226291981], [174.561406577258, -36.8786204643013], [174.56141095361, -36.8786183426584], [174.56141533086, -36.8786162651705], [174.561419708991, -36.8786142309364], [174.561424088003, -36.8786122399563], [174.561428467914, -36.8786102931312], [174.561432848723, -36.878608390461], [174.561437230413, -36.8786065310448], [174.561441665779, -36.8786046628106], [174.561446233969, -36.8786027053982], [174.561450937245, -36.878600659679], [174.561455774465, -36.8785985247668], [174.561460745613, -36.8785962997603], [174.561465851846, -36.8785939864471], [174.561471090902, -36.8785915839555], [174.561476465025, -36.8785890922559], [174.561481973076, -36.8785865104621], [174.561487616211, -36.8785838403614], [174.56149339217, -36.8785810810823], [174.561499303195, -36.8785782325952], [174.561505348166, -36.8785752949148], [174.561511527082, -36.8785722680412], [174.561517839942, -36.8785691519742], [174.561524287869, -36.8785659466992], [174.561530869741, -36.8785626522309], [174.561537585558, -36.8785592685692], [174.56154443532, -36.8785557957142], [174.561551419026, -36.8785522336657], [174.561558501022, -36.8785485946102], [174.561565519633, -36.8785449284449], [174.561572457022, -36.8785412408126], [174.561579310983, -36.878537533545], [174.561586083722, -36.8785338048103], [174.561592774136, -36.8785300555244], [174.561599383328, -36.8785262847715], [174.561605910214, -36.8785224943686], [174.561612354756, -36.8785186825134], [174.561618716974, -36.8785148501071], [174.56162499797, -36.8785109962339], [174.561631195537, -36.8785071227254], [174.561637311883, -36.8785032277499], [174.561643347026, -36.8784993122087], [174.561649299844, -36.8784953761163], [174.561655169196, -36.8784914185866], [174.561660958468, -36.8784874404763], [174.561666664292, -36.8784834418298], [174.561672288914, -36.8784794226175], [174.56167783121, -36.8784753828543], [174.561683305782, -36.8784713232494], [174.561688977974, -36.8784672709619], [174.561694950117, -36.8784632372657], [174.561701222193, -36.8784592212596], [174.56170779308, -36.8784552229585], [174.561714663899, -36.8784512423473], [174.56172183467, -36.8784472803273], [174.561729304251, -36.878443336012], [174.561737073765, -36.8784394093866], [174.561745143211, -36.8784355004511], [174.561753511486, -36.8784316101212], [174.561762179676, -36.8784277365799], [174.561771147816, -36.8784238816293], [174.561780414785, -36.8784200452843], [174.561789981668, -36.8784162257276], [174.561799848501, -36.8784124247615], [174.561810014146, -36.8784086414996], [174.561820479722, -36.8784048759269], [174.561831245248, -36.8784011289446], [174.561842309585, -36.8783973996662], [174.561853673854, -36.8783936880768], [174.561865024385, -36.8783900181298], [174.561875996017, -36.8783864198638], [174.561886587594, -36.8783828914912], [174.561896800255, -36.8783794338986], [174.561906633982, -36.878376046185], [174.561916087672, -36.8783727292663], [174.561925162446, -36.8783694831278], [174.561933857184, -36.8783663077845], [174.561942172987, -36.8783632023204], [174.561950109894, -36.878360168538], [174.561957666727, -36.8783572037487], [174.561964844664, -36.8783543106411], [174.561971642545, -36.8783514874279], [174.56197806153, -36.8783487358966], [174.561984101563, -36.8783460533439], [174.561989761578, -36.8783434424879], [174.561995042659, -36.8783409015118], [174.561999943704, -36.8783384313314], [174.562004465835, -36.8783360319321], [174.562008609032, -36.8783337024127], [174.562012458289, -36.8783314290369], [174.562016310983, -36.8783291592211], [174.562020190598, -36.8783268890514], [174.562024097134, -36.8783246185276], [174.562028030608, -36.8783223485508], [174.562031990984, -36.8783200773189], [174.562035979403, -36.8783178057183], [174.562039994742, -36.8783155337635], [174.562044037001, -36.8783132614547], [174.56204810618, -36.8783109887918], [174.562052203421, -36.8783087166613], [174.562056327563, -36.8783064432755], [174.562060478625, -36.8783041695357], [174.562064656608, -36.8783018954419], [174.562068862633, -36.8782996209792], [174.562073095579, -36.8782973461624], [174.562077355463, -36.8782950718927], [174.562081642249, -36.8782927963677], [174.562085957078, -36.878290520474], [174.562090298826, -36.8782882442261], [174.562094667183, -36.8782859523051], [174.562099058294, -36.8782834554744], [174.562103472086, -36.8782806951462], [174.562107907475, -36.8782776731375], [174.562112364442, -36.8782743885472], [174.562116842987, -36.8782708413752], [174.562121343111, -36.8782670316217], [174.562125865934, -36.8782629592717], [174.562130410336, -36.87825862434], [174.562134977437, -36.878254026812], [174.562139564995, -36.8782491667171], [174.562144175271, -36.8782440449269], [174.562148807106, -36.878238659654], [174.562153460538, -36.8782330127005], [174.562158135529, -36.8782271022642], [174.562162833238, -36.8782209301326], [174.562167552525, -36.8782144954195], [174.562172293389, -36.8782077981246], [174.562177056953, -36.8782008382333], [174.562181840972, -36.8781936157751], [174.562186647709, -36.8781861316217], [174.562191439054, -36.8781786629936], [174.562196180777, -36.8781714573156], [174.562200874, -36.8781645145728], [174.562205517602, -36.87815783478], [174.562210111582, -36.8781514179374], [174.562214657063, -36.8781452640299], [174.562219154025, -36.8781393721567], [174.562223601385, -36.8781337441346], [174.562228000246, -36.8781283790478], [174.562232349466, -36.87812327601], [174.562236650188, -36.8781184359074], [174.562240901307, -36.8781138596561], [174.562245103908, -36.878109545439], [174.562249256888, -36.8781054941719], [174.562253361369, -36.8781017058401], [174.56225741623, -36.8780981804585], [174.562261422572, -36.878094917111], [174.562265379313, -36.8780919176148], [174.562269287554, -36.8780891810539], [174.562273146157, -36.878086706542], [174.562277021045, -36.8780844256097], [174.562281083402, -36.8780821494232], [174.562285343103, -36.8780798670362], [174.562289802409, -36.8780775793204], [174.562294457937, -36.8780752854188], [174.562299313053, -36.8780729852871], [174.562304365531, -36.8780706798561], [174.562309615371, -36.8780683691255], [174.562315063658, -36.8780660512785], [174.562320710447, -36.8780637290183], [174.562326554561, -36.8780613996563], [174.562332596037, -36.8780590649947], [174.562338835997, -36.8780567250188], [174.562345274423, -36.8780543788274], [174.562351910191, -36.8780520264351], [174.562358744444, -36.8780496687285], [174.562365777162, -36.8780473048062], [174.562373007223, -36.878044934683], [174.562380434646, -36.87804255926], [174.562388060553, -36.8780401785224], [174.562395854529, -36.8780377865606], [174.562403557778, -36.8780353471175], [174.562411107265, -36.8780328502057], [174.562418505251, -36.8780302966968], [174.562425750597, -36.8780276857045], [174.562432842181, -36.8780250172436], [174.562439782265, -36.8780222921856], [174.562446569726, -36.8780195105454], [174.562453204529, -36.8780166705208], [174.562459686728, -36.8780137748151], [174.562466016268, -36.8780108207251], [174.562472194308, -36.8780078100381], [174.562478218605, -36.8780047427839], [174.562484090261, -36.8780016180464], [174.562489810398, -36.877998435811], [174.562495376791, -36.8779951970084], [174.562500791666, -36.8779919007078], [174.562506053919, -36.8779885478253], [174.56251116241, -36.8779851374744], [174.562516119382, -36.8779816696257], [174.562520924854, -36.8779781451804], [174.562525656626, -36.8779745829452], [174.562530367693, -36.877970995744], [174.562535059195, -36.8779673844629], [174.562539729974, -36.8779637473145], [174.562544381188, -36.8779600860864], [174.562549012819, -36.8779563998773], [174.562553623744, -36.8779526887021], [174.562558215087, -36.877948952546], [174.562562786864, -36.8779451923101], [174.562567337937, -36.8779414071081], [174.562571869407, -36.877937596024], [174.562576380192, -36.877933760875], [174.562580871411, -36.8779299016461], [174.562585343028, -36.8779260165352], [174.562589793941, -36.8779221064582], [174.562594225289, -36.8779181723015], [174.562598635931, -36.8779142131786], [174.562603026991, -36.8779102290748], [174.562607398467, -36.8779062199902], [174.562611749256, -36.8779021868405], [174.562616096036, -36.877898177179], [174.562620471203, -36.8778942942366], [174.562624877093, -36.8778905424897], [174.562629311444, -36.8778869210664], [174.562633776518, -36.8778834308386], [174.562638272296, -36.8778800709049], [174.562642796553, -36.877876842196], [174.562647351516, -36.8778737437814], [174.562651936079, -36.8778707765768], [174.562656550225, -36.8778679396812], [174.562661193972, -36.8778652339956], [174.562665868424, -36.8778626586043], [174.562670572459, -36.8778602135219], [174.562675306095, -36.8778578996495], [174.562680069314, -36.8778557160861], [174.562684863256, -36.877853663718], [174.562689686781, -36.8778517416587], [174.562694539907, -36.8778499508096], [174.562699422616, -36.8778482902693], [174.562704336049, -36.8778467609243], [174.562709294345, -36.8778453409559], [174.562714396954, -36.8778439001604], [174.562719661307, -36.8778424130704], [174.562725088526, -36.877840879671], [174.562730677508, -36.8778393008781], [174.562736429356, -36.8778376757759], [174.562742342967, -36.8778360052802], [174.562748419463, -36.8778342893761], [174.562754657703, -36.8778325271774], [174.562761057687, -36.8778307186839], [174.562767620556, -36.8778288647821], [174.562774346309, -36.8778269654719], [174.562781233806, -36.8778250198669], [174.562788283048, -36.877823027967], [174.562795495174, -36.8778209906587], [174.562802869062, -36.8778189079565], [174.562810405817, -36.8778167789448], [174.562818104334, -36.8778146045392], [174.562825965717, -36.8778123838239], [174.562833988844, -36.8778101168135], [174.562842168106, -36.8778078035819], [174.562850241804, -36.877805375462], [174.562858066748, -36.8778027982826], [174.562865642921, -36.8778000711426], [174.562872972564, -36.8777971940126], [174.562880054576, -36.8777941678084], [174.562886887797, -36.8777909907427], [174.562893473405, -36.8777876655041], [174.562899811344, -36.8777841893893], [174.562905901651, -36.8777805642006], [174.562911743186, -36.8777767890515], [174.562917338193, -36.8777728639127], [174.562922684445, -36.8777687897149], [174.562927783048, -36.8777645655421], [174.562932634018, -36.8777601922956], [174.562937236199, -36.8777556681878], [174.562941591869, -36.8777509949915], [174.562945698767, -36.8777461718352], [174.562949558033, -36.8777411996052], [174.562953169649, -36.8777360774005], [174.562956533615, -36.877730805221], [174.56295971964, -36.8777253902621], [174.562962846918, -36.8777198453778], [174.562965917673, -36.8777141696373], [174.562968930801, -36.8777083639566], [174.562971887407, -36.8777024274198], [174.562974786387, -36.8776963609428], [174.562977628862, -36.8776901645108], [174.562980414814, -36.8776838372227], [174.562983141999, -36.8776773791081], [174.562985813802, -36.8776707910237], [174.562988427979, -36.8776640729992], [174.562990984512, -36.8776572241333], [174.562993484539, -36.8776502453125], [174.562995926922, -36.8776431356504], [174.562998312801, -36.8776358960334], [174.563000642157, -36.8776285255602], [174.563002913887, -36.877621025147], [174.56300512799, -36.8776133947935], [174.563007285571, -36.8776056335839], [174.563009386629, -36.8775977415184], [174.563011421822, -36.8775897556757], [174.563013356686, -36.8775818567826], [174.563015184969, -36.877574068357], [174.56301690555, -36.8775663904136], [174.563018520689, -36.877558823824], [174.563020029229, -36.8775513668008], [174.563021430085, -36.8775440211609], [174.563022725482, -36.8775367859736], [174.563023914297, -36.8775296612539], [174.56302499655, -36.8775226479027], [174.563025972204, -36.8775157441179], [174.563026841296, -36.8775089517016], [174.563027603806, -36.8775022697529], [174.563028259736, -36.8774956982716], [174.563028809104, -36.8774892381589], [174.563029251891, -36.8774828885137], [174.563029588097, -36.8774766493359], [174.563029817723, -36.8774705206257], [174.563029940768, -36.8774645023829], [174.56302995725, -36.8774585955087], [174.563029875023, -36.8774527998998], [174.563029881239, -36.8774471599653], [174.563030053662, -36.8774416927095], [174.563030393413, -36.8774363981176], [174.563030899354, -36.8774312753032], [174.563031571519, -36.8774263260687], [174.563032410995, -36.877421548597], [174.563033417818, -36.8774169446904], [174.563034589707, -36.8774125125761], [174.563035930065, -36.877408254012], [174.56303743549, -36.8774041672403], [174.563039109365, -36.8774002531177], [174.563040948325, -36.8773965116886], [174.563042955735, -36.8773929429086], [174.56304512823, -36.877389546822], [174.563047468053, -36.8773863233993], [174.563049975205, -36.8773832726404], [174.563052648564, -36.8773803945602], [174.563055488129, -36.8773776891586], [174.563058495023, -36.8773751564208], [174.563061668105, -36.8773727954605], [174.563064900781, -36.8773704959104], [174.563068049793, -36.8773681100283], [174.563071115159, -36.8773656387153], [174.563074097964, -36.8773630801544]]}, "properties": {"OBJECTID": 3098, "TRACKNAME": "Tram Valley Road", "CONDITIONSOFUSE": null, "STATUS": "Closed Dieback", "WEBLINK": null, "VALIDATIONSTATE": 3, "created_user": "AC_owner", "last_edited_user": "AC_owner", "last_edited_date": 1789875254325, "created_date": 1789875254325, "PARK_SAPSITEID": null, "TRACK_ID": null, "KAURIDIEBACK_TRACK": null, "KAURIDIEBACK_MITIGATED": null, "SegmentID": null, "GlobalID": "109c3ae4-247a-4f5e-8984-b2d02aa05ef2", "Shape__Length": 289.5639575987195, "_COUNCIL_TRACKNAME": "Tram Valley Road"}}, {"type": "Feature", "id": 429, "geometry": {"type": "LineString", "coordinates": [[174.558357811404, -36.9946870034197], [174.558402775843, -36.9945429990228], [174.558433660535, -36.9944821488586], [174.558531791422, -36.9944358106609], [174.558597671336, -36.9943943936862], [174.558838022053, -36.994201322228], [174.558925850465, -36.9939817261452], [174.558939832775, -36.993923558565], [174.558919748772, -36.9938887057518], [174.55883099011, -36.9938139328137], [174.558539069162, -36.9936180725262], [174.558474013261, -36.9935858653021], [174.558332504944, -36.9935411506968], [174.558093535192, -36.9934863134213], [174.558018815347, -36.9934761086123], [174.557693275052, -36.9934806523219], [174.557491353326, -36.9935062238221], [174.557364097004, -36.9934925077664], [174.557294216832, -36.9934733156131], [174.557091194712, -36.9933556581263], [174.557038102122, -36.9933364438571], [174.556897434854, -36.9933863764058], [174.556657845129, -36.9934537405554], [174.556455167442, -36.9934896496965], [174.556372992386, -36.9934924129207], [174.55630440011, -36.9934796119001], [174.556209411502, -36.993446362799], [174.556097631006, -36.9933621821044], [174.556061130716, -36.9933449401204], [174.555699913323, -36.9932772070711], [174.5556398301, -36.9932904513404], [174.555475501735, -36.9933582597016], [174.555381581627, -36.9934375747289], [174.555347202974, -36.9934555295344], [174.555276837461, -36.9934737215942], [174.55512067744, -36.9934973823873], [174.55506665477, -36.9935146931694], [174.554989062186, -36.9935614985197], [174.554908455926, -36.9936324814987], [174.554874719848, -36.9936522034122], [174.554792156506, -36.9936717808365], [174.554719774245, -36.9936709624455], [174.554391752472, -36.9936165902314], [174.554212470286, -36.993574195172], [174.55370976396, -36.9934945723262], [174.55349900939, -36.9933765772182], [174.553340795305, -36.9932164228568], [174.553138821842, -36.9930842510685], [174.553081025384, -36.9930767961209], [174.552908517025, -36.9930971977382], [174.552813743791, -36.9930849445755], [174.552550203853, -36.993030633876], [174.552350431575, -36.9929331339755], [174.552302285248, -36.9928973671443], [174.552190879279, -36.9927755283388], [174.551877781634, -36.9923615668327], [174.55168475993, -36.9921349579623], [174.551520873675, -36.9919967240152], [174.551518094867, -36.9919677998984], [174.551556908423, -36.9918716770388], [174.551557266635, -36.9918312376976], [174.551431969979, -36.991612359881], [174.55135186217, -36.9915060560051], [174.551325940577, -36.9914413983316], [174.551322436051, -36.9914099328661], [174.551332372386, -36.9913890718815], [174.551450391532, -36.9912906968588], [174.551516258963, -36.9912093360172], [174.551543193936, -36.9911623749661], [174.551561752379, -36.9910272179369], [174.55152986485, -36.9907845040419], [174.551608151477, -36.9905257839347], [174.551578544131, -36.990372066797], [174.551533845349, -36.9902426310757], [174.551508358995, -36.990204359335], [174.551411684613, -36.9901199044919], [174.551382819108, -36.990083434532], [174.551332810049, -36.9899569614801], [174.551310430726, -36.9898470546531], [174.551307074681, -36.9897786407994], [174.551330934114, -36.9896151390582], [174.551341765736, -36.9895930044732], [174.551416645723, -36.9895089930715], [174.551459507874, -36.9894241563096], [174.551432483189, -36.9892050482669], [174.551421649481, -36.9891739760466], [174.551403873736, -36.9891557216688], [174.551328798757, -36.9891255702962], [174.551121208788, -36.9890940051282], [174.550850436858, -36.9890812111526], [174.550446117443, -36.9890847721933], [174.550027052364, -36.9890505053803], [174.549983638204, -36.989034577616], [174.549922701257, -36.9889569196842], [174.549892979219, -36.9889341070103], [174.549703884919, -36.9888643238179], [174.549642991623, -36.988850264621], [174.549579347952, -36.988859586341], [174.549184440557, -36.9889626106593], [174.548972141364, -36.989057788332], [174.548936615806, -36.9890507527269], [174.548856137715, -36.9890089887604], [174.548805825974, -36.9890042011644], [174.54849412971, -36.989047801709], [174.548295122555, -36.989120288957], [174.548196994243, -36.9891174048125], [174.548113169615, -36.9891017691485], [174.548037193428, -36.9890359608966], [174.547985793526, -36.9889597459076], [174.547957171701, -36.9888847480807], [174.547936763353, -36.9887476480596], [174.54794801592, -36.9886386899578], [174.547995483927, -36.9885508649324], [174.548046209675, -36.9883687699461], [174.548020782801, -36.988017330523], [174.547989975791, -36.9879536912004], [174.547849367428, -36.987788459251], [174.54780160766, -36.9877775988709], [174.547715479677, -36.98778517575], [174.547544707439, -36.9878103420357], [174.547314635115, -36.9878623212938], [174.547225639533, -36.9878930819551], [174.547105430206, -36.9879881914388], [174.546956112336, -36.9880130681995], [174.546901602796, -36.9880151216921], [174.546852007128, -36.9880068176614], [174.546542420615, -36.9879153087505], [174.546510132715, -36.9878966658576], [174.546495053487, -36.9878594651961], [174.546452795603, -36.9874361003216], [174.546422164406, -36.9874043752037], [174.546282332896, -36.987320586526], [174.546254199398, -36.9872917942747], [174.546265358388, -36.9872558020664], [174.546418074207, -36.9870375415984], [174.546432516346, -36.9870038861693], [174.546387479555, -36.9870170468558], [174.546201221523, -36.9871408137236], [174.546164490451, -36.9871535416341], [174.546139412085, -36.9871274676949], [174.546065919576, -36.9869782415556], [174.546033372482, -36.9869456579627], [174.545812561729, -36.9868489345362], [174.545650195596, -36.9868308047485], [174.545544860869, -36.9867831428458], [174.545265607538, -36.9865284059754], [174.544969156698, -36.9863076840353], [174.544803891387, -36.9861389205187], [174.544660011605, -36.9859208628177], [174.544610626516, -36.9858762215175], [174.544458941039, -36.9858021843094], [174.544399899103, -36.9857806080376], [174.544326188776, -36.9857781960975], [174.544133237406, -36.9857915408498], [174.543787136923, -36.9859285692245], [174.543618435738, -36.9860160495484], [174.543487754027, -36.9860989791156], [174.543442986201, -36.9861115493078], [174.5433400806, -36.9860744447376], [174.5432835993, -36.9860383498546], [174.543187059313, -36.9858502757191], [174.543159244876, -36.9858171700892], [174.543102075284, -36.9858042759036], [174.542861905819, -36.9857901102378], [174.542694485327, -36.9857179608304], [174.542672064853, -36.9856904454759], [174.542631278293, -36.9855997225155], [174.542606751152, -36.9855758219182], [174.54241134146, -36.9855325186709], [174.542259974202, -36.9854423853111], [174.54216183938, -36.9853165064274], [174.54196622825, -36.9850255219201], [174.541715710076, -36.9848219245281], [174.541704311538, -36.9847999353281], [174.541703916291, -36.9847753425026], [174.541745024227, -36.9845747889819], [174.541744087835, -36.9844582560266], [174.541694700285, -36.9843248481275], [174.541632659364, -36.9842096947397], [174.541606866063, -36.9841786896688], [174.541577333856, -36.9841795419521], [174.541483837043, -36.9842198840829], [174.541379666783, -36.9842402014554], [174.541327086986, -36.9842397666031], [174.541233219439, -36.9842216515023], [174.541195175941, -36.9842244349496], [174.541153744105, -36.9842491743088], [174.541011822604, -36.984361955757], [174.540956978865, -36.984386310343], [174.54077992261, -36.984394900417], [174.540651555077, -36.9843736633557], [174.540612652203, -36.9843739520067], [174.540573182128, -36.9843979265903], [174.540409347036, -36.9845534545729], [174.54037540741, -36.9845680913897], [174.540334909513, -36.9845672919852], [174.540173399305, -36.9845422752023], [174.540137874675, -36.9845273410497], [174.540147911571, -36.9844957535339], [174.540313915948, -36.9842744980207], [174.540333060146, -36.984229866872], [174.540317916439, -36.984202653212], [174.540198331185, -36.9840808997918], [174.540144593429, -36.9839444560148], [174.540123563374, -36.9838587757262], [174.540110039052, -36.9838399867163], [174.540069148367, -36.983822472185], [174.539998517913, -36.9838077681612], [174.539821374187, -36.9837913363215], [174.539751044469, -36.9837960073738], [174.539706209548, -36.9838119030221], [174.539627210791, -36.9838697672391], [174.539598516612, -36.9839038320924], [174.539589334194, -36.9839438181215], [174.539478935907, -36.9841144884689], [174.539452884219, -36.9841391899912], [174.539425595533, -36.9841499005002], [174.539157121867, -36.9841905542307], [174.538850732999, -36.9841199129316], [174.538670812596, -36.9841447072931], [174.538351854874, -36.984233776454], [174.538144110236, -36.984314138635], [174.538020672889, -36.9843820328983], [174.53790380121, -36.9844004747566], [174.537777135804, -36.9844090563803], [174.537315585957, -36.9843831545703], [174.537185157866, -36.9843694667504], [174.537138202628, -36.9843515069645], [174.537029806124, -36.9842830287068], [174.536970967909, -36.984261923779], [174.536899285915, -36.9842496741976], [174.536819208925, -36.9842697116464], [174.536746630381, -36.9842614846111], [174.53636203128, -36.9841589229783], [174.535989789532, -36.9840478446056], [174.535920362336, -36.9840219908407], [174.535870318614, -36.983988981829], [174.535770790026, -36.9838596633504], [174.535718429134, -36.983817571554], [174.535644000345, -36.9837714928334], [174.535544525795, -36.9837292263408], [174.535202158036, -36.9835145087134], [174.53514373272, -36.9834898551987], [174.534932348337, -36.9834322072751], [174.534808880861, -36.9833806870551], [174.534776032581, -36.9833361522142], [174.534624419554, -36.9830558351495], [174.53448757403, -36.9829378773896], [174.534370797933, -36.9828513787194], [174.534329120641, -36.982803000932], [174.534284323568, -36.9827245942384], [174.534211387661, -36.9824993328571], [174.534183590206, -36.9824522718507], [174.533977616594, -36.9822778357072], [174.533808948545, -36.9822143787489], [174.533597385514, -36.9820938791681]]}, "properties": {"OBJECTID": 429, "TRACKNAME": "Twin Peaks Track", "CONDITIONSOFUSE": "Waitakere South Regional Park", "STATUS": "Temp Closed", "WEBLINK": "https://www.aucklandcouncil.govt.nz/en/parks-recreation/find-park-beach/park-detail/212.html", "VALIDATIONSTATE": 3, "created_user": "AC_owner", "last_edited_user": "AC_owner", "last_edited_date": 1789875254325, "created_date": 1789875254325, "PARK_SAPSITEID": null, "TRACK_ID": null, "KAURIDIEBACK_TRACK": null, "KAURIDIEBACK_MITIGATED": null, "SegmentID": null, "GlobalID": "90645017-60b0-42d9-a831-7808664997b4", "Shape__Length": 3540.4473866884678, "_COUNCIL_TRACKNAME": "Twin Peaks Track"}}, {"type": "Feature", "id": 2099, "geometry": {"type": "LineString", "coordinates": [[174.561639100334, -36.997705848101], [174.561834767464, -36.9978915290899], [174.562016746045, -36.9980430484802], [174.562184974478, -36.9981947576005], [174.562593929295, -36.9984274560227], [174.562709678371, -36.9984385327244], [174.562800297385, -36.9983956699791], [174.56285412847, -36.9983118295567], [174.562899502981, -36.9982057470048], [174.562941468268, -36.9981252626061], [174.562964105831, -36.9980706220737], [174.563042203189, -36.9980023888188], [174.563183932381, -36.9979300184116], [174.563265929665, -36.9978585338479], [174.563328448135, -36.9977594090538], [174.56346873203, -36.9976702742148], [174.563467704235, -36.9976255717856], [174.563368572224, -36.9974705025704], [174.563363632834, -36.9974290424476], [174.563419015609, -36.9974122597928], [174.563693688473, -36.9975613205389], [174.564012518142, -36.997650219463], [174.564248138408, -36.9977458658176], [174.564450985827, -36.9977803995811], [174.564646065759, -36.9977775212298], [174.56476674283, -36.9978300471275], [174.564922830325, -36.9978628801602], [174.56507042757, -36.9978734895117], [174.565148665007, -36.9978116436105], [174.565160490611, -36.9976325787383], [174.565083192385, -36.9973877460342], [174.564990052592, -36.9971463309812], [174.565053414773, -36.9969569329967], [174.565172519205, -36.9967667006606], [174.565257188124, -36.9966376733819], [174.565388671105, -36.9964664312455], [174.56543837869, -36.9963762444749], [174.565412733341, -36.9962999680227], [174.565331717454, -36.996240456939], [174.565238694888, -36.9961779404214], [174.565168296665, -36.9960607830546], [174.565165516967, -36.9959394349164], [174.565207490096, -36.9958589586341], [174.565349716508, -36.9958089416101], [174.565508031809, -36.9957999038724], [174.565699948665, -36.9957860510682], [174.56573370027, -36.9957074497183], [174.565682937815, -36.9956431321114], [174.565646584496, -36.9955553965974], [174.565665689825, -36.9954891927668], [174.565911997617, -36.9954525209393], [174.566076718036, -36.9954500949646], [174.566265122388, -36.9953653063015], [174.566333313182, -36.9952833298787], [174.566400154771, -36.9950715047269], [174.56649718812, -36.994961467056], [174.566578119394, -36.9949078861003], [174.566647071906, -36.9948904541267], [174.566713147425, -36.9948850570619], [174.566768202553, -36.994879814467], [174.566812676702, -36.9948813544913]]}, "properties": {"OBJECTID": 2099, "TRACKNAME": "Twin Peaks Track", "CONDITIONSOFUSE": "Waitakere South Regional Park", "STATUS": "Temp Closed", "WEBLINK": "https://www.aucklandcouncil.govt.nz/en/parks-recreation/find-park-beach/park-detail/212.html", "VALIDATIONSTATE": 3, "created_user": "AC_owner", "last_edited_user": "AC_owner", "last_edited_date": 1789875254325, "created_date": 1789875254325, "PARK_SAPSITEID": null, "TRACK_ID": null, "KAURIDIEBACK_TRACK": null, "KAURIDIEBACK_MITIGATED": null, "SegmentID": null, "GlobalID": "79577c57-7fbb-4e96-b35b-adf699401055", "Shape__Length": 898.2393520497516, "_COUNCIL_TRACKNAME": "Twin Peaks Track"}}, {"type": "Feature", "id": 2988, "geometry": {"type": "LineString", "coordinates": [[174.561639100334, -36.997705848101], [174.561529982725, -36.997545329359], [174.561455994656, -36.997384303223], [174.56131205958, -36.9972383845599], [174.561213004747, -36.9971341125702], [174.561158041788, -36.997036245933], [174.561172548141, -36.9969020964179], [174.561241385069, -36.996837645637], [174.561274760145, -36.9967596183222], [174.561230180436, -36.9967320826768], [174.56109792882, -36.9967128750804], [174.560929727448, -36.9966589604883], [174.560725409927, -36.9965632833582], [174.560485487429, -36.996446982457], [174.56018133139, -36.9962117991534], [174.560028128094, -36.9960448730477], [174.559867105574, -36.9959203589071], [174.559663124149, -36.9958387726088], [174.559555133297, -36.9957275770615], [174.55951612399, -36.9955589782774], [174.559538309353, -36.9953753790427], [174.559543712277, -36.9952272792112], [174.55942596197, -36.9950739384249], [174.559213043297, -36.9949854292014], [174.558885280516, -36.9948704142141], [174.558699182392, -36.9948026523693], [174.558548556329, -36.9947484764469], [174.558357806965, -36.994687006182]]}, "properties": {"OBJECTID": 2988, "TRACKNAME": "Twin Peaks Track", "CONDITIONSOFUSE": "Waitakere South Regional Park", "STATUS": "Temp Closed", "WEBLINK": "https://www.aucklandcouncil.govt.nz/en/parks-recreation/find-park-beach/park-detail/212.html", "VALIDATIONSTATE": 3, "created_user": "AC_owner", "last_edited_user": "AC_owner", "last_edited_date": 1789875254325, "created_date": 1789875254325, "PARK_SAPSITEID": null, "TRACK_ID": null, "KAURIDIEBACK_TRACK": null, "KAURIDIEBACK_MITIGATED": null, "SegmentID": null, "GlobalID": "a816ab21-d181-4843-924b-bd6ee20f0d17", "Shape__Length": 495.7547151604086, "_COUNCIL_TRACKNAME": "Twin Peaks Track"}}, {"type": "Feature", "id": 2003, "geometry": {"type": "LineString", "coordinates": [[175.063441024412, -36.8197988681457], [175.063815641066, -36.8195754112782], [175.064079249642, -36.8194879860417], [175.064416201103, -36.8194107510096], [175.064546389523, -36.8193774308683], [175.064637650316, -36.8193163956844], [175.064668684354, -36.8192368483002], [175.064719870221, -36.8190624401075], [175.064712660978, -36.8190123446692], [175.064665254512, -36.8189481841063], [175.064567413332, -36.8188890545623], [175.064464868948, -36.8188422102814], [175.064402532523, -36.8187864657201], [175.064372842187, -36.8186994827596], [175.064392576214, -36.818619933407], [175.064461549371, -36.8185576180343], [175.064570839734, -36.8184904833883], [175.064700835393, -36.8184392034503], [175.064778937077, -36.8184033087927], [175.064920509936, -36.8183414985631], [175.065088156535, -36.8182441924686], [175.065228646066, -36.8181566955036], [175.065373918297, -36.8180494578277], [175.06554041118, -36.8179230410035], [175.065625789541, -36.8178463615187], [175.06564248891, -36.8177828358153], [175.065644218076, -36.8177108005755], [175.065668625324, -36.8176400116027], [175.065707464389, -36.8175743886578], [175.065760575699, -36.8174742230381], [175.065814998856, -36.8174582975241], [175.065855458141, -36.817457531261], [175.06592811282, -36.8174530057861], [175.065991325315, -36.8174346020636], [175.066051153875, -36.8174049998371], [175.066093003339, -36.8173417038875], [175.0661550264, -36.8173257632881], [175.066230737082, -36.8173202471529], [175.066311972063, -36.817330903476], [175.06644114512, -36.8173621143043]]}, "properties": {"OBJECTID": 2003, "TRACKNAME": "Upland Road Track", "CONDITIONSOFUSE": "Whakanewha Regional Park", "STATUS": "Open", "WEBLINK": "https://www.aucklandcouncil.govt.nz/en/parks-recreation/find-park-beach/park-detail/3422.html", "VALIDATIONSTATE": 3, "created_user": "AC_owner", "last_edited_user": "AC_owner", "last_edited_date": 1789875254325, "created_date": 1789875254325, "PARK_SAPSITEID": null, "TRACK_ID": null, "KAURIDIEBACK_TRACK": null, "KAURIDIEBACK_MITIGATED": null, "SegmentID": null, "GlobalID": "7ce0a763-9f54-4b57-9aa0-b107055fcc6a", "Shape__Length": 464.4793402882764, "_COUNCIL_TRACKNAME": "Upland Road Track"}}, {"type": "Feature", "id": 739, "geometry": {"type": "LineString", "coordinates": [[174.538613082641, -36.964322433929], [174.538451472817, -36.9645051217188], [174.538202041524, -36.9647372996883], [174.537706789358, -36.9652123875437]]}, "properties": {"OBJECTID": 739, "TRACKNAME": "Upper Dam Walk", "CONDITIONSOFUSE": "Waitakere South Regional Park", "STATUS": "Closed Dieback", "WEBLINK": "https://www.aucklandcouncil.govt.nz/en/parks-recreation/find-park-beach/park-detail/212.html", "VALIDATIONSTATE": 3, "created_user": "AC_owner", "last_edited_user": "AC_owner", "last_edited_date": 1789875254325, "created_date": 1789875254325, "PARK_SAPSITEID": null, "TRACK_ID": null, "KAURIDIEBACK_TRACK": null, "KAURIDIEBACK_MITIGATED": null, "SegmentID": null, "GlobalID": "5ef190d4-4edc-4ff0-9eaa-bec1aba7cf14", "Shape__Length": 127.59859880697255, "_COUNCIL_TRACKNAME": "Upper Dam Walk"}}, {"type": "Feature", "id": 12247, "geometry": {"type": "LineString", "coordinates": [[174.538685113598, -36.9643607544483], [174.538832018362, -36.9643230483376], [174.538819749029, -36.9642698740535], [174.53879335462, -36.96424654654], [174.538647074772, -36.9641478781122], [174.538534284004, -36.9640605922789], [174.538278577561, -36.9638597845345], [174.538146249111, -36.9637253490841], [174.537981391006, -36.9634579970634], [174.537947772472, -36.9632776743078], [174.537935444147, -36.9630584976086], [174.53795726877, -36.9628535976236], [174.538173908335, -36.9625906950114], [174.538198073491, -36.9624658683252], [174.538093197911, -36.9620019732347], [174.53804355599, -36.9618944534344], [174.537980691009, -36.9617979572684], [174.537908006147, -36.9617817099938], [174.537864625095, -36.9617346982914], [174.537883385218, -36.9616694853804], [174.537875053327, -36.9615992513321], [174.537817954326, -36.9614593701212], [174.537728598564, -36.9613849126501], [174.537621413766, -36.9613437748902], [174.537499388394, -36.9613186841238], [174.537409176045, -36.9612758931979], [174.537434032907, -36.9612004971708], [174.537419564446, -36.9611043563959], [174.537216255039, -36.9610682127214], [174.537138167463, -36.9610077872473], [174.537196473765, -36.9608715040616], [174.537592205272, -36.9607303282865], [174.537651342934, -36.9606309627601], [174.537618449676, -36.9605329424516], [174.537723040215, -36.9604082999742], [174.537605141078, -36.9599421392686], [174.537493329191, -36.9597467667695], [174.53744233104, -36.959525882349], [174.537529636199, -36.959315303033], [174.537647898613, -36.9591165901838], [174.537751654873, -36.9589550298237], [174.537807460905, -36.9587079656967], [174.537770806606, -36.958527898381], [174.537848638072, -36.9583836012447], [174.537976565563, -36.9583036610655], [174.537958306571, -36.9582128333528], [174.538004880325, -36.9581210575882], [174.538017867335, -36.9579777175519], [174.538078609161, -36.9577946308587], [174.538092175657, -36.9576773145371], [174.538024991296, -36.9575741771623], [174.537868822191, -36.9576085590055], [174.537691533419, -36.9577147820676], [174.537433669821, -36.9579601635263], [174.537114730842, -36.9581990522381], [174.536860032567, -36.9584109781193], [174.536590594419, -36.9586881723331], [174.536287841283, -36.9589268223146], [174.535968872049, -36.9591656993639], [174.535630781785, -36.9592747207941], [174.53535165893, -36.9591225941787], [174.53512176923, -36.958995789414], [174.534940215871, -36.9588552534978], [174.534855947361, -36.9587133243882], [174.534788165512, -36.9585841706573], [174.53497978413, -36.9584512576482], [174.535104209596, -36.9582151963812], [174.535232294857, -36.9579712548474], [174.53529817266, -36.9576548642215], [174.535341085038, -36.9573162816422], [174.535348725428, -36.957032281797], [174.534873951144, -36.9566307991927], [174.534947703437, -36.95630437391], [174.535007272417, -36.9560692683797], [174.535032372348, -36.9557435441684], [174.534995273024, -36.9555358639384], [174.534879738318, -36.9554464285316], [174.534651039798, -36.9553716607642], [174.534469496485, -36.9552311418505], [174.534512863938, -36.9549962549351], [174.534418744874, -36.954794133725], [174.534213748429, -36.9546752346522], [174.53420426884, -36.954974698623], [174.534015003714, -36.9552116959956], [174.533741463532, -36.955306754105], [174.533575557126, -36.9551399734935], [174.533459131568, -36.9550104827526], [174.533232201156, -36.9550148017074], [174.533034753707, -36.9548875196046], [174.532916900369, -36.9546940231769], [174.532653718322, -36.9545286413876], [174.532297380592, -36.9545468154179], [174.531974329297, -36.9546035426772], [174.531905401351, -36.9544223483935], [174.531883641027, -36.954175386175], [174.531731022618, -36.9538782750731], [174.531725476141, -36.9536310855868], [174.531816312865, -36.9533434614497], [174.53177921223, -36.9531357710405], [174.531353944228, -36.9529727477441], [174.531138832632, -36.952780639038], [174.531003881003, -36.9525483411894], [174.530841824266, -36.9522781569621], [174.53031313016, -36.9521158414145], [174.530114530346, -36.951936515565], [174.530042974672, -36.95163822214], [174.529924240897, -36.9514056869279], [174.529611874051, -36.9512149817414], [174.529768719121, -36.9509784720253], [174.529873432525, -36.950586536235], [174.530060076563, -36.9502324562686], [174.529914471784, -36.9502475735666], [174.529876213442, -36.9499878347227], [174.529989493414, -36.9497873095188], [174.53008144791, -36.9495065945631], [174.530187962358, -36.9493743713313], [174.530295864405, -36.9491790528988], [174.530291314433, -36.9489763414358], [174.530259417487, -36.9488055661097], [174.530142416758, -36.9485954615368], [174.530101133868, -36.948448927529], [174.53016393464, -36.9483569185068], [174.530293606792, -36.948355048977], [174.53047249097, -36.9483784861278], [174.530586550552, -36.9484028668518], [174.530814930176, -36.9484646312458], [174.531006814111, -36.948344736855], [174.531214331873, -36.9481985731861], [174.531519379986, -36.9480640225901], [174.53183947296, -36.9478771964941], [174.532241199766, -36.9477152031675], [174.532570064391, -36.9479186772713], [174.532862996467, -36.9479664896823], [174.533118838952, -36.9478066110701], [174.533326634609, -36.9476734648212], [174.533483460959, -36.9474369414786], [174.533657381442, -36.9472392080142], [174.53381508956, -36.9470417107738], [174.534005491922, -36.9468567524942], [174.534261328481, -36.9466968805419], [174.534485035779, -36.9465504839944], [174.53474175422, -36.9464296285342], [174.534980197465, -36.9462179533418], [174.53513877298, -36.9460594720649], [174.53515117466, -36.9458901173257], [174.534998561204, -36.945593000925], [174.534913129136, -36.9453990328786], [174.534827119034, -36.945179031921], [174.534953270903, -36.9450210330977], [174.534981294516, -36.944825427067], [174.534799197879, -36.9446588750207], [174.534571688294, -36.9446361448707], [174.534197724423, -36.9445895097728], [174.534079578764, -36.9443829841565], [174.53377044894, -36.944335410868], [174.533545285269, -36.9444167556282], [174.533272408369, -36.9444449859782], [174.533088818573, -36.9443062394939], [174.532907010611, -36.9441527054172], [174.532711347322, -36.9441034841555], [174.532467040494, -36.9440549715152], [174.532208005516, -36.9440717357172], [174.53191507739, -36.9440239124423], [174.531605673013, -36.9439108891826]]}, "properties": {"OBJECTID": 12247, "TRACKNAME": "Upper Huia Dam Track", "CONDITIONSOFUSE": "Waitakere South Regional Park", "STATUS": "Temp Closed", "WEBLINK": "https://www.aucklandcouncil.govt.nz/en/parks-recreation/find-park-beach/park-detail/212.html", "VALIDATIONSTATE": 3, "created_user": "AC_owner", "last_edited_user": "AC_owner", "last_edited_date": 1789875254325, "created_date": 1789875254325, "PARK_SAPSITEID": null, "TRACK_ID": null, "KAURIDIEBACK_TRACK": null, "KAURIDIEBACK_MITIGATED": null, "SegmentID": null, "GlobalID": "e2518ca8-277c-42cd-848a-9b71b46b67e6", "Shape__Length": 3976.7565475000492, "_COUNCIL_TRACKNAME": "Upper Huia Dam Track"}}, {"type": "Feature", "id": 1804, "geometry": {"type": "LineString", "coordinates": [[174.515547578169, -36.8902969789385], [174.515588706751, -36.8903078025118], [174.515624333832, -36.8903076995339], [174.515712196416, -36.8902762925245], [174.515760459704, -36.8902733782578], [174.515809031411, -36.8902820877186], [174.51589508161, -36.890320190368], [174.515957135591, -36.8903342531365], [174.516032996774, -36.8903405952053], [174.516252713209, -36.8903408648538], [174.516326791703, -36.8903319692817], [174.516462832285, -36.8902803059203], [174.516520240591, -36.8902410575384], [174.516679917593, -36.8900954397949], [174.51679461686, -36.8898488566936], [174.516931352835, -36.8896968703827], [174.516994294404, -36.8896344580059], [174.517134752601, -36.8895203265712], [174.517176115124, -36.8894919550132], [174.517214528426, -36.8894778627621], [174.517523708432, -36.8894246449226], [174.518042511867, -36.8894158174932], [174.518347345965, -36.8893636175145], [174.518564376949, -36.8893361009392], [174.518628538786, -36.8893427261076], [174.51888238828, -36.8894081112722], [174.5189818728, -36.8895097127358], [174.519193775036, -36.8896690065097], [174.519254951302, -36.8897072895881], [174.519352467189, -36.88974746047], [174.519403395915, -36.8897527942323], [174.519573715713, -36.8897118929508], [174.519635484989, -36.8897110217309], [174.519700314992, -36.8897366116148], [174.519794544589, -36.8898176021623], [174.51982632941, -36.8898286068924], [174.51988441031, -36.8898126306924], [174.520042695072, -36.8897448686408], [174.520085510976, -36.8897066525477], [174.520167901021, -36.8896036984139], [174.520251269689, -36.8894261883748], [174.520354707339, -36.8893558647917], [174.520369989485, -36.8893320172622], [174.520355260057, -36.8892949070567], [174.520311664283, -36.8892343790913], [174.520224250607, -36.8891739701498], [174.520138357804, -36.8890702849167], [174.5201268229, -36.8890312859948], [174.520146670275, -36.8889682966581], [174.520267867125, -36.8887959271095], [174.520457257741, -36.888590803233], [174.520666237625, -36.8883883848145], [174.520787261229, -36.8883284268644], [174.520816383689, -36.888298588269], [174.5208201904, -36.8882449891219], [174.520797996053, -36.8882156632141], [174.520571528406, -36.8881558897107], [174.520202878177, -36.8881342243909], [174.519672869842, -36.8880653170689], [174.519630800558, -36.8880670089432], [174.519595122905, -36.8880809227573], [174.519457084837, -36.8882098356319], [174.51941704495, -36.8882346576866], [174.519026985186, -36.8882906271695], [174.518979344116, -36.8882812671416], [174.51886854009, -36.8882001182384], [174.518822834969, -36.8881814222372], [174.518178266246, -36.888140202643], [174.518116485891, -36.8881285531941], [174.518073561723, -36.8881086135291], [174.518075045916, -36.8880951641396], [174.518092609145, -36.8880799499194], [174.518166029673, -36.8880458863425], [174.518605939514, -36.8879431593559], [174.518828564205, -36.8879008334201], [174.51887589096, -36.8878847157802], [174.518909426154, -36.8878521531718], [174.518939681841, -36.8878047238117], [174.519003996408, -36.8876039324229], [174.519023584527, -36.8875657703193], [174.519064150815, -36.8875482698103], [174.519252870318, -36.8875215917436], [174.519324543789, -36.8874905874182], [174.519389469019, -36.8874480506849], [174.51947773771, -36.8873700078226], [174.519574356707, -36.8872094097117], [174.519728441184, -36.887025349288]]}, "properties": {"OBJECTID": 1804, "TRACKNAME": "Upper Kauri Track", "CONDITIONSOFUSE": "Waitakere North Regional Park", "STATUS": "Open", "WEBLINK": "https://www.aucklandcouncil.govt.nz/en/parks-recreation/find-park-beach/park-detail/3407.html", "VALIDATIONSTATE": 3, "created_user": "AC_owner", "last_edited_user": "AC_owner", "last_edited_date": 1789875254325, "created_date": 1789875254325, "PARK_SAPSITEID": null, "TRACK_ID": null, "KAURIDIEBACK_TRACK": null, "KAURIDIEBACK_MITIGATED": null, "SegmentID": null, "GlobalID": "4166e1c7-e3ac-4136-a5c9-3ebc1888ecc5", "Shape__Length": 1151.0572422558948, "_COUNCIL_TRACKNAME": "Upper Kauri Track"}}, {"type": "Feature", "id": 3042, "geometry": {"type": "LineString", "coordinates": [[174.503357281289, -36.8987165896079], [174.50344336869, -36.8986202702605], [174.503454605354, -36.8986072384422], [174.503465650739, -36.8985941820026], [174.50347649345, -36.8985810920722], [174.50348714506, -36.8985679865321], [174.503497593818, -36.8985548384899], [174.503507851476, -36.8985416748381], [174.503517917679, -36.8985284775537], [174.503527781385, -36.8985152557904], [174.503537442594, -36.8985020095481], [174.503546923569, -36.8984887295313], [174.503556202046, -36.8984754250357], [174.50356527785, -36.8984620870499], [174.503574173773, -36.8984487333127], [174.503582855803, -36.8984353462273], [174.5035913576, -36.8984219253677], [174.503599657076, -36.8984084890409], [174.503607765099, -36.898395019082], [174.503615670626, -36.8983815246446], [174.503623384699, -36.8983679965751], [174.503630896276, -36.8983544440271], [174.503638216577, -36.8983408668587], [174.503645345602, -36.8983272650698], [174.503652271955, -36.898313629791], [174.503659007031, -36.8982999698918], [174.503665550831, -36.8982862853723], [174.503671914577, -36.8982725760904], [174.503678337073, -36.8982590012701], [174.503684908789, -36.8982455958211], [174.503691618505, -36.8982323598855], [174.503698466397, -36.8982193024746], [174.503705463509, -36.8982064144349], [174.50371259862, -36.8981936959084], [174.503719871908, -36.8981811559067], [174.503727283018, -36.8981687764066], [174.503734843525, -36.8981565752892], [174.503742542208, -36.8981445526964], [174.503750378714, -36.8981326906051], [174.503758364615, -36.8981210068965], [174.503766488517, -36.8981094927008], [174.503774750594, -36.8980981570298], [174.503783150494, -36.8980869818602], [174.503791699791, -36.898075985073], [174.503800387086, -36.8980651577987], [174.503809212558, -36.8980545090489], [174.50381818725, -36.8980440296699], [174.50382729994, -36.8980337198038], [174.50383655063, -36.8980235794504], [174.503845939496, -36.8980136176214], [174.503855477405, -36.8980038161515], [174.503865153667, -36.8979942022174], [174.503874967751, -36.8979847487845], [174.503884931232, -36.8979754737336], [174.503894943305, -36.8979663873547], [174.503904758365, -36.8979575558529], [174.503914354327, -36.8979489975355], [174.503923731013, -36.897940703391], [174.503932888247, -36.8979326644079], [174.503941815162, -36.8979248987513], [174.503950522803, -36.8979173972678], [174.503959011169, -36.8979101599573], [174.50396728026, -36.8979031868199], [174.5039753299, -36.8978964688442], [174.503983149222, -36.8978900241953], [174.50399074927, -36.8978838437195], [174.503998130043, -36.8978779274171], [174.504005291543, -36.897872275288], [174.504012222549, -36.8978668874743], [174.504018945678, -36.8978617727034], [174.504025438136, -36.8978569132366], [174.504031711321, -36.8978523179432], [174.504037765232, -36.8978479868233], [174.50404358865, -36.897843920019], [174.504049192972, -36.8978401263997], [174.504054577844, -36.8978365879426], [174.504059743442, -36.8978333136591], [174.504064689945, -36.8978303125607], [174.504069416997, -36.8978275666245], [174.504073913557, -36.897825085004], [174.504078191021, -36.8978228765688], [174.504082422543, -36.8978206146328], [174.504086792497, -36.8978179723681], [174.504091301237, -36.8978149677976], [174.504095937542, -36.8978116010634], [174.504100712279, -36.8978078540003], [174.504105625802, -36.8978037446315], [174.504110666712, -36.8977992640873], [174.504115846232, -36.8977944122258], [174.504121164359, -36.8977891890469], [174.504126610052, -36.8977836037042], [174.504132194352, -36.8977776470441], [174.504137906041, -36.8977713192086], [174.504143767557, -36.8977646199137], [174.504149745241, -36.8977575495854], [174.50415587293, -36.897750116809], [174.504162128006, -36.8977423128573], [174.50416852169, -36.897734137588], [174.50417504276, -36.8977255911432], [174.504181713835, -36.8977166822503], [174.504188501076, -36.897707402324], [174.504195438144, -36.8976977509379], [174.504202502599, -36.8976877283764], [174.504209705661, -36.8976773344972], [174.504217036285, -36.8976665784539], [174.504224505516, -36.8976554510929], [174.504232113353, -36.8976439524141], [174.504239826666, -36.8976321098783], [174.504247427953, -36.8976202777743], [174.504254829576, -36.8976085653763], [174.504262031536, -36.8975969726844], [174.504269044875, -36.8975854905451], [174.504275847331, -36.897574128254], [174.504282461343, -36.897562885527], [174.504288875692, -36.8975517625063], [174.504295090378, -36.8975407591918], [174.504301116445, -36.89752986643], [174.504306931628, -36.8975190935167], [174.504312558369, -36.8975084401676], [174.50431798527, -36.8974978975134], [174.504323223905, -36.8974874834349], [174.504328251481, -36.8974771801935], [174.504333090615, -36.8974669965165], [174.50433772991, -36.8974569235344], [174.504342169543, -36.8974469702589], [174.50434642091, -36.8974371455592], [174.504350461219, -36.8974274316966], [174.504354312909, -36.8974178283871], [174.504357976334, -36.8974083536534], [174.5043614287, -36.897398989757], [174.504364692625, -36.8973897454251], [174.504367745668, -36.8973806209419], [174.504370610093, -36.8973716070117], [174.504373286077, -36.8973627126461], [174.504375995367, -36.8973537998312], [174.504379570441, -36.8973443983254], [174.504384066693, -36.8973344713723], [174.504389484299, -36.8973240279833], [174.504395823081, -36.8973130591468], [174.504403083216, -36.8973015738741], [174.504411253306, -36.8972895632956], [174.504420344571, -36.8972770272692], [174.504430357186, -36.8972639748061], [174.504441290975, -36.8972503968945], [174.504453146114, -36.8972363025458], [174.504465922424, -36.8972216827482], [174.504479620083, -36.8972065465128], [174.504494227692, -36.89719088497], [174.50450975647, -36.8971746979774], [174.504526217813, -36.897157994404], [174.504543589105, -36.8971407655222], [174.504561881739, -36.8971230202009], [174.50458108432, -36.8971047495704], [174.504601219285, -36.897085953346], [174.50462227559, -36.8970666406809], [174.504644242014, -36.8970468117167], [174.504667129423, -36.8970264482878], [174.504690938346, -36.8970055774283], [174.50471566825, -36.896984172103], [174.504741319489, -36.8969622503345], [174.50476789206, -36.8969398121221], [174.504779972357, -36.8969371893428], [174.50479180546, -36.8969345516662], [174.504803425029, -36.8969318986658], [174.504814797581, -36.8969292397797], [174.504825945025, -36.8969265476893], [174.504836867892, -36.8969238494289], [174.504847543565, -36.8969211362715], [174.504857994484, -36.8969184079329], [174.50486820943, -36.8969156645553], [174.504878199444, -36.896912896985], [174.504887953661, -36.8969101233874], [174.504897471728, -36.8969073257393], [174.504906765218, -36.8969045219218], [174.504915822557, -36.8969016940541], [174.504924644099, -36.8968988601592], [174.50493324071, -36.896896002072], [174.504941601348, -36.8968931289462], [174.504949726011, -36.8968902407818], [174.504957625922, -36.8968873374368], [174.504965289858, -36.8968844190533], [174.504972717821, -36.8968814856315], [174.50497992103, -36.8968785370291], [174.504987042159, -36.8968754091919], [174.504994257719, -36.8968719466507], [174.50500155649, -36.8968681495476], [174.505008949691, -36.8968640177403], [174.505016414706, -36.8968595425019], [174.505023974151, -36.8968547325592], [174.505031616983, -36.8968495970661], [174.505039342671, -36.8968441089881], [174.505047162966, -36.8968382952173], [174.505055066471, -36.8968321468846], [174.505063053008, -36.8968256549783], [174.505071122755, -36.89681882851], [174.505079286932, -36.8968116673374], [174.505087534318, -36.8968041716027], [174.505095864736, -36.8967963322945], [174.50510428976, -36.8967881672935], [174.505112786596, -36.8967796588611], [174.505121377861, -36.8967708157243], [174.505130063554, -36.8967616378832], [174.505138821059, -36.8967521166106], [174.50514767317, -36.8967422696451], [174.505156608311, -36.896732079106], [174.505165415429, -36.8967216558318], [174.505173861029, -36.8967111109456], [174.50518196755, -36.8967004441631], [174.505189723597, -36.8966896466152], [174.505197117949, -36.896678718444], [174.505204173222, -36.8966676683768], [174.505210878199, -36.8966564965557], [174.5052172327, -36.8966451939694], [174.505223236904, -36.8966337696294], [174.505228879414, -36.8966222146664], [174.505234182847, -36.8966105378076], [174.505239135806, -36.8965987301838], [174.505243738468, -36.8965868008065], [174.505247979613, -36.8965747498177], [174.505251881328, -36.8965625589105], [174.505255432923, -36.8965502552612], [174.505258634045, -36.8965378208471], [174.505261484694, -36.8965252556681], [174.505263974004, -36.8965125778894], [174.505266123884, -36.8964997601922], [174.505267923468, -36.8964868207417], [174.505269372757, -36.8964737595378], [174.505270622566, -36.8964608270536], [174.505271835283, -36.8964482916425], [174.505273010732, -36.8964361442933], [174.505274148912, -36.8964243850058], [174.505275250002, -36.8964130227916], [174.505276313822, -36.8964020486391], [174.505277329155, -36.8963914626907], [174.505278318617, -36.8963812736732], [174.50527925959, -36.8963714728598], [174.505280163472, -36.8963620691196], [174.505281030086, -36.8963530534412], [174.505281859431, -36.8963444258246], [174.505282651686, -36.8963361952812], [174.505283395452, -36.8963283529418], [174.505284113348, -36.8963209075335], [174.505284782755, -36.8963138503292], [174.505285414895, -36.8963071811867], [174.505286009943, -36.8963009091174], [174.505286567723, -36.89629502511], [174.505287088412, -36.8962895381758], [174.505287560614, -36.8962844394456], [174.505288006767, -36.8962797286351], [174.505288396644, -36.8962750095239], [174.505288744896, -36.8962698853232], [174.505289028905, -36.8962643473058], [174.50528926007, -36.896258404341], [174.50528943839, -36.8962520564288], [174.505289552468, -36.8962452946999], [174.505289624743, -36.89623811887], [174.505289632954, -36.8962305382349], [174.50528959954, -36.8962225525102], [174.505289501884, -36.8962141529688], [174.505289351383, -36.8962053484801], [174.50528914786, -36.8961961300324], [174.505288891493, -36.8961865066374], [174.505288570883, -36.8961764694256], [174.505288208649, -36.8961660271243], [174.50528778235, -36.8961551800177], [174.505287314249, -36.8961439188101], [174.505286781907, -36.8961322437857], [174.50528619672, -36.896120163814], [174.505285558688, -36.8961076788948], [174.505284856415, -36.8960947801588], [174.505284112518, -36.8960814763333], [174.505283457671, -36.8960681353245], [174.505283033594, -36.8960551158852], [174.505282863079, -36.8960424357538], [174.505282923511, -36.8960300862034], [174.505283215066, -36.8960180762454], [174.505283748609, -36.8960063877146], [174.505284524495, -36.8959950386341], [174.505285542547, -36.8959840199923], [174.505286791544, -36.8959733319314], [174.505288271486, -36.8959629744515], [174.505290004991, -36.8959529562796], [174.505291969441, -36.8959432686885], [174.505294176056, -36.8959339115363], [174.505296613616, -36.8959248849649], [174.505299304561, -36.89591618869], [174.505302215231, -36.8959078231381], [174.505305379463, -36.8958997968943], [174.50530877464, -36.8958921012312], [174.505312411982, -36.8958847360068], [174.505316280269, -36.8958777013631], [174.50532039072, -36.8958709971581], [174.505324743513, -36.8958646324031], [174.505329358609, -36.8958584806532], [174.505334245282, -36.89585244264], [174.505339414572, -36.89584650921], [174.505344866658, -36.8958406893744], [174.505350590143, -36.895834974264], [174.505356607466, -36.8958293635944], [174.505362896364, -36.8958238666613], [174.505369467881, -36.8958184743111], [174.505376322193, -36.8958131955553], [174.505383459123, -36.8958080213822], [174.505390867451, -36.895802951934], [174.505398558575, -36.8957979960799], [174.505406532317, -36.8957931448085], [174.505414788677, -36.8957883981197], [174.505423327832, -36.8957837650248], [174.505432138563, -36.895779245666], [174.505441231734, -36.8957748218782], [174.505450607701, -36.8957705116842], [174.505460266462, -36.8957663150838], [174.505470196622, -36.8957622232079], [174.50548042062, -36.8957582357719], [174.505490916193, -36.8957543620716], [174.505501357436, -36.895750579196], [174.505511407402, -36.8957468733879], [174.505521066268, -36.8957432536589], [174.505530322637, -36.8957397111398], [174.505539198949, -36.8957362455463], [174.505547672763, -36.8957328571629], [174.505555755478, -36.8957295548589], [174.505563446916, -36.8957263296229], [174.505570747078, -36.895723181455], [174.505577655962, -36.8957201103554], [174.505584173747, -36.8957171253354], [174.505590300256, -36.8957142173838], [174.505596024268, -36.8957113866427], [174.505601368401, -36.8957086418393], [174.50560630986, -36.8957059652352], [174.50561086022, -36.895703374711], [174.505615019481, -36.8957008702669], [174.505618787289, -36.89569843388], [174.505622163998, -36.8956960835731], [174.50562513821, -36.8956938104771], [174.505627732367, -36.8956916143076], [174.505629924205, -36.8956895043606], [174.50563224247, -36.8956875460442], [174.505635182603, -36.8956858232163], [174.505638767043, -36.8956843355925], [174.505642973352, -36.895683083457], [174.505647801351, -36.8956820577984], [174.505653273835, -36.895681276355], [174.50565936801, -36.8956807213884], [174.505666106493, -36.8956804016254], [174.505673466844, -36.8956803173503], [174.505681449063, -36.895680468563], [174.50569007559, -36.8956808549791], [174.505699323985, -36.8956814768827], [174.505709205291, -36.89568232512], [174.505719719685, -36.8956834087024], [174.505730867345, -36.8956847366411], [174.505742647917, -36.895686290913], [174.505755050357, -36.8956880806716], [174.50576808571, -36.8956900967631], [174.505781754328, -36.8956923572101], [174.505796044639, -36.8956948441317], [174.505810979435, -36.8956975752662], [174.505826535925, -36.8957005328749], [174.505842126252, -36.8957034990662], [174.505857162561, -36.8957062559492], [174.505871633279, -36.8957087856434], [174.505885549978, -36.8957111060297], [174.505898901261, -36.895713208239], [174.50591168713, -36.8957150922715], [174.50592391898, -36.8957167669966], [174.505935585413, -36.8957182235453], [174.505946697651, -36.8957194617756], [174.505957244473, -36.8957204818298], [174.505967225879, -36.8957212837081], [174.505976653089, -36.8957218672683], [174.50598551506, -36.8957222416643], [174.505993822833, -36.8957223977426], [174.506001565191, -36.8957223356455], [174.506008742309, -36.8957220643846], [174.506015365054, -36.8957215657948], [174.506021433779, -36.8957208578991], [174.506026925867, -36.8957199319706], [174.506031863759, -36.895718787725], [174.506036247454, -36.8957174251623], [174.506040065909, -36.8957158534363], [174.506043792304, -36.895714165699], [174.506047877731, -36.8957124734098], [174.506052344631, -36.8957107762844], [174.50605718196, -36.8957090834762], [174.506062389365, -36.8957073769625], [174.506067967022, -36.8957056657544], [174.506073914932, -36.8957039498521], [174.506080233094, -36.8957022292555], [174.506086921685, -36.8957005129759], [174.506093991572, -36.8956987828482], [174.506101420491, -36.8956970481681], [174.506109219662, -36.8956953087935], [174.506117400306, -36.8956935645819], [174.506125939982, -36.8956918158179], [174.506134861307, -36.8956900712282], [174.506144141487, -36.8956883130744], [174.506153803139, -36.8956865500834], [174.506163835043, -36.8956847823973], [174.50617422598, -36.8956830101583], [174.506184998565, -36.8956812420932], [174.506196141226, -36.8956794603213], [174.506207654138, -36.8956776738539], [174.506219546397, -36.8956757744111], [174.506231826919, -36.8956736447014], [174.506244495704, -36.8956712847248], [174.506257563973, -36.8956686943388], [174.506271009462, -36.8956658828394], [174.506284854433, -36.8956628409303], [174.506299087667, -36.8956595687538], [174.506313709163, -36.8956560663097], [174.506328718922, -36.8956523335979], [174.50634411712, -36.8956483796296], [174.50635990358, -36.8956441953933], [174.506376078301, -36.8956397808888], [174.506392652504, -36.8956351359737], [174.506409603925, -36.8956302699438], [174.50642695465, -36.8956251644916], [174.506444693813, -36.895619837782], [174.506462821236, -36.8956142808034], [174.506481337097, -36.895608502567], [174.506500241041, -36.8956024850499], [174.506519544641, -36.8955962461324], [174.506539225281, -36.8955897770875], [174.5065593054, -36.8955830776305], [174.506579383212, -36.895576261021], [174.506599056578, -36.8955694224964], [174.506618348291, -36.8955625797951], [174.506637235559, -36.8955557151791], [174.506655729954, -36.8955488465291], [174.506673831123, -36.8955419558223], [174.506691539243, -36.8955350520705], [174.506708854492, -36.8955281442852], [174.506725765294, -36.895521214586], [174.506742294268, -36.8955142716999], [174.506758418974, -36.8955073159118], [174.506774150631, -36.8955003470794], [174.50678948924, -36.8954933652029], [174.506804434801, -36.8954863702825], [174.506818987136, -36.8954793533067], [174.506833146601, -36.8954723322988], [174.506846913018, -36.8954652982474], [174.50686027499, -36.8954582422835], [174.506873255311, -36.8954511821454], [174.506885831188, -36.8954441000951], [174.506898014194, -36.8954370140132], [174.506909803976, -36.895429905877], [174.50692122439, -36.8954228474936], [174.506932299295, -36.8954159106702], [174.506943028689, -36.8954090954069], [174.506953412219, -36.8954023836807], [174.506963450239, -36.8953957935149], [174.50697314275, -36.8953893249094], [174.506982489573, -36.8953829688529], [174.506991490711, -36.8953767253454], [174.507000146161, -36.895370594387], [174.50700845628, -36.8953645940007], [174.507016420536, -36.8953586971522], [174.507024039282, -36.8953529218645], [174.507031312343, -36.8953472591263], [174.507038239895, -36.8953417179488], [174.507044821761, -36.895336289321], [174.507051057942, -36.8953309732427], [174.507056948614, -36.8953257787254], [174.507062504821, -36.8953206966155], [174.507067704299, -36.8953157362091], [174.507072558092, -36.8953108883524], [174.507077066201, -36.8953061530456], [174.507081228801, -36.8953015393001], [174.507085203147, -36.8952970541346], [174.507089124406, -36.8952927228755], [174.507093003622, -36.8952885363691], [174.50709685219, -36.8952845034844], [174.507100647673, -36.8952806245061], [174.507104389715, -36.8952768814114], [174.507108101287, -36.8952733009499], [174.507111770816, -36.895269865241], [174.507115387081, -36.8952665744271], [174.5071189727, -36.895263437235], [174.507122505232, -36.8952604539494], [174.507125995721, -36.8952576154164], [174.507129444344, -36.8952549306475], [174.507132850923, -36.8952523906313], [174.507136215459, -36.8952499953677], [174.507139527086, -36.8952477630221], [174.507142807712, -36.8952456662754], [174.507146035429, -36.8952437324466], [174.507149220926, -36.895241934359], [174.507152364734, -36.895240299047], [174.507155466498, -36.8952388084877], [174.507158526219, -36.8952374626811], [174.50716156226, -36.8952360540789], [174.507164592807, -36.8952343661213], [174.50716760664, -36.8952323989506], [174.507170626376, -36.8952301612937], [174.50717364044, -36.8952276352699], [174.507176637791, -36.895224830033], [174.507179640867, -36.8952217452985], [174.507182638448, -36.8952183812085], [174.507185630712, -36.8952147467746], [174.507188606085, -36.8952108241162], [174.507191587184, -36.8952066219601], [174.507194562788, -36.8952021404486], [174.507197532897, -36.8951973795817], [174.50720048647, -36.8951923485132], [174.50720344559, -36.8951870289355], [174.507206399216, -36.8951814300025], [174.507209336128, -36.8951755518564], [174.507212278942, -36.895169403224], [174.507215216084, -36.8951629662248], [174.507218147731, -36.8951562498702], [174.507221062842, -36.895149263314], [174.5072239835, -36.8951419882487], [174.507226857683, -36.8951346326495], [174.507229633016, -36.8951273864689], [174.507232320895, -36.8951202585761], [174.507234921142, -36.8951132399596], [174.507237422716, -36.8951063397732], [174.507239847879, -36.8950995487207], [174.507242174191, -36.8950928670869], [174.507244401829, -36.8950863038833], [174.507246553056, -36.8950798498136], [174.50724860561, -36.895073514174], [174.507250570532, -36.8950672878108], [174.507252447824, -36.8950611707238], [174.507254226443, -36.8950551720671], [174.50725591743, -36.8950492826866], [174.507257520964, -36.895043511594], [174.507259036867, -36.8950378497777], [174.50726045392, -36.8950322973802], [174.50726178352, -36.8950268632704], [174.507263025488, -36.895021538437], [174.507264180003, -36.8950163318914], [174.507265235668, -36.8950112347645], [174.507266203702, -36.895006246914], [174.507267162112, -36.895001340309], [174.507268188371, -36.8949964598842], [174.507269294054, -36.8949916235203], [174.507270456544, -36.8949868224904], [174.50727169828, -36.8949820565099], [174.507273008221, -36.8949773347325], [174.507274386011, -36.8949726391354], [174.507275843224, -36.8949679875991], [174.507277357068, -36.8949633623854], [174.507278950335, -36.8949587812326], [174.507280611629, -36.8949542352714], [174.50728234095, -36.8949497245019], [174.507284149517, -36.8949452487817], [174.507286015068, -36.8949408174071], [174.507287959689, -36.8949364120703], [174.507289972513, -36.8949320509367], [174.507292053187, -36.8949277159832], [174.507294202065, -36.894923425233], [174.507296430189, -36.894919169532], [174.50729872634, -36.8949149490227], [174.507301090695, -36.8949107727165], [174.507303522899, -36.8949066225906], [174.507305909161, -36.8949024189652], [174.507308123937, -36.8948980552689], [174.507310156008, -36.8948935316439], [174.507312027991, -36.8948888568171], [174.507313728489, -36.8948840219192], [174.507315257501, -36.8948790269504], [174.507316615205, -36.8948738809221], [174.507317801424, -36.8948685748228], [174.507318816158, -36.8948631086527], [174.507319648364, -36.8948574915653], [174.507320320304, -36.8948517142646], [174.507320820937, -36.8948457859045], [174.507321149907, -36.8948396884619], [174.507321307747, -36.8948334489714], [174.507321293924, -36.8948270403984], [174.507321108794, -36.894820480766], [174.507320752179, -36.8948137610625], [174.507320224256, -36.8948068902996], [174.507319524848, -36.8947998594658], [174.507318653956, -36.894792668561], [174.507317611756, -36.8947853265967], [174.507316397894, -36.8947778155499], [174.50731570267, -36.8947698562507], [174.507316215499, -36.8947611244716], [174.507317936556, -36.8947516292243], [174.507320876885, -36.8947413613547], [174.507325014221, -36.894730330159], [174.507330359607, -36.8947185264833], [174.50733691322, -36.8947059593389], [174.507344674881, -36.8946926197141], [174.507353644945, -36.8946785256316], [174.507363822877, -36.8946636500568], [174.50737522043, -36.8946480198814], [174.507387814807, -36.8946316173669], [174.507401617228, -36.8946144423705], [174.507416627868, -36.8945965039033], [174.507432846727, -36.8945778019649], [174.507450284844, -36.8945583274011], [174.507468919957, -36.8945380895073], [174.507488763107, -36.8945170791294], [174.507509814469, -36.8944953052782], [174.507532085261, -36.8944727678106], [174.507555552865, -36.8944494579994], [174.507580228677, -36.8944253847129], [174.507581050075, -36.8944169374555], [174.507581907969, -36.8944086339542], [174.507582813223, -36.8944004560439], [174.507583754617, -36.894392403867], [174.507584743548, -36.8943844862923], [174.507585780016, -36.8943767033201], [174.507586864022, -36.8943690549502], [174.507587984168, -36.8943615323137], [174.507589151851, -36.8943541442795], [174.507590367071, -36.8943468908477], [174.507591618609, -36.8943397721607], [174.507592917506, -36.8943327790646], [174.507594263764, -36.8943259115593], [174.507595646516, -36.8943191878103], [174.507597076628, -36.8943125896523], [174.507598554277, -36.8943061260966], [174.507600068244, -36.8942997972856], [174.50760162957, -36.8942935940656], [174.507603238434, -36.8942875254479], [174.507604883615, -36.894281591575], [174.507606576156, -36.894275783293], [174.507608316234, -36.8942701096133], [174.50761009263, -36.8942645706784], [174.507611950221, -36.8942591659187], [174.507613956503, -36.8942539034914], [174.507616134091, -36.8942487921231], [174.507618482809, -36.8942438228025], [174.507621002833, -36.8942390045408], [174.507623682768, -36.8942343284691], [174.507626534009, -36.8942298034564], [174.507629556557, -36.8942254295027], [174.507632750234, -36.8942211975966], [174.50763610382, -36.8942171078803], [174.507639628714, -36.894213169223], [174.507643313694, -36.894209381767], [174.507647169804, -36.8942057363585], [174.507651197221, -36.8942022420089], [174.507655395766, -36.8941988897067], [174.507659754399, -36.8941956886059], [174.507664284161, -36.8941926295524], [174.50766898523, -36.8941897215577], [174.507673846208, -36.8941869557529], [174.507678878493, -36.8941843410068], [174.507684081908, -36.894181868308], [174.507689445409, -36.8941795468104], [174.50769498004, -36.8941773673601], [174.507700674226, -36.8941753120765], [174.507706319279, -36.8941730410871], [174.5077118454, -36.8941704290858], [174.507717264161, -36.8941674939533], [174.50772257521, -36.8941642176665], [174.507727779077, -36.8941606272599], [174.507732875232, -36.8941566956991], [174.507737864027, -36.8941524410071], [174.507742734067, -36.8941478543147], [174.50774749657, -36.8941429354797], [174.507752151538, -36.894137684502], [174.507756699146, -36.8941321103931], [174.507761127999, -36.8941262042839], [174.507765460713, -36.8941199749012], [174.507769674493, -36.8941134045068], [174.507773780915, -36.8941065109812], [174.5077777798, -36.894099285313], [174.507781671149, -36.8940917275023], [174.507785443919, -36.8940838467028], [174.507789109153, -36.8940756337607], [174.50779267807, -36.8940670885337], [174.507796128231, -36.8940582113065], [174.507799459814, -36.8940490110907], [174.50780269508, -36.8940394785899], [174.50780587336, -36.8940299017437], [174.507809056605, -36.8940205772183], [174.507812244813, -36.8940115050138], [174.507815437807, -36.8940026761186], [174.507818635587, -36.8939940905328], [174.507821838331, -36.8939857572678], [174.507825046039, -36.8939776763237], [174.507828258533, -36.8939698386889], [174.507831475991, -36.893962253375], [174.507834698235, -36.8939549113704], [174.507837925442, -36.8939478216866], [174.507841157436, -36.8939409753123], [174.507844394394, -36.8939343812587], [174.507847636316, -36.893928039526], [174.507850883024, -36.8939219411026], [174.507854134697, -36.8939160950001], [174.507857391155, -36.8939104922069], [174.507860652578, -36.8939051417345], [174.507863918787, -36.8939000345715], [174.507867189961, -36.8938951797294], [174.507870465921, -36.8938905681966], [174.507873746845, -36.8938862089846], [174.507877032555, -36.893882093082], [174.507880378973, -36.8938782107653], [174.507883985921, -36.8938744513335], [174.507887864797, -36.8938708236557], [174.50789200438, -36.8938673278743], [174.50789642711, -36.8938639637045], [174.50790111037, -36.8938607224195], [174.507906076776, -36.893857612746], [174.507911303891, -36.8938546349688], [174.507916802932, -36.8938517889454], [174.507922573723, -36.8938490656643], [174.507928605045, -36.893846465268], [174.507934919691, -36.8938440054943], [174.507941506086, -36.8938416684629], [174.507948353189, -36.8938394633275], [174.507955472219, -36.8938373899457], [174.507962862999, -36.8938354393059], [174.507970525706, -36.8938336204196], [174.50797846034, -36.8938319332867], [174.507986666724, -36.8938303688957], [174.507995145036, -36.893828936258], [174.508003884055, -36.893827635516], [174.508012906043, -36.8938264573733], [174.50802218874, -36.8938254111261], [174.508031709528, -36.8938244880478], [174.508041094086, -36.8938234855746], [174.508050195496, -36.8938223514895], [174.508059025156, -36.8938210946613], [174.508067594107, -36.8938197059364], [174.508075891131, -36.8938181854572], [174.508083916226, -36.8938165332238], [174.508091669571, -36.8938147582477], [174.508099150987, -36.8938128515174], [174.508106360653, -36.8938108220445], [174.508113298391, -36.8938086608177], [174.50811997542, -36.8938063676944], [174.508126369301, -36.8938039429596], [174.508132502652, -36.8938013953399], [174.508138364074, -36.8937987159665], [174.508143953568, -36.8937959048392], [174.508149271311, -36.8937929709696], [174.508154317126, -36.8937899053463], [174.508159102232, -36.8937867078269], [174.508163604369, -36.8937833877077], [174.508167845796, -36.8937799356924], [174.508171804076, -36.893776352066], [174.508175501648, -36.8937726365436], [174.508178927469, -36.893768798279], [174.50818219267, -36.8937647817793], [174.508185420133, -36.8937605584432], [174.508188598462, -36.8937561194018], [174.508191727657, -36.893751464655], [174.508194807717, -36.8937465942028], [174.508197849863, -36.8937415079028], [174.508200842874, -36.8937362058975], [174.50820378675, -36.8937306881868], [174.508206692889, -36.8937249636397], [174.508209549716, -36.8937190143759], [174.508212368806, -36.8937128582757], [174.508215138761, -36.8937064864702], [174.508217859581, -36.8936998989594], [174.508220531267, -36.8936930957432], [174.508223165038, -36.8936860766793], [174.508225749674, -36.8936788419099], [174.508228285353, -36.8936714004468], [174.508230783117, -36.8936637431359], [174.508233231569, -36.8936558611081], [174.508235631064, -36.8936477723866], [174.508237992644, -36.8936394678172], [174.50824030509, -36.8936309475426], [174.5082425684, -36.8936222115626], [174.508244795747, -36.8936133588609], [174.508246947926, -36.893604678374], [174.508249059129, -36.893596196709], [174.508251106916, -36.8935879141507], [174.508253091287, -36.8935798306991], [174.508255023462, -36.8935719462118], [174.508256892222, -36.8935642608312], [174.508258708963, -36.8935567834265], [174.508260462111, -36.893549496117], [174.508262163063, -36.8935424077718], [174.508263800777, -36.8935355275448], [174.508265386118, -36.8935288372706], [174.508266908044, -36.8935223461032], [174.508268377951, -36.8935160629117], [174.508269784265, -36.8935099698154], [174.508271138561, -36.8935040846948], [174.508272429441, -36.8934983986811], [174.508273667949, -36.8934929026202], [174.508274843218, -36.8934876146775], [174.508275966292, -36.8934825256991], [174.508277025773, -36.8934776268161], [174.508278022016, -36.8934729360513], [174.508278977283, -36.8934684441084], [174.508279868781, -36.8934641332494], [174.508280838459, -36.8934598033703], [174.508281929778, -36.8934553818097], [174.508283120298, -36.8934508688525], [174.508284432636, -36.8934462732253], [174.508285855572, -36.8934415950704], [174.508287399971, -36.8934368162226], [174.508289043925, -36.8934319640011], [174.508290809343, -36.8934270110866], [174.508292685358, -36.8934219756445], [174.508294671971, -36.8934168576747], [174.508296769005, -36.8934116481659], [174.50829897646, -36.893406347118], [174.508301305731, -36.8934009634], [174.508303745424, -36.8933954881429], [174.508306295714, -36.8933899303581], [174.508308967644, -36.8933842808918], [174.508311738774, -36.8933785400288], [174.508314631722, -36.8933727164957], [174.508317635268, -36.8933668104349], [174.508320749234, -36.8933608128349], [174.50832397362, -36.8933547236958], [174.508327319646, -36.8933485428751], [174.508330776447, -36.8933422885381], [174.508334334754, -36.8933360599534], [174.50833799705, -36.8933299832813], [174.508341774555, -36.8933240583795], [174.508345645007, -36.8933182945442], [174.508349619626, -36.893312691633], [174.508353709275, -36.8933072314806], [174.508357891872, -36.8933019323947], [174.508362178458, -36.8932967852214], [174.508366569033, -36.8932917899607], [174.508371063775, -36.8932869556241], [174.508375662506, -36.8932822732], [174.508380365226, -36.8932777426885], [174.508385172113, -36.8932733731011], [174.508390082989, -36.8932691554262], [174.508395097854, -36.8932650896638], [174.508400216708, -36.8932611758139], [174.508405439729, -36.893257422888], [174.50841076674, -36.8932538218746], [174.508416197739, -36.8932503727737], [174.508421732905, -36.8932470845967], [174.508427372061, -36.8932439483321], [174.508433115206, -36.89324096398], [174.508438951298, -36.8932381406942], [174.508444913464, -36.893235451013], [174.508451045871, -36.8932328583206], [174.508457325904, -36.8932303538906], [174.508463787398, -36.8932279463069], [174.50847039634, -36.893225617974], [174.508477186921, -36.8932233954989], [174.508484124949, -36.8932212522745], [174.508491244439, -36.8932192058964], [174.508498522774, -36.8932172476379], [174.508505959953, -36.893215377499], [174.508513567375, -36.8932136043488], [174.50852134486, -36.8932119191757], [174.508529281191, -36.8932103221222], [174.508537376367, -36.8932088131882], [174.508545641784, -36.8932074012426], [174.508554077266, -36.8932060772741], [174.50856267177, -36.8932048504364], [174.508571424942, -36.8932037027067], [174.508580359576, -36.8932026518228], [174.508589442012, -36.8932016982121], [174.508598694336, -36.8932008235668], [174.508608116901, -36.8932000459097], [174.508617698312, -36.8931993563718], [174.508627517991, -36.893198799013], [174.508638426617, -36.8931988317434], [174.508650673854, -36.8931995956114], [174.508664293718, -36.893201108212], [174.508679252194, -36.8932033519494], [174.508695571723, -36.8932063265381], [174.50871324144, -36.8932100501428], [174.508732260991, -36.8932145047401], [174.508752641597, -36.8932196901868], [174.508774372393, -36.8932256246475], [174.508797453026, -36.8932322900986], [174.508821883497, -36.8932396865393], [174.508847675381, -36.8932478318491], [174.508874817105, -36.8932567081467], [174.508903319889, -36.8932663152887], [174.508933161652, -36.8932766715819], [174.508964364477, -36.8932877587174], [174.508996917148, -36.8932995768366], [174.509030831241, -36.8933121438187], [174.509066095181, -36.8933254417821], [174.50910270915, -36.893339479737], [174.50914067297, -36.8933542486708], [174.509179998041, -36.8933697574509], [174.509220673145, -36.8933860062185], [174.509234934489, -36.8933904580872], [174.509248922842, -36.8933947241343], [174.509262637849, -36.8933987863372], [174.509276080042, -36.8934026717302], [174.509289260107, -36.8934063531366], [174.509302155961, -36.8934098488645], [174.509314778646, -36.8934131497599], [174.509327128339, -36.8934162648344], [174.509339215905, -36.8934191759226], [174.509351019436, -36.8934219103441], [174.509362549619, -36.8934244409221], [174.50937381803, -36.8934267855369], [174.509384802051, -36.8934289354623], [174.509395524299, -36.8934308994248], [174.509405961979, -36.8934326596866], [174.509416138064, -36.893434242997], [174.5094260408, -36.8934356224644], [174.509435659325, -36.8934368162542], [174.509445015897, -36.8934378150699], [174.509454099477, -36.8934386280656], [174.509462909886, -36.89343924623], [174.509471447124, -36.8934396695631], [174.509479699972, -36.8934398982075], [174.509487691045, -36.8934399408896], [174.509495408947, -36.8934397887405], [174.509502853856, -36.8934394507719], [174.50951004821, -36.8934389266985], [174.509517162431, -36.8934383225196], [174.509524253502, -36.8934376825795], [174.509531343864, -36.8934370065932], [174.509538410899, -36.8934362858343], [174.509545465827, -36.8934355201603], [174.509552497606, -36.8934347187252], [174.509559517455, -36.8934338813864], [174.509566525197, -36.8934329991325], [174.50957352101, -36.893432080975], [174.509580493496, -36.8934311180449], [174.509587454052, -36.8934301192111], [174.509594402502, -36.8934290754622], [174.509601327802, -36.8934279959523], [174.509608240995, -36.8934268715272], [174.509615142259, -36.8934257111985], [174.509622020196, -36.8934245060973], [174.509628897423, -36.8934232649498], [174.509635751323, -36.8934219790299], [174.509642582074, -36.8934206573489], [174.509649411937, -36.8934192906102], [174.509656218651, -36.8934178881104], [174.509663002216, -36.8934164498496], [174.509669784893, -36.8934149665312], [174.509676544243, -36.8934134384402], [174.509683291664, -36.8934118744457], [174.509690015935, -36.8934102746901], [174.50969671759, -36.8934086662078], [174.509703342839, -36.8934071668606], [174.509709892037, -36.8934057946715], [174.509716365183, -36.8934045496405], [174.509722762102, -36.893403422756], [174.509729082791, -36.8934024140182], [174.50973532743, -36.8934015324385], [174.509741495841, -36.8934007690055], [174.509747576981, -36.8934001328731], [174.50975359329, -36.8933996237563], [174.509759522151, -36.8933992329287], [174.509765374784, -36.8933989602479], [174.509771162585, -36.8933988145826], [174.509776862939, -36.8933987872066], [174.509782487242, -36.8933988869889], [174.509788035495, -36.8933991139293], [174.509793507342, -36.893399450005], [174.509798903316, -36.8933999222503], [174.509804211842, -36.893400512785], [174.50980945536, -36.8934012213239], [174.509814622827, -36.8934020570211], [174.509819702847, -36.8934030110076], [174.509824706817, -36.8934040921524], [174.509829645778, -36.8934052913014], [174.509834497469, -36.8934066177513], [174.509839272932, -36.893408062348], [174.509843972344, -36.893409634103], [174.509848685817, -36.8934113498985], [174.509853526254, -36.8934132443544], [174.509858471217, -36.8934153177558], [174.509863531748, -36.8934175609486], [174.509868696982, -36.8934199920984], [174.509873988825, -36.8934225838856], [174.509879396592, -36.8934253634871], [174.509884908706, -36.8934283130226], [174.509890536566, -36.8934314413609], [174.509896279994, -36.8934347394906], [174.509902139345, -36.8934382254346], [174.509908114086, -36.8934418721584], [174.509914193531, -36.8934457068391], [174.509920399764, -36.8934497111684], [174.509926710523, -36.8934538944431], [174.509933137028, -36.8934582565205], [174.509939679101, -36.8934627883891], [174.50994633692, -36.8934674990603], [174.509953099265, -36.8934723886769], [174.509959988399, -36.8934774479419], [174.509966982236, -36.8934826951637], [174.509974091465, -36.8934881031651], [174.509981316618, -36.8934936989805], [174.509988657339, -36.893499464587], [174.509996113807, -36.893505408996], [174.510003674624, -36.8935115233386], [174.510011350656, -36.8935177894494], [174.51001896633, -36.8935238399977], [174.510026497077, -36.8935295671316], [174.510033931501, -36.893534961982], [174.5100412696, -36.8935400245491], [174.510048511553, -36.8935447638444], [174.510055668579, -36.8935491797251], [174.510062729103, -36.8935532543112], [174.510069693658, -36.8935570146368], [174.510076561888, -36.8935604426792], [174.510083333794, -36.8935635384384], [174.510090020594, -36.8935663017718], [174.510096611425, -36.8935687508448], [174.510103105753, -36.8935708586233], [174.510109503934, -36.89357264313], [174.510115817186, -36.8935741042224], [174.510122022894, -36.8935752331744], [174.510128143497, -36.8935760297005], [174.510134167951, -36.8935765029551], [174.5101401073, -36.893576643784], [174.510145939281, -36.8935764614839], [174.510151686156, -36.8935759467581], [174.510157336883, -36.8935751087608], [174.510162891284, -36.8935739384804], [174.510168360756, -36.8935724447859], [174.510173722683, -36.893570618951], [174.510178999682, -36.893568469702], [174.510184407584, -36.8935661295008], [174.51019065194, -36.8935640941459], [174.510197800421, -36.8935623808043], [174.510205841986, -36.89356099863], [174.510214787853, -36.8935599474802], [174.510224638024, -36.8935592273546], [174.510235381278, -36.8935588383957], [174.510247028835, -36.8935587804605], [174.510259580519, -36.8935590445374], [174.510273025464, -36.8935596487915], [174.510287374535, -36.8935605750572], [174.510302616868, -36.8935618414994], [174.510318763328, -36.8935634299525], [174.510335814092, -36.8935653494274], [174.510353757941, -36.8935676000664], [174.510372594876, -36.893570181869], [174.510392347335, -36.8935730945497], [174.510412992704, -36.8935763293816], [174.510434531336, -36.8935799043873], [174.510456985317, -36.8935838012581], [174.510480321343, -36.8935880384442], [174.510504572718, -36.8935925974944], [174.510529717182, -36.8935974877047], [174.510555754734, -36.8936027090746], [174.510582707814, -36.8936082613183], [174.510610553985, -36.8936141447202], [174.510639293245, -36.89362035928], [174.510649840409, -36.8936134378382], [174.510660401988, -36.893606678459], [174.510670955721, -36.8936000904391], [174.510681523691, -36.8935936554702], [174.510692083815, -36.8935873918607], [174.510702647134, -36.8935812904564], [174.510713224869, -36.8935753511145], [174.510723794579, -36.8935695741206], [174.510734367664, -36.8935639683432], [174.510744954985, -36.8935585156169], [174.510755534462, -36.8935532342499], [174.510766128175, -36.893548105934], [174.510776714044, -36.8935431489774], [174.510787303108, -36.8935383542259], [174.510797906588, -36.893533721537], [174.510808502045, -36.8935292511959], [174.510819100876, -36.8935249520714], [174.510829713945, -36.8935208059979], [174.510840319168, -36.8935168312837], [174.510850938808, -36.893513018632], [174.510861550425, -36.8935093683282], [174.510872241998, -36.8935057891162], [174.510883090286, -36.8935021898827], [174.510894083894, -36.8934985617588], [174.510905234217, -36.8934949136134], [174.510916541255, -36.8934912454464], [174.510927993612, -36.893487548389], [174.510939602863, -36.8934838403213], [174.510951357431, -36.893480103363], [174.510963268716, -36.8934763463829], [174.510975336538, -36.8934725603696], [174.510987549855, -36.8934687544771], [174.510999919889, -36.8934649285626], [174.511012446637, -36.8934610826261], [174.511025118704, -36.8934572077988], [174.511037936445, -36.8934533221037], [174.511050921764, -36.8934493982208], [174.511064041538, -36.8934454636125], [174.511077329068, -36.8934414998278], [174.511090762272, -36.8934375251751], [174.511104351836, -36.8934335124771], [174.511118087073, -36.8934294889108], [174.511131700139, -36.893425529993], [174.51114491268, -36.8934217474289], [174.5111577133, -36.8934181323499], [174.511170113217, -36.8934146846134], [174.511182112433, -36.8934114042196], [174.511193710948, -36.8934082911685], [174.511204897541, -36.8934053456031], [174.51121568361, -36.893402576392], [174.511226057759, -36.8933999746668], [174.511236042249, -36.8933975311306], [174.511245614996, -36.893395264092], [174.511254787041, -36.8933931643966], [174.511263558386, -36.8933912320448], [174.511271917988, -36.8933894761908], [174.511279876712, -36.8933878786689], [174.511287434914, -36.8933864575022], [174.511294581195, -36.8933852038221], [174.511301326598, -36.8933841084744], [174.511307671478, -36.8933831894821], [174.511313615836, -36.8933824468453], [174.511319148096, -36.8933818626838], [174.511324568695, -36.8933813069838], [174.511330166317, -36.8933806228395], [174.511335940961, -36.8933798102509], [174.511341892806, -36.8933788782296], [174.511348010453, -36.8933778179067], [174.511354316343, -36.8933766289967], [174.511360788214, -36.8933753207965], [174.511367448504, -36.8933738930207], [174.511374274419, -36.8933723279318], [174.511381277534, -36.8933706434099], [174.51138844663, -36.8933688395977], [174.511395803967, -36.8933669071982], [174.511403338327, -36.8933648463543], [174.511411038667, -36.8933626662199], [174.511418927248, -36.8933603574983], [174.51142698181, -36.8933579294861], [174.511435213216, -36.8933553640179], [174.511443622, -36.8933526881279], [174.511452207627, -36.8933498747817], [174.511460959235, -36.8933469421449], [174.511469899262, -36.893343889932], [174.511478896628, -36.8933409000848], [174.511487854449, -36.8933381811514], [174.511496761503, -36.8933357332744], [174.511505628655, -36.8933335382883], [174.511514445219, -36.8933316233702], [174.511523222059, -36.8933299703543], [174.511531947956, -36.8933285793835], [174.511540623087, -36.8933274594692], [174.511549258495, -36.8933266014573], [174.511557843137, -36.8933260145019], [174.511566388056, -36.8933256894489], [174.511574893251, -36.8933256262982], [174.511583347859, -36.8933258432155], [174.511591751347, -36.8933263131665], [174.511600115289, -36.8933270540313], [174.511608428466, -36.8933280659527], [174.51161670192, -36.8933293397765], [174.511624924432, -36.8933308756455], [174.51163309618, -36.8933326825711], [174.511641228382, -36.8933347604105], [174.511649320862, -36.8933371001523], [174.511657459464, -36.8933395024027], [174.511665752294, -36.8933417584706], [174.511674188133, -36.8933438684989], [174.5116827782, -36.8933458323448], [174.511691511276, -36.8933476501509], [174.511700409977, -36.8933493306432], [174.51170944029, -36.893350856227], [174.511718636228, -36.8933522444969], [174.511727975174, -36.8933534867269], [174.511737456951, -36.8933545739056], [174.511747093134, -36.893355523913], [174.511756883722, -36.8933563367492], [174.511766817142, -36.8933569945339], [174.511776904788, -36.8933575061358], [174.51178714684, -36.8933578805664], [174.511797531901, -36.8933581089568], [174.511808071011, -36.8933581821529], [174.511818753307, -36.8933581183202], [174.51182958983, -36.8933579083046], [174.511840580759, -36.8933575611173], [174.511851714517, -36.8933570588783], [174.511862835457, -36.8933564756781], [174.51187377653, -36.8933558767385], [174.511884548956, -36.8933552619167], [174.511895130118, -36.893354622487], [174.511905542812, -36.8933539761866], [174.511915764065, -36.893353296267], [174.511925816848, -36.8933526094769], [174.511935689588, -36.8933518979362], [174.511945382639, -36.8933511796679], [174.511954895468, -36.8933504276377], [174.511964239828, -36.8933496687371], [174.511973392925, -36.893348885229], [174.511982377375, -36.8933480858392], [174.51199117074, -36.8933472708533], [174.511999795457, -36.8933464399858], [174.512008240131, -36.8933455843681], [174.512016504938, -36.8933447130116], [174.512024600921, -36.8933438167622], [174.512032505996, -36.8933429139284], [174.512040231027, -36.8933419863445], [174.512047787411, -36.8933410428792], [174.512055205073, -36.8933398938638], [174.512062547773, -36.8933383582127], [174.512069793073, -36.8933364362114], [174.512076963411, -36.8933341275744], [174.512084047568, -36.8933314324444], [174.512091056763, -36.8933283506788], [174.512097968556, -36.8933248825631], [174.51210480521, -36.8933210188003], [174.512111544641, -36.8933167776989], [174.512118220151, -36.8933121408076], [174.512124798437, -36.8933071265778], [174.512131290364, -36.8933017168437], [174.512137707328, -36.893295920474], [174.51214403811, -36.8932897376116], [174.51215028271, -36.8932831682564], [174.512156441127, -36.8932762124084], [174.512162513363, -36.8932688700677], [174.512168510635, -36.8932611410915], [174.512174421725, -36.8932530256226], [174.512180246455, -36.8932445146496], [174.512185985179, -36.8932356261953], [174.512191644123, -36.8932266756604], [174.512197240905, -36.8932179873139], [174.512202764484, -36.8932095703103], [174.512208214683, -36.8932014156379], [174.512213591502, -36.893193523297], [174.512218895295, -36.8931859113102], [174.51222413675, -36.8931785525006], [174.512229305003, -36.8931714650337], [174.512234400053, -36.8931646489097], [174.512239421724, -36.8931580951171], [174.512244370014, -36.8931518036559], [174.512249256322, -36.8931457833947], [174.512254069427, -36.8931400344764], [174.512258809153, -36.8931345478895], [174.512263475499, -36.893129323634], [174.512268068644, -36.8931243707214], [174.512272599805, -36.8931196890089], [174.51227705741, -36.8931152606164], [174.512281430771, -36.893111112721], [174.512285753192, -36.8931072268715], [174.512289991014, -36.8931036034963], [174.512294277803, -36.8931001868128], [174.512298713288, -36.8930969124557], [174.512303308689, -36.8930937802819], [174.512308063828, -36.8930907812801], [174.512312967841, -36.8930879336159], [174.512318031592, -36.8930852191237], [174.512323244039, -36.8930826469576], [174.512328616403, -36.8930802169749], [174.512334148682, -36.8930779291754], [174.512339829658, -36.8930757837021], [174.512345670549, -36.893073780412], [174.512351659959, -36.8930719104366], [174.512357809463, -36.8930701916557], [174.512364118705, -36.8930686060467], [174.512370576644, -36.8930671627636], [174.512377194499, -36.8930658616637], [174.51238396105, -36.8930647028897], [174.512390887518, -36.8930636862987], [174.512397973901, -36.8930628118908], [174.512405208981, -36.8930620798088], [174.5124126038, -36.8930614808983], [174.512420044207, -36.8930609174618], [174.512427438136, -36.8930602734932], [174.512434785409, -36.8930595399811], [174.512442063943, -36.8930587352339], [174.512449307041, -36.8930578408004], [174.512456481399, -36.893056875132], [174.512463620321, -36.8930558197771], [174.512470690504, -36.8930546931874], [174.512477714031, -36.8930534770542], [174.51248469108, -36.8930521803888], [174.512491610431, -36.8930508033344], [174.512498472085, -36.8930493458907], [174.51250528726, -36.8930478079151], [174.512512055957, -36.8930461894074], [174.512518766956, -36.8930444905106], [174.512525420258, -36.8930427112246], [174.512532027081, -36.8930408514067], [174.512538576029, -36.8930389021882], [174.512545078677, -36.8930368814492], [174.512551523626, -36.8930347803211], [174.51255792192, -36.8930325896496], [174.51256421746, -36.8930303101489], [174.512570353973, -36.893027933522], [174.512576331458, -36.8930254597687], [174.512582160956, -36.8930228797348], [174.512587831428, -36.8930202025748], [174.512593353913, -36.8930174191341], [174.512598717548, -36.8930145475788], [174.5126039218, -36.8930115608743], [174.512608978421, -36.8930084859123], [174.512613875837, -36.8930053048127], [174.512618625444, -36.893002026444], [174.512623215846, -36.8929986419379], [174.512627647398, -36.8929951693171], [174.512631930964, -36.8929915904159], [174.512636055325, -36.8929879053772], [174.512640020658, -36.8929841232125], [174.512643838182, -36.8929802437789], [174.512647507898, -36.8929762670764], [174.51265100719, -36.8929721843793], [174.512654358495, -36.892967995402], [174.51265756217, -36.8929637181672], [174.512660891036, -36.8929595294754], [174.512664629311, -36.8929556149954], [174.512668777174, -36.8929519837386], [174.512673345843, -36.892948635562], [174.5126783241, -36.8929455706086], [174.512683711767, -36.8929427798668], [174.51268952024, -36.8929402722052], [174.5126957383, -36.8929380477664], [174.512702365948, -36.8929361065506], [174.512709403006, -36.8929344395461], [174.51271686087, -36.8929330556215], [174.512724728322, -36.8929319549196], [174.512733005361, -36.8929311374402], [174.51274170303, -36.892930594029], [174.512750799245, -36.8929303429945], [174.512760315912, -36.8929303570165], [174.512770253563, -36.8929306631293], [174.512780589406, -36.8929312435956], [174.512791346056, -36.892932107141], [174.512802512295, -36.8929332539083], [174.512814099341, -36.8929346837545], [174.512825775609, -36.8929360854222], [174.512837254745, -36.8929371651057], [174.51284851431, -36.8929379230907], [174.512859565523, -36.8929383592346], [174.512870408207, -36.8929384645258], [174.512881042539, -36.892938247976], [174.512891468341, -36.8929377005736], [174.512901685968, -36.8929368403417], [174.512911683847, -36.8929356494003], [174.512921473372, -36.8929341366181], [174.512931054368, -36.8929322929835], [174.512940427011, -36.8929301275083], [174.512949591301, -36.8929276401923], [174.512958547238, -36.8929248310356], [174.512967283425, -36.8929216911697], [174.512975822657, -36.8929182383319], [174.51298414196, -36.8929144457735], [174.512992253088, -36.8929103403861], [174.513000155685, -36.8929059041468], [174.513007849929, -36.8929011460671], [174.51301533582, -36.8928960661471], [174.513022669809, -36.8928906816952], [174.513029930789, -36.8928850097341], [174.513037096321, -36.8928790505496], [174.513044188842, -36.8928728038559], [174.513051197312, -36.8928662788073], [174.513058132772, -36.8928594662497], [174.513064972783, -36.8928523664687], [174.513071739962, -36.89284498819], [174.513078411514, -36.8928373136766], [174.513085021453, -36.8928293605226], [174.513091536121, -36.8928211291567], [174.513097966381, -36.8928126014133], [174.513104323809, -36.8928037951723], [174.513110597007, -36.8927947015651], [174.513116785976, -36.8927853205918], [174.513122890892, -36.8927756612638], [174.513128911401, -36.8927657055582], [174.513134859077, -36.8927554713552], [174.513140722701, -36.8927449587974], [174.513146501917, -36.8927341498622], [174.513152197081, -36.8927230625724], [174.513157972202, -36.8927120463735], [174.513163980069, -36.892701450854], [174.51317023208, -36.8926912848824], [174.513176728235, -36.8926815484587], [174.513183445917, -36.8926722328571], [174.513190407743, -36.8926633468034], [174.513197613534, -36.8926548812859], [174.51320505225, -36.8926468454591], [174.51321272389, -36.8926392393229], [174.513220639496, -36.8926320537228], [174.513228788027, -36.8926252978132], [174.513237169304, -36.8926189625825], [174.513245794904, -36.8926130659108], [174.513254653072, -36.8926075809065], [174.513263755563, -36.8926025344611], [174.5132730908, -36.8925979086944], [174.513282670004, -36.8925937034635], [174.513292482312, -36.8925899369341], [174.513302527189, -36.8925865820719], [174.513312816388, -36.8925836657682], [174.513323338335, -36.8925811701429], [174.513333817896, -36.8925788012486], [174.513343957141, -36.8925762474007], [174.513353756247, -36.8925735176108], [174.513363237477, -36.8925706025816], [174.513372367349, -36.8925675117535], [174.513381179522, -36.8925642446977], [174.513389640159, -36.8925607928317], [174.513397783098, -36.8925571647382], [174.513405585898, -36.892553360703], [174.513413048382, -36.892549371715], [174.513420181769, -36.8925451976311], [174.513426975019, -36.8925408476058], [174.51343343935, -36.8925363214962], [174.513439563542, -36.8925316194454], [174.513445358639, -36.8925267322989], [174.513450824638, -36.892521660057], [174.5134559505, -36.8925164118738], [174.513460736224, -36.8925109877496], [174.513465192851, -36.8925053785299], [174.51346932056, -36.8924995932263], [174.513473108131, -36.8924936319817], [174.513476636768, -36.8924876289672], [174.513479999074, -36.8924817272224], [174.513483184006, -36.8924759359018], [174.513486180168, -36.8924702461367], [174.513489009997, -36.8924646576414], [174.513491662454, -36.8924591795703], [174.513494137359, -36.8924538029118], [174.513496445932, -36.8924485275232], [174.513498565913, -36.8924433627016], [174.513500519563, -36.8924382991499], [174.51350228462, -36.8924333461653], [174.513503883168, -36.8924284854391], [174.513505304342, -36.8924237351371], [174.513506548144, -36.8924190952593], [174.513507614217, -36.8924145477828], [174.513508514314, -36.8924101195991], [174.513509225464, -36.8924057839596], [174.51350977046, -36.8924015586014], [174.513510126686, -36.892397434799], [174.513510316581, -36.8923934122664], [174.513510329103, -36.892389500158], [174.513510476078, -36.892385577323], [174.513511080729, -36.8923815314789], [174.513512143057, -36.8923773626258], [174.51351365184, -36.8923730709066], [174.513515606903, -36.8923686473098], [174.513518019818, -36.8923641097153], [174.51352089041, -36.8923594491118], [174.513524207458, -36.892354665642], [174.513527982181, -36.892349759163], [174.513532214579, -36.8923447296748], [174.513536893433, -36.8923395773203], [174.513542029784, -36.892334292945], [174.513547612769, -36.8923288947147], [174.513553653429, -36.892323373475], [174.513560140544, -36.8923177293687], [174.513567085334, -36.8923119622528], [174.51357448762, -36.8923060631158], [174.513582336539, -36.8923000501234], [174.513590631913, -36.8922939142642], [174.513599396003, -36.8922876462406], [174.513608595505, -36.8922812645044], [174.513617972734, -36.892274790366], [174.513627225482, -36.8922682637307], [174.513636353572, -36.8922616755869], [174.51364535718, -36.8922550349463], [174.513654236307, -36.8922483418088], [174.513663001995, -36.8922415870201], [174.513671643201, -36.8922347797346], [174.51368014853, -36.8922279110838], [174.513688540597, -36.8922209897933], [174.513696819402, -36.8922140158631], [174.513704962329, -36.8922069805677], [174.513712980776, -36.8921998927756], [174.513720885961, -36.8921927523439], [174.513728666487, -36.8921855504041], [174.513736322532, -36.8921782959677], [174.513743853918, -36.8921709800233], [174.513751260824, -36.8921636115823], [174.513758543249, -36.8921561906448], [174.513765712235, -36.8921487080564], [174.51377274552, -36.8921411731144], [174.513779665545, -36.892133585533], [174.513786407306, -36.8921260633186], [174.513792928775, -36.8921187512262], [174.513799218556, -36.8921116403873], [174.513805276825, -36.8921047398133], [174.513811103406, -36.8920980404929], [174.513816709517, -36.8920915422832], [174.51382208394, -36.8920852453271], [174.513827226852, -36.8920791586361], [174.513832149117, -36.8920732640443], [174.51383684005, -36.8920675887292], [174.513841299116, -36.8920621056564], [174.513845537892, -36.8920568327058], [174.51384953376, -36.892051761152], [174.513853320557, -36.8920468995775], [174.513856864269, -36.8920422303883], [174.51386018769, -36.8920377713215], [174.513863279423, -36.8920335135085], [174.513866150866, -36.8920294658179], [174.513868779402, -36.8920256195242], [174.513871198689, -36.8920219741985], [174.513873375247, -36.8920185392811], [174.513875540764, -36.892015113518], [174.513877916063, -36.8920115138212], [174.513880478885, -36.892007749488], [174.513883251489, -36.892003811221], [174.513886222656, -36.8919996991631], [174.513889392387, -36.8919954133144], [174.513892760859, -36.8919909626863], [174.513896327716, -36.8919863292559], [174.513900093314, -36.891981531046], [174.513904068695, -36.8919765589022], [174.513908242816, -36.8919714219789], [174.513912615323, -36.8919661022532], [174.51391718657, -36.891960617748], [174.51392195638, -36.8919549594518], [174.513926924753, -36.8919491273645], [174.513932103085, -36.8919431303547], [174.513937479802, -36.8919369505424], [174.513943044041, -36.8919306060934], [174.51394882928, -36.8919240875673], [174.513954801862, -36.891917395393], [174.513960973184, -36.891910538439], [174.513967188848, -36.8919036538785], [174.513973272195, -36.8918968881821], [174.513979234622, -36.8918902502183], [174.513985076129, -36.8918837399871], [174.513990785318, -36.89187734862], [174.513996373588, -36.8918710849857], [174.514001840939, -36.891864949084], [174.514007187191, -36.8918589319035], [174.514012401305, -36.8918530425987], [174.514017483103, -36.8918472721581], [174.514022455199, -36.8918416293073], [174.514027295158, -36.8918361143322], [174.514032002799, -36.8918307182214], [174.514036600741, -36.8918254497004], [174.514041066366, -36.8918203000438], [174.514045411071, -36.8918152781199], [174.514049623639, -36.8918103840718], [174.514053715109, -36.8918056087451], [174.51405768566, -36.8918009611512], [174.514061523894, -36.8917964324217], [174.51406524121, -36.8917920314251], [174.514068870196, -36.8917877036638], [174.514072454661, -36.8917833944972], [174.514075983564, -36.8917791130797], [174.514079456549, -36.8917748413885], [174.51408288519, -36.8917705973034], [174.51408625827, -36.8917663809675], [174.514089586651, -36.8917621742149], [174.514092859469, -36.8917579952115], [174.514096087767, -36.8917538348028], [174.514099271543, -36.8917496929889], [174.514102388539, -36.8917455790671], [174.514105461013, -36.89174148374], [174.514108488967, -36.8917374070078], [174.514111461358, -36.8917333580247], [174.514114389051, -36.8917293186249], [174.514117261181, -36.8917253069744], [174.514120077572, -36.8917213140616], [174.51412284962, -36.891717348755], [174.514125577147, -36.8917134020432], [174.514128248934, -36.8917094740692], [174.51413086498, -36.8917055648329], [174.514133561163, -36.8917017356986], [174.514136473536, -36.8916980570419], [174.514139579305, -36.8916945111258], [174.514142901085, -36.8916911066758], [174.514146416439, -36.8916878439778], [174.514150147627, -36.8916847137344], [174.514154083786, -36.8916817341116], [174.514158224559, -36.8916788870863], [174.514162581523, -36.8916761905384], [174.514167131882, -36.891673626731], [174.514171898253, -36.8916712043896], [174.514176858197, -36.8916689238001], [174.514182034153, -36.8916667846765], [174.514187414903, -36.8916647871617], [174.514193000266, -36.8916629222443], [174.51419880182, -36.8916612078042], [174.51420479677, -36.8916596261044], [174.514210996512, -36.8916581860134], [174.514217412267, -36.891656887388], [174.514224032814, -36.8916557303714], [174.514230858154, -36.8916547149634], [174.514237808151, -36.891653761062], [174.514244813709, -36.8916527794109], [174.514251875007, -36.8916517790215], [174.514258980825, -36.8916507600369], [174.514266130985, -36.8916497134454], [174.514273337063, -36.8916486571271], [174.514280587483, -36.8916475732021], [174.514287904683, -36.8916464613842], [174.514295255363, -36.8916453401254], [174.514302661604, -36.8916441911169], [174.514310123584, -36.8916430233699], [174.514317630084, -36.8916418370276], [174.514325192146, -36.8916406229355], [174.514332798728, -36.891639390248], [174.51434046105, -36.891638138822], [174.514348167892, -36.8916368688007], [174.514355930294, -36.8916355710295], [174.514363748437, -36.8916342545199], [174.514371611099, -36.8916329194148], [174.514379518282, -36.8916315657142], [174.514387481026, -36.8916301842638], [174.514395362386, -36.891628659631], [174.514403036639, -36.8916268762402], [174.514410503782, -36.8916248340916], [174.51441776364, -36.8916225241737], [174.51442481621, -36.8916199464866], [174.514431650453, -36.8916171101848], [174.514438288807, -36.8916140149822], [174.514444708655, -36.8916106521536], [174.514450921215, -36.8916070215559], [174.514456926667, -36.8916031322006], [174.514462725011, -36.8915989840877], [174.514468304848, -36.8915945683488], [174.514473688795, -36.8915898937095], [174.514478854237, -36.8915849514442], [174.514483812569, -36.8915797504214], [174.514488574834, -36.8915742814868], [174.514493107552, -36.8915685540808], [174.514497444202, -36.8915625587629], [174.514501573743, -36.8915563046878], [174.514505495997, -36.8915497828437], [174.514509199924, -36.8915430023855], [174.514512834932, -36.8915361416823], [174.514516516775, -36.8915293795327], [174.514520245452, -36.8915227159368], [174.514524043581, -36.8915161596197], [174.514527877324, -36.8915097019993], [174.514531780519, -36.8915033516579], [174.514535719151, -36.8914970910016], [174.514539727412, -36.8914909466358], [174.51454378233, -36.891484891812], [174.51454788426, -36.8914789445532], [174.514552044244, -36.891473095705], [174.514556262282, -36.8914673452672], [174.514560527333, -36.8914617023945], [174.514564839218, -36.8914561580753], [174.514569209335, -36.891450721178], [174.514573637505, -36.8914453826912], [174.514578112511, -36.891440142758], [174.51458264557, -36.8914350012352], [174.514587225641, -36.8914299672773], [174.514591863767, -36.89142503173], [174.514596548905, -36.8914202037475], [174.514601202878, -36.8914155023541], [174.514605736825, -36.8914109737513], [174.514610139168, -36.8914066000591], [174.514614421485, -36.8914023991574], [174.514618572377, -36.8913983621779], [174.514622603064, -36.8913944889775], [174.514626513546, -36.8913907795563], [174.514630303822, -36.8913872339141], [174.514633962675, -36.8913838521942], [174.514637501501, -36.8913806432649], [174.514640908902, -36.8913775982578], [174.51464420714, -36.8913747078754], [174.514647362913, -36.8913719905697], [174.5146504097, -36.8913694369002], [174.514653325241, -36.8913670561644], [174.514656120399, -36.8913648301964], [174.514658784311, -36.8913627771621], [174.51466133906, -36.8913608787525], [174.514663751344, -36.8913591534197], [174.514666054642, -36.8913575917231], [174.514668226517, -36.8913561939489], [174.514670388775, -36.8913548774205], [174.514672652005, -36.8913535596048], [174.514675016206, -36.8913522405016], [174.514677492777, -36.8913509289794], [174.514680058922, -36.8913496073014], [174.514682726039, -36.891348284336], [174.514685505347, -36.8913469599401], [174.514688374408, -36.8913456343997], [174.514691355659, -36.8913443074289], [174.514694426663, -36.8913429793137], [174.514697610036, -36.8913416587794], [174.514700894203, -36.8913403279462], [174.514704279341, -36.8913389958255], [174.514707765452, -36.8913376624173], [174.514711352534, -36.8913363277216], [174.514715040587, -36.8913349917384], [174.514718829612, -36.8913336544677], [174.514722719788, -36.8913323249209], [174.514726710756, -36.8913309850752], [174.514730813916, -36.8913296437988], [174.514735006828, -36.8913283013779], [174.514739321903, -36.8913268943033], [174.514743758073, -36.8913253685064], [174.51474831516, -36.8913237149756], [174.51475300456, -36.8913219425794], [174.514757814877, -36.8913200424494], [174.51476274611, -36.8913180145856], [174.514767798438, -36.8913158679993], [174.514772982901, -36.8913135935362], [174.514778299499, -36.891311191196], [174.514783725973, -36.8913086702765], [174.514789284582, -36.89130602148], [174.514794975505, -36.891303253818], [174.514800776125, -36.8913003585651], [174.514806709058, -36.8912973444465], [174.514812773948, -36.8912941934395], [174.51481896011, -36.8912909327214], [174.514825267011, -36.8912875352578], [174.514831695005, -36.8912840190716], [174.514838255312, -36.8912803840198], [174.514844936536, -36.8912766212338], [174.514851738675, -36.8912727307137], [174.514858503772, -36.8912686694052], [174.514865062472, -36.8912643853855], [174.514871414776, -36.8912598786546], [174.514877549463, -36.8912551493555], [174.514883477754, -36.8912501973454], [174.514889211044, -36.8912450314926], [174.514894726541, -36.8912396340603], [174.514900035641, -36.8912340139171], [174.514905138522, -36.8912281800742], [174.514910023609, -36.891222114652], [174.514914713696, -36.8912158353873], [174.514919185989, -36.8912093245432], [174.514923463282, -36.8912025998567], [174.51492752296, -36.8911956526023], [174.514931376062, -36.8911884736256], [174.514935022946, -36.8911810809495], [174.514938452214, -36.8911734657057], [174.514941686304, -36.891165627608], [174.514944702779, -36.8911575669426], [174.514947524075, -36.8911492834233], [174.514950127757, -36.8911407773363], [174.514952596274, -36.8911322459318], [174.514954989286, -36.8911238687231], [174.514957307148, -36.8911156637331], [174.51495954986, -36.8911076309618], [174.514961717066, -36.8910997523863], [174.514963820164, -36.8910920368751], [174.514965848112, -36.8910844935825], [174.514967800554, -36.8910771044858], [174.514969677847, -36.8910698876079], [174.514971491031, -36.8910628337941], [174.514973217668, -36.8910559433307], [174.514974880376, -36.891049224943], [174.514976467577, -36.8910426607512], [174.51497799067, -36.8910362596236], [174.514979427395, -36.8910300308578], [174.514980800012, -36.8910239651562], [174.5149820973, -36.8910180626619], [174.514983319262, -36.891012323375], [174.514984465896, -36.8910067472953], [174.514985537203, -36.891001334423], [174.51498654458, -36.8909960936264], [174.514987542341, -36.8909909340757], [174.514988584799, -36.8909857649414], [174.514989672312, -36.8909806042461], [174.514990815742, -36.8909754338241], [174.514992015444, -36.8909702716982], [174.514993259845, -36.8909650999885], [174.514994560519, -36.8909599365749], [174.514995906069, -36.890954772589], [174.514997307536, -36.8909495988763], [174.514998754057, -36.8909444336028], [174.515000256494, -36.8909392586024], [174.515001803986, -36.8909340920412], [174.515003407395, -36.8909289157531], [174.515005067076, -36.8909237477611], [174.515006771634, -36.8909185791969], [174.515008520889, -36.8909134010488], [174.515010326418, -36.8909082311969], [174.515012187863, -36.8909030516181], [174.515014094362, -36.8908978804784], [174.515016056778, -36.8908926996119], [174.515018064248, -36.8908875271845], [174.515020094869, -36.8908823905167], [174.515022138311, -36.8908773348087], [174.515024172137, -36.8908723603467], [174.515026218963, -36.8908674758559], [174.515028255994, -36.8908626635996], [174.515030306026, -36.8908579413146], [174.515032346263, -36.8908532912642], [174.515034399501, -36.8908487311849], [174.515036442944, -36.8908442433402], [174.515038499387, -36.8908398454668], [174.515040546214, -36.8908355288393], [174.515042605863, -36.8908312931717], [174.515044655896, -36.8908271387499], [174.51504671875, -36.8908230652881], [174.515048771989, -36.8908190730721], [174.515050838049, -36.890815161816], [174.515052894494, -36.8908113318059], [174.515054963938, -36.890807591767], [174.515057023589, -36.8908039239626], [174.515059096061, -36.8908003371181], [174.515061159095, -36.8907968405309], [174.515063267362, -36.8907933613943], [174.51506545327, -36.8907898361989], [174.51506770578, -36.8907862740993], [174.515070035933, -36.8907826659409], [174.515072443727, -36.8907790117238], [174.51507492952, -36.8907753294708], [174.515077492777, -36.8907715921476], [174.515080122635, -36.8907678179201], [174.515082841533, -36.8907640065022], [174.515085626854, -36.8907601491686], [174.515088489817, -36.8907562457762], [174.5150914306, -36.8907523053365], [174.515094437806, -36.890748318981], [174.515097522833, -36.8907442955782], [174.515100685501, -36.8907402261165], [174.51510392599, -36.8907361196075], [174.515107244121, -36.8907319670397], [174.515110640072, -36.8907277774245], [174.515114102445, -36.8907235418935], [174.515117642639, -36.8907192693151], [174.515121260475, -36.8907149506779], [174.515124863707, -36.8907104609663], [174.515128359912, -36.8907056661536], [174.515131737691, -36.8907005573713], [174.515135019839, -36.8906951523563], [174.51513818374, -36.8906894423832], [174.515141251832, -36.8906834271659], [174.515144201499, -36.890677097979], [174.515147044316, -36.8906704727025], [174.515149791324, -36.8906635421818], [174.515152419907, -36.8906562976916], [174.51515494164, -36.8906487571117], [174.515157356345, -36.8906409114307], [174.515159663844, -36.8906327516372], [174.515161864494, -36.8906242957541], [174.515163958115, -36.8906155347698], [174.515165933311, -36.8906064598161], [174.515167812876, -36.8905970886297], [174.515169585235, -36.8905874033307], [174.515171239525, -36.8905774220852], [174.515172797829, -36.8905671265841], [174.515174238063, -36.8905565351365], [174.515175701626, -36.8905459884598], [174.51517729697, -36.8905358637467], [174.515179023738, -36.8905261429742], [174.515180893328, -36.8905168350106], [174.515182905562, -36.8905079308446], [174.515185038357, -36.8904994487852], [174.515187325015, -36.8904913703802], [174.515189732056, -36.8904837050704], [174.515192293137, -36.8904764524264], [174.515194985822, -36.8904696127344], [174.515197810108, -36.8904631859945], [174.51520076582, -36.8904571631952], [174.515203864352, -36.8904515532047], [174.515207105707, -36.8904463560232], [174.515210478664, -36.8904415717937], [174.515213983223, -36.8904372005161], [174.515217630426, -36.890433233036], [174.515221420451, -36.8904296783647], [174.515225331038, -36.8904265457999], [174.515229395309, -36.890423807878], [174.515233580142, -36.8904214920625], [174.515237925247, -36.8904193364494], [174.51524240302, -36.8904170799933], [174.515247036254, -36.8904147404308], [174.515251813553, -36.8904123088935], [174.515256745958, -36.890409776227], [174.515261822605, -36.8904071605972], [174.515267043317, -36.8904044529926], [174.515272419134, -36.8904016442586], [174.515277939194, -36.8903987525612], [174.515283603319, -36.8903957688891], [174.515289422549, -36.8903926840875], [174.515295386021, -36.8903895163225], [174.515301504776, -36.8903862564394], [174.515307767418, -36.89038289557], [174.515314174302, -36.8903794517371], [174.51532073647, -36.8903759157861], [174.515327442523, -36.8903722788487], [174.515334292819, -36.8903685589477], [174.515341298398, -36.8903647469285], [174.515348448041, -36.8903608429343], [174.515355741569, -36.8903568379536], [174.515363203738, -36.8903528488487], [174.515370836327, -36.8903489657341], [174.515378650558, -36.8903451884665], [174.515386635387, -36.8903415262005], [174.515394790638, -36.8903379699246], [174.515403127529, -36.8903345194957], [174.515411634842, -36.8903311750569], [174.515420312754, -36.8903279456195], [174.515429172306, -36.8903248220289], [174.51543820228, -36.8903218044283], [174.515447402853, -36.890318901829], [174.515456784889, -36.890316096065], [174.515466337524, -36.8903134053022], [174.515476071978, -36.8903108293975], [174.515485965456, -36.8903083506142], [174.515496051971, -36.8903059865459], [174.51550629769, -36.8903037286102], [174.515516725049, -36.8903015765211], [174.515527323007, -36.8902995394329], [174.515538102428, -36.8902975991796], [174.515549052449, -36.8902957739272]]}, "properties": {"OBJECTID": 3042, "TRACKNAME": "Upper Kauri Track", "CONDITIONSOFUSE": "Waitakere West Regional Park", "STATUS": "Open", "WEBLINK": "https://www.aucklandcouncil.govt.nz/en/parks-recreation/find-park-beach/park-detail/3451.html", "VALIDATIONSTATE": 3, "created_user": "AC_owner", "last_edited_user": "AC_owner", "last_edited_date": 1789875254325, "created_date": 1789875254325, "PARK_SAPSITEID": null, "TRACK_ID": null, "KAURIDIEBACK_TRACK": null, "KAURIDIEBACK_MITIGATED": null, "SegmentID": null, "GlobalID": "4b355d83-02ba-4eca-ad63-12b583810a26", "Shape__Length": 1666.5225615162187, "_COUNCIL_TRACKNAME": "Upper Kauri Track"}}, {"type": "Feature", "id": 1967, "geometry": {"type": "LineString", "coordinates": [[175.270063735149, -37.0383500071254], [175.270074024104, -37.0384085891343], [175.270075439572, -37.0384402586964], [175.270076873286, -37.0384725407532], [175.270078686165, -37.0385058519794], [175.270083661127, -37.0385422840584], [175.27008518938, -37.0385694362419], [175.27009344507, -37.0386073105931], [175.270099942324, -37.0386416316635], [175.270110854825, -37.0386894409089], [175.270124348875, -37.038733712932], [175.270134160874, -37.0387634463161], [175.270146123972, -37.0388019887106], [175.270157105809, -37.0388404237137], [175.270166078805, -37.0388691637649], [175.270178062537, -37.0389046235151], [175.270191690305, -37.0389413045172], [175.270201502898, -37.0389710559075], [175.270214185866, -37.0390114951438], [175.270226961555, -37.0390505176546], [175.270241193836, -37.0390825817347], [175.27025594865, -37.0391121844334], [175.270271144225, -37.0391403547312], [175.270295152915, -37.0391730247386], [175.27032441952, -37.0391938779471], [175.27035365927, -37.0392074135839], [175.270383841972, -37.039220147081], [175.270419946885, -37.0392365704272], [175.270451173723, -37.0392549166739], [175.27048002496, -37.039270127013], [175.270528780326, -37.0392904177846], [175.270571787865, -37.0393034374207], [175.270631982557, -37.0393182639045], [175.270663720578, -37.03932659653], [175.270709307928, -37.0393401705512], [175.270746659579, -37.0393561733777], [175.270774573358, -37.0393753850792], [175.270800546457, -37.0394049261074], [175.270813191216, -37.0394304865132], [175.270826692345, -37.0394674312185], [175.270841623942, -37.0395044656917], [175.270854420883, -37.0395404144874], [175.270861155634, -37.0395694857347], [175.270868417197, -37.03961019994], [175.270877777296, -37.0396405998121], [175.27089449373, -37.0396816917333], [175.27090824967, -37.0397245436884], [175.270923642469, -37.0397687522077], [175.270936437215, -37.0398004742137], [175.270959041407, -37.0398444725335], [175.270980486738, -37.0398914581232], [175.270992609278, -37.0399262752387], [175.2710073068, -37.0399724257147], [175.271021237414, -37.0400192487807], [175.271035700547, -37.0400673414087], [175.271047464965, -37.0401052295942], [175.271064335867, -37.0401533842566], [175.271073660262, -37.0401863533292], [175.271083981783, -37.0402278831185], [175.2710852369, -37.0402669819496], [175.271074889827, -37.0402966506815], [175.271058003559, -37.0403419189484], [175.271036667359, -37.0403910306057], [175.271017395069, -37.0404290445089], [175.271004904094, -37.040454302161], [175.270984549559, -37.040486181309], [175.270964075572, -37.0405114115832], [175.270948915014, -37.040537630605], [175.270935632644, -37.040573682246], [175.270914780301, -37.0406122491101], [175.270896892312, -37.0406416386476], [175.270878182995, -37.0406819489249], [175.270855565084, -37.0407167283266], [175.270832892267, -37.0407538159522], [175.270820075455, -37.0407858751809], [175.270805266785, -37.0408306980707], [175.270804718779, -37.0408794656956], [175.270802592468, -37.0409182777936], [175.270813274557, -37.0409677586552], [175.270825475472, -37.0410150114041], [175.270831539778, -37.0410506294795], [175.270833932062, -37.0411007287105], [175.270837478568, -37.0411518332535], [175.270839090984, -37.0411878339858], [175.27084272419, -37.0412335474476], [175.270845844926, -37.0412748906918], [175.270851962176, -37.0413043612883], [175.270865268893, -37.0413408050022], [175.270884535123, -37.0413746381567], [175.270902084178, -37.0413983832566], [175.270926895386, -37.0414307853959], [175.27096379642, -37.041461811434], [175.271005799783, -37.0414844753708], [175.271035894613, -37.0414991300084], [175.271073508791, -37.0415205080902], [175.271105235202, -37.0415393582824], [175.271135988063, -37.0415579837758], [175.271181339125, -37.0415805564978], [175.271209113646, -37.0415969498609], [175.271239183189, -37.0416250874906], [175.271261084144, -37.0416496143758], [175.271283911799, -37.0416841092546], [175.271304937363, -37.041728678465], [175.271316114882, -37.0417604404011], [175.271331763799, -37.0418064283961], [175.271339045967, -37.0418549829519], [175.27134535531, -37.0418923987803], [175.271361654014, -37.0419349135603], [175.271388213899, -37.0419671288909], [175.271410756994, -37.0419882998429], [175.271441655568, -37.0420061473941], [175.271477649349, -37.0420093603301], [175.271511634775, -37.04201761361], [175.271747323801, -37.0420887759818], [175.271795185907, -37.0421092004659], [175.271830725955, -37.042123966877], [175.271852570712, -37.0421477286684], [175.271886785449, -37.0421746060874], [175.271910807203, -37.0421940813177], [175.271936366936, -37.0422176277221], [175.271960277811, -37.0422405478049], [175.271986623185, -37.0422629165458], [175.272012237137, -37.0422852632442], [175.272041115049, -37.0423103682845], [175.272063926037, -37.0423322189172], [175.272087888967, -37.0423534887054], [175.27211484902, -37.0423742234064], [175.272151771769, -37.0424044375239], [175.272190950908, -37.0424345362965], [175.272221930991, -37.0424577444564], [175.272257651572, -37.0424906222083], [175.272293556263, -37.0425236406195], [175.272319150115, -37.0425464382535], [175.272350900846, -37.0425747506565], [175.272385459354, -37.0426029641853], [175.272412718215, -37.0426265500215], [175.272442717074, -37.0426515343422], [175.272486096499, -37.0426841120461], [175.272528577105, -37.0427216097053], [175.272560309635, -37.042750814626], [175.272598490798, -37.0427885298381], [175.272631950739, -37.042827777501], [175.27266157349, -37.0428650258392], [175.272684952445, -37.0428927145102], [175.272722807968, -37.0429289308491], [175.272755034106, -37.0429547015413], [175.272800994062, -37.0429882210312], [175.272852677944, -37.0430236675994], [175.272890812309, -37.0430507579863], [175.272936691106, -37.0430868294868], [175.272978740934, -37.0431204238501], [175.273004224335, -37.0431466661828], [175.273034899063, -37.043179595342], [175.273068312663, -37.0432089841942], [175.273095312463, -37.0432348008939], [175.273120417665, -37.0432611766231], [175.273144955954, -37.043287391978], [175.273162680603, -37.0433173609232], [175.2731623184, -37.0433466761959], [175.273158314621, -37.0433790443785], [175.27314827227, -37.0434196665118], [175.273139492405, -37.0434498461079], [175.273126676133, -37.0434898184445], [175.273113545471, -37.0435275437058], [175.273106673984, -37.0435561185606], [175.273096588936, -37.0435979491695], [175.273087666958, -37.0436384416726], [175.273084466918, -37.0436694876475], [175.273071938191, -37.043711563368], [175.273061848099, -37.0437539798763], [175.273055969909, -37.0437864560827], [175.273048595358, -37.0438313349977], [175.27303847136, -37.0438745001829], [175.273031855301, -37.0439071167049], [175.273021231846, -37.0439486151554], [175.273011854524, -37.0439855294444], [175.273010096367, -37.0440178005024], [175.273002536614, -37.0440625027156], [175.272994935848, -37.0441024381544], [175.272993671846, -37.0441369528401], [175.272996850784, -37.0441666328297], [175.273014245244, -37.0441949498385], [175.273035578648, -37.0442166122904], [175.273057837009, -37.0442387526904], [175.273078643418, -37.0442544319893], [175.273127300895, -37.0442841234299], [175.273159435345, -37.0443007661928], [175.273202224979, -37.0443225760837], [175.273238637431, -37.0443454364852], [175.273262488296, -37.0443697002806], [175.273278612734, -37.0444029263147], [175.273296082219, -37.0444288535547], [175.273321766516, -37.0444546503473], [175.273355088099, -37.0444749022943], [175.273385788115, -37.0444894365539], [175.273426289869, -37.0445008809003], [175.273483954858, -37.044518187701], [175.273547081005, -37.04453426322], [175.273597469456, -37.0445454638805], [175.273629643783, -37.0445547696546], [175.273661573051, -37.0445660358091], [175.273692527798, -37.0445781768179], [175.273733538212, -37.0445972448067], [175.273773437508, -37.0446160006271], [175.273814584323, -37.044630595822], [175.273868327621, -37.0446479686172], [175.273919397737, -37.0446676908091], [175.273956429345, -37.0446826532619], [175.274002592408, -37.0447033347044], [175.274048630603, -37.0447168176169], [175.274083087282, -37.0447249889976], [175.274125096476, -37.044735701226], [175.274167236008, -37.0447485198409], [175.274199056456, -37.0447629152368], [175.274226796609, -37.0447826160674], [175.274267538033, -37.0448103679649], [175.274295122893, -37.0448290082941], [175.274324270025, -37.0448574241425], [175.274358369705, -37.0448826357197], [175.274387528845, -37.0449050490646], [175.274418112329, -37.0449288500298], [175.274446850859, -37.0449526142738], [175.274477294858, -37.0449755076462], [175.274502174288, -37.0449912707872], [175.274531844116, -37.0450145935642], [175.274553492876, -37.0450385117933], [175.274572334657, -37.0450682067312], [175.274589230701, -37.0450948657603], [175.274605487621, -37.0451234656989], [175.274617336777, -37.0451501674556], [175.274624993744, -37.0451799327272], [175.274627711669, -37.0452118475637], [175.27462725234, -37.0452442919895], [175.274629534483, -37.0452729076351], [175.27462988075, -37.0453037143766], [175.274630585037, -37.0453348386968], [175.274630387132, -37.0453764166774], [175.274634263411, -37.0454200163962], [175.274636425373, -37.0454517616476], [175.274639378473, -37.0454889171858], [175.274645838008, -37.0455207512369], [175.274665382673, -37.0455461157353], [175.274690695761, -37.0455654754721], [175.274724818623, -37.0455782674086], [175.27476002292, -37.0455858564625], [175.274793266988, -37.0455850294818], [175.274827429607, -37.0455724146821], [175.274856393642, -37.0455532574649], [175.2748923287, -37.0455318485962], [175.274929712385, -37.0455115114384], [175.274964486154, -37.0454911252027], [175.275006780775, -37.0454635559894], [175.275041666745, -37.0454337496256], [175.275065380447, -37.0454097092322], [175.275095221654, -37.0453803961841], [175.275129959097, -37.0453610560358], [175.275164848031, -37.0453490490608], [175.275198227726, -37.0453437311929], [175.275228818634, -37.0453440454962], [175.275262748804, -37.0453447373285], [175.275292910662, -37.0453608045019]]}, "properties": {"OBJECTID": 1967, "TRACKNAME": "Upper Link Track", "CONDITIONSOFUSE": "Waharau Regional Park", "STATUS": "Temp Closed", "WEBLINK": "https://www.aucklandcouncil.govt.nz/en/parks-recreation/find-park-beach/park-detail/233.html", "VALIDATIONSTATE": 3, "created_user": "AC_owner", "last_edited_user": "AC_owner", "last_edited_date": 1789875254325, "created_date": 1789875254325, "PARK_SAPSITEID": null, "TRACK_ID": null, "KAURIDIEBACK_TRACK": null, "KAURIDIEBACK_MITIGATED": null, "SegmentID": null, "GlobalID": "a10e42e3-f64b-4917-b402-2e6ff513bfde", "Shape__Length": 1075.4245034879166, "_COUNCIL_TRACKNAME": "Upper Link Track"}}, {"type": "Feature", "id": 98, "geometry": {"type": "LineString", "coordinates": [[175.090005514414, -37.0672179499834], [175.090096709572, -37.0672009578081], [175.090234723433, -37.0672166763591], [175.090311094163, -37.0672152128266], [175.090401822593, -37.0671828620389], [175.090493088479, -37.0671688605204], [175.090569447907, -37.0671673970212], [175.090668178429, -37.0671471351357], [175.090743081012, -37.0670967133401], [175.090795814148, -37.0670712059116], [175.090878898314, -37.0670389985723], [175.090954898915, -37.067025292933], [175.091023995478, -37.0670362144574], [175.091063088464, -37.0670660779766], [175.09114055736, -37.0671013301931], [175.091210382447, -37.0671367261867], [175.091318583524, -37.0671775107889], [175.091410947942, -37.0672002338487], [175.091495691254, -37.0672231092951], [175.091611322999, -37.0672576159094], [175.091664964285, -37.0672627171307], [175.091764972541, -37.0672852870397], [175.091864801563, -37.0673017404226], [175.091949544864, -37.0673246065282], [175.092086449163, -37.0673036068475], [175.092200455685, -37.0672830471085], [175.092313172642, -37.0672196547739], [175.092388444058, -37.0671814646482], [175.092477691077, -37.0671001545672], [175.092529885324, -37.0670562880643], [175.092573863893, -37.066994216741], [175.092572035734, -37.0669330169299], [175.092532392738, -37.0668847958014], [175.09247783227, -37.0668491041655], [175.092416009403, -37.0668257978971], [175.092370180568, -37.066826678749], [175.092187089487, -37.0668363176255], [175.09207327417, -37.0668629935734], [175.091958730101, -37.066865194845], [175.091821265714, -37.066867827415], [175.091683084219, -37.066845994062], [175.091605615355, -37.0668107421984], [175.091497414667, -37.0667699578444], [175.091396857681, -37.0667290205392], [175.09121373666, -37.0666728659327]]}, "properties": {"OBJECTID": 98, "TRACKNAME": "Upper Lookout Walk", "CONDITIONSOFUSE": "Hunua Ranges Regional Park", "STATUS": "Open", "WEBLINK": "https://www.aucklandcouncil.govt.nz/en/parks-recreation/find-park-beach/park-detail/213.html", "VALIDATIONSTATE": 3, "created_user": "AC_owner", "last_edited_user": "AC_owner", "last_edited_date": 1789875254325, "created_date": 1789875254325, "PARK_SAPSITEID": null, "TRACK_ID": null, "KAURIDIEBACK_TRACK": null, "KAURIDIEBACK_MITIGATED": null, "SegmentID": null, "GlobalID": "a991f8bb-136c-49dc-99d1-b47ee459e773", "Shape__Length": 392.4207308419436, "_COUNCIL_TRACKNAME": "Upper Lookout Walk"}}, {"type": "Feature", "id": 1204, "geometry": {"type": "LineString", "coordinates": [[175.090422805681, -37.0668378114394], [175.090702344908, -37.0667448649135], [175.091037817123, -37.06669464279], [175.09121373666, -37.0666728659327]]}, "properties": {"OBJECTID": 1204, "TRACKNAME": "Upper Lookout Walk", "CONDITIONSOFUSE": "Hunua Ranges Regional Park", "STATUS": "Open", "WEBLINK": "https://www.aucklandcouncil.govt.nz/en/parks-recreation/find-park-beach/park-detail/213.html", "VALIDATIONSTATE": 3, "created_user": "AC_owner", "last_edited_user": "AC_owner", "last_edited_date": 1789875254325, "created_date": 1789875254325, "PARK_SAPSITEID": null, "TRACK_ID": null, "KAURIDIEBACK_TRACK": null, "KAURIDIEBACK_MITIGATED": null, "SegmentID": null, "GlobalID": "a4f53edb-d619-404d-bd05-d9d8ecc9cd25", "Shape__Length": 73.09913403013991, "_COUNCIL_TRACKNAME": "Upper Lookout Walk"}}, {"type": "Feature", "id": 1457, "geometry": {"type": "LineString", "coordinates": [[175.09121373666, -37.0666728659327], [175.091563109983, -37.066629634327], [175.09176777111, -37.0664693115681], [175.091895403253, -37.0662799387506], [175.091841554371, -37.0660711639209], [175.091620583543, -37.0658960524782]]}, "properties": {"OBJECTID": 1457, "TRACKNAME": "Upper Lookout Walk", "CONDITIONSOFUSE": "Hunua Ranges Regional Park", "STATUS": "Open", "WEBLINK": "https://www.aucklandcouncil.govt.nz/en/parks-recreation/find-park-beach/park-detail/213.html", "VALIDATIONSTATE": 3, "created_user": "AC_owner", "last_edited_user": "AC_owner", "last_edited_date": 1789875254325, "created_date": 1789875254325, "PARK_SAPSITEID": null, "TRACK_ID": null, "KAURIDIEBACK_TRACK": null, "KAURIDIEBACK_MITIGATED": null, "SegmentID": null, "GlobalID": "904b3410-5305-4aaf-b1ea-6ba10df141ee", "Shape__Length": 132.07919454040382, "_COUNCIL_TRACKNAME": "Upper Lookout Walk"}}, {"type": "Feature", "id": 132, "geometry": {"type": "LineString", "coordinates": [[174.605403918117, -36.9444012702945], [174.605305846741, -36.9443716708848], [174.605260470999, -36.9443348872579], [174.605232168138, -36.9442891927725], [174.605223610621, -36.9442458182148], [174.605225392653, -36.9441830419704], [174.605243093891, -36.9441007976171], [174.60523734993, -36.9440031326199], [174.605217573473, -36.9439575842455], [174.605158513228, -36.9438974422548], [174.605148420575, -36.9438761625626], [174.605154080794, -36.9438440790181], [174.605188570826, -36.9437533062458]]}, "properties": {"OBJECTID": 132, "TRACKNAME": "Upper Loop", "CONDITIONSOFUSE": "Waitakere Central Regional Park", "STATUS": "Open", "WEBLINK": "https://www.aucklandcouncil.govt.nz/en/parks-recreation/find-park-beach/park-detail/204.html", "VALIDATIONSTATE": 3, "created_user": "AC_owner", "last_edited_user": "AC_owner", "last_edited_date": 1789875254325, "created_date": 1789875254325, "PARK_SAPSITEID": null, "TRACK_ID": null, "KAURIDIEBACK_TRACK": null, "KAURIDIEBACK_MITIGATED": null, "SegmentID": null, "GlobalID": "dc8f1ad3-5f2a-4b7b-8d1a-fe321f19c549", "Shape__Length": 83.18961804650532, "_COUNCIL_TRACKNAME": "Upper Loop"}}, {"type": "Feature", "id": 669, "geometry": {"type": "LineString", "coordinates": [[174.605134560447, -36.9437149357394], [174.605232246116, -36.9437738254584], [174.605364580849, -36.9438206912839], [174.605506599785, -36.9438575922571], [174.605534259672, -36.9438870980723], [174.60552822353, -36.943925874751], [174.605436455848, -36.943999169712], [174.605390492859, -36.9440580005183], [174.605373948092, -36.9440963514228], [174.605366658651, -36.9441867114072], [174.605441536264, -36.944273346486], [174.605471220794, -36.9443238715135], [174.605458199992, -36.9443530260524], [174.605403918117, -36.9444012702945]]}, "properties": {"OBJECTID": 669, "TRACKNAME": "Upper Loop", "CONDITIONSOFUSE": "Waitakere Central Regional Park", "STATUS": "Open", "WEBLINK": "https://www.aucklandcouncil.govt.nz/en/parks-recreation/find-park-beach/park-detail/204.html", "VALIDATIONSTATE": 3, "created_user": "AC_owner", "last_edited_user": "AC_owner", "last_edited_date": 1789875254325, "created_date": 1789875254325, "PARK_SAPSITEID": null, "TRACK_ID": null, "KAURIDIEBACK_TRACK": null, "KAURIDIEBACK_MITIGATED": null, "SegmentID": null, "GlobalID": "395b73fa-9a04-492d-957c-c8cdf951e8ea", "Shape__Length": 107.82559820393972, "_COUNCIL_TRACKNAME": "Upper Loop"}}, {"type": "Feature", "id": 981, "geometry": {"type": "LineString", "coordinates": [[174.604580995522, -36.9440919724516], [174.604547741448, -36.9441852827819], [174.604540020895, -36.9442466241004], [174.604546359252, -36.9443067109318], [174.604574799992, -36.9443727562596], [174.604617094956, -36.9444178814398], [174.604677945908, -36.9444636039947], [174.605010286495, -36.9446077359503], [174.605049351064, -36.9446350380325], [174.605084990504, -36.9446982980831], [174.60509775016, -36.9447818657287], [174.60509686906, -36.9448322992878], [174.605069528734, -36.9449390365691], [174.605075949689, -36.9449738690573], [174.605211879626, -36.9451244825423], [174.605319096277, -36.945224125935], [174.605378885055, -36.945267022314], [174.605470395505, -36.9452899051531], [174.605584779854, -36.9452736285246], [174.605644566012, -36.9452533165805], [174.605815521419, -36.9451673068329], [174.605889634903, -36.9451161081499], [174.606042652822, -36.944936830808], [174.606129298637, -36.9448791809348]]}, "properties": {"OBJECTID": 981, "TRACKNAME": "Upper Loop", "CONDITIONSOFUSE": "Waitakere Central Regional Park", "STATUS": "Open", "WEBLINK": "https://www.aucklandcouncil.govt.nz/en/parks-recreation/find-park-beach/park-detail/204.html", "VALIDATIONSTATE": 3, "created_user": "AC_owner", "last_edited_user": "AC_owner", "last_edited_date": 1789875254325, "created_date": 1789875254325, "PARK_SAPSITEID": null, "TRACK_ID": null, "KAURIDIEBACK_TRACK": null, "KAURIDIEBACK_MITIGATED": null, "SegmentID": null, "GlobalID": "aa4b40ec-c329-453c-b857-25ace80e8f16", "Shape__Length": 250.50939402606465, "_COUNCIL_TRACKNAME": "Upper Loop"}}, {"type": "Feature", "id": 2473, "geometry": {"type": "LineString", "coordinates": [[174.606131206455, -36.9448834013973], [174.606106961365, -36.944827764408], [174.606072650405, -36.9447831609199], [174.605924172292, -36.9446398081819], [174.605660735305, -36.9444193128536], [174.605609090462, -36.9444037959198], [174.605463622152, -36.944409125013], [174.605403918117, -36.9444012702945]]}, "properties": {"OBJECTID": 2473, "TRACKNAME": "Upper Loop", "CONDITIONSOFUSE": "Waitakere Central Regional Park", "STATUS": "Open", "WEBLINK": "https://www.aucklandcouncil.govt.nz/en/parks-recreation/find-park-beach/park-detail/204.html", "VALIDATIONSTATE": 3, "created_user": "AC_owner", "last_edited_user": "AC_owner", "last_edited_date": 1789875254325, "created_date": 1789875254325, "PARK_SAPSITEID": null, "TRACK_ID": null, "KAURIDIEBACK_TRACK": null, "KAURIDIEBACK_MITIGATED": null, "SegmentID": null, "GlobalID": "a5ba3f8f-ab64-483b-9a3a-c63ece721bff", "Shape__Length": 90.20948843051528, "_COUNCIL_TRACKNAME": "Upper Loop"}}, {"type": "Feature", "id": 920, "geometry": {"type": "LineString", "coordinates": [[175.191146660469, -37.0559350815065], [175.191175491176, -37.0560444835093], [175.191098781725, -37.0561755641924], [175.190973031139, -37.0564586639803], [175.1906870022, -37.0567882373798], [175.190590783194, -37.0571571131148], [175.190519495186, -37.0574607371669], [175.190390888407, -37.0576575671642], [175.190152743194, -37.0577918996927], [175.189948119111, -37.0581413273934], [175.189820322158, -37.0583597628745], [175.189583400111, -37.058537142548], [175.189101666099, -37.05863317044], [175.188728850071, -37.0587701666487], [175.188517468116, -37.0589039118042], [175.188196545059, -37.0589750763962], [175.187977793215, -37.0588715216349], [175.187440868977, -37.0589254903569], [175.186956989145, -37.0589567671328], [175.186687859527, -37.058962091179], [175.186394428204, -37.0590543649666], [175.186238316399, -37.0592301578268], [175.18616425178, -37.0594475086419], [175.185818398429, -37.0595839085475], [175.185549167814, -37.0595893220243], [175.18511585324, -37.0595116170962], [175.184790119179, -37.0594317481015], [175.184580156654, -37.0596086211903], [175.184479923073, -37.0598480832221], [175.184378981482, -37.0600660182666], [175.184251061551, -37.0602843600851], [175.184036395739, -37.0603102959149], [175.183573438281, -37.0601468093725], [175.183306970924, -37.0602384889195], [175.183125203345, -37.0604580013279], [175.182668272627, -37.0604886744158], [175.182539124565, -37.0606639661668], [175.182525916722, -37.060941200441]]}, "properties": {"OBJECTID": 920, "TRACKNAME": "Upper Mangatawhiri Track", "CONDITIONSOFUSE": "Hunua Ranges Regional Park", "STATUS": "Open", "WEBLINK": "https://www.aucklandcouncil.govt.nz/en/parks-recreation/find-park-beach/park-detail/213.html", "VALIDATIONSTATE": 3, "created_user": "AC_owner", "last_edited_user": "AC_owner", "last_edited_date": 1789875254325, "created_date": 1789875254325, "PARK_SAPSITEID": null, "TRACK_ID": null, "KAURIDIEBACK_TRACK": null, "KAURIDIEBACK_MITIGATED": null, "SegmentID": null, "GlobalID": "948246aa-86c9-422e-badc-d3e3922b92e6", "Shape__Length": 1129.8258080219032, "_COUNCIL_TRACKNAME": "Upper Mangatawhiri Track"}}, {"type": "Feature", "id": 2799, "geometry": {"type": "LineString", "coordinates": [[175.222269716984, -37.0428878453558], [175.222265877088, -37.0428897198103], [175.221737928627, -37.0431511902119], [175.221467793728, -37.0432439243293], [175.220939760116, -37.0435281890212], [175.220270770628, -37.0437221014586], [175.219914334825, -37.0438376217678], [175.219353864646, -37.0440748214311], [175.218850816152, -37.0443642854398], [175.218367463809, -37.044734835622], [175.217791852038, -37.0450351139332], [175.217390464099, -37.0451514692475], [175.217081329548, -37.0453381840294], [175.216605560478, -37.0455556740066], [175.21632563184, -37.0456437146906], [175.216178969152, -37.0456789835624], [175.215883909551, -37.0459035460825], [175.215483658303, -37.046056006685], [175.215041885649, -37.0463174581856], [175.214551655174, -37.0464716864871], [175.21397031275, -37.0465916612106], [175.213487796681, -37.0467178979168], [175.213121337472, -37.0467892526864], [175.212718794174, -37.0468695711421], [175.212549108169, -37.0471976613039], [175.212335622886, -37.0475627932065], [175.211871999278, -37.047790760968], [175.211761010774, -37.0478990668618], [175.211072227888, -37.0481318617548], [175.210379320373, -37.0484272637203], [175.210063365294, -37.0485620044109], [175.209803434353, -37.0486241572246], [175.209132185727, -37.0487459641245], [175.208965802807, -37.0491822063389], [175.208707260484, -37.0495482595621], [175.208355326213, -37.0498078329859], [175.208234064119, -37.0502432339011], [175.207732777038, -37.0502251770665], [175.207526543824, -37.0502849715457], [175.207111781974, -37.050338015976], [175.206485364003, -37.0504588835642], [175.206221213209, -37.0506446415685], [175.205868130038, -37.0508681881146], [175.205509138854, -37.0513618023229], [175.20530710303, -37.0516371409381], [175.204903387722, -37.0516814122295], [175.204407042808, -37.051600533309], [175.204110552611, -37.0516205530441], [175.203687346396, -37.0515839960042], [175.2031457453, -37.051608566407], [175.202649780818, -37.0515824582677], [175.202107784386, -37.0515195378101], [175.201968719405, -37.0515168046743], [175.201650236795, -37.0514817185761], [175.201430687864, -37.0514627280616], [175.200992426903, -37.0516752258703], [175.200500808034, -37.051950435368], [175.200144296538, -37.0520658100844], [175.199703477309, -37.0523633206566], [175.199167102315, -37.0524823893931], [175.198764512046, -37.0525626600484], [175.198494573301, -37.0525680256089], [175.197872390346, -37.0526150615582], [175.197644447183, -37.0527294877426], [175.197156401762, -37.0529556883928], [175.196842652578, -37.0529980850822], [175.196541267895, -37.0534370821104], [175.196100518449, -37.0537345800307], [175.195349472008, -37.0540818820097], [175.194941049899, -37.0540825050163], [175.194420034149, -37.0543621074326], [175.194096459812, -37.054424142207], [175.193516244269, -37.0545801298397], [175.19309761544, -37.0549444247797], [175.192950539499, -37.0552047606222], [175.192591836585, -37.0552480676896], [175.192231877198, -37.0552832874372], [175.191860673133, -37.0554109823652], [175.191480662687, -37.0557032850168], [175.191284407077, -37.0558529761627], [175.19114666397, -37.0559350859481]]}, "properties": {"OBJECTID": 2799, "TRACKNAME": "Upper Mangatawhiri Track", "CONDITIONSOFUSE": "Hunua Ranges Regional Park", "STATUS": "Open", "WEBLINK": "https://www.aucklandcouncil.govt.nz/en/parks-recreation/find-park-beach/park-detail/213.html", "VALIDATIONSTATE": 3, "created_user": "AC_owner", "last_edited_user": "AC_owner", "last_edited_date": 1789875254325, "created_date": 1789875254325, "PARK_SAPSITEID": null, "TRACK_ID": null, "KAURIDIEBACK_TRACK": null, "KAURIDIEBACK_MITIGATED": null, "SegmentID": null, "GlobalID": "cc38eae3-e172-4839-a31c-29d37a91284b", "Shape__Length": 3323.503556279407, "_COUNCIL_TRACKNAME": "Upper Mangatawhiri Track"}}, {"type": "Feature", "id": 12272, "geometry": {"type": "LineString", "coordinates": [[174.563325293622, -36.951824073054], [174.563465006524, -36.95170181029], [174.563593863514, -36.9516094900773], [174.563717168482, -36.9515363200589], [174.563941281, -36.9514522839052], [174.564100806065, -36.9514066586422], [174.564240101406, -36.951383502808], [174.564391101029, -36.9513734578529], [174.564486479953, -36.9513727599058], [174.564599665692, -36.9513712683818], [174.564645260102, -36.9513629338862], [174.564702348096, -36.9513273801698], [174.564754342648, -36.951278364197], [174.564769621128, -36.9512330409374], [174.564808383995, -36.9512119250483], [174.564823971056, -36.9511498505143], [174.564836997376, -36.9510800851051], [174.564842606505, -36.9510007459003], [174.564826258268, -36.950908157722], [174.564795895342, -36.9508370262605], [174.564735762951, -36.9507237611374], [174.564681012018, -36.9506374837788], [174.564621433382, -36.9505512700131], [174.564557077736, -36.9504670480677], [174.564509744261, -36.9503903444326], [174.564481795757, -36.9503191810644], [174.564485861188, -36.9502823972176], [174.564518656538, -36.9502374921387], [174.56456820837, -36.950186579531], [174.564601201434, -36.9501513433791], [174.564650239003, -36.9500752986821], [174.564675894203, -36.9500343634885], [174.564694251053, -36.9499896576535], [174.564703014208, -36.9499470071525], [174.564716079926, -36.949879170128], [174.56474576068, -36.9497995136721], [174.564758707612, -36.9497258734716], [174.564767589435, -36.9496890261368], [174.564795421057, -36.9496364617745], [174.564822896813, -36.9495665059146], [174.564843260655, -36.9495024395056], [174.56486832226, -36.9494325064395], [174.564886283383, -36.9493684716907], [174.564909535583, -36.9493275681179], [174.564944427953, -36.9492671770164], [174.564974594082, -36.9492107150211], [174.565000011344, -36.9491581734202], [174.565020572788, -36.9491037759308], [174.565026735372, -36.9490514971393], [174.565028188781, -36.9490050761439], [174.565015045713, -36.9489511139104], [174.564992309314, -36.9488992160428], [174.564960166028, -36.948859042621], [174.564921131267, -36.9488344273032], [174.56486494505, -36.9487964996535], [174.564830873611, -36.9487795435147], [174.564733803814, -36.9487440925468], [174.564668628679, -36.9487372178272], [174.564581655224, -36.9487248346007], [174.564460740402, -36.9487012980868], [174.564332595125, -36.9486778477006], [174.564173543872, -36.9486741474564], [174.564036595883, -36.9486914188395], [174.56399720523, -36.9487086939501], [174.563929438288, -36.9487321385519], [174.563863779739, -36.9487603866168], [174.563808081489, -36.9487852946275], [174.563768273288, -36.9488019261856], [174.56373436238, -36.9488120353592], [174.563678202926, -36.9488143884236], [174.563641887345, -36.9488052041511], [174.563587408191, -36.9487914187838], [174.563534412077, -36.9487518440703], [174.563493089293, -36.9486943859242], [174.563445287908, -36.9486144611253], [174.563421569012, -36.948534219193], [174.563403275404, -36.9484249091657], [174.563401991398, -36.9483620924851], [174.56339080199, -36.9483058509361], [174.563367083258, -36.9482256089854], [174.563307181043, -36.9481426256115], [174.563225129222, -36.9480567069736], [174.563081791543, -36.9479184330799], [174.563020176334, -36.9478499659234], [174.562970662621, -36.9477845662883], [174.562947635564, -36.9477381430651], [174.562956619342, -36.9476864671827], [174.562965307018, -36.947620301376], [174.562973950494, -36.9475525227209], [174.562972634106, -36.9474881020341], [174.562963191494, -36.9474189480318], [174.562941779425, -36.9473531784484], [174.562932600168, -36.9472969103814], [174.562912923089, -36.9472182195322], [174.562904073089, -36.9471780633924], [174.562876314256, -36.9470962610724], [174.56286450018, -36.947009417591], [174.562856310645, -36.9469032013003], [174.56283663376, -36.9468245104292], [174.562798805467, -36.9467412362094], [174.56273893785, -36.9466598564716], [174.562699889907, -36.9466152664935], [174.562525962879, -36.946453220056], [174.562430428309, -36.9463948704985], [174.562325328757, -36.9463591986811], [174.562254797104, -36.9463456238993], [174.562198376215, -36.9463350902765], [174.562098932671, -36.9462816231535], [174.56204402811, -36.9462469041168], [174.561976759366, -36.9461962314404], [174.561925731354, -36.9461550166447], [174.56182030338, -36.946103232423], [174.561749891491, -36.9460894574633], [174.561654994811, -36.946068351979], [174.561572724326, -36.9460694340242], [174.561524659846, -36.9460749064451], [174.561448505546, -36.9460807392427], [174.561388208476, -36.946076700912], [174.561307508901, -36.946056814568], [174.561258885461, -36.9460349019782], [174.56123438763, -36.9460142765572], [174.561223627643, -36.9459789766647], [174.561216623876, -36.9459307379687], [174.561227245452, -36.9458613199693], [174.561234516547, -36.9458241695547], [174.561253231118, -36.9457578719966], [174.561274196574, -36.9457028208198], [174.561305077545, -36.9456427989644], [174.561315841745, -36.945579823786], [174.561329064672, -36.9455393772533], [174.561344132747, -36.9454908483192], [174.561357158286, -36.9454407328124], [174.561357951538, -36.9453811156068], [174.561356899452, -36.9453295717899], [174.561331108442, -36.9452461297541], [174.561305777852, -36.945185242637], [174.561280414567, -36.9451227515269], [174.561215873215, -36.9450092088924], [174.561138832427, -36.9449715536188], [174.560972979189, -36.9449092961061], [174.560770669978, -36.9448314013028], [174.560542368898, -36.9447586790431], [174.560418748811, -36.9447006969404], [174.560309495181, -36.9446423366309], [174.560042233283, -36.9445445358297], [174.559910619566, -36.9444882626319], [174.559819371314, -36.9444427440138], [174.559748579089, -36.9444162817211], [174.55967956682, -36.9443785290309], [174.559592457911, -36.9443393915567], [174.559485287303, -36.9443005265254], [174.559422752155, -36.9442852315733], [174.55933309542, -36.9442643257847], [174.55925179216, -36.9442681426408], [174.55917191582, -36.9442885256903], [174.559104381108, -36.9443232494798], [174.559046915631, -36.9443594454355], [174.558997104869, -36.9443778201597], [174.558889479617, -36.9444020466029], [174.558817071272, -36.9444075761367], [174.558736899222, -36.9444134599276], [174.558662755863, -36.9444192645248], [174.558618547163, -36.9444166270051], [174.558535742034, -36.9443919351058], [174.558484826691, -36.9443555485876], [174.558455818823, -36.9443108163626], [174.558436409906, -36.9442450195937], [174.558427201546, -36.9441871380642], [174.558433916165, -36.944122611845], [174.558452206176, -36.9440353727011], [174.558484158032, -36.9439286201028], [174.558566409165, -36.9437293768976], [174.558597029188, -36.9436564787327], [174.55862808688, -36.9436045133638], [174.558706715611, -36.9435229268183], [174.558899354923, -36.9433238476464], [174.559036833653, -36.9431754367018], [174.559091840282, -36.9431167120454], [174.559133219056, -36.943057670565], [174.559179541326, -36.9429882886725], [174.559208391947, -36.9429266895755], [174.559219277672, -36.9428701576619], [174.559203690497, -36.9427946392475], [174.559198566571, -36.9427399309962], [174.559175379402, -36.9426854599394], [174.559134227466, -36.9426360560529], [174.559091624162, -36.9426140634846], [174.558996948622, -36.9426118273491], [174.55883467837, -36.9425707647247], [174.55867730298, -36.9425296376211], [174.558539324171, -36.94248040488], [174.558235871288, -36.942437309642], [174.557944884628, -36.9423898677541], [174.557798363919, -36.9423209253485], [174.557762034589, -36.942140472295], [174.557773713517, -36.9419463737779], [174.557706353523, -36.9418180928111], [174.557624236772, -36.9417481880744], [174.557443598254, -36.9415957131887], [174.557399660637, -36.9414347570226], [174.557428482784, -36.94128566383], [174.557359662466, -36.9410927563548], [174.557282639777, -36.9408935116913], [174.557166109307, -36.940727161888], [174.557000253164, -36.9405162736492], [174.556833508446, -36.940266638384], [174.556722963455, -36.9400097041901], [174.556947494902, -36.9396464421033], [174.557050178332, -36.9390397880821], [174.556963333384, -36.9379123892604], [174.557185184763, -36.9375093668133], [174.558400517781, -36.9369394115686], [174.558865931474, -36.9363425878745]]}, "properties": {"OBJECTID": 12272, "TRACKNAME": "Upper Nihotupu Walk", "CONDITIONSOFUSE": "Waitakere Central Regional Park", "STATUS": "Open", "WEBLINK": "https://www.aucklandcouncil.govt.nz/en/parks-recreation/find-park-beach/park-detail/204.html", "VALIDATIONSTATE": 3, "created_user": "AC_owner", "last_edited_user": "AC_owner", "last_edited_date": 1789875254325, "created_date": 1789875254325, "PARK_SAPSITEID": null, "TRACK_ID": null, "KAURIDIEBACK_TRACK": null, "KAURIDIEBACK_MITIGATED": null, "SegmentID": null, "GlobalID": "423a3735-d235-422d-bd8b-31516f66c0f1", "Shape__Length": 2477.8866820593507, "_COUNCIL_TRACKNAME": "Upper Nihotupu Walk"}}, {"type": "Feature", "id": 12209, "geometry": {"type": "LineString", "coordinates": [[174.489500615846, -36.9676845281759], [174.48975931988, -36.9675605479041], [174.490078001594, -36.9674103110795], [174.490334221587, -36.9673554817503], [174.490547904727, -36.9673183902872], [174.490674839808, -36.9672307748536], [174.490800432703, -36.9670743588988], [174.490817842308, -36.9668676885321], [174.490867740665, -36.9666778135539], [174.49090725616, -36.9665052741642], [174.490948054581, -36.9663818149777]]}, "properties": {"OBJECTID": 12209, "TRACKNAME": "Ussher Track", "CONDITIONSOFUSE": "Waitakere West Regional Park", "STATUS": "Open", "WEBLINK": "https://www.aucklandcouncil.govt.nz/en/parks-recreation/find-park-beach/park-detail/3451.html", "VALIDATIONSTATE": 3, "created_user": "AC_owner", "last_edited_user": "AC_owner", "last_edited_date": 1789875254325, "created_date": 1789875254325, "PARK_SAPSITEID": null, "TRACK_ID": null, "KAURIDIEBACK_TRACK": null, "KAURIDIEBACK_MITIGATED": null, "SegmentID": null, "GlobalID": "cf0aa713-51ab-47f6-a655-1d9b9e3d2bd1", "Shape__Length": 216.5159581031056, "_COUNCIL_TRACKNAME": "Ussher Track"}}, {"type": "Feature", "id": 12535, "geometry": {"type": "LineString", "coordinates": [[175.069639157919, -36.8105956809536], [175.069687079687, -36.8105375885292], [175.069731872472, -36.8105103643629], [175.069800332975, -36.8104552824604], [175.069802687245, -36.8104458057117], [175.069810852834, -36.8104129146353], [175.069817951801, -36.8103518637473], [175.069816775226, -36.8103120456746], [175.069736017326, -36.810231433996], [175.069704978085, -36.8101873904968], [175.06970514259, -36.8101857571727], [175.069639676066, -36.810094727791], [175.069639580755, -36.8100945600052], [175.06961002811, -36.8100367024395], [175.069611445343, -36.8100317223927], [175.069604862839, -36.8100158009849], [175.069604766499, -36.8100156782821], [175.069539366159, -36.8099630216304], [175.069538346951, -36.8099255451042], [175.069488006236, -36.8098959565085], [175.069452232417, -36.8098685171767], [175.069402209803, -36.8098482424951], [175.069375043525, -36.8098135618304], [175.069373800751, -36.8097714006061], [175.069393230457, -36.8097312256058], [175.069547034393, -36.8095186468101], [175.069555178171, -36.8094682933491], [175.069553725603, -36.8094190515238], [175.069547515406, -36.8093863575597], [175.069546004898, -36.8093783820743], [175.069545943533, -36.8093780595743], [175.069544426012, -36.8093700733953], [175.069538116049, -36.8093368376806], [175.069512273102, -36.8092815707386], [175.069522909045, -36.8092438876951], [175.069542294065, -36.8092060568403], [175.069540982555, -36.8091615534196], [175.069531478507, -36.8091289167972], [175.069545220945, -36.809098205339], [175.069561706277, -36.8090531766707], [175.069545732792, -36.8090091466235], [175.069529840361, -36.8089602165714], [175.069527625506, -36.8088852016848], [175.06950326621, -36.8088388219081], [175.069443472743, -36.8087575304584], [175.069410306139, -36.8087420195475], [175.069360540573, -36.8087335123016], [175.069322232029, -36.8087177763205], [175.069275625911, -36.8087186651222], [175.069202415697, -36.8087316348127], [175.069168101655, -36.8087322897803], [175.069167787298, -36.8087322709169], [175.069087972218, -36.8087194456939], [175.069059606678, -36.8086974888077], [175.069041216904, -36.8086992608886], [175.069038445853, -36.8086968377414], [175.068971726112, -36.8086816790641], [175.068971700567, -36.8086816461604], [175.068993985167, -36.8085924617517]]}, "properties": {"OBJECTID": 12535, "TRACKNAME": "Valley Track", "CONDITIONSOFUSE": "Onetangi Sports Park (Rangihoua)", "STATUS": "Open", "WEBLINK": "https://www.aucklandcouncil.govt.nz/en/parks-recreation/find-park-beach/park-detail/120.html", "VALIDATIONSTATE": 3, "created_user": "AC_owner", "last_edited_user": "AC_owner", "last_edited_date": 1789875254325, "created_date": 1789875254325, "PARK_SAPSITEID": null, "TRACK_ID": null, "KAURIDIEBACK_TRACK": null, "KAURIDIEBACK_MITIGATED": null, "SegmentID": null, "GlobalID": "6e1ec19e-c925-4063-88c0-986f5253f871", "Shape__Length": 287.597103499597, "_COUNCIL_TRACKNAME": "Valley Track"}}, {"type": "Feature", "id": 12730, "geometry": {"type": "LineString", "coordinates": [[175.068993985167, -36.8085924617517], [175.068994531597, -36.80859027559], [175.068994217499, -36.8085899331531], [175.068837022472, -36.808576699673], [175.068836432086, -36.8085763368076], [175.068806611386, -36.8085169694855], [175.068801417667, -36.8085135718227], [175.068743931584, -36.8085060612248], [175.068713691285, -36.80849998272], [175.068713362642, -36.8084998910983], [175.068559784281, -36.8084524393589], [175.068451159315, -36.8084113255391], [175.068324006257, -36.8083489675658], [175.068288526927, -36.8083278471948], [175.068279997961, -36.8083175936273], [175.06829801033, -36.8081959961272], [175.06829264887, -36.8081662021362], [175.068296189673, -36.8080401525102], [175.068271632497, -36.8078840330021], [175.06825992778, -36.8077683765854], [175.068260000699, -36.8077680039791], [175.068300005885, -36.807687320725], [175.06830001688, -36.8076872295019], [175.068284475253, -36.8076155550308], [175.06823198352, -36.8075049912834], [175.068213040306, -36.8073856662957], [175.068229664247, -36.8072747049134], [175.068242100112, -36.8071917189974], [175.068242888408, -36.8071864407591], [175.068243336974, -36.8071834496348], [175.068243449715, -36.8071826824653], [175.068255647813, -36.807101316724], [175.06825541943, -36.8071011602652]]}, "properties": {"OBJECTID": 12730, "TRACKNAME": "Valley Track", "CONDITIONSOFUSE": "Onetangi Sports Park (Rangihoua)", "STATUS": "Open pending closure", "WEBLINK": "https://www.aucklandcouncil.govt.nz/en/parks-recreation/find-park-beach/park-detail/120.html", "VALIDATIONSTATE": 3, "created_user": "AC_owner", "last_edited_user": "AC_owner", "last_edited_date": 1789875254325, "created_date": 1789875254325, "PARK_SAPSITEID": null, "TRACK_ID": null, "KAURIDIEBACK_TRACK": null, "KAURIDIEBACK_MITIGATED": null, "SegmentID": null, "GlobalID": "dc81a819-818b-424f-8ea9-90d1de31f4ba", "Shape__Length": 211.4953902236502, "_COUNCIL_TRACKNAME": "Valley Track"}}, {"type": "Feature", "id": 7762, "geometry": {"type": "LineString", "coordinates": [[175.081601129097, -36.7930996073684], [175.081647435235, -36.793140326948], [175.081647502639, -36.7931403744383], [175.081663629862, -36.7931496837587], [175.081664383015, -36.7931500175743], [175.081681588975, -36.7931568258115], [175.081687579353, -36.7931570084429], [175.081700176517, -36.7931535251563], [175.08177865229, -36.7931316049534], [175.082340933052, -36.792974529249], [175.08234095543, -36.7929745279558], [175.082410765745, -36.7929870762866], [175.082410770299, -36.7929870789108], [175.082430001686, -36.7930049925916], [175.082430008577, -36.79300499878], [175.082443333355, -36.7930183318327], [175.082443336788, -36.7930183344765], [175.082473332701, -36.7930333322581], [175.082473336062, -36.7930333321993], [175.082498328354, -36.7930233370093], [175.082498335001, -36.7930233341889], [175.08254166079, -36.7929999976168], [175.082541667438, -36.7929999947964], [175.08257666522, -36.7929850032542], [175.082576671892, -36.7929850013347], [175.082601665449, -36.7929833305513], [175.082601667714, -36.7929833314129], [175.082621669334, -36.793003325301], [175.082621676226, -36.7930033314894], [175.082651664469, -36.793024997212], [175.082651668974, -36.7930249980344], [175.082676664673, -36.7930283303398], [175.082676674779, -36.793028331064], [175.082704998152, -36.793028327928], [175.082705007113, -36.7930283277711], [175.082746654478, -36.7930241642377], [175.082824617038, -36.7930186894324], [175.082829988726, -36.7930183312464], [175.08282999776, -36.793018333792], [175.082851662185, -36.7930366608399], [175.082851665691, -36.7930366661863], [175.082858594352, -36.7930516732035], [175.082863318638, -36.7930572857839], [175.082903382415, -36.7930831579745], [175.082930002665, -36.7930766681893], [175.082930007121, -36.7930766672099], [175.082961666175, -36.7930616664494], [175.082961671751, -36.7930616654503], [175.083013336805, -36.7930700022651], [175.083079040498, -36.7930755730451], [175.083079047218, -36.7930755729273], [175.083163329958, -36.7930649966422], [175.08316334228, -36.7930649964263], [175.083220275219, -36.7930705901136], [175.083220284156, -36.7930705890557], [175.08326333065, -36.7930533319097], [175.083320581115, -36.7930339944074], [175.08345228005, -36.7929121511068], [175.083485001891, -36.7928800049954], [175.083485006274, -36.7928800013134], [175.083614993689, -36.7927983301317], [175.08361499812, -36.7927983282515], [175.083663326621, -36.7927883321393], [175.083663328885, -36.7927883330009], [175.083711665978, -36.7927999968692], [175.083746148938, -36.7927952996963], [175.08375015502, -36.7927959108712], [175.083784493002, -36.7928121679531], [175.083899390363, -36.7928689183021], [175.083983446088, -36.7928727230274], [175.083999670494, -36.792875395822], [175.084046904914, -36.7928875953277], [175.084094665742, -36.7928995764843], [175.084104664245, -36.7928558258522], [175.084106668601, -36.7928466686149], [175.084106670695, -36.7928466631704], [175.084133061825, -36.7928070794316], [175.084167989348, -36.7927702815956], [175.084190092997, -36.7927483619593], [175.084210097231, -36.7926800718562], [175.084295501293, -36.7926620997439], [175.08425795806, -36.7925849690148], [175.084295003043, -36.7925033328808], [175.084288336507, -36.7924116672101], [175.084288338576, -36.7924116608647], [175.084329995235, -36.7923566657492], [175.084330002832, -36.792356656603], [175.084385208032, -36.7922931851241]]}, "properties": {"OBJECTID": 7762, "TRACKNAME": "Victoria Reserve Track", "CONDITIONSOFUSE": "Victoria Reserve", "STATUS": "Open", "WEBLINK": "https://www.aucklandcouncil.govt.nz/en/parks-recreation/find-park-beach/park-detail/1019.html", "VALIDATIONSTATE": 3, "created_user": "AC_owner", "last_edited_user": "AC_owner", "last_edited_date": 1789875254325, "created_date": 1789875254325, "PARK_SAPSITEID": null, "TRACK_ID": null, "KAURIDIEBACK_TRACK": null, "KAURIDIEBACK_MITIGATED": null, "SegmentID": null, "GlobalID": "2a0e26c1-5497-4a7b-ace1-7984ef641915", "Shape__Length": 333.08792122921676, "_COUNCIL_TRACKNAME": "Victoria Reserve Track"}}, {"type": "Feature", "id": 361, "geometry": {"type": "LineString", "coordinates": [[175.287936823169, -37.0424435629291], [175.287983124973, -37.0424556086666], [175.288201044814, -37.0424743440514], [175.288211460566, -37.0424772424278], [175.288225708469, -37.0424793377572], [175.288235512066, -37.0424821803508]]}, "properties": {"OBJECTID": 361, "TRACKNAME": "Waharau Ridge Track", "CONDITIONSOFUSE": "Waharau Regional Park", "STATUS": "Open", "WEBLINK": "https://www.aucklandcouncil.govt.nz/en/parks-recreation/find-park-beach/park-detail/233.html", "VALIDATIONSTATE": 3, "created_user": "AC_owner", "last_edited_user": "AC_owner", "last_edited_date": 1789875254325, "created_date": 1789875254325, "PARK_SAPSITEID": null, "TRACK_ID": null, "KAURIDIEBACK_TRACK": null, "KAURIDIEBACK_MITIGATED": null, "SegmentID": null, "GlobalID": "44fef867-9fa5-4d30-bda4-045bf6fbabbd", "Shape__Length": 27.028353780925805, "_COUNCIL_TRACKNAME": "Waharau Ridge Track"}}, {"type": "Feature", "id": 1471, "geometry": {"type": "LineString", "coordinates": [[175.254014724277, -37.0526119591359], [175.253557562824, -37.0531071750862], [175.25321140536, -37.053448204409], [175.252878979394, -37.0542182515673], [175.2529537295, -37.054693714602], [175.252569447718, -37.0557033409861], [175.252294967455, -37.0564244927861], [175.251834399572, -37.0569109618758], [175.25179324556, -37.057484221393], [175.251695650062, -37.0581540302916], [175.251242709992, -37.0588788479589], [175.250547255664, -37.0594655466941], [175.249502545196, -37.0602979316275], [175.248572191401, -37.0609848413995], [175.248239688877, -37.0617548773037], [175.248575194754, -37.0629404975334], [175.248834476984, -37.0636029855227], [175.24885276592, -37.0641750172139], [175.248411948538, -37.0652811710688], [175.248276163756, -37.0666195751935], [175.247823144246, -37.0673443816002], [175.247662962789, -37.0679200852565], [175.247629385561, -37.0687316767701], [175.247710673951, -37.0688927105725], [175.247711462626, -37.0688942818047], [175.247713983554, -37.068899289974]]}, "properties": {"OBJECTID": 1471, "TRACKNAME": "Waharau Ridge Track", "CONDITIONSOFUSE": "Hunua Ranges Regional Park", "STATUS": "Temp Closed", "WEBLINK": "https://www.aucklandcouncil.govt.nz/en/parks-recreation/find-park-beach/park-detail/213.html", "VALIDATIONSTATE": 3, "created_user": "AC_owner", "last_edited_user": "AC_owner", "last_edited_date": 1789875254325, "created_date": 1789875254325, "PARK_SAPSITEID": null, "TRACK_ID": null, "KAURIDIEBACK_TRACK": null, "KAURIDIEBACK_MITIGATED": null, "SegmentID": null, "GlobalID": "a0933fdf-a44d-4c47-87f9-6384e007d65e", "Shape__Length": 2000.8232029963965, "_COUNCIL_TRACKNAME": "Waharau Ridge Track"}}, {"type": "Feature", "id": 2419, "geometry": {"type": "LineString", "coordinates": [[175.288423873285, -37.0422907294612], [175.288421281979, -37.0422937292178], [175.288417845497, -37.0422975618055], [175.288414312479, -37.042301362009], [175.288410724135, -37.042305079465], [175.288407071082, -37.0423087386879], [175.288404453119, -37.0423113000559], [175.288393385939, -37.0423219003871], [175.288382055141, -37.0423323706187], [175.288370495979, -37.0423426866382], [175.288358679888, -37.0423528706265], [175.288292985063, -37.0424069283186], [175.288259736872, -37.0424544387512], [175.288256814576, -37.0424630397746], [175.288256278552, -37.0424639468493], [175.288255906233, -37.0424646146408], [175.288255519105, -37.0424652385575], [175.288253547022, -37.042467930756], [175.288252616523, -37.0424689175415], [175.288252318062, -37.0424692369314], [175.288252242912, -37.0424693176904], [175.288251645546, -37.0424699042069], [175.288251304778, -37.0424702748824], [175.288250458221, -37.0424709869731], [175.288249978284, -37.0424714405442], [175.288248923665, -37.0424722251438], [175.288248568388, -37.0424724870495], [175.288248437734, -37.0424725914105], [175.288248225066, -37.042472735206], [175.288248030377, -37.0424728786546], [175.288247687827, -37.04247311508], [175.288247071364, -37.0424735523596], [175.288246155281, -37.0424741206926], [175.288245699678, -37.0424743737194], [175.288245354583, -37.0424746002803], [175.288244635073, -37.0424749755604], [175.288244368418, -37.0424751185951], [175.288243799557, -37.0424754188692], [175.288243289154, -37.0424756441138], [175.288235512066, -37.0424821803508]]}, "properties": {"OBJECTID": 2419, "TRACKNAME": "Waharau Ridge Track", "CONDITIONSOFUSE": "Waharau Regional Park", "STATUS": "Open", "WEBLINK": "https://www.aucklandcouncil.govt.nz/en/parks-recreation/find-park-beach/park-detail/233.html", "VALIDATIONSTATE": 3, "created_user": "AC_owner", "last_edited_user": "AC_owner", "last_edited_date": 1789875254325, "created_date": 1789875254325, "PARK_SAPSITEID": null, "TRACK_ID": null, "KAURIDIEBACK_TRACK": null, "KAURIDIEBACK_MITIGATED": null, "SegmentID": null, "GlobalID": "3cb08333-6151-4902-b799-5f1309ca15b2", "Shape__Length": 27.312268111318524, "_COUNCIL_TRACKNAME": "Waharau Ridge Track"}}, {"type": "Feature", "id": 2802, "geometry": {"type": "LineString", "coordinates": [[175.288423873285, -37.0422907294612], [175.288487936905, -37.0423015589414], [175.288490074541, -37.0423012725524], [175.288497892763, -37.0423003375984], [175.288503732455, -37.0422997084936], [175.288511598676, -37.0422989492549], [175.288519511193, -37.0422983089869], [175.288527402397, -37.0422977826857], [175.288535322529, -37.0422973585667], [175.288543255274, -37.0422970549696], [175.288551148459, -37.042296856679], [175.288557719519, -37.0422967713232], [175.288584860687, -37.0422984591681], [175.288604418663, -37.0423020570777], [175.288654245082, -37.0423177341112], [175.288662284709, -37.0423210640358], [175.288815056422, -37.0423609981929], [175.288895830314, -37.0423681622364], [175.288900901678, -37.0423682292776], [175.288937880353, -37.0423659149261], [175.288958519483, -37.0423622747981], [175.288970561761, -37.042359548632], [175.288982868569, -37.0423565713209], [175.288995088373, -37.0423534298602], [175.289007250888, -37.0423501029478], [175.28901936329, -37.0423466048652], [175.28902846127, -37.0423438472047], [175.289040462329, -37.0423400484533], [175.289052354128, -37.042336093192], [175.289064160873, -37.04233196383], [175.289075882726, -37.0423276657716], [175.289087525412, -37.0423232025113], [175.289095585752, -37.0423199980344], [175.289127206488, -37.0423042603758], [175.289142952043, -37.0422937850637], [175.289198175301, -37.042245249059], [175.289202094809, -37.0422410673583], [175.289282160737, -37.0421693946358], [175.289297469914, -37.042155023567], [175.289311563121, -37.042136290549]]}, "properties": {"OBJECTID": 2802, "TRACKNAME": "Waharau Ridge Track", "CONDITIONSOFUSE": "Waharau Regional Park", "STATUS": "Open", "WEBLINK": "https://www.aucklandcouncil.govt.nz/en/parks-recreation/find-park-beach/park-detail/233.html", "VALIDATIONSTATE": 3, "created_user": "AC_owner", "last_edited_user": "AC_owner", "last_edited_date": 1789875254325, "created_date": 1789875254325, "PARK_SAPSITEID": null, "TRACK_ID": null, "KAURIDIEBACK_TRACK": null, "KAURIDIEBACK_MITIGATED": null, "SegmentID": null, "GlobalID": "e5410cba-9bce-4be9-9403-1db9b662702f", "Shape__Length": 90.29261492444793, "_COUNCIL_TRACKNAME": "Waharau Ridge Track"}}]}